dgp1,dgp2,dgp3,dgp4,null,death
16.139262821580893,26.729426722280717,22.888161258668656,35.098830448850634,18.557501972979566,0.0
11.899854697681626,23.017813428218606,18.232769419122313,33.6433957930233,14.561730298433163,0.0
12.943148479884503,23.849967361790963,23.24710843319216,31.405951966525006,15.252092709309547,0.0
12.286338178934875,21.85695410581207,21.442065573519546,28.974356386220983,14.303323166518865,0.0
14.655375689824641,20.367513480032592,22.96636755342619,30.1796631282756,16.495843593031857,0.0
14.851139446376582,18.89301522574525,24.288852401026297,29.835634667132474,16.652595939396342,0.0
14.687778312007637,21.172417739572737,23.845928505049244,26.52088004114413,16.54329714645315,0.0
18.39628492738234,23.710530070348327,26.135929560978255,26.24529064909018,17.17771151895458,0.0
20.568546075250403,27.416334913535753,26.409418197424237,28.161863977877722,18.213218228955558,0.0
23.06162671489221,29.161376384957336,28.677689322774224,32.16139759874984,19.978678879283024,0.0
22.68553780737571,26.84444512575962,28.83283927453071,29.672451632163288,21.455033941158863,0.0
23.033527812391252,30.09046636738504,31.527441009635787,32.72185060537407,22.907061705248143,0.0
22.40598067001606,29.53076658347779,31.630808749551345,31.73540548066328,23.787320663256416,0.0
19.976419067043672,26.541777954972574,30.969867919442567,30.314086439469015,21.024886697601424,0.0
21.420837124110143,25.042569375947778,30.160330333198793,31.111652026731164,21.268423116364826,239.0
21.664025447426024,23.19743279045651,30.442134358349456,27.069003218215745,19.908014944892507,176.0
22.635571527549125,26.545676176985452,32.11686078688738,32.00192872077824,23.395612634163747,152.0
20.958903093790294,27.888996725154445,33.85597232243843,30.976059894151835,25.569378413575496,186.0
22.419558908953405,29.69934860748478,33.70074202446253,31.08017049938767,26.877921191952478,217.0
21.705203600760203,30.097147867657462,31.07717946885548,30.20433759858087,26.546300925246218,226.0
23.960229426158584,27.735493276422673,32.013549691210855,30.34729098644076,25.110235040970597,222.0
21.5926434742221,25.73483366895261,30.717469677825385,30.737395996461746,24.74016633964734,231.0
24.687756865026465,26.903753377085266,31.319086151944262,32.85000927547284,25.53105941771815,260.0
25.067323390119398,25.73516415449282,28.657881321929366,33.1253640940647,23.540972441046655,219.0
25.5977543291482,27.643698657830175,30.251893884401763,32.88940365008846,22.96023534585633,213.0
26.818099332244,26.96828142166166,31.100130680562796,30.348627741550807,23.15222830114034,254.0
24.989814859314556,27.134976369890644,32.19361005705953,27.566338406113545,22.94614927348279,241.0
25.844202717280865,27.00063761224498,31.9008509749241,29.18870612175356,22.158723001481697,222.0
22.82335576115865,27.134973856309394,29.720704993234794,29.575707802553403,23.59829067609134,205.0
27.168381021762055,30.2997288013956,33.415706678543614,31.420481943156958,27.49082536327168,256.0
28.628156532082116,28.243737887557245,33.00367510926045,30.129460065239222,28.055352344135162,303.0
32.60168477197523,33.31956694527791,35.5491296786622,31.671283946118724,28.847665073008365,350.0
32.238025219506085,31.619959051486198,35.34530259867416,33.21332919569152,28.600896544180824,355.0
29.560304478144303,31.75966758446281,34.03862011436942,28.572430357646443,23.719017796349696,349.0
30.92719167536594,33.161947785628726,37.65994582722316,30.677849080569285,25.100173217713646,343.0
33.20409640283965,36.59719327072509,38.02023287223434,34.2762839764402,26.85248729601066,330.0
33.122810837111786,36.496027455418655,38.982187773340705,32.56249210389669,30.991480814998784,377.0
32.88793308360024,36.4342811423521,35.503268314905576,32.77214397441394,31.870648052352806,363.0
32.642035025063485,36.84972388214384,33.860061357678674,34.005788560349025,33.86001357348644,428.0
35.09505031790448,34.18468252736552,35.924715279578244,32.61860519743342,31.068827903854476,442.0
34.35871696230113,34.00194645512472,33.90173411815343,31.639894730121217,32.029366963576365,501.0
34.32924255103536,34.56489163275256,33.29140616423507,31.737483647712182,29.02293737997148,555.0
33.18608400144932,34.2221259744215,33.76956886727345,30.703712531227485,24.897466773617623,585.0
32.239696773122255,32.91660449390913,31.982816309835606,30.072481624148523,25.69077820507123,577.0
28.62930422805843,30.012007852310084,30.703643242839807,28.35642149156402,25.05769763934137,534.0
27.46461565448652,28.430524272641815,26.88526786347184,27.467607920258352,23.952047735717755,310.0
27.266640280018642,27.175024215023477,26.10003799760048,25.586142272713648,23.34684776778237,180.0
28.918871370836058,30.079226769945482,29.41573786000311,28.70061548247775,24.78732309515744,175.0
24.048594726980372,28.573275416090134,24.73952787088462,25.143525515681898,22.593308103244347,131.0
26.505535159143434,30.565995759162995,25.970562242482085,27.905032966429008,25.6817854059728,129.0
27.168458399655947,32.56443001925009,24.783942340242845,27.128307675008678,24.24415852723497,155.0
30.007324836282155,32.46611028069984,26.14124351631376,29.222275815846032,27.800328755892473,203.0
29.892388025388158,33.609225633855,28.984906653901614,30.89033136243077,29.538136308100604,264.0
30.02176635425266,33.56613989219862,29.684564807645803,30.21097436944612,30.840894997343277,352.0
28.82373463393833,31.18787683022637,24.95721805415724,28.188627427978638,29.604606977273416,352.0
30.76646664259277,30.438159292551553,27.10146417491189,27.39668051643204,29.687341010405724,284.0
28.32292712081836,28.21998992644132,25.110857365302145,24.769678873112927,26.432423966726525,174.0
28.82319853341716,31.104173701679763,24.3123929306289,22.069247693074526,25.191069433294025,141.0
25.917215011111203,32.400900022403974,22.176468337182484,23.222821653324566,25.157030415327537,130.0
26.64667122360051,29.98788679328333,22.406416729304972,23.317301578823535,27.595197869815028,153.0
29.114623210120293,30.04583114767702,23.736857954829755,28.061567399125842,28.920929558741555,154.0
28.07645045050937,32.0520177992366,26.527943730592856,29.51042857827698,31.486295972698176,186.0
30.7106738411577,32.78838750944254,26.58622351548583,30.539454517897013,31.470341529737556,247.0
33.28070489683248,33.862266710648946,29.44839600807852,33.31040388604778,34.48605486842631,302.0
33.17382448955144,32.954445769540676,29.316590705879115,30.948495730308984,36.21239241938587,359.0
33.42858216780629,33.66805470439367,31.002369483354077,29.987144670564874,35.71886941391838,437.0
31.82234046768735,32.0661339002162,30.99284288763805,28.720514939318036,33.419377009479554,493.0
36.216861233206515,35.44276947580912,31.292295167970995,28.452415561604774,33.629520454595834,511.0
34.74754033177254,31.55778636192387,31.112203452111373,24.729934765598564,30.715129128123554,468.0
36.156047182490326,32.88472503312258,31.048500013692898,24.392594189380688,28.995464513175055,376.0
35.96220863200368,29.287342792516476,27.46500272995223,22.096636330647506,27.932605707867562,249.0
35.17172401541496,28.947775558975096,29.457501941087855,23.818019328251342,28.455132090037722,193.0
35.451543951057054,30.16041667279653,27.931976231587267,24.044989837316262,28.203644119979263,144.0
36.84225085383606,30.209410301447623,25.8428899359133,22.294854303805142,28.95808360413475,178.0
34.11885987640418,30.184828630346416,27.072058531173614,22.316833773583728,30.261047732036733,156.0
35.5851330090964,31.202486538500647,27.4158930404522,23.452396042425043,29.852742462732103,145.0
34.48643419291624,31.491837305424422,26.13370646363895,20.699578874575288,26.05945186524302,131.0
30.45157166570459,29.944228679114033,24.26752910387632,19.335327900843023,25.092219870212,165.0
32.23301266362309,29.728544203120585,25.519463979355084,22.791270504958536,28.84410907322305,168.0
31.895780571965513,30.237947615563833,25.06962364533572,22.157983419692954,29.22602757183728,145.0
32.493032940198034,29.324582150561845,27.585804786097395,21.920372650613395,30.827115568396508,132.0
32.20908128087595,31.256892813851728,28.483847144162066,24.167895803612307,33.85046345402729,128.0
33.19589974702389,30.783475548695233,27.46851503468686,27.852394354040825,32.297652919870124,153.0
30.917924913765056,32.39454294014519,27.097710696467168,25.958034948577968,31.286722885466332,223.0
31.69775668060872,28.77719326580001,27.335206255397384,23.05145070829805,33.87353066033769,164.0
34.49219077219555,32.03817216005949,30.419257249645067,23.233975204156135,33.86511137096174,159.0
35.30377554824209,30.534940576037705,27.943479420242305,22.340037211668317,30.209106137933738,189.0
34.75275364321152,29.573559432157957,27.213515555934247,22.367239075562274,30.752835166287454,146.0
37.55148069699506,29.154338482697074,25.42309049580677,24.038177082836498,30.691490372730115,135.0
34.98673124965541,29.18354093026356,24.412482843981063,25.291943983836198,31.85250691161486,129.0
39.24711158696495,31.09816744757093,27.60954161157192,26.28774141272144,35.34692071567662,158.0
42.633700112329905,34.83636923527294,29.554331439237597,26.70867115634953,36.060730645594866,167.0
40.19672892726411,34.065160954426474,30.93912889951292,24.502665391963482,35.92460543652482,235.0
41.8228787303437,32.416772721562715,28.271603647294352,24.545499913640747,37.25879033175981,243.0
38.86373073012934,33.48492476071354,26.233288807627616,24.895303735410423,34.22155794930098,235.0
38.01883966984374,34.88232559475823,26.912548045529142,22.82487876442929,32.317238159766426,198.0
33.29288646741954,32.00014001977484,24.423927883179452,22.029783851458088,30.610552479299308,212.0
31.23220455955922,32.30755303870666,26.43026002814008,20.858818215724646,30.957518404156428,163.0
30.127444879170405,32.480235542848476,24.5576378118839,20.37383646867454,30.208675733947764,190.0
28.738194731302656,28.651389493264638,21.534798512098224,18.810737309997837,31.68847855172072,151.0
29.015363926578395,30.60487139636298,23.69635720251596,19.247284609021115,31.31281173062423,140.0
33.18243646220997,29.562538825418144,26.100396872797038,16.107716231773917,32.17462636016907,127.0
32.26577661392231,32.24590195615088,27.69749523313826,17.393185969279664,34.84996139459484,136.0
34.15766230895298,33.150349778443676,26.63811322019443,17.121222610273993,34.128246317253435,159.0
31.745888953731757,27.916954859139267,23.043834770595417,14.131245532061964,32.42284897458442,151.0
29.642964603375052,27.253665212718083,21.583408673597372,12.70985395038532,29.52150799909695,119.0
30.403985219497304,27.07577017844402,22.837585554227967,14.736927556248641,30.104925096667138,123.0
32.121452549972716,29.33363298253382,24.855315744027102,16.127723630740313,32.42949996572528,118.0
33.59123735006627,24.7521351870303,23.830372981333117,18.697787353991487,31.12963272029882,95.0
36.1963263257181,26.705773492832822,27.31961802754371,20.87450906322437,34.79500650740713,96.0
35.52621573871175,29.312595230127876,28.544749138271577,22.51664743771043,37.72255262321596,112.0
34.01997647604533,30.13923879713714,29.691312033967826,18.867736971693898,35.70706153817094,121.0
33.5428189090135,28.931212590245096,24.24018785368094,16.76197120227234,32.21763946697694,136.0
30.060903860925105,29.68827998013076,23.778383451523844,15.93106471140577,34.52297850928904,130.0
30.479793255266507,30.658556981576535,25.470721141841846,15.665141326807213,34.41520215689404,139.0
29.318373404829554,28.326721571418453,26.992737917732,13.778660909651881,32.64473718586592,157.0
31.445124562329163,26.93228002097207,27.826096859053383,13.652259535384916,32.739930005212116,126.0
28.503429148889182,26.49373112139289,26.666174855670715,13.010055998876705,32.05082640658647,102.0
30.195057712982763,28.582590052709918,27.756020616963635,14.560316916879659,31.581144087191916,110.0
34.81153101446024,31.27691488155428,30.154977359372186,18.79060045822913,36.214601656778214,115.0
34.34362822965066,30.775895511448677,27.503264772798737,20.977559634154897,38.66151987081898,166.0
33.763421412096996,30.13838557184586,23.163750568563028,18.34225911980173,34.929120169259434,159.0
27.076087194373645,26.2205014743608,20.070607346813862,13.546538975840186,30.862682332039103,128.0
30.18724286260574,31.534140589938346,25.159362083533605,16.167905820444037,34.810744499497005,143.0
31.188807765765937,29.04641090715333,27.322918152982904,17.22379874204088,35.84251160250111,138.0
27.858610931589755,28.158600807220807,26.185826142007443,15.668245901457757,34.09137538392733,105.0
25.67325131574066,25.183073186260252,22.107800645565852,12.611547433460018,32.3104146920467,102.0
29.40668654884495,25.079704291846397,22.58253228317535,12.942363650405708,31.507774983080843,104.0
30.317196725808657,25.591147598273743,22.14561772547205,13.316521578111104,29.67775664701405,93.0
27.487617554250946,26.906929362913523,21.361326561943297,14.803468720384284,28.983225916846703,87.0
25.456222424650324,27.05568725193088,20.11526006771572,13.552110987887767,26.090650351725014,83.0
21.722767131333867,23.633707205184336,17.159977353142732,9.54775010277493,22.663828496905367,66.0
22.749788845355447,25.121911586885243,16.258659085666242,11.73186628067965,21.967399180046506,81.0
20.086893802346562,20.053629697678293,12.179233469269949,8.66805659169168,18.4079784606749,65.0
18.43733258599835,16.77170254885127,10.110229078888079,8.703926327119218,18.51827615078769,81.0
19.176465528272203,16.496805462985886,13.200357869823847,11.167524520017107,19.444987124303992,62.0
19.985744139743264,19.593871702093196,11.298212176790258,13.090839713737095,19.94894991846897,70.0
21.934272269245852,19.071898860588245,12.887405040710188,10.46511529826925,18.086951849449832,76.0
22.054272344834754,19.898104105569153,14.892460335906607,12.143248894178626,20.727571223816554,70.0
24.22540936131498,19.085503966917955,13.298433077636941,11.059249575060285,20.672348011196384,79.0
24.321570366947256,19.463642417443914,12.480889467711688,11.119125077239199,24.025199486605807,75.0
25.0889196051287,18.749704621328288,12.95397351100531,10.528203653655156,26.216023467665224,93.0
25.69865516109188,18.29336268493917,14.825697226069218,9.38156447564621,27.392259716333093,114.0
23.177062923032967,15.098930599224932,13.440700702752835,6.7915303111917185,26.507607763384332,115.0
23.385313471347814,13.160114320947734,12.645432712271095,4.339060118828348,25.057563124508768,92.0
22.790083278372425,16.13275308313294,13.594548386904863,5.180909636399638,24.962773376887085,96.0
24.452557225948173,17.851294376809925,12.759606133575447,5.805725648193025,26.38011248272065,108.0
26.25706206249259,15.56053683544548,13.353007197614243,6.219516228670592,26.136438700544545,112.0
28.339448591497042,21.190000717329852,14.792939995264707,8.793564237175614,27.18455330190712,116.0
31.062463190782772,23.324203305809824,16.611323102224056,11.478840385211301,31.69971630038274,143.0
32.08387774676569,21.750100516620105,17.090231214867213,12.026993385700562,31.360377552774395,148.0
30.459136320397487,18.71821003249351,17.37931390570069,11.44030036915239,32.160894645897976,158.0
23.77115890047578,18.370379781888552,12.949775030368647,9.104158058238944,30.437657640014933,145.0
22.029320100359257,17.854514256792147,11.734160130427835,7.28203235539636,26.134797236963294,142.0
22.69774354963471,19.251737068716242,15.818621256616574,7.631515672038766,24.363656672936543,138.0
22.27440909365769,18.86230938379213,13.852555517870574,5.834965420043865,22.79416277784639,126.0
22.501412500705033,18.9162163515954,14.561814903375504,7.293531749135157,24.502316869560865,125.0
25.500946986205303,18.464469077488886,16.28196684948446,8.359326090437841,23.66082942632241,116.0
23.365908167918185,17.6064091749057,18.583194810150744,8.633423016642654,25.165320478525604,99.0
19.21830177529273,19.48493546032561,18.832997531844764,10.39105657541713,24.371431695731417,88.0
22.043796841603502,19.521244333712914,17.681619087590327,13.03115650524269,25.43965886315619,102.0
22.067035175398555,19.99692376178619,19.409133890785107,16.189477737318434,26.72251140058725,102.0
21.51519186823366,15.669459880550516,16.876485552149635,15.209793411963581,23.466598263818653,116.0
25.624651118519157,19.61717872561148,19.743581450908792,17.91573725383777,26.813321082990626,135.0
28.11240670277713,20.919681460180623,20.147043183544433,19.258542783087243,29.169796954407865,128.0
29.66828444495482,21.952523306506485,20.7464425954935,20.290730609383857,28.72806243016734,138.0
30.922809844531912,22.895219817485618,20.398774113072438,18.875566456069997,30.19462715877247,113.0
28.301597246012967,18.777296742802726,17.100455594815607,17.528293100500967,26.799009183990222,124.0
27.55816769116424,17.473251642437223,16.595550063824604,14.621578888891769,28.37186289703773,138.0
25.30365610998305,19.374853641458248,16.497685640392117,14.264071087353784,26.503739614851373,108.0
19.98168934193629,16.775510806957076,13.576574969019081,9.23880291165774,25.25676863986662,91.0
24.5984003510847,18.215437714299263,13.225528260152686,9.591730257471372,25.741162463373087,100.0
23.20280141551173,16.989773673349422,14.849780293780373,10.829988796924635,25.906371074195263,71.0
21.845194789513602,17.551788343980196,13.523498128399062,9.551569308136033,26.79144462002925,63.0
20.553580864930556,13.705576297072092,9.028362710489619,4.053619511348803,22.892179024473776,69.0
19.757509004169737,10.807746130849722,6.941466031830206,3.078824853195181,20.626743168669645,71.0
19.4893903957313,11.142589274512183,4.596091316879059,0.6932203596583069,19.7701166133525,78.0
20.403089213547105,12.546229088504624,3.3074843517932777,1.7144087931681113,19.49452768238392,86.0
20.307764133871334,14.329371591617553,8.099119353396103,0.19247590989976437,19.781588643894356,84.0
21.87308420341816,14.280251592916986,9.842143204268966,2.6841129347747748,19.066865330298715,100.0
21.28923251004769,14.07551050065067,10.338816915140633,4.70195638406632,18.87667487161161,101.0
19.433088594175924,14.580709945496285,8.088779955259538,4.210432358550975,18.712647678844256,116.0
21.429530049414478,13.99769207250577,8.005290078628967,3.1147069550078346,19.138975185401296,109.0
23.327000077084218,16.28100575192882,9.444697861804777,5.807909011700499,20.75110112088171,137.0
23.729888050311924,14.68074627416316,10.648854167259438,3.6376522476012916,19.618700187787717,141.0
22.6688099181719,12.739709594210087,9.324222276669552,3.4645512235422267,16.43468823761039,164.0
18.67209067710608,10.909636935653655,7.608236822667651,-1.6043089140380804,17.154614679292084,165.0
16.26020147733123,11.45342271219013,9.14240665097354,2.6116410957062453,15.846622012903532,139.0
15.43106423997114,10.695537624251298,6.915890147470077,4.200167770052248,13.987653707307443,182.0
12.413062241171948,6.5082890744067035,3.396594552594701,3.3177718822161752,11.458650994207858,171.0
15.030974631865597,7.284608676299962,5.8024731245198495,2.975950695347117,14.163955417325752,159.0
14.821141514487937,9.941909151429568,7.269182109846005,2.5871508307740996,14.814736541607797,171.0
17.56949273915729,10.498306465023386,8.833138036988403,6.0806547376726545,18.125911579171504,133.0
18.227192673168982,10.684404902014574,9.636849206752125,8.60473280889112,18.42711048057085,150.0
16.923366315382008,8.93472314298143,10.743438646036397,8.318425679827403,17.75527344128607,151.0
16.52227220554539,9.065068437490275,12.209319204689983,6.613293143803215,16.847251256732985,142.0
15.778648275362588,6.869115225503901,9.250394347613184,4.471941196111448,14.76844835287023,149.0
16.13748451048212,5.941062229886032,7.3237243759121515,3.7270926505173883,13.037957732080502,166.0
17.876318465904284,4.412659547891254,7.247935019794173,5.2063766977018595,12.69289403179754,190.0
17.068511174154423,8.321035192761562,7.444625170966725,8.871340867997272,17.42756450851453,197.0
15.558502382688342,7.738745668801353,8.962386749971838,7.553118474561252,14.20232732999717,168.0
16.652249609992126,9.147572838674874,10.110501929496166,7.585613671810355,19.235760800903858,182.0
16.227019187207887,9.611296613387594,9.549672775541698,8.87838363429912,20.27468014822231,150.0
15.697938315502132,7.379596551403449,11.488259406412979,7.74796417202855,21.484008952384134,151.0
16.06574837095203,9.11468455661659,9.971756460352644,10.482490903293602,22.704238389784344,146.0
18.469634921617196,10.995692854284634,12.038801686832903,12.079432445583873,22.47462141465529,153.0
19.515155516179618,9.09887807743346,11.124925869618632,10.590102953886042,20.706186421412006,156.0
21.13597763691717,11.325661692109389,13.270320470732038,13.268790017844813,23.57203577145212,187.0
16.76947627879643,9.424046780593411,7.941524215352699,9.700177294441838,21.039430577089142,170.0
16.604860415723433,9.25881372904504,8.04478288944971,10.313901330093623,18.617586579745094,187.0
16.41854181048565,9.746193854155953,10.361544365786688,12.62080022325056,19.121208029754147,176.0
17.076992192038333,9.876429432342855,12.490549946062615,14.267615403651604,18.781830266940027,179.0
13.252836462475132,7.111250653778631,9.731215302396555,9.635504250520917,15.855494081315081,134.0
11.714788704137355,7.4718454600464606,6.87001219467667,6.825723325826223,15.805931871244486,168.0
10.634075798446675,7.282103003630853,5.814372066462129,7.966448195518345,14.73857126728613,153.0
10.892770371964705,8.050752372015625,4.438707210783059,7.745473169932577,15.430912001733317,184.0
10.217366140444852,6.455751639312962,5.4638122530047974,8.061816831458664,14.980341858968925,160.0
12.804791434420952,8.60827490216719,6.126724688233493,10.648348364438212,15.801529825507632,166.0
14.498161594941077,8.593450454142648,6.688435945636688,13.108614845645565,14.488562509502023,151.0
14.694333513527846,9.852947373922762,8.251423874182958,14.41282893372246,12.413697502811475,142.0
16.22457477404894,9.278329399421501,10.407028337108281,14.381660679339324,15.167831505000759,186.0
16.276798294327428,9.476221770212486,11.4493423461086,15.274814344375503,13.473017812736002,149.0
14.71463875563497,5.33906238290748,10.164005916779448,12.704218274945442,10.946391943923087,188.0
11.466061210463367,5.272635698054323,6.708013925435253,10.363909531873702,9.74767300353837,217.0
10.902759020400016,6.008447418637973,6.766115746818417,11.929962335144475,9.184519358355182,195.0
9.277315208779193,9.132727262268666,7.712618105602385,11.289244949411593,9.69614065651253,233.0
9.3295271191846,8.56508903673796,7.057895350834852,9.002404751139494,7.887909392911082,173.0
10.581699787967969,8.882057855852704,6.297199788993408,13.047576243051052,10.416663774822,162.0
8.379321394540922,9.101782243387408,5.723114715565898,11.604878782919045,7.448825876748206,154.0
7.410928757736244,7.131450507756298,7.8202539295412,13.441516932213565,10.204750160675832,160.0
10.855421981391963,6.851373864659283,5.669568979623263,14.872744991623247,10.37994999476752,164.0
13.141539477603322,9.103456308896842,7.581370805511091,17.06642348246546,10.26093867120173,186.0
15.263185381541588,11.69248898379124,7.900692734531167,19.55962600200243,9.449153281387199,167.0
14.952290604097701,12.564897222693094,7.583495548657986,18.68179320190888,9.057750804516793,139.0
10.75809887851944,10.20017151999477,9.639007131431946,19.36984977234135,10.126460438252662,192.0
6.548845360897846,8.29139469633626,4.820927722441371,15.562930875216532,7.250802762187812,178.0
8.724857928511163,12.060355112415715,6.606782944440901,16.455212852379635,8.547591037052793,180.0
13.087226337454352,13.724133923634074,12.053792684025735,20.26046314078178,10.885995983986815,194.0
13.181229411433057,14.212202730516744,12.726118573306529,18.313789427156948,12.960851741328028,156.0
10.58979530655933,13.356629110955991,11.452434349053362,14.647533001694672,9.760835056385869,125.0
8.606289529711896,9.364197223969025,7.9339115962670785,12.420458137020706,7.002723414239044,142.0
8.612391707078537,10.375372881361852,9.097317609572114,13.457108436258446,8.664094298025491,127.0
10.341596161225716,13.119402678665246,9.61499609048763,13.227558840931248,10.105630932248918,102.0
10.313397146691631,11.824514175746094,13.332262296706489,14.455706444586674,10.84589234938527,120.0
11.538872773173363,11.853984568938042,13.436164357261124,18.064259475569443,12.939282287149098,118.0
10.972746420845919,12.572889989926132,13.355731047208996,18.21446293341331,12.81220984544384,105.0
11.22132498234482,9.081973800342487,10.376979154285143,16.611670163919424,11.207700068177964,109.0
9.647680561096555,9.483149138241833,9.280960038912752,16.564921603656302,10.097658371301103,129.0
11.487418955834336,9.879142448626373,11.132273278471397,15.243215790953274,12.314825989254999,114.0
9.173915173326211,10.174319867430071,10.870965930533815,15.453398251477028,13.552724246160281,118.0
8.408291125497852,9.348294279623548,12.674744259728335,14.792579423549745,14.14616682392738,108.0
10.363438463209985,9.180919433406158,12.47788277380482,17.242182938699514,14.430350530132346,116.0
9.805515041456305,8.241050294803472,11.249586100909331,19.103436821682223,12.736495430751722,120.0
10.005197428059848,10.769992035884064,11.77420877923471,17.56021160840901,13.095000670016683,120.0
10.438274171231534,11.340816070451831,13.82568795027685,19.682944361985186,12.990984769535675,78.0
10.93397880774984,9.304720964896948,10.192855234056388,17.598019664835643,10.624344921162578,86.0
6.826555786143511,5.932496944167552,6.3954599696005205,13.080345705022857,6.009431493975191,119.0
7.055947173229649,6.429521140610264,7.222304905366345,15.473099247138848,6.7701645635327194,127.0
5.824124792306449,6.0709340401544125,8.691078117729065,14.004539167595563,3.896186994751046,122.0
7.184898209015213,5.65717135751922,8.827156108039638,10.532797347919487,4.618449214450861,124.0
5.756328941321151,6.608107217051614,8.142841536184282,13.212016494863516,2.8704584316138675,147.0
7.59878840046693,8.288054039008486,7.62273443471267,15.635491541113538,3.775792349483826,123.0
4.282181281572185,4.214071235443251,6.840719752624803,13.11144164275471,2.113606220289366,125.0
4.211437808586532,7.373011147594591,6.134181403076613,14.926699517108649,3.9727886909377093,132.0
4.1739241676426015,8.119821425192132,9.023518854742997,17.17027703695677,5.981281786672698,128.0
4.84981098838354,8.419204171247404,9.258896139733732,15.355996068632875,5.902497886999493,146.0
3.8055015091729834,10.2650838094413,11.433795539543238,19.446652771167933,8.532937309272793,155.0
6.638480538975462,13.574465548814572,15.040083159937186,22.428849656516988,10.134163309054035,155.0
8.696539871688625,14.06173598559064,15.946113133080877,25.383742254116967,12.828417750949448,158.0
5.4560282912498055,13.559759438165813,13.692547798210395,23.768766872877244,12.807505776967965,156.0
3.1349786502234815,13.737579988476913,13.34114917982754,21.692157832989917,7.761910829740977,166.0
3.2898848101766305,13.199752928140095,16.127383708287688,22.108972924973028,9.199824214288503,171.0
4.998252335610623,13.592280536071767,19.30294278716513,23.182628548966044,9.20797163746424,159.0
4.78023678747458,12.736377112508698,19.328850365179658,21.329814359480004,8.033303792581904,157.0
5.110390931457679,13.606415672650595,20.84916843408657,22.912543506166326,10.903614518991617,97.0
8.430422706227287,15.223715224676974,22.210807381831213,25.031825025304553,11.133512469605776,109.0
10.864114735514269,13.15378469648951,22.988765976811116,27.977873426957082,11.528321294832473,98.0
13.755912339405828,13.823926239694746,24.58715592795904,31.046934419978818,14.991649241782913,118.0
13.837725750652774,14.76704877889851,23.74991181302983,31.167133346317346,13.636394906301756,151.0
14.238158776553831,12.994207693502574,24.726836709545005,29.441221173024054,13.5082456489977,153.0
10.084676622030909,8.289326618342967,18.174430784172415,22.357247885698655,7.5243003193531015,159.0
11.842260279756378,11.439517320513986,21.315343520318443,25.859218548818212,8.730078054486109,95.0
11.009420608900998,12.940388935332727,19.854320471228547,26.217548204542283,7.707035390061122,96.0
6.661212556499779,10.596582586433634,15.784481572767074,23.02325927145181,3.5873213129392747,99.0
8.364299937913884,12.972314528555524,17.78179032653244,21.831485610868917,3.7939668058353266,101.0
6.028857395884549,10.586671155084995,15.24635278964441,22.489521520833176,3.9187331903133575,93.0
7.590134326940582,11.875696789692592,14.888260503006252,23.286415764023513,5.211783018284438,94.0
6.07491093963019,10.674724024265608,13.330796816097015,20.03293002518191,2.7745692693577944,79.0
9.072404458314043,11.328119857386165,13.281506401642037,22.343024255829484,3.545232278077573,98.0
11.250870157898234,12.338201999912593,16.486626474358424,22.32137624230677,5.52345891383562,89.0
13.553253231489132,13.255160143603572,16.161065924155853,23.698687345981647,7.07155094479846,95.0
11.33178696753172,10.691744746480959,14.915063319244151,22.929107023224088,3.820988707963637,91.0
9.316179410497742,9.011714450009697,17.022243523907424,24.539082677161883,4.903549710899683,95.0
10.7367009033113,8.887633239534564,17.686183165113714,25.9776487906817,5.064901262974329,87.0
7.294517752782584,10.66041160685877,18.476218655342453,25.03483418551721,9.242557951353369,91.0
2.411317548972736,9.557318179189402,16.236120480293103,21.240072921094267,8.755306250411873,96.0
2.1126281281127977,9.431169548675218,15.653753964518238,22.69567863826017,6.729944255161008,105.0
2.8137441275689,9.454631542089242,16.75597941961626,20.110223811115112,5.244160421700329,102.0
8.065507179792277,13.873356176790377,18.81320634398147,25.350521004075663,11.383040199441382,92.0
12.78659166200804,15.560281801715739,20.35564608627141,28.555923621730386,13.717808511472493,137.0
12.379595811216614,15.343511618526389,19.740053645840533,30.149401988000037,14.035538492555482,146.0
14.168312398508903,15.386857515236931,21.469796571155726,31.717539987839196,14.484813903351279,158.0
11.647925986465104,14.755989414228345,20.230190535588036,30.304273667149975,14.77475004207103,190.0
10.970576552954805,15.293579621938324,22.33204922059364,30.75719169194756,9.389243517581058,197.0
9.208811646502053,13.518139973673017,19.850749446919245,29.870351408554075,10.82415684230875,229.0
9.356339812785421,13.798605774169397,20.741578855555638,31.651402565665094,10.791219436034353,221.0
7.83471200462836,12.090085113528827,17.62577787321667,30.443235995448244,7.944175158240813,192.0
7.432096922147625,8.860520654368479,17.55208854749381,28.627096981631002,10.383269643389337,180.0
9.801429024935283,9.734633175371428,17.66172829069839,28.604941474219107,11.029432495632946,150.0
7.185514714475882,11.444582539668295,17.75245478641204,26.888218243562257,12.503199219720994,133.0
9.204490550152865,12.220934213317786,21.39561888021989,26.69369555503218,11.745589206290092,116.0
10.069668884441711,13.056692136209366,22.573518800724813,26.9197506243502,8.779645279277618,101.0
8.701092913722194,15.550173627031533,23.854033043073226,27.51272211214789,8.681320946825467,101.0
6.938287096540517,11.06447797623338,21.283717938987394,25.74039894293678,7.29874004294067,84.0
8.69482940827597,12.335219979867544,24.50347661913303,29.651491556290793,11.324921220260176,121.0
11.179608036059786,13.500356329391941,25.40161944541608,29.354433403916584,12.326769977633637,139.0
12.258036663097863,14.585291228826224,25.82489704900628,31.377997518812403,13.25099783545825,187.0
13.038821191926612,15.044867460199665,26.78496758365136,31.855371772893847,17.36086979600988,176.0
10.365660033770455,14.788889922071412,24.13454922209249,25.66719707395619,13.335088428925104,169.0
11.558160681107118,13.956844559130626,22.906188258584713,25.788182662602548,12.864592742995303,139.0
12.226844459120604,16.761606371413496,25.82989763981381,25.904170291522234,12.082823490502975,98.0
13.297840405195348,13.54592733562458,27.56070004444129,25.384567308113887,11.03338271500007,98.0
12.492591597443571,12.86965277766979,28.469662598552368,26.8905374157069,10.03990052979219,104.0
12.083784193859424,10.187697362580757,27.643280944103736,25.495272638539134,9.615107554677724,109.0
15.719816062597161,14.947119154074908,27.50545680567422,24.86564919170705,11.707936056824929,90.0
14.723111181154534,14.163194833302974,27.358773276838264,24.548609304485154,12.156733670526885,76.0
8.792554278105463,10.5055448672075,22.210617483285695,22.51837762525844,9.26733351088081,75.0
14.272208275580457,12.303544464852278,24.10319726502688,23.948557501982616,10.711232322211716,85.0
14.111676199762877,13.337478459116028,23.550901579348043,24.755302115215272,9.056737835679222,69.0
11.689180389804491,12.746416105352212,20.344540557764656,23.86820076562098,9.262388418984086,72.0
12.242040178026853,14.651012489078088,23.332548456301865,25.459363764413865,11.029871026354474,94.0
12.26074327680312,12.854749983860305,20.157839651352813,25.874166298698555,13.537985637493406,83.0
16.12508412966975,13.812186583443147,21.754479006155872,29.88250509264973,15.759862583905885,93.0
15.290074386069524,16.083250401510476,21.775580651950044,26.922695922498605,15.182118423376123,101.0
14.232239394935318,18.459652804736216,19.876782043864928,25.197232009302525,14.005531367131734,101.0
14.738718522393263,14.191730774687807,19.619517758341598,24.850428616537613,10.76441961432204,86.0
13.499058471503233,14.501345224124886,20.210286139324992,26.92679919959455,12.116436387509289,92.0
10.787992184480316,12.170070765363159,21.898245829261597,28.05653288657522,10.616564036239247,89.0
13.30004783387913,13.004177818874833,25.489246657856643,31.467391958146372,14.555191382018457,121.0
11.72179695917238,16.23527348900576,26.107258132600826,28.11928830528348,13.638713321999576,117.0
16.599760139113144,19.8116358639139,30.05974182668192,28.448145272208475,16.895789951500063,151.0
17.140589210602773,20.856451022588818,30.54722833339447,31.242552389409916,17.62624861824994,150.0
14.77280750351908,20.90704855154744,28.344855725969282,30.6060106599758,18.377498159641465,148.0
14.753508983325434,21.090318332065745,28.780151499453318,32.05166591565397,17.06956621230385,186.0
10.059087543547417,16.06971518164298,24.05117924753702,27.304464395473953,14.178453169363797,171.0
10.703274148926,17.178826006867794,25.301882363278576,29.396988135229734,14.567861421639059,147.0
13.49211883364342,21.58336062428968,26.45219065742608,28.547105733522436,18.00881263613339,111.0
14.834696117181378,22.548514226494948,24.56289583435611,24.420946437504888,16.332461792368175,132.0
16.62462644812017,26.36295631496098,28.16984835792195,27.571725295210655,19.561033777352996,103.0
15.296020792593135,26.67819153295279,27.81976628167625,25.09495848646624,16.513713711791393,87.0
17.04700096898249,25.78930534988631,27.106891744347415,22.562971012310676,14.542317975687956,67.0
17.95553222690477,26.06621304937616,27.053174612100513,26.382084155043138,14.67656695555473,72.0
18.559438655313823,24.349310466506736,26.571356570583568,28.146990548031283,12.12381299532638,62.0
19.170202571071293,22.636832315251485,25.754910738203662,28.447781245321963,12.275314354983612,77.0
18.37038994664357,21.302172904471693,24.25816669972349,28.191947365209728,13.359827782581405,121.0
20.114585331698827,24.55429458919777,27.548072067383,28.978889023581637,17.534830195570933,104.0
21.070444894256525,22.690366255191325,30.228581424878694,31.221565916291343,19.97901684546018,103.0
19.7603739688006,22.29705033486221,29.633345397341525,33.71020253964714,17.061972012677558,129.0
19.358080672424474,22.26688846907239,30.557991817630857,32.50689278629099,18.044031527442023,172.0
19.35894994107107,23.72363102917516,28.665360191922627,30.757146246341932,17.011356968694134,165.0
19.710750682668447,24.382574595322904,26.134414319486268,29.737710994966875,15.75015045032604,130.0
18.228839071734587,25.090591110213254,27.982382823879313,32.23908663863104,19.30955989630744,119.0
21.05382903329758,25.52300528628468,28.04272694304437,34.880683761647354,18.10137064045131,120.0
22.187689601927875,27.350237909968552,27.283736691467777,36.13773095569772,18.269496131618105,126.0
21.09560897874271,24.80302647538043,23.22879116006595,33.67810646159034,15.783924781370752,132.0
18.92116188626242,24.174619501454583,24.383975231611224,31.82700895031918,17.19195811083685,133.0
18.796643195647537,26.684717701197627,25.363125129321972,36.75052978015863,20.15170153529627,123.0
20.3465505871123,29.14356419905372,26.73281703253085,38.30647376694334,21.639520336469012,105.0
18.859702001333034,24.298503471964153,23.883804588467726,35.59028621890213,18.98988022383952,150.0
17.844464899405704,20.996480393427355,25.191865681608174,30.925879372804975,19.5372441309159,126.0
19.81205580858466,22.70667620098779,23.624616087970104,31.586173618525915,19.12322337250074,149.0
18.83482559289702,25.928324865452545,23.38163607397285,32.31894391325009,19.002969488584704,129.0
22.069024776439726,25.227861454837626,25.17430326318855,33.58785086879339,22.243365099826875,98.0
18.405970834383485,28.17763260272613,29.050771439998297,33.43544373145136,20.684123399438864,121.0
19.12990698173772,26.914832782675667,30.13355010470604,34.87813725825795,23.74275614662389,137.0
17.606202907251138,28.795440410485767,29.639615904028968,33.711529280751435,24.57850053564442,169.0
17.221800640490926,31.331213403649492,30.586249586999454,34.78130586747536,26.807583734199195,207.0
16.180277614144153,30.458117720902006,30.5275201037983,31.724383951645965,25.639149171915683,272.0
12.011720091907693,24.564511811290902,28.523381202231405,26.4365546530386,22.623248835168727,231.0
13.30448343214478,23.323176348623203,28.26425542377616,26.803831455598647,24.70284996956541,147.0
13.910828849524409,20.118346181046434,26.69692229716084,26.81140794505717,23.83661755608923,95.0
18.084539785718963,23.714429454880058,31.214437315194164,31.11764854331804,25.88208600374174,117.0
20.141046473088014,25.02379389101692,33.57709072638136,33.482164305536685,25.54049161533873,133.0
17.709167611478115,23.164991194654,35.220529245583045,33.843965484427734,22.328175767981612,192.0
20.32436573017842,26.451393604425345,36.53572477174681,34.440953531851854,24.67791439186422,147.0
21.068990454352473,27.70697553201554,33.40522115686064,38.728434726495905,23.98895990289002,146.0
23.055364871993856,27.645476673482307,33.270040279558756,38.70433956438876,25.600044670671615,175.0
19.238406450050682,26.052397971636424,31.52038739543432,33.49492555975063,23.525546969973682,165.0
19.98668083430595,27.597534455343315,34.16561556883893,33.828873440491826,26.743113868099627,200.0
23.492866465496295,29.000145881376117,36.016125152644186,34.68025390297637,28.136425309662606,183.0
26.137421580044673,27.914009861422244,34.90007191971344,33.3199519801001,28.40858969823897,189.0
24.734162996926703,26.02473652113753,33.02711285347523,32.72087436280684,30.35208033516004,175.0
24.31534010367275,23.95868004211542,30.445043423864337,32.38121670708407,28.81927995195921,207.0
26.680336173229065,25.37336817636118,30.140692342676584,29.726216050526293,25.960081496316075,218.0
25.597938687378893,23.25586591129413,29.892188667630826,26.33135082012303,23.05747924950912,163.0
26.57851608288665,25.169857763502552,31.18157783258534,29.809221880558606,21.647000381141364,186.0
26.222303958488517,26.520478756445193,32.101825007286145,31.530094587306973,24.379974981904404,206.0
30.046272942636353,27.659649008051097,35.01066653466145,31.640163310972042,26.73081514026053,248.0
27.616546966307244,23.918736457438893,32.017628743611965,29.13199043257364,23.829173666610895,263.0
26.571709231451695,22.2550501264725,29.51023677385838,27.201319088694262,26.233135715567713,219.0
29.051165991641152,24.765086953854926,33.23012382290709,31.387814275567308,28.277003821603518,210.0
27.0178891901302,25.905067712767867,31.338484545844892,30.789252662615397,25.245278490451767,232.0
28.18133658174881,30.573285758619896,32.359463626220766,33.376932988438334,26.682568689432394,342.0
27.30160500304084,29.21256929019477,32.21352556284245,31.778715669320675,26.73729368943515,395.0
28.953617669164185,33.439460075269146,34.57516676380725,29.98414522035701,26.589445528087065,422.0
27.28814170536286,32.5928571979002,33.505302841879356,33.347418161441404,25.794855117507073,466.0
25.76063349488355,33.723748780537754,32.76238969443137,33.116256137682925,25.483996857587822,445.0
27.7886629484437,33.348007479858715,34.773428563752994,32.081288283069995,24.069138351424197,507.0
29.40348225680843,32.77876255861728,32.59101026031561,33.168248113050296,25.10294701535529,537.0
30.39692061598237,31.569874164843604,34.004998296199624,31.934131180502845,27.438476882742837,512.0
33.20175180395173,32.76173711322221,33.85677926930085,32.08096518743976,26.858459520882526,561.0
32.249040999986825,30.570851935190827,32.13143473616854,27.38524973809295,25.809612947113045,478.0
31.41599022759075,31.035526031287944,31.697976858230323,29.093734752924913,26.74039731997023,473.0
30.511016738803228,31.335205956001506,32.36903287011721,27.652914266905654,28.946682135803442,437.0
29.632366283964547,31.579546877979382,31.3270736450434,27.673620790457882,29.839531012870925,463.0
29.740008177092697,30.981160080436126,33.110586004338415,27.484763375686107,28.15891029216748,382.0
27.30235901563509,29.412558966344648,30.115219123803495,22.854446191807348,23.905373206811362,323.0
27.678256929080185,27.720145177666645,26.307310027539422,21.98941259710778,22.05633312309572,204.0
28.132489595684255,29.72941757741865,28.747820784279735,23.431643209242942,27.79492451587565,153.0
31.485647740599696,30.49372882225891,28.968918883431236,25.387386626563853,26.320324793585925,158.0
32.45993585797658,30.702402006285702,27.457517600599388,25.79065422179586,28.62407571538048,155.0
29.391757412046864,32.03404354232717,27.4505863619318,23.238268928936545,29.328619942583344,191.0
29.824875107506628,33.85517913421696,28.86493812557877,23.74010241681087,31.172700863858864,184.0
31.854625135050156,31.120821934567267,27.702422942213097,22.856772972518066,31.65614230426217,201.0
30.297824865344822,30.157698750482933,29.07780399109344,24.911548069000407,32.77501805652803,170.0
31.623325527455048,33.91428748947942,32.22738293180344,28.914058327530405,35.3602591104365,245.0
30.53840195454243,32.3173523836023,32.581579307237845,26.21964662064967,32.76396564303943,319.0
29.707710036943148,29.702309164563136,31.79556583011382,27.235506465236448,28.70251705802016,352.0
29.89357942817353,28.23125072527428,30.903225753288453,26.589806119661656,26.99149890124246,291.0
29.842031195188902,29.113317355299863,27.645871874705833,25.0424312733987,27.503549972774167,218.0
29.261138474371172,30.06844760000769,25.88066747229739,25.68653114984047,28.398915232743523,188.0
29.73473706257606,30.367432313801356,28.383046560378187,24.765504716040905,28.105204054074253,144.0
29.77030783340065,29.124087424629852,28.036160855113785,23.801081427117104,28.098142433481243,126.0
27.78038074948043,27.06715715192135,27.569891176965157,22.308386638611907,25.965062188319564,130.0
31.035943182719183,34.65972912130462,31.865929526822953,25.362818960967306,28.717338383793425,159.0
32.72312774585942,31.34649303944413,33.882473259565344,24.22449416938139,27.95621490443898,212.0
31.350231069376346,26.195308215577306,31.26061595414793,22.555628245762872,28.237395168121203,268.0
30.605731773717757,27.986546806496307,29.544402936225666,24.699189267752793,29.230310359646364,194.0
30.613939909303337,28.499725414732346,28.26719549023643,22.833570639657562,30.058512630324493,147.0
29.402803507178287,27.197148171275366,24.471403448135128,20.517601301795434,28.44718918150761,123.0
28.66915246996913,29.27474516060814,25.957580993807742,19.208040244747092,28.9183985250689,106.0
29.48139205225513,31.23076804599662,28.941942331114507,20.665959451628623,31.46134939402106,121.0
29.29970490274157,31.205501921221,27.380645353255893,21.969614250347153,30.90241748971795,128.0
30.81421812398214,31.9516713614698,29.361434345818044,20.993390887537352,31.18863729897213,173.0
34.34707220428084,32.06091682092673,30.85729050046644,21.73864360573625,33.79900724437506,231.0
35.09870459388036,34.43379477298826,36.10374850006525,26.5630129081083,37.413323709250804,248.0
35.09835094886694,34.48920068406684,32.83542908086407,26.83216018588239,36.437670137001966,255.0
36.54971848449305,34.43988470128305,32.95505484054972,25.98095271362463,34.28098217154896,346.0
35.49364978872479,35.114210937033555,29.81513091610623,23.807992600503418,32.31150687154295,324.0
33.30694229095676,32.52495944535901,28.956170249498417,20.24126260123206,28.842720190259747,286.0
32.58814439790974,31.121950237882167,29.113167595942244,21.18275727580129,28.6083072454991,251.0
31.159428892637035,29.19582692219108,28.898865041342212,17.54453161936453,25.803940257243696,208.0
32.54076525297746,33.17696636010509,30.237496646543217,20.695653056728336,30.52463425542566,218.0
34.772404475991,33.36414389542812,29.088909707228503,21.438312757418846,33.28514306870467,198.0
35.40614368687689,34.145912175633754,30.690411653623404,24.23521075188339,33.48624333330121,254.0
35.59489069754569,36.853250930637564,31.91156927234512,26.76303410405354,35.783237892477096,307.0
34.666469304052264,32.87254193829523,29.728909327029584,26.545963871712562,32.01888638785948,350.0
34.79781473411475,36.44226324209789,32.075857164151095,24.40842075469119,35.80064077555872,357.0
33.88548202909379,30.50539560188079,27.461004617271715,21.019900887823233,34.15357505943528,272.0
31.159860225458,29.27235149781868,25.64944345300867,16.50920897175031,32.359971363562046,199.0
28.982864907680227,23.8042854708147,24.731587783866484,14.472799957601946,31.240798934246573,129.0
28.671940328385965,25.44906614101654,23.62297174465664,15.173704683820121,30.693386153316126,96.0
26.19170718351369,25.375379272990514,23.480780532891007,14.518662573378345,27.765085248174607,89.0
26.64553561870607,25.365921121527833,20.92669205909913,15.147681818632467,25.566338477264644,85.0
24.682625932065108,24.60341883867971,21.356325499090616,14.790464996309854,24.94197979772382,79.0
29.038691356613736,27.226252867412352,23.175805510607116,15.979709512254576,31.506492342963405,90.0
27.683568472130105,24.253114036794177,19.002349949630016,15.333081584955941,28.87807255907558,89.0
28.967128019342418,22.170951537763894,22.362046693549782,14.415603903110668,28.571692146279347,87.0
30.22719174529481,25.374218113035454,24.88433530667938,18.55631048584011,32.076736179073535,89.0
32.46849475966935,26.105843505104016,24.174710823213875,20.159769013225755,34.33170775492599,96.0
30.674565918781248,24.720078812445617,20.593511317683372,17.37929486340199,31.573866810028544,80.0
30.1455818395888,26.15145715171917,19.31359874846917,14.386079263968536,30.361737153211,76.0
33.81470552006493,27.264818871646575,17.88483410415138,13.314451230655584,32.78577536010449,119.0
30.535893783500818,26.28690856323576,17.767189963201513,12.84761553273099,29.03428177067077,93.0
28.395438492307722,26.22559990636641,15.414111891544406,10.365010776868441,24.564376301247197,108.0
26.2232656729347,25.646868495480092,15.466637304343024,6.866996994430593,24.740257733416605,102.0
26.354943713135384,24.670350509708776,13.295254303790786,3.506693363379595,24.112860777129438,84.0
28.02404884030569,28.190205001751966,13.976092885898732,6.853960720370363,24.926359481882006,98.0
24.697915034685025,25.336969395042203,12.56285066710543,3.6496220245015767,21.243408009258456,72.0
26.271470848100776,25.328186361549708,16.262064963036742,4.554019792657069,22.4652262608013,77.0
24.40429825624303,24.853791558269,16.25483376475739,8.306909860468643,21.064541635863062,83.0
30.18460278669138,27.33856819924008,19.64615356940281,10.644505535513897,23.0841620787436,77.0
31.231686729690974,25.60146522167778,19.55111248368754,13.871322225176517,25.576578432221005,128.0
32.351108780346394,27.711244566606577,20.22685144549922,14.643455217068032,26.661529159769202,119.0
29.525724752239555,25.170782372580444,15.980862200976928,12.58688222929174,25.22578622523396,155.0
29.02727145994716,26.624565152634272,15.395696778060268,13.062314050308464,26.126016484786852,139.0
28.098598693799076,25.936843329777712,15.361875471187268,17.126451333572692,28.733469839172166,168.0
28.89335612264341,26.147837615812858,17.334794434186957,15.882530844759817,31.948324538092212,165.0
26.282520937722037,24.70980530562789,16.150749276229536,13.43527613961208,30.51282103130772,154.0
27.08247195126597,24.122274442218902,18.584406590000857,13.954021019448593,30.685238990187006,140.0
27.98657750977276,21.40568427965118,17.91713612508187,14.192912454657186,30.645531086152715,151.0
27.570251755218344,18.286189868355017,18.209943512079075,10.483502170617427,31.705878766377463,103.0
27.472028203995038,16.335310727696143,19.18145401506446,11.983688835346806,29.78759024541491,117.0
26.889990243021156,14.848515844274589,17.827058892760498,12.12432973340232,27.64067250422423,102.0
27.394410281690284,15.25680855752471,16.76568606227953,12.116894408993277,26.889797780113085,104.0
21.950568979905096,15.309851857112642,13.645361912014378,9.89936256993753,25.95482180220525,83.0
20.697417665630134,13.366402459300332,11.95588960422306,8.114394346479132,24.223676968571787,59.0
21.404152362945066,12.724386882476596,12.643504206904964,10.731755242990795,25.972984594121407,73.0
22.92034164419264,12.165680698276315,11.925461318186793,11.466162603168204,24.334091441415644,102.0
25.26751927326847,15.767044449019608,15.45276545080586,12.27051318840159,24.509679547450393,87.0
26.021937619292533,16.228599696871864,12.371722738498551,11.16630393225618,26.692700492613426,93.0
26.475587807689244,17.914351390020542,11.816636826279293,8.50136928730554,24.535558257501577,116.0
28.121002882191398,18.961880689567444,14.89440549843803,10.298782272572717,25.111675807747144,119.0
27.43362666561078,21.462081488846525,17.153550326386853,11.139753412885735,29.602299270081787,140.0
27.200861416930604,19.48892350665893,16.97334020739011,9.337347503684207,29.075331516341365,139.0
23.741007107977904,17.749018212469394,15.754318123223488,9.234706869939151,28.61779871436571,152.0
23.45359368109101,15.702621521297438,15.170389062289606,7.5740254222421095,27.041830860799074,131.0
25.964789345096786,17.561345350573625,15.028547467418273,7.298411939436276,28.42596038138004,147.0
27.984625689206275,18.551880045977224,13.746155762499443,5.7753256516289175,27.37824691012282,140.0
28.715939387120844,20.573566165750805,11.553270722106015,7.5722324055147885,27.933250714882547,142.0
28.498098985624203,19.758252872315428,12.095359833184581,6.763808008850125,28.214111916534023,159.0
26.214581009431164,20.772638910280847,11.935755280379956,6.171926859389394,27.98336371961484,141.0
29.117404291582513,22.29968143715627,14.65639481819167,7.377267788436415,29.25506630270052,142.0
27.4087791359642,21.371166549277252,14.98218910011046,10.020388577813339,31.0472330445186,164.0
27.818123721319754,17.89935718645301,14.659129837394417,8.651658694259641,27.46343234814073,143.0
25.75567249024467,17.37296281340948,13.900044333604386,8.088262294073736,29.087284937863014,152.0
23.190937881524885,20.221893057044575,12.542507514470747,9.466462506722673,26.611518960880048,174.0
21.38170005467469,18.68607568030623,9.911179983401553,8.564632007237467,24.0494541407432,145.0
19.192913815472807,16.157820746023745,9.27130095224176,7.579778752380564,20.971203205376412,124.0
20.26500251752479,19.065974328320685,12.794800431226871,10.835096442894354,21.181464502396597,126.0
20.64901126399421,22.500861742786554,14.071316283009867,9.207710730758295,22.617190651101446,105.0
22.747386800596587,22.5657451380326,15.525790966213702,6.879889458099164,25.199119512632972,116.0
22.653367654686576,20.20798393770263,13.53364522844128,7.969551075163773,22.459001269284755,120.0
24.354736919020805,18.660470259490594,15.696755549815862,8.908117034887892,23.88271700456367,111.0
21.758763281788646,18.51115567000871,13.16882472278476,8.116571514420443,22.18357171646004,122.0
23.708057986874323,16.043704011717804,14.034440259039805,10.495896569587119,23.188584154117105,115.0
22.408347130514773,15.007332594449156,11.627139399902054,9.357609623014643,22.56361676522347,108.0
23.00830790048131,13.127505993442336,11.970867429949415,10.61282359396111,24.469875743786687,94.0
21.722824457546054,13.27109592189941,12.306309251974145,8.820044105953462,21.808675500086057,116.0
21.147264654521102,11.774640859323071,12.347851766799252,9.310265810833055,21.729817605745353,108.0
22.989496262117918,14.022037363176128,13.74206052764805,10.2463583726891,23.7189434270304,95.0
24.766677106151835,15.79354077727542,15.376132566716533,11.734708365367965,25.150594222654078,124.0
28.350003874486802,16.71240935614296,17.71954720422132,12.99955178771497,29.31141228419882,115.0
22.91032127563204,14.922185798974049,14.266839608541623,9.955623327967878,25.86862809388392,114.0
25.151645220299706,15.386422599132528,15.899477568039906,10.54632305977637,27.058131831633276,134.0
22.85488238668209,14.817220540523273,15.316730879905304,9.950518547288942,25.657880905688355,127.0
24.79227393013703,18.27584838028344,16.058521424078307,11.446793903262396,27.73519590676806,126.0
25.578647097487277,18.674762704475384,13.914770486255213,10.287808404886608,27.171020082422746,128.0
23.865809031542966,18.349612531082045,14.113442189297599,11.192312303740612,24.802011654418557,124.0
24.993169144739973,20.102627262876517,14.361849343519577,10.91686090048439,25.054254353116143,111.0
26.370954588732552,17.644441205430176,12.826572742702233,11.151774160572504,27.31118393236643,128.0
23.40418795825103,17.768530535996604,13.133758367275439,8.668586745077164,27.11051417047648,105.0
25.649003404277195,19.078182045468633,17.318918556819725,9.087197303181597,29.653385131580315,121.0
23.387875874181113,14.60010125279395,12.498954281298571,5.63742094248919,25.626750749822417,147.0
20.747883071527717,14.266258987749396,9.709821616725744,3.7827324737794292,21.2338399192899,115.0
20.386289569697347,15.949202026240698,7.92075995017651,3.1965212925719975,22.201648525693624,130.0
25.23307740924781,19.588170944395888,8.691361117414033,5.900049593339823,23.634017619031752,117.0
21.109760374241382,15.69064962342701,3.3072795239267947,6.64500473775424,22.550598268650297,110.0
23.261199183444226,14.134659733078397,1.797162804639906,3.793647543525897,20.877936442418626,113.0
21.718418238574166,12.045798068713514,2.9879524207243673,4.959971502657713,19.600047673193085,111.0
17.41377940269112,8.756428566774925,3.086910227017869,3.8838434935655064,17.06530935163275,137.0
13.897885835298393,9.887489986602501,-0.007573832540749947,-0.9171565810173021,15.809554824840546,157.0
15.078713108773508,8.4975304006351,0.07614807880588437,0.6136037305644884,14.127278262850801,188.0
16.602919921733818,9.079272948403933,0.7897399132093135,0.3950368915193012,17.138743010516542,152.0
15.319781029911386,10.181075531566826,-1.2431839618701481,-0.5412273912030585,15.251654181339504,148.0
14.685615377062973,10.017618535374787,0.5585779997417966,4.820469584399847,15.868496484442645,170.0
15.702735184592195,9.195671635157375,1.8378694577582433,6.187343267559719,16.663354632030966,157.0
14.772039916948211,8.58578574602955,4.2073919007002925,6.225080772699069,13.35147610390641,140.0
13.635124640363616,4.531374133233566,1.3842685263298362,2.9084231557422795,9.42064012893653,195.0
9.949228661595992,3.6215614371142273,-0.38517825059355815,2.2780897729694596,6.511023179673529,235.0
7.085148671453936,3.758706016408569,-1.464760677610176,0.8609077401148637,5.727444852240167,260.0
11.561792883336956,9.23984207717966,4.2932784480043065,3.556997707400005,10.460141077616992,263.0
11.937367691363313,5.2833241083677915,2.701463492434474,4.308837124406348,9.721278231252704,267.0
9.03973205944649,6.471122408151165,3.301495378262432,1.6277484937469264,12.330744873147324,240.0
7.47966844950988,5.581692148626905,2.6154798033705227,2.9189435220496156,13.635345331723368,262.0
9.665379672905543,6.196370608346405,6.42709744948556,5.350352662290919,13.071788914962163,253.0
12.972007634264333,9.699460823563278,6.779038840780055,8.096321637897146,15.064281333500995,237.0
13.263208647704978,11.162713719768497,8.95539723889105,7.644702802724973,13.447443388964011,260.0
12.427294850274137,6.611854550051436,9.317898707279804,4.369845633305168,11.226673339932992,266.0
11.357753072070782,8.025840798419004,9.693795582161231,2.356135152366617,11.599933891416214,221.0
13.416893598121392,12.200381973753945,9.371527735037414,4.81436566187445,11.985200498426966,250.0
14.335218011526983,11.584758904589256,11.07146467287975,9.537343953265637,15.407535994742394,215.0
15.971282019346237,7.8696859741305545,10.724118436709318,9.336895833256126,14.188309221092815,208.0
14.57561922024777,9.21638381168204,8.213233746969166,8.359749776964286,13.279572628309545,228.0
15.463636931263133,12.735749743802828,10.97517118414331,12.084784897074316,15.258513189168124,199.0
15.715537850031836,11.645029100601342,12.430702416867202,14.161350194269607,16.87767669977974,178.0
13.51234783081306,12.845128320080793,12.557727613794874,14.302894530602162,15.318866273864423,174.0
12.601725306050817,15.007488019294108,11.413170233691718,14.827873186246183,17.34450643228974,195.0
11.170259775388299,12.901394916381985,12.052196318610045,15.256940153827365,17.556805100662853,185.0
15.858905663118536,15.034596330123488,12.425894276808389,14.773429162279289,21.19336892397117,178.0
17.680431404488083,15.91795245276191,13.609466074775805,15.726506204348977,20.043167020502985,184.0
17.574998359008895,15.526274621755729,10.711106959168808,15.650006540585238,21.38068648106259,129.0
21.156222159373062,17.831402587650473,13.38363148155651,18.03552634805036,23.51354939670872,155.0
20.0097336356937,15.86488829278115,10.956411870325324,17.017040391207274,23.135125927588355,108.0
19.16700097683946,13.434639358947521,7.438200474844907,14.705382420823796,21.15538038096981,96.0
18.917999788075086,14.238623059869019,7.399526079043443,13.05241919593496,21.98318805186439,82.0
16.653720637036592,15.282270874525757,4.907129107560605,11.18062787741026,22.15788936217419,84.0
13.096091912585216,12.140744402174512,3.65095110446714,9.684218338421706,17.548389579501567,93.0
12.692425559203883,11.256127232016803,4.371681830928939,12.106448683386343,15.182545912116101,97.0
12.881032860243828,12.150999774461527,7.717518697599317,12.423837775403603,14.117054402996901,79.0
10.181303451943768,8.256083403919483,6.513618318545971,12.733165465515626,14.224269708361586,116.0
8.482284490503416,7.769049240064291,5.91823902513715,8.854444131754128,16.21044763731482,98.0
7.559260596988809,6.206226878989973,2.53272330100358,5.155927206359506,9.538561128128336,110.0
11.341387968153866,12.490623802960481,5.351507747075455,8.386056428048438,14.164048162563574,109.0
13.060456637459474,11.834392835126547,8.461940897649177,10.566316983656208,15.117610627019644,130.0
10.369889927113418,11.888845943564624,10.347820613589231,11.966186742864252,13.49458680679692,146.0
12.854864029139101,12.490138588337151,13.181153595738083,14.70987744006369,15.449165660799572,135.0
12.390220173109196,9.200271883743913,8.542366524836183,13.806715418085343,13.748380474781223,154.0
12.893531661793016,8.10320813271703,8.073619506866946,13.97169329824985,13.337449117960556,159.0
9.949435632926491,7.128200682241724,5.289676484896737,12.39135259065894,11.538746327252552,174.0
14.559920666729981,8.962007787492995,8.111265779096605,13.542066835883286,13.572649961214166,200.0
14.380981265570748,12.360748445879487,11.456533748800053,14.02849646731115,17.486017841564284,183.0
13.619273452424904,12.375679959593658,9.959578749378831,14.600726774258048,16.438604806030305,176.0
15.428390416844383,13.23380467046242,8.196216702319587,17.186468355840418,14.53001356248868,125.0
13.632659338184785,10.081768293199554,9.694578408090461,17.18355058819792,13.862163574297393,140.0
14.969673222093856,9.525295582067619,9.018916848714186,19.037399728820237,10.529671151192217,141.0
12.785696144683614,8.00781915759681,6.17032258244029,17.304322271459423,8.357632847860621,142.0
10.687007934691726,10.564213036172779,6.1251897868750635,15.707284032415847,6.983753351410108,141.0
10.351129183358974,12.527469201978786,7.342197275674966,15.78927246980319,8.68027230651822,146.0
10.71736212873251,12.945607286743746,7.824151022117509,13.331437986023367,7.548038240824033,132.0
12.91342312076159,15.062814883879806,12.969115226518042,15.843315138563057,12.093826310126342,130.0
11.431207796916096,16.232865871764847,14.004151417420816,16.550900010398315,10.641645314216268,109.0
12.671473818609815,17.37555072241902,12.27048233543633,14.985787980613162,12.26774962362836,122.0
10.376546773387066,11.446708418045972,9.820437001332417,13.480490569983752,11.365739560619732,120.0
9.577896513585571,12.46572156787942,10.371441087609945,16.595598231451028,10.54210533598956,115.0
9.986179260764153,14.10019773082614,14.477159877265908,18.475230467868005,13.07664400297726,117.0
9.418595278368947,11.934172726027143,12.966373013331685,14.55618686697884,11.47455729067218,121.0
7.274528284532569,12.354244165877422,9.736435173020656,14.190011351712178,11.447854753291598,113.0
8.169657027145558,10.720600775513034,8.452488215344406,14.393044799755733,10.352743650320356,101.0
5.15951281859695,8.502609305179101,10.59237281705488,12.088008505080852,7.811242137166317,113.0
5.813256544474222,10.580932509385564,11.019957434575092,14.322782410120942,10.14581564360819,103.0
6.214638279380301,9.590407282054015,9.567946884686382,15.644424455527403,8.50785921646902,96.0
4.109644573927247,4.9919005748254515,7.863839210359727,9.653203379100294,4.1204315587870965,98.0
5.757826926836612,5.412147691292854,7.93929440825363,14.16865412095684,3.8262119925117863,116.0
7.092451430556762,8.17215506030202,8.393829806851326,12.480011101354158,4.464110580106937,119.0
7.311731861171026,9.798125113775539,8.840092000932884,15.203251560878764,6.097831917917466,125.0
6.687223331427315,9.486386126272787,8.678132425796031,14.053405189350983,4.4913844039798745,151.0
6.473519253189036,9.100932640876728,9.779443213130504,13.838072475141466,3.281160467337174,134.0
5.225873183563635,8.43070372221107,7.059322241121266,13.060415363355155,2.7004955508984256,143.0
9.068964405476738,7.349710126019434,9.688336814911272,16.841093636407074,4.869795918632277,161.0
8.889188941651682,7.692867254836534,11.615726446831141,18.890382333275202,4.916428285604305,151.0
8.56318139830877,8.054843627074074,13.855675410449013,19.417084437778716,5.159130455148554,142.0
9.344501452405382,5.889423558085576,12.648563348406501,20.090315651411192,7.49804782798458,148.0
7.289891020428044,4.480358711583323,11.400824186347313,19.972420821452772,7.148589760361454,138.0
8.407988659751421,8.579778723083383,10.911211047525526,21.346408859291053,8.236763927730907,141.0
6.381315827914348,9.884108436802078,13.026396553107592,22.505228369530574,6.550959098207178,133.0
7.035107163280244,9.94799678853144,14.184789261662136,23.197629805631564,9.556429675100837,134.0
7.380028818561943,8.963674579793222,15.430244937122705,20.522374350078366,7.710936893285614,135.0
6.497413692704977,8.5955184252229,15.041708125469185,18.740661081471234,7.46559482558734,112.0
7.534965502431579,10.169228921572753,13.409222028778624,21.019199075173404,7.774955494798537,142.0
6.573990480477153,11.654907792813574,15.166369721822795,24.225573004635713,5.778060089086139,130.0
7.862248452102466,9.943819894475137,15.228457588673248,23.84165307988018,5.528784774944247,126.0
7.33390573122443,6.742049731287574,14.62634295073656,22.712918605578054,4.684657601427546,120.0
4.866187315637814,6.8847594137146135,15.717593974881837,21.626326051379145,3.6166304656341666,133.0
4.036628209048337,5.202157350830216,15.478278691949477,21.006873803486645,2.0908218118007733,125.0
3.3050429907716463,7.263498457939711,13.251584873931924,21.74558538909787,2.9321174662340415,128.0
3.443695669257078,10.766272074687983,14.391883591630314,22.125118525224384,3.381338987215531,123.0
6.042223461702946,13.884734603094563,18.700346207015514,23.788473650297668,7.785901874987329,91.0
7.625339154741126,13.330682231757402,18.208055600429095,24.878035186555845,11.046326267215685,113.0
6.087064545284501,10.91587305171639,19.152722306386636,23.441066752975587,12.094487108761005,100.0
7.384042986370337,12.701512052110388,22.23726477985317,25.260126681628048,10.37699900456398,104.0
6.592878611778714,12.330222280088481,18.643570905507747,23.273581790857573,6.467746768097853,94.0
6.626629622131577,13.087628037883352,18.237314304456596,20.98910246752765,3.0456247365297706,109.0
6.075424849519789,16.77861253817685,17.735199872638432,22.445856347298534,2.6899040773479577,126.0
3.794019739146755,14.47352057417039,15.696688980230237,22.6554416666427,1.4119866828687426,113.0
2.844809473456496,11.435836951074064,12.953276967288486,20.463112349392546,-2.4881819484373207,101.0
7.273334017686549,13.238400890289556,16.555006651436265,25.00914158085631,0.32615834333339855,109.0
2.9122751946562486,8.26921879655509,12.77297194752726,22.898289572636358,-1.236314289024044,103.0
2.7851661028520445,6.082940192880958,13.048571799026078,18.507566160259294,-0.7676388768208717,96.0
1.881928626481412,7.239418624918837,13.486043467053536,19.244438376830672,-0.5020487836384877,118.0
2.6449371215763504,7.53719102942438,17.695890843047998,16.88138361846304,-1.0358654584926903,114.0
4.122452011896164,9.918434024297134,14.280296466706393,17.331581309197702,-1.703745665096008,87.0
3.2603451952277567,9.369605962994196,14.014372620496879,19.01787924618454,-0.15397084185124754,98.0
7.799034347115263,9.299716489488976,16.224268544440072,22.03259987102844,1.967634885519316,101.0
7.080849294235227,7.960308115062878,14.459058143757137,24.34302558898371,3.765929099935766,103.0
7.985250467873914,10.73276189625704,15.393300633855661,23.322016368030678,4.205881567969997,109.0
5.2170275066651195,11.734941275360052,19.06492385650136,21.81327048617736,5.669769891087274,94.0
7.450196707847796,14.962451495836051,21.557630498419808,24.012155137019946,9.210340780263744,103.0
9.293264905517319,12.876418593447024,21.252623865547495,23.7165213814687,9.414447905732914,108.0
11.491629610056318,16.48363004381727,22.131262894439526,26.46823855188292,11.01137077007565,104.0
10.544099853773726,14.682677711816536,22.62342414251596,26.494609585299326,11.468531875357753,120.0
10.80179604883843,14.606513673831087,20.507308841931856,27.23255272384172,10.896516717919274,122.0
11.129110116038204,17.42256606304424,21.788013021002303,27.45087175201077,10.580589157144923,125.0
12.842273475782433,15.504542807141782,19.582446116099923,29.51818715051536,11.54340242758315,174.0
14.823132584055603,14.80022286963879,20.977007621051804,30.136121339546207,10.562331715788575,155.0
13.32261081123212,12.496938283888621,21.963459794051772,27.805203070083447,9.900633757562689,171.0
10.947480955187201,8.617116261261964,20.580377869651926,24.81847236624784,7.395655286505857,145.0
9.41473371105709,6.173867195512107,17.834426437461094,24.2365769712905,4.307111679874761,93.0
10.015383527189217,6.2362164066205,16.71932874391056,21.82919994869284,5.7663148232766614,82.0
6.934770187859989,5.067478892437261,15.13989829516448,22.66238456300035,6.28254869389635,91.0
7.673817602580262,7.789324154654063,17.95634217590689,20.926348296222105,5.171870129223074,90.0
7.90900488766837,9.438939936292225,16.972233854815503,18.87046482053161,8.069633336684168,70.0
13.711001064027917,11.868486089011814,20.741961795466754,22.803075737670913,9.474501297659717,61.0
13.043043925803952,11.96124995870592,21.079773853601925,23.45148886792181,8.47965471368991,61.0
12.817463227850368,12.93825551057007,23.069692919158914,26.029287251337358,10.017023341845167,80.0
10.01192726705397,12.300459247723051,20.817961860138542,25.077863722782155,9.117170199450515,94.0
11.51146487800063,15.013283202689948,22.085461594230235,24.780979619736762,9.165446496735075,110.0
10.682830695643034,15.115473144598113,22.142668062428054,25.413822854325566,9.466437757251086,100.0
12.768136143738094,16.511457096841305,22.325582395508267,29.35436984179174,11.584886043169496,128.0
9.677675877762876,15.06682608679773,22.700599443492624,27.126730004050657,9.733301638637242,149.0
9.173448147709818,11.31169936804038,21.23888767383711,26.564414738597478,8.693388068454487,134.0
10.949167173671343,13.472215080003123,21.00614614359176,25.558663250691257,9.945814278851213,127.0
12.862788671252714,14.763542449433494,21.547055194588168,27.352245528832512,8.577911468262238,107.0
11.88139567402337,15.982918267374878,21.583791373870014,27.618016284063405,8.80934670498036,116.0
13.027063007740365,17.16150330183382,20.397886480155325,28.16771229784234,9.547216983476273,126.0
12.831011209161398,18.573926350040335,21.581927371085577,28.011429219417725,11.086887233090746,116.0
11.477341196744264,16.948251326879465,22.268406290459968,31.32610120154104,11.824286011292543,141.0
12.626165712585115,18.685527102502245,25.659933814136853,30.39431505283192,12.05184182121545,168.0
15.854427280586862,18.647555313339495,24.77007124880315,32.748302073399074,11.866736867001237,163.0
17.112753893832952,19.821333225060098,27.658458111658426,33.02001663707789,13.58198133860278,159.0
18.31032263614736,19.57587991260303,27.91826375577511,32.814739427424726,12.665478311747266,171.0
17.017652882663498,19.320089777430965,27.24967884229513,31.208299525478594,14.245775865164584,158.0
13.172121200868272,15.968859432824257,23.995791799429973,29.50345335146988,10.189395135893761,130.0
12.100919027268219,15.866857338633977,25.549039137887895,29.738996915089004,8.963997677987624,130.0
9.169680898204678,13.461609492157708,25.39444136318159,30.320520692522894,10.481521480494473,135.0
8.181354586644485,15.020098427266486,21.84185476570869,30.085985082272696,10.303634023746621,145.0
8.574842174463274,16.235017996894236,22.842336989395154,29.066091964528727,9.848683055539869,147.0
5.213764912051749,13.734048090143453,21.338657060083193,26.877533600953065,4.918870007398654,106.0
5.279025753407142,13.296771174132132,23.28222698372374,30.360604194471122,5.093867255334935,139.0
5.017183951559359,14.537370118863501,24.31043440584117,29.543779175886804,7.640514081732642,124.0
8.561585592275648,17.595301173533358,24.652648017844687,27.906604704948144,11.443833723705715,125.0
8.069316062496188,19.305042722696886,21.95976775028323,27.85090489898109,9.841191135248998,119.0
10.931436429586018,23.673808705293226,23.269977517846677,30.36851815677297,11.875474513264173,106.0
13.384066843441902,25.809025063233612,23.695477309769053,31.071203587413397,16.178481596246982,154.0
16.356468800996712,25.310980950871635,29.09192573685463,34.61519681623693,15.623100461833442,156.0
16.294730087080843,28.017540341977323,28.858188550347137,33.282221597593825,15.997006196663058,160.0
13.236372048407475,25.991637211068465,28.278579654669706,33.70511313937133,17.176067277131036,205.0
17.691759952622615,25.885344023802524,28.35461489175674,33.652590326153764,18.852110620426675,166.0
14.351476992688667,26.386710394671148,26.118243740830735,32.66625688627322,19.663176202318535,175.0
16.28985838284794,27.57325991123089,27.028181218654414,34.203899300282224,18.02419145721972,146.0
21.171424859073444,29.532889401592826,28.63024407375742,32.283201295450695,17.437320542820096,153.0
20.03340644325562,29.795831655068092,28.9199895361609,33.209498997612016,16.422258920070547,177.0
20.229763480837466,28.3933370257132,26.15411616774949,30.640468123153124,17.22379997981912,173.0
23.26313529273429,29.750204287130913,28.15044618147978,32.07726950129657,18.90858171043486,142.0
23.23641670029991,27.40869196928102,24.978363266592403,31.303960699453587,14.520126893341718,133.0
25.695875674739714,30.081142568896134,26.096538776887577,32.327177208064356,16.320583148726566,158.0
24.09344564339334,25.110402545447805,24.06897547110821,28.034553571891095,16.94932055574941,143.0
24.582909011539314,25.574435098349948,22.499137601195294,27.62991828686019,19.853206843278905,129.0
24.26349889176658,24.376095690737564,23.629530466034605,29.212440389896027,22.693604922396954,98.0
23.47311659099903,24.83384214132798,25.630670844837958,29.166690382170824,23.375050575603762,103.0
18.808919568038785,22.02223351925729,24.12096763707229,26.300185438272308,20.04700778452392,101.0
18.536914399268376,20.720460056664457,24.011455706619365,26.150372228421006,18.714054427213057,79.0
18.837869524696593,24.042922972364856,26.967464011539814,28.182507909490777,19.36993309686064,72.0
14.698647866830587,23.449307108385337,23.35221021551812,26.186077471819615,16.689081949953476,85.0
15.655725307044516,23.710602994306743,25.760108280929984,26.17881073095049,14.737313672933825,56.0
20.949457756666828,28.079485318227533,30.89827282942404,32.4780462328919,18.06619082224204,84.0
21.5212564573237,30.44288340659896,30.307813147166772,32.53988571485081,21.356410514381395,129.0
18.430829173522802,29.825353136260556,24.168571255428628,30.4694922360135,16.647557093379405,156.0
17.069580788493468,30.93174561962448,24.440726843850676,32.1177552460642,14.418178902098017,192.0
17.908134959066846,30.354362640115433,26.80908738965473,30.192759268472535,14.463575368277224,197.0
17.42824126238354,29.86507141966183,28.397247039070667,30.999466585956817,16.12487886307558,148.0
13.582843422024094,30.764774520513388,27.337006839190312,28.392332930216345,19.07828026517293,171.0
13.415003939956511,31.76517513132885,26.301864964869836,28.350512489347267,20.17249950912149,190.0
16.838609314767066,29.932772967876435,26.172624641710772,27.04041064043085,20.600776536086194,136.0
16.006758128119785,28.2451793584122,27.352498246145302,29.847010341341104,20.821666616429663,132.0
12.02093246667245,27.488390126915306,24.151778294485585,25.263345592561933,17.146376199291026,125.0
12.520326735397207,26.894352733110342,23.09248977199666,24.918638681062625,15.802138107562206,111.0
14.793500797706395,27.65145728862245,23.098189731610454,26.61480763381207,17.484332355036443,83.0
13.87116411509854,29.874496042038103,24.887432289311683,28.99400271086619,19.418858886899844,112.0
14.984440006946352,29.69567090163231,25.024013366559117,28.96621731749346,21.38098233919176,129.0
17.689302401908826,32.61046678393124,26.24548448460039,28.732120227609506,22.12215967779994,145.0
19.51035837767799,32.2054323131759,28.140701185017292,28.827534580930905,21.920806786126274,169.0
19.242991975497628,31.367700220952837,26.777514585951373,27.37810447699708,19.40544810080862,155.0
21.985072528759616,31.212317047020328,27.74181756521252,26.93486710674836,21.430434083632356,143.0
22.10042792170779,31.038090770238842,32.45815286648349,26.044964101628874,22.651283132759033,139.0
17.957176906325643,28.796061991207125,28.204490091366285,20.714499589421365,20.02133648814944,148.0
18.228805370430756,28.231621257745665,26.162434611772248,23.869309343483934,18.855710951383305,117.0
19.716609654516603,26.192119457106156,28.904476156763614,23.267110200328077,21.695175501557458,78.0
22.75477958926743,28.770429512470145,33.022337353219086,27.26588201302433,25.087392006807367,109.0
24.653684198178045,26.936225199899127,34.467115491082794,29.144007905383788,27.517307896681043,133.0
22.028730523596806,24.48467155953492,32.548822292676775,27.210014529165328,24.60350106696759,142.0
19.43740021538396,27.429028415815786,30.768468488107388,26.384389269503355,24.8552324626334,138.0
20.027985655230463,28.114595479950673,31.506476656703164,27.203686205216847,24.949991306238278,147.0
21.156042902449624,28.411771853542362,30.751107798171713,26.606157523328896,24.074348998941502,127.0
21.39218310348749,32.11156151443372,33.00647551132227,30.186930079767286,26.307255803193875,168.0
22.125044782755502,29.70559568135982,33.39174598468785,26.57734485141909,24.376373911368358,212.0
22.90034756676887,29.17959171969984,35.713775213148764,25.714674659180513,26.103313192230477,157.0
24.790312538344,28.28060937046404,33.606652583695215,28.80318309723272,26.009213470971147,152.0
27.534315730667256,31.69442710679956,31.462621485181455,31.00389467949699,26.128731601050408,213.0
30.739387087158484,30.496947347202664,30.81994035238356,32.0333926091821,25.347936216053565,300.0
31.484313076862193,29.90525912946679,29.745014004767945,28.587336909326602,27.140334060745218,319.0
29.845909064799663,27.28799924269145,28.856117269924958,26.790162144835318,26.137787154500238,250.0
28.68086899141869,25.63597601367755,29.165857632309077,25.565272805150865,26.409077058973747,186.0
29.305445397236696,25.938332061998906,31.11473752755808,24.82223013461814,26.71107204636333,146.0
32.240788825491116,28.128932843940188,33.166896835490384,26.77147852234726,29.696040303000977,133.0
32.633983400423205,29.90977920800966,34.15994150798525,27.339470701770285,30.818574475625,167.0
33.23430985783804,31.818449582844625,33.87072332124201,27.846651488661053,32.33054701012677,257.0
32.96431930265308,31.824623245831617,32.89552930029281,28.248381009359253,32.33413732482134,296.0
31.812655550384868,34.23611980188164,29.779403848510754,31.557901276018036,33.4244018096385,443.0
29.83840655646112,35.12146566380143,29.39509637341877,30.417388115970333,28.209358769081444,465.0
31.23435947760536,33.304520555833385,30.718436366419617,28.375176128353168,27.33228759014853,492.0
32.728811782211125,33.596279824650715,30.703390914268443,28.65032388536142,29.072260798623514,476.0
28.926769012590913,28.511239401154075,27.85840312473495,27.582925281276182,26.742910761319433,323.0
27.379968440539223,30.12407836107684,29.365126068410238,24.4213270053405,27.504375891905468,242.0
26.190477881538065,28.7892549091919,26.671824953495864,24.523496660446998,26.82671951178297,158.0
28.656066195053302,31.04106266811084,29.182400473055463,26.07393613666397,28.800080610397437,142.0
28.32518866847483,30.682660143844156,29.591421087127873,27.146890088709515,31.624293182086948,169.0
31.588128863731672,33.33556691192376,33.25928088184738,29.36283580957149,34.93980813366454,273.0
29.847050611111264,33.016108694011464,33.12311181524301,28.175535123114837,34.04334092740556,391.0
29.490111973645483,33.98613629630639,29.292453797962064,28.380923304932367,32.10041534708608,418.0
26.935374593002006,34.65508716156978,30.170278171282558,26.558907886078142,30.674034226676948,369.0
26.85450913196945,33.68092858271135,30.173416942315146,26.11454341289804,28.355915201082073,310.0
25.397181482548103,35.345924052602044,30.545877239808878,27.082531582457786,29.65401120744401,285.0
22.902157399108788,36.00144791027748,30.864078597317587,23.973748619037757,30.869476064008854,278.0
22.366276148070952,35.03329728476545,29.464163729559456,22.332422199400753,27.389302510682956,236.0
25.20759695671398,36.461697918311174,29.9014037430083,26.14745118335709,30.718855461601958,184.0
30.16558596625051,36.95124339511494,32.00872840894526,27.81667145946688,35.459509629669576,287.0
28.490358993250965,38.14388236337417,32.000541257796606,27.567143836352248,32.06774646984187,335.0
27.763267644683573,37.21011314828514,30.938604550254617,26.48755474377696,29.745613655569702,380.0
29.18197791008399,37.97191829551221,34.15233726996837,26.798606727954933,30.035214555971983,358.0
31.80005597786016,40.586950816407466,33.27945009219883,28.759219874321083,32.872999301130086,383.0
34.1366238650491,40.40162336157956,35.2801102975201,29.604339865081016,32.689039533827014,390.0
34.78356640311652,39.617136497830856,35.50163478197911,26.698854176070288,32.82386863867055,399.0
28.694551039075733,35.7762171358879,29.96826351505987,22.703494554392318,28.059554438784275,287.0
28.28840616020151,37.848937308593904,29.889756347379656,23.827865195991333,28.675330660512884,264.0
30.40367648188838,38.55047649361437,31.471166323231483,29.429703607223445,31.903311964488317,301.0
29.89339425923407,33.61736201874773,30.40147130896212,24.462301296041648,29.874667174848902,347.0
28.83384849296864,30.849598715592197,28.99033824991012,22.317286704725625,27.660385964245403,325.0
31.73513181737,29.938273984940224,27.964119641152944,24.345781037706967,25.850548502609843,210.0
31.247936068456543,26.92174890999703,23.33755577100167,19.776450341391644,24.83300524381715,154.0
29.918583560340934,27.05298778187126,24.3862310666879,20.530462821083425,26.039516571987562,131.0
29.197377320810087,27.12151225680887,26.08135346901128,18.83321715748421,26.257366177595916,97.0
30.003272864525712,31.229420681787637,27.97792443522809,18.38368149006518,29.40248771352588,97.0
32.33236127384222,31.62249303816921,29.054382384606182,17.61431846306335,28.46366129148133,120.0
31.363376292593475,29.537061455320767,26.79567745286386,15.411204715335698,29.07338891821704,153.0
34.058180535317845,30.581875878457804,27.980429216542397,16.435359262922788,29.17040381139228,168.0
35.26957732108373,32.04053538091971,26.648487620396807,18.471205516196097,31.813247505127855,148.0
33.40614155815361,32.29274683736637,27.183136347557355,18.67821773802869,31.230341500911788,150.0
34.87749312213814,31.026144682161192,28.474972946881863,21.181665372389553,32.8567269295215,160.0
35.87690183368888,29.81795138559051,27.268741004593636,20.359096919791146,31.391669712893123,156.0
37.20195046041519,32.0734546561477,28.847780147037813,20.734056562188268,32.21650036109016,172.0
39.62414598976934,34.82268295139285,30.82152832648294,22.886845135677905,35.678139810192064,212.0
35.25976973516843,33.13201020521552,28.474414049683773,20.98068262064612,33.764774540013896,222.0
38.64122642234019,33.47346607956752,29.437988136139122,22.901790741189433,36.37854790177924,236.0
35.78942221773715,33.63652513232515,26.248828263842817,19.744290769085616,32.49807647555621,250.0
35.1911233947615,31.341108362841805,29.40026889276358,22.395080750072584,33.44911201312071,211.0
38.02280986784103,33.11211863856612,33.20114112124988,26.37478441417164,38.27158952062368,242.0
36.97087533889552,33.85971024348361,31.527958120324936,24.56175434908697,38.49034647537904,282.0
34.91565857616652,36.31632921056233,31.86371802302609,23.43588907938102,37.47253181532058,334.0
32.47164080464428,35.950774216023966,28.944963942370702,24.09611036305728,37.79927599368309,312.0
31.558445060693696,31.0935042753093,27.993169529390432,21.381374646578934,36.742172034107575,254.0
30.80525791971416,29.805211409609758,27.4190579305804,20.045689634974124,35.34783150809703,207.0
30.176341168594682,30.487090756408115,25.50303971964664,17.172699611985244,36.19213460592005,169.0
35.40132060856633,34.256297038054655,28.166087883262175,21.86247501652973,36.6784791971212,146.0
32.05609643959908,33.57027495400129,28.419093113564454,20.43256244882063,33.854245685630495,164.0
35.05507668296692,35.93119604291074,31.180437509758832,20.576823200150436,35.41888859151315,236.0
36.362617065956705,34.67616288639002,26.90850245326108,20.115301771938928,33.32353308567952,210.0
35.62134845467533,31.2762683674357,22.138331356175744,14.428294247674916,30.167126851498587,201.0
32.74685857467702,28.711883714265824,19.393196830833375,13.1408275828202,29.39660885870341,178.0
29.818286417013706,23.792415522981045,17.733918640868453,9.802982330836311,26.082476870287994,116.0
25.47342831112223,23.81581637363398,14.698258964605253,7.6531276269226005,26.973253216647528,103.0
25.159834192782796,22.619435152884446,16.962259108251153,7.275204470839032,24.52430113131182,97.0
29.252598195199802,24.449308101004757,21.319004898999093,9.952299090203951,25.11623101320359,78.0
29.167182213225257,24.537658507072035,22.70433147775392,12.346616633848715,25.285531308615063,92.0
33.3673636731855,27.24269887326632,25.170898326638977,14.867599959448498,28.903276374000093,107.0
32.78953023726975,25.69547812537344,23.81512199807313,11.584042271625151,28.418018794545887,86.0
31.31046471533481,25.753170639731213,24.063121939986335,12.8742374591988,28.35827679059033,100.0
32.36450093010283,24.66404598288131,23.637642646752177,12.349176955936251,28.43663689389376,99.0
31.99350791404158,28.094749245333393,21.367487794321395,14.335485291438356,29.95265962068176,130.0
31.698844582009936,27.03934807098207,20.612336091701906,15.70095617873531,28.168283938661173,133.0
31.786435188133968,28.619609667601203,21.26367352611448,16.868020863734163,30.440814171642415,146.0
31.90060501727263,28.043807406853592,19.67501633136766,14.637792397419165,30.39301539237075,170.0
32.5386457087355,26.608263676823903,18.640739367922485,15.65658285492452,28.245194847778794,143.0
32.7708821595662,24.516529887094546,18.284253094559826,13.357138061575796,26.71290431274877,131.0
34.39373106643506,23.85994649168504,20.128486553997167,17.1676952306345,29.160796072201574,119.0
33.46705786133468,24.66356006573833,20.780627286406922,14.197863240912234,30.382127472521493,106.0
31.032488443803107,21.675254961334137,21.492335079254463,13.032407384155368,30.27249575961421,110.0
28.855332943509385,19.914253847379207,18.835934921730242,10.887498909331699,29.16210650801567,93.0
28.330662713874815,19.017376568633594,17.14548566632421,12.713442731036643,28.396660817158434,104.0
30.013443578174837,21.675168221109345,21.299632187226607,14.16675985623979,29.551776301977306,106.0
29.85380493975744,21.020052433914472,19.003204918811722,15.154669662391616,28.100444032540295,101.0
31.73939284192747,25.44326286155986,19.74717349919872,17.37924938330773,29.14463703000538,101.0
30.797461374300877,25.800073442642628,20.182804513505594,15.287450333839654,29.969835603108013,101.0
31.42686971242245,23.229014687818033,19.086210347122876,11.579311216712451,30.943751312967034,103.0
30.68049861283631,23.597143061250954,19.535209790410928,10.838673589979448,31.188386333112433,104.0
30.030760228228313,25.556502901246724,18.444573517172667,9.63940910911915,31.409288422009368,109.0
28.92041936045754,23.931191856929615,17.020514767346686,6.5956285788760916,29.06795219493019,98.0
26.24751913221596,20.057793847631537,12.628875882751773,5.163939682192492,26.813005269651136,118.0
26.113927786502906,16.213663086427626,13.008428290699536,3.621685648317216,24.85532397323592,107.0
26.429350094351854,17.30985645369179,10.73106199181223,4.662793871157474,22.416290749382483,83.0
27.532311173798004,18.93607318187636,10.031958740144429,4.8370147302534265,22.87462488371887,107.0
26.267226156934207,21.667260092134345,8.99566142305278,3.4624965626978828,23.357803341092758,115.0
26.904357538072855,21.007029749620227,12.320960364784698,5.762787243003304,21.756842186497344,140.0
26.077341124689248,17.97958504854292,7.799692934361442,3.4977539618308136,22.933540665596276,118.0
28.768918463789245,20.75946562968409,7.663106141051391,7.599029806578996,25.269858595477686,182.0
28.735662583862226,22.119240830914865,12.426490325135624,9.046640738566994,27.480634630739864,189.0
24.11135830192351,20.616831562694163,6.463449701294467,7.903723931439213,25.849609861847842,165.0
22.279554974267313,20.44785439205161,6.665811804808058,7.646462849331486,27.732789904745086,144.0
22.27229573761727,17.652559684678874,4.76401254494068,7.7149931600952355,25.12823964654564,158.0
20.945980280867765,17.0904115759268,1.9829583555957555,7.186947333435642,25.112390135511735,160.0
23.53128596909664,17.948267990292898,4.723851215930052,5.858457238818273,24.33987819178312,169.0
24.680656211263955,17.220546114637653,9.300848806245936,7.34716258036765,25.943443419746448,170.0
22.81252178313482,13.313875094766743,8.543766573621077,5.453552600132939,22.11908908012032,143.0
20.844123271879848,10.640979487724799,7.849431572195064,5.099077528737762,20.74062587294228,135.0
24.20181631582529,14.180373277341207,11.169935548874653,8.574014382985542,26.57188573904412,138.0
24.911208351355516,19.580869406600755,12.9541286207118,11.594478315994241,25.664035906713497,136.0
24.18413826217655,21.552887557461542,14.134583306122183,13.781864795811508,28.082748675914505,147.0
19.211912415265836,17.0370646819726,9.821115427139274,9.715024374544239,23.84044637904693,136.0
21.977181417212226,18.488158390797057,11.646113665320721,10.517588975505195,23.927190932775687,124.0
23.86685489362862,17.68979422461964,12.200147597190469,8.950136379386965,23.356310697119085,135.0
23.37559818589689,15.97744943768472,7.8916655641742315,7.756169897102649,23.79814884228011,138.0
22.485435682189625,16.129016966155895,9.447480024398063,9.086012014441328,25.87443414423982,143.0
21.48660235519521,15.691402127407741,7.517432300901495,7.591395797637887,23.10104046671156,149.0
25.422428869995624,18.444939074657672,12.781859765394618,10.352174330630675,26.62381881371745,135.0
24.25742336225823,17.03544434022094,14.600805368770029,10.699252260302433,26.902949763496323,117.0
26.255196298752594,19.003602604831297,13.182515987193124,10.913085743199112,25.693975310436375,123.0
26.594324667034307,17.974145149207718,10.594428451295727,12.69490180828759,24.158178557096768,132.0
23.832036148640384,14.661251970704381,7.911258954489389,7.151306521891034,22.40573662334528,134.0
24.81831690034497,15.178095683654783,10.369800462861448,7.431116662871799,22.672465300573535,149.0
23.43536963129391,15.881402005212296,9.386330140928598,7.36680737164545,21.73191960890921,138.0
20.90952851707448,14.238772034954517,10.734580189964793,8.429514241280142,18.62409976360211,140.0
20.262377334197822,14.545524308131304,9.566523294379287,2.308896380485632,15.994340214714551,132.0
21.48395086581134,13.95518317077036,11.303667668485337,5.87121083950983,20.268665155463502,110.0
18.21229180535809,11.60549615943806,7.7133688319274665,5.882042428252444,17.57632480745381,142.0
21.5085062963975,13.5337619472328,10.003317395580844,7.211045410520363,21.129605611414494,119.0
22.75795165149205,13.167802143101065,7.812184737895856,4.950759770812095,21.35506150136697,98.0
21.20262430678934,12.492993930569131,7.694629038945174,6.0192527450702435,19.96622614390949,127.0
19.093138561731998,16.052952402472016,9.854254741452893,5.370937435903183,20.539164509439768,137.0
20.605209875003464,14.634452299947597,7.711107136211629,5.891464093681902,19.77844381283068,117.0
23.02317337337587,17.628968708764152,10.30751793559313,6.4440564085236005,21.779629249380896,138.0
20.854258925225352,16.952200927241837,7.166246452203923,4.943420075545982,18.1752836569724,149.0
18.30920057643579,15.751977456197153,4.312833747281683,4.510790930836584,16.05109008209329,143.0
19.578017403906266,18.071294147087613,5.677973335619131,6.188228876404112,17.057680207281162,164.0
15.575880987919657,14.711959874205236,4.889096255646418,3.5480338334467048,15.612203124584635,181.0
13.837198048696962,15.20598964929893,4.120543678999256,1.7526916903758307,12.740380589084292,175.0
11.80249102953455,12.802105958210175,2.4150650008862122,-0.5428439653333701,15.099530158225635,173.0
6.109749947596704,9.989543340474178,2.742316923760497,0.28934711197200436,12.328304316566202,215.0
10.371867999583785,9.741259612579476,2.096846499663746,3.309092541995689,14.47139099683124,200.0
11.149666270528588,10.689010250356235,2.7271899045374655,6.262365290550294,14.907651093792339,212.0
13.121965198094014,11.605450307896675,5.065777943505484,8.972655447883263,17.24964812786701,184.0
17.286096424605525,14.485319054247958,7.4076535189607515,10.510898617556037,19.620277866572632,157.0
14.997965124927553,10.930708315971572,5.895955558376266,5.601728353508133,14.639369496188404,170.0
18.84385439362159,12.143394038572147,8.275737566294818,7.3697436978018045,17.67985002191702,180.0
16.619271754155726,11.11306610127357,6.158024422784287,8.783537998959233,17.494400396220755,167.0
13.98982950963082,11.29251701344687,2.009425525217674,6.91116524345502,15.866342778310198,186.0
13.640722829122353,11.764129440458547,4.411809576570408,7.9835122640463565,15.484239799689625,188.0
15.155689105512574,11.266262060637068,3.756851719927882,9.313097392503447,14.705769559545317,192.0
17.168011757322493,13.7192357903473,8.06240455369335,9.305611446688372,15.664860629465458,159.0
15.212468135358382,13.175897361030747,9.140885626626577,5.725397267517755,9.872000268354837,172.0
14.751963688332669,10.492283740365906,9.402173924296433,5.273927890775153,10.221054121423098,161.0
17.790705327653164,10.935530132037364,10.187660882745842,8.583227034401055,12.729627268636406,178.0
18.601428245708767,11.817824343137433,8.636600404696459,11.621684134750698,13.195985059364265,171.0
20.781778109958253,13.26366424806675,9.993470842763372,14.357294913280066,15.80015468574211,172.0
20.000319090938504,16.09592177362677,11.001314423333747,13.103797877767285,18.227577885330156,149.0
17.25975284522181,12.61071692492176,9.38933545724369,12.56211577382902,17.6885153433671,154.0
17.465482280544144,14.957595662622095,11.251378650685046,12.369642091814317,19.48201070981527,152.0
13.552145041043556,10.58715441746825,6.593564706443768,11.780965318670104,15.558780879082146,171.0
7.970761046944299,7.6848058941916175,5.408864447585543,6.561241513327241,16.544108551593116,185.0
10.478052192119964,6.691478671292802,6.340322806462372,8.596979686525469,16.331706618851648,167.0
8.774378004974604,7.374759472073382,5.792427859698016,9.6496059360039,14.862302893127179,183.0
9.085832573640499,6.140530359269583,3.7627928791235217,6.525716060825568,14.709180417660107,152.0
12.016877230066697,9.384122758253959,3.8921103331912636,8.52247484706568,17.22935841142606,148.0
11.830644492583,6.1792625261784515,5.183161785174272,9.108999931098142,15.94957807179941,138.0
9.810838692971025,6.928783826139856,5.57609798196089,11.387044996404844,14.665042940456498,120.0
14.56257015011439,9.097101346911721,9.487071507212892,13.176846224461126,17.910985998844442,159.0
15.191765275563567,11.629929155962964,9.865230958063544,12.80227916743349,16.18834187356341,147.0
15.110556693736592,10.668123339123197,8.104100214555856,11.176450959868669,17.436483556902687,179.0
13.389073369079107,9.385444412562872,6.410172551917926,10.702432795403599,14.614538469518074,206.0
16.595781737708137,11.567370098621314,9.14066029972927,12.037352663170893,14.200061748309919,209.0
15.612727147315201,6.024058415977087,4.824104370916716,8.377252949138082,13.27165623229958,214.0
13.915170780753641,5.985698682185042,4.920643805743934,11.935048852043428,10.853227006879992,191.0
18.511256036492025,10.155044623295794,7.926185765975288,14.244800258763098,13.830972278611846,171.0
11.689255406688618,4.314016611628709,5.100736669506411,13.486708620567669,11.815264481780826,172.0
6.981251723775311,2.1774172616267125,5.901838245294048,9.063243670380695,11.476380731179761,155.0
7.881466196929761,2.4167393791874643,4.5877551348711005,6.931563923740876,10.170910448059177,184.0
11.733329182816174,6.705867581146325,6.92090908347634,11.276183266541707,11.393847694866489,181.0
16.189277061303493,6.916245015656763,7.846604067411683,9.983031289738678,14.689879006473966,155.0
11.785063396502622,4.768851949496743,6.678682496923167,8.477116880335004,13.769924678198,157.0
12.806041217207971,7.171167151305248,8.693397407704467,8.06545448713887,11.119616819364987,168.0
13.744056905033535,7.821826130332496,9.123554057471814,11.491575751831204,12.131474005371045,153.0
14.191579295586585,8.370040368147325,7.916950072620344,10.702957563670354,10.581394714495099,126.0
14.387472865609054,7.193203644320508,7.546753073821863,12.993072235711649,9.001860086980766,169.0
15.695917840980782,9.379837244145733,9.112596066129532,14.371308109376479,11.965290578676607,160.0
16.289400262547556,11.295888921280168,10.012497578395816,17.39377028513738,15.137441706889218,191.0
14.622879997333003,8.913759803876207,9.58724961812257,16.665384279621335,14.761225580230011,194.0
11.614149450943927,7.231701527965835,9.478895183173599,15.232749909418953,12.26620493510018,207.0
8.064498445377314,6.4002469905400865,8.529295904192074,13.34115715067724,9.89162756641624,211.0
9.946158063715048,8.367131735136946,8.205472631863282,12.700986096712896,9.406472824331177,221.0
14.223333904430273,8.983698175678885,8.596499646424707,12.99174099313256,13.896162074933915,181.0
14.52976825959535,10.220899590070342,10.28968954031118,13.824770313483649,15.509736386249818,167.0
11.516082406092174,13.573250383212962,11.172062214767761,14.827517629907875,13.490438733146442,126.0
11.988532574286982,11.40507451710908,11.29697208877007,15.818978973814506,15.0539405615281,132.0
13.299244845485351,13.203386076276846,12.088743390022525,20.068208852629507,17.123491127928382,110.0
14.09854625786799,14.592366184108261,11.612127093415486,22.502365869596716,16.066826869512173,123.0
11.942774510204021,12.546751332278962,11.974586826763073,21.74591177752079,13.293174449520944,131.0
11.743560044983578,12.198133730816119,12.031481864992742,19.841897061171508,12.976158296274743,146.0
13.244991225338735,11.305295058515076,12.06823778408867,21.266084209737734,11.622106770587205,132.0
7.3816036875590285,6.050205958237937,9.115426063533064,17.27135417538659,8.85510676736208,128.0
6.8720088361260805,5.34528128677937,9.551375659058133,18.33540679637872,9.607008532618554,119.0
9.432657624822873,9.06139729374772,13.112406532791946,22.79350987203337,11.319190289558328,123.0
10.38657635786599,8.277351203579258,15.971285604778068,22.61280022143081,11.636369485674031,101.0
10.853351891168634,7.068641585053318,14.15845922496342,20.072533352591865,10.916993477141443,91.0
11.886864031626951,8.433391266708563,16.814491844239488,19.37526097196369,11.650569943417889,81.0
11.8816736127444,9.479083297372553,14.975903792830604,18.729148346240635,9.499991006230323,81.0
11.429199803780707,10.441186148996952,11.874768721478695,20.128845843245216,7.839497056475324,100.0
10.94274184945538,11.001971013620718,11.068828306361345,18.43500982677636,9.47506378229649,95.0
10.046294815172699,10.764474048686552,11.422036982978737,19.31313842482103,7.71954371513111,127.0
7.6829646659195365,8.105043499889744,11.577858337925024,18.323198300864433,4.82270676870804,110.0
5.93207585533948,8.03660970357619,12.522293312329312,17.729930848410284,5.05468806923255,117.0
8.075197588692411,9.292377176301722,16.12684686229464,16.964741521549605,7.087378646054411,126.0
9.35445179060444,8.384844536407808,14.517391845452007,16.84607559928419,6.9472615793529915,121.0
5.784134368382418,6.524712871407512,15.052169856125314,15.95959113462235,7.245310171690012,129.0
7.7640606077746295,10.929309556161353,14.886397488386953,17.901447455490064,7.320515488669748,96.0
7.496945246080003,9.543689756138306,14.835142776519362,16.800161805328177,6.380079931668195,111.0
9.887811112950464,14.788249548187764,14.513641822515142,20.275153075031415,9.934292404323894,112.0
11.007280210848364,13.425059931100119,15.29477311949745,19.298821967577048,10.673622262457034,122.0
9.459936604183541,9.331528706622457,14.673913060637167,16.83995413369648,7.332381513039618,120.0
9.570803908026818,9.355556969996005,12.23757360800649,16.802876201448676,5.636956588258954,122.0
6.406776040859514,5.975579729961732,7.135748176317283,13.159541058187084,2.491747364624766,132.0
10.167692679495387,9.22590607271049,11.944389480872445,16.74254783287773,5.554408774563648,136.0
10.823008761077158,9.197751927027983,9.598966730467755,16.631629692669932,4.2300014958971905,120.0
10.193708292685015,9.109429922375652,12.45807608769535,18.870461870404,3.890482275658748,113.0
11.397712363095374,8.200387619309762,13.34379123484516,21.049835076521457,7.508207441159451,107.0
10.732752869575359,8.200567837814638,12.22176692037047,17.894599615730332,7.406138986998224,111.0
8.799869950310812,6.777284566612829,11.962031399318244,19.82372916856937,9.173523895164102,88.0
9.235923576952262,11.71259467504589,14.635183147242662,20.25224686790498,13.43988784344934,108.0
8.033615143741432,10.376664998665142,11.805886482378018,17.712292597360285,8.963569844802251,87.0
5.751426659421271,8.175404075162875,8.97942492084397,15.012603351150856,5.946188433445459,128.0
7.683935530993054,9.078333579202795,9.908011881176101,17.367669127396585,5.013571744925244,123.0
9.643056814927284,10.490062864869104,11.742084456253478,19.58180861511609,6.576564939495038,123.0
11.879189325355572,13.471710206619896,16.839327655652742,24.925152614946626,11.301062778864754,122.0
11.87386709192578,14.88244839624318,16.45928517899754,24.24121800134244,10.29036132140457,120.0
9.584029375352557,15.479889076394699,17.44618562545645,25.962910561117482,8.499094318893802,133.0
10.95503597396911,14.693693281274328,18.693990959990785,25.81112747143841,9.78329379573251,102.0
9.074215654049217,13.459989364922368,20.23631482590089,25.912873616949838,9.678628342921074,130.0
10.397958600129227,12.268107949644023,20.54201543124483,26.110899164207044,11.131722588710272,110.0
9.320992839836437,12.348736432146893,18.800721188931803,23.460891116573478,11.348187732371082,115.0
9.026669332350693,14.743685258230247,20.112247103405995,22.2797423683527,14.773405555355648,103.0
10.203676198441324,15.720967321898296,21.603457985284766,22.753162362014308,16.62434191980286,85.0
8.446032879315817,12.664505253844268,17.290859648807068,20.498807605702368,12.781232646400852,119.0
11.323003862193007,12.434346386323233,17.127662039246513,19.449586045537906,13.936193294474357,103.0
10.301388220250324,11.7457762661718,15.786020078212802,16.900501782462353,8.285717246114018,104.0
10.619881826606786,12.308341771069367,16.160293109883796,15.803205886915503,8.280690185514565,86.0
12.231427123150748,12.038508047282036,16.544725862772786,21.318103560882168,9.748342721580393,96.0
8.462545303807836,11.02783871489007,16.19158944397787,20.852494548636,8.249766209924296,86.0
12.445322078371728,11.570106089883359,18.52289500024421,22.618547127060488,9.843082192551588,101.0
12.650271565655501,11.31294537768354,17.30215763910648,23.38381750405262,10.914932257154042,83.0
9.356541352932805,9.988749279393904,14.591108036783751,21.020777078971044,10.640549516143517,110.0
7.610885514172731,8.566983932683602,13.151387655528755,17.246295056083223,6.1617071037192925,85.0
7.5772766383253,12.148636779167402,14.237320309541932,19.58821599676286,6.41114638172639,93.0
3.936675007300753,5.038486421959615,12.132483945734712,20.473619431924135,1.5291677994721322,109.0
6.37478543435525,2.8029321139655305,10.647004694958827,22.499694940392907,0.9307171670302896,96.0
9.501347903234798,5.580983088234536,11.857926250848337,25.166596338752555,1.6768280483178355,104.0
8.26584573197455,7.045025981032367,14.453329445549713,25.625000116924394,4.121624559405358,97.0
7.286042075533571,7.677182453004288,13.992582460468405,24.296725698181227,4.4884281682982765,100.0
6.927304368253102,6.859272333539964,15.94713895355693,24.71311698556055,7.150312328711966,114.0
7.722599134703118,7.408347864108604,17.058377403230665,22.73535366286923,8.888696757421194,114.0
11.132168818289697,12.18108693458251,19.321089441972184,28.57478169486296,11.713704229417516,119.0
14.072975570017206,13.44892142990019,21.843585670211922,29.023618391960945,10.79051071435685,139.0
14.262854923259486,14.226896793058728,22.50754373140643,30.068694100292152,12.89349165215911,168.0
12.583609767430922,11.729082838749111,20.478721313240005,25.75450526163034,11.222573697799437,147.0
13.42015226975455,14.094951436460104,20.984929260973757,26.02526793227594,14.415734229399256,137.0
13.908764178895193,17.51699302749817,21.07129729907924,28.79490201515508,18.171653539873923,161.0
13.556918358750819,18.51388419456785,21.62518817729471,29.372825287998143,17.763547516014338,168.0
14.98131336667646,20.38376322951362,25.190799319906738,32.081995682945184,15.73596980012146,151.0
13.736969974638276,20.016529544680814,24.107265527906502,31.05378582262905,14.194308491717806,161.0
14.954011197717321,19.295932820306493,23.5948409976521,30.644677018466748,12.424791612354001,160.0
12.408039929826,19.043125279202293,23.732358971367884,29.657041139130772,12.034329269166658,162.0
13.165911260133367,17.164489823315076,25.934503708239212,29.726926885995784,11.692978316723465,156.0
11.70867766429366,19.109360613338573,24.663345380378406,29.35179690408038,12.139464847788222,176.0
11.871226203656205,20.25221707454128,26.646841381533157,28.399221724402192,13.02972418965284,145.0
9.449383936852477,16.75103508381757,30.029022976721016,28.00127884362895,14.971930515467616,162.0
6.844448084495573,14.798853994582077,26.13700985810106,24.545873869813175,11.720858604701338,142.0
6.440949409882871,12.66638389557956,24.930105618577997,26.874764119774103,10.774585932790174,103.0
7.003843092601578,13.040453505790653,27.826080810214698,27.268898896659085,13.055242543067504,110.0
7.613988283722582,14.054267650978492,27.433853521735184,25.365716272493387,12.68569718410776,79.0
7.287614897950322,14.069201347240478,28.479093309616353,25.05038724753718,12.73288456372333,96.0
8.180109157513986,14.806736035438865,25.54694677344677,24.98448243894473,12.637231229628206,100.0
10.986177651461377,18.363290592598517,26.811443278752222,31.41261741643053,15.58453645270268,101.0
9.091875095935757,17.06337099933996,25.070718695967017,31.016305144622397,16.746026939292424,118.0
9.546755455213997,13.721181568463217,25.11909593926417,31.945448811883313,14.388050811950574,173.0
12.35541856233385,14.043215880972479,25.691416762625288,34.70713592293942,13.96647287494252,186.0
13.73429439567659,18.347751402212147,27.605816188303013,34.30989033254013,14.803615579129938,164.0
15.772864889584234,20.012024113408614,28.023981020667463,37.28539677793705,19.833108826440224,169.0
12.694524549172584,19.562309137108027,24.715284943560366,33.24184696531579,16.520278481573936,157.0
14.475355336113294,20.90261358616446,26.334299943301602,33.3364651033169,16.75030853274405,144.0
15.918934895972487,22.246682966444183,28.805572846409145,34.377884278153395,17.675513742379742,181.0
18.578267626142768,22.227483169894217,29.65275510577667,32.77618299152405,20.593498788908533,178.0
16.766276863793415,24.348868946283165,31.92220082388475,35.08691154988626,19.841326342252934,207.0
15.701919140583,23.443899926156472,32.84363956270281,32.743355963615606,20.058119618814196,215.0
18.81192477338483,23.3874423778305,31.228481217363147,35.34436590215108,19.94113154317707,262.0
16.331196486945917,20.126368719761714,29.971273705419268,32.3237950261805,16.52512869180579,224.0
16.11086763960214,20.745630591383776,29.379738856281733,30.92938343573782,17.06090333566845,220.0
16.18249897743905,20.547512236367314,27.2803805467015,30.14184007368699,15.368512708025941,179.0
17.825211629599778,20.42734341568414,23.571127072784765,30.750004027680973,13.771357953330515,147.0
17.06894484040435,18.97798490572294,20.719256346223357,30.029275986426814,14.616941905150124,96.0
15.566006433747223,19.056365443072544,18.234499050751673,31.24431221531027,10.929166248858024,125.0
15.260433725475629,21.751021087735623,22.578260524245817,30.956963824876397,13.120948589123781,121.0
17.94238801266544,22.32385451027504,21.3075489176232,31.98076312149798,13.607535649935368,132.0
14.78117802549206,18.978728731464646,21.14929827151002,30.35847146424951,10.420527882172783,122.0
10.745669372305418,16.341276075399833,20.040409964260142,25.151554194404437,11.158862076254067,99.0
11.421440615381268,17.155732278844685,19.17418008827677,26.036513799939893,11.11696976444945,75.0
14.399284025007791,19.659463096383174,20.88448079903044,28.331546996272774,10.877430177011249,79.0
13.458519030094315,19.48508293452849,21.201619706101482,28.09413785965745,12.303419700928089,91.0
15.268156362721678,19.771387451590915,22.072184432584294,26.579949166658583,12.257505719668895,92.0
14.478301100270967,19.985913988912383,18.8049256342756,26.268573011955628,11.270589189841788,84.0
16.557771155703918,21.700030509770134,25.3558446657432,28.062246945293843,14.511934265957768,59.0
18.410290339307124,22.983139089435454,24.840883719281113,30.08220920411468,15.364393757082857,88.0
17.108130836524325,21.00601460622223,20.824096505986578,27.044323161485792,12.961163518860001,80.0
15.825223163400679,22.291549123255656,23.353494992823187,30.03376684792829,14.698960009733739,93.0
13.422437150764157,19.781635291156284,22.56168628032127,31.619027164106846,14.893677874481515,112.0
16.426124160586614,22.453760551343652,26.340811914462915,32.85277923696365,17.725009213680117,127.0
18.137206604718045,24.06844535870657,28.85614962735527,33.78994408387621,16.945590108505048,136.0
17.687123241824157,26.592647745370478,27.44634251400333,34.24195000125744,17.89249701108292,126.0
20.211842033429136,30.735835801420595,30.505150578145383,37.13133967227152,21.05444998134918,174.0
20.531271760762724,31.56948760274946,33.08777416393536,38.1798399991154,21.838371799398345,232.0
21.228289975606675,31.215568531390282,30.2565706230805,37.43183298646238,20.424177418882913,268.0
22.34652588856432,31.896238811138325,35.08499408165014,40.97693901241227,21.766487739010607,253.0
26.760370844237038,31.643751490471534,36.22835435193497,39.98463116065237,23.43483985011732,360.0
25.82804760043814,31.03991149755219,34.38463173628575,40.936587729468826,25.39936417110357,310.0
24.292035893894084,32.12854044196837,33.22764135315426,41.06037261407377,25.201118284764945,356.0
23.97383392700373,28.945101655871,31.334388148755114,37.46096662583722,21.688389355856316,332.0
25.0280021033491,30.166416426637877,33.584751766348795,39.33803572412182,23.7171622615354,325.0
23.976519921459577,30.768138219399965,35.80142302116488,39.67230242809381,23.061810381428426,303.0
24.8745253240439,28.465948894584546,35.51687692909878,36.06091722379189,19.331459971272977,271.0
23.870930574697116,26.858062491999146,32.6998723742586,34.348772886034396,19.23279972781819,265.0
21.690431958408045,23.606247476698414,29.123801769378986,33.841452207065416,17.67104284187802,201.0
18.227858240631594,23.66450430037946,29.88076032034686,30.766553831687567,16.169560102984537,180.0
17.317723101920414,23.133391472905757,32.240421176723714,31.61505746618095,20.149880842176692,175.0
19.07241399425937,26.92454959349904,32.298852065139435,31.403013446098633,21.07564281561911,183.0
23.649030027965956,30.985413580836045,36.21605885079124,36.32627207623878,23.411817087002575,224.0
24.742172847739138,29.453055020748554,34.09799913574412,33.29504709069448,22.943169595656514,229.0
22.92029884841497,29.951388847505637,32.31678834404777,34.22338683865716,21.1888488551212,273.0
22.946882689992865,27.07461535787825,32.65377528019192,32.10370008697638,22.33158185477155,237.0
26.44359761897371,28.066799253044334,33.78961788320485,32.51474505779986,23.480042282689336,252.0
23.527949064307325,27.473676256801255,34.488232215618,29.38688479210232,22.047047579364815,236.0
25.35666050174988,28.65215647899998,34.17425875594205,27.292134974748855,23.618021238224625,171.0
23.267398634027792,27.87026314969915,31.850357286985048,28.892928819938344,23.70905863744741,155.0
26.316213010398627,30.394406881347464,30.692275865240955,31.581341231751068,25.91758610833245,230.0
27.122414436952457,33.660484321139904,31.842088576256764,31.367495652093343,22.749679588162234,311.0
25.955782498610283,29.760535526472527,29.32967981394561,30.77476911548715,18.793781093404803,361.0
28.893641204553234,31.745853033269803,31.851626550480127,32.996345824266506,22.897253319035016,446.0
30.19368748137224,34.6782171492959,33.93079801766569,35.38600573436144,26.872367201228805,473.0
31.80968838403321,33.91403061890867,36.67386730165686,33.76030296832656,27.146999580451386,454.0
28.581152870057412,32.56833189948927,35.32932929458357,32.02594249025681,24.02809368940639,456.0
29.01513006234464,34.22504315966302,37.967428859730816,34.562944013960575,26.97862725757328,396.0
30.737640430870105,33.96081746943446,38.37999267990952,33.267548144522905,26.993483729674228,337.0
29.046875019478588,31.489792389131864,35.64243376197854,33.63246600502676,26.42912703358883,343.0
29.679866445838663,31.97624949400029,36.80234654949021,34.40568178356728,27.492138518550625,367.0
30.839339832577032,34.403816219267625,35.12329096869588,36.12102393045695,29.309645198919924,384.0
32.06990896739761,33.85435053478285,35.13868834939018,35.726365596457086,29.755049489799234,420.0
32.321420079265664,33.900743692668584,32.87162595236827,33.23023395445922,30.105831833911694,465.0
33.93354861274253,40.23636025423926,36.32911477712223,39.34502618879597,32.35811430493048,455.0
31.353320554623608,38.609523935147294,34.065590470192475,36.761652687611424,31.85473958236959,474.0
31.372094350322914,40.923187202025986,33.54081334327456,35.79291656562244,32.18467251121791,520.0
26.63372605532586,39.05048915623613,32.64343798856216,32.45484240033951,29.008196567517928,569.0
29.229911175435216,41.81926212903013,35.15499888794176,37.02932939338032,34.4824975250354,530.0
31.720448472070903,41.12400183337109,35.79444138506459,40.02897412230567,34.71862880174824,457.0
31.423973626700224,41.88378790565907,34.57565658244505,36.875724568409225,36.375933816161435,475.0
33.18580769357269,38.78424735700434,37.371673004656515,38.180109064553434,36.055668701327946,454.0
34.53351588222902,38.750357273187014,37.48490545915465,36.655777120664666,36.99988850787828,405.0
33.64786032803007,35.50557902642332,36.27605725900256,36.34718057158068,36.81326146001663,415.0
33.08221058017696,35.06882920717021,37.014693015743966,33.322980012194364,36.53786058131254,371.0
33.59638584397272,36.237719613678394,36.23379081350934,32.87580039481868,37.564441128456444,376.0
32.34296849315632,31.966367891424145,33.254476787870246,30.822841405338853,34.713412741183944,415.0
33.63922994574957,33.08591177083949,33.80233105217153,29.408925021412273,33.76146291432486,481.0
33.33371470624228,33.772629556196755,32.33378581045491,30.46591512292587,31.78013969335989,501.0
29.270877859049353,31.924056484892656,30.75880992458198,31.270177363882596,28.377761062758516,590.0
28.768219584226326,31.077166258323643,30.202598165836015,30.863549044673302,26.610416096947688,506.0
29.53231539646133,30.62244539941401,31.920958770003136,30.085898013289523,27.985755459455206,536.0
30.649906425016557,27.73252283686133,29.941263022566197,28.38677262701232,27.120934457150216,401.0
29.77069030549873,27.9722629440247,33.83812107285005,26.360915942443572,25.76199325027129,320.0
30.419543882560642,25.112148905491487,32.9486701720352,23.221668647829933,26.407496191369955,220.0
27.950559829867537,24.426318045644052,31.483273781794477,23.252161763803432,25.70544254454594,169.0
26.50779937746544,26.26836894446904,29.75622514807194,21.993901349644073,28.05586989614067,138.0
26.327538384690275,29.66150327405252,31.500511819657174,22.67799872992086,27.60004977690287,155.0
28.669574765738474,30.105664365921093,30.998743200677207,24.75606319517545,26.33905881075328,199.0
33.43874511028396,32.31019642762409,33.20669556632085,25.724772454134257,26.772508944326027,222.0
33.38051670045831,34.54787410941632,33.29691217105597,24.039520939223348,28.15700450208871,290.0
30.381853784113943,31.74485231607621,31.889580355196383,21.610671087038924,27.43511265931688,320.0
28.0352128124364,32.726596484587425,32.36106405830035,21.197109682044413,29.435238619732047,306.0
29.8780865192983,33.435877024352074,29.92766470325883,20.90602560184203,29.55066071173799,320.0
31.023815745709108,33.040258829816594,30.088154793346632,20.774783958196142,29.514840555911665,304.0
28.897796882105443,30.944564125037456,27.17876454549895,20.084981834938297,27.110334447292,266.0
32.92456192370864,35.2997164994098,28.871463203993656,23.247990324494737,27.727443573229227,223.0
29.923653168228782,34.890104617235686,27.2248043845521,22.540490709599787,27.757324090135093,214.0
30.8445617630334,32.6047079686514,26.272832297738425,22.796263123104794,30.61882969433368,203.0
31.01396087097251,32.93152353411592,26.131619025846124,24.480261179022285,27.656268338452442,199.0
31.262720573523065,30.366669197694787,26.274986581413447,25.876251865173366,28.726046116920372,178.0
29.333391368023744,30.90967169443263,28.290680218045058,23.731745135842605,27.677639137978257,155.0
30.16383306366238,30.382005342401154,27.721672027683336,25.96747067055111,28.287135524920956,157.0
29.32384628209086,29.95254813906853,24.72098594575661,24.46093133037769,28.9932441086862,153.0
31.584785415489456,28.84292822085852,26.055646859290764,24.451971343950852,29.774043791607593,128.0
30.036482364852624,27.72997378608118,24.820636213435137,21.94656796706739,29.40015726437489,133.0
28.818708513168346,27.168440117712123,23.13400449036752,20.401413364469246,29.117029422882077,116.0
25.055527207640765,30.927554519007487,22.26921995296241,22.143629585941916,30.825492892098495,99.0
29.349574971196116,33.780006260984536,29.363388043638082,23.490577711392675,33.03152593011949,131.0
32.44076217914856,32.91472326502085,26.932432559477498,26.097402408023285,32.372261856411114,160.0
29.683131249139628,30.533445995101918,23.552218137883855,22.485348321255493,29.662628342213022,159.0
30.302725998540037,30.902340223850008,25.323951453028783,19.675924013780357,29.416426457832525,178.0
30.29969582709157,29.041289102671684,26.36755061243744,18.10387345861399,27.53454089393688,124.0
33.876881276105706,31.057225799485014,26.141144901733355,17.645228930126112,29.34727156552303,136.0
34.80933357706161,32.49104802718268,25.201595329816907,18.341865084133275,29.45134557716945,150.0
32.22813983079305,29.054004187297135,24.91125782836582,17.61039082826119,29.23288533937542,129.0
33.57239447656873,31.332544724257563,27.660224624596218,18.109180127250937,33.7043753022364,165.0
33.178513083935336,31.59905938561873,28.90751604237284,18.23835829002028,32.74654010307997,164.0
32.60844783392635,30.123575897099435,24.13687008457333,16.59477729586069,32.34392723055719,160.0
33.20555114405217,31.69449320586505,24.339245034758545,19.44989289389012,32.07141188385344,152.0
34.61463330082743,31.610095030518263,25.997963681878137,19.30457518441572,32.1848030693901,159.0
37.47660893554902,29.066394178025316,23.01616698162067,17.055376868395047,32.76192863278033,126.0
35.3768860414964,27.46557169124609,21.20455255832538,15.916391505479503,33.3420672639697,118.0
32.69165148029495,26.325341856421957,20.849628454984874,15.10904998106312,31.416111156769645,118.0
31.582572937132404,25.464083632532432,22.50947103848206,15.129052866125162,32.24595177471659,111.0
30.296940586813626,25.806172130842203,22.956605054023267,17.399684774894837,31.499892234338663,93.0
29.759872668088303,28.54490103758732,22.40792156542016,17.235494018603806,27.776032166721755,96.0
27.980918530221036,28.22406084468849,22.00185846553977,14.757893574341509,27.382150838158605,117.0
29.9519595200942,29.426411451510603,23.179070568878313,13.507442776589599,29.289711524887633,106.0
34.21397144564992,29.94275033337373,25.202836584801027,14.741592247346553,30.96620494282498,103.0
31.572395516045585,28.026652594359675,22.873413666669265,10.116959299850556,27.58847976618095,102.0
32.98605486467139,26.82424045148778,20.57647939633799,12.152331930338734,30.752691981762148,118.0
30.796863407009955,24.276625951102382,19.502347794043327,13.564705066101268,28.74814649347146,90.0
31.773004507883865,25.093881464968952,19.37838427939142,12.57563975528676,29.099799516569227,101.0
26.816859179672754,22.555617669162253,17.630153754099297,9.453889181714603,26.291295231298996,92.0
27.42613793608148,25.941874517313703,17.08903232491041,10.819934278016067,27.19015498035892,77.0
29.120463876051033,29.62370820216779,21.491483674450272,11.79236106947279,30.383308221296943,116.0
27.39387550299044,27.972767149783785,17.825907205647134,10.877956101102427,29.525424883087346,112.0
29.57796370345883,26.36329252749543,19.135384659411987,11.56651368957844,30.562014805791357,114.0
28.639279308309952,24.386987909516844,20.69801472695149,8.858101005651541,30.355549194081878,127.0
26.581699981475296,25.414740558352158,22.360249600924956,11.87309549770411,31.610892853320426,123.0
27.102652858172114,25.181080479767214,20.840337070598032,13.35225571444343,28.74473182765093,116.0
27.03165659107013,22.79199669442119,20.800348226626856,10.54543186911761,27.74835232015456,122.0
27.606294172673664,24.37917186691214,20.256099597702093,12.423701390626546,31.10111423769944,122.0
26.81137716644754,26.004845197735584,18.79125334092995,11.839290448739906,30.381047335033564,125.0
28.66574587657149,29.843397573210027,19.784325287376255,12.986711183847376,27.615492654099793,143.0
30.156330307613434,33.04024088932842,22.393133313727827,16.53131120625008,29.673310226746885,175.0
32.73320804919278,32.86892852553175,23.533661335430804,18.60984003270112,31.853944452358192,221.0
32.432508744003314,32.6175915270921,23.53198884994906,17.794224451640805,31.384948778753696,225.0
32.87934362900094,29.333314091061965,24.77505966607169,18.665537809625345,30.300165776813838,201.0
33.6524167898132,27.023632956502546,23.03514282515676,17.78175967061008,29.969157806515263,185.0
33.82746501792436,27.112752430471016,24.345857570807734,18.166675072230788,28.80072031250681,158.0
31.367824549659403,28.308647904743637,22.13667849522682,16.622866702974463,27.53272391628307,145.0
27.130985085136906,27.58391037355371,19.877295519011227,15.219948330296246,27.579607013172136,137.0
28.438219050853547,27.796927963651935,18.982205210902073,16.869107640391036,29.877931542005985,100.0
28.84374444592527,25.592833285833592,20.61595731993266,13.689751480179323,29.757980605778013,91.0
29.059623629300514,25.137794886719174,21.44352076640863,12.058600162394002,26.422496546716744,93.0
26.844819042934443,25.158473084479844,18.513821795581425,11.591486570581955,25.207067773047424,89.0
27.58643124662746,22.55996998935688,18.24257189798824,12.489398861762881,26.570829048028237,85.0
27.52872653877158,23.190361483195336,17.226426211046117,10.797964943000792,27.665918343822543,83.0
26.91655716897472,20.366261906338135,14.941392075963373,7.823995869159047,25.93991049719256,88.0
30.148252532859622,21.960015879542844,16.17171952897301,7.41525727128827,25.539614956312274,73.0
25.90381997235243,18.461041850417843,15.848915739499652,4.559817799672474,23.743332163123558,92.0
27.71979541483976,21.48330845999922,16.7688315606059,7.040774105186882,22.55796805239233,96.0
27.13146648487829,22.834395050885565,18.198271472787653,7.8454512243396834,26.55556909453243,101.0
27.502469086719483,20.703974781929066,16.909226778072966,8.188643799089839,27.74213248471959,112.0
26.612424931156752,20.012492946589543,15.480889593671536,5.3024714606885635,27.342364540966756,116.0
25.835092917262802,15.854139247033864,14.260184565707185,5.762363031598932,28.648003778891443,133.0
31.16518029671654,18.49753462773102,16.01985505510574,8.38223191597887,29.74989946289445,100.0
32.94957913406415,19.62271983971924,19.970533472300435,8.67065288972111,30.781801736056106,150.0
30.961284401156398,19.10836168397886,21.481283530088167,9.265982710402017,31.10041137582842,155.0
30.037660430350748,21.20347124196624,20.47767618356672,9.048393189328332,30.694534013203562,155.0
28.60214850243439,21.687614786799106,19.55156467974244,7.447237540215944,29.45470742869935,158.0
29.004092687912284,20.11501762965956,19.78564048284067,7.9255180634936995,30.50115808686492,135.0
27.50295006838551,21.551369686638214,19.75647261807212,9.239837709111818,28.300180366460662,181.0
27.580118494182255,23.236766770179656,21.48893478598434,13.406425743146718,30.916980746898123,161.0
29.390791102908853,22.666304686147036,19.18331850386688,15.808692114496797,33.14760405912821,149.0
25.96746852103108,20.717993307843994,18.090062262450523,14.576148913941225,30.443020974903607,174.0
30.251773041478607,23.348569131568123,20.673232698226336,15.746912108673293,30.281697030073943,154.0
29.259921096401683,19.922125099329886,19.68582729266464,11.015981752923434,29.58535521401608,154.0
28.40866730419625,16.450412483327696,17.591776444184646,11.983424159557766,29.52094921059411,164.0
25.98014263608914,18.90568267368225,12.918691642456452,10.376465602606965,28.076814172447953,160.0
24.622991619390348,19.623956933502917,14.034389367347313,10.545243250278949,29.56149611774259,122.0
20.688986130244288,16.317349730707342,11.776373137481361,10.775333437992673,24.836767573245538,112.0
20.615661570752444,17.52175235447708,14.03891631182991,13.365468990459625,24.12240226504376,100.0
19.560826822299653,15.70468214064222,11.097705876011073,11.895588451487523,21.426079787061934,75.0
21.855127056057455,16.84925751825495,12.741666692880806,10.51240132471482,23.565226711832825,83.0
22.285498838061493,19.55133444908037,15.736512336474275,10.469808762541945,28.859145387227198,81.0
20.86284406667122,18.467781682851218,13.208286544748926,12.771500088687944,28.278624150058057,75.0
22.257396856904993,18.385805316692753,15.983775712683478,12.793903932526355,29.147118850618003,95.0
22.272460415668633,18.685804949932617,15.976170336449618,12.388160666458965,27.895337951899815,96.0
25.39452524459501,19.79554619666553,15.68377336347287,10.451300011624106,29.29302264292015,101.0
23.984895145794393,17.752333518996902,15.347579298092205,10.878475669190252,28.1800447285367,94.0
24.928184712305754,17.826619039115876,15.644248676780308,10.26159210385179,26.640383137397325,100.0
25.301017120848524,17.31027289916644,17.595892466854785,12.745172583911668,27.43159232718876,104.0
23.400806181557478,18.837890063970875,14.997125018845454,10.922158041452125,25.327921523584944,100.0
23.081548865160606,20.47304073273701,14.473627228063116,9.032491262197498,22.64919856298259,83.0
23.706795585700068,22.87400599487329,14.698523449675372,9.847926057650106,24.148558784726497,79.0
23.51248730357168,20.890554107137824,13.703142312766266,9.971615599037131,23.147539536564448,82.0
23.428355945048363,18.36219145799577,11.61358336193193,9.450983305902298,20.891652298062418,103.0
20.407976695640542,14.490595331209338,7.895978345873105,5.366089545244555,19.490922527756627,98.0
21.94750257151636,15.628454916980292,9.747774612453123,4.699191382842171,18.0748674232617,125.0
24.190000829944413,14.975452381799315,9.938170356054366,8.848308737806464,17.819178477995127,101.0
21.66785875183606,12.08822406726995,7.7985521219329925,10.133401587022494,18.889144891075826,104.0
20.87884292161668,12.798101535704532,8.145449579588071,11.077394001145777,18.931128236708666,97.0
23.595199041149456,14.058649342220317,8.769184550156812,12.290760732222566,20.71856777851775,113.0
23.539391491264105,13.38880899310949,8.995044934970398,13.126107761364837,19.711260040422914,151.0
20.984993537783062,10.251697019089177,7.138311025708278,9.187298008710686,14.639354246594241,106.0
19.679840552682514,10.788691932230002,8.221889412059813,8.808443375403739,15.37355517040868,114.0
16.061591468922984,7.645192533495452,4.61547405377571,6.766868908852713,13.387614771660797,130.0
20.636408469659784,11.609949945431197,7.869205608483819,9.131766829818647,17.86611208258023,128.0
17.30113879568943,12.935061321942738,8.197316457104414,3.6331157055385246,17.640218062295112,117.0
20.08093155953529,13.9474745857377,6.6205173294022615,2.598749881505378,20.84891981646276,137.0
18.483560750497286,13.198786729510486,6.621601177169905,2.2138006263651793,20.490299136511723,127.0
16.608324522346344,9.149312427225054,7.161679185606305,3.881622028803834,19.23684797706328,137.0
19.646418368285087,12.042522079297719,10.512920775102746,6.459446058834504,24.68453471873816,119.0
21.37105704325021,14.4729600010374,11.910232748204875,3.1160633569033953,23.117261237088318,131.0
19.562937567394034,11.868491135215097,13.173207321839211,4.921107479098202,25.488886961942143,172.0
18.476558366628588,14.135565353183063,11.916735867971592,5.671520487788319,23.054628317914528,153.0
22.206105539889993,13.939660553857932,12.368742333704592,7.951249455670018,23.79908791331281,157.0
16.044534134171904,9.381697254847499,8.463481437415584,4.763755461712476,19.568225683123636,172.0
16.199150661703335,8.188754774023959,5.978565239070772,3.250420252447598,17.62935396872033,131.0
16.779840483463698,7.968148943443492,3.8775405324508743,2.3366306520909843,14.289141052088931,132.0
15.660206795944386,7.280868656356617,2.838726073212797,0.6741773265200912,9.732171150315484,160.0
17.01255176334276,6.341471577161533,1.4499286188384364,2.3194404049457615,12.138888615167318,185.0
16.432067778916835,6.2313145546747135,3.2517922042486243,2.613929124775196,11.14240498205992,174.0
16.81472766809028,6.3435341928440225,5.387235324629751,4.782598557632304,9.912712577572602,145.0
17.586962959902394,7.863478035517636,6.159881954268046,6.064811155384378,11.049952202871566,151.0
19.17632711251594,9.032084890549559,8.124334226753037,5.374667388503102,15.987225391105634,155.0
16.478198909098584,9.926064464764286,7.31232462838758,4.549189161235285,12.79498191985001,170.0
16.901812460735236,11.338287307357223,8.343785084830847,7.025625662627565,14.39817154389766,182.0
17.62675477792715,11.417321332768777,8.130997108431236,5.573858671412019,14.037537025321864,180.0
21.081852170781026,11.585611929432178,10.184593992943178,6.9236991523343425,13.346634440179852,198.0
21.57909404008128,10.637692868634492,9.586308296617792,8.809849204063926,14.946577953329765,198.0
19.560596199096207,11.88380977843407,11.599528800361046,8.170300682071037,16.142977472121842,168.0
16.703938835525207,4.861739435660533,6.444743004481058,3.701024249726226,11.837902570353716,187.0
17.11804520706441,5.177922061086486,8.390888359691045,5.885652924627337,13.289201641519941,182.0
17.97346728095954,4.92547902684186,8.565864979216366,7.752603546202751,14.5016076386693,176.0
15.767284810633788,5.548585619184982,7.963739755734783,7.241118246734624,12.082045602560942,162.0
18.89329919493617,10.135874285356529,12.926575656524628,11.764066021482979,15.700709699257505,157.0
16.79928889072566,9.053719178629056,11.039859679854397,8.105782945297996,14.239317461045392,147.0
16.510881935949307,10.560353147638377,10.313940809109177,8.840110187503326,13.93175259053545,154.0
12.794034135145218,9.106234009368572,8.0324584183158,9.479702558566693,13.434792249172887,156.0
11.718256194476938,9.31701410502791,8.542223263925713,6.3095875379491275,12.89651799560536,171.0
15.927090304566292,11.356128762640534,7.4826170397831495,5.476596794565834,15.258898888303477,179.0
18.468260081279425,12.294901389376054,7.587789498881182,7.9303495508789155,16.243547193635568,196.0
18.865883818158192,13.61816846048728,10.816341404212693,9.334590362067143,15.107862912018675,171.0
18.673175192449552,19.16664539275411,13.050119989412938,11.382543830914036,19.322838461232525,172.0
14.175572196499612,17.676426540717486,13.073457638717006,8.920530139309681,18.14246437776139,168.0
14.696037444568804,16.319095867475934,13.0920968939418,8.658747276716218,15.520703022523671,196.0
16.816195789453673,15.79483153513218,13.328614316566481,10.199296638203004,16.512710229092455,179.0
19.06919152253696,17.209027202160993,16.187709536868645,10.68657743103633,16.611311042906372,170.0
17.88158859842366,17.17015048423255,15.553931098914223,10.479787849151213,17.712048185707108,177.0
18.77479011222203,16.349758121631368,13.492071120394812,13.861322177483805,15.230096581631718,159.0
11.767567699312345,10.5667420165178,10.518410782767237,11.296571911423317,12.73627549592248,162.0
12.96094741011068,12.363016119447623,12.504137436975167,14.0258192051888,13.672585646199758,155.0
12.09632513766077,13.478965409406165,15.437566835411708,13.13777369297017,10.474564333559725,160.0
12.29422343340644,12.473724744243235,16.378554437823926,15.235452085307257,9.243114330856294,123.0
12.837438857063127,15.098105971460038,16.00541356764814,17.53943545389273,11.941143315295713,122.0
7.547610996391202,12.996863208171103,13.43191813917178,15.535557581056759,7.278938804214348,126.0
7.55486734806772,11.20796671472526,14.181325002703893,17.767803621925893,4.650657751113041,120.0
7.301859486098911,11.787401177020971,10.895087428810907,16.525845554033268,3.8773627060983165,153.0
9.271512667874461,10.741511796956953,12.345844650631225,19.60611150286443,6.489941660006829,129.0
9.322946773907255,9.453878676490325,10.321161172817533,19.096076223577825,7.035062477707328,116.0
11.535950570573224,8.316819708449732,11.547729734305737,20.88992435984817,9.972272106849196,106.0
8.537889563174993,4.740298505642649,8.826419907412614,20.83000106016845,9.446222522334482,135.0
8.091214068758905,4.0462618524161655,5.067278582588711,17.72073030690652,10.359244392423925,118.0
8.729826672176912,2.2116469687143727,6.362760985880524,18.171606428940926,10.837664930019518,122.0
8.438905310791505,3.391715820729277,8.740849138531521,22.0529316835751,12.839405701865752,114.0
11.456712476026215,6.532817151098927,9.390244476859765,21.88601574556276,15.037794999338196,116.0
12.652756627277444,8.2795194775218,10.838518169216579,22.94756757514731,15.22828752153356,104.0
11.809954428933382,7.839378856251473,11.429400022861554,23.109979653641204,16.70014360070032,120.0
11.838048323256167,7.520456190881981,8.405110017149754,19.380600136436026,11.032337252542543,120.0
15.668761412408525,11.218218964724882,12.872511460124414,22.461674484140936,13.346022872464914,106.0
12.038407600200285,5.969532230601098,10.507446645306835,15.82045273055991,7.282673255047869,104.0
10.934697198533172,6.719828882011328,11.425387387430053,14.150880252933568,8.2026568762024,134.0
7.354173697633704,4.297716143514982,9.219455555301952,13.494570123188469,5.8711732420799185,126.0
6.5286762841687604,8.061422119792168,5.37289714126356,11.20708312235433,7.185601002848664,157.0
8.643082524008888,9.240893377525593,5.022682112300837,11.522060994278883,7.345617990236827,163.0
6.479212714866445,6.507484668451804,6.504379991381367,12.548154721245522,2.6260925550037078,155.0
7.336064869965385,8.67612019888886,7.206744151075462,12.144218296532333,4.436413522597681,139.0
3.6303669172398685,8.507145493363925,4.853671638706928,11.003466787321795,4.337554641327046,140.0
6.483832533279439,7.93193014357058,5.365632592138196,14.072310949432682,6.983948374373115,128.0
9.06371480342212,9.733320847335174,9.478602086558832,16.407951849967976,8.91279248760473,148.0
7.478260021942965,8.472822078401121,8.485181797891954,13.838203322823553,7.257235658435484,143.0
7.010656980214739,7.117305286322495,6.28120284229664,13.7350250645089,6.946695432743898,181.0
7.553682678851283,9.833828280733696,8.493937531516988,15.17646280307522,6.925457177265624,183.0
2.8420554363740296,9.421395345783495,5.072601809751878,13.354480972376882,4.716061830593906,207.0
3.8015825777010983,9.65620308278294,5.308264668250218,14.997832835367575,7.621183625234326,200.0
7.810905323977411,10.693403320518751,10.773281515398551,17.438406210139252,9.762476510127245,166.0
5.508167201287521,7.575087657059209,10.957380706953392,17.73586641575099,10.98420803699993,178.0
5.47747959778385,4.571751095229701,7.809495611775319,15.742513883838404,8.207047072667972,168.0
6.680901755880679,8.05974332456344,8.01108254177925,18.802268696290156,9.803277815340039,154.0
8.096049892029013,9.896432121348797,9.915341469562485,19.574300466577444,10.031871457764339,127.0
7.622968962538951,10.724876732025372,10.739219880382242,20.446583467172896,10.071400410210982,137.0
8.593278805825108,11.024617814452533,13.19066434241699,19.479192154419717,10.466086063588694,134.0
6.808974687738407,11.742333662309173,12.642168842910467,19.799120610509714,10.792301493709939,117.0
7.701679193868556,10.922895137830036,13.171408535901618,17.885811373851894,12.695560700411864,119.0
8.743379827232125,12.539779082294928,16.190502005598262,20.429699094285656,13.78500220311873,112.0
10.385980239521624,12.73550692729399,14.312376571690326,20.720152852580508,13.761534083053023,117.0
10.057036788184096,11.632897997114576,15.800676816144371,19.701953309790266,13.900209699239234,103.0
10.697929305252437,9.322998389455964,15.57276623971577,19.942233609108357,14.585195549668274,114.0
8.964289723243262,8.628050045524898,13.826019755117793,19.22143392622967,12.667491184851663,140.0
9.425828957973003,9.010995479703743,11.128002286256619,20.336621407529528,13.201319434598204,108.0
10.223890709608131,12.624185156423945,12.038306884656313,21.671607053298818,13.35500985551424,105.0
10.996868349474777,12.471944282737468,13.19583391488716,21.507745394188603,9.158008242505444,103.0
9.200483358892438,9.311693093332483,13.304237623888795,18.319346432467256,3.841157926300223,93.0
6.455761416316247,9.08690398499827,11.056850439742234,16.383470591278076,3.0411362492623617,107.0
5.497097446131525,10.007197481140063,14.115834121946946,21.24564935127822,3.524269189342853,99.0
5.140906647471095,8.237951787939373,13.811106418777989,20.544888758534075,1.2071343634454754,110.0
5.569449028251657,9.522371369048303,14.687251643433658,20.08351797451872,-0.17184139474116478,125.0
6.970187405848538,11.295700544384326,14.734932933636667,19.148356157791287,3.1665116330576843,119.0
7.794311855000654,11.973117669598862,15.889839086332609,20.974763371698764,7.149201360593806,129.0
2.779765783493888,9.64325415770759,13.146985513672451,18.942836602634287,1.0165568380648846,97.0
3.87327910371099,9.787581905057007,12.914024484009424,19.609599636050614,2.166207477006181,123.0
3.6282313579965706,12.315613740958655,13.27917669822967,19.853545509544396,3.644693390096723,93.0
6.733735647809037,11.959014782289907,16.157485141898857,21.171398737947378,6.378176091241528,117.0
2.9392731358440765,10.908969964895448,14.027197119107543,16.870045970767507,5.513442822255913,108.0
2.323406968773554,9.076955137603647,12.583851543627958,16.543886891697245,5.121480078661612,127.0
1.8708411586540237,9.154276075246035,14.465717307780563,20.656653322284267,8.226805604847845,109.0
3.4216334706195974,10.57343269239474,11.64299305038493,20.11458548935061,6.202560063955653,108.0
5.468648967378245,10.953131233033275,11.681749235324984,16.958230995367526,6.825056834672693,127.0
7.180355304265525,15.867305034701525,14.332417592111543,18.19453052684621,8.51868325704832,123.0
9.753845196779066,17.65743813074171,17.12696587866349,20.53298998683031,8.633250515170138,111.0
8.470721337122022,16.262273131684694,16.25967933969939,18.83246373693695,8.045472725282524,99.0
8.778157004368751,17.18342696384714,18.038329351551564,19.14550885403013,6.754122587720358,102.0
9.834847552731517,17.319760122887576,19.204507260303465,21.86859590442586,10.000430852921893,90.0
6.1605026546198385,15.434677912494486,17.700530167433715,22.158894104571516,10.028410220342643,107.0
7.23623565817479,14.568584969413495,14.198592476140101,21.13190590657653,8.254943360857649,112.0
4.978956219291346,14.05632140942796,16.03898960954957,26.086510181798506,9.763134384690312,110.0
7.289480459090574,16.866379828723822,16.76206366820368,27.245522532313224,10.974772325516048,123.0
6.6113808646998,14.418026078894622,16.686011347710053,23.201322569903255,7.242402665395524,119.0
6.20613918386907,14.348264842063125,18.718045796391117,23.295967860982483,5.180112625920363,97.0
9.35540007325884,16.39654047596771,19.742835283417424,25.103048979720064,9.684234701981833,78.0
10.182585653434947,16.510153535809184,18.581534231612224,24.90224117326956,7.692027266782466,94.0
12.507267924528442,19.22854832933578,22.89572615857067,28.345691490651884,10.339329033396602,94.0
11.651298916830944,19.245709952136664,19.676437436587346,26.788420991830186,11.44716071551315,106.0
10.337318038646513,15.688690579944392,17.125829902933223,25.20592284144276,9.76479810903825,98.0
12.211824757445047,17.507800937239125,17.717375306641255,27.36610272262703,10.430030950108344,98.0
11.803952695258777,15.74184713919574,19.580990287122134,25.873785846805404,10.065235202537277,98.0
12.28289207696301,15.56764733961925,21.549813650031325,29.037690769531906,8.492574794202088,104.0
11.505469132599023,16.710947746469763,21.475800886855293,28.62020369012454,9.590590646437876,126.0
11.538660580042695,19.634335940579795,20.386721517105297,27.983812871066757,10.274643637584083,120.0
9.408745589050223,18.934677495380352,18.419728533638338,25.22124067513724,6.722641317293242,122.0
8.79932902462517,19.2678550935358,17.978239011319566,28.078700245701423,8.529352207090508,100.0
13.173736538878716,20.64982584549577,21.047328489840705,27.446005593400187,10.08718456315002,111.0
10.172176639118799,20.620405887475354,24.24154952816305,26.722212746336147,11.942717939875369,115.0
12.952827888352994,21.142277596980705,23.939197128242807,29.885465517526633,12.844639367927723,103.0
9.585432793940747,19.864257835185317,22.735199899197294,26.852834809286083,10.45616183201022,122.0
7.7861341181870545,16.186326171372446,21.81853368896521,25.291101473174944,6.636541994246951,110.0
8.846833704945036,16.28244568162294,19.99905581987664,25.483788085782585,5.5879739317971975,85.0
11.920391444589184,18.075145937698597,19.796017107993727,26.75194033689976,7.114015129509496,92.0
13.726515008956563,17.527126726055823,20.750267180722695,26.972983752009007,9.88539630112194,93.0
12.46301379920667,16.22864469561833,21.804232109799816,25.626548056383232,11.450364083582157,89.0
11.265198977944348,13.564808361673002,23.300901218048388,25.15396933587214,10.863687322256213,70.0
10.048200129778813,13.46318500694286,20.050104656559814,23.94845451360277,11.050111863138627,89.0
7.250844754855649,11.55937217072975,18.12293527296925,24.027396124672016,10.567005425223407,89.0
11.84774039435733,16.763581746092797,20.99702803200011,24.125164154573056,12.442244207603329,67.0
12.642180415244013,17.61645805917439,23.894081730118003,28.127152561129307,11.308807342044185,97.0
11.93183186340784,14.249214720057985,23.216187461630433,28.752881968703903,10.898153274041391,97.0
11.123980690142506,12.980311349283614,21.509538368482374,30.127712855878016,9.560739357440312,116.0
11.504250520314883,15.104978739333944,23.21465234692296,33.40171317241903,10.158159077591863,141.0
12.206584019529197,15.920486926704886,23.188334246924878,30.814748688443228,13.056106948527296,147.0
11.475170514167296,17.173426272463683,23.117084297813612,30.811532330472783,13.161347951074346,146.0
10.947606620536686,17.3089573506535,25.25892896281713,30.08552661010876,13.636591274784848,187.0
16.128093205290654,22.349812540636627,26.744349486010538,35.23065042267816,15.59843264436806,152.0
13.470338814048729,23.996373477544864,24.030777647390604,33.18611531900912,13.892685831020112,155.0
14.514217940050983,23.791220624818134,22.973524336529444,33.72082457211537,13.943306388865397,146.0
14.884945359868919,23.420593028868645,25.679942762321183,34.73206304527114,13.082226602016528,172.0
13.865972811278162,23.572022332374395,26.541211647538606,31.765700492230604,12.41761046419482,164.0
15.50338123922086,21.5192164585533,27.629060200564307,32.88472079380702,10.648220228550315,167.0
16.295249480978473,22.22006461900732,30.24729698766361,35.03963523611147,13.718771566779186,182.0
14.11897558740302,21.242506987111202,25.73502383465411,33.55499304082217,10.682634295340428,198.0
14.88503154343449,23.297711708808006,26.186232817369973,33.482257244888366,8.596979714014312,161.0
12.732060600672266,19.50417237799586,24.057538351064835,30.323322701085605,10.840288422964974,146.0
13.116222606212238,16.54250154989032,24.027207964940196,27.070045443548487,12.04035601081994,132.0
13.735084546657252,19.49620743011115,29.173069300409978,28.770354492614555,14.47010765577299,99.0
16.68521171456908,21.958410041593602,28.72836998586993,28.495671210751187,14.568741891847353,110.0
17.14157426643814,24.618016003121088,30.598592731845567,30.014028941126902,14.792916706553495,138.0
21.1201469240649,24.76849966325469,32.0623740835215,29.48220710918314,15.023807384533953,155.0
19.604773361126643,22.939087686260113,31.15063839864279,29.143101291060198,15.775864575399764,157.0
19.098311815792893,21.094290868813857,29.283082243198514,24.929108738727507,13.0468425865816,137.0
16.863600099782992,22.829870650296098,26.596859721260106,23.866024923389656,13.838638326322513,106.0
13.735708930652406,23.295516096809692,26.77844887928016,21.2333529143584,12.89631707435577,84.0
14.181602456033744,23.33451024423595,25.143327797623837,21.867706648035522,14.94782685703473,58.0
18.77376799134518,28.994663760470075,29.146046731365566,25.575599796993977,17.931525798205318,78.0
21.148258204719088,30.68427880085649,31.19553986728788,27.132911538996876,18.04807798188614,105.0
20.486208719412723,32.34812661104465,32.38217600363828,30.44153551310375,19.36256842781543,166.0
21.122254667551086,28.940147434720366,29.760600517214822,29.160077638035744,19.02196107302029,210.0
21.860441768354036,27.307845770749775,29.418178642504646,31.482327406854527,17.817305888723187,196.0
22.38736189068928,29.252670063574982,31.887323518248852,31.035569314344343,21.07614270050736,232.0
27.161152671274955,32.33621030579748,34.77395824068556,34.94827830227211,26.080837522848885,249.0
24.807816024866092,31.778315743656364,35.456261377787676,33.41087730788298,20.598424041429183,292.0
21.097653278517114,30.06185545513129,34.15649835783612,32.38428027246281,19.88865768208733,329.0
21.81003847164043,31.03035153102709,40.55745582157995,33.00573893827897,22.40983583430947,270.0
23.736089043053184,33.94042437826947,39.49212525284936,32.800614365174944,24.01649340285546,233.0
22.767573160338316,31.781842184726386,37.25212462296964,31.884643742591216,23.40447626315497,227.0
20.40504317454696,32.988052489538845,39.42714063393015,33.30365199043992,24.264268011230087,233.0
22.091001630046357,30.793776611660256,37.29671394623315,31.630356656076042,24.362692963782266,191.0
23.467893869428785,30.08382459916142,35.38188675422961,28.746105055564414,22.993012044545388,196.0
22.182405029674896,29.170410471223146,34.60650959198457,27.036475250340047,21.391463450112518,188.0
21.72274891180098,27.4906265529092,35.77267639169595,28.291703691185873,23.23932436530262,117.0
18.205225562238716,24.852834340138116,31.72491118108119,28.47758938615756,21.198787154799685,118.0
17.58411125316003,24.38181159457647,28.614633059284362,27.058120320599663,21.799895018020226,124.0
19.37294274286679,27.721855287715258,33.2187348261385,29.103979211578384,24.656660954679115,128.0
19.333950704820552,25.651526609102515,34.166699861902394,28.59260795688496,25.603694245702435,146.0
21.239303509579376,28.64086379047042,35.63762892219306,30.014719056847085,30.40534079290399,155.0
20.01443256983561,25.539180308255833,33.39165038550028,32.39963767402362,29.53457448071267,144.0
20.927349966365227,25.008929472041284,32.99945106892878,30.915540049949954,27.257429948812636,177.0
19.429245883612232,21.288285704369976,31.051614053015463,29.582297806260566,22.540532841056038,165.0
19.437715040852982,22.19021955275959,32.29814053145495,29.942772248015572,24.765301176147783,204.0
20.768117346475577,26.532671846115335,33.39105965239423,32.24605696795447,26.17838632145645,191.0
20.079649295219113,27.910688395528002,32.194519158136075,32.55190564720325,27.05906423363947,203.0
20.767399707603374,24.94315185723067,31.500482385116495,29.368464665623353,27.57153933820266,230.0
20.075836596907212,24.576700965983402,29.561051518519776,27.41153564979971,24.713448587386015,185.0
20.45531270360072,23.620885265739652,28.955342770200314,25.42349715738517,23.181846990918284,113.0
21.97404927548041,22.860439967504465,30.118240022496433,23.808507295573744,20.643298204722704,102.0
22.060620718634183,25.661923181885566,29.203914120079865,25.49516337461919,23.52232610353797,92.0
22.225559701844155,22.994723936847173,29.464130798097894,27.806193335059007,22.829285336801632,100.0
21.73585135778401,23.079652383907987,27.824439343572088,26.47666955735575,22.29242215615659,100.0
25.73872243874777,28.37723011971095,29.913080180546924,28.844584112391836,24.65364211026867,112.0
24.49328988121998,29.78776918491101,32.18480958403847,30.963346780502093,24.742714610597837,155.0
27.159589578766703,30.155322444402138,36.47331991258624,34.61670997118021,24.670741252116603,220.0
26.577783955797354,30.152072331021607,35.847189619559146,31.533694730722466,24.671197394868635,219.0
26.66494863694487,32.12891494426191,35.175258509254085,33.59964244237524,25.284881022144504,286.0
25.394083736318734,33.127879492897144,33.652263504460436,34.38767521346951,26.691468472733103,292.0
29.56487575221221,35.207546391879205,35.113085701188886,34.10891021774614,28.40528230270402,370.0
32.08799378929352,38.394116126683436,36.17980272839278,36.12298678504741,29.56218747592258,405.0
32.16116717952876,37.03198443789205,35.341028421938645,37.48949095531249,30.222046976535786,390.0
30.977765142372224,36.53733445978791,34.562964496520976,35.2760115473373,31.53716232632786,403.0
33.57782340464831,37.27417902778309,33.6083743131548,36.75503137287495,33.36820342550034,469.0
30.24214817570153,35.29620460810031,32.08636043322505,34.90439004598056,31.290480897997575,574.0
31.19634126078178,33.109419636136,30.655708419231072,34.327981545752394,33.54809703936935,575.0
31.563503178049324,32.15909471831278,32.31925096479305,29.699588718183243,29.19527576086295,618.0
31.01664581340837,31.213115756271325,29.397177070132425,31.182923053152198,29.36615530630079,501.0
33.50792556089909,30.837620067505558,32.4442601668844,34.29509910149193,29.29650344442126,548.0
30.79221893594077,27.82535220174699,29.16818998284122,32.20774713513971,29.60776981594795,431.0
31.687105279422568,29.78416401933981,30.43294581145959,30.45198771844863,30.097325328780055,397.0
30.863620681337764,28.945172169616605,32.43028379156824,27.037735831173343,30.45603724868816,346.0
29.992645710760335,28.502186010195604,33.09793535455611,29.696801934766395,32.51828744301943,263.0
32.033560440048035,30.454899884884373,35.30093243165533,30.388122844623656,31.78613289680273,294.0
30.87188450171769,32.03877280647323,34.08184221431107,27.730714534205614,31.75348635153224,301.0
30.18028692722425,31.98577462235393,32.29775689866642,24.65000136936026,28.378630656947117,310.0
29.95022998347777,30.40079035080055,35.079968376973305,25.86192501389674,27.725882951252608,280.0
29.176570226940363,29.886449168428342,34.619646656831684,22.672580042645784,26.659418316229857,210.0
32.74815350229267,33.266109473910916,34.097401218418234,27.84726071231163,30.342546773748307,252.0
28.447209114669263,34.998758386223315,31.262191655564173,25.82951059300516,30.58280390714315,275.0
26.776982294709182,32.49742142043894,30.377689274383822,24.708823073488727,29.298138330040043,292.0
29.223021377326067,37.459551999030474,32.14967138439846,27.38365656738899,28.42654761518436,370.0
28.882248869058024,37.22331270146062,32.14011597990355,28.625459161967335,27.75857078796651,392.0
29.332833540104556,35.696230744323486,30.646287800146478,25.559355735195258,23.78719907947411,465.0
24.269449988909393,32.753027114325114,28.17076844332176,24.442276653849323,24.5058525491686,325.0
22.196678240240743,32.51789367076638,28.3438756892396,23.14175359872035,26.207508381814375,195.0
22.16930064105927,30.156104580728165,25.82056657003066,25.652519191249258,27.12922158398985,144.0
26.345330156369947,31.961695775530085,29.118372678640643,27.440488194396107,29.244874941232066,144.0
23.845428162539232,28.842906472523467,27.093521270853795,25.83484955163804,28.279887650283705,130.0
26.207188257180064,31.779767186667872,28.13108802719937,26.96091160435811,29.56863739989195,144.0
24.01645041798392,27.265927058412952,24.67204782592401,21.543072159939285,28.892841042429765,116.0
27.369924026381444,30.82600372652027,26.034051257418707,24.10598396674399,29.66033049088374,104.0
27.988933135554927,30.3474294685524,25.828401046003176,22.982350351763188,28.741873971801816,120.0
31.517270905132886,30.72653943907601,29.054842209411852,26.741530693641455,27.42300706988039,134.0
35.47420901954734,32.29552729445208,30.42259330500762,27.17136152639275,31.221897272894786,176.0
30.026666123505933,28.71294624877727,27.62427226420409,22.85612522972402,28.44862388898857,190.0
29.72124880968515,30.54450162111441,27.119967503120034,23.56867420318614,28.93756248992118,168.0
33.38320150403629,30.307168540076873,26.11925411320488,22.53423741251271,27.744079913370655,145.0
32.91230654001937,27.91700853846061,26.916159626152435,21.827387113169877,29.499030798650935,117.0
33.43535370163015,27.831844882939386,28.052339907177796,23.786469410505187,32.19074866757009,108.0
35.726125875986796,30.712401941841534,30.93688575288726,25.404414105605724,33.564058774449826,153.0
35.97122198460995,31.320492278285666,31.807403310666352,23.62879740381635,35.467803742209504,186.0
36.4819663157479,34.78870668320474,31.18647954440393,25.5691464253389,37.89857542541397,278.0
34.921798951680906,33.153428449887656,31.42842193739622,28.019727349172037,37.207201598776,328.0
33.284444699108164,31.862778303287666,29.7141399421083,25.50014270186639,36.93340203141446,355.0
34.86926722190313,31.53108385378172,29.45888578145342,21.42342164385295,36.76592354288295,315.0
34.78998537598813,31.048010305698064,30.11421297636617,22.47449858635422,36.75502658210385,215.0
32.04124912227169,30.70788862036161,30.17850846085481,22.769234203531983,36.09468091106015,237.0
36.03355899125827,29.761966032338165,33.6090194916276,27.054974450893962,36.713877640097536,244.0
38.61644125391402,33.22239853372833,35.46973967454164,28.824452432336198,41.3161232303273,300.0
35.894478845748246,31.82183260623216,30.10410375581396,24.90519498916453,35.237802557087356,305.0
34.75009971370177,31.429496403000783,26.69138710462099,25.52664462275456,35.121348830848234,283.0
30.783717560453145,28.98955292602519,26.74075264333504,20.136754410697268,32.35656420659892,183.0
33.461482090381125,29.567379367935093,25.746854627280037,21.384607288535705,32.64225477187617,133.0
32.449869397299906,32.49707545765776,26.950524056967996,23.044380633762323,31.63196613081147,129.0
32.07620671073965,32.64848569895519,27.31697513021894,21.29677874730634,29.122837361366063,166.0
30.18948373917056,32.38045958069803,24.720449532892065,19.091933482739098,28.95968857177184,160.0
29.358710508399376,33.841961255288226,23.818229694586,19.7700542816722,29.08900338931678,143.0
31.707208611722002,36.29341722510683,25.604503107475566,20.879703311955183,30.196265741678584,175.0
30.498224585320198,33.93450472071607,25.110571493441427,20.781933845902767,32.171757919809686,197.0
35.07340307439738,32.53196286941803,27.776469900430897,20.721010890705188,32.669706128465414,204.0
34.4554524704038,32.10181497291569,30.196934262214256,19.516219815229174,30.180513617991913,192.0
35.48546867913159,30.119921736159103,29.362630105784064,17.369129546689877,32.166248075254984,201.0
37.57304468222984,28.11314833073851,29.98898831157854,20.61364883065715,32.40090731338231,209.0
37.5288238966917,27.459348019912287,30.460899952625383,21.97098220698073,29.29133234912056,165.0
33.682666467903694,23.44648948130441,26.423703853168135,20.815929658523054,28.138154945864642,155.0
33.16490913456349,26.61576812553559,26.98607574883922,25.035972290498748,32.90434261034159,124.0
32.28257688977287,27.336277955074316,24.156812624163916,24.609368447351116,31.946709608057116,101.0
31.85689965320451,26.46795345144772,21.829290912398417,24.993244654449338,32.35558252355762,92.0
30.340893350187827,24.78792703457396,22.279580541592573,24.151883401478248,32.27048170886597,96.0
29.067124955292595,26.793868656407113,24.32947670659952,23.77185870232381,33.56610476442553,100.0
25.321572829373522,23.315800903435502,23.821980314848627,15.73065655155567,30.966256650251232,80.0
26.909082379262905,21.88229232475627,23.27981889241455,14.956085635757853,30.744129896878,90.0
27.952459824493292,24.47754069585779,23.515758878893507,16.693004454871343,29.329185208049417,99.0
31.015592037089572,27.026334752326225,25.077190768752022,15.966250621283072,31.24889490058174,85.0
33.53061486318987,29.13872631107794,24.957012730973197,17.622020071482545,32.66684425089511,81.0
33.07634893585516,31.88677571357502,26.145580615776304,19.642656130480795,34.43023692797253,106.0
30.2359231649071,29.600150707955734,24.62156579432603,18.545606504505933,30.82230477871763,127.0
28.01266020705905,26.653047209932335,24.762736401079575,18.780856895974942,30.166265549044986,116.0
28.229153278143563,24.841025326440267,21.615860861687732,15.440459999712061,28.81267094065281,124.0
28.1685135710324,25.187519673326754,21.976247602755343,11.865642434783688,29.394005974248284,96.0
32.06245221180652,25.59231742963014,21.162487183493422,15.711345636236727,30.89075783857603,89.0
33.741992578138785,28.799217630861705,19.048324723292833,18.69528774777703,31.85711721469105,87.0
34.644128144113324,30.541713029002125,18.70136300320421,20.261774453928346,30.83775954511857,120.0
38.41595894090105,30.923442271902072,19.964830787010012,21.108995332026982,32.09285076984272,116.0
35.65166504561183,27.026561594394146,16.620857542950024,18.21710282222476,29.651090825441084,92.0
32.507004198209145,26.408091864012608,19.83417475442613,16.02311929061509,29.013410187923647,122.0
30.843206620078465,24.71062198449211,19.814783354370338,13.848124640725391,26.912241397901006,105.0
27.916962989598048,24.682925008200616,20.25896994464437,13.032266901551491,27.704752047037974,100.0
31.135868898990378,30.199737470221052,23.524091802614688,15.38021495659656,31.54866108823706,114.0
31.574423889003658,30.153821302257455,24.99261533071441,13.356687407698711,30.93762564017022,103.0
31.801097091259322,28.022989782667285,26.326919135933018,11.010115065284444,28.483227520131734,117.0
28.748697309249632,27.72476458227438,24.243781655076013,10.158827562855706,28.072959350551006,107.0
30.499406360893175,29.429271218305292,24.154179711821953,13.540794817727068,29.45156957195148,118.0
29.136037512479902,30.729741322814977,22.414125385742985,10.355064463826782,26.02408496145126,128.0
28.588191794722317,28.308816940097508,24.11790470056213,9.362783481033958,25.481162047232928,111.0
28.39781965515136,32.347938700158615,25.238858567412723,12.73364657768675,28.73636051661379,136.0
29.082332187774284,31.445318601898663,24.727106509934547,15.792557677302465,31.660564901927643,172.0
29.372719257049592,33.03966547613932,28.181732850622087,16.3816874779258,33.226465474827805,167.0
33.699045853304305,31.879391518088937,25.82984654635696,15.36886489022566,32.731103647226725,216.0
32.210780686327034,30.388290755321336,24.884095850989166,15.499231193937336,31.817903741290166,240.0
30.149630607394712,28.59044633906465,22.84369525899892,12.76713396204536,31.06476280052809,223.0
30.358338527895828,29.15465766915974,22.765496870452196,13.629393550596278,32.17582170685103,160.0
30.13823643392086,26.685061451141568,21.88141467070397,15.394800554021145,33.04394129017677,160.0
32.302599593209194,23.837990547157446,19.868742260585456,16.42369450465852,34.40783476493348,138.0
29.705221356041324,22.572046532829354,17.046019343038687,11.450573864437587,32.43567275437482,118.0
26.204938782136352,21.163832434788095,15.816295869096063,10.549335614231598,31.821092102135825,102.0
29.56650428848471,21.583283568620345,16.524577854939867,12.502539198281678,32.427788964813104,95.0
26.01702851151269,23.133200161250027,16.474868848714678,11.15294132626014,30.64101994419539,91.0
23.28190820347745,22.44571373753668,15.51105350892292,8.446948917586262,29.853553085567412,80.0
24.835152363704545,20.17031408842769,15.8753862633789,6.688981288960566,30.85216540461183,72.0
24.990498935046922,19.428161568916682,13.716461737854253,7.071892771887393,28.125857799072957,79.0
25.240212551737535,19.695820085974592,12.486541886092533,7.864594664302102,29.949712827157743,84.0
28.985557456347316,22.115480504475283,16.214349263422875,12.391260305740968,33.82589694717388,101.0
32.06329785461882,23.49498535692185,15.956600901181536,15.503457029825167,33.19020618390858,95.0
35.94691217112878,24.946138597540667,17.65135766826555,14.663260017893187,33.42226860178262,141.0
34.08199658570838,22.96221314270125,15.110797311948767,14.565913249296809,33.46732799865162,131.0
35.16912156754076,20.097283935871136,12.20122772517022,14.187175849810126,31.75647567656431,131.0
35.07667088469924,25.04982063605091,16.70337719245387,17.824456039849956,34.15893190082728,154.0
31.11440817413,23.92350994221757,16.20998422752031,16.051727363349528,34.121656813346746,160.0
30.729852463722555,22.544580320107784,15.704599979922659,13.921722890708498,32.77045638518104,159.0
26.314245805267202,24.084832867190485,13.367457228912572,12.073942886743072,33.182170505017126,133.0
24.140460718331912,23.362260003587707,10.824847171713955,9.287876183548278,27.927816036073636,116.0
24.031870368864105,23.38039964844966,12.298904427142899,6.898375938253837,25.487426682938953,103.0
21.94447747817345,20.4732871258984,12.244450292433134,6.599777165809131,23.79829458525581,81.0
26.6109633518922,21.591950920906406,15.93564228068999,13.188407716981501,27.246675448876957,92.0
25.82436648710184,21.03569883610099,14.62821129082375,13.56933566455405,25.838362993054524,78.0
27.881937192871707,19.88422406263617,12.378586064524928,14.118558169707732,26.789945678000546,80.0
26.136261154785952,17.1963858902522,10.58257878209313,10.384216778488382,23.61578484930121,95.0
26.269665577447235,15.17394697273952,12.675423495278602,8.726300494201729,24.798625466751922,102.0
24.466973494882446,17.207304856837215,14.184042622071647,9.770777122468003,24.932168262900404,107.0
25.436697429871888,16.929522027454603,15.628050530475667,8.86901723749248,24.623094455820212,89.0
26.11897689371873,17.548881525115426,15.018243823825845,7.647434757728812,22.89155782590587,112.0
27.180013306384115,18.637313352019106,15.758932897760129,10.552063564532153,24.9901746766037,134.0
27.440319570816744,19.112396331107178,13.343888565292554,10.02691845501265,26.906631016473856,93.0
29.289547924856773,18.951723417952973,13.430167252241981,11.451601766155553,25.868000092389416,96.0
27.26822231850233,18.934433509430264,13.010037988474572,10.287211944316809,25.587119050061595,126.0
23.522520239439523,18.32391115986776,11.39241504999811,10.3937123547249,24.943966078405637,129.0
22.414673102186292,18.57617902324716,10.303463642847719,9.678460296680413,20.631555083567196,149.0
23.62251240752138,20.958828532533186,11.533078718341532,14.433272910457742,25.167477972995865,132.0
20.373189623526727,17.27831026390517,8.712977321525821,12.47623027269967,22.95173904899799,134.0
19.59174199202151,17.212577027540025,6.1387974068396804,13.359838089990488,19.181550304405874,134.0
18.075726580102764,14.598341418158691,6.721451749737021,9.674099056967496,18.049469266671505,115.0
19.469215116244403,14.707513176611577,7.437014164077315,7.046378534906013,18.065166950785443,135.0
21.403856028291607,16.406789251380573,9.509885889743186,9.177880752242537,21.67427862246387,121.0
23.0585268512338,14.811029354120649,11.476643026641396,9.359416756163144,20.440486407032143,111.0
24.167118077782007,14.498429156638016,12.842786510934395,12.375530583149926,20.662297870099344,122.0
23.54130538916656,14.193489303178385,11.807669678157286,12.925335789910788,18.790736418517795,103.0
19.74857951509348,9.85026483812138,8.323450468483147,9.302156583119341,16.84552539347289,94.0
17.335845290269233,10.716958126390589,7.689672010343321,9.682908870810442,19.634660523743683,108.0
16.837850500442894,11.02088011384253,7.2603524929858665,9.90742897346349,17.459529640096505,111.0
18.791504266356135,14.350699222732324,7.779421814857438,8.078175306659825,18.588956626371356,121.0
21.865098672092255,17.578447298016997,13.990968047996947,11.73019321137312,23.803334424889467,120.0
20.89688956302507,15.445740922634592,10.458226226522207,10.843143375515243,22.349920891824645,105.0
23.476717497575383,14.189097677350862,10.865700900501,10.708404916790512,21.570946244519472,99.0
20.216512185454388,11.871866515652764,9.692804819137367,7.055508527842152,18.083104363000814,110.0
20.368157370449453,10.975627101873824,6.78445373809803,10.027445235541213,18.05588603363767,112.0
17.603402437653884,12.924644423788454,5.207011461252175,9.976638463661882,18.051839825820174,163.0
19.257997746864557,15.378204322700919,3.004529370178502,7.142132744354752,18.623485976591734,156.0
15.99544286532523,14.128586457245184,4.953894456078223,7.326913057287449,19.952883057358196,153.0
16.004308977095466,16.744369580423236,6.09809336399307,10.519519200500502,20.64244367705758,157.0
18.104207175848178,17.357245064369884,11.16171206263136,11.967443449687265,22.934560760251586,134.0
18.28832941195661,17.94404675589715,12.015301974487803,13.187585275730116,24.798874126219566,144.0
18.170390179419098,18.99887082853905,12.847080913268421,14.55436355629849,24.583995042821122,129.0
18.927613300233688,16.405831897065582,13.328280691973873,14.274542212643645,21.682681793303956,149.0
20.314925916870166,18.642795159957434,13.301330680762323,15.02275916784682,22.210347346451528,144.0
19.453153797937663,16.899860600443073,11.758714053059595,16.754487239712084,19.335185329696287,138.0
19.920444522608808,15.667931786561706,11.424394734755252,13.42867270280484,18.969782135578022,129.0
18.748949470451034,13.409554970555874,11.846580043386847,11.621653453646015,16.10091154150874,136.0
16.16476825701847,13.525974630084603,10.487730797781765,10.3714732898048,15.236310687721284,127.0
17.34030205788083,16.279895126539834,10.331876125594754,11.373813399006206,16.818611565576738,110.0
17.22824786919571,14.58554106946292,9.191754617456166,10.554786567232782,15.11943922083459,81.0
17.289623437738186,14.179567704320748,11.396613046610376,11.79367957620649,14.784688535176729,88.0
11.141029672721361,10.844933365337273,8.132088826804093,7.562037918256553,12.147789403942136,82.0
11.52097641240628,10.329992188666903,8.376423100933064,7.765147520015981,12.75571111817514,94.0
10.54800508829858,10.89633587884806,7.60602610879908,6.681151503057062,12.852683564571203,101.0
10.861912082915062,10.30954478905709,6.405979492186953,5.199089521923125,11.821257769502344,112.0
13.030844124070635,11.173640207402274,6.763744909217803,7.792730629033368,11.094008801749691,127.0
15.540115586064891,12.941971357839982,6.104757383953846,10.709684266812665,11.731395173603726,112.0
14.743439395186384,10.408743933053966,9.032700788340302,10.670451993186983,9.137055510150603,169.0
13.071322933414793,9.986258715236161,9.371251792150137,12.384258114463188,9.979420778868718,136.0
13.165116561199403,10.029910184183233,8.714745165172591,13.525564668067169,8.343912794834665,173.0
15.49312875988447,10.718088660576182,10.277695119926937,15.336515427971714,10.781097995708784,159.0
13.402839400046318,10.380302543775702,7.480821628395907,12.532425720620672,12.172735945300408,160.0
15.084798948996147,12.925248247079017,11.206582039461184,13.398226348403075,12.13601419621606,198.0
15.078452281699121,14.75818765240866,11.045651517485279,13.475452023318091,12.729229899963062,166.0
14.639071984982646,17.03922294940812,10.126844527304277,11.958422045457018,13.565298249438488,152.0
16.680976643260077,16.072680064420382,11.753795330436926,13.22630412112813,12.829859202098461,141.0
15.08106037128795,17.38069833285451,14.921404759743124,15.630584827697511,15.79994380956677,145.0
13.052399117435225,17.109994756197302,14.602573080617379,15.046197703998352,12.029094837892426,111.0
12.340804456361617,14.027748112317537,11.584040024409024,11.865322245409661,7.160471659915451,113.0
11.669232799846885,9.711232705480786,8.801252657920598,9.968339211135124,5.458625749223858,135.0
10.344052060931984,7.493740545689515,12.992154821179607,8.979895252342516,5.505663022976067,125.0
10.432164384420249,9.219363875794777,14.331807937079093,9.971232722314099,6.884789127116961,106.0
10.185310734470466,7.200525333185459,9.376501760442356,8.841084679582625,3.633948295363708,130.0
8.73605916287505,7.961413986031451,9.491644984865982,10.150063078382868,5.23181144063159,130.0
9.516727810520884,8.42698390509242,8.412809632669157,10.440294141893343,6.832713690674963,118.0
10.421119984488069,10.69775437452456,7.850442922887446,12.239430264378779,7.294115322703522,100.0
9.533358254411155,7.50529122253922,1.8830552799753226,13.131395666878909,4.992181667063491,102.0
9.461114749538561,6.256086750298274,2.9049287616595283,10.22915162487272,4.804338253773075,132.0
8.22044555838541,7.308794956610057,3.658834476743733,12.174204120126241,5.419537340916274,180.0
9.372734828193998,11.251746391955454,7.004165882045651,13.37067811423159,9.561010302951404,228.0
8.81452060494246,11.952495378412813,10.281583002317513,15.855488661854011,9.976196581027391,205.0
8.418746145671253,8.731612306212533,11.090740179729746,14.545685587388576,9.103567166467007,216.0
9.625163561961564,11.028102352421307,12.040448948230434,14.991432687577564,10.367007842520135,207.0
11.65181393404687,11.520963274460769,12.575757188076524,14.950169780161424,13.81863140038995,217.0
10.825817823427652,14.475896522122198,15.353728099622053,16.235833371431102,13.787449112952675,185.0
12.998679251247435,17.65846815068216,14.500558776210536,17.206416651164915,15.688196254937628,177.0
12.781353524416797,15.324198770658764,14.018814042720292,15.742102759396841,12.798733530916994,144.0
10.226338776006799,13.071031089468939,11.251753780958383,14.14325026260222,9.237142265573215,128.0
10.352062457838047,11.400216925818755,14.286326091834983,13.028153151412084,9.76134092623727,133.0
7.217149108496544,8.014995391096182,13.320831586112314,12.788451547869336,9.05139240564576,126.0
6.0499558628308865,5.392323439456888,13.094004747643854,10.867887298990304,7.170389296804811,134.0
3.58678807886635,4.240121115673328,12.788728790042711,10.399842559684355,9.021333436924909,94.0
5.34708431513075,7.129849849442648,12.83973313186409,13.388157112806978,12.736866656486873,119.0
4.136130530872378,6.1151831108068855,10.617101297376422,13.856458709239588,11.999339575057755,102.0
4.897017054671078,5.403327570541926,10.814145940017033,15.480529158797752,8.84606650053904,88.0
3.542439547078869,5.1910001102278756,11.420246014226013,13.004657812497612,10.869490713919536,81.0
5.868122337620273,2.5801351773022105,11.317885283080853,15.575335337675002,7.370928111517408,114.0
8.04986967572604,3.4541645471570757,10.689437787031862,15.45390102075179,7.282949012682437,114.0
5.560778466919762,5.4558795139918335,11.862432097110283,14.707647396990911,4.7960322645166125,156.0
5.097498046564517,4.508878589491961,9.768789455492119,12.370242500532026,4.171440132299659,152.0
6.473768499544368,2.71933786358089,9.735032821515514,9.247229082023228,2.295832738280094,150.0
4.481866906203733,3.4323440506401983,9.474482036191572,11.582581983177604,4.243983304961537,171.0
5.874246119811815,5.036121924778001,11.813827653064639,13.343330195369209,3.762326632653229,165.0
9.556454667341068,7.248495524318511,12.002160858918328,19.368623946101078,9.599967817260367,134.0
10.46766360475861,7.642874343143902,12.137386874943914,19.34676338444043,9.445292035273935,128.0
10.334394742496475,9.61892391055681,14.208185576816211,22.217276919814104,8.863306848639871,141.0
10.586303293100235,8.572678410057893,13.490515063782759,20.142553922168798,9.549761411545376,140.0
9.713268090608308,9.52753471136771,14.475401256127702,20.037787868199636,10.307304963591747,142.0
8.415921674480916,9.218872558009442,14.622659017834822,17.683612277573268,7.647982791154758,147.0
6.561170033764046,8.065537148042798,11.330435279294907,16.061157354017073,7.432811141254882,184.0
9.363121001634358,10.450023258496518,10.968991744443349,18.1005998189334,10.613495033300195,155.0
10.943723542524543,10.344031609988384,12.424288728005305,22.29731772280085,12.780962774173009,165.0
6.631884727998006,4.823696920198552,9.582801725945057,19.50428955093657,8.66192484549787,139.0
7.819490573398315,5.879832187629664,10.391459257511858,18.2631230897365,6.315176566803479,141.0
6.082534255537844,3.2508564277953855,11.466708054323785,17.46096956358042,8.114454844316207,122.0
7.374903667278845,7.003942963981396,12.566253271825364,19.252167603367383,11.275746237628839,145.0
5.367561558629539,8.322459959411816,11.997206672649405,18.918305284038354,9.30075877920351,103.0
10.225844960189795,10.18835297335677,13.837348730805953,21.579097235950062,13.90284118450974,108.0
9.849449553469622,8.268248926340593,13.780528360552191,19.707180867400474,13.376457411287635,107.0
9.338130881135704,11.259502870463862,15.515914618041956,21.62771832447566,10.193483910356163,111.0
10.028482414295176,14.986209511766203,16.76860248705049,23.406409293258605,12.068751384946697,105.0
10.04153587740026,14.714655292448793,17.705026536750925,23.215643086658343,11.19073712932079,109.0
11.362206720114626,16.006797192883628,21.361606087563985,24.981107625532886,11.702596019018953,108.0
7.168966764350003,13.19050266424209,18.02014900530554,21.415961052350273,9.70552117040984,116.0
5.3801343857818775,10.672631946626892,16.23606264280882,20.394421188141397,8.9124276021526,117.0
8.208713653126457,10.3002525745131,15.053205541701814,22.082994786850772,9.672869920674458,128.0
6.541812034980953,8.726592420496576,16.337323404703266,21.141451547257507,8.813620812557723,125.0
5.7564989335952665,9.757365155261107,17.910412616760503,19.350322579129873,8.893611375514704,102.0
5.330364175681197,9.607311969751054,16.464568948432426,21.023917089086357,6.934641980211714,103.0
6.13294697535347,10.387515933177557,14.704072528279795,23.24482892135004,11.9800641348923,92.0
8.043932292434198,9.027049208325959,14.31993486101215,24.095576509706543,7.635434777782076,62.0
11.597561085374917,13.51957081158032,20.524860300424777,25.108473839188456,9.431735170362268,96.0
12.91301076539415,15.793096140970555,21.35238043370166,24.034825110292314,8.683417634270967,82.0
11.795835562069273,15.64061196016938,18.72665939898014,24.649743858258994,6.970618114187365,92.0
8.81151962084082,12.36198516746724,15.91885811239271,24.88862384256381,5.982371205018459,123.0
9.37809640541129,14.193031614940535,16.752670436688014,22.416699977558366,6.469629675046863,87.0
7.134700679391273,10.481041081655654,15.862336939503331,20.079923554480295,3.1834520134898963,106.0
3.3447447471418474,11.63602646012743,13.928996212329054,17.4911055852136,2.768174071597578,142.0
5.984578089202564,13.65255327807911,15.795636733568825,18.297338707139037,4.410799412848014,122.0
4.138836037923283,15.326529897814467,13.579305053033792,16.301030342632174,2.74171455559944,107.0
8.056412169536557,17.94560319086105,16.860994126577175,16.92308651973279,6.102012128615754,99.0
10.480027854033517,17.990480887970854,18.686699339313726,19.093258023884694,6.468825457689944,91.0
9.33241172856698,20.33419611443724,19.671091658370056,21.502053266977526,7.041625107126624,102.0
9.466143904422042,17.055763639525235,19.32436662844984,19.896388142769112,7.133147928156156,97.0
12.588319924942581,17.552074592652144,23.354222024264125,22.34988957877077,10.58670849779751,105.0
14.61444277436606,15.97841186517443,23.854490658368537,25.818155179289942,13.386839333641788,114.0
13.169715249642525,16.287400899252034,25.088674094847157,26.03013652864695,11.131676313781709,101.0
13.619192942826842,16.207689296406496,26.7525909650571,28.044252878155977,10.257510796923597,89.0
15.16004921432621,17.18778517080902,28.875697472593988,29.595696826401646,10.198168140451804,110.0
16.345218313815607,18.675349235632517,29.878675166848335,29.28819637651239,13.287268907152843,155.0
19.67388866704389,18.8058596834694,28.44501095132749,28.50500044199991,14.282566225279115,129.0
22.732223442230783,19.492000093602634,31.025749060409346,31.370968663752457,16.779832306604092,145.0
20.058568222632587,22.560994042147634,29.66911544312573,29.758232890046475,17.957251671368795,144.0
16.89472470741859,20.53920083523662,31.73017053765201,29.204355240833856,15.455711416863132,157.0
17.089758445009444,22.54185515055119,32.07789612583688,29.13635943831471,15.662233007496127,178.0
19.522622524132444,22.767444413275694,29.868769561322107,31.961292466597534,15.861685398438595,186.0
17.13474978306045,19.010117400635274,25.439859442871796,29.29520778077942,16.375454977319386,180.0
14.930548823696821,19.60346125186158,22.3208336235569,26.44317408425391,17.065830996236073,121.0
17.462271736793376,19.305248264202483,22.127975474584062,27.22481024537832,17.031634144552406,111.0
17.61797041354817,16.55161601605407,22.327158917888777,28.4916196225157,13.444988769060117,85.0
16.131524637024114,16.290447161137784,20.612927829792127,27.095367680380377,9.900475659950148,94.0
16.077415033557727,17.664978403213276,22.49104748392276,28.983011526158975,11.717870942816,87.0
13.385477113337624,17.788282657105466,22.59102047207113,27.333085725149793,11.090481696752644,81.0
14.665772543216034,19.24978962156533,25.051786436183992,31.262798974814395,13.105004535699457,92.0
11.527438872319705,17.20037947816403,24.845030913618324,29.69026114121527,12.71035329833275,130.0
8.036094511705846,16.38373930259825,26.058306342138977,31.014892096081052,13.11551072589415,125.0
11.785130797550606,18.261186887183374,26.805367499294555,31.901375755041045,12.60108702763559,147.0
10.435156967635733,17.87413145922636,26.57169292846864,31.454321377800834,14.13865237200422,161.0
7.0951074376664565,14.970504655684413,22.144399388077815,31.885000428840044,12.036891342143177,164.0
7.043016829666779,18.12681955243616,21.770137391549234,29.6344742600272,10.965366266957437,139.0
11.865116812863077,18.53246362999174,23.54067256447997,30.307832498178602,14.594698174968446,159.0
13.442552220752225,18.296153444982895,24.138704857884697,28.605894074573968,15.706688225759693,122.0
12.534190068284895,13.887534000170742,23.323651615769485,29.447600482039636,14.113525012269648,136.0
12.532082777972294,13.435764705017752,20.50328029371605,27.157734933143395,13.349105670071028,142.0
14.391789401417734,17.171372425961447,21.143276174832586,27.83742423744419,14.731676164397747,101.0
14.842186914122415,13.26192313428386,21.624607337994444,28.055389596750913,16.500464476221318,95.0
17.718343924208273,18.201261912214232,24.654189283104568,27.856804295023377,16.447002659651922,93.0
18.726550620019033,19.66294491009477,25.5608960303111,29.733535235573708,16.49391225944291,100.0
20.147422121011054,19.60069600294587,27.73756680532029,31.080696975277938,20.737452266208876,101.0
19.31497332757673,20.03723601819462,22.057246976646454,31.70639631586667,17.444816546552776,115.0
19.67541742804413,24.240969672959142,22.354541024733525,34.04775897542116,18.770874754851253,133.0
18.000342354678963,24.52337683734253,22.579929099837567,29.78166680165179,16.949314859600364,159.0
13.938898467597264,21.19470097892218,20.69198046579575,28.57724263159684,14.218286613708486,133.0
12.44490512549887,20.237150607584258,20.751281733981266,28.37842563152855,11.772520142921234,115.0
11.606695206492889,21.29220726904003,21.01930319450836,26.968298596143303,11.486652883932093,126.0
15.731946985794714,26.58896220280188,24.66424397797745,31.111311217273084,15.941292317127846,109.0
17.548853437634367,29.43242098887564,27.177875719164792,33.211881124965316,17.012867738371884,114.0
15.769212312013213,26.730553576909244,29.37370860156294,31.138083542786887,17.1704213460532,147.0
17.08922062610391,23.425619863602044,26.1751850547145,30.25665750727593,15.38153416132972,147.0
13.25892591170968,21.20409724034428,22.91529124029376,27.867283910936685,11.495375475244234,127.0
14.057816938120848,19.43892374585581,21.264948990848836,27.07684946676062,12.769003807658613,119.0
13.834759758443909,18.98956509781025,20.957317464688025,25.509654700395995,14.15788619014694,76.0
16.254657460392576,24.364879568641374,25.25291040042685,29.61784608957139,19.358771432954654,79.0
13.567715099187456,24.94289459331128,20.747633627131158,28.58204475978421,17.48134239166069,115.0
15.887416250186092,25.943203448373417,24.133307558622604,29.526611361505413,18.37383723800081,111.0
13.1440571811719,23.573212873566685,22.425019873733973,29.064518106247583,14.037020198230923,113.0
12.981857212142419,23.963218727389368,22.699912679132844,27.788402893094506,14.831492120413804,108.0
12.606276414490083,22.405156660960543,23.07382128744031,27.384497845668452,15.822875681438783,86.0
13.594647471300874,23.727596347531,25.094375323540536,28.499337708218054,16.35655961992242,102.0
14.207201083238967,20.98045349320805,27.9646468104403,31.17515117140541,17.957039209848215,101.0
13.952763266723235,20.598531032473442,27.774896648224995,30.525032740944596,18.572384500796513,138.0
11.341128638208781,17.41273589371135,25.757137905769934,31.426095658701474,13.906353062059216,142.0
10.903741608675801,20.986824064328,25.66354330873815,32.54546323245713,14.654600865919916,125.0
11.662991063139376,20.550635660575487,24.61394184960581,32.41357995726067,16.80267660406602,144.0
10.62170483206036,19.117096014572148,23.170476216378923,30.840841901841866,16.355093948251188,142.0
12.333966646829069,20.696965052962945,26.15087150283906,30.70695738136399,13.77129067903856,147.0
7.778348497087428,15.69236130572747,22.959627547539696,26.441541041683898,8.066119802730878,123.0
9.21152945805857,19.038692385443355,23.48155538779303,25.462739007284945,10.50187906153555,112.0
11.20675727157597,16.951419918693944,23.990606602192805,25.216353774786132,10.150250136257707,93.0
16.30365036652954,17.621318521274613,22.789102073655016,30.196972505091843,12.584043124622694,90.0
16.610046963689634,22.481603704926457,25.534904757982176,32.610103640269344,15.559708736526833,115.0
19.636082740583607,25.986345912805607,27.87873484829066,34.04935392282122,17.084996944568232,136.0
18.151595394315496,27.354532420528475,28.853438412049783,33.7778947111702,17.241878337319772,123.0
19.814823368579276,27.34115247342957,27.088719185216938,30.086985175630478,20.112047631638216,150.0
21.584110114509247,27.6058034562298,27.558466815644955,29.738325797380263,21.224469567095827,133.0
20.97525139486156,28.279141538344117,27.015126220144055,28.171993108606717,20.278219963723135,98.0
18.468891401994057,26.727386629921135,27.70664595028483,25.144385850360592,20.008157680921425,94.0
22.612087174396226,28.518088726834694,30.61901851230172,24.830991261491278,23.943216868662187,93.0
23.844500387111076,28.09862407072472,29.587388807150017,23.97692946583395,24.343756114796587,97.0
22.400836844500812,27.52750409162757,25.857101510043893,25.297019407362573,21.676602246075902,88.0
22.169072168271946,25.15394641162943,26.40104183365864,26.37928987163325,20.200699674371336,70.0
22.392446184263587,27.124024873881577,27.992421851211816,27.464050330236216,20.596860345117676,72.0
25.445346519532386,27.004561284299623,31.498832460638532,29.833116933896715,20.279592315999857,106.0
25.1218578938312,28.87321561811703,31.007628242053034,30.803243513697094,23.789523704227776,180.0
21.871310130895097,24.22498008316895,29.271938302212263,28.909568936720216,21.83433663014151,167.0
22.17292521372867,26.961459859503854,30.637854634171873,32.112080604148105,19.20660273994944,191.0
23.402310503138757,27.89697937249811,28.755579661555018,31.027339493662176,23.44386219707502,182.0
20.95813268626282,25.315174176702207,29.405976198065222,30.567230147398217,21.726115357167266,151.0
22.15669635678832,28.188561414978395,31.302690411549825,30.326897541672107,24.534835267247626,187.0
25.68080857873599,30.590216498294485,34.96344895539209,34.7546397742346,27.973073408471013,213.0
29.475298733354936,31.83265572560961,39.459578980763105,35.826291459597954,29.851137860436076,257.0
26.90908171652574,28.463029002479367,35.646618658277646,32.726626837488446,27.39628134801774,249.0
24.154740002756842,28.25454973543784,33.53564311236524,28.174718776194368,25.82457902344476,207.0
25.003825879835787,29.519908706551732,35.79294218380552,26.84902664000074,28.425151223225797,157.0
29.08886386357939,31.942615360304263,37.84879687849394,30.183489787187757,28.997984229323155,188.0
25.543584800099694,27.74711706783313,35.21064814632517,27.26434511417348,27.284035384076354,171.0
28.269585685348773,29.47937414534402,37.30496003073154,28.66069278897814,28.956542358920675,177.0
29.45036523333986,30.78859456880817,36.56771729701323,31.038461992041082,29.618116809503135,178.0
26.53180228244283,30.60932275046011,34.05039054907672,29.733975074146905,29.94142184289727,270.0
24.35873845824188,27.65403368737495,34.398763858581965,28.21140044389378,28.83696895106419,223.0
23.84326199471145,28.177437672891426,32.95092745081254,28.25094129071401,31.440796842110426,214.0
24.36554184066849,28.50087978615059,33.531157687488985,29.011554766967045,30.725657366437453,191.0
25.80593313006746,31.182746064819636,34.81074101472687,32.510372624029046,30.251012521208676,221.0
27.136947904540147,32.4285922078659,36.266701030014424,33.994876383076075,30.820714301991302,273.0
23.255521009562756,29.68038146648939,33.67278185592414,28.6887107328767,28.397655740208883,249.0
25.970894697017634,32.50998589607787,35.2060739772155,31.065229412792384,28.97114664499318,297.0
29.286822743717575,30.74404022177458,34.28292527888717,30.68511243339584,28.413369287067425,352.0
26.36457464136923,29.263271217457245,33.70767696130072,29.06199332420002,25.59154289848021,298.0
26.369348739887332,33.85040128849692,32.92579795754104,27.667056422439902,23.7094429480768,295.0
27.446305314652683,33.92028365997829,32.160015192849585,29.81646169350421,27.085249430030146,364.0
23.784350750738547,31.720581719939297,32.12800364625977,27.37442813733994,24.125433847894072,383.0
24.655581539854637,29.44299806424227,25.72330756380197,24.433517749427715,23.30903384944665,272.0
27.024495092131126,30.489650968323232,25.29283636351465,28.895958597503185,22.934199200703887,220.0
30.20054367880815,32.86344510211151,25.909750058879805,28.319607175099897,23.78938647517578,193.0
32.85133722685347,32.92590598120173,25.671062528459657,27.651365395399335,26.13633784207111,206.0
33.29422821665978,35.00682987416953,28.816290156146177,27.58394944166032,28.425355442759127,248.0
36.26417619204399,35.14672157755795,33.452772124163765,30.13960151314464,28.586627920344334,293.0
32.48061330704238,32.32849630855932,31.552590000172653,30.988180362211615,27.431179619187926,409.0
34.20284903773321,30.694267868849998,31.189006545592996,29.616932092502896,26.59459044845508,537.0
34.01722744298447,30.008768579243302,32.3617950409037,29.244855140985003,27.96491541591474,532.0
33.65345415015071,32.60427595906341,32.348079247799454,30.66159096113927,30.881765924911658,541.0
34.38343241284328,26.23280072003388,30.900314838742176,28.230958258826202,31.580666109080905,477.0
32.51605357906301,25.432169253727785,28.036300301533412,24.58467450468501,30.177808186610577,262.0
30.473460814960493,27.01713501799926,29.67143082604732,23.44434018803256,30.65621578183615,151.0
29.87645459771995,26.87107063528901,30.914812288941484,21.065466748612756,28.58187742079988,135.0
30.189092694893706,27.128215199511757,29.041668178526756,21.08959331228501,26.840871414629678,144.0
34.6206323227354,28.681135306522172,33.16036158105397,26.1127776549807,30.517227329179143,148.0
34.631230770277185,29.67162420962785,35.450737005433794,26.559126588084666,34.76058526117569,160.0
33.850181100179185,31.034359259039814,32.48814570948183,24.52049119182997,33.75943811250133,180.0
32.129967619752414,30.45784607028985,31.700410880681982,25.09567522476412,34.11754226578721,225.0
33.04182851465518,32.24752830304025,32.756901251083384,26.16735149862649,33.758192177470804,237.0
34.46454295995106,33.749905022690236,34.26694021596988,28.88014310578384,34.04624681209296,327.0
27.458791027369863,27.833604002368634,29.42443133292854,26.12482006260185,30.757789109475883,325.0
27.465582915919754,24.786184222023095,28.325430264989198,25.200074957809253,32.39510974577523,210.0
28.26817874976379,24.657096445050307,28.110691325761533,23.7927125132762,29.550807296967236,149.0
25.77309804570656,23.886239693390937,24.712805273318267,20.71745004328853,26.060424335946564,86.0
30.565723978797585,28.01847861303457,28.961002426470372,24.22547200456316,30.115180521670347,108.0
30.92306014907526,29.288601812596294,27.610336518697714,22.361939266144088,30.70672690324914,107.0
31.077325774076414,29.32479424239677,25.278199287830606,22.26818831499002,30.439348864178797,95.0
34.26205244963101,31.838347697201,27.04001101073849,20.958350341406522,33.029966035092436,127.0
36.822329920956,32.45129721624769,29.40424538112646,22.98689393556443,33.204312240103405,145.0
33.45467221767936,33.87248940475521,29.494484951590767,22.209115894083233,32.40331706878246,192.0
32.382081750864685,35.86243011369213,29.06591833959299,21.77649031407772,33.76740541397433,216.0
32.71362809866104,35.65061733669877,29.585603949072773,22.496158363022268,33.03228666854067,234.0
33.680922979423485,35.36784059544788,33.15856523696441,25.679322290718382,32.71240077701292,233.0
31.763651375265358,33.31033628154775,34.195741496993136,23.781093812175207,32.22904757624824,293.0
33.91196472506871,35.30125453170747,33.25951216224668,21.6084246406957,31.222461905312418,287.0
32.65458683914224,32.24321342069668,30.846843309095348,22.981005276075344,31.636925190283687,300.0
34.815732067606575,35.06057143033121,31.33265623360206,23.161587553237315,34.17883970577929,300.0
36.58113433156606,36.129684998984224,29.857477633657375,22.402021974510383,36.20132093605867,342.0
34.94231385159305,34.8845175321212,28.0343634949993,20.3735063591502,32.69043333657303,255.0
34.23742658660596,33.61713966576874,27.086092402465272,20.979753350971944,32.66586700049275,218.0
32.04402188320831,32.917718173429066,26.88828121730829,21.42929798716556,34.508099230770135,219.0
32.085937678121574,33.605387318021975,30.724920135798378,25.308561640979264,36.096833250850764,199.0
29.656516344488345,32.377613908185964,27.63497704832186,24.801124572424587,34.065054899826556,223.0
30.015989038081827,29.773682828231365,27.42094717763961,23.081202612420405,31.22100263703925,204.0
29.154996420958785,28.612649139314854,26.425376120602056,21.821779957268962,28.51440577089641,154.0
32.056195576982105,33.497441869733436,28.795442533968398,23.967149910110557,28.466911481278576,132.0
35.56404156416017,33.39817000888834,29.592415500530382,22.98995678239482,27.59085898588297,197.0
37.53393809710428,31.997042549389455,31.330403918274634,22.550142763384162,29.840841168811,227.0
35.90425981867551,29.262952261090938,32.34396807540005,20.508360932142068,29.63587153410646,228.0
33.270141213606195,31.291147283421143,31.85798965579064,19.013928629194183,31.365446101663313,278.0
33.74663502052588,31.82058376292203,32.248525556921656,20.218977169195494,34.363114003460794,308.0
36.43546287093922,28.270121585083007,33.16582720847259,21.273038284823745,34.53983938112759,268.0
35.15970011020654,28.365682207116365,30.29966997534015,20.269003368779387,35.47994493211546,214.0
35.800317513292576,26.645116854576763,27.472062399136547,16.59146615450492,33.18128941628214,182.0
36.50266278271813,26.169235799082443,28.509254321591634,18.14325888803635,33.50235884296873,144.0
31.32935048469392,24.15161234184785,25.70448748919308,16.629331495924433,30.019208125214675,92.0
33.08063657694575,27.89550807319596,25.38979653188437,16.63391244123011,32.22088732630405,104.0
32.819338860195224,27.81633014711153,28.018568297946793,19.120922477492403,36.43913067260756,98.0
37.263734375447896,29.20316237740231,30.418630044681528,18.911600524896862,40.76642799568058,125.0
38.42677746494325,30.706830670989014,28.66849886614574,21.216422786793856,38.795467431034524,151.0
36.16582169379248,30.03678085113966,25.407093910694805,19.160124516479506,34.520197942190556,139.0
35.97085877148473,28.504350860117455,25.406219189157916,18.30948158607406,34.91789957288624,122.0
35.60915128607036,30.267233114244096,25.493699129837797,18.370141891554375,33.33606781392991,122.0
34.99177252601724,27.450267132882953,21.253898276053594,17.442910979652257,31.861148053671535,121.0
35.48612871052866,30.020280779739586,21.349734862704217,19.422609597169114,32.32793380781185,128.0
29.97068555818177,25.100801952815747,16.583745142088308,16.809884086024557,27.95753808606219,95.0
36.09522230521849,28.208807818307125,19.42981271621147,17.332627033742536,33.462183861380204,90.0
35.500479604286326,27.931622679507576,18.575618167505795,13.470565689760159,29.025272353196385,93.0
32.27747767507556,25.0763318316516,16.62813376103573,9.002354488654193,25.234662557145,94.0
30.973223659716197,26.748543785504367,16.718628189040665,10.442104889330317,26.129074645064577,100.0
28.38218911068017,24.370273880999363,14.975193716856113,6.064260828976176,22.904406039252343,87.0
28.49629789107952,24.983804530480338,15.961453477263166,7.621981567426284,24.88172454054951,89.0
29.3824896386204,23.640123587245764,17.47030979811465,11.092094872585971,28.000911166426736,75.0
29.529872697869294,24.211531339484452,18.27197175452691,11.433909874336349,26.612730450632064,85.0
28.36270641920852,25.958811715359843,18.473094252008188,12.159496480807524,26.66245321940677,91.0
27.04498720332633,26.131701026303972,18.692163428752,11.37351262148583,29.327823308753466,99.0
24.870511931548045,23.616391586008817,19.204896520401775,8.282927657005052,26.118401762152462,120.0
26.47694166446086,24.281731227167658,16.889865564124058,8.87339942373014,27.818520511230716,136.0
27.683585819572855,25.107208094635105,15.71626480908052,12.738152043534491,27.538574734666838,144.0
28.375034312766076,23.989252168713914,17.254564460288158,12.409869889222957,28.122817663908574,149.0
30.377916564218793,25.10379149518814,18.240604995695456,11.864667207728381,26.51954147691858,147.0
31.47517811590919,23.497834911723,16.13275107448713,12.555385441060938,24.089977418974037,128.0
32.52238626648478,22.97007313216385,16.084626424345913,15.333182685316348,23.30603230548369,136.0
28.797083255705207,18.765558411747687,12.048118403383292,13.007299290715567,21.400717598908926,149.0
29.561548581777256,21.058584227370503,11.394900569278303,15.634109723967914,23.220710249665427,135.0
28.679909359406214,21.257118440471537,13.467382403231154,14.042115680935215,22.51559639636724,153.0
29.499502533907183,20.687027231393806,15.272815344914191,13.92772152292165,24.38541589752206,148.0
30.760294330743534,22.191876283899227,16.240541784175115,17.361015571219667,27.44972339969594,144.0
28.453756660954376,19.91823535641872,18.064077094801732,13.30356794704782,27.1203793186786,127.0
30.579285007547632,20.94741926273546,19.359376512493675,12.691378347759725,28.20963432689241,128.0
28.06977599544046,16.98597126349597,17.95372858214769,11.31880898961288,26.742605660573368,106.0
29.692034018935665,20.602380488045856,20.274642142701794,11.041066427813393,27.77273566059465,107.0
27.994316634292076,21.400735473772734,20.611788491314,8.600686732087379,26.407152663366592,94.0
27.89898364738938,23.5322500333289,21.12128440856409,7.6319257115741985,28.6264829972687,108.0
28.744335734254463,25.376398724559902,18.94357734195044,5.629285539850241,31.31284115401622,123.0
33.851691873941945,26.172015617511853,19.14486780316262,8.193489906341874,31.71520544815659,105.0
32.31339668984278,22.952755711060767,18.976533111507234,8.628750838871015,28.620113155252696,98.0
33.77585693596472,22.729005992742174,18.78386048647747,8.075127742091716,30.646644180881317,92.0
33.39782724170513,24.324997313701424,21.4863200525901,6.237984801752999,30.009919082391527,111.0
31.271096402746164,20.192585590481006,19.56425027451973,4.347463616606889,30.198023654974936,142.0
31.144283010263777,20.92171454028706,17.723013944967324,4.601651806620232,28.87736926747741,152.0
32.10606199999178,22.080830977879746,18.67623543448814,5.399879436816585,28.481715948702135,150.0
33.11241726729189,25.98618530802439,22.125817126857086,11.057834513729784,32.68798007054355,167.0
28.579092966273066,22.830656163568964,20.48592815036286,9.929841870761404,30.54278585476811,155.0
26.28073506872552,22.010637515606547,14.627602359314064,7.423834764045525,28.54987629426433,173.0
27.09464145988489,22.557377250431266,14.402661147358197,10.299501849932533,26.22853739684582,163.0
24.842575199737997,22.201300389668713,15.792406466853528,9.2665256826298,26.767548748703543,149.0
27.765237728989952,20.858142182100927,17.418459680089025,9.101854237548235,27.07808865013145,162.0
28.344464149455582,20.07515379030514,18.696020902632192,12.72243894845891,28.970240452763854,138.0
28.529558533028347,20.73576307158791,19.243683070290913,14.450061535933813,28.16774810057215,156.0
28.138987811850466,20.55619876675741,16.79748320311751,14.006615507376154,26.15379211935467,155.0
28.770905042474645,21.24005696804869,16.887513836063963,12.382703394398384,23.688607956700665,144.0
25.133937005435516,18.932907932687627,14.987028416850581,8.49363190057276,22.06170851845836,164.0
27.45601848610036,20.709359498762456,17.038003141156675,9.411221842368027,22.788544362045204,143.0
24.706315644339757,16.975724699244424,11.983643515137796,7.439484782157973,20.202256873091585,133.0
27.649638207201157,16.330057709819826,13.291896518166679,6.825220113587097,19.794984424326877,163.0
27.509475844961436,17.704095165631944,13.295383072114921,7.985865940627934,21.25678792017947,128.0
24.490343228822738,17.504849751354996,8.937823504448836,8.866462669227037,20.124818752577777,115.0
22.32414246030787,15.252611711920466,7.192710093025948,4.582388235363754,18.355593841533043,88.0
23.95329943795847,13.844214002317067,8.198749602908054,5.169345461466412,20.519813314158593,92.0
25.717219149200446,15.675952998191365,6.91088458005562,7.111704982987812,21.205574139719136,108.0
25.060397721306998,16.957327682576224,9.482325420580128,9.184120236354138,23.509914301510193,146.0
23.84503927135137,17.6123803910211,10.802238408249154,9.254773144427881,27.481164547623973,137.0
22.75758142787983,14.961446781191912,10.40642743194238,8.847667403370899,26.80872794575401,154.0
19.44587191317852,13.75782904374639,9.714481346103998,7.404965467572974,22.43241522532402,131.0
19.735496100653574,14.05560828143032,6.695791092439976,5.522048628772773,21.080884940034625,145.0
17.85271920304371,13.566706421068249,6.333363097893856,1.8220511743362895,19.714476900379182,162.0
19.143303770646906,14.14816997887565,6.459346272039314,0.23088110998060785,18.467745720627153,164.0
20.075633635920816,16.20430406414507,5.1117036685190005,4.2358887111872034,21.000468059658864,140.0
22.536594440291054,15.918753872572578,7.264810833138348,6.0995765674371185,22.038225745929864,158.0
19.924959768966755,11.36374360841452,5.149570687691519,4.27505414882213,21.41686819115583,150.0
22.536669412241967,14.657736463671137,7.075231209736657,7.694977210630515,21.63341255369527,164.0
22.9842355464571,14.829725473561217,6.11663645431424,8.068105429697836,20.64357915849048,146.0
24.762612565135065,15.035715508309048,7.28355163124696,9.891408492153564,23.64654069461136,148.0
22.761023278069903,14.281972595345051,7.2510027582770515,9.145890781352003,22.529017110970262,176.0
21.00098054291752,13.207990216740765,7.075674584857347,7.075415959077625,20.098168268761267,149.0
18.45107681928184,13.417185293552405,6.000096534012284,3.8163038635095887,18.848450176442288,149.0
19.89072558380191,11.793417680732292,4.320212203401352,1.7042538679185633,21.047598124966868,165.0
18.10715723363549,13.938160473139167,6.343563025457451,5.49477745746244,21.072065036122694,177.0
16.70909516806718,14.592212704049052,6.1622716421097286,5.343535040705371,16.73702201798674,174.0
20.013411502572964,17.35378924353536,8.62304339457999,8.109579963480774,19.755104919478853,160.0
22.529681613780472,18.922711959644094,10.424491127494191,10.779952610893094,20.624081496566745,154.0
17.940028775258153,18.981667845510618,5.734634089884779,6.92828861865427,19.251578868329076,167.0
15.810509450142437,20.91271342060284,7.676517958428934,6.574984366767952,20.03241279243651,142.0
19.48646729369677,19.174131781258026,10.571742304120537,8.39748710974554,20.365545705530298,153.0
19.036028803282512,19.110667516481183,8.793000967541271,11.365124466788052,21.38480434273255,168.0
17.573116688314528,14.645202111715745,8.306367064954484,8.005674753814725,18.61851272476237,162.0
15.018228484048734,12.28259651912813,6.066948201668135,6.32779078918843,15.990996506272836,157.0
17.806502080273084,11.747769086104077,4.587600465436557,7.944140708819161,16.229153660771793,170.0
16.677048462622615,15.362080585791656,4.983748063932245,9.07643426681198,16.928999729634743,147.0
16.130816388194376,16.888230636991203,7.374447741009014,9.422230091439472,16.200217163867226,134.0
14.120694556403969,12.480827097649374,5.190519982983669,6.129541676437817,11.373461754336624,148.0
13.391673349531535,13.042555888543331,4.903558798303952,5.153417977242877,10.867094802624198,132.0
15.030180421141498,15.897558777214794,8.486652200595175,6.737052202224212,15.367081853085493,139.0
18.1561946878375,12.903885629732354,9.050032494936401,6.932510307959575,13.70939040000404,152.0
17.051548139747414,11.126838717617494,7.229427887530007,5.379655329595516,12.907056258615725,151.0
15.363677025115376,11.097926785763054,7.7694850318587525,7.601584444909579,14.33216600014854,158.0
14.355406054232427,8.557895749131855,6.1337217347399005,8.503729754663723,13.677289693367873,148.0
13.05835122437404,7.092992368614016,2.36059296560801,7.7730792130992,11.9137401932145,177.0
16.598100897478584,11.065471910134395,6.8897520660352045,12.379238911936026,16.074728543256,151.0
17.14779473511111,12.957372528406077,6.315908311701496,12.599703063799748,15.737084556495235,120.0
14.770165257125548,12.903453917524544,5.582569441044523,13.006147787815504,13.287769639145926,163.0
14.943483660156579,13.300411094874704,5.391736212509263,9.69326148481856,14.54816300968276,169.0
12.293108764494633,10.681290758999976,3.636469863362489,8.57061048574399,12.872820451673299,189.0
13.09627404649248,12.687367794905594,4.815109998190674,9.44752815873805,14.93121043052823,190.0
14.367488077245692,13.990928375214523,7.246801750852891,10.121249865958774,13.944089306331541,163.0
16.262457871441924,16.968417379909628,11.939278911894482,11.631371348806294,15.600705408336992,205.0
15.842780191461664,11.289234869605345,7.015051137292124,9.077486175955688,13.253382237506838,177.0
14.973692126870567,6.838063983044971,6.509462970046378,9.88610273608617,13.931881197727712,143.0
13.635385983231494,9.51322273698917,8.32062622275766,12.786927057423869,16.472954010257144,142.0
16.05029320021063,11.194992664331776,11.217624102952191,13.510609638650584,15.602888949984685,131.0
13.457615670112192,9.676494775995215,9.38753473012895,12.327563329308635,15.374059031235491,143.0
14.419965984845653,9.190157211070055,6.975425636584322,10.537675911105103,13.276963243456265,174.0
13.1250069300678,8.485287306955065,6.840614823818262,10.784395583442576,12.882853804398568,150.0
15.258222926715021,10.505636963995528,9.158827568391354,10.567199602347443,12.686301909526271,158.0
13.779577407462739,10.383139345917172,10.55970972269986,11.410366702906623,9.876010279980846,150.0
16.26703562400529,11.779259209244685,13.23885713132421,12.376016412070783,10.943658936673422,145.0
17.148281422999975,11.532869790157804,10.442366077121331,13.404451307301334,11.309560172153509,129.0
16.64408433265021,12.788552802837504,10.287592700601875,13.69811056938354,14.382538008561797,141.0
18.550062748867262,12.659628973159041,10.537378575987614,12.269544991268114,13.78085182427584,115.0
14.622586926102697,14.348784191145171,10.908146216421763,11.224033290077077,14.36406012247353,124.0
16.67602361522603,10.90844948302709,11.873411949138857,12.262768909798131,11.775537594885675,137.0
15.610667836350395,8.298378744303735,12.690482366867062,12.33280574523758,9.284170130753527,130.0
13.74557781315795,6.606857782618883,11.207441439513051,12.186180417782644,9.365217915091863,152.0
15.188226281841876,5.946857812421902,12.03531799586219,12.13471521676024,8.940674002774387,123.0
14.794913464787623,8.461530787958988,11.34716261288753,13.860385968161332,11.174991713910412,112.0
14.041590783820517,9.770678758169781,9.098663492713358,12.49041073308726,11.857748443147562,124.0
8.28473583520503,7.809618382916898,7.535416496489093,12.458672234125759,14.092364109052234,130.0
7.401125365313561,9.64711352994108,10.922667768034799,10.910257950848901,16.16589113619401,109.0
9.296912949227588,11.651549107804533,9.868059469479723,11.928888048806376,13.971147894719925,123.0
11.066757103434705,11.681289745320221,10.03883274275103,11.597165937276603,12.120619672733309,135.0
9.934971971110347,13.215699001802268,10.259655343442974,12.699119204941976,13.06075395949049,160.0
11.16430489786799,12.832728404219559,11.287819611145958,12.584313557824196,13.108561848766627,157.0
10.488992107274916,11.844876296355991,9.428987955034962,9.824332114610504,12.279696959587996,155.0
4.16107315598863,7.9052703985884865,6.803073258258946,7.690813840964294,9.513982138434177,153.0
1.6880841515592184,6.25848792323721,10.221004578315412,9.778789605931662,6.327561905780749,168.0
3.68128352012641,5.870659459928221,8.334957823435929,12.088734775921703,8.859751467563568,167.0
4.261405264643172,3.7025318449780373,6.131495761877918,12.127524648404611,7.40128628261014,168.0
3.811613326491682,5.513955680994163,4.645460443563643,13.4248368794755,6.718568746539261,201.0
4.2209588466768055,5.970496355834692,4.24590629797302,14.89529604750656,8.293727701239574,158.0
5.084163369454936,6.489484925776933,6.265230351178543,13.564380220464749,8.403353428434952,184.0
9.854248329532535,9.200586920002046,9.994698007888935,17.81170759081159,14.482141650869176,166.0
11.184790963693722,10.969303537611445,11.39811351519432,19.168829207460142,15.727569492961235,180.0
14.396869736797285,11.749174749370072,11.784237440028068,21.289682363706554,12.81017602205617,181.0
13.509397808894116,9.865656049624214,12.11321009609079,19.64069479624542,13.637058745742051,182.0
14.782826595760994,11.251192653990579,15.524178787774625,17.929454996702482,15.250776753763237,139.0
14.264990671908789,10.203228267405496,15.088089962028207,17.127074474455217,15.769250890791536,161.0
13.584097612380951,13.06956635080089,14.039186472252606,18.032641940551024,15.791444293063542,137.0
13.497516333210683,10.473009741806278,11.630511004339498,13.900732387941051,13.207099083023625,125.0
12.198128620849984,12.321954637424339,12.127846493177898,14.206137468049796,12.22799538618428,109.0
11.074032340285365,11.450679841366853,13.381075334093278,18.67311576066973,9.968705897844075,116.0
13.504300714366677,12.327893443917732,14.202229690698497,19.92501668655046,12.06310362642574,102.0
12.491623404203867,11.514457817101436,15.274950379438701,20.70970517087322,11.104796181633468,107.0
11.455229064164019,8.866683815208578,11.991979326680447,17.923375137116146,7.446694118059783,115.0
9.267640747162746,5.329601506370469,9.566380351229814,16.275457419590133,4.112957936939446,95.0
8.027427459086232,4.718693199681442,9.752014726946456,16.273779003782185,3.8650485660504508,120.0
6.936846791610675,4.909197816761652,6.588313706764604,16.63754853056463,5.897485196116213,106.0
3.8637063512747165,2.6313716747563047,4.656445197716977,17.201013013961013,3.4702211455272787,125.0
5.087828086188324,3.6845830173641705,4.357745484325799,18.513266033167543,4.45785063840234,128.0
9.81266539161764,7.629914361801369,8.809540358130583,19.518003346708728,6.301294895638608,115.0
11.856685478886455,9.750666036050774,12.815452582499915,18.45077297341882,6.0369429743802865,107.0
11.16166367650226,9.170141993827713,14.185157945613316,18.47547184402094,7.201734731536915,94.0
12.100858212002219,8.528547235079275,14.439508851198276,19.70527759460302,8.850438896121236,101.0
12.996419889558656,9.529852606158446,16.483180210132605,20.55565348108245,8.80577299767988,91.0
10.086680203830134,5.8092321629846175,11.972436946411065,18.36023132730824,8.03539205107911,114.0
11.05352181046397,7.616858303549172,8.310422841987759,17.773855708277555,7.854551672784024,115.0
11.526341878722715,10.367597576891129,12.617281794926527,19.74413473804343,9.948636632548375,125.0
11.024665896434845,10.244567518980105,13.999521348862242,20.92345442378599,8.363852217374927,119.0
9.012526970619843,11.114010223629947,13.629859594279132,19.78572932123184,8.815481174411616,128.0
9.873040921676909,11.05024550509199,15.13870034221159,20.698624276696396,10.644906658905846,113.0
8.639332895229478,9.945392372469188,14.505106599325496,19.392951716386627,11.30024900480815,120.0
7.778140994340922,9.403921286921106,14.807935264368647,20.294223693232695,9.780645956709819,107.0
7.002352535458607,8.848117694327625,14.713683730071786,18.64403902787852,10.324465040472003,101.0
9.3593783161976,9.223464374899075,15.262049811344227,19.612793728534527,12.081229719007888,105.0
9.531662410503944,10.715976244864956,13.087637692473406,20.36544187345797,10.739257317682188,108.0
11.919592461519901,16.023589402208366,13.552909689758282,22.80240291627302,13.165146345276206,111.0
11.255734253965496,16.483332877159548,11.552528368778141,20.43526404896366,11.757907834890155,89.0
9.33540364961755,14.323874373701544,12.509804533665452,18.35778369379009,13.335009202185661,108.0
10.51197484375553,13.399382896593712,13.197152207765528,17.86074992394711,12.196694119623121,87.0
10.07178449760793,13.252654387309077,15.231087165859435,21.950706781663367,10.831119219470372,116.0
12.48336351222846,14.733649619503622,19.211159649882315,23.21707827991609,13.398404989335404,105.0
12.357810377678582,12.728670861575278,19.49168772453361,22.89472662122349,12.980146434947304,115.0
17.017634652624736,14.833698071428877,22.181263768190146,26.193633799681816,15.03741365406726,97.0
13.440331108888007,14.158116161952407,16.272185804448984,22.47878590404636,12.932900079564106,97.0
12.0605276907541,11.174789055552964,18.125567356635734,20.570302637089462,9.07337623258743,96.0
8.400893157854961,9.725194705546027,16.307320898453646,20.589592796247334,6.018563616844508,84.0
5.9073677818923365,10.694262763206924,14.384302955664246,20.150673430252102,5.468332801179791,102.0
2.3299423344437784,10.083149282005092,15.07696060228174,20.602517424877682,4.845708141732073,93.0
2.8751666837309413,13.710040425244658,15.99692598818644,23.319319308188845,7.156194223931698,94.0
4.227885020863809,12.594140055603862,17.87649679881186,22.65258274324942,8.947701654055624,108.0
1.5908494584835342,11.372430191865677,16.708917688486036,21.411292767080745,6.237527181995217,66.0
2.9316823840275497,10.935220895242868,17.75478168633898,17.43800884351814,4.789998480231366,91.0
3.0496418928670295,7.777780909653794,15.648542912469377,15.138993424287545,4.260646072010188,100.0
5.130752805665482,9.76511148911017,16.152922222503477,17.98632590709652,6.7006041813244215,94.0
9.44761552493581,13.801400515901555,20.49270939967007,19.170520753274563,7.593212098423837,100.0
10.741412767380176,12.810407292377478,20.60385525814786,21.891435433475678,9.678022893966629,97.0
8.022880208299012,11.247554666390053,21.994755903499346,20.662568817064663,9.532175111044424,92.0
9.180429394015185,12.953064624147347,25.08476308791728,27.760321496321698,10.427623264514052,94.0
9.119235504189332,13.009154184115417,23.29011976573537,28.710891073429234,13.36926025655496,114.0
7.710368810109073,12.503167842376149,21.620998836607217,26.983320282540955,12.327983688567802,147.0
8.058206765182176,12.7111070359863,23.121734552162604,28.35346248440544,10.437861801389628,146.0
8.330303138596605,14.740303356867535,24.08575359768551,30.456470878316225,14.602056750485376,153.0
7.716727258115158,13.375624523400658,25.714753774741222,28.98093357267254,12.78471274589054,180.0
7.935717937481997,15.270746160656362,24.36071676684777,27.79781645565342,13.02349294823951,140.0
5.080997985080312,12.003541969796483,23.343813868468445,24.377025138128964,12.614680809673379,144.0
5.919602555983943,12.979459681771882,23.817767167007332,24.20857186879366,12.527132087513184,117.0
10.276836887862267,14.868840637730266,25.599413180267454,24.920426863399545,12.249377164830475,85.0
9.343606325511885,14.119708394037719,24.044205509411007,24.471274687797013,12.287030813056774,90.0
11.561379069224479,15.107516161858175,23.670474748102414,23.89939103319684,13.688312070675462,90.0
14.644691658554393,15.133563984876423,24.92748900958467,25.79892852698164,16.498991665965733,86.0
14.05075914539028,14.985218468557349,23.44535914682516,26.106891987136205,20.718528358639542,66.0
16.815747862882514,16.76484501015074,26.183718586028746,28.813010570366696,19.33515216719705,102.0
17.57199338507963,19.37027129577836,26.741239157657414,28.272950062660257,18.622362943481473,115.0
15.439619720691208,20.633744139924687,25.654133686238296,27.313537607857935,16.705193472578742,111.0
12.712545367093936,18.92143145154783,22.48244135266992,28.06051556300044,13.955433613448925,109.0
9.565811914354507,18.42648503461914,23.059667550108465,25.89770217131793,10.629499383372423,106.0
8.712863504876578,18.163118915476538,24.548100516130013,26.816861891754865,11.145316777921117,97.0
9.078840848845761,19.61978015270701,23.704545199049885,27.216689771655652,9.521425084870632,98.0
7.912331988135449,18.513386992644712,22.80787322157123,28.04467018403224,10.203903857309601,123.0
9.806691959875554,22.987583709505607,23.131571675868393,29.121640059057636,10.981542574200407,121.0
7.599718710965739,20.73954489755238,22.2079799958962,30.068795965967624,8.62583178427968,149.0
9.504965041680762,21.21877751856654,22.937576486078314,27.841552331347103,8.063166477123236,143.0
8.039359193827373,19.545641018416894,24.616489044740653,27.680183045550635,6.943296549950418,136.0
9.527923255086115,21.869412359697414,26.011816415344363,30.02299754126505,5.935836138864531,124.0
11.655181009078914,22.982307388721793,31.261980059053695,32.23630271455424,12.773013527785647,176.0
10.722763163026752,19.737960275129332,25.29975443396907,28.99553059606554,10.436467151452003,174.0
14.392226138406766,22.961006135885267,26.506683606149192,29.014296105447617,10.161665500699339,162.0
18.72462498092961,25.498904012407607,27.33953348314874,29.334924159106233,9.652275755930422,137.0
18.503207107279827,26.45960797375095,27.682603396410016,30.248043948758422,12.836335070771522,122.0
18.174241968071822,25.865085736278864,25.150534936713473,29.80079721429471,16.05610918161713,117.0
15.327569060747123,23.32725810332389,23.130056134253902,25.202849952012613,12.903773441318128,99.0
12.603225366602146,24.519400697338515,26.02744222998265,26.700925558356264,13.107749326566935,78.0
16.377098005714522,25.754746685223385,25.1233557331632,26.14105072130458,14.96141495473573,67.0
15.412807537024271,21.781246902983796,22.825234825773766,23.752662405947916,13.792906328241454,71.0
18.574856825981097,20.922542783751908,25.809433559777837,24.886125453082926,14.595967952177446,64.0
18.964120785804234,21.674052346846253,26.910745277060418,27.407157807860727,14.428133350055031,72.0
14.811828436075833,23.208460851254745,25.672434499241103,26.553077644425844,12.806826010476318,70.0
13.444845084767598,23.066885236076125,22.58403547104243,23.968275442215315,13.357961757220302,63.0
14.463245487741965,20.95285354348649,22.81352920806902,24.94617164807006,11.760614665249694,71.0
16.88795595809113,20.8965868391052,24.30103822926854,25.28067056897605,11.52416975904882,50.0
19.20622232622918,22.357467968357433,25.6890507042315,28.64925900994692,11.381305203395382,76.0
22.550225411765204,26.473439722769577,28.190078409810123,30.654548698253592,15.97876378586416,85.0
24.17789055871751,28.607643989799946,27.43497301678678,30.52172785790792,16.429404693883093,123.0
22.47389213785759,28.789930422160904,25.18067912612501,32.59635152352565,16.71272352813101,126.0
22.60620832562203,27.153969944588113,27.18982452241345,36.058093697794085,17.331815597072993,131.0
19.663261214158872,25.274621459164234,25.67247827301228,32.44445566914505,16.220065656048035,147.0
19.22142937789674,23.720415132651915,25.723477025497015,30.099750488651473,15.07653305059773,110.0
19.04759683808914,23.962330126742355,24.95716459578511,32.22035140965593,17.895655016642515,101.0
19.62884574975053,26.10385382838998,29.242082560909008,34.68481505968721,20.519075034628848,103.0
20.362645095401614,26.564328705437404,29.067057115542568,33.18077920416196,20.59870213794483,145.0
19.676036723975837,27.04732967865236,25.454344953095813,31.350467415737754,19.371944995128317,125.0
21.10488692227784,27.241004656309972,29.797521294160788,33.00648291230937,20.808160571180522,123.0
23.37761171481582,28.22123951644722,31.013755003199204,34.9348865858093,21.596077135994722,152.0
18.07796705905327,24.511816846550886,29.09430758865239,29.079540846839038,19.680883224842567,165.0
19.635952993984976,25.938361639890438,29.047309690565136,31.334145124230353,19.895511396070884,143.0
17.820023977912204,26.19987865693437,30.541142261362662,32.46651466253493,22.909845876951234,173.0
17.223688585480925,23.35868611477198,31.139494630172617,30.972071105364964,18.968883414315716,168.0
17.431966634998638,27.961500570882446,32.79754938340082,30.337200693489017,18.623333453828987,164.0
16.776568220204883,25.283712124268938,28.959115370483985,29.337890669818336,18.47704089927178,200.0
15.2764872074086,26.51722228068415,29.687809627215053,28.85778204643399,19.589878196705943,173.0
19.294989312953888,29.149886569255663,35.52494352904933,33.820345273831315,25.085383356551098,145.0
21.284532508264743,27.071457028470032,35.745869936781354,32.370458219141696,22.621451877381034,124.0
18.808147669832188,28.48191642826834,31.61696731379741,32.01185442533887,22.281240403331037,164.0
19.94696994920621,25.339083459865893,31.90625882983264,33.79887822894483,19.355648021949722,186.0
20.11595178069539,23.691392127290705,31.22013090794096,34.37039529472798,17.00909426882035,210.0
21.565025047141198,23.778396342988074,28.385384497717272,33.509615733621935,17.6277037879656,158.0
23.0367025898287,24.799014510585803,30.225623370997162,34.99789315520618,19.046204292356638,170.0
23.38941868531997,25.327666586514663,30.359132209636634,35.00552248081858,19.219322640755266,177.0
20.55789126330481,24.71443482910918,32.77810393707735,32.38201533315495,17.9849192316674,180.0
24.17528586340789,25.78247268691559,35.62306705913132,34.8963729643224,21.483994649179074,167.0
26.012333672018528,27.571167356048367,34.87086157799033,36.33550043609307,22.934105526824062,150.0
23.471791340675477,26.517749890753883,31.57589152459291,32.93080277075811,21.72185459036261,184.0
22.849067791919243,25.794275382662477,29.581267528686695,34.27631037680847,20.13065292442505,165.0
19.735343552605237,23.674509567373235,31.20652033713979,31.49520317247145,20.576581991372432,186.0
21.472060973310345,26.897943202181093,31.656895471776608,33.43599345372325,22.944084779126083,194.0
20.472590811499984,28.36421354588544,30.765121249989107,33.86128732616762,21.590175465219758,177.0
23.882370379431052,34.29792509503784,35.71215113796361,36.32666786458176,24.870030703464213,243.0
23.493007192108458,31.478627653985516,36.63436817513352,35.043182999063106,25.75361072244678,234.0
19.104500553430107,31.202265223981495,33.93262103060863,33.10270843285882,21.7472689638476,259.0
21.41034035051563,30.13984529560179,30.628304591318397,34.764560596232975,21.594837038943286,261.0
20.62765500767568,27.18165637005435,26.913349187218806,33.514616379241886,20.436492065460953,211.0
23.040751154402177,29.012311927506143,31.212313921232756,35.194835018332434,22.139786012547756,222.0
20.936678679409905,26.027539979591936,25.970505763935094,30.755869063912748,19.489668208984696,176.0
22.221209082312836,27.74421076783607,28.071792561564955,34.01363319602883,22.956057093984793,160.0
27.05191348350283,26.90783339852537,29.157204380419262,32.88693065313497,25.921609999952718,175.0
28.094155323770188,29.382030763892253,34.60419699976782,35.98158700585098,27.315455994706063,194.0
28.418446662207945,30.265933183949194,33.11299647152529,35.92697145461851,25.80732864933908,256.0
27.459313341713823,29.646129690474,33.27126037292944,33.87412193720186,26.01646633716434,300.0
24.361110748391482,25.67487469275376,30.45851640794507,29.989805707524038,23.805381531829443,284.0
25.31680030534924,29.006625264538382,30.432760370489014,29.408869498683476,28.086562666761026,242.0
25.032498172272142,31.258804916957548,30.99540711635667,28.014582130379804,27.817650532581414,273.0
24.48711735078712,30.920525916332164,30.053226240768026,30.574924966830682,30.889187505363537,267.0
24.092557575212926,29.04186316536432,32.195837011291445,30.820149313651804,28.326312716273964,282.0
24.311406924476888,27.04369751663657,29.719931047418832,30.70201946414956,28.241858849294044,292.0
21.233764895111513,23.966449004140003,26.855902819427847,28.47497572339094,25.850721295670446,198.0
23.480593248680076,24.745491287726935,27.16838117328147,25.30835723351084,25.564095210265844,112.0
24.448769481501632,26.574207259409185,27.644588530607955,26.73383319319276,26.670350433845687,89.0
26.734609357063366,31.827157176582396,32.14196708849867,32.76818649019208,30.21829520944726,138.0
26.254286256578084,30.82523513640156,33.56641851448747,31.89199442442308,30.640483042970867,219.0
25.78521353833886,34.44737079367878,33.68839133627232,31.54049412547711,29.67783419159008,378.0
24.994098462805702,32.50945990021112,31.00194844933374,29.892548738747504,27.5582213117807,409.0
24.144812514292102,34.42641273431184,32.820015465120825,32.403541818037894,28.900024929983843,428.0
27.00934322641327,35.75675379758906,31.125062191891164,32.938640479164135,29.643905135111254,492.0
27.44214058471345,31.94021771422519,31.809017981969323,34.00684976742211,29.561950162043992,558.0
28.807147537447776,33.4969273634662,31.179518553076242,34.428196695817924,29.380812932223595,615.0
30.55743987617564,32.70681287553843,28.928033499125426,34.356111136142545,29.899181298644102,528.0
29.787605735107352,31.520993909492685,29.43608225679125,31.027805636144304,30.558216113043375,481.0
27.444877043040886,28.332886920491983,28.780841414429553,30.49263912679269,31.919295612145255,378.0
26.780967133639393,29.68114878773357,28.37743257210358,31.26240480940982,30.943690071233306,309.0
21.37005102409894,24.448469637681942,24.305776745742186,23.644794224837163,28.03988282530833,192.0
23.384996538469316,27.538827496281616,26.79425723207482,25.565475189350842,28.50138934570747,113.0
22.295229016234998,25.804965138259362,24.70543384928019,23.276807257397504,25.809650903571157,77.0
22.675790218269405,30.326968974592752,28.12758808672656,23.129793141516657,26.65847879865585,67.0
25.788031468228237,33.58564036833901,32.064712199007815,26.743412018945925,31.013833134965846,119.0
25.66371864453962,34.37420593592336,29.35987048862508,23.516814883087992,28.11786734792283,144.0
26.766738672606884,34.661285085214324,26.344593240927928,20.862693961378,26.140599632031545,157.0
27.218651004216497,37.8994134768438,26.48090401984274,23.071558595366838,28.059082223510096,194.0
24.091426306779262,35.75580277325776,25.51815791505659,22.189925540093324,26.698109468978103,148.0
26.210037289404987,36.35030568542237,27.702093092848067,22.283737293077202,27.811466336184722,158.0
27.211416313139072,33.916284627482916,27.62939075755169,22.2697715368271,28.53120363527524,138.0
27.50528429038676,26.383204287466675,27.10737372261297,19.72470137993416,25.282603732191564,149.0
28.854045024460284,26.78209553575357,27.111359260524885,19.27937040234441,27.078844227102753,124.0
29.466760450315093,26.515267011148186,26.301451076733,18.32541976287352,26.197882919994104,114.0
28.721273754084052,26.039105623451363,28.196587397339783,18.102399195404338,26.98198691556806,101.0
33.73502423940868,30.084044720102504,30.84646280423164,21.455140848771798,28.845583976203567,96.0
33.27490442274232,29.892392052220995,31.228247333467046,21.65415862886569,30.012297769047755,174.0
31.87485543651562,30.59091297883797,30.388366671466667,23.560934860468073,30.225043791453444,190.0
32.939175084119356,29.756626622522226,30.995011117833016,24.647332045633856,30.520316608734053,209.0
36.23129257930568,32.36343135410565,34.64520357734488,26.6961054691694,32.25350678003533,218.0
34.01641723195582,33.18905691804652,31.730102024376777,24.05271703085656,31.084228110382693,279.0
32.89631750187148,30.46517173686173,26.3044210281391,21.891597643484662,29.27966672060295,241.0
29.007100443253044,28.68833238610773,27.052308060802556,20.781768400091703,27.638873825087103,162.0
29.322958939265114,27.263216997188888,26.91164950951733,19.592758047269044,28.86242758915747,141.0
29.560950495916067,31.486185906008462,30.22334367111444,23.429852732565635,30.58864668403966,138.0
32.33376526974787,35.091853183799294,31.94282874389233,25.484030485322112,34.59852792133278,210.0
30.789300838084785,33.666104118715964,32.677008141615275,23.513864928331813,32.22616370747439,247.0
33.01980960353168,34.55690479406169,30.747333391027944,23.801811725607337,34.758673600555746,308.0
28.121267875373878,34.42896326961263,29.639532564064886,21.668382316153792,34.093598787619285,301.0
30.026572862713753,32.338542748433625,29.97352664269013,20.916414996215977,33.4333179095005,277.0
29.998659188368816,30.499432477616132,28.331415166997882,20.481496042863327,31.60308170834454,234.0
35.38439078583031,36.67287280516709,31.272176615413517,21.860321456069187,33.63654277578151,220.0
36.46651698460755,37.689903975086665,31.17817110399408,26.192929409816227,35.048815438356314,259.0
32.7719604853554,32.39876003318097,27.64593553209503,24.096184084278544,34.31046718032906,291.0
31.401556506161945,32.17381328934705,26.61709781236145,20.089526322863232,33.317896810614016,205.0
32.935554827909414,31.971460775186443,26.847261872239073,22.67324128342214,33.50071542407416,197.0
34.342280662692616,30.067584208128622,27.22767298701653,21.826251231414457,32.544056061455734,152.0
31.27094919736645,28.320572248901428,25.968739363276693,21.510741082507035,31.584015417612083,127.0
29.62775510999427,27.301510205314234,25.82618217098694,21.014363657368555,27.519405509207306,103.0
31.788670041852328,26.9820905545506,24.81094054376719,22.56735414867359,28.167136700913954,80.0
32.883888571453966,27.501321484596936,24.02328913923867,21.24545222740938,30.12721030284544,111.0
30.366634670415195,27.80027223382434,24.719035351769897,19.480965981404765,30.47948297123127,104.0
31.011136529293424,27.7584125924079,23.98545945368145,17.72064679155091,29.19118297696984,88.0
26.795478553061233,23.696024654061567,21.12111224094327,13.113007595110869,26.181972333889792,90.0
26.65331674101479,20.819189653440073,19.7037861931891,13.998986224960241,26.214896328487438,91.0
29.81385204571164,22.484790253673637,19.77017772562295,15.54676226995726,29.36819539103635,94.0
28.75800519182655,21.772689904091806,18.749039678930572,16.201276755913828,27.518873754367885,95.0
33.917737679685835,23.885341891113498,19.256668113453127,20.94837346475651,31.113408836025204,81.0
35.702540527429946,28.682060159323413,19.46941185892257,20.99526737983607,32.316666458651206,94.0
34.19814546996016,30.777229147502855,21.143767562142152,20.914150228759123,34.79312193840513,118.0
30.77258716915187,30.016819468099477,22.063448074642555,19.254099207058523,35.106196229358666,119.0
30.543853487006714,30.642382370206455,24.811377213057025,21.648899119585426,35.797914092466634,137.0
29.21990085491204,29.560741902156813,25.375455276135384,21.154330306018082,34.07594362532973,149.0
27.28803550850397,27.33202651689102,23.06754614360821,16.536272204261618,31.866146263540212,123.0
29.114064824567293,29.99762870389479,24.192689597662575,18.077977756542047,29.1824866419388,127.0
30.13138013021139,31.89981142737134,23.207640340261356,18.58156873711071,28.97681789484858,141.0
29.93100599181436,29.08315978670256,24.746521203976283,15.545752790997154,28.743071604880253,142.0
28.15986205474546,28.464357111169697,24.247935873505963,16.29144850816418,29.97142056579154,109.0
29.137896037771554,29.388405657093188,23.877618621592813,16.11720832491321,30.95635958135962,107.0
29.673970792799917,28.182612029297314,21.025998282271814,14.604526929511,31.381046763689668,112.0
29.199643661113583,28.907332675845815,23.973476369244622,13.77656913741448,30.680099607080727,103.0
29.97879605503303,27.765230963575743,23.651054297649818,11.084996491898739,30.18389309578629,96.0
30.71542369320743,26.501839280961406,25.74660620756711,17.502058442703863,32.156913661797056,100.0
31.54351803887632,26.62574953036074,26.72666600622031,18.055188747114777,32.782862259402236,83.0
34.92161361287704,27.43483433470418,26.53985154587912,18.746897045397642,31.16926169341,98.0
38.62402411202178,30.41515834885794,29.48065731135405,22.508397585264316,37.544461511236506,134.0
36.28048758770737,29.580318900102075,25.20327454648705,18.821870718334228,34.955166855268445,136.0
36.741111285092856,28.203899637429053,25.785060161900528,20.253771107465003,36.1525424344316,127.0
30.647519636709035,23.347057509372252,20.090349146550064,14.472508907614733,33.96451482004887,123.0
30.95741891434697,25.748306049281418,18.654935911318585,15.73758136619888,33.03030408932695,121.0
29.783256469948743,25.07947243095943,21.262758689740153,14.996998677491296,29.361796558826047,114.0
29.36514305488286,24.22406765945413,20.160290634233235,14.845206229724724,28.02702801110529,110.0
28.807247421760486,23.46934615174939,19.256548755761507,13.60287208304631,28.830470108840174,110.0
29.52048996188687,22.37047969219909,17.91759938918341,14.211719343778803,29.519766092389204,91.0
28.075634395097815,19.720171617842624,14.832740273744733,11.593747327248167,25.19622769223301,89.0
29.58426693407597,20.38223196870186,12.462766748169672,12.025849540788156,23.230907961288953,105.0
25.894033745891782,18.162137268257695,10.480706411657462,11.522212316340466,21.93129698136683,85.0
25.41874515207357,17.655708771031517,10.217071944206278,10.705071790961712,21.783019157619755,95.0
26.610996117933198,19.749465419443418,14.827263753640292,17.708881001007203,25.90034620356582,83.0
27.88282766720285,20.42462502136435,17.78085807958366,19.602791272351148,27.03951406674878,85.0
29.419216790254854,21.611967792182334,19.29889522012484,17.44246286445912,29.505961125989618,90.0
27.44557632790346,23.730282325926964,20.116502210039755,16.398594825443393,29.836732681674757,109.0
26.627401782723567,25.79848607860286,22.635051462975788,15.821221644148416,29.380577706624422,112.0
27.742065800269703,27.622381596814648,19.982063588707828,19.545525230022044,31.916530783830126,112.0
30.75601560434635,29.35923262942363,21.660949665526008,21.402709842903953,33.62674964699309,123.0
28.047060448768228,28.365659601260962,16.753285573002,17.753816150635345,30.64547350519955,125.0
27.56876421664144,28.059534854889282,17.844938514555572,17.096810125951155,31.127887121887603,135.0
30.18351710992214,29.62671511969712,20.279925152421164,15.400205191908675,32.98472051841148,101.0
32.74567322932247,30.341091210441043,19.436798860772143,20.66318081676149,32.609013520517266,134.0
31.092360901848423,27.81402618303503,17.057676193459955,19.12099535083826,32.41346330699584,101.0
28.198221849209542,24.374649755514753,14.069593050272301,14.26449911058129,26.56440447016922,102.0
26.36577090046864,22.81735119396448,11.813491033536499,10.906282852247891,24.00135776866729,105.0
25.079018089716147,24.507661849358207,13.354130772088993,12.744560768867059,22.937018329913414,103.0
24.69573249640092,24.76238831673792,13.4627572283495,10.760455331406815,23.16831443255247,75.0
21.6921101814836,24.24450607560246,10.41895149046331,10.045911451899252,24.09469655554024,70.0
23.34696840618868,26.812004368267765,10.90956121603936,11.70670420809767,23.501690959537363,80.0
25.90467524272921,26.07457258280119,14.463928278576315,13.319188677054347,26.127584276602708,66.0
27.338039913750936,25.196944533528303,13.509731214943276,13.1510293284461,25.766065208932588,96.0
27.367203191854873,24.161372204723186,15.459997125647485,13.154600278769552,24.506345156517668,91.0
21.60639705500343,21.331008695241948,13.685826061556229,9.450116300699882,23.3216556856127,104.0
19.468097474485816,19.111960385295138,11.729321823209286,9.779853652761787,23.413410322072657,96.0
17.575210780261067,16.472037993951208,8.368656855924433,9.487998373275728,23.371074215330527,100.0
17.092852717117715,16.18236212909363,10.228926430578507,10.578337353003228,25.838617687962795,80.0
19.613384364825684,16.205578558664854,9.965056621293297,10.306307856774803,26.36747134929955,98.0
23.740881411910564,18.052300312214975,9.365029368334904,9.903088071791514,27.767696125749573,97.0
21.153162403021597,14.612270594063283,9.438160881171214,6.485114119216524,24.38407487922953,84.0
19.263238130910345,12.84720081783546,6.587007761176123,3.29176365561041,21.819227487271206,86.0
18.726203316932594,13.352990654460264,7.866724620799389,6.113450167896343,22.35438126450644,94.0
22.799893847295035,13.17175705273613,8.112111492610651,8.594660204614224,24.944802732807933,103.0
19.23924658619017,11.657542693474515,5.6676267850281485,7.150561928604544,22.053495680447554,106.0
18.941580010595054,11.799450242769517,7.124423508081012,5.753019543095689,22.681744518555334,134.0
22.73477677352073,13.814208001274647,7.555042797998505,6.017288271316636,23.427116618693,138.0
25.44132538172531,14.581026207939932,8.804766002755244,8.385468879760628,25.69175059868795,111.0
28.660215937899604,16.225926795225305,11.873603832758464,8.850470830698372,24.721618587207008,167.0
30.0401442955176,21.061590372098767,14.331206540273762,9.541890316677382,23.15846799385379,161.0
31.24022900877498,22.580651008291476,12.074972321869396,8.201877627878615,21.229966652226192,195.0
27.25888261197738,14.854308454220062,9.298348215845085,7.369284484613695,16.861740550445806,201.0
24.656032672243278,14.761448858348253,8.839120900780408,5.769759233570345,13.95385746397181,214.0
26.742132239973458,19.230314806420964,8.904022088063773,5.850994011543646,17.22652238676276,211.0
26.863417382878694,15.788689453148105,6.640324727923868,8.015107199012514,13.964374372695799,241.0
24.632147024442066,11.674175095503578,3.429886675734217,2.378084524757516,11.196767265775328,217.0
22.8981386283501,13.88763175920877,3.246132325450125,2.819567263054685,10.750110254360225,193.0
19.412377005738367,13.707246823007182,1.7915090009071388,2.188688703359283,9.949088018962621,175.0
23.42068101622744,15.965294202150496,4.809966225220313,3.7837133488462307,12.653408002605767,159.0
23.379366487009772,16.087180405207263,6.848154071934866,2.9627221047652075,13.356142234093397,137.0
20.43965500480648,16.10310195196791,6.034911875355209,6.127944230513084,14.598145610106485,165.0
18.778237930851414,17.69656420310882,9.085801156798336,6.534745833478782,18.271964595156817,126.0
18.96333941604407,17.13501438808106,8.689091507588996,8.343441320071413,20.354366260704946,153.0
20.099605307479525,18.27886906885583,9.576098074868082,8.624751815127532,22.09525704303505,141.0
20.830405993091084,19.079403117875117,11.069255035507256,5.793284200948331,23.422671722724637,141.0
21.56694614533672,18.669058955394235,10.92711510482509,7.453039956640336,20.870771562976714,142.0
24.152509164272928,18.581884065584866,10.079162287915311,6.36170226110161,22.315382018944877,143.0
17.407168121233735,12.141560183521623,6.951577535318458,2.2548450980088113,15.997049076105332,129.0
21.641619283857832,17.23967906572523,9.45064912529459,6.498096123234225,21.362157170311537,182.0
20.653007134459912,14.162617379986605,7.1746279505185715,4.925370383589467,20.89815731019853,125.0
20.117079446425883,12.395677699160169,6.153214480558891,3.9355474025612276,21.34119589297265,150.0
21.656353282455783,12.496342973503282,3.791711355491614,5.622759064090656,18.7460306231826,137.0
21.014599795672716,11.962486263276748,5.018360776259989,5.180720688037013,16.278014105400107,130.0
20.738836388585348,12.582711574410043,11.41286816762864,7.654766733940636,19.700817052377612,132.0
19.106187153133558,13.098823104604445,12.124179010080665,8.74389834668007,20.72075967395482,118.0
15.724032522265828,10.711028161881904,8.996179872053924,5.110530354666322,16.922742117842418,139.0
13.231164565875147,9.866387510230416,7.748206539971689,3.668425083733256,16.83202592483351,138.0
14.067315108121587,7.104493223295634,6.158335201972985,2.388498030042534,15.996921700859122,150.0
12.532165432579864,7.5146508080807894,7.821491326584325,5.503815360198898,16.02255367060421,153.0
12.017420538247183,8.865004285992065,6.923029572839036,7.231487431587641,17.082978905545964,174.0
15.046687024272032,9.57225225517747,5.156938133893616,8.674357739401415,17.42706323693681,159.0
17.405723459855842,9.232377416770495,7.262052428858217,9.347801344524743,15.39056560200903,139.0
18.5594494357863,9.53930682411982,5.754945830279394,8.502381714251275,13.826173953999728,149.0
18.18823735048173,10.09839088357417,3.4617961174266014,7.502539254648959,13.90109290562853,161.0
19.636912346998184,7.137447913720404,5.181840427979562,6.211539792078248,11.79261284640538,172.0
20.836416810845925,6.821106566566028,5.1425686197306675,8.032716291010534,13.468168693285863,183.0
21.096497722148293,8.814965779266423,5.4294264702714266,9.759831183209474,18.42538830145756,174.0
17.370668521854494,9.042890254341842,4.63619161078445,9.322833959484779,16.30342535493209,194.0
16.159288173069918,9.512848244644386,4.1935363349667885,7.907940933628151,15.695031139936857,192.0
16.596448713805795,9.831661157474159,6.6857473117828095,8.927911041017815,18.368147018442247,190.0
18.49362791844474,12.011941871814916,8.588459368555753,7.3362110789143,18.750082054478444,179.0
19.1082104259366,10.690825026622527,8.433396421136788,7.840202067225452,15.57691228696207,164.0
15.388322434099294,11.026991537219756,9.081538152374396,6.806158235263352,13.984037445832499,189.0
14.596981437410905,10.92545558887138,10.20337999975828,6.3379211140659315,14.073591296033795,198.0
11.398848255257834,6.9320625155192,9.587862625321666,3.19809031514715,11.196962676646656,203.0
11.618933239956835,5.890321476864037,11.841891613405224,5.79756596374612,16.021959995588404,200.0
10.804777832586769,5.946720800779821,9.136831194916137,5.982346092496686,17.311407555693297,210.0
8.040274718137626,3.256191011561789,7.297131149884878,5.86137150439407,16.377443167374338,205.0
8.004777696400174,3.8561280406021368,6.921024570140826,8.233479585135166,17.485580548463496,177.0
8.86136510241186,4.2276336855567225,6.6218250113411115,6.006312539347748,14.306603178726801,229.0
4.366557904819626,2.755713122864311,4.032337932653792,4.77272889499367,8.73558427986289,250.0
4.124852134967419,0.9335493078299137,3.355171762219019,4.817200460856659,7.802337939210598,223.0
9.760274043631256,6.843693651816266,12.464473055692922,9.28506415802229,11.415195929141614,231.0
10.29113387634329,7.280600533986528,9.9394352970827,13.108707691565003,11.214369624388976,250.0
10.989115735305123,7.327185252099946,13.11122758290331,13.550269054105133,11.396783042286135,247.0
10.2415451959949,6.7014170937819015,13.146750034441592,11.945699711316635,11.170713421941098,244.0
7.519335054411377,7.20412496493007,9.764154947464991,11.05904296067117,9.865132506748232,222.0
7.398639860334786,8.699849818200828,12.06898771645863,12.759933730264525,10.647730604043725,252.0
11.062964939596144,11.549272135771249,12.049300228339813,13.812985009635675,10.530840729327963,212.0
10.382863663344494,12.062118396873714,13.903766683593528,15.040402830820819,12.787252826495884,241.0
11.741860891057774,12.124316638244368,10.400396836080674,15.088119833221464,13.442345849526301,236.0
9.216270832334345,9.897992893300739,7.978211462625608,14.1456907351093,11.764998396548924,206.0
9.556458454569858,8.366476121601595,6.435029249490203,13.886302728259786,9.863925474481281,189.0
10.450784562205143,9.427781558853336,7.357035622775648,15.180785911196194,7.319091125242897,163.0
6.832042889880953,6.77989938171689,9.164540426074067,11.691522506387415,6.740650472496445,177.0
4.294504572441247,5.729619874762526,7.473284749205084,11.42002235165301,5.75012544927947,176.0
3.6603357596590396,3.656729907990311,8.684561522244417,7.6391172106641445,4.229981653501024,133.0
2.0945160379458887,4.088705092438176,4.829196517830588,6.886064857793418,2.7285275162374756,145.0
1.274667734315095,3.6255013408804366,3.6141914859486697,7.0086301501738095,0.45839272974585654,144.0
0.7539066764736972,6.633545776762069,5.635919692162107,10.558398739221243,3.3757041362688236,138.0
1.4653009096819591,7.462421507292162,1.7049500542058862,7.797010058658788,3.1264579942674366,136.0
3.263639259180259,8.119814787551222,1.2274227770897213,8.302120022129106,3.2844926916925257,137.0
4.342522343946852,9.165018802495782,2.742753180597492,9.641029733159439,4.790271071324371,166.0
4.830411006557378,8.233507692749736,5.329513901125617,9.754773351822552,5.2603656184474845,170.0
2.8317003183672558,8.44315208065031,8.336492595021136,9.024866444625415,7.749111634227527,244.0
4.173484310848872,7.682237677374635,10.535011934740522,9.483147496040665,7.195724499365415,261.0
7.024482907484858,8.232248487972157,11.338460795212686,12.08170218205483,8.314901106018684,285.0
7.244408943821816,6.185245486512586,9.77449532987213,9.835112422875252,7.41179917578134,305.0
8.404177735220818,8.727602208325674,9.879103424044878,10.944794284975153,7.382992780240677,268.0
7.648897567118637,11.078617159098581,11.094736680817274,12.528494853270868,7.56032551648941,208.0
4.954444226651983,10.113722737040959,9.205770982844543,11.648417307228264,5.948848658152414,230.0
2.5266406809525908,7.675880309542004,5.692924446992912,7.559667416921654,4.284877971631751,227.0
-0.7019855669183421,4.7417037902819175,-0.1660160960912922,6.720298327988834,-2.328969349674251,249.0
-2.5735068836620574,6.498484587700785,4.724341004250384,8.471875694937488,-0.6321800690013344,228.0
1.1600655161686237,7.000292096409263,8.435230623214027,9.21945118980521,2.6995231475274997,235.0
4.078675750372475,11.073349170626736,10.751951968914547,11.955590313032456,7.639721231250847,216.0
2.9795146626654683,7.935116444622683,9.130440530609018,12.673411257170478,6.624613468780698,225.0
5.235973505440369,10.824735972612775,6.595748460491861,12.832102780373713,4.542879182240597,208.0
5.069144392130563,8.861030749899282,6.36065981933984,11.952168757507216,3.8486476409292454,194.0
4.058930994605127,7.341881365713794,5.350102634893282,10.624388539030198,2.274087766323854,221.0
7.221272527880847,9.545682401750687,8.819008915289135,13.736499576420323,7.117512371656936,222.0
5.233714888294087,10.229059470580442,9.391944773699564,12.80969072586539,7.9218514047502175,251.0
4.881958875774896,5.7948235495898714,6.304212693906107,8.355442624341421,6.764139332232898,239.0
7.133785039148098,6.7571656347019875,9.689965979339883,9.71558051654444,7.351401781573037,226.0
4.131573669058801,5.250496734011095,7.403778986933117,9.940358563487472,5.188700208237519,198.0
7.725205401276346,7.655789099453409,9.618353162354142,12.924733911689307,6.554378696900499,176.0
7.833190462599186,9.484295587770594,9.779235867068296,11.589358105907278,7.799918865741883,167.0
8.085173751123737,9.964666077976034,12.412668175218899,11.888995619234363,6.748091946392664,176.0
9.0058141123472,8.177467319916548,12.66469446594486,12.188863382987847,7.589281126662454,169.0
8.279909007412508,11.022165019421765,13.67417631574914,14.05087442457852,8.512410070792512,163.0
12.345752492294952,9.482717031081847,14.704220425268101,14.256800344116309,11.1606585763509,170.0
11.40642984865136,7.1890212209174615,14.464561907778904,12.910127481942236,13.05405351613711,185.0
8.735746883616567,7.023030120760427,14.975431929513796,14.183108804390717,13.393585729120606,167.0
8.938777226169236,10.105741706430312,15.997513516036996,19.026796231135883,14.051402358876215,175.0
7.685962541283301,8.357624168885932,12.321119313906115,17.00115239199208,15.061794965131327,149.0
6.814238178878976,8.152050571914376,12.839321621913825,18.23586223332618,12.044894321865014,146.0
7.715733339708681,8.638430495067853,15.3984076345617,17.980821350149117,11.423043877154807,160.0
6.249289133583691,9.36693368646896,15.117458476503801,18.23731640911781,9.188851160954547,141.0
5.723026857721987,7.60025303859281,15.831882617385,16.372783613544865,6.288504617570591,130.0
7.633399462452153,9.025205285226052,14.056033011549605,19.22261190630531,9.679795995989966,132.0
5.7334624670272625,5.223030546553636,10.816000383497778,17.687865186538662,10.090224065715903,125.0
8.094738739315686,6.783497827210514,10.053601112598042,19.37365213218328,6.603615196567382,112.0
10.078098209149749,8.894442479936778,14.052314461777488,23.28790452424139,9.843142314778985,113.0
7.336716102978819,9.747878777207946,13.854575290225066,21.713021628429196,6.8261221885990615,124.0
9.93519294334288,10.201964791092196,14.500408132397352,24.149545146950782,8.564628112967966,113.0
6.2724530624738115,8.690902230213403,15.186625752641003,22.785111003582628,6.607751214656098,115.0
8.885806592672681,10.962326376768639,15.506987116711228,23.34138338483133,5.579583521349359,121.0
7.468210106683327,8.687527069656243,13.707139981616512,21.39754590913318,3.7184367763300505,119.0
7.217103255928371,8.529965516779452,16.08337865445182,20.69275643096683,3.001678417416062,132.0
6.717644529597655,7.086597354648262,16.7323756407909,21.9293226291437,2.884242268780576,99.0
3.3377638219591557,5.772336014612593,14.34721870098964,19.19456764394893,2.7501083348019693,118.0
6.191398342047883,6.506705780869645,13.586107447529818,21.707650218399245,5.295311682087094,110.0
4.665962847838732,4.947251636616489,12.851556185079314,19.767657059197578,6.389816238061395,124.0
6.018458657629489,5.140347478581222,12.310170380701617,18.871817677833803,6.714019234248629,109.0
5.884907707704807,6.844774159817808,12.959121688356634,17.453014071118393,6.662934394732494,104.0
6.99212395787004,7.439771222889842,12.803287341360369,21.003232004354402,8.515806474186624,121.0
10.330485028611516,12.404814411065988,14.282067065644053,22.70101097668728,11.729360327066107,95.0
5.272017234549285,11.233512177774392,14.90157692819376,20.77773072583314,5.915424732315035,123.0
5.85885156337214,12.963447185651015,14.788334643552528,23.73232547073188,7.684396884403625,130.0
7.176178291942184,16.37158774247225,16.11728975027458,25.52729242929406,7.501364766114758,136.0
7.351964404975277,17.496823669415306,16.197664358244293,23.425717404760388,7.228358862802988,125.0
8.266098273141393,16.88260302796104,14.877296017240417,24.26770628177386,8.01204774981735,127.0
6.905775897804899,16.60489582031736,14.556273712573379,22.358278206049963,5.926842828811462,122.0
7.027966444665731,15.53571514888485,13.60050408164536,19.650473452328978,6.673522437211447,133.0
9.28058508836245,17.7786681757216,15.963075306924589,18.01600982518793,7.570493537648458,120.0
11.188555006238483,17.277136795581555,18.186852585489728,19.40371823635147,6.749289157135779,118.0
12.059755322093274,17.932668485515048,19.49348878183872,20.516558332625,10.055452431961493,94.0
10.5776753869538,17.317438264112077,17.98193558136704,21.0152090448335,9.085418550183425,87.0
7.149354390223777,14.932400697983706,18.78730578282771,19.983046771885334,5.453457527119767,102.0
9.153652750645385,17.16890939517053,20.80055464771421,21.803158782615288,8.430184290882694,90.0
5.183674692370264,16.628517597668797,18.33325876041349,21.21184409467896,6.527980219190101,72.0
4.285161905848241,15.239054810877063,17.67355907209592,21.199634055555332,5.82198422013341,101.0
1.93617640588195,15.60175898892268,15.851091625638254,22.276698435904002,6.013899547009183,81.0
4.313127096982572,17.643776991611688,18.321653195903654,26.784210835755825,7.58446408073873,74.0
6.522908072460746,19.00970361985666,19.325731445650685,29.422563316168073,10.06123319534617,105.0
9.314253140288665,16.889411894679007,20.547994088229007,31.64335390622132,10.944020708181625,156.0
9.76669029649734,14.499784596414173,21.99193233806869,33.03931056590908,9.603072933107226,161.0
12.83247957422289,12.715524920876094,23.68786069054834,32.5070984947797,12.26704173450803,172.0
12.30124934580131,11.589335193454705,19.90561427295056,27.843087698643334,9.772560804713915,141.0
11.622611672958852,14.95930786073426,21.3029150926409,29.985971567687816,13.242726966452487,122.0
8.800048859639737,13.72529958829944,19.781822266657716,28.880558738955344,14.241441817489523,109.0
4.244695621583339,9.799281691107911,17.90620567087057,23.335073989909638,9.267856138569542,123.0
7.477460136146791,15.59036478245159,21.834628318404942,26.918526503639647,10.811481188924962,98.0
9.662883168634849,16.0474352159453,26.008409981128462,28.895762543917012,13.630572917947578,104.0
14.518339510193059,17.902044932023497,27.21213669386303,31.73202043330977,14.656877512335852,118.0
12.698036213624569,15.55547978186756,23.20772399348131,28.514939088365058,10.641099512434256,138.0
18.60957644535363,20.252715746092008,24.284567443776897,31.82014641358932,13.200011975094796,137.0
18.3245943371042,16.03880282626019,22.84903726495449,29.79046728350133,10.298314615151247,133.0
14.307398075143276,17.04104090310718,24.919982478564577,26.932297891624373,8.277498440628701,123.0
14.055284446810091,18.08819581228124,25.098018498200997,23.22565379329483,10.922783350682284,114.0
10.89380910570862,18.203040226300985,24.578108768896655,22.277508652929026,13.86230658979988,111.0
12.805493410660276,17.775909276684445,22.251682330949343,22.732897743041487,12.388691055516778,91.0
14.291159543359754,14.961661434572807,22.206928705130302,25.730413480999626,12.11438219014876,92.0
12.375047522857404,15.59840594928095,22.81025173619341,26.611101293098926,11.857642206682883,87.0
11.682168651378522,14.4223745018638,19.187212314668074,24.483116913765713,8.517071324274156,97.0
10.845773611456377,17.538971544712393,18.770034504259105,26.219968533201452,9.252887581567467,79.0
12.993287180237457,17.206558677672113,16.96635151752908,25.89639349932638,6.657051402329065,101.0
14.538522581516304,17.343188415477126,15.47054022694789,25.613793327650583,4.501963096606419,68.0
17.22126306694649,20.330216895677886,21.364804918091238,29.99261922263158,7.866918776737375,101.0
14.613441202857697,21.572986519437798,22.159071533289136,27.569946561774763,8.563297546124543,103.0
20.75463864475722,23.999261691210393,25.31642604821194,30.127754426875175,15.221005486578498,97.0
17.57614643061403,23.049728416838196,23.75069233503795,29.850274109079663,13.081198322009426,109.0
13.83085395311561,22.143588045451892,24.72752114445979,29.920930819305173,13.231963667064305,141.0
14.24212335811595,23.692404133788624,26.147104452551094,29.91488047620069,14.406687905822556,130.0
14.565129835013453,27.53215619166368,30.591549667460086,31.104643510007826,14.918246620693461,162.0
11.398465012778672,25.900353720132728,31.127461172683347,30.490837693790738,14.567451601034154,243.0
13.228873861094675,26.87919516552335,31.04210980459955,35.32281438450675,13.8642805181014,228.0
18.500704712230448,31.748213885760148,34.42779495974557,38.00678567787432,18.50048164000422,282.0
18.54363697939583,30.65884752552575,31.682184817192674,36.19464864873102,18.835144898953455,296.0
21.00027846051347,32.25738132570446,31.085545131064475,36.63045202979377,17.258857504375815,333.0
21.606982577725475,29.806565302666037,30.296013432288937,36.74189085514387,16.889549561022964,328.0
19.34237939300874,27.84465849983493,28.743653353906208,34.28234400139136,14.238984485501382,275.0
20.015308462737472,29.512338312701473,27.94697039873089,36.653441309577616,18.55894639962877,214.0
24.11883060039539,30.726158801959116,29.40169837594597,37.73022675587656,21.91083430017187,205.0
26.19229560212731,31.84127651928042,32.67270169861523,40.06005888312431,24.502532187266553,301.0
23.29492773171045,27.522510455337766,30.67648771047179,40.148856220544815,22.292760662949227,280.0
20.803752827517684,24.88393551870465,29.26621080039262,36.37752897972381,18.73905739785457,256.0
19.88515006527098,24.464868057132552,32.69717650376838,37.08827163397456,20.136595963259992,233.0
19.1966352767139,24.60674604328128,30.85140162422033,36.19020649269817,18.666021017023166,207.0
17.855598392772368,23.93134260203722,32.406899578299594,36.12962893678225,19.77939185664595,212.0
20.786740706562533,24.141723658012786,31.493263667110764,35.01781677456414,19.924568525097026,215.0
25.35273023766857,26.09031701490678,33.73835193449133,35.90216612588136,22.11289724387597,207.0
26.10371896887893,27.59599091846507,33.65606006765662,32.81530721022386,21.54580285926618,191.0
25.56143675400007,26.44715911400844,32.771032335790956,30.712306378262873,17.91820088233865,250.0
27.53855246043024,26.96921062025708,34.02414788353705,32.826055843535414,19.18235498696508,244.0
27.339781274069356,30.73551607962908,37.775367730454384,35.756897581624415,21.334225898602345,227.0
27.539534642100634,29.755168602468867,38.54594783427695,35.752278579760706,22.490774188650715,245.0
26.028061611053335,28.014358867222402,36.24066616631523,34.31506217530337,20.042828642493188,203.0
20.793523250778918,23.69152513062542,32.935168660599516,30.345107800815278,14.55856857031545,217.0
20.599621225086146,23.902360556109766,31.269433558372228,30.32097621548186,14.844668677583854,193.0
18.60037302361081,22.387910150738826,30.59122216001905,29.79031750105981,12.265106322977953,204.0
17.81110067985623,22.39755131106532,31.32180533154943,32.018921637415644,14.505926519184804,202.0
16.836010031993904,24.908952297060658,29.666266924203043,32.74738690445899,16.739801101789357,199.0
18.172800386256178,27.560600838958216,31.01590123871008,33.55007774495655,18.415518520315853,201.0
17.808798388509626,25.749450346192155,27.238998450207152,35.06897088529986,17.520568252523496,182.0
20.313269178305102,25.1102024778899,30.9803337243904,33.55715336085045,21.788086671299,169.0
20.6126313642603,24.366445242193652,31.619306861647,33.249979518428276,19.686201113731986,174.0
19.961027924780183,25.89434472134765,33.83093125053297,35.07175856988877,18.463897170531595,203.0
20.458434246622154,27.4149645172918,33.390795610902096,36.20056300254136,20.68624732574217,195.0
20.347741264935397,26.509702984793496,34.50037859424596,33.54964209931637,22.754592215557327,161.0
19.47334040889826,27.295471714212926,30.87822552333026,33.30308847850506,23.595854943277043,179.0
18.990948666314317,24.97200337960063,32.69657368546308,32.75208438989824,24.742098809067393,209.0
18.611726927992496,23.221488534149334,29.466645545822608,29.081012537208323,23.53009756674768,169.0
21.83676752750008,24.97709176001924,28.72856171827758,28.497165971064796,21.910988303806743,144.0
26.069655797225593,27.529954695784852,32.16770170595437,28.359623453686293,25.813797369954205,160.0
22.257759581454092,23.395450726525624,28.145794141215386,25.483159539912815,22.42961114130821,108.0
22.188721045045366,20.709186385000557,28.98749419119816,27.166605512502848,20.60089378826553,80.0
21.683346655928908,27.081728656645712,31.148081846323546,26.764674521584787,20.064563065955547,96.0
21.209053007207174,28.625673761209725,28.78160419414125,25.24745529862826,20.51348895855816,89.0
19.71050345843407,29.17281170735222,28.15380541136914,26.23606536589493,21.146138782567935,84.0
19.33324865333325,25.80150707475385,29.579472378606877,29.713295795867953,21.76714384006634,112.0
22.733859212217673,29.93637822846013,31.982769488911277,31.666238664550832,26.331523869759078,153.0
21.922010596263867,29.547995998976145,31.905868729872367,30.561445279413928,26.2888832674342,202.0
21.635084486921446,30.41772207458714,34.07520473382676,32.15661756071485,26.144959747538792,266.0
26.49548935864501,32.31459458341923,34.943671274030876,34.24750503206318,28.776553221687422,247.0
25.84727361421491,31.606458293514713,33.16899333515017,33.68787851775805,27.64326676571503,335.0
28.032435481513836,31.24185087493576,34.41153120327677,33.55650597519105,30.51323267758125,368.0
29.27323835396146,32.87865272326627,36.52445960320977,33.55618000637082,29.704424219197158,375.0
26.49299368289213,29.31017222976982,35.42640958330531,31.102169737760462,29.635180015421906,323.0
25.49770332167449,29.896550068366512,34.3447247027915,30.55029522085929,31.052048454176507,261.0
24.90698705916109,28.99913793042411,35.53531091235156,31.24161345848578,29.345711783620626,236.0
26.086282563481202,32.385801730830735,35.67872188500283,33.90474558864156,29.360643949513396,259.0
24.68353122279095,30.810972475987242,34.566522436083126,33.609073897087974,27.273356315452286,277.0
24.38781885531243,29.11541270840011,34.24568884644917,31.069495290128664,23.830637257655766,267.0
23.641548541861205,27.40755404417404,32.074593470448754,29.450663804251462,22.29678801220625,245.0
24.611451165828374,26.09062577699826,30.04512797148164,29.04680473532924,23.529212868600908,219.0
25.663559607016612,28.176130552061032,28.84842163650923,30.792255475922435,24.46540095249611,199.0
28.155026683138484,27.890140899526866,32.09696023509998,30.23450340751254,24.81650083772752,221.0
26.79518424798837,31.078823125476873,32.879401342790814,31.235576268554382,24.621353491708064,270.0
27.185081364349397,31.140729289934097,33.8596451587095,29.126217646311968,24.84945888455315,331.0
26.659699900184695,30.902197694973683,31.097046126355018,28.236619029046967,24.92822983442155,371.0
28.558267160966853,31.751088920240168,31.252963452684636,30.043212008453626,27.692966518273483,403.0
29.170005797877597,33.72774075554372,31.921613020437682,31.06252229495781,28.54671817143154,469.0
27.2685569831469,32.14731902595989,33.184146098970665,27.77348721551985,27.846842186949463,478.0
27.14342562305594,31.90258796842064,32.63297882507422,31.15862177890505,30.32616352624051,505.0
28.178410748763476,31.236663394693437,30.720365372285215,33.99792335054669,28.72030636893631,535.0
30.611816429444456,35.57083336187193,32.849177607598854,36.34170011937843,34.0862162786955,581.0
30.04400693153681,34.22497122187386,29.571496985945814,35.84643246960017,32.22031703172266,597.0
32.860349482306766,33.76755772836618,32.311431495335036,35.86284113969971,34.5062580008361,601.0
30.19389563988601,31.886038308447198,30.719870890928224,32.371293984528116,31.43389717347015,617.0
30.859719625073506,32.32770783242138,33.86308941183805,31.786753159529113,31.850397509640253,585.0
31.685885353860357,36.89943713426952,34.376545897610676,33.51295992951903,35.394873924559434,519.0
33.56743968424014,35.18302161011508,33.771708685038945,33.76177291427006,35.55726227824919,519.0
34.6549062010499,39.404650844563385,35.198850504490956,35.72693644864609,37.56074925005127,516.0
33.65945149297761,37.21659792146956,33.02362491695823,34.782925029909805,36.17547317592174,515.0
35.20064728504651,37.225360779487566,34.555366811297255,36.19734218882195,37.43755051314918,552.0
34.30879565314532,36.3868032707731,33.41079547029766,34.439213858040915,37.02753581249635,567.0
31.03363993620273,34.3528975265009,29.45787078898039,29.934491110415482,34.06000897573752,537.0
33.852907768059204,38.471001258036324,31.62700102082923,33.02965363042243,34.966422003853964,576.0
29.36571268531449,35.35409432649496,30.21914593675877,29.937710109704973,32.230440624460364,572.0
29.783686750124335,33.022316232734596,29.03081423793519,28.760814552482216,29.36549587409325,541.0
29.88541386577007,30.245959445356164,30.48279638374704,27.495705228751838,28.596780825383426,421.0
30.228857048502277,28.426242433598034,31.213174062492413,27.389923676940672,28.423517907173974,303.0
33.04337093284171,30.448530119479067,33.43489066632497,28.505820477349392,31.951783188931426,281.0
32.63080628261595,33.401700309111675,37.12408400960315,31.578733961218212,33.17202926564701,323.0
32.68113947276142,29.691694147385267,35.22905071465653,26.77407194156022,33.12471895320891,327.0
29.69651297559016,31.35564637478432,31.53889481337276,26.93838661878756,30.26197549485544,280.0
28.194246960710835,28.62362317540414,30.96325740311,25.8188892026962,30.916241745869048,230.0
25.77806479367027,26.593455813104732,27.14742276988038,22.13226114562568,28.664834839449625,183.0
31.073020450373626,31.747669388606283,31.625488031998586,22.117492578250197,31.867604567827648,186.0
31.495339338667762,31.785412098921974,31.977206315119908,22.072107242104753,31.510055010908196,200.0
31.050618957666195,34.67122382349193,31.443909790101536,22.06729070174046,32.18853768542208,268.0
34.292790548178736,36.55004319152782,32.50092584815415,23.2208562855864,34.341893209847534,335.0
30.765099679585784,35.470002156022886,31.147769328633924,20.971495437513155,33.233717235131536,304.0
34.964193337289,36.14799926881329,33.62651621618155,26.25399191054942,34.40547679101145,353.0
34.91645672128895,34.429191502617016,32.03117953944215,23.91362597158634,36.060050046042825,371.0
34.8020908421426,33.769109479041624,34.521929347778304,24.073801881293534,36.12214214191336,322.0
32.431718086141146,33.77069636541304,34.20573079863821,20.903234988896454,37.67843888164774,277.0
26.771601002152607,32.57396341377815,29.99645038516369,18.5728054857907,37.398646188994185,281.0
27.062980919909016,33.13342996031238,29.35790853209099,20.301565805076187,37.95337720849649,258.0
26.19173067588752,33.49957033037414,24.009175105498315,22.70844543393974,38.49037725790699,185.0
29.327109466649002,36.23822257601428,26.094752693489113,21.285118506505253,38.07237542941051,230.0
31.831151013619845,37.5480639022458,28.003690829550273,24.46849554888884,37.96399362062938,210.0
31.45949637512349,33.04445951193309,26.117825371677228,24.73988432593756,36.207769857725424,196.0
31.445170364745387,32.376463674366676,25.479111509644007,22.00107958226485,36.21324831718669,177.0
32.092316374937674,31.047182487825083,28.299056138210634,23.1812721826561,34.66405474030028,159.0
32.59085925111088,29.29238244399644,27.20702749620838,21.056588020814672,33.307975797437855,143.0
31.927014920707563,28.13400173218402,26.050700353644192,19.533098439319097,32.35850903571522,129.0
33.19529986275456,31.113290257589753,24.7028203760215,22.23487700389455,34.99034591391512,124.0
31.98414885319503,30.43626379939557,21.287008683216868,19.028519267997275,32.468752949843896,119.0
33.341903205279664,28.603453570948982,19.800354277039826,18.231229635724812,32.38564585343306,129.0
30.797821001274322,28.930979343192675,19.301448694579697,18.75260153095493,31.006022201939864,112.0
32.27003835941241,29.259410123267685,20.908365200405708,21.231231022105348,31.463772550008617,100.0
33.45199365081048,30.383450640752702,26.732494648422744,20.700634195780516,30.91563989449054,124.0
34.55621523338099,31.66814679299552,25.889749528256665,23.024227554019742,32.438188464656825,133.0
34.42236859401887,32.11435622941145,26.117544534118252,22.32919689460138,32.71028980160542,159.0
33.6900595855522,32.05525120433783,26.40303686864603,23.04337571482146,33.10595948025517,151.0
32.86974009689007,32.07068633560936,24.74658447562337,21.229348602751433,34.36995677371294,162.0
32.73553347031672,28.441165695846657,24.693212185690413,21.77767231272812,33.53777957273936,156.0
29.04354366223324,30.73359528310878,23.679065202318007,23.47161656188045,29.365046093636952,136.0
31.313258781619314,35.4011677512498,28.49850675131479,26.5148707955645,33.944775561414936,141.0
33.10479062201857,33.66084793293263,27.169178009964156,24.417058808421586,32.717302030905444,162.0
33.31941271066626,31.159112224299996,26.708440446253757,22.94212828241517,30.69596760311091,179.0
35.32840623183751,32.02833939487628,27.88183312459914,21.845136752656153,34.01468375468636,171.0
36.811330438464964,36.85460754273444,27.3313414808259,24.564770706522047,36.178158150063084,190.0
36.39463241040508,34.94019254379337,29.05057198119153,23.61681205458353,37.132671604627205,210.0
36.87165973974744,34.40485205621329,28.07685670140976,24.438829521989348,37.31428616021763,191.0
36.53881043076111,35.00163926057569,24.4353601246955,26.232892394570698,37.91213371507704,195.0
33.61859978648669,34.172984529802754,24.388575725734565,25.031016404360418,35.321695742140086,226.0
33.78309652963181,33.27082046928838,21.692479078205405,19.79108613229011,33.37019977284367,177.0
32.46409387787276,30.836926066518018,22.241951504673477,21.311773074309333,34.664821915291014,163.0
28.903782614285586,28.640343647268544,22.132445103194044,19.914665870396206,35.977768736640655,147.0
27.460926896128182,25.727553212988386,20.584995171608927,16.2566435132904,34.268493396534154,119.0
30.331369323506177,25.252665170505992,20.07784000196476,16.955978040333395,33.34317111456524,105.0
31.073813733079948,26.41786212723463,19.46076237275497,14.300397169848935,32.000512311168286,104.0
30.31360453919703,28.71841927933675,21.57790965607611,15.726602839703572,32.13553639548518,97.0
29.509409630238654,25.01664704554959,19.597678633032643,14.799200521512283,31.077839807095835,89.0
28.405018950990254,24.385642121036266,17.783434400977637,14.025611836452798,29.60921645835756,96.0
28.66928262617374,23.532532533997077,18.73418204387492,13.515467783437604,29.74844822021102,94.0
30.146454013434322,22.070004884590162,18.100643389671163,14.717304730466278,30.52513886176594,113.0
30.752560118261325,25.203400872795314,16.39971270792324,12.528752092624895,29.894109963373886,81.0
30.622182218803637,24.576202833515694,17.40291314180523,13.283593899236896,30.432970917503823,93.0
29.184790768118656,24.526817585262386,15.770735625802658,10.993047186031575,27.998818569749226,88.0
27.739628877109766,20.27197887502346,17.172302668592522,9.567582889998729,27.40946536038171,102.0
29.83376223747584,23.05913956732651,16.552678128104017,12.11841052559108,28.45272139698408,87.0
27.445080294652936,22.149967375320713,16.126483821260514,13.381447152916557,28.527495914065103,91.0
26.637785087634114,23.00190500608787,17.240359929040288,13.313789215220368,28.18844193426743,98.0
26.703904366575017,23.642388401958037,16.938763655460992,13.771929423852693,28.320451660738463,103.0
26.894413961224522,22.53908079534281,17.340534133377986,14.734495697414676,27.495557250579083,98.0
27.828361575991607,23.033172259415586,15.249795096582364,14.047880473493333,28.584109168889995,102.0
30.726274099147357,26.024765864297873,20.919262127593374,16.864187003644147,30.839333529558132,117.0
28.52240331268991,24.510343362075133,20.26193454671692,14.005999168590222,28.280028152712504,100.0
28.56901811843168,24.33131473856349,19.035026945296867,14.33683261564284,29.8964827028654,134.0
28.656262803575373,23.780917611356855,17.613471406125367,14.784743253330692,27.982274606082857,143.0
32.151488817997716,22.004338315125263,18.394688315558874,14.379444169834564,29.495563014586395,106.0
30.771601232495726,24.429926480625404,19.996743716361358,13.59552239477067,29.526505170942148,101.0
29.878216789557946,22.736097055071365,19.71078759643631,13.554131612607435,30.8813583023713,110.0
31.998173452176676,24.407029047724887,20.8019536863373,15.397984460823185,27.702126149538774,101.0
28.106642706814768,21.202797552548937,19.59748247884522,12.504740464223111,27.030141981184496,102.0
26.660479040421826,21.2011029568324,17.345899019084396,10.468055140960399,26.685240654094514,86.0
27.393810547555933,18.28862696121064,15.700106236992275,6.696311132974672,26.311295783906367,87.0
24.79531099334803,14.97514787984022,14.165411613626517,2.665651022264443,20.565006961400307,86.0
21.690020563723483,11.972960770603988,12.000135558574996,-0.43658694551320565,19.04366312820177,78.0
21.72815739589614,10.577603907595483,12.882883549342788,2.7521352740952096,25.135427942829182,75.0
23.833847877978307,12.411698976042656,12.234030113617056,5.739117034669621,26.06997715423359,68.0
24.355986239597655,14.569965697095686,10.66561820133117,4.744682492572958,25.881596598170248,64.0
25.307945196067454,13.915529588671163,12.16800083363409,7.634932000912646,26.267870267915303,75.0
25.22119004038605,14.568200372967208,10.528050032915514,7.120161242801186,25.2129337756287,104.0
25.062141931434052,15.593318146221492,11.260004945597533,11.298011901735565,29.869415057723987,94.0
20.060032412596886,14.723886027047584,8.172201718278977,10.63793796606881,29.515825000104307,116.0
20.249753783728607,14.286101347824587,6.731408439565138,8.016278950522443,25.74888842390139,114.0
20.422738229174037,12.938865500630031,6.935714114035872,5.2963695707335425,27.58059037504099,169.0
21.441787221724862,14.150577435416107,7.969197599815142,5.7096667075259795,22.894978421741932,160.0
22.370936775267797,13.72117916597415,10.323334481166969,7.6138643129260615,22.880932114025068,150.0
24.158166542035072,16.395665652287605,10.910731354270286,10.10119155616747,23.005833528602945,164.0
27.260237798838617,18.008099867765353,12.015752892131292,13.923802626739347,24.30500168176786,157.0
23.81498977521659,17.362107096845854,11.377252027951236,9.028220000595054,19.515780294029618,172.0
20.569879317041426,14.383854993265825,7.075970245053645,5.331874159624921,17.684514180781402,123.0
22.069519827038576,12.71689137577295,7.9885697641276145,3.00680365607775,18.32897262757316,135.0
20.02611031743789,10.540319580131044,5.26788966581886,2.0512399023851797,17.717237938459434,145.0
20.385242302032225,11.852134222885457,5.606395324427748,1.2740785426258059,18.252705663080175,140.0
20.27426014738354,13.565456113541138,4.984384269508224,2.4895625382372026,19.780581568697592,153.0
18.527187036308245,11.954415921009469,2.1747607557340842,-0.6733785578983031,19.983310788761774,134.0
19.118953618362866,14.740780721989367,4.688302099360845,0.28327687897790454,20.134890295361767,124.0
17.427514642761984,13.959911370859512,2.74180141165702,0.4334210430890657,20.95864333046657,108.0
17.592782347966278,11.016338532982271,5.395146191271182,1.766932505060974,17.567743892102154,130.0
17.08479389354205,14.303208027027395,7.524752864442905,2.950591035862108,20.60910061921515,151.0
15.989316691868098,11.39236655183682,8.311450457161323,3.0065528818271057,19.37612812460773,148.0
17.88567777077184,13.356116024898471,7.622644588231627,2.591473226277099,20.7767085554976,182.0
15.226286432875783,13.738953602293115,7.5609918372043,1.4484026779642063,20.874719493591925,182.0
20.13706103543048,16.604593587022013,11.191341637094464,6.096736444106222,22.921277659721223,144.0
22.313586496871384,16.889055691031594,9.734381311287411,6.541146234514286,24.564721760709894,143.0
25.313568535059268,17.80320942954902,10.892854755073234,10.820492155856982,26.31497199789483,151.0
19.72014055603841,16.565212129903397,7.72986054322117,6.94266069395509,22.670030423981867,155.0
21.92509336468513,15.227578068995015,6.547924615678441,9.942444770240245,23.442701057979885,182.0
20.738731705528842,14.96715035385199,7.864310331266996,9.454012376361222,20.837393502856735,166.0
24.253823798038347,13.575284199735123,10.420222506125414,9.369399123611263,21.611973683156624,159.0
25.064308715246643,14.69631871314299,10.486347596593191,10.234268267671872,23.452899021434416,156.0
23.899724854868737,14.670623460433085,11.320472209826104,10.690032231197735,25.866736441111822,168.0
19.66217988747575,10.53602969925629,9.438549793567505,8.210895999143919,22.980030435547743,148.0
22.83941141581468,10.047604807801271,11.52469959776359,8.437536878157843,22.04658711294771,136.0
20.595219032419685,13.329540358948723,11.836670476483123,7.127019700487369,20.604969070313345,119.0
21.602662993130092,14.22213467325932,13.093584843626246,7.180666212915259,17.833191616114757,131.0
22.304525765147563,14.785843126407096,12.492597397916231,8.746385807978967,17.742769090615198,114.0
20.97414318512939,14.94402161527163,13.287830737580075,9.642217936403432,18.091581030026212,99.0
21.50049070722574,15.820399480838718,10.972859975258098,11.254291997597191,19.619218165351256,131.0
23.294357007474126,12.856119523625733,14.844920077445584,12.154886546273202,21.52978736665742,125.0
24.110919097160412,12.500893304162869,13.76987418321628,10.533812627691105,20.821381230103057,139.0
24.83250306455859,14.34902849929905,13.624480956751857,10.079611238997334,20.72989053848775,164.0
24.927997766349055,13.467041077185494,13.121633512378514,12.82712834968364,23.167891447962212,149.0
23.927173022901883,13.139788897757834,11.676636791413797,10.537541174009753,21.98583930880939,136.0
25.687558458922425,12.736206061058633,10.820576473336704,11.972623967891021,19.895400560800706,142.0
21.57395931872787,11.031820703377921,9.784077466762145,9.277001927011355,18.837579221309305,155.0
22.280587557065004,13.201070785137142,11.540046075283048,10.130071254912249,18.333137990679,122.0
20.422445039220264,10.148386580888369,10.110940274415999,8.654453377709377,13.472607804714166,119.0
21.168751507372566,8.48365865678403,10.42723998436937,7.598367902696681,12.709758727278675,99.0
20.379120348754228,6.551526243687542,9.544847265525942,8.37028714652344,12.387258993323174,100.0
17.040593173576575,4.76349984634286,8.301001473955075,5.067436083537148,9.576650381662397,119.0
16.051299833173,4.687520569408422,7.67229825759395,5.482401032318101,9.864940294556874,117.0
15.593117735436511,5.0410944688691615,7.900513520552099,7.827519768262979,8.518459056472388,108.0
15.45694147987641,2.966593918713116,4.312984603998823,5.842943336061451,9.7840471349644,130.0
15.874869381317021,5.023990435437685,4.068144705423149,7.456158035283106,13.64659031511278,140.0
15.061362241857776,7.081265583873149,4.5427211074444065,6.071201678629134,14.913348238382822,162.0
12.942168446766892,10.760548175221269,3.4070760215358487,7.298976153191634,15.835314798456029,176.0
13.218948921459457,11.389475248527127,3.3567012592492116,8.610413546932175,16.39823306602848,197.0
11.675366878772234,12.35842885634667,2.2204173594628447,8.176124233908519,16.704055355267073,202.0
13.159470805539303,11.9210274199813,4.903012042960818,8.066499730295545,14.709887285628207,270.0
14.623395235344173,12.312567255104224,4.878024635748864,9.913748261780057,14.79873037473819,258.0
15.32559486659494,11.277128400444603,5.732210812434341,10.47105001392717,12.796819915504372,245.0
14.674457462146266,11.016479721352622,6.17101202443046,9.151493735058787,15.410079419492886,238.0
14.841694986545988,11.615733296699041,4.869696617950278,8.609092353915639,14.24872863758956,227.0
14.429940204313569,11.731060529432463,4.38132776811589,7.334953482986828,16.57843398831685,221.0
14.519304131512277,12.910029506410606,9.393469437342551,6.092418174642259,13.920424316035167,235.0
12.082489917050907,10.743813305238461,9.05525885055865,5.341213607424466,12.004149274365368,191.0
13.55346170522439,12.01269944973534,8.56856235219775,3.764428428596638,10.685013249689325,217.0
14.609730920398938,14.888633520111393,7.739574957272748,2.8724540699900523,10.940694553729223,192.0
13.345294631288645,13.17389807056676,7.16957188524418,2.3521021501418247,9.354207395344542,211.0
15.39347264190837,15.52706908450567,8.71765514899823,4.138281829854731,9.707547740288902,169.0
13.077870393908185,11.584296453033268,8.068684955898862,5.883951921638455,6.463558545601776,194.0
9.857808462493256,11.414234486788775,7.485197077051353,8.022200451279584,5.40659629981409,178.0
8.851440651564587,11.605830553932499,5.783920612903067,8.524311741509386,5.194299160713193,210.0
13.11422290903765,12.444497292500428,5.551193478572283,11.258560739136815,10.395721248102458,220.0
16.22363570934555,14.181719590159698,7.730671524162647,14.187377783248277,15.60373205883699,188.0
15.303833943557892,12.03057211822544,9.736311584770691,14.567898052141826,13.089855313117475,183.0
12.560862447883613,8.664374876478004,11.017706476230947,11.220918459879165,11.783360201257455,171.0
11.236471720475196,3.7182071734349202,6.986104675212419,12.351923725467465,8.810589071892633,179.0
11.466062629231459,4.561150890049287,3.0947404711645055,10.219372413913774,7.779192365906525,182.0
13.79574921863499,10.3527268420718,7.726009632180638,15.371793672795306,11.183638220041683,181.0
13.905010961490332,9.43730070185909,7.365572456287365,13.892492321717238,9.926736086408377,198.0
15.916881958399014,8.857746013741185,8.564962210489863,15.630643486928337,12.418465513616628,165.0
13.683416754979895,9.530438650441484,8.14059268189203,12.671577926012072,16.258266151435098,133.0
13.457140184498252,10.171338502534375,6.377178681823018,13.604206019259838,14.572887900621009,126.0
12.880098665228502,9.330377690827946,7.032244471115803,12.35737315135781,13.534054814782262,140.0
10.412393196082862,10.082221483605533,6.546510693432691,11.139914009505683,11.7219145967817,153.0
12.507980341860582,11.232374172001439,9.09257182498261,13.191787393511376,12.492432691855935,165.0
10.15437767856835,8.826569982538452,8.846834984402372,9.98880528170319,8.641728820737928,164.0
12.450803547557697,12.304419697925615,7.639196439010816,13.548112197166976,13.894463285436654,154.0
14.03943525215876,14.739066780107102,10.158117043257908,12.15162675599487,13.186050734994085,157.0
14.162631942239539,15.017794176830698,9.520008948746314,13.858301590000803,15.016384099029821,130.0
12.903856718723146,10.505781532034245,6.548718238343499,13.022727645435348,12.984310714450164,144.0
10.900822061145982,8.256134817428508,5.943780959951185,13.627344138662638,12.725726660698713,134.0
9.083570344204215,6.380186059800327,5.620454306119834,13.33690925271718,10.371814018241508,178.0
8.610254384439738,6.208272617396801,5.825720325933986,15.031169664322924,10.823475830224195,173.0
8.665891546463184,7.315350465993395,8.545850152154344,15.583922304513733,10.808019414231296,177.0
10.120161789960175,7.201913332049141,8.275964277574227,18.86774360695661,12.43592394043214,156.0
7.581189261283061,9.14878663131614,10.353912285064608,16.050943580114794,14.439361684004863,156.0
8.967537335060259,6.91119139262881,7.460103236097548,14.55520814829286,15.929365089018761,147.0
7.9241110168495945,6.237538790396085,7.212104616581699,14.076215844493134,13.554439662391577,141.0
5.474930071303574,3.1725263251123828,5.3277463246720975,10.61619831361672,11.24282060730511,142.0
5.154160632651518,4.872462952387801,6.443217650965703,10.576938375308155,8.730511528475473,154.0
6.46448733388026,6.502015697181353,6.46279931693619,11.344904839835586,8.233499035913683,153.0
5.300359464354539,7.869817717549164,6.35334703163116,9.799259082017034,10.973492096221326,135.0
7.776876755477401,9.17508744996843,4.001012868248601,10.32177119362431,10.630314089480645,158.0
9.289473053297321,9.426714878543127,8.661291910116496,15.086153775399081,12.832780591569254,129.0
9.10710163835665,9.02171374781736,8.8133915043048,15.906780991825679,11.166571202623345,117.0
7.920116206799362,10.189111022175412,10.707269253678056,15.859293314615782,10.819634167064665,167.0
7.138594735952745,10.253200683864831,10.472984386865226,14.340624550580133,10.210038802252354,176.0
6.111262986946215,9.631441350349958,9.129774923131324,15.978734944770597,6.885327209165351,192.0
6.703726227088141,10.521749616878019,7.9962047894332775,16.66812584738364,8.952348539532025,238.0
6.086497278681675,11.068295153373425,6.784009189021159,16.586190013217244,7.074871039598236,229.0
12.851203671891161,12.220958791403072,8.537514171044776,19.350924045695898,6.818091277899095,203.0
8.664081071228017,10.287030749830281,7.03557932314098,18.166207260794693,7.716232998502904,170.0
10.755759430630764,11.892739442803942,6.865080828243055,20.860831844468613,9.144800077488492,159.0
10.837042321001583,13.383782073257102,7.003528090059412,19.84851160648261,9.779042302215379,130.0
6.929625279693838,10.635587140027567,2.8195386450324254,16.99268114046653,6.259667862015244,136.0
7.88025686220665,7.733360573010943,3.1230648501964087,13.889916945831521,2.466659506438444,116.0
7.9331359395251235,8.495630421773912,7.314828931608593,15.582844684583396,1.5613360353212578,128.0
6.277809292683912,6.880196352882725,6.622615599582569,17.515389708711883,3.758345685522052,132.0
5.465181613364375,3.5733547263827727,7.409143184188674,16.042899198974773,2.65201884054958,148.0
6.970944440378672,3.655149162595537,8.452534097298923,17.93879618547995,4.792343318969697,109.0
8.146339028038717,6.066547507094521,12.19797780861847,17.757586422605968,6.129435810075753,118.0
10.210717214704449,6.268899503950244,14.58791934003326,18.018517984293272,7.131162847765788,113.0
11.497814705394834,12.401377401434374,18.290826067327988,21.879227828782877,9.833765262665104,110.0
11.394688007240156,11.992763211414966,17.254404356410888,22.553108187755157,9.469236432733416,115.0
6.427190493284826,8.718037080360759,15.733899611205098,17.79012657838876,8.291092240554619,113.0
5.59043116233367,8.836197474406024,12.82838093220484,17.135463396424807,8.117404072714017,110.0
7.454644913164668,11.510941641920736,14.390886531716474,23.04925315665813,10.93488063016465,135.0
9.768808366442197,10.867633881732154,17.553031973164085,25.019195385961527,10.778387450755439,121.0
7.672832706801067,10.602718368298056,14.499082112130118,23.584149688120533,10.317212250778379,122.0
6.495702991514168,11.474685884309336,13.229370864978133,22.652684086851337,8.420422839648472,111.0
6.003078745428478,10.708342505280557,12.741746085893805,22.221811801980067,7.52521956906056,127.0
8.450065728852021,9.905588930942347,15.478082763944728,25.826321156197334,9.898779484056023,122.0
10.772355725692888,11.306081070244744,14.772594255916719,26.883618817470747,12.334475360829252,124.0
11.752317509200793,9.945887164144628,12.388035157789577,26.442008046648148,9.219881231871215,121.0
8.833083557402441,6.946421337395243,10.554192035636877,24.223177777897387,6.713760661881311,129.0
11.218428705613146,9.488633573552073,10.32806531555754,23.341996988373847,7.1958001907295275,119.0
11.648617477312165,10.483027681250546,13.825163610473293,23.717825873188623,11.999075726881784,117.0
13.486781901941328,11.80558902410251,16.375889420314955,25.197895164120418,10.238847996498567,99.0
11.87321369523115,11.953062185172586,14.662763682461987,26.75145270769487,12.475885686961947,111.0
4.682256546735369,5.959689893729429,11.81185014145861,22.81776840994319,10.67238877094755,114.0
2.1489558733295038,7.717344089178091,13.023385669517673,25.85537794479343,9.432054268945443,96.0
2.8781469805009117,8.775994670529979,15.35548150993187,27.849217896468655,9.408150129351885,139.0
4.072139538927803,8.581103271195312,15.854640400226074,26.1751766447533,8.067819335703776,134.0
6.128656401744773,12.247385884450921,15.227812646933586,27.307876570898987,8.221421222790035,127.0
3.832195251953708,11.602558543254464,13.49506112677255,24.22871683618035,2.708197465387709,120.0
4.301385194662108,12.053251066688484,15.82756367408663,23.693887506925456,3.6430846963024592,119.0
3.1477944098239945,9.28532724103594,13.148506198140485,23.426634046535135,2.608601013402204,103.0
5.262089487711023,11.564862381693604,13.823190247408625,24.836286822374507,1.9033289331489076,111.0
7.62821190176699,10.242577460523604,16.065743080159322,25.4241153798004,5.5157984285458355,113.0
7.535146359205513,13.064145379761074,16.914854205495462,26.4928891089705,6.260315129967115,117.0
5.26991076619818,14.201092291841723,17.988815610009365,27.702989852314694,5.741507431925834,125.0
7.603557623600064,14.604630909154174,16.717061024898086,30.148095586570257,8.694564316485257,133.0
3.639753471773221,10.445193523254662,14.756316217955096,27.382249718320224,7.04935107763535,181.0
6.518938919147612,12.71278215648714,18.862418110670163,27.550922100474523,10.17467680312331,124.0
4.5470578277247515,13.411702295397237,16.95937261699385,25.08339993177863,5.811426136282593,135.0
5.74987538375882,16.123322692578853,21.281969745213193,23.41904599061707,6.984493353360413,131.0
4.473836899865502,13.582360628057977,19.542239408704027,23.351177214938918,6.058531856949975,101.0
2.4120333697454868,12.625826651401624,16.83023057222242,22.4873985719233,6.715676418806797,117.0
5.1965278708344815,15.869035245023692,19.2942625104345,25.121547692859966,12.122408018984599,98.0
6.496329289027854,13.876348459377398,19.95901167178872,23.514969710547064,12.197528350239356,96.0
3.8339839516489693,13.50878661723677,19.93910095380609,26.624896989444974,12.25323834503905,109.0
5.506224811913943,14.89149402625181,22.330247553134548,28.117984724821742,14.271474567033023,118.0
0.549364405541592,9.232261692369054,17.95362061047626,27.073696154119578,12.256448503391633,145.0
4.851447904969152,12.28897081795585,17.85785644597734,28.37488266434764,14.774515622016962,118.0
4.184400394529755,12.987801171016802,15.62250009204224,27.336281130502226,13.769233315762634,117.0
4.511811669980496,16.185033065672712,16.120733029421928,24.87783551836256,10.467406503417553,128.0
9.307872477514088,18.35279520961501,20.410774429467867,28.52674926133353,11.707660027511,101.0
10.130774034634548,20.066963603718406,19.265475935848325,29.06347042403562,11.635474296545171,123.0
9.848794983271686,19.383736355601798,21.889499541136257,28.317222305301808,12.126130958401088,137.0
9.695387860605212,16.96417860248552,19.215877799736713,26.873144483947492,7.84784596818284,132.0
11.739457466509734,18.797707521734726,19.330301737790407,27.6615799536768,9.537293337320346,122.0
11.874681781822009,18.77851757330926,21.060819901928465,30.165276028853008,10.79279963730017,151.0
11.121356681450685,22.108339516693242,21.041130717873525,31.674048184349918,9.964204901916473,180.0
12.401055249051371,21.8093888846998,25.129324749074957,33.878022458528484,11.560125655070268,176.0
11.974687208348168,21.36187020262753,28.87353434064359,31.983017338096545,13.119478833631531,182.0
14.581349571281558,23.30552952186649,30.751368201901677,33.34668976453008,16.67102448364794,194.0
16.315635889972295,23.225285791991233,31.06855118778216,34.5843829536102,18.029741164859374,218.0
18.32013364807553,21.856607378922956,32.872001663115654,36.438177456998424,17.29700836140197,232.0
18.462606597926772,19.844747019137827,30.476332943863724,36.08850619917628,15.675896594599816,221.0
13.949520027110125,20.82745608485245,29.511318095472845,36.17858540119979,15.136219078240076,235.0
14.312777029569032,20.204034361304036,28.70065314222853,35.06920929156272,12.00673269832259,171.0
13.419328944494659,18.849037637989827,27.220179283099128,32.63366530118276,9.866180776838329,173.0
18.06535392653099,21.20125604501078,31.449189052012766,34.94987668344193,11.634716217044211,165.0
18.68621125003215,21.869843731317076,29.67138642996359,36.33108640284273,12.447553104992537,172.0
16.10952729274857,23.062066359056942,30.50328144852721,35.83701014952481,12.999344695351132,238.0
13.267875182377795,24.025431965467792,31.109459135225684,36.93211307222939,12.928248167490873,199.0
8.79623080889886,21.410679373016478,29.989797648507448,32.928145654833855,12.005211418807077,239.0
11.992197196870906,21.518881397507705,28.260801812292975,33.33867951302004,14.710535153959727,216.0
15.373386334272649,24.840825924297352,31.159833724700945,35.99955089077317,18.117239117648182,200.0
14.732008130328646,24.47991207680714,29.26788946144512,32.82379238361271,15.674460391253474,200.0
13.40466706355466,25.405714385570864,31.049363303077058,29.55147888343312,15.198582195622947,221.0
13.752292831979958,25.147719795885447,30.47424887032892,28.458986273178137,14.770413611466584,218.0
15.009231729673724,26.425671270679622,31.719907816648735,30.784715810062785,16.692361823590193,184.0
14.822579389521708,25.16113992238249,28.93118331805333,30.27131988400202,15.430788641448572,226.0
15.35326084047804,23.409160134336858,29.218390007622002,27.156196023445663,16.346896521791276,161.0
13.109111800037962,22.715773625058315,28.237026702977865,29.682819006814615,14.790490609422518,153.0
14.524231157965316,24.985963606567154,29.63980158293732,29.096170353343684,16.52791277228533,136.0
14.014869215464898,22.77242400709744,26.11920371395968,29.137497198798574,16.823987031055502,130.0
15.31651332882077,24.122721702274298,27.987825032785437,29.360921894207575,16.416849039006795,113.0
13.254457192977668,23.31957253257492,26.86779965452912,27.747402831221404,16.85880544069256,115.0
15.41175624600446,23.030966431843126,29.132518458193676,29.660029400000997,13.852095834058545,104.0
16.657492829776935,21.34168439161494,30.04338637443555,32.14256436515851,14.327844149671744,128.0
15.303827019235202,23.50701985696692,28.624880234102637,31.845262975521187,14.837530044406641,156.0
15.801430966224894,19.53318021298393,27.140063961429206,27.51829691782681,11.28485709098879,150.0
15.244440754870354,20.678327540892614,28.15924782719519,27.142160456983227,12.78715380127924,108.0
15.314424466958299,20.223518721127316,26.827228544418865,25.195674952323248,11.210916263644311,95.0
15.323404997517576,17.896470407942772,24.81648208523039,24.083902764867688,8.89113841509141,75.0
19.18662566335894,23.45287206676813,29.847633819100835,28.801447363440985,14.134633551746807,90.0
22.472066436261123,25.196897331936754,32.06506943491137,27.69730259683353,16.715790430463212,115.0
26.609001024001085,24.30945576160339,33.44497016191968,28.8622693901909,18.743846869933652,155.0
26.5905873117146,25.80848770715214,35.725872137686395,29.365725252543655,19.507099234981368,152.0
26.708276297941687,26.042330950203468,34.71221221466821,30.136626288908992,22.461359466215043,179.0
25.835421977352098,26.87138941100685,35.053301794721406,28.98132122945407,22.85194020870596,152.0
23.429601734881636,25.77148719666787,32.91387612829803,27.474364663584957,19.54540086172978,152.0
18.89661146632049,22.650712693093165,29.230784276383307,27.18929275501901,19.783224001839937,148.0
19.64507275388898,20.405889505789943,29.604399279563346,29.770370262586567,17.125877449029844,138.0
18.71802323580613,21.46309142486681,28.366599408770565,27.635671333990587,16.981843982646357,121.0
20.213171379670307,22.174229475517127,30.638702988622146,25.836761713985354,17.037476777988797,118.0
19.766797001412726,22.068519729565942,32.721387893011716,25.780480565336706,17.988939496723297,109.0
17.87630282576703,22.650455842994187,30.278197489682174,26.048791464575526,16.548476778199486,109.0
18.987693026575364,25.50736992133006,34.9424422585076,28.472477027342777,19.88001060918228,112.0
17.575351333260425,26.181782128764265,37.45826769609387,29.229653603538413,18.868161654917035,81.0
16.691509326376007,24.817280902508237,33.70812923187562,29.27781131201552,19.753943380487428,130.0
17.702556715537284,28.230922277298625,32.962519656387116,28.320513750012612,22.508326270611796,137.0
16.69746652251281,29.583437708266786,34.301032304132306,28.060995087887413,20.27272785622898,148.0
13.011464260923002,26.165169775088877,32.05911294093762,26.155642355939907,17.01871099878022,169.0
14.704485988130626,23.699579560924292,27.7873975853067,25.133580161443188,16.08489620386707,124.0
10.154315586326035,19.834994768648762,23.953756273349214,20.326799650451534,14.278368786013386,114.0
12.98043147750987,20.860016906894966,26.60150487505426,21.73023106310181,15.838357362109182,75.0
12.136639582909302,19.507490761684792,26.435774871970082,22.033012142191698,19.350236056368733,78.0
14.519104280947216,22.75121298940814,27.871544964205597,22.825509716868787,22.901821480257126,72.0
16.57782325499131,24.922065760219844,26.312220114858846,22.551977536603857,23.006025601883888,57.0
15.545621305478797,25.3317823617745,26.934578746915687,23.11281021345772,24.2407500354864,69.0
17.120921584287363,28.00164965427264,30.807171367724226,23.91127991631335,26.265843816881056,79.0
17.365672785533786,28.55635090723039,28.901897867083143,25.379130018550732,23.991286059250847,76.0
20.08694361938166,33.31873743064107,30.534027371718228,28.237446422939513,25.59719800783596,139.0
21.454171513749085,30.622636912773118,30.531275999083594,27.97657466778145,24.497794513773204,186.0
22.450783950841316,28.514089009683687,30.16262375689232,28.438659312626463,21.29010793685297,180.0
28.876856770390326,32.23484443431325,33.69398080082,34.8001160999381,26.327667029203752,257.0
28.09275600637227,31.675003908355425,34.50106770199138,34.37699433425099,28.830638565577182,360.0
32.5091112070495,32.70283938874365,36.92205478376511,30.84515279893552,29.341558521654804,365.0
32.134575136618885,33.04717613788878,37.67170855889098,34.773731788773915,28.773012355707348,339.0
29.86803411137663,32.634720175528116,37.03324644127878,32.576618097979136,25.243133026964482,350.0
30.307374304429093,32.48760078851677,37.09290997293956,33.6938756903029,26.06779752108436,336.0
29.988810593532374,31.686581197008024,35.50230485701556,31.102228685728278,25.859569408147504,302.0
30.7155260861771,30.12142558433509,35.53080323918712,32.84711195013085,25.674833104172464,362.0
29.51985195122534,29.74227066024769,33.597163476680116,31.991121245304093,26.9693081289578,338.0
25.37783938610738,26.583997338618158,31.872024502782846,27.63308485600746,23.97818112988888,304.0
29.53272475391623,30.094186160683293,32.30891373142362,29.424930529527398,26.81751003957366,324.0
31.93526260100547,31.796436691278497,34.4294079934344,28.68174029878909,28.35383963696149,342.0
28.454032038936678,28.672419176155493,32.423558244593934,25.979895041587564,25.754794004170495,298.0
30.551518655833693,32.80931160292052,35.24323044588232,31.67430129153361,32.560350788109716,311.0
27.201221340442984,32.35280949918438,33.9965189988042,30.738191244741667,29.723805726774906,358.0
26.61260377517739,30.42975856191258,32.737815088443696,26.20681342700045,27.10867302674364,380.0
26.79851746599769,32.93119039915088,33.889425709327284,28.425124441964506,27.35264125999956,320.0
26.173535882437697,33.390854947741616,34.877378583090895,27.955225186934996,28.540441427500213,339.0
29.61610472272933,32.64034599495844,35.24492730774569,28.24979070538116,25.975562004463246,313.0
32.105645629572635,32.042406755242055,35.54417599240938,26.025162823104345,25.45570482040829,264.0
30.590952604618643,31.93527332265117,36.046479488147774,27.521565737385064,26.202311508965867,252.0
28.781798113480313,29.651264753716195,33.76706331661376,23.028822976146667,25.818774697487946,209.0
30.29958978565964,33.770712511160326,34.476939329718604,24.932349479195782,26.236385060716213,217.0
28.57824479370773,32.67865054089886,35.09399405956225,24.490429475670524,26.7526670270646,229.0
26.65658083629466,31.492366776904284,33.06623715554092,23.22054706654685,24.758678490345766,235.0
26.106298907762643,36.71848126476271,31.3820747726984,25.63658974966016,28.66517182573782,241.0
28.335432491079818,34.487427794199135,28.61169086141916,24.97932245809347,26.38490157189145,267.0
27.415956546730193,35.66479081623711,30.567257058060658,24.31200270252856,24.30146579442679,275.0
24.108358995723705,35.17981118261982,29.148900522112317,24.684506621660603,22.9870901344478,223.0
27.429331006017804,34.815175592343266,31.1784852474829,26.2552990716409,23.82055311333604,266.0
31.376736202656478,34.27590791626865,36.420873705817314,28.591660798623757,27.29052709431795,270.0
31.27188860987654,34.26606272689125,34.693563965673704,28.42499858770652,29.755411815360592,345.0
33.408619836921346,32.36612994910456,34.07701667364836,26.58416619002961,32.43595649240721,342.0
36.295813865269444,33.45540098164066,31.14560295636102,27.033354090958372,31.220031849443163,332.0
33.0922507244918,34.20740838086664,30.06474175424864,27.894471389244625,32.9885287761298,350.0
31.369426687896016,32.73870847170549,29.40286760271924,26.541177977363663,28.581002938527384,340.0
30.67447491150768,29.522698387031383,28.10537448612095,23.95767589402976,30.445175991628847,254.0
34.85872191495374,30.724294627765723,30.01164707354764,28.69841770645793,29.648608173004448,280.0
34.87094312789151,30.413925525138556,29.959270950072106,28.05118934711666,30.908127246141248,237.0
34.06972768691679,29.20097754250477,30.01005306864056,26.302171823129505,30.987763148239342,254.0
30.395127350469117,26.582984528063438,30.476871240014706,24.18984100427937,29.44171169979398,216.0
26.943874731481305,23.396810455699935,28.37080695297483,24.98752144458643,28.371792020203987,154.0
26.373283849662503,24.42059474569053,29.11333821877844,24.18836211616446,26.2410840560082,109.0
29.074291591531555,27.042768092155747,30.876713943593238,24.610245842675187,26.930327651257837,143.0
27.604729582821495,27.728002773756558,31.571183879025156,23.528038498863257,27.759246054164475,152.0
28.320562579442612,29.315716608321395,32.26757010974443,25.594355184032523,27.27284355234904,176.0
25.179846331099725,29.01869224042581,32.10108967095266,22.54743254415929,27.117260107855536,182.0
24.66804789439942,25.169889419783075,29.859641027362255,21.46732538494558,24.048934762738945,164.0
26.650315246750658,22.588696347775134,30.51915999978832,22.075945624910688,26.53279556953392,153.0
28.589529042839537,24.717342614458712,30.434737381619986,22.486924251905517,27.92531245459819,148.0
27.968604879980163,26.89351414278514,30.95752499392878,23.983760475649763,29.33582463344725,164.0
28.051163357511072,25.777599792925173,29.215092596464263,23.37526315522931,25.44475024621815,144.0
27.60938020561703,28.869618870336513,27.8244596903267,22.51489675478809,23.636293858158517,121.0
28.48878593921649,27.931315455572317,26.867003624485484,21.026052857851777,23.013762285864264,115.0
32.41914829112381,31.401478096386914,29.060142213115764,23.832661413169625,26.935586501887514,136.0
32.48113623166662,31.04219951835651,27.128398181941076,21.62646685580923,26.187410643870045,152.0
35.54370609836419,33.31627127568157,29.022780643325387,23.92098701263428,25.1992248098896,164.0
32.27901273913015,33.3096119000225,27.96036965793597,22.65990800366002,24.359854057300524,184.0
30.896368620039958,33.32734203915613,24.20498057476937,21.262129016663433,24.6970882022567,206.0
31.20196940550721,31.86802628402048,24.22388228948027,21.489933595106077,25.810291163691737,171.0
32.177802636697876,33.74468465553419,24.787879378956646,22.97742839449257,29.281091338085307,176.0
31.612906454589695,32.76820118003986,23.793593666049965,21.40152308186154,28.297256855052314,155.0
29.319131746225583,28.872943619278004,22.99361844651898,17.77121755825016,27.65780320670022,185.0
25.337369439423036,25.648490111248677,21.97247209977435,18.188761881258444,24.77031205003607,119.0
26.23079389337947,29.173884123190895,27.697467881331477,18.591872306807634,27.655084843884744,102.0
28.058771303420368,31.439595188594783,27.824909726756903,19.356987937699017,30.005692962950313,114.0
26.35412478002299,29.37561061301201,26.815478625122,17.806065470922903,30.127140746794147,104.0
27.079154945139187,30.307124522852188,28.466645449301815,17.923790528290432,28.354876896020098,129.0
32.228041131933644,31.976854605755896,29.463263699357682,20.16850679205149,29.58134258181808,153.0
33.41148157858851,32.642027391999434,30.67860944263165,20.09336604147699,29.00517067894998,199.0
33.03408227160043,32.49611154917238,29.036371308052733,20.7017106540798,29.59018552454207,200.0
34.865768450515816,33.576501222103246,30.86136930020504,22.399198260185216,30.271775791793363,240.0
34.49254328493026,32.44157756456356,29.89764463197168,20.543980309371953,32.61969190271003,241.0
35.92848668134073,33.05280560787039,31.0853982690609,22.02553982792927,36.44429372622213,278.0
28.711872928505457,31.77280501183406,26.274998021355984,19.669300110697634,33.17761922596302,255.0
29.35058519003521,30.773470797115692,26.05842950563643,19.03080965408401,34.01971190778825,199.0
29.771017267454766,29.350162553490136,27.306862149642686,18.855209749728143,32.88712615338001,164.0
29.83332460166452,31.291382963112593,25.658304471876058,22.006210924226952,31.391269480334817,150.0
32.27789048124389,31.661116591821532,24.206678372264435,22.177456655481006,31.156782728379937,151.0
32.63117288469379,30.112968428081764,22.81509958253996,19.525482704652003,30.644829715779007,161.0
33.60137757252505,28.65300182228104,20.952093652135346,16.065396855323495,30.23878815816577,123.0
33.18282978305889,28.789060525340403,20.08940173319293,14.802695285623216,28.781754946669864,139.0
30.416903610841675,31.28560846970319,19.11587077334175,13.947912676413434,29.88851237373932,141.0
28.282923166144116,27.108217913636643,20.89728964654724,13.357336386206711,26.787008581279387,142.0
26.915596752395075,22.844784099743084,19.360944178479627,11.539246401401979,27.1167424952084,99.0
27.89703300353315,25.3904537267262,21.953903254520224,15.152118849351865,28.403153905097337,106.0
30.55747279720927,23.311387794306,22.370513490316647,14.726510753748371,29.591146717153197,72.0
33.268838199483866,26.683703614726653,25.96769697794762,16.148143200825672,30.520617840300435,88.0
29.793067093284996,25.94996829052189,24.082522968646142,12.958735567667041,25.86106831081181,94.0
32.16933112171605,29.250452629446162,23.985470276780298,13.125887878099585,27.96348261563113,109.0
31.996668450309475,29.06643048897893,23.846680191951087,13.790012596589133,31.486957501388826,124.0
31.55258413495078,24.914713840408233,20.928587966430246,13.733138627250003,30.274277794011887,118.0
31.47534621421307,24.086006875650327,18.838804526223715,9.797813252968378,30.79821965795512,101.0
28.368280612580683,24.377099565306118,20.638653430228253,11.639350365751206,31.713936881342104,108.0
31.76242976195973,27.769718987148355,27.30550973368882,15.525911786481894,31.605820416364995,97.0
33.666081150208996,29.809908344629882,25.666203806017634,15.731327968958714,35.81163051743851,106.0
30.078574729815337,26.23858799982959,24.14635895151914,13.207265043253532,31.243408593650273,129.0
28.250115595931653,25.433432745574567,22.114339598196626,14.395769999064742,27.614641600403544,115.0
31.84641172502097,27.49016568703782,22.784711422172407,14.229274863665973,30.957572585286485,116.0
30.28080674960532,27.147098971983187,23.0196297294519,12.21494667875818,30.883053856558327,110.0
30.91991252070823,24.4368579876848,22.4209967845768,12.573452607542158,31.58152816049355,116.0
29.01668269549269,24.755377075047026,21.219352158940808,9.682050508961407,29.942508986613515,105.0
27.701880519220772,22.334433616920624,20.728282424164636,11.742550157176892,29.14878746637563,115.0
30.696965039337776,21.90066025462076,20.89515744788323,13.355128586233954,29.82028827248933,102.0
30.603537510003857,19.401130348805566,17.71425199305403,11.528101310517194,28.677907334284548,96.0
31.30958121718194,21.143229078093405,19.32687271160695,12.565482297788181,29.897582106007146,98.0
31.18956009660583,21.680706787259734,20.138729540675108,12.444339438542766,28.90328064137587,103.0
30.935267348815184,23.651004822785133,21.974409758647923,14.022498399884734,30.556806740664737,124.0
32.35321035570461,23.004870298638053,23.31216375995265,11.302769330001931,31.27199248128737,106.0
31.18488770202869,23.79991372582491,23.482851070847005,9.94910508518766,30.839895097918404,94.0
31.157999777390746,22.70164164595626,24.86518989436372,11.951590474644972,33.76154321532738,126.0
31.242454035691047,24.132810233554657,24.269270313308848,9.553965880436975,31.269443659836206,131.0
30.70335198237502,23.11923685406381,23.582438841851587,6.531432703551696,29.97784521073895,121.0
32.00728995971218,25.595363727993146,24.84039315055647,10.487864459444403,31.86814640078868,116.0
30.85247909571344,28.983352417716755,23.39617590628489,11.771176068089344,33.243389165484245,125.0
29.015221770331294,25.446594746944363,18.66995205769069,9.633026337119015,31.420281688812057,127.0
29.299924877267003,25.33786270216404,20.09872200571011,11.56731242562413,29.74088952902656,127.0
27.42963382182699,20.743922442249364,20.696875810243643,11.071322946543688,27.425188837880516,126.0
28.70236451344381,22.212174228155785,20.88174200718889,11.282342222410403,27.85679148191593,148.0
32.15890179851572,26.673418672817874,19.932950044320478,12.700525215112176,31.900118985289566,140.0
31.970455123802616,24.5144488963343,21.999536300882852,11.830940195371962,30.155114265950225,155.0
31.84199927856176,26.527842538249423,21.125149670569392,13.211769564779436,28.871372215462763,154.0
29.546414312049134,23.919619437726713,19.26777525393271,11.487519858374522,27.64308231550621,150.0
30.92079664852872,25.364284458310372,22.264843062961695,12.166999335870301,29.780651100846317,154.0
30.892387776001218,23.182275441759757,17.861488323001044,10.757803476414539,29.554957287064134,140.0
29.943305696573947,24.746639317035484,18.120075657734926,11.35315532626856,25.210484506456464,122.0
29.36269069292099,23.613160361763033,16.474824986643217,11.668001676129517,25.811759671218528,120.0
29.965096932474694,23.64526923831611,15.913829290838244,11.722444069206167,28.525974401896363,130.0
29.14634290051108,25.237558845870307,13.829936122515049,9.908430928728624,28.310721966170924,132.0
32.50910289398008,27.257113127609088,17.691015631414047,13.689741213164114,31.49514768377722,120.0
30.82372062779489,26.198464555001237,13.832616068750982,8.534115413106703,30.610028714538696,120.0
30.817343063286433,27.174509660154882,13.350577764957311,6.388383142123075,30.760907223634444,137.0
26.1580819125863,27.530855803539335,12.24077544368696,4.44283272902066,31.338320276880026,125.0
26.537971397547874,24.086847551402485,9.96182458813626,6.195335757737852,31.511078518126414,142.0
30.551563492412516,22.803099182835844,10.880289953052262,9.928441038054189,30.37897360068764,149.0
34.7398243150012,23.72111450397087,11.99600820912806,10.518082959730538,30.43254134904765,147.0
31.888115354016055,21.97915447246752,11.849142423593976,9.395292441779102,31.594422991891403,146.0
29.991813089122996,21.67280309073901,14.362658961500836,9.533841324311235,32.46825735826389,163.0
30.213719464811824,24.17339662257298,15.42646780582874,6.20310784778164,31.281836493458353,143.0
28.521114035261697,22.651839668458443,10.937035448983583,3.9494632614117737,27.123870127444057,163.0
25.697798315515275,19.521701335651404,9.396635172406755,5.285522226149933,22.570994543335303,154.0
26.246367296100388,20.071604168556743,11.606614621276925,9.572693275468309,23.81020994025127,177.0
25.133178497132565,16.754895491264072,13.91056326459668,8.73924952217347,22.697307054191906,154.0
24.453460289210028,13.511515507343173,9.2463005351339,7.859097082666917,22.174436351080153,161.0
24.01202356412991,15.307881771124423,10.365852215755282,8.66917679162609,20.958543250920417,120.0
22.49872483633785,15.715025480181737,11.24258892971997,9.322968852299097,22.734970383505562,133.0
19.54682230030866,17.247907222471305,12.818262873400817,8.683570041150638,20.10991150793581,136.0
20.463304091269706,15.542010068075678,13.867069473072288,7.716664988140273,18.340249643548734,122.0
20.085609551323984,15.067211394233686,15.692763057794746,8.015300384045815,17.222928508557047,109.0
19.60803253128665,16.55618593118467,15.191715553384611,10.077370983224629,19.89184805580957,105.0
19.965711944044276,17.76588064267311,13.142871494379744,10.498694666902807,23.006428059702394,118.0
19.24376473454779,17.18722136739787,14.088800410709826,8.270547608855384,23.69976760333271,104.0
21.584978462709348,17.67411946207748,13.675597859664949,8.571713351265442,21.240868772795977,129.0
19.22569087426862,17.380053098299356,12.881762429597343,9.361314919784519,20.36020743338876,130.0
16.367699049434535,16.779341002349486,9.036771753096495,6.610564386741098,17.44142611574734,110.0
15.36781624936146,16.856902370067445,6.423225289063469,5.060593838491109,19.724377560072394,97.0
17.099354579749317,16.13621832435741,8.927803208413067,4.905714334226474,21.276814378156864,150.0
16.7987776905811,16.644817005813362,8.481597106458516,8.03465897425081,23.13604501587322,148.0
19.868539690610348,15.880987804989228,10.594704658305396,6.590816982478071,25.17817331920081,149.0
15.38605464658437,10.387137361940418,9.305213801093515,8.828635901415051,21.116936398270003,130.0
15.23615751547025,14.042585986370746,8.383453213394038,8.217876907763811,20.898459096214825,111.0
15.109948053334502,14.00274384310176,9.903730554635825,9.25712619847755,20.53335431911274,143.0
17.697306587075055,16.36982996278795,10.580659389864467,10.84846838448576,21.046369625683685,127.0
16.925278755707318,14.32490044706991,10.288472886278528,10.953259804987477,21.595440270800125,156.0
19.6037859751634,12.492181297269259,10.04985510790035,11.0531264266701,20.686911612330825,127.0
21.716502519054018,13.181204891847273,12.266146911986812,10.832646113670016,23.25503346000587,117.0
24.911333652482035,13.001551570840242,10.893980544297825,11.044961777562595,22.240714095960207,153.0
24.13828168231072,15.761497937057364,10.412152505446016,11.991161486984538,21.95245322410486,130.0
23.558806912810983,12.977382845053253,9.316578210443822,9.815936054005123,20.238937287955874,154.0
23.085881516330687,12.427140320797239,8.021892274889318,13.04601809108687,16.157636691536517,159.0
23.268971133328805,14.339877082708075,6.879923823727294,14.663310717741586,18.589673900412077,158.0
17.711683355531626,12.625858057627948,7.044284341185369,12.695812601616641,15.93347823201026,120.0
17.68639293544715,13.80883553079965,6.108163727024269,14.218466248993797,19.01753570112811,143.0
14.158278343845337,12.016999001573646,2.4292571679635255,11.596614254108253,13.715323136061553,130.0
15.266540311902961,14.29299942082536,5.291887394835046,14.03392925814172,16.123723894177907,146.0
13.208460649534713,15.55140950560271,2.123541684351955,10.91129761995,15.660675943943343,162.0
12.633150466600593,15.469890370428777,-0.45070520466659936,8.72591974200713,14.270073328144802,160.0
11.038946423462582,13.96417355092392,-1.9145910629393068,6.723407794721924,14.131827054247552,158.0
12.14139498342347,10.02121546533878,0.2208668878130453,6.540195343394962,14.199118561404207,164.0
14.113352916874252,7.22127007003053,1.2787540689075163,6.063851253687707,15.069641102144303,122.0
13.854188258777743,6.431217185201255,1.7490195729084625,6.299775725631379,14.025515460779475,140.0
16.53263724479711,8.719109171700975,5.694115079466612,10.204470929974955,16.543463425309394,127.0
17.0064979939687,7.372591648993234,4.466646299455581,9.873842557918612,15.4680577632727,125.0
18.445407776293802,9.613294845746706,6.172447962046245,10.534998418324314,16.06636455688828,108.0
19.332374098789927,9.523374888122143,4.696270272771902,9.482713561058668,14.77002695061867,128.0
19.501012598174004,12.17977551874753,8.457991709347795,9.48151597759346,14.512567369324618,119.0
18.598944961968048,10.353485513324173,5.474632360204774,7.989555206912498,15.240495914976073,136.0
16.75455455685434,8.798509909656035,5.9479807573230925,6.249391275169019,17.370992066685332,173.0
15.764758409723477,8.63447262703861,4.8967720039496285,7.0486116538247305,18.83157694255959,191.0
15.964478214253655,10.354635768767304,4.7226356573575465,6.342641908851442,15.906803968186663,203.0
12.86092770238967,12.30299742561591,4.74077575342629,6.203439690138167,14.10721439514855,217.0
10.470868965000562,7.885487136752122,5.413898539030843,6.039969206774472,11.223613794978561,224.0
7.898860225776772,8.883730761053702,6.854608809145632,5.362080840439376,8.180406435136144,184.0
8.51110625048721,9.035476837223712,8.143519905091319,7.2229413049358495,9.946809283405981,194.0
6.559938305689944,9.463761226008367,6.860373727080675,6.4213662266588365,11.28066453048752,233.0
8.732010276277773,10.38363452459539,7.488367372699899,7.8215122502169665,11.220744931206639,228.0
8.928647627249882,10.287160007410675,5.899701182184291,6.426986565876712,9.764977146241792,233.0
11.157629442704645,12.99547808331123,6.996430070314616,9.071605362087,8.286474771921075,224.0
9.625760949277389,9.355618178281837,5.658044744434517,7.541615340152572,7.436344573637388,232.0
7.3030812240172605,5.711602085284419,4.268057128232103,6.4597097858768535,8.248038646326506,251.0
7.789079408217784,5.9439177322989405,4.957490538773513,8.59058659064464,9.941563818460741,278.0
8.706478449227726,6.6344773726812925,4.604821420308632,13.058044509781087,8.762780190774318,249.0
11.420773484422707,8.577639422771256,4.981133840930856,14.773819009406802,8.198681992332045,257.0
12.195420135508003,7.932316698709192,5.0583642964422015,13.006489041706002,8.265854664701752,241.0
12.715012585022965,7.057707254634787,7.762731328269197,12.013776398845327,10.136824448108548,217.0
12.44476410032351,5.905710531404101,7.608274858103744,9.594202833216999,8.191444903823335,212.0
14.904026261287116,6.403017044298126,7.487386596517659,7.897105961677588,11.061273191173859,224.0
15.676840221841648,5.257859722298676,6.600725394435418,9.367706759415318,8.346268040714213,200.0
16.111198292302618,7.461731419593004,7.828758420210637,11.56519887789237,9.92958187818332,167.0
15.18614701955591,7.657107678990555,12.184820870038024,11.555338231309712,10.419439118835383,170.0
14.399796306850929,7.860016985189958,10.871723631502215,9.523577489060969,8.346117770330203,152.0
12.220734862566124,6.353095544854224,9.408061062107022,10.426879256818196,8.9689754172589,153.0
13.923500107793064,6.9294294980168205,8.388863446042116,13.360156205665657,8.610555967061526,137.0
15.107016838014268,6.3450029463812445,10.15285073613076,12.953708683981917,6.643517828222388,173.0
12.838226442522222,5.067233244816599,8.566834768332654,12.023578441936358,7.504999263470217,163.0
13.902930555611121,5.283140342904808,8.277397675568295,11.29541825439065,9.145785897453228,174.0
12.02090649147851,6.029418699825346,10.888214799139275,10.202263687996158,9.173345543935907,180.0
8.899289410905393,5.495313354743157,9.775783251310624,8.04485330490751,8.143152111881406,171.0
8.780215672412677,3.4252115560577536,8.168970807512224,9.804525257957582,8.344228396970202,205.0
8.958074546639114,4.115690606620264,8.813581272566054,11.476624093960586,6.725201351019336,184.0
4.3995929937639495,0.11246016772666323,8.958898021015312,10.132279767641423,3.25626074394323,168.0
6.3638501286136915,5.176361361997757,10.01955441267763,11.808376067238742,8.007134060724118,156.0
8.12617865413875,7.246063327075017,11.289989128485132,11.864108593214356,7.72703928897138,186.0
7.676011753249833,8.437349560921191,10.229740029261794,11.251627149522655,9.558115322121099,160.0
15.690712375024171,13.236548108196171,14.446570665261609,17.518576860783693,15.436750900496243,175.0
13.624364630909426,14.807799099955345,16.542130007305786,16.725558500259318,14.235883939624244,182.0
14.890142430332073,14.563328060525958,17.0565626627349,15.34750403599123,15.63042893642941,163.0
16.09969984877622,14.520805514487057,17.14282796582461,16.95772270888532,15.182775290857595,186.0
15.883133114562133,11.664613044335347,14.18933661158046,16.061131103768673,12.054968698558495,157.0
14.197396231583337,11.270584836224787,14.578465777528258,17.82218079498581,11.907666817329966,167.0
13.567817058682461,11.683714295400238,18.989135385229005,20.24164582557877,14.114294478544668,187.0
14.142879864117823,12.910422376120685,18.306064950213944,19.147550678040314,16.0279934775792,141.0
17.50950304420978,13.443540073571825,16.536070741717438,21.03088655330359,15.876042322284231,115.0
14.487988164895105,14.511378345621303,16.92484549244659,21.09183152134736,15.367490239335556,91.0
13.751978124084534,13.073897801467432,17.23614481358507,20.38157499398487,13.312035108066897,82.0
10.91331884081436,11.475040483575043,13.466977926820498,17.822164210636018,12.354733534369775,98.0
9.382552850945169,6.116533318081326,12.146338005301384,13.362198835093455,7.425210058866281,80.0
5.957136561598044,4.4829465813563765,8.63227751403787,11.58760810050087,8.173975139690402,78.0
7.394660493319969,3.4501206420676347,10.788457302922405,15.509853776183306,8.588576016689403,106.0
6.65430516379754,4.527091342136895,12.66098709092163,18.06322060342801,7.497447900232229,107.0
9.709306785985984,5.132044517073677,11.375377711018338,17.59709723107387,8.628223685532319,87.0
7.298709959501418,4.786855691024858,12.592316686597695,17.93418660250255,8.873224455013863,92.0
9.228290668713786,4.341544568250656,13.706702427330663,22.895833510473572,9.600453784223369,91.0
7.894766089777978,6.70763962160578,11.598847055217629,21.82527238814724,7.159915320206406,102.0
8.969660826120528,7.819169289026689,10.467277534419836,19.630958190494226,4.998021407448663,108.0
9.200477008344004,7.15459115795074,10.999097732568822,19.949290897955684,4.976058132175003,143.0
9.950880811370977,7.930391863247651,11.204965441159459,19.517174404401118,7.578119638256586,127.0
12.407168239877574,10.45877018134199,16.553570098339442,24.415685072208188,12.13948020353107,147.0
8.686905992612035,11.280931457103797,16.18094790688,23.194604327822777,10.514290629376863,142.0
7.339781191707015,12.976908977658095,15.655215701223824,21.28190148323015,12.603414245063028,114.0
9.917116813703732,12.7192855471135,19.24021324301627,25.882167835989666,14.369263841833334,130.0
9.223337732907337,12.50085463245667,18.983107375816854,24.629291144080497,15.38699030824118,116.0
9.494565118655485,12.073087381124779,18.03945803994226,22.872415519052787,14.543942938176485,119.0
8.263455374265186,12.425373932154093,13.173043691018428,20.844432689934617,12.035720100322592,125.0
9.416422366990329,13.184990365834306,15.408122793091103,19.853003545783707,9.891038355412531,145.0
9.735476181426847,11.451357425511993,15.3366559690318,18.334083929748985,7.422380784263017,119.0
10.457934981449831,12.308797604341963,14.934546026913463,18.70959822160617,6.699363383448938,138.0
10.844561781605435,14.05743252558664,16.431265848471785,20.582379510346833,9.34752190051763,100.0
9.227531583980683,14.79316309942413,16.322642466342852,18.719121585907015,9.359005657087105,106.0
9.158169850223105,14.746783219007442,18.293748857160153,20.560239449120868,9.47567113499837,100.0
8.621392022147026,14.810243367042336,14.9670146231999,21.80110422854882,8.597772564124945,106.0
7.455164843651367,13.192242066533243,12.028353946570213,21.155486197500032,6.9184440676801815,110.0
5.0278716250314766,15.142325080121989,10.844297224967923,19.84758714644799,7.973594022548334,107.0
4.993911192843475,16.27891884347212,13.550641895883464,20.921006455928655,11.220398106626405,104.0
7.326956792284592,13.524272413517345,15.65851917288299,21.97470640542535,11.767365233821149,122.0
5.676454095912831,8.760242347559993,14.407867990940069,20.73322458418572,10.397907604487056,103.0
8.213092273296194,11.799079829736867,14.071014033849863,25.972626644959742,9.735262637456012,96.0
8.320727688508383,11.42810467737059,17.08201233823396,26.22487992431163,8.374160539181748,93.0
5.28681224048805,8.840748678723545,15.07344418444704,27.02589967164426,7.938395928228252,124.0
6.6923388200185405,10.292965388205424,17.307068535779134,29.008310158460972,10.629081343123808,110.0
10.510292035151407,12.608703496906845,18.852168981574042,28.088831380589173,10.86553802852122,136.0
9.296864146799644,11.273532811754503,19.896654500115275,26.648715244028153,7.977909858325494,118.0
10.164026763256759,12.159061243892454,19.40130480027165,27.02671373678574,8.011963237145235,105.0
11.691331056044476,15.89024707405877,22.42240303646959,27.658610556459333,10.775923598088436,108.0
12.008307099519948,17.038757048718892,19.46816773977408,28.5468666288486,11.237870093424107,132.0
13.017508578798587,17.905903082417776,19.461751483152824,30.437111974084907,11.974584684672628,134.0
10.936701229240436,17.551806441726175,20.799282279967773,29.48609147410949,11.688171191202928,170.0
10.443609036520561,16.905928798006258,20.841223103400246,30.221092439479797,11.576893114777889,172.0
9.900188419391075,17.701845966150145,20.413291688873706,30.00226579594463,12.505998726379197,179.0
7.391280705925047,16.159927620350167,22.383504217163196,29.82428439411106,12.190048260557326,177.0
2.881490658572446,12.141318814135957,18.142185860017165,27.585799896761248,10.83739884540119,172.0
1.243585615958752,11.602169298566203,17.752470723565693,26.826443722486992,11.367882201394202,145.0
-1.4123576135456926,8.011755820850858,16.245023508666655,22.494884847773044,6.833059978695509,115.0
4.512095017159026,10.33479833492194,19.815795048298753,25.350251873302117,10.871546436746458,100.0
4.632046353352093,12.511733433963293,20.952222127300363,28.66367664127174,13.289845366855879,100.0
5.498342310295463,11.95265689066941,19.6063197836338,25.060331299710764,10.385494299553471,85.0
7.295550047674937,14.15718633197342,19.5312744483566,28.261235017918022,11.445814423491209,97.0
7.124842939462104,14.3741883332065,20.830648807545465,30.037210351132224,12.018359805974773,129.0
9.086184987841941,14.029781819889864,21.12272922193721,30.208127358195323,10.512722843261203,133.0
10.292065048055019,15.02783659770169,20.90945680043819,30.76029045139916,11.146071224553541,181.0
14.11233928190586,19.019926757259665,24.6341030934959,30.63912416641863,12.02168870107076,149.0
13.7647636443502,17.808556689096925,23.590568970581764,30.07534900883986,12.042313005764845,193.0
11.423491183711617,21.067955266629557,25.1938329319992,34.93500831677333,12.920584287431236,187.0
10.610397146516533,22.64177167127766,26.243650567156042,35.903091644827526,11.320887682294764,193.0
8.735802280484776,19.381841011269703,22.19996259891361,36.75791890081845,10.067846929673276,201.0
10.385346035240664,14.119620363345712,22.148060125518032,36.49398649144716,8.758236739015583,201.0
7.7778682925328155,14.371973664253133,23.941902708172552,34.157323670275765,7.3239176463553815,204.0
8.325211026462954,16.209182131107003,26.446728025201743,35.15529391631965,6.840612934575839,188.0
9.058861674879159,15.069748783218648,23.021526138292078,31.709962297301246,4.632476714955179,202.0
11.441355432213875,15.445332439005682,26.72724469163692,31.532508432713595,7.078849479112681,161.0
11.678453340978576,16.436458629959464,27.12244899715513,31.370927664306517,7.655393877804045,149.0
13.362520616892802,18.14182095176808,27.12345461710391,34.06224075774652,11.325919322980432,137.0
14.341025064532488,19.890853875260134,27.671576974989094,31.64264728130994,10.851058700545838,141.0
17.45904996215502,19.592219079136495,29.420426903615336,34.6178124731497,13.461695349708123,154.0
18.08321493389021,19.973644881718748,28.435368888160365,33.13192161050832,18.878939032684226,159.0
17.265701896939813,22.45232950486778,28.78690356248945,32.03479045346819,19.25757633849345,166.0
17.31371784540486,20.518610438342396,29.20603727336885,33.31660141320008,19.520735615570782,140.0
17.99376596523603,20.431751008207684,28.515661985112178,34.11559387945733,20.01897267853527,164.0
14.135202831573716,19.24480380667865,25.772145386287004,31.41878097929445,17.65108591804651,166.0
14.077623927744963,20.224211153677132,25.064583169431486,30.751445036269857,13.765795212021981,151.0
11.512937172795269,19.572478062732298,24.184627756715493,27.46975164470694,10.97195158671364,99.0
13.174273367593463,18.42987479663751,26.25596881675747,28.796134529092342,13.104063317988471,115.0
12.811804176876052,20.735987962346528,27.360455041284897,30.55979377146926,14.683673118864958,116.0
13.868742815835306,19.97151084001204,28.391041676635425,30.664693413969484,17.655454144924683,144.0
17.647213119326853,20.088611207622293,26.089543545657772,30.454496965603067,17.055297350639556,134.0
18.908405442429668,20.22624731047446,25.385022569228074,31.101044804093966,15.764843681789666,127.0
14.307511952185418,20.149360236740353,25.235319609596424,27.61108229834844,15.14805121744529,124.0
15.953469480366387,21.567575463080416,26.042289477395325,30.18958667447215,17.3256353717289,114.0
16.2032106944241,21.903494654907483,26.604266669573228,29.905558860142158,17.24897380617712,99.0
15.980935328242781,21.039822863280037,27.927272260982413,30.196354543498213,14.881716658419904,109.0
14.656708533841627,21.14107593332001,27.38362627236731,29.22167940651079,14.914183007037781,112.0
15.964874336579523,20.98223504688511,28.597823171009715,30.427820816040857,15.548395977636726,126.0
17.906265724066113,23.508497528827355,30.115225345563335,30.185553558746566,15.788105180618615,126.0
19.493832349349937,22.70453202712915,28.674772046051043,30.80394931839891,17.4575977515084,137.0
18.99156186561517,24.309663673164692,30.164084038078375,31.5874743721746,17.19981249356871,181.0
18.697771653548216,24.413174001940682,29.882748780033246,33.42439410978593,17.03732718354475,161.0
17.574543620235325,25.372638100002707,29.18938780717773,33.669051435364516,20.956123376005213,180.0
16.547180207753396,24.452689514703906,27.414502273992735,31.9836348931251,18.25949776449821,162.0
19.299667716675533,29.443789339728877,30.32403904451899,34.85039172484083,20.10316389887511,169.0
18.387518757614192,29.058066653572524,30.34963731574962,35.43884077518951,19.141062890569163,202.0
18.132562561860837,26.184468557283864,30.42779828780969,33.637986887113506,18.806571596780465,221.0
18.315569148329487,27.217528801422457,29.132912394421385,34.36570643124176,21.14547992535703,213.0
16.91939847656785,29.493732965688196,29.181983247181474,32.730135405233376,22.53076382651902,190.0
15.549060833750211,29.81621963578047,32.51361486933487,31.689031531887633,23.585826975872358,213.0
15.195059279426486,26.98473536251004,30.987089541694537,28.811110346744222,20.92594129918215,209.0
19.389597732716975,27.885408624681187,32.93187420727662,31.208118836397613,20.4555070220517,226.0
18.837592684046776,28.430284275032065,32.04705693312232,32.511351038999145,19.749775538303545,208.0
17.95180348183276,28.534041944230317,30.824400864940024,30.032046597758743,21.774763195975844,235.0
17.24478835110699,29.867151617709037,32.74775660758258,30.797962684868374,21.64724857918803,257.0
17.95870018685374,27.34337481795398,30.70935232946853,28.684062965478233,18.3064179426565,257.0
18.596741186566526,26.44629041407355,31.22597893194916,29.753436379999027,17.896635352493902,199.0
23.79100418081744,27.30393914287344,36.87012604100023,30.971161350964536,20.14903819194031,199.0
22.473618822060864,28.794058651111786,37.49338136204026,32.10274100987319,20.1575187744807,199.0
23.814644545278483,28.214479639879162,33.536410043200455,33.01012361955032,17.95891377333118,184.0
26.23538463007475,30.517208611664422,36.41359820874244,36.29587315235044,21.608874960576053,162.0
27.69838347793634,32.60908796779169,38.905830905222814,36.6466875289989,25.260850188523357,259.0
26.940195121724713,31.92642394626664,38.53323921391497,34.96949158579393,25.15604895496415,224.0
24.098927035395327,29.3607498596152,36.56657349797012,33.43378101620738,23.182805394369524,251.0
20.961512792330712,31.139846968775274,36.21479395734123,31.920238160306244,19.85941538721203,234.0
20.936664655791066,34.16156820575609,35.16877629165694,34.06912152731931,22.7126830092194,208.0
25.102687538980422,31.144294290605927,37.20401655875392,33.33239756242115,24.83174187083943,238.0
20.980071883649444,30.81870587541561,36.41384315512456,31.20077267204121,19.285959864315082,232.0
19.757580764169656,29.02475640946912,35.09794133427168,29.26319752600155,19.21413063601371,215.0
18.790746275035815,31.19786931893753,36.901359270144894,30.65457983892044,19.84335290903805,199.0
15.901706884332071,26.836308168990247,36.04728681554759,27.698967240289512,17.349396922570946,142.0
13.68247573892297,25.602968713840184,34.10835541148224,26.43333522298306,16.24002881865646,125.0
17.469613937122233,27.96668982902836,33.87565007792075,29.06408526926507,17.239479363682406,137.0
17.816937723148193,28.485270889162244,35.32420565825642,28.89127940088355,19.63751863542489,129.0
18.9750764516751,30.223317134354424,34.979252590126315,27.94661671356274,21.166656254231142,147.0
18.692694030980505,28.86436448893572,35.67687633080554,28.450343632095223,21.715169400423125,131.0
18.99692962980627,29.19057956981258,36.2876265080787,28.56487516114707,22.80081915193607,136.0
21.35345536636313,32.50472380089848,38.100142154587054,34.966157767902665,24.624560341782633,122.0
22.032523667066144,33.04531027222962,35.65421322732806,34.58109605613084,23.71670113099083,178.0
22.0840964962692,29.103465170480387,34.112729417146205,33.688534432390014,23.903110889914306,213.0
26.714162275052228,29.25875984845333,31.394364508336984,31.205028168132078,21.868474547930322,264.0
27.345582922893207,28.543163612168676,29.95819007950089,30.518446986219267,20.17963508679499,299.0
23.801658064105535,24.535271459015615,28.9116814085816,27.533649583095755,18.984914520919222,180.0
20.819767766086983,21.738428075465944,26.393414892630975,28.26440433175327,17.26768395923049,155.0
22.385665042562067,24.70549061879224,28.149058518449525,28.80229137485545,18.813804019450167,114.0
23.34155413587553,25.524993321387115,27.80937885714666,29.714778079890504,21.666776105652687,107.0
24.851800445012522,28.269676765189907,28.600202316335128,33.414051953206446,24.148713074368345,118.0
25.880714134887892,29.28850664551342,29.91257838368358,32.14231440743256,23.616247479538846,169.0
27.674874019210993,30.75705758846441,32.18292365523034,28.840689954066292,23.594864885832056,243.0
28.799722205586225,30.5211524022993,32.69749068690673,31.400337400694404,24.185536852033902,329.0
29.0562855606198,30.2216621913751,32.95628832788468,28.20858338788684,24.223309380755712,386.0
27.505754958861942,28.727542264162672,33.89547455872528,27.754420162918613,25.987333115240652,363.0
28.407255097425274,28.811516188974906,35.653780801956415,27.40968603986267,25.899448195942963,257.0
31.99166846977179,29.368640583715333,35.80374192171526,26.0981178830529,25.869921047522052,168.0
30.615920488692147,29.832185986774213,36.08786412092951,28.058724397685047,24.90695032980314,152.0
28.57242946741933,27.571944097339504,35.08279942194785,28.752127533473388,22.820106243602496,171.0
25.728671462790878,26.343947860493984,32.45099174894963,24.82734617545549,23.203133409713928,204.0
26.451581408310503,25.89711079113428,30.389622190242125,26.74875473881641,24.262346371158877,163.0
24.50987235701274,29.7917744072962,29.220950524620925,26.09741892821456,22.753870444631623,141.0
26.26821150361875,30.68195485161006,34.45653973912656,27.502608698572388,25.083904965308566,146.0
27.416775083474793,33.78498053126068,34.4271353538951,28.03535755341173,26.551885681636488,184.0
25.892762028584464,32.618951684494284,33.32162675662882,28.46941214305341,25.19153438543801,287.0
27.390324288631515,35.012098654977166,34.47390599014416,30.96456632616271,27.945599362572167,320.0
28.486636414477164,36.82358017563955,36.04374704745879,31.5104030841416,30.2359045229776,400.0
28.62070081488443,34.60954984049209,31.59406865501362,28.806790091259742,25.982108061158605,411.0
29.053378658930995,33.45583704726287,30.29156969956106,30.094737055438486,25.879278131348688,444.0
23.86024032361518,29.218899503573788,27.483097646847785,24.74530292473887,24.891198400852414,337.0
25.335523360816282,30.79731521697385,30.76945434394008,25.149753420588862,25.816803233679718,192.0
24.322475008427773,28.540913414818196,27.820624861087875,22.71631337405727,27.451833408464225,163.0
24.010445271684084,28.898324092845012,27.993330144506793,23.525673851788255,25.275314553604623,107.0
26.702997486736805,28.485388099972617,26.17199578271409,25.218952776354012,26.776550994997038,99.0
26.7799059943628,25.67454927011564,25.29956144500268,24.11795023265039,27.078138146502095,90.0
28.159845902919155,28.041100090287685,27.439854496917366,23.71189212171198,26.581054217729296,86.0
29.14971997641866,30.968588660667812,29.7543413564087,25.51930493658212,27.884123810585407,101.0
27.46934844793664,31.83882166876614,33.32999212777532,27.29842809139723,28.030341782554437,137.0
28.22879512695171,31.145014985033452,31.805041229380492,30.149365195025094,26.99600987241403,280.0
30.20454359644975,30.05510709080174,33.19761087599977,33.06461895486312,28.53615107338823,371.0
26.95904956449774,27.708966908416905,30.535776292278076,33.415256983987284,26.433048552070066,400.0
28.61325461763104,26.361350755137256,31.064261799745026,33.9038535890802,29.4100419115716,368.0
30.741412265924087,28.761224550268853,33.711269621627004,32.844377332377704,32.44647666160735,364.0
31.241097582644038,27.233031515801102,31.23248658422974,31.352420561521427,30.709042561108713,364.0
30.77537954113249,25.912709596365787,30.57361697858201,28.65331574751217,28.098913895762923,308.0
30.450815474846788,27.54553310585319,29.87515128787204,29.41452141129491,27.514644824335473,291.0
29.82338352243199,27.151529930161526,27.639832525234475,23.983540914801118,24.1558500963936,191.0
32.90491434301878,30.735043218663293,29.092961772941617,26.49238447015215,27.544369589978878,172.0
33.51925734542637,29.26682004495196,30.249213742994286,26.19307500640673,25.8350702422269,159.0
35.343822368340334,31.191797126940767,33.12640289751765,28.39756283249836,29.22365729232993,246.0
34.50774529306938,30.00476465800859,33.93894671233199,27.707997521108318,29.90764877307144,256.0
34.62173880960252,32.64838269630295,36.44282536666558,32.1822206358596,34.82660883670012,298.0
36.25731479575269,34.30120274983427,35.03916981279013,32.685961857015755,36.342461505999744,374.0
32.863037186698214,32.84069142826213,32.018083826291786,28.10943493588929,33.957893484289805,449.0
31.839593049869514,33.30906180195399,29.54177575450979,26.936019853208883,33.90450526182285,376.0
34.055249390520956,35.36318331832003,32.01533790930681,31.18861056179965,33.537521324776975,452.0
29.280533624594597,31.56851546072121,28.2299998502885,27.74347178528449,27.17232929833063,433.0
27.171994648310523,29.590459086948673,27.781788990955608,24.25302135142873,25.941604937229723,280.0
29.84478949494023,27.384543332341593,26.96099023311066,22.157227397112663,27.262747970565982,183.0
36.651268811812756,31.472514783933725,32.912265651367505,27.101448279798,33.104733794052244,184.0
35.570810688173985,31.520546765657055,31.69578019918742,23.609676174286914,34.4852898148455,228.0
32.54455759760391,31.571739010130475,27.818151456687332,23.27409272640052,31.29491168168969,259.0
31.659881463537296,30.767268137587426,26.60953943459471,23.45194561010735,31.12545071483013,216.0
32.465418558162966,30.461732864196552,26.169386763947745,24.510623810073447,32.33078375853346,214.0
28.47320290100066,29.01351480705101,22.854276611619618,19.82474843957378,29.146992867009793,126.0
29.486878904468107,31.511660568443993,25.4047491049393,22.23858062933838,32.94756729020727,163.0
32.55577910039493,33.58038154306604,24.721906677604316,20.00411090807952,34.281834623254994,132.0
32.07154320323337,32.39470280864692,25.104325400525653,19.442015878768117,36.04398225514756,168.0
32.17439202777435,31.26512044087358,23.14196546348996,21.390222610606635,34.85270760882098,171.0
31.94840136938758,31.980265770963772,22.993828371448295,20.15731091927272,34.068729915574345,162.0
31.577249037474246,31.151329137365085,21.124280522561108,18.23512122801354,31.41473707350839,174.0
32.42999941028023,29.64661365312803,22.4944549974322,17.085010189553216,34.90870183403897,144.0
32.717722616729176,30.963400608424628,23.940518655547198,17.97407155493864,35.48317335349037,158.0
29.15364994264254,27.65789465320544,20.56194669431567,14.487657242713617,31.116409306214653,139.0
28.687110228215538,28.99970062480237,20.051512838418663,16.185872857849077,29.634889837760056,106.0
26.67704112090979,28.501315091579322,22.36510064937291,16.832074536453504,29.941823205859556,82.0
27.493426534618713,26.28049227963015,20.67331988963386,16.208298692785327,29.095554784123557,103.0
30.55115106797592,28.61803588219045,23.413704338178768,19.11359861092761,31.48445776070117,85.0
29.482002795617426,26.36624515052769,23.065381834934747,15.31918887825343,28.98891404953708,113.0
27.91642819651951,26.851422013261935,23.32258589391948,14.434619869498585,29.59164130409116,95.0
26.208734548976775,23.83284857622313,22.22160220399646,11.553296196796168,27.31322001431922,81.0
28.85057472590452,25.661058424646153,23.645717341944486,14.838984238337904,31.811781609883052,82.0
30.8908879510858,24.906724245156283,27.478804169278046,13.641087806014344,29.68839882516289,85.0
29.573324908805287,27.95351105105086,26.991362437362717,18.911816382135747,29.76130976045897,91.0
28.19871936732395,26.306089719837566,23.961266236684832,16.296361800032656,27.6456684517441,86.0
29.1618838953792,23.208359093197686,23.739709929262247,16.219396760290522,28.34850238719275,94.0
29.85283840043903,21.64262216030191,22.098842089764137,20.789870529463357,30.709571786257122,91.0
26.983084571518813,19.08055182200497,22.67883720573989,18.193280499832962,28.476755614666473,82.0
26.687649106412998,20.06219432151336,18.905447894277806,16.718851177120087,27.650345106850928,106.0
30.251613504487473,23.146395547900966,21.329020250466286,15.867000928647776,27.158343644603185,108.0
30.933485262466732,23.92942422482045,20.692075477332597,17.415314938927292,29.5581819609065,91.0
33.786627477197484,30.256943737505143,26.515850951698837,20.737422771854398,32.538524838441575,103.0
36.149874391535576,30.093651599747133,26.377188519076846,23.821746882147572,32.59483226727415,114.0
37.09933267327125,28.527935060246495,27.886727677060158,22.33932757017268,34.35131896784527,120.0
37.91719014462876,28.191944072332692,26.311452235271478,21.32184007499861,34.920315205960804,130.0
35.85390324568139,27.021405496445038,22.668091797872883,21.120041412990133,30.78305255140954,118.0
35.80617491036071,27.629257700816737,21.535948121385303,17.913737301018866,30.189225039793772,130.0
35.95454955404661,26.714070116733335,17.936991497486993,14.801489547014786,29.665753801715333,83.0
37.35236493745656,25.102671001892944,16.977440532237136,11.404359304468368,30.617608918901425,102.0
35.92005238588621,25.34440647234135,17.954500146515375,12.076634586243237,28.38433873958137,96.0
31.219379453864917,22.772768057933263,14.381318012675493,9.876803628644947,25.18075386501169,91.0
31.791497956180528,24.19340168387426,16.55726668376169,11.602421243835419,26.457674329180957,96.0
30.694660173901788,21.181660045070963,11.52749963844354,9.17305823471876,25.647973246293446,94.0
31.314654853703008,22.531373748543437,11.770327655898088,10.900781023091968,24.790234116871922,94.0
26.934156675012975,21.590780646637597,9.957203480915144,10.716145441854797,22.57957218700453,87.0
25.348868145324893,20.999569159953555,11.76973504818735,8.962348640760206,24.20935075407444,98.0
25.629627786484573,20.191211627763078,13.924595028626353,9.537357423860673,26.50090900610339,103.0
26.392028769382556,20.740151628827352,15.365085465404807,11.664375094008662,29.258210063402,127.0
26.60037104197374,20.132690756028605,14.002238773549601,10.295140721290352,27.858548703580666,115.0
24.971356765616186,20.76969368556953,15.090068547508427,9.193922736836669,28.079362077836507,119.0
24.65833171926546,18.51429993454111,17.24200435517815,12.166224365623513,27.633678503408124,113.0
25.154447324561662,20.684067787213287,19.336641933599488,15.448851705441612,30.72595415385545,144.0
26.645266730376655,19.015074401781728,20.08529108623256,12.817906843747652,30.582807011129752,114.0
27.531369508242925,20.806963150210315,18.495653506871026,12.68861436933381,32.31054037204434,142.0
25.465993215155066,18.429257596032954,14.545442092899293,9.66899951773397,29.648025000384774,107.0
26.00385642688368,18.70166958167393,15.852920256553602,9.311481789073099,29.197745161377686,118.0
25.844516360612637,18.655641634098473,17.018241588023155,9.951308572099006,29.253362528759816,118.0
23.469812433152498,17.90825175376539,15.395745436669845,9.762384537059617,28.004950799901152,129.0
20.510772154978724,18.011004061268533,16.167757180334775,12.419545368526535,27.842568108359213,85.0
24.76438627103858,22.00601170482925,17.290943868735088,16.333828506444476,30.108000887718458,95.0
26.231911457406234,20.42585855310547,17.840325712300384,16.338444505805363,31.358942232809138,89.0
26.554108321942937,18.559500846869234,19.304413001280054,17.16142920524247,29.427166230177733,102.0
29.18808110450786,19.919706299583883,18.981339623021327,15.892011713552177,27.790638461884605,99.0
25.302158572616914,19.518364483198972,18.800604199445964,13.619228525306164,27.788985029599772,126.0
24.862768393982236,20.714616319254596,16.678815181578642,13.549327478023134,32.57041345310402,122.0
25.005879987293707,21.00471618279345,11.054470291794836,13.042030043538954,30.757770535297897,114.0
29.853299372771293,21.1719177310459,15.45066088148141,14.90131189771574,30.235785402806005,96.0
27.819051222590694,19.803079447610223,15.902167961064857,13.175094086089278,31.53187281300271,106.0
30.03741671049609,18.360259813321175,15.365191553674652,15.784955367031305,32.572380262139795,111.0
31.34267188444251,19.84993697189649,13.41031540388602,16.553505638355098,30.721740881849797,99.0
29.48281785535154,19.37890519333751,10.835718894610718,13.751917500803817,28.58123216353503,92.0
25.806295104565596,17.530922471519272,10.295422381516182,9.333141996111358,25.27519878007836,100.0
25.956133947016546,16.252002841659767,12.58682196457144,11.04705656306025,28.094359075294317,96.0
25.10228511662065,13.223678081613828,9.846786233459243,7.685717088039261,25.30589698002009,105.0
21.85406341979706,12.089999088329275,8.191276375149917,6.537077192202208,22.16073437560814,75.0
23.164295449463246,12.553796333275493,6.490616646417176,8.844920553993793,24.345206250009493,92.0
23.348102611770493,11.268248819427226,7.107825744080811,7.372264670733562,23.84433175859504,88.0
27.638836882341053,11.321504082264378,7.211762221589943,7.249310617063802,21.582757554444072,99.0
28.562719862464814,15.829074747866269,8.988318564130665,7.321999357904221,22.819431948884517,104.0
26.534427569533563,16.72955400465447,8.44614066140591,5.606710221706308,21.823388798879556,115.0
28.906347091041486,17.710719935905907,10.68658568530428,10.963080896855194,23.637893358829952,138.0
30.313850686040013,17.70927036771888,10.933035756641294,11.578399619780324,21.729833303642174,179.0
27.828571827991762,22.52089095730636,11.855824834847624,10.435539736347774,21.219411442278325,182.0
25.61983788433248,18.616112925171297,8.190515225950245,7.291206452682773,20.710641455774596,193.0
28.20495562292562,18.307592046255216,9.683956075240772,8.199847522847465,24.67202369223674,221.0
30.18913884209765,20.450758444150722,10.71481983525328,6.785605425600684,24.66365294002302,228.0
28.745463684335604,18.399593104000793,12.841248025042791,6.9459223867157265,22.686405534278723,228.0
27.225425244068983,16.463589078952342,13.840779585061922,6.605530335650292,22.111116340446685,229.0
28.679786810607368,20.01846394323654,16.914048564872306,9.485500364882897,23.353043165164404,208.0
25.489161416003853,20.702351961254344,14.02768851100845,9.766638612335813,22.799130012850995,168.0
26.01998359551996,21.40247534354607,12.5930894799726,11.350854117397642,23.77566570272536,164.0
26.721308830336767,22.171216885044025,14.815324461861511,9.342813434899526,25.410296532559393,148.0
26.78113746385332,18.483263506065107,11.98412629695422,7.59816671688908,20.01699710269047,163.0
23.86647092524445,18.434864698517515,13.913280721715868,7.156684013783184,20.367494011142618,133.0
26.577047098489036,17.092094526351595,14.826939910858481,6.915275024010806,22.14325818553175,167.0
27.752770166414848,19.41342509720497,13.21370321054137,10.613149227620447,22.03410131154545,180.0
26.410713718847486,18.9281718311319,12.108995342131012,11.925195643026484,23.133369435957388,148.0
24.265361750514955,17.981259323748603,9.817091587038512,8.234094162768038,23.172311608244925,149.0
25.83266430449666,19.403902671769917,9.469164321647485,8.028198040152716,24.154948162325482,163.0
26.4112065762029,23.451852598874282,14.761702571721916,12.14086552741357,24.730774083021068,156.0
24.180379044203608,19.56779445268552,12.780247541005327,9.455692050400517,20.933845981233183,141.0
23.44868201935703,19.560421156206214,12.215911173726647,9.322083572773382,18.867917780431455,113.0
21.69072626859698,15.263258188455975,12.146927873170874,10.576717244424335,15.433880339838334,123.0
19.208483097623972,16.135695447268535,6.674268482393594,7.551146290205601,15.173761690057535,124.0
19.72193369175638,14.214850465983094,7.482924817200791,5.102568902304018,16.330794226906647,121.0
17.586152624866106,10.827543964234104,5.5530122521006415,3.361976242104885,15.346026515481597,109.0
19.988338777122127,10.197678480127244,7.355076798579235,3.238761124811562,15.084192359320209,130.0
17.507466998883583,7.314863916148458,4.288449589426312,3.171307944944526,13.804928859752255,107.0
17.12535017514592,8.360023704697952,2.5398737885148934,3.849167873301666,14.796119066228059,118.0
15.052668705189337,9.505274051313448,4.335091107263204,3.764049241316446,14.979093348894818,116.0
13.446313450493342,9.108446618615766,4.75965739349167,4.025348564762297,14.643811366375445,146.0
16.883951469391913,7.368865678429745,9.572906958091028,7.013954307470489,16.742255732361695,131.0
17.822822305089677,9.881627609477691,8.331558909645342,6.340702247281021,16.118561727154454,126.0
16.659036181632416,9.6140607254769,8.437717717095154,7.037043764254166,15.306398921925714,133.0
16.15775037990793,9.336372380416018,8.939617324371927,7.765153568601827,18.352305529475927,152.0
16.50421291461793,10.375682295388305,6.849218329943346,6.992669703608247,17.25174488072864,183.0
19.99008629192921,11.456040996265736,11.037294906054804,9.354713446988134,18.89415519953152,148.0
17.76202164419148,10.951133595644748,10.774899178310964,11.472384237844373,17.41150399686271,180.0
18.93877272612011,13.33555324892941,11.502131166529496,9.401617016314443,15.588196202436974,197.0
16.91191745913215,12.315255008858882,8.587224697179565,7.770995298811393,15.92192585812384,205.0
19.94009793943423,13.402151535089448,9.857547942927193,11.094246301925814,15.578573685359565,200.0
21.737533019900923,14.825486264103347,11.536822059002883,12.893024680876987,18.254470067901856,152.0
19.934626568925662,13.948948212345295,11.73252885345885,14.385414113937978,21.64444352384619,163.0
20.99534299787097,16.279111721377184,13.112990084172813,15.93138134297594,21.24872778849835,167.0
18.739178102613298,13.559231885768517,12.56849394068949,12.004555682350967,18.930119075747918,150.0
15.228466826535879,12.382388061423027,10.754654007144484,10.14561723847888,19.408725783974266,161.0
16.121980951130784,11.565565582494203,12.295623059032323,9.987917921190517,17.325505684592315,125.0
12.450138277583994,8.834102025871255,11.94496125541399,8.276248167365436,14.036837010587849,140.0
9.906364949514286,5.95889186257214,9.33032529664088,7.403724321794478,11.05153041822939,147.0
9.711315127333012,4.5597541213626975,5.971160120855254,7.147186251683335,10.241650268625664,138.0
10.227806981493071,6.14267752692532,8.187023503433988,8.026429442270063,14.553061233498951,124.0
15.534840226800647,6.329938211185885,10.352891261164034,5.494939357374157,16.498617528960718,115.0
17.357395083345445,4.584911134524022,10.557840224808691,6.25026512163161,17.89207594076627,91.0
14.607901397957717,4.176831638405604,8.64968457018547,6.88200527183991,15.254918399108575,139.0
14.85632787550476,7.097849885116524,8.917723488098865,9.163053174293529,16.50062903819543,144.0
13.73611307460631,5.714145426510246,11.009579092745074,9.14920913473326,13.498444950325954,141.0
13.644711644874024,7.065837182804973,10.427257749971943,10.397797294240753,13.968504894413284,163.0
12.614544480059989,8.753138985607865,9.628166968628655,9.329351708011966,12.970326697686678,189.0
10.733350945503492,10.576523708584395,9.697294328904267,9.456939907681667,14.245972988829578,215.0
14.342347206008661,11.980951388998621,12.315591036404738,13.399948414879544,18.327780296151797,182.0
13.877871111805275,10.443840027095748,10.70491304301655,12.39174305434524,18.27594081743242,203.0
8.728928251554217,7.422114671527852,6.869056392881287,9.995517643190299,12.635112473403199,216.0
8.84137673760523,6.600679075389621,7.550758698410659,10.720228350303461,12.608666275571597,228.0
9.119056589695512,7.820970406626243,9.222996905707673,11.465705105051178,13.574879130184577,236.0
7.786366654021201,6.209421393191356,6.664682842530932,10.44221433499482,11.402216212743506,232.0
6.807987350715291,4.648971533192059,4.807047673122219,9.24799472251325,10.987703700919667,249.0
8.896705828307901,5.000611413321048,5.336137555703232,7.5910458177083,14.473276633966051,214.0
14.459135626226836,6.568035407076888,8.855344361203386,10.921176713423408,13.32915024007487,200.0
15.287424028047386,6.941866110972523,8.409454495473284,12.806519290322857,11.969932912008053,173.0
15.136816791682673,8.550227040087051,10.891064133239157,14.098659252106522,13.42776171629488,139.0
14.655086023774654,6.597350546558323,9.68855699026631,12.676763560434328,10.28469694541091,180.0
13.934801367075943,6.120493897415293,10.654506776396452,11.381096574419589,10.272557218878836,169.0
12.892793485376947,8.85643510069933,9.196601098793925,11.173622381219397,8.415402530148569,187.0
9.743530995445202,8.491204052984731,8.62989550121945,10.723464747346037,8.654846067934633,208.0
8.975888258689695,7.860510138998326,8.040866479856867,12.136325211364849,7.120106544200873,223.0
5.871387396081117,3.0649135951709967,4.200202928112067,8.18490076923024,5.2187214170520395,225.0
6.690456351605038,0.9617599053998562,2.9458609453241547,9.579814581409128,8.261352678791228,208.0
5.404191419648984,-2.0275157753419855,2.281138984940058,8.405968392096518,4.828123200011384,192.0
0.6978508116305644,-1.1252304936628903,2.670595501095704,7.769738182692867,3.1796869439844393,178.0
0.784645829966669,0.1310216532887667,2.268963557275108,5.9574384662972815,2.7217095812031697,180.0
-0.4066213048976035,1.0309536609547578,2.621136757596398,6.638379622233723,2.412483362853444,213.0
2.602493709645583,4.345811414105324,5.355064079801364,8.850664142757175,4.515475911632034,196.0
4.10036061120282,5.362301042698875,8.998183330536577,9.456532033113865,7.615329078876838,209.0
7.656137722261384,8.120431538745903,10.823174947874792,8.511695427988725,7.944399424040826,199.0
7.0084266151455115,7.063348528337245,11.099161425084244,11.210448084177589,8.639802726577479,224.0
7.266856527005363,5.057863633027686,8.529416846004839,11.12847676254335,7.168213883138053,250.0
9.034024394059827,5.752314869881332,11.571442333569205,12.234713758285908,7.6410287381776865,271.0
8.314314814987371,3.762005994836475,10.095306345961744,15.305134938076593,6.638204275834627,248.0
11.922778125843653,6.793900218468707,11.162240653588686,15.179269506337677,8.102220451470998,246.0
12.719835956798171,6.569606756720673,12.84160289669467,16.38643927285989,6.371490834932921,235.0
10.078789684939037,6.895711812720779,9.672885220201383,12.151313731022029,8.78326699554552,215.0
11.718114503968325,9.48657387909314,10.428263690762568,15.034876034061467,7.849383076320834,198.0
11.181515978443151,8.503356184375228,10.440896246030439,13.901921981096384,9.877573339394347,234.0
10.696581198335227,8.190618599042137,8.820066467746514,15.513773612287572,9.607583335867048,193.0
12.31326508782678,13.070887210530987,13.303263222332086,18.21940933397689,10.468026569662658,175.0
9.86595204209331,12.24410777577574,16.615206996960534,17.78338509457957,10.779951315132273,167.0
12.114010380370452,13.431470821113663,17.442990270227714,17.619514303007577,10.9665674124021,135.0
12.564989222589356,12.627521111837702,14.83956790638782,14.877547553881417,8.905925301864707,132.0
8.649383980425618,13.219828493598362,14.930836037542925,13.430096262487238,9.792816164359305,148.0
8.158382953509497,13.423915565196626,13.434267294192106,13.248103231467256,8.657024970447699,140.0
8.374271002730229,13.895351765258162,15.38288699983635,15.437883907674767,10.191129440560243,132.0
5.878152912616601,11.352159348023216,12.79930930234039,18.08918768493222,9.195861658696284,121.0
6.082324667462231,9.332432437220312,9.164525237342769,17.965564783496447,5.430509071647588,136.0
6.0667296793004715,8.651607958899234,11.492301611937199,16.218724136210657,5.49279970561533,119.0
6.436236370606047,11.558878596292463,15.992603948254104,20.94846120009193,11.21151677811062,117.0
10.17031797475565,11.883308681049867,17.96952254885796,25.55714145803322,12.61771410234646,104.0
9.921029752751263,11.921485863314352,19.109114825700658,25.184397882998645,12.884766814816178,96.0
6.859029428021621,8.046078747667746,14.415936460537075,22.906695963021484,6.850091228265442,96.0
6.074278755922731,8.284338429617844,14.737964374647513,20.612951546397216,5.789260293662842,120.0
3.6704993416500873,6.440769663702662,14.623501762857316,19.241952574597484,4.528022054036923,108.0
3.1853081518416175,4.144533993014813,10.387470923867072,16.041605892615486,0.9884123797481426,126.0
7.659399632678852,6.9267423115437365,15.080765140088168,20.133417536910567,1.5664063325961868,119.0
7.553887751624485,9.991739054962073,15.081872508546606,19.586648301755158,5.006244699304377,115.0
10.439145330396467,12.007733681161204,13.411904658111766,20.49490617928375,6.23807372547534,104.0
7.155636536805694,6.127593196825158,12.850459026003096,18.21213815186237,4.874374521207242,89.0
5.5519377629575635,7.328567154477964,14.791489446933005,19.478714214526683,5.4081574305382265,99.0
7.679260597305009,13.272299050726184,17.22093778584337,24.02290580787391,10.404297809731544,99.0
8.333294469162972,13.881174824890635,16.30107085264821,24.92136304026904,8.94871608719832,118.0
9.859633426011413,11.619729668790105,15.21375658648247,24.296812599404657,10.190930482306232,121.0
13.225214724171668,11.754127011591176,15.41956294489785,24.177771617572663,10.086643258943482,116.0
13.87241740023867,12.980126897023194,17.178136381134212,22.797849107674487,10.043878451524405,98.0
11.606174490568348,12.231625252048644,18.980446870573047,22.97007497409759,8.61119904529971,112.0
11.15710040830501,14.330438188225333,21.082184068037005,24.220686051074225,10.300791273577287,106.0
9.647977975039328,13.078704283408092,18.372439436872,22.898969039035112,7.510389507559885,96.0
15.05751829390968,15.536992062937054,19.182852737515425,25.98406390327396,8.235399709010872,94.0
13.402835977312026,16.107715733774647,17.94670999256907,26.779747181601753,9.010413137521805,92.0
15.820650602366666,17.19136713616559,18.454143585329373,27.44516125736272,11.099823492115487,113.0
13.01071691390856,16.10955584580199,16.034098603033495,22.91568819388982,9.680631271932269,93.0
15.297959120974234,16.152515376690584,16.918217334366574,25.99568492650168,12.748768462416361,116.0
14.071457270178303,13.989256001483795,15.41411045456757,26.051190385130372,8.799652589873057,103.0
12.436812994763411,13.095206506925757,14.423140017786308,25.408643375829282,8.857707178634657,87.0
11.94826617737494,13.89661113317982,14.345908475801789,26.525365990399667,8.160554233460608,83.0
11.767368266793234,13.176703923598303,17.423453969610208,27.441480228366586,9.101178935453378,108.0
11.457712428213163,15.730035909598879,19.063648401652006,26.525483792119207,9.377071579906275,79.0
10.416992104423459,15.342584413699678,19.448614621220575,26.221209973824248,8.91098977462102,96.0
10.087415402287146,15.622661716513349,16.702376091025755,27.61186867104005,6.956039012257999,95.0
10.84335296120155,15.915479335336785,17.938600850909864,27.063982937618572,9.091879912720266,110.0
9.59299639124317,17.38086375580385,18.191342605046522,25.489775560514616,9.23520609022195,81.0
9.071226359738855,15.988946189748638,18.48144053924196,25.427002091420462,4.192078306449896,86.0
8.861311463018385,13.25720257395477,17.910373495810095,22.407127552512414,5.708999974762026,100.0
8.188823486946308,12.586462968060744,17.011052250102924,22.876633204223683,5.840885256529569,92.0
8.90318373783203,16.04175492513237,16.07708994774311,23.492035127114644,7.7846014815425875,92.0
11.069191270064382,15.398023387421349,17.18397775138198,25.116833008722423,9.206833868461326,100.0
9.125478003862167,11.503104321363109,13.663989639042462,24.153654050215753,8.725500518487562,83.0
5.96724073454347,6.696152544404659,11.035873354327068,20.71511583213502,6.375395023506879,93.0
8.301756395676302,5.892258649890477,13.44749651477603,19.31683842093278,6.7201002919234885,82.0
7.424914341243124,7.727927336690317,14.749705290344973,20.914936735168435,8.0996981841157,92.0
6.8724428064270375,10.14063967803275,16.32272929313445,22.56726532113091,5.057453534945589,96.0
3.642047462355409,11.948000461174113,17.759624811745933,22.016195423617674,5.768190316698795,92.0
4.356141609725317,10.176348058961523,15.542502230368052,23.305559788380034,4.895417161010324,94.0
3.188552374255295,8.038650748649319,16.6348236594094,22.32942462100474,4.112090362825706,68.0
3.6572891745244567,7.66479857052437,16.24986954815308,20.023531699887023,5.145870318914133,97.0
4.256869305711863,11.479662009412408,16.688227064636724,22.76610194803277,6.565280751616477,101.0
6.884862638712223,12.690450583215881,21.90282754311536,23.791586506781556,9.905227961631574,127.0
10.641801299773318,16.789175086463974,24.568684693165363,26.72948050205991,12.575127371419299,105.0
11.590380571880438,16.668014458977737,23.00489759395876,25.40785875811036,10.678941413596645,119.0
14.519991274869604,16.691293254903485,23.04010083272734,27.198746792499758,10.284988837645802,124.0
11.685756591547827,16.575237377327845,21.065262477688098,24.708486999210518,6.397428703672785,125.0
13.7742464889756,17.510060916535405,21.06951788519384,26.82960264836265,6.351076592396407,103.0
14.857295717653198,17.469069132091274,22.345494160677596,26.47140227492779,6.057121030545104,122.0
10.91024818407508,13.90025013918641,21.131765776711088,23.223276909148815,4.736038743304423,101.0
12.106233444729883,16.430035366144942,22.598545713314884,25.008753950279598,7.61500998896468,114.0
11.076138704116403,12.710460716269239,20.885681326007127,22.672831131422353,6.789580495642951,90.0
10.317169484078914,11.685158851118356,19.977770280034036,19.95514200328298,6.854735670329926,89.0
10.766017945372402,14.286948410939928,22.257298174932927,21.83912917275572,4.733152861984047,74.0
12.42568483409344,16.389085765552714,21.719080086439664,24.529234680549834,6.459348383569627,107.0
12.07980867971165,16.236800740918554,21.469119227049365,25.375330986275657,5.610504941963727,75.0
8.6357564014349,15.413774335654438,18.089877678874927,24.26073279749106,8.977437863766163,85.0
9.79335215714464,13.090710540143672,20.929594263773296,24.494623023131496,10.313172019255738,97.0
9.322477888546336,12.72522606299709,20.190308694729666,23.052230375998523,10.432905217953087,101.0
10.067524094493415,13.762364229417493,22.047233224060363,23.11717978499796,13.421660193687334,78.0
12.155040361733384,13.348349632570411,24.50913084383968,25.929292953235418,13.38240218498758,86.0
10.755037124060003,13.691800387637521,25.129821114054362,24.543015658414525,13.33408495516137,73.0
14.46786038693137,12.484969025166958,24.629023912731295,24.412157434986902,13.583638691353185,78.0
14.619541032108687,13.97324725016146,23.84324175901053,28.182731282323896,14.50546728770912,93.0
16.492235356298597,15.485632800231858,23.625158287659765,28.553752362816766,15.855912140774269,91.0
16.389803111151434,17.449534860101,27.35299342656552,32.0860982016345,17.52568973906942,112.0
14.567980578057666,20.605999163073623,27.86304400039921,31.406079461636313,19.23717866720277,127.0
15.783925567115862,20.507328122683425,28.118666777722297,33.489590920032384,22.36331219457022,131.0
16.15973862850408,19.587478421896535,29.519507951759213,34.610755557558896,21.70004655602064,171.0
18.14954348310571,22.05569780002375,31.374469582354997,35.174640291603644,23.34875158411613,195.0
18.697146702801696,23.879917463365473,33.77801096317737,34.599884491931796,23.57759194496467,219.0
19.578888980213378,23.142719063909112,35.46898262837421,32.215138839996726,23.14205535018678,217.0
19.473844155496472,23.242114405510197,32.65716926997899,33.34390472835673,19.39343014725837,246.0
15.65126246510744,19.8045541154131,30.36960808364792,32.39946414197861,15.780845732589183,235.0
14.037974014837848,20.990864855001078,30.01321637439762,33.32250026484547,17.62577881256709,214.0
11.514419332318937,18.74518898138084,29.838371603161463,29.180104855167297,16.160648529286025,208.0
6.701286125684581,16.36576791299743,26.320444327582358,25.519257552326508,12.495341768760271,166.0
8.798192957457513,17.206541542332065,24.82938743538079,25.310807047053718,12.12137605650903,120.0
14.366418771906599,18.722593729558906,24.614874757948556,28.072519140926765,13.723950667744992,98.0
15.308463519274405,19.327091999591694,24.223708137792393,27.322920287316066,11.254098608989677,88.0
17.00533964794843,19.696734297980093,27.176508335110288,28.510480687634857,12.05052779169992,102.0
17.892376334138266,22.17373265525061,29.269825298587737,29.54687880972848,14.987514325224955,98.0
12.990146171830778,18.84607887121696,24.363206400641232,26.2419580135127,13.07880768246769,105.0
17.54117287677308,21.257892175090277,26.7756064890563,27.306655468953878,15.279654027711201,83.0
16.634516243465978,16.09133545621471,22.728275201751668,23.622891174675097,11.630283046394924,78.0
15.086774848654045,16.590225435349865,20.340456403570062,20.589545671534935,12.590791819744439,69.0
18.593014515324427,19.411190959966703,25.553756490453928,24.2567480225997,17.51504005325272,63.0
17.935569598556796,22.94040333874699,27.48934606674094,28.667868855670385,18.530897271516686,71.0
17.847649350300255,19.832237419387177,27.9751480123273,27.46108051703029,18.256618405699484,92.0
18.45398798661938,20.235011835762755,27.057711528260942,27.935454776359528,16.87126611530529,83.0
17.570315378763368,20.6381559293068,26.840488386604942,26.294835462059893,15.445642910451944,77.0
19.807320599131923,19.728357017202043,24.7049417537347,26.68300366029497,13.730966925647568,61.0
19.373861095921242,17.401313508829467,24.967606172564857,26.39071553136239,12.052226492020706,62.0
18.424431249471343,16.78371108872514,24.069110271796923,28.62844165563353,12.315463199905642,64.0
17.298570447672397,18.690811852758493,26.25712841149651,29.069874136866027,14.71705495964915,91.0
21.70340588607204,22.90703651039123,29.634016912812612,34.09172342677329,19.43369099857015,102.0
23.394024566255943,21.528377055155858,27.800890204193557,33.857823136463615,17.910854621669326,125.0
23.93839205343497,23.243791983590494,28.20665682243452,34.51612671764274,21.32901752030897,131.0
25.324158080365923,23.483565951779287,27.89867299756754,37.59534319776464,22.347653828675867,133.0
24.086804437415488,22.55618828540072,27.148443256009603,33.49988097360295,20.704034306016347,142.0
24.210324490415392,21.87080319442161,30.31364726300654,32.84651453466122,19.08441501306898,173.0
22.431188113890013,23.42440689519095,31.909535387832943,30.5057358684932,18.29757072416821,171.0
23.480670765868066,23.602254212393078,32.480132106373034,31.112079088521,18.284012127449376,205.0
23.392513408827455,22.270861277199593,31.586595441505484,33.09513026318862,19.14598950304578,218.0
25.87764714820448,25.802243990511705,32.362688386146225,35.61489218554726,23.995953118650945,223.0
24.915909196760463,23.84888784352836,31.517077742022266,33.03174628538915,23.495756216841244,259.0
23.76552673932418,23.39252178876942,32.313632988964194,29.801075674735603,21.372914744694665,220.0
22.61384759688981,22.193687517177832,29.537035365270306,30.04236540277646,21.76104329166876,187.0
22.132787670968447,23.907514996304535,31.11419053378088,32.80602549685311,24.492950344876913,207.0
24.165238973809284,23.740748000242714,32.407861711382346,33.35820121956617,23.705912573140726,229.0
23.855393142772797,24.324663600329217,32.44487625818309,32.3254655417845,24.73985589060447,250.0
23.724755046283466,27.00001225793183,32.955097933317525,32.33244038078479,23.949647296482244,238.0
25.791793670257352,28.923641785063204,33.818347704355396,31.69240207455182,25.47182797379138,249.0
24.355089809634,28.687937042977293,34.3766206201162,28.127194830424116,25.256060554527323,210.0
23.55106286046015,27.04250744057845,32.58648152033973,29.89983492295988,24.07692740856363,201.0
21.119596460992746,25.76432770504377,32.12206555184172,28.903099676232806,21.146082135393883,210.0
20.77271259125508,24.85208713735617,32.537868405711926,28.28135946877508,20.63322817149926,199.0
19.92767491895684,23.2974799493635,29.56226302380808,28.091429462685127,21.796631135695275,150.0
18.686654001542937,22.499835816777463,26.321836140159586,28.95406605739989,22.03030658466902,127.0
17.88048667044093,24.399146625983178,30.55695378774714,31.99780917130259,22.380547166228553,109.0
18.43352760741571,23.021336997072204,32.160707135168984,28.381056947259445,23.948070964676386,149.0
19.96060036165144,25.829315975115165,30.85035238677599,28.173831655350025,22.933780125146093,148.0
23.60143760755793,27.136801608670158,32.361336675881056,30.266651422377947,27.069280221649052,157.0
24.500654790222963,25.141805277765446,30.99533278863257,31.53156793294139,24.501114954254575,187.0
24.203647741355013,26.55297227147157,30.94914069244215,32.898468849179686,23.848997981196106,208.0
25.70017147717275,29.469010734641927,30.846316076726648,31.37211585641044,23.72563054335585,259.0
24.603826054224385,27.358300306554675,30.8025383546185,30.28638853617901,21.080645466691518,229.0
26.81328466725708,27.99414518803998,30.46889837564947,30.708682019720595,22.340561841597104,235.0
27.15588094924051,28.095653685095506,30.821004306825788,28.71203013573268,24.33311259616232,259.0
27.203701910695774,30.294873570547498,28.44795667027705,31.264350926715583,24.829502475158584,228.0
26.46005299692395,31.15346534507224,30.256894718643327,31.58301989553449,24.861779355540875,265.0
30.069126153234837,34.6486263590776,33.78253529048202,34.55572229503898,29.966797149800133,360.0
27.045497347783975,32.66030611469191,31.188792405259665,30.5293216158688,27.66542470719032,453.0
29.25133204358814,35.23950327593777,30.764999993352273,29.895461719645127,26.085349306532773,512.0
24.044821924803454,31.753603530102897,28.487390669711086,26.458338975723695,24.309739832657893,357.0
24.5303655928345,30.3830118393482,26.40363481748725,26.251135434065425,26.236985065954617,237.0
24.522345431872797,30.075794163720516,25.666780594022942,26.15842567428996,25.324202374866363,174.0
24.22751015610459,29.876600235415214,27.621298054437922,26.23754435429065,27.246590378563468,118.0
23.371868138766164,30.19080333344994,24.550925457770028,25.401660445075215,27.750981547975535,112.0
25.224686010974242,29.145597768597575,26.2180237110884,27.315695436282454,29.928818597611134,91.0
24.711825429018035,29.89567278424932,28.975325993741716,25.928344944249837,29.059226942395867,116.0
25.253606782643224,27.820498907723703,27.32596387583603,25.31761233236218,26.70743985641865,100.0
26.332471121369583,30.730320814148193,31.344036143703367,26.530161894347444,29.10312991338212,121.0
26.464662893599485,31.346523604139424,33.01388872499052,24.459732273736456,30.44615902645571,176.0
30.72878918597936,34.770020430294196,35.347044047785246,27.838741970480285,33.690764647888386,238.0
30.29650530058145,35.65495760526734,35.599490135820005,27.214403756660513,33.20946489376024,244.0
33.312973001483826,38.20045692776672,39.825150534787106,28.13820134400344,32.416188042732536,259.0
31.76324387521544,35.76403681757163,38.484580250463516,27.438358547218133,27.74977280113879,251.0
29.823818558804405,31.52735453719666,36.96950039553972,25.735628163724886,27.352519626381575,242.0
29.16391138311744,32.47008727463447,35.70424697180453,25.16343235669798,29.47643727098785,181.0
31.80108459069564,34.83688466831523,34.5260293432977,26.403254957469365,31.137933959130592,205.0
33.15789233898058,37.24609500207394,34.12538814109288,31.56271429134083,31.648254941076083,290.0
35.093930370727534,37.3611614482345,31.451796033115652,33.649752134379085,32.62130937151104,433.0
30.117207784178003,37.48279930683696,30.622880243662898,31.021616034207895,31.279573279774993,578.0
31.157516949191244,40.58634141271385,32.280355620218444,31.858991496899506,27.64476822006665,672.0
33.439120310704446,37.8101821325704,32.295270875665395,31.099778024284994,28.333288057496443,667.0
31.521155560583587,34.25940299299622,26.626748466085257,28.356251567598722,26.486972851192995,500.0
26.121231704965847,32.19790585449733,25.177298673779347,26.969579573840303,25.384685614634837,356.0
28.908950824421606,30.39145990393189,26.67858936474243,26.615491658064798,25.9566215995742,203.0
26.324909289392654,28.04507205180236,24.98795726024183,24.11157114367857,23.450375862261687,164.0
31.091308023914955,29.79425369547651,28.35294490378003,26.282455049301237,27.769930497777114,122.0
31.354531508593833,29.453010853734725,28.064528019285014,26.82084482214859,29.942194005217164,128.0
30.288030404611458,29.85870735020687,27.641119821631946,20.61405789287852,29.906137219583563,150.0
26.375614968573437,29.536448971065923,26.802100691715655,17.962158837930968,25.370437507288525,126.0
28.71732427210096,29.828386836065945,30.828103206145983,24.043126534296192,26.745143508004766,130.0
30.73173145436155,28.55978849371296,28.485874514913174,22.468061788405663,25.084665793658402,159.0
30.00055719743689,30.45758038437466,31.305762854728997,24.65811311283598,27.307988270730114,189.0
30.907539750736916,29.117476376405875,29.341112047601754,26.733351597617776,27.689530477458867,197.0
35.48641336541282,27.935116898979736,29.38070903135344,27.571072398256124,30.752149925455306,201.0
33.51233242835014,28.367844880940904,25.636580813214074,26.55516946739262,30.344719007053882,174.0
33.95144386903273,31.919642505821166,26.81435731124092,26.72442688380609,33.4233447345474,181.0
36.03354588393137,35.85563538853342,32.50481493114033,27.15005671245018,36.88874603731422,222.0
33.07311004101168,33.11438468966984,31.640686899905912,25.611167932513272,34.501691138421215,293.0
28.947365370574737,31.58604645476854,28.40280642369918,23.783374156628998,30.202863449211453,304.0
31.970643050702023,32.578918065729106,28.092772732488854,26.10954374829761,32.89243895998004,242.0
33.46093632005565,30.36582761882061,26.043225618453622,26.65577483771857,33.82192147112889,217.0
34.03636456647666,34.26122493976442,30.715669534987626,28.989493131402448,35.86122834623529,248.0
38.103195928406564,35.352201503997165,31.830496574914292,30.25675030967669,39.02919537425498,363.0
34.79461828416915,35.01759581638758,30.301762090248292,26.882650542523706,36.77498867373102,422.0
34.063164288981326,37.812787411588445,32.08342839880719,26.761437486293758,36.65819430829032,445.0
31.549631071464532,32.954099627328894,27.39314611946556,21.87504490624228,33.4036837701607,345.0
30.678252627875697,32.217046325467535,26.577492256888792,21.946453326274156,31.894433241188175,252.0
32.863611008995434,31.21440812301324,28.42606376373754,21.995002057452936,34.6606742277177,199.0
32.944182317002415,32.9290739810384,26.595407033414002,23.32468292064009,33.604701846099,178.0
35.04725923681541,32.86847266378115,26.724531886379275,22.897279224995188,35.03800593940952,194.0
38.276048600318546,36.54363349833332,28.31006669456794,24.346769784022577,35.809125583918636,184.0
36.66624407727697,34.05239538839422,25.824758040561257,23.27650749233801,32.59416568374972,194.0
34.69405944925448,30.47178568833895,24.849256610316164,20.340574750577645,31.925769622170066,168.0
30.194970384349883,28.50604714632094,22.959043721394664,20.668853040489804,31.064346249575458,161.0
31.92098033134684,29.955326262851923,26.446291002515203,22.040975284135207,31.740820999433016,111.0
32.35757504541368,31.498441214414814,28.362345095607548,19.82902294217889,33.92444641165711,141.0
31.663809679943046,32.60755092074609,27.376711223388345,22.261782474522573,34.461907832396435,159.0
33.037151839246995,30.368164517653195,27.04843479660915,21.37978092103753,30.745455338985796,157.0
31.439158874064635,28.55865661807867,23.59315939711011,19.41873294575984,29.828199670379693,159.0
31.62138257528422,31.26043541947211,22.883125574898287,18.623483735866305,32.223614071581316,144.0
31.483951935529,30.5323911617142,24.39659711554671,18.24018986544829,30.549145818214267,136.0
30.15755650332878,31.58507429478524,23.97875052700065,18.205018844303343,32.05610643240522,143.0
29.56078288478129,30.971758523615897,24.32256748130517,18.321049016329663,33.97147584963424,158.0
27.933422694803298,29.758924472644356,23.84767888242968,15.094605976276604,31.288344110443198,139.0
28.460954382755393,28.28553151559665,23.028167485879457,13.177620460524038,31.46887509289532,108.0
29.81646267657729,25.671772318157714,23.87119546496462,13.907694012504205,28.744546295643445,98.0
29.93491118063949,26.664506054608403,24.389802825679425,15.592306067600763,31.197154023193946,88.0
29.443261869238693,24.25334165788499,21.968976809581658,15.981707892326428,27.069994649776163,91.0
31.17733444433997,25.139214806417783,22.679997033723403,18.039911632314865,29.80220555168827,85.0
32.273546382111896,25.51355653404836,22.428570695731988,16.864720202924286,30.959249754426477,76.0
35.56564581584173,28.89408851398645,23.00364712851797,19.926038427407327,32.97387160766191,81.0
34.955326514583646,28.499705105592806,22.324735986587108,19.52202040138841,31.960273131083333,94.0
34.82289695678098,31.09418991585397,24.574552741767327,20.742278228081762,34.02064966501861,123.0
33.75219630933621,28.333814452047104,21.54976580589255,16.517171319571975,32.03946672407287,106.0
33.937246092463766,30.006701484781196,23.680016137567506,16.571346975572624,30.96858006584487,112.0
35.25381776310942,28.158833013322027,19.0475162837047,17.90552771322672,31.131751940888083,108.0
37.78025531101906,29.70274072307306,20.456295886214093,19.957781968294718,33.700422540584036,118.0
37.54792333662491,30.191144815165796,20.78906444657815,21.88663943262947,33.71034509974296,106.0
35.184000078972886,29.81390798735425,18.026876390963494,19.768604226313848,32.89843189830632,126.0
32.65489067926426,29.37567177721664,15.71170550561812,18.04737100256286,31.432814162865107,115.0
30.69809365085257,25.70495578619785,14.102840840410243,16.86821760526091,31.010599281694397,120.0
28.032622363042663,25.33756572700329,15.567163059181192,13.622838188430455,29.658738144398505,109.0
23.662594667660876,23.010841813374533,12.98617387878209,10.739512082282978,26.409376064106105,81.0
22.66958067148081,22.0537950129046,11.310953447381406,9.376516178483937,25.961607214104802,100.0
23.38834790248842,23.395337374587427,11.510795555044353,10.530884127438378,28.48751527008797,77.0
23.201291234125,25.37693905170145,9.267458636291048,8.705068173214219,30.467223669514176,81.0
25.569912789519826,21.80017959397948,11.118054148366916,8.934164592587152,29.842206715852576,83.0
24.3756701331286,18.30047904740552,10.723786361265955,8.895842139182164,31.855466204516325,82.0
23.976445038599252,20.47902550760291,13.282281958837043,10.145502749704484,29.979239239200037,70.0
28.366283009243517,23.872099907902008,15.30114344020824,9.776678391342836,33.180703533011155,95.0
29.119163508240003,25.0402743120478,16.227088953738413,15.528194963318517,35.00270446187046,113.0
30.502734065334348,26.07431009020477,17.291376653502724,15.899483899957577,37.10755679836106,95.0
30.976878651164554,24.731513188856386,16.36844712385089,14.438810261798956,37.39674092570036,161.0
30.937964525959547,25.09963520706039,18.636824569098327,14.569842946097525,38.19825771710974,158.0
29.833522916845013,28.28539171458994,16.88233213708809,15.10222058220035,36.59490097717735,163.0
30.551486473633652,28.554169898006737,18.457865170374202,15.810325124401079,38.69816979375698,166.0
28.108073435458113,24.622643002894538,15.406705393510293,12.62797987424813,34.802579434741915,156.0
30.168667751471727,27.38165087488498,18.126985646875855,13.463858816934792,34.986022492636586,164.0
31.862373912275245,28.962133157967433,20.20507716920401,15.991784759348137,32.92723882297458,136.0
32.84079838281421,24.840360810439385,17.749027817741805,15.419073228341315,34.67822296113709,137.0
33.8905667030591,24.312048142665077,19.293338391459592,15.327030663501858,34.79538975569183,98.0
32.8113630034853,24.256242771219803,19.00631877332074,15.487786388519368,33.53713862143692,114.0
32.65789603878095,26.50236572469044,21.003545140398963,17.465584378261386,34.48756519665269,102.0
29.551700885712627,24.551229880746174,19.49640565209414,14.269097647936603,35.982396628801915,111.0
27.71368019029729,24.5217578053403,16.679525893709428,11.035825384294228,35.43756922894949,96.0
28.230768722657448,24.42766088773478,16.2899825421256,10.294022029472409,34.811061137207176,86.0
26.90018940845567,24.43753829322164,18.420843043244485,11.389665004296731,34.02727225164951,97.0
26.662750518968622,21.690525089721167,14.769852043483834,6.450619890930978,30.36385361644549,85.0
27.19639460733945,20.75313067943422,14.539657250000241,8.399931933387803,27.227240520440706,94.0
29.4619220258702,22.879639476354246,14.846194541704806,10.5561515543724,32.5462140185959,99.0
26.967562342903516,23.117311650385947,17.99443062940094,12.569056455168166,30.011772777769405,94.0
28.734245869014543,24.442690953355406,19.055433534146715,12.521899376842342,29.932896366933257,85.0
24.895542086295976,22.992218398775236,16.188493726870544,11.447193592687892,25.044532492340156,106.0
23.89828800372975,20.670260798625986,14.718675421982855,10.06078276533203,23.62020096551645,111.0
26.287161998898856,19.83866354139563,16.59752849485534,14.764667306478948,27.20655624351856,107.0
28.33857036516416,20.70298252350595,18.188351024988165,15.35216711636033,30.231867004730514,112.0
26.059293565831883,19.063016896039535,17.02469540101851,12.718792580104882,27.767718656975706,130.0
26.143036321094588,17.442506038008617,17.47331196374432,12.264053603735903,28.560538049935968,122.0
26.647082300056617,16.84692319321571,15.529642061914146,7.441423722696705,25.364754392958634,118.0
27.840450459211173,16.396248781009177,15.032809129660336,8.019820578082403,26.356033216185004,102.0
26.74390300943036,16.609895463871133,13.449436027639711,8.258608815305152,25.48102763243797,103.0
24.214229309297274,14.075641785535487,11.240524749244239,8.92761773652412,23.710162332731354,106.0
24.251735485094873,11.894196475744481,11.77730970731783,8.004537962730168,23.088718496633607,108.0
27.796521134055343,14.456895578407691,10.937565665491546,6.499439338064431,22.476643714771463,101.0
26.97397773403597,14.712548117330767,10.725186360545118,6.137962248350021,20.476350200424758,102.0
28.64264592696065,18.152179065410138,11.152866941955722,7.253967590557665,21.989292369828377,118.0
25.719220663001007,17.09902186182585,9.718638289041696,5.976100804712949,18.873406951348926,131.0
27.20205104402121,17.966100381430316,10.322323811397531,7.923260706729835,19.296948991483337,164.0
21.93238625052176,15.420441882641356,10.626361627224695,6.875636182140328,20.71321284026058,186.0
26.14568777317055,21.57391765276104,12.285767700425353,9.126703567711184,24.677478385654048,178.0
24.542994878707333,19.8029284514112,9.83451447259559,8.537150958421353,24.810689158110918,153.0
24.74563861154648,19.007581655336363,11.987188683090494,9.67170293956361,22.701350007739908,152.0
25.58237652604191,17.833437604232774,10.75726907651939,11.48024929059305,21.387527077047434,182.0
23.55875354602085,16.402049984814408,7.240783925538778,10.846437623896781,18.51710947052481,178.0
21.339040271132543,17.52623342983462,7.138557090774384,9.09433981774218,19.00179338067362,147.0
23.904354841251287,19.69657922035933,10.32746194062375,10.51224485113108,22.131233780070247,158.0
24.80366478809216,19.537320125196473,11.268263108836686,10.82882514012012,21.95842528915729,162.0
22.02287553943806,21.160804815776398,12.36703772627936,11.694094852263275,23.52079855357696,130.0
21.329890817100164,22.582629246410985,14.398796783555541,10.26671279627063,24.487321413593737,110.0
23.899033947957086,20.621001889885765,16.34830268889747,8.372802059326494,21.869274371834504,105.0
19.093871676439502,18.333964568347028,12.882665938658047,6.472287956509938,18.740791421404516,109.0
17.386777305979578,15.157604703464973,13.640429108102794,7.009821151234116,18.959383117383535,117.0
14.030443389162969,12.932695101031948,9.712312518188806,3.6773028621713735,15.258500245306335,106.0
18.456604030317735,17.161544759000222,10.872685843208178,7.479988217418937,19.24545840914064,133.0
18.52495116824191,16.999565645323155,11.451308752457852,7.098207848842315,18.78140707513078,118.0
19.203611768479565,14.420127241631063,8.322837136684843,6.0668166346750585,16.885879859570824,105.0
19.237208930281803,17.696648690876405,9.178668798343908,8.978285798532598,16.598910896577685,100.0
18.67613931561277,16.87401288818091,6.390858009450715,8.134185175458818,14.44691673382199,106.0
18.3182102533363,15.916629270229995,3.6920977145670166,6.5109532047438545,11.969037584419665,127.0
19.184547202828327,16.406657177503284,4.643579173549586,4.035441448396449,15.014437159030877,108.0
16.047081888194995,12.370359210707239,3.866416205612186,0.6348350126402762,10.934240378414572,140.0
14.476336472991104,9.585805507279295,4.403079661440301,0.5254881960426179,9.715710044806782,161.0
13.461796920654841,14.055248359023635,5.905085139177744,4.853727213631835,11.92357998427486,145.0
15.9448980593613,15.056103246616699,5.871509363413742,7.342257265491034,12.874242242992393,169.0
16.8020265540474,14.108877632379057,7.279216252302142,7.097488526918788,17.228553856679778,162.0
17.43038856254033,15.015475493803564,5.528831230471425,8.399238303964536,15.546266054461856,163.0
16.113628096594947,12.974508529007991,4.977236806928084,7.958557786601061,15.794273063586278,139.0
14.665892449932358,12.938064585702405,5.79922370204804,8.13756476118938,16.043044321913005,163.0
13.305563240258786,13.778603252651665,4.944284175144576,10.397741102141904,16.887734259311337,174.0
11.800846225075542,13.811977059734064,5.804951822371411,8.935170583418873,13.006109972783191,212.0
12.81977955987698,13.880998840064395,8.345126840898638,9.101300417387067,16.98536870381639,192.0
10.406173346419006,9.492040918848904,5.628483648631225,8.076331742108191,14.043466105828145,239.0
9.943328373985329,12.314633168020677,7.760416621045072,10.433559357003874,14.674810407693936,220.0
12.725955740637925,17.250427952029717,8.716279543577784,11.277123449828915,17.103154763835477,197.0
16.21438149497466,18.15942578365791,10.251957339901463,12.155965622726093,17.93065502313643,177.0
18.866608128825277,21.51712755580413,13.28987480660212,13.904620940527257,19.418590906411186,156.0
16.519748619728745,19.134256863005735,10.69455786990158,14.749340785037738,14.39345490801359,161.0
16.315911698194967,11.94392394425983,8.097979579323288,11.501653306433568,11.830838172157291,149.0
13.78138126880289,9.20816510361157,7.626762619478969,9.219135803027566,11.480302840568863,177.0
14.157878276021552,12.731624971654057,10.022200155635025,11.34839877612782,12.58591154958087,200.0
13.394943195535015,10.738746908069153,9.42797873365512,13.242111020575576,13.637841790942632,172.0
16.034895024065275,12.745934738304474,10.465449078676084,13.647621616345226,16.677749462882833,141.0
16.00404560538554,11.457368154734121,11.597423908353484,11.223617498720959,14.361442035555681,105.0
17.472998231187077,11.56411867579159,14.643955745414543,13.25540423032625,16.537158727117138,96.0
17.770536472163855,8.650600921516373,15.575433184716246,14.798264195377058,13.657597567187695,80.0
15.372543987399599,8.641938420603054,13.791772340221925,11.568374170064914,8.745616431807605,78.0
16.217460839597372,7.9518537676716115,16.079074485432827,8.578805150054194,8.345108801989408,85.0
16.334875474742393,7.063126185087039,13.66264246111508,7.75932973701798,8.630595855146211,88.0
15.404200892979595,6.778483628388109,11.247806444724304,8.91447009191217,8.0349213369024,114.0
16.320264142778328,10.3524764519847,14.383356833092467,9.86297298213673,10.230072899172189,95.0
15.601895864777958,11.330860324390226,14.840817053673746,12.083655863922022,11.957031083481207,108.0
17.984086177230733,13.115321586608351,14.615521056449598,14.36518769501233,13.653662337764164,93.0
17.886345568500175,13.4231828802302,15.742659627443171,15.638141778563888,13.666632972998931,106.0
13.824153152363229,9.864269659672981,11.748973528639926,13.507599610915864,14.087781364095223,118.0
13.189919329690454,11.995702081325836,11.114105167047601,16.477926921345173,14.014517375713822,127.0
12.359509310753731,8.015798377445828,6.2497476506227265,14.27046208891865,15.21668203941128,157.0
13.060586277621436,14.941083985792826,10.557093532897122,19.063924575129555,20.429170670736546,177.0
11.88628311177446,10.448320244268414,10.132090051569557,19.231396971398205,19.919793745217106,169.0
10.699786986252594,4.135298721136866,5.086126610546058,16.482748902638896,12.69152813274711,163.0
12.559549607000116,4.639564819604406,7.714773571443125,18.989276091372354,11.717271744571224,138.0
9.605776638528202,3.4411611032750153,6.409788002687877,17.028238945039448,7.110916946549385,156.0
8.108068973169367,5.469593346242453,8.22970454662051,15.545021305879956,9.525631834561684,134.0
7.65712786813511,5.865426471443566,9.238094475622077,16.723383515448987,11.391814631115661,122.0
7.114221678846643,6.040308466732212,9.75083554168627,14.237741969019917,11.780371880729177,133.0
6.448500762860964,9.59276914165676,12.448576602723907,16.884007485115916,13.484789372567146,121.0
6.3126840415720595,8.896308657659013,12.179065792018102,17.429867583864866,10.182124953985607,100.0
6.2945398023477015,5.874880748638656,7.769795324332378,15.159880151598596,8.740875451437876,123.0
11.011233484868994,7.154415171370672,10.224828701511317,15.438033515918622,9.130628588876112,135.0
9.387671108102575,8.18839430427071,9.760166941006672,14.366311896262681,8.043717219758385,130.0
8.662917106718144,5.983393485424257,11.540989395976528,13.972396805353208,8.529788978913572,113.0
7.324488037855302,9.448184217179655,13.130365208335068,14.449747874557639,9.38236642906493,112.0
3.147597073490168,7.553635876723172,8.333480596269535,12.857647955711853,6.816148439412721,136.0
1.4374293749195406,7.125805631121124,9.095041033585284,12.233446918082155,6.051058505167875,123.0
1.6905887718339017,4.9317209517245795,8.490347277331608,10.887501430922645,5.690301832636945,142.0
1.982510751397001,4.891147188767256,8.652438666918579,10.507598836246538,4.5508523916494745,140.0
5.7166035594231515,5.644714474072851,9.865215363804383,13.71063219189015,8.060715952190364,149.0
7.040986951905303,7.051549331511077,10.38529257049639,15.202407543367281,8.164389349980935,119.0
6.931164479803533,7.369615550748084,9.57555223415322,14.747446467568706,8.505428535063901,143.0
5.3206312512726175,5.4386137797388505,8.663616484172946,12.005256079848362,7.194121363629423,144.0
4.26416499971188,5.019739466127302,7.347579462515745,13.898908499068583,6.250141039663866,145.0
6.720526421606723,8.210939117196125,8.009533465210419,17.793255987072907,10.860230747990254,153.0
9.567724395401223,10.89402188793227,11.917193324809043,21.127016876671192,11.94570927617036,168.0
7.82147084308354,10.53948691077408,11.44953496629157,22.490654202512104,15.168769840233542,185.0
5.90917358608647,9.534279264619364,12.605219973329191,21.107159971374795,13.593783170645136,200.0
4.3714968530788445,7.922552927298902,14.014489570702484,20.388601469283977,13.657033376466606,187.0
3.0472813698696832,12.627334732554488,10.852674701404776,17.51059123638652,11.11658282268603,155.0
3.3837091226670957,10.052801847449949,10.302103437634266,16.079764411687602,11.979748396549073,149.0
2.8101490732943937,9.263283119045946,10.579110943834207,13.117741174014448,10.300325295126974,147.0
3.3243504128283696,11.726650585499584,12.994494626961886,12.161363315525284,7.592272109761842,142.0
2.298819843518639,8.734591061894436,11.213473820717219,10.225989114720136,6.921460164671122,142.0
0.8135705293905424,9.058070131730146,13.291798955330226,8.00769713297379,6.383851589747821,123.0
-0.2642154918334363,7.163406876126325,11.192163446019002,8.634661747605227,5.7263047450209905,122.0
1.9979476034085746,7.734558085573407,12.76620107443694,11.28397117424879,7.728981665107092,133.0
0.2596273150228221,2.455243944439534,7.208329014947457,7.991606715472228,1.7410789049676865,108.0
3.050102933185448,4.454844562976255,7.856488467935377,11.634216536681063,3.725667795757003,124.0
4.703322673203866,6.984121926068747,11.278613617015582,15.979226332718126,4.918862260898887,130.0
5.120732738864273,9.026320851002941,14.543002403718589,19.206664567409746,6.261975665563497,136.0
5.207999986623506,11.881329571917613,16.0303825023812,23.82491858115464,9.443377445450599,132.0
1.8348543111841265,8.755490296919577,13.322630693454897,21.148632786541473,8.367033390759532,187.0
1.5067283572831993,6.953546879487545,12.274187601347167,21.11819230726429,9.411908098182412,205.0
3.210171473538705,9.949586969898286,12.767339044684606,21.319342175353967,9.094957635761316,219.0
7.705011876342345,10.733617441223831,12.415899301292175,20.641925729591087,11.067725153724005,241.0
12.0347612557482,11.06513457180565,14.296602866219228,24.633656431534632,13.483895531175339,193.0
10.229305729879686,8.123780917664053,14.763066489384148,23.716606052236266,13.227249126297362,168.0
8.866738282834241,5.731670876283623,12.89337484346158,22.05402509461509,9.602947836948802,135.0
8.025171907612268,8.219657169714923,10.182261040956401,21.283149790319655,6.5606262387369725,133.0
6.597174172391899,9.74591540354911,10.960335724760766,22.429749675777508,8.609164448023943,101.0
6.672477656358352,11.002441203720503,15.266704984306843,22.268144866003215,12.290052585143917,130.0
5.432342929841779,12.480275095128084,14.525581441046858,22.15755011546437,13.425320961290291,111.0
6.56463176633766,10.909127903726725,17.89679921563563,20.315131770589147,9.291965980745674,108.0
2.4241863901874456,8.669224319218605,12.565837261623596,17.439635422850003,5.559808655322043,139.0
5.160930767166162,10.655450759306712,15.821395785464588,19.343189277020898,10.410458343906642,123.0
7.576626725178269,11.062384395673991,14.727735203186809,22.215919574355883,11.568424751740451,122.0
8.605050985992618,12.317227042050993,15.098755172829415,21.350734777367137,11.215763857247408,106.0
8.79305387793384,12.308037981581354,16.524695238125673,20.211511170523583,11.48387338096182,123.0
3.6907983194225995,8.715549769282099,14.972530976061435,18.072142207779745,8.06173042327816,113.0
5.503477866876022,12.88177623492496,17.72830583163636,21.84598095925358,10.380537070768893,96.0
5.246010613450775,11.384901956267843,17.472564213722865,18.97134524781336,7.006768899962374,125.0
5.734096642374777,11.874746103247784,17.92320541528687,20.715738675393325,5.202296080959424,110.0
9.181696700513879,13.918451197947359,18.79844374303991,22.5450684153249,4.888065305671255,109.0
8.40459163348054,13.229059369713225,16.95540890203299,22.41875205074876,3.6639035141956917,99.0
6.296829135497301,12.121838903681912,14.743633016201718,20.382297993706516,0.4262598282426495,84.0
5.917578790039974,10.378209917720618,15.68749451434683,24.314163494735652,-0.4863502722985906,119.0
3.4016336979334474,10.465891352152017,16.911162896586443,24.891526613350113,-0.3508805119917646,101.0
5.2296586594737295,14.65571341450796,17.86249777863559,29.128308116413333,7.618986315422428,122.0
4.22663577806669,13.655187064149722,16.1984468888078,26.56582855385222,6.689887312267122,159.0
5.478489021659483,11.767211207456308,16.143130623435486,23.429472628689812,6.822136628862157,120.0
6.457476371262502,13.85789363040971,20.6185917571193,25.069074829588963,6.8850144167978105,117.0
6.721142317256945,14.808529339985661,20.163769762256873,24.535530387270903,7.7838101396915,84.0
7.900605720718387,16.12052700684325,19.63770693680916,23.136755397997163,5.857875920364307,94.0
6.662605222959659,16.622113831865782,20.512587537896465,23.78587996660598,8.42216903229839,81.0
5.412834984586615,15.345767835147129,14.525363976004861,21.12603263590625,5.644906587900126,107.0
7.069120079361894,15.29545848336764,17.702474892845352,23.950490382825933,5.537778709135213,89.0
8.605727106289972,16.018254104427932,21.203344372420062,25.560847829905494,6.189356390942216,102.0
6.7497751469398715,15.27108033251898,17.47484654748589,22.252267558065608,6.785666469967541,98.0
6.130183756945829,14.63997442719147,16.06101274532251,24.348694803175224,6.103791321981746,122.0
6.465690649255578,13.549067547035214,16.22340621696436,25.25245259441831,6.4050075537792655,100.0
9.463071486112945,16.307493737611175,18.645080391151513,25.70173462228911,6.77518852303958,84.0
8.776261618267984,16.477033575645127,19.398584831266923,23.60196113353768,7.410494417531985,87.0
5.700554138392016,14.730456367913389,18.521258387595005,22.64927506982766,6.552966450282665,99.0
6.679462030497701,12.999450859266004,20.625017889739418,20.78423734527572,3.8531217513174543,87.0
6.238639787768701,13.237878085258824,18.11742285128217,23.787623538215385,4.693441627752299,97.0
9.41854837257104,14.891269216055484,18.767683997464783,25.086901963533364,6.476918715942832,94.0
11.535158623487957,17.40051983019399,22.13930925464146,25.502590093231948,6.532062768481168,79.0
8.139977526378548,16.15663630532504,20.970942299522775,21.485572338826053,3.3407457933221902,83.0
9.042145555972255,16.898321936778153,24.56613691463817,26.15918540506606,11.860637415331222,99.0
9.435896870278286,16.021880360718736,24.76864922898355,26.13304073331139,8.727354240917244,72.0
10.646386970060664,14.490277486945047,24.418190274880494,25.142349962292,8.400127576793995,94.0
10.569744547130005,14.416579778709263,22.3762220866316,26.41151798807485,6.7030326011062,111.0
9.801383875466206,14.309612502482732,22.05489093720075,26.81656793044918,9.865532713238482,89.0
10.281745001111602,17.96476297213529,23.85894138345933,29.149914078893886,11.236716050957174,115.0
8.990349688253252,16.210665196796302,22.20620431326896,28.092086278034323,12.10973126771928,108.0
6.19478988245948,13.763844584321774,19.330772974403573,24.453475042198725,11.584680730889923,103.0
6.623686620381958,14.61967685569131,20.501741047595196,26.356154250242128,10.853751707950622,98.0
7.744709670346501,14.522855374353817,20.615689523641414,29.432466847913478,11.60118560716081,116.0
7.098499260642166,17.24453995030598,18.52142433183057,26.836420815656627,11.05333087851428,123.0
8.93907969794388,18.540632794238253,20.80469835746474,26.243601268565346,12.043914341169737,126.0
10.02866917128241,16.16355259930475,20.754636751761073,25.596997659355907,10.116909667083984,82.0
8.191616273382314,16.091087153089447,17.31674082039556,26.429965694425373,9.915477180848416,90.0
7.041819169478013,15.46130467190012,16.182884325302503,26.50498923382015,6.582091134500454,104.0
7.366228381063472,14.62876095671585,15.848294590607974,24.4406689283897,7.478622801078485,109.0
5.825302595171973,13.381214608396622,15.627888369916004,26.50948751458557,7.047592493185384,115.0
9.832560431213423,14.36827821719934,18.41010727281359,26.58355198657071,7.8795705606508175,108.0
9.065828521795837,15.767505773589761,19.00999910006541,28.61272477663897,6.930839178361746,103.0
12.009224136309381,16.973485083484498,23.873336904935755,30.39250630058719,10.673176248797844,129.0
13.333556700331497,21.5393634609524,22.28878154530028,32.04992357886771,10.322446699794323,133.0
18.992469378239328,21.854885905606256,25.469230842426718,34.367506194088435,12.679234076433538,146.0
19.686687595117874,20.84139032878879,24.44294375565414,31.429005809694786,13.432896235039836,156.0
18.63807527094339,21.203083647458133,23.11012575660981,32.49189896357536,13.350565493014177,126.0
17.21249233861124,22.704614811271135,23.9422127642487,33.966131063512016,13.308048519290729,137.0
17.055646256605417,21.914928260166164,26.38558663177637,34.585529848122604,14.020868759455725,129.0
17.886875203012252,21.50107286444747,27.36870603012451,34.81791694084453,16.0417031929644,124.0
16.757536750228695,21.456352385191174,24.32064091586614,32.21308434759397,12.338214994883572,128.0
17.817366820963677,23.19020383610577,26.9894790256434,33.18933346305969,12.388419251854689,139.0
20.09248787585398,26.762925066198427,27.5864723831859,36.37297030093505,14.401099869013354,128.0
18.7751302113224,24.04540170016979,31.347308045437376,37.44888670638607,15.707336340739046,152.0
22.888920818560223,24.068815180188167,35.020428986695755,40.26515103666412,15.024042179448317,164.0
23.290425980380917,25.476703925488042,32.22131642681508,40.2702687152993,15.916753392059482,166.0
20.89883159221977,23.761425342338253,30.897246697572157,36.06174303441698,16.60337053708358,182.0
19.14880562606932,23.33163256714535,28.95473780357272,32.343111671408735,17.943373959731655,177.0
20.03626789035548,22.578597598485274,30.229218780840917,31.99811875574223,16.187013072327204,182.0
26.742843357580306,25.452415512691907,31.546900402207918,33.3842290294732,18.43262352213908,201.0
22.49716879542428,22.118541671373876,29.715112230460925,33.78022272483494,17.7119890007192,198.0
25.7657886519508,25.970135196099093,35.35876281323276,34.780608466034906,19.854228273606108,209.0
24.05139389882486,24.525230632441463,32.71038709304137,33.67215756412898,17.928540559708196,233.0
22.67677243815792,23.207707191477596,31.023130873958337,33.29712738703199,16.689795469311317,195.0
24.536278528645404,28.446500336663682,35.12990981979332,36.53665809155936,17.908998173727337,212.0
21.012268485810043,26.912852655311156,32.52835663101839,33.399645155872776,18.959382590766214,221.0
19.34051927400072,23.430532343187153,28.275225262393313,29.882737192150636,17.946439833817166,182.0
18.72453641264154,24.339875866437385,30.382123211370544,30.481216556542723,19.42085385589686,175.0
18.326175985585284,24.64674642062342,29.83182771771401,29.05261787566574,18.469595437766326,158.0
21.385737082234286,24.095907129246932,28.8056737720188,29.23379615977171,18.512151088103476,135.0
20.54673107917072,26.236713351047324,29.421327473943833,27.734002164092804,18.23935011066534,114.0
21.113130551649085,23.549261084468434,32.23989211755733,31.855153211735573,20.15302617519484,135.0
22.443857311457013,27.796889506603886,34.19127487323073,33.66392075367702,21.53934105998052,142.0
23.570612147758432,25.898275202481447,34.61725512750517,33.951950705086865,23.45897439975128,153.0
23.823602661131176,25.550440151112014,34.57119451762215,31.091145228422267,20.757186323266705,166.0
23.783708568180106,27.068466232255837,32.49121088810737,32.61560173173495,20.106556356004738,192.0
23.44761385478663,28.049796346909442,34.40241783997666,35.25977017301859,22.01713001765166,207.0
21.29574199655134,24.923467216230158,30.916582667265555,33.43941573563218,19.653932080400065,225.0
18.75607784559239,24.71911307257389,28.080000391708204,33.06809248760151,17.168578924913213,174.0
15.757127669720855,21.812071454598975,24.37222405890349,31.689113430436258,16.56766381384024,160.0
13.657657677606851,22.21882045303111,23.660805718900882,30.33716813786198,13.613885293443783,145.0
10.2005074904839,19.21482011110564,23.299436533984288,24.864950752691463,11.619986523579708,105.0
13.93185670905877,20.531544128811454,28.121636599720027,28.88825616633765,15.468801553545521,71.0
13.647105339405439,19.724885077601442,24.379369668410057,25.775118518297205,12.304129525584049,86.0
14.586790154254881,20.546670497504792,24.580882489432472,24.452990314665236,12.989394070624256,84.0
16.542248952335875,20.609181235720243,26.25310262680614,26.649209241616884,11.470726185574023,64.0
21.31365718066209,22.146013118779543,27.743833641803313,31.551598814324326,13.403440393846786,96.0
18.239986367703207,24.458139354227384,28.266111484771223,31.03145251677375,13.372464431496669,128.0
18.305225186915077,27.140143020457025,31.588751509417172,29.632546937777512,15.540676288591843,135.0
18.979890879594084,25.790546447636906,31.002365306734394,26.769692773046376,16.384639036925606,159.0
17.116326262476225,25.60086425118686,27.82185363570947,25.83131735551806,14.958823063081333,126.0
18.583328976367913,24.53424651534923,27.774946339241914,28.432104997882213,13.498088602007588,104.0
20.930577543030292,25.576802902921806,28.487094964067815,28.250759550721877,14.993354162304708,101.0
18.240012430972854,24.237716705647763,26.60323214696543,26.16315921517138,14.494241167342468,91.0
15.982775237341606,20.966567512032075,23.70377156906308,22.43278343821058,13.073403415878312,74.0
19.596265270944144,21.710418489809676,26.043658246266673,25.102661362528057,17.837833095137604,59.0
21.335744507917937,25.503079643278138,28.719118252857946,27.153770399907955,19.5169997040016,75.0
20.45501415726977,25.201818584465173,25.171822198670334,23.796210649518436,18.075304034913913,57.0
19.314802327728678,24.17085031860521,25.335463812174716,22.683472085318066,17.197632496822198,59.0
17.55384454235121,24.548544295877328,23.460949279970873,23.671127381851612,17.954498504672973,62.0
17.241917965363697,27.976458586710365,22.653399722586997,21.616644222122183,18.043124575025708,61.0
20.43533233093344,28.843520710999357,21.77859434072196,20.817321531512825,18.594581893382685,55.0
18.570889575797096,26.219571589362282,22.771584912900018,21.98342092369725,22.388748048980233,68.0
21.67527336290001,27.18671195057335,24.560206506959435,23.557748219896855,23.767137240850815,64.0
22.234485252144697,29.110758888236486,28.699606532757482,24.90595486595288,21.888446910449105,72.0
22.00813963818653,29.667679045913335,26.864635577863062,25.887667030135134,20.38274040293686,82.0
23.30501604756221,32.50498024317943,26.592693991929128,29.619553537472054,24.242538952756494,107.0
25.710078259226012,32.05538049833551,26.85740796630281,29.92934790521382,24.427945188114034,150.0
25.245636898715148,32.26917897700973,26.815702103105664,30.639248032385346,26.07059706576828,207.0
22.12268057585472,31.458527284589348,28.782361829675683,30.952233425057642,26.33332906965183,230.0
21.61588529060422,30.15819580305086,27.326748789242266,28.806179004867772,24.661396081003417,192.0
25.12663162693134,31.35746350011174,27.271191554600442,30.48326890828469,23.572732529544062,211.0
25.165499038658496,31.660096941830933,25.73554535373748,28.65474229562573,24.696780291419675,226.0
25.068175481644758,32.89430001630656,27.131332856169436,29.491745845855444,26.06566850830097,231.0
25.863085409886974,29.139701729750932,27.247999529431375,28.701695094787937,25.369162026646013,185.0
24.807788949749654,22.88730608133642,25.3003639751046,24.516872184312014,25.780501455487205,153.0
23.158453381910572,22.989974831273717,23.811511626022515,24.212479728238215,25.513478658634405,81.0
25.752721085239678,27.31584073590946,28.001784090122282,27.527200217081475,28.57800586884618,73.0
27.643815445902877,30.345847695490594,28.771010526415296,29.305703684657324,29.157734458751136,100.0
26.161719663253162,31.167392819196657,28.83356187990801,26.767848081230454,25.899043020317315,136.0
30.470194846996883,33.3684879361501,32.491021475505235,29.658108146118643,28.79423615945788,209.0
28.853410694612357,32.14467275824316,33.65089626063861,28.686307178385775,24.96762912561206,365.0
28.759729842485203,28.320449696039326,29.141963001641244,26.52289615555761,23.67118054122476,311.0
27.301292459987657,29.886532881456088,32.514879234011026,28.878259966409644,24.66516398777003,261.0
28.17024990546723,27.962068039116744,32.75757988804052,27.2088943802701,22.78755725921122,245.0
29.511260180458617,27.23238773315763,32.92768211408224,26.475884924454757,26.55448670122094,234.0
27.61395131844153,25.464934728743362,30.677812941388268,24.136017494151282,25.958865979948346,199.0
24.24696364356965,21.794524980790563,28.72520696330795,23.103646525241434,24.101132612967177,157.0
23.41884131494116,23.698361813875373,30.026656248655378,22.031795834537434,23.495790388451127,117.0
22.26683849340808,23.963635384921027,28.442347048721942,24.04385289702462,24.102831144733152,100.0
22.49959439559227,23.49425738877568,27.73148074806271,26.0966916908688,24.484978041179257,69.0
23.591144915333743,22.71206372238439,26.466882858219975,24.24754573399408,22.85937896484277,67.0
22.182049726494427,25.688913885630182,27.152836841552556,24.589792112574052,25.0998609325583,69.0
22.61689024989527,27.436332889417827,27.703886053306544,26.599483011595545,27.385675808192527,72.0
26.169435289085207,31.139970253746544,28.77454840614568,28.308184553211298,29.17061395401466,105.0
26.785070733799383,31.137642312418713,28.92033656857507,28.753125373241165,29.00903630451767,134.0
30.436490811505713,33.26102902063178,31.893099145332815,27.683464913101716,31.112867490758106,244.0
32.153519432986755,36.08374210240982,33.18870723369387,27.239900817126177,31.94120261151472,287.0
32.17009151404495,34.093198345014734,32.01297478560027,29.424744187396694,32.89965304576715,371.0
33.41390254562591,36.963345775378436,31.107892921472445,30.61308800999508,35.24790540871238,527.0
34.44232957266772,36.42983866039545,30.45395701487753,27.759839882045913,37.783212359381935,541.0
33.77426274437489,37.70297864905399,29.3208512198506,26.369626486607164,36.574388461149084,428.0
34.55290121047213,35.97285156512271,30.043311632992413,26.970629648800443,38.6555304430594,356.0
35.721330389890525,33.669589902007694,29.480199082082198,27.961312288051364,39.914159388599195,352.0
35.92537439739124,32.70873778968155,30.908231211937917,27.716590852504904,37.94528101506295,360.0
34.29174016259383,29.474719596639076,26.816233061717647,24.819591856207058,32.91231404436347,287.0
35.329993279055344,30.198903724304806,26.39734086825207,24.19945369284555,31.35178664255368,195.0
34.48754155822866,29.94818307373784,30.820712445464114,24.887844535975827,31.850193229288223,196.0
31.068741112857076,28.279736012858272,31.954173785005707,23.202894240917843,31.910390772151892,184.0
35.63505399634654,34.357093359315655,33.83000420336846,26.579819243319946,36.871812301435796,237.0
32.13356673670481,30.68698911344292,30.307741421121026,22.259747631695728,35.814276652297096,225.0
32.30956094134456,31.802754569243362,32.028160118934856,20.52312742880241,32.60183612166605,297.0
33.55005127169332,32.872781680416175,33.12210592945646,20.89482664027112,32.46755993887623,268.0
34.731420515629715,32.88980475660498,33.000799357876524,20.062396676778707,31.680179900815883,327.0
34.23129864670573,31.349399378661868,32.32320860066768,20.02703487059223,31.82449947562138,321.0
34.2662459356035,32.67313749322499,30.520915093025817,22.347253466486908,32.01406825899578,293.0
33.89812474411664,32.54735251303702,27.501399845100853,20.983821813074478,31.412636667031933,257.0
34.508380898769666,33.20808117540159,28.425226814575442,20.404431906227877,30.248893685388108,234.0
36.04137157525191,35.321154834652376,31.358235040856908,22.50362250569382,31.182181553811017,247.0
35.71053513964336,31.250517339500753,31.021358991990883,16.218802467529624,29.78891863760891,280.0
32.53303178798994,27.037767673269613,28.905330160382956,17.002578391257458,30.70883375908219,215.0
32.948135215666284,27.208257719096675,28.241307915967013,17.22131040784353,30.816917196127434,176.0
29.933227763418767,23.768654353869074,25.120131109603737,16.189109520742143,28.822920919114587,125.0
26.476164729819626,19.40089574354022,25.097862783131422,15.872478015956272,29.752964367282253,86.0
24.85063028808431,19.090338181690903,23.926512879057157,17.878775127204275,26.945782096011392,70.0
26.39349352788672,21.361900098216896,23.30224672247565,17.987764194004985,29.036880048816442,92.0
28.2959600835121,21.89488454213055,23.09996775439545,16.365246016676245,31.66747311253861,82.0
30.63774500632166,25.606973356883035,23.600682857841964,17.532729988673154,32.10946726646669,72.0
33.13880612493248,26.603929674945615,25.130337718767443,17.785435942642586,32.33802374107943,90.0
32.21119135478875,25.94263783708353,26.2753500646687,18.087141850868793,30.966614549215723,83.0
31.961462495179052,26.34965404433077,26.024921286236545,17.01342162295292,31.549422989697216,99.0
30.297630995587177,26.7116819265538,24.90155579568014,18.79523442926406,34.78679590379626,95.0
29.816768105709006,29.15970386430736,27.43512743680641,20.84833069470382,35.05039626232637,84.0
29.89647500656166,29.057369891110362,23.710819425359492,21.312290136739776,33.377056481998395,99.0
31.014762120645937,29.694371091822795,20.849959709754735,21.903088790405057,34.21062420563945,116.0
32.730805005783516,31.96481153470152,27.00663360993321,27.765435247926952,37.48531084586872,129.0
31.25570927242187,30.840719969194275,26.146719207433687,25.038031301921624,38.25543209969945,157.0
31.44888269171012,29.407204082930804,25.09121808094527,23.112472969072364,33.24907446108199,158.0
30.699906646454508,24.936873713751105,21.327678198604925,20.3157023968526,30.46700976805336,130.0
26.83864616156017,27.658618519440317,23.68747967896632,20.58284980293421,30.738385729161948,100.0
26.623301415547054,25.63718924987346,22.276775258067214,20.150774631110288,29.172154477490526,77.0
24.338087591427215,22.142660680450046,23.732820048591122,20.91075251378545,26.052553709284748,73.0
24.78671697641124,24.019923506292518,23.72761728306035,18.47593052759663,28.270004308878423,87.0
25.566745129678623,23.712707574600216,22.821433896777044,17.550596501676225,25.57667366532175,64.0
29.658597442432733,21.932710384691113,22.875217871284395,13.882891288550494,25.281916785581444,89.0
29.98287711426804,23.49428685892662,20.353963253257795,14.373604779535029,23.335750260133253,77.0
29.705086483614753,24.275303241801346,18.984688921644103,13.198201771594029,23.403593487478304,83.0
28.066983406775243,22.761438398250036,17.66550367846716,13.975306223495126,22.137206783414165,78.0
26.279161295800865,22.676335336966865,16.000689100832098,14.086216550963291,23.418228430653272,94.0
25.42844116942265,24.122919481964992,15.093920933376179,11.880100137640236,22.34905319460146,101.0
25.711363246163298,25.474177697997657,18.13201850082438,11.199763527230942,24.485035436855405,83.0
25.707302213402368,25.270857855472375,19.12800558573066,11.022575851254242,24.183873869517722,70.0
25.246031852958225,26.066865492742327,21.48932977362707,13.013750090660984,23.95761286987163,73.0
28.383814683661654,26.010858992229128,21.28864186134557,13.090404968535099,23.959023065569884,88.0
26.864726594771323,25.204633020970657,19.898857137943555,14.339974031587635,23.33848588436903,91.0
29.945620125175857,27.129827555739393,21.230373757296906,18.254517820819732,27.774125723500443,75.0
28.417482548931165,27.155348442481035,18.143771130212407,15.713917000015082,27.276212311738345,110.0
27.767508251700537,27.653921759490654,17.202919801570427,16.51353424231816,29.233413013692477,121.0
28.59805559446718,27.11881995178406,15.983267912299622,18.04013806109255,28.2837634947574,117.0
32.40482563860257,30.455017734386146,18.223737795445327,20.16642710132488,30.268063259282936,120.0
29.794388580790862,28.31493140639236,16.415119167511616,17.568842135126133,30.23199467172863,157.0
31.280634661820237,26.69453272591046,18.8807306593039,18.180030491444455,32.3376547762682,131.0
30.82857049547373,21.8426750526961,16.376593767853308,17.215307950965727,32.97417494410276,133.0
30.58867802626045,20.98908689744916,13.101617074381897,16.304336929860803,33.79711961275014,102.0
28.492055743842357,22.361550018877573,15.299505064798305,17.12832498545233,33.613852563518186,85.0
29.47672685512224,22.915519730112358,18.404900812729334,14.978958982033873,35.73361390564114,98.0
32.59657461811733,23.546168971125503,23.026104767416395,14.771653426581246,36.899619332071154,103.0
30.954167186460683,24.04638092665324,20.900696030073277,15.047277849521807,37.47635217995134,97.0
31.432138588154565,24.376262831903777,19.152682374890905,14.807964811780023,33.90230978046406,81.0
28.94883021481346,20.68903733883742,17.182359337243412,10.74974329063805,31.508880183455183,94.0
29.203956420620678,22.26211042502944,19.74870189821071,12.323665413091717,31.366783174149685,93.0
26.398914141157526,23.618023344019253,19.116634580248622,12.41589634657431,28.74476840623346,99.0
24.98094096855558,23.628482039638307,18.636122069393135,13.745714205667742,29.181202646144115,72.0
23.428535685863412,22.649397732277745,19.44942075908387,14.484324790808143,28.88285988566901,70.0
22.880113213326155,24.373050552861965,18.402220580955216,13.408706501524808,30.035168086585927,72.0
22.37605526928245,24.078256523133195,18.46083369078357,12.077578022623126,30.263157942928373,67.0
22.632652495301883,23.371376269929065,15.9896344599176,12.684960596615369,29.685391284619154,80.0
22.929570333013178,23.950916806018462,16.7951915085155,11.64712025766985,25.250082640465315,91.0
23.439782143616473,21.096529403450887,16.869278613755526,8.781241849653313,26.97168166941074,71.0
21.615222131643627,21.711769486190747,14.920246395504616,6.906587514734062,23.33713395531236,74.0
20.63614200738927,21.617934697205868,12.411622427546273,5.7864153760452846,27.857015120337678,79.0
20.764194301977664,22.226769140135257,9.839093520407046,3.373730254902288,27.351601404826305,88.0
21.49467895158533,16.209902766139095,9.848114093219749,2.465950265267571,25.504291950303532,71.0
23.078869186624075,17.12909440954531,13.1214724183956,2.963564829144876,26.203467674840287,68.0
23.150370996598383,15.050699431920359,11.168528109431412,3.3276294614925943,22.37175217481596,80.0
26.369637489691534,17.24364099882728,8.971467804745496,2.7098003450959833,20.996884169950242,100.0
26.442030318699302,17.660727189658527,10.754366868784798,7.280090718243334,23.32410333977494,114.0
27.125523690140028,17.960400338422918,10.718480632283443,6.547762425939872,25.578257024285005,125.0
28.33074847034094,20.321218698059482,11.83594148537657,3.971081399035664,24.29355032096838,142.0
27.46400294060133,21.56315951185101,13.015979495450416,6.529642535442381,26.442747930070386,160.0
26.68399561477231,23.346037178379405,14.398592555815563,10.056817489688862,27.21493508375558,160.0
23.88900656629331,23.234201344777418,12.551108314669639,8.994114179762496,24.379721688009997,167.0
26.04767720622037,23.88861309145387,14.876230552347046,8.76575326594904,23.85688233463955,159.0
25.824310907567003,24.813434900177278,14.479702087703759,10.293972616701376,28.916711482201258,178.0
23.853135647426544,23.475442332412253,12.22477460274638,9.798434206482291,27.147063679862647,158.0
22.325093913738353,19.954068266472696,8.465664066694185,6.495241099353541,24.672603767626033,168.0
22.54002673807303,22.155398819683942,9.56755537562122,6.807621374494728,23.89699120732282,158.0
23.539760352692834,22.92511738905122,11.463124699512628,9.217349440495695,27.882137788783524,130.0
21.542291349551597,22.517687230069953,9.737627901905398,9.986736181948569,24.276605394469737,132.0
20.31196072670361,22.222068697179267,8.471651504674398,11.74918975083039,24.699720530938215,105.0
19.205152170108974,19.10775345744684,8.680101293138225,10.835734884790396,19.67944853380537,119.0
19.506460161118884,16.769083297030203,6.63140258227944,9.227143386373696,19.57766905628641,130.0
21.632621807016132,17.761559049905966,9.57286806256984,7.385605535792498,18.958684061107114,121.0
24.6589035586232,15.422418163068707,10.078949613655107,6.149745213140205,21.059214895491476,114.0
24.243900751951422,12.77748461277101,11.209358073439823,8.88730294252896,19.475191516722415,156.0
21.745529481726102,11.031197526021828,9.533481287079839,7.649024065435048,18.47342231918317,125.0
21.825750477332264,11.497861546568569,9.087205613259556,6.657495201025036,20.892006690708058,139.0
19.337851763177216,12.619979631033756,9.53178222533958,5.133631076253713,19.79740835080404,116.0
21.12056060304845,10.764195728930165,8.628211686924613,7.628243584023467,22.80358884512221,108.0
19.588553295029453,10.594737953381474,9.371760388549895,6.216881878012213,20.16648368949888,104.0
21.306963648223554,10.59336714483031,9.59320062513095,6.844597605249345,20.078550054983804,120.0
21.325935918546698,11.714425209099815,8.207376254727908,6.929190031179184,19.626827435374306,125.0
20.46694045960599,14.75586332536523,9.396783848985423,6.959671101051348,20.77469851798666,130.0
18.15609211941912,13.814058201401417,8.192929507443033,5.205241249367697,17.950520363362433,142.0
19.240112125574296,13.704409478294064,10.034077892867876,9.221056403110417,18.895424808073187,136.0
17.509862843434334,12.8515328074131,10.810950929206667,7.634053171915874,15.02514949161301,141.0
16.128635152312704,11.939311740805154,10.926999886073938,6.535209364393312,18.536964505758245,156.0
17.745337334337307,12.213471761989862,9.108176273941893,4.837184493890289,19.518164430269326,134.0
13.675027565170407,11.394911447703127,9.486399227614195,5.277991988012544,18.117146455823015,184.0
14.464459553515475,8.895086928787869,11.030860949431252,4.521133768337618,17.644576701636073,152.0
17.257362629056026,11.138248313422501,13.791265863189267,8.90561257892603,20.90356073136137,158.0
14.397725260775264,8.789059993127356,8.840651739631276,8.04211895567246,20.897019064552246,161.0
13.24545464857637,6.3568489834709725,6.5322413095351095,5.300753410599997,19.163428471580005,173.0
11.429987899836952,7.45543825034788,4.861333604728496,4.633627742812816,17.4719427856202,173.0
13.680917967869227,6.81202319504921,4.637937241945517,5.742311793126531,15.574494283786981,159.0
14.657382266402802,10.296912003843524,6.373891113814214,8.52376950236059,18.22755445840597,158.0
12.374718209042904,11.00645490169286,6.977481600170952,8.665228542856605,17.265935720490486,201.0
14.021063792830187,13.654055806063228,5.951518066370879,10.481207586079169,17.1331437941134,189.0
13.839330775429701,11.784936884400112,3.5022295426891112,6.745194269109167,17.554054209648523,202.0
14.222509132886238,12.068538028915917,6.419919778636973,7.235170457321596,17.432543315298304,223.0
10.554001615836638,12.629712890038746,7.57025358764966,7.664120708000247,16.538662043626985,236.0
8.773795810189807,10.788706506459585,7.6382022478444584,5.033603552519852,16.35621876290048,255.0
11.23560186333578,9.626682616111175,8.224532206781264,4.462014433693305,17.323384592546784,247.0
14.049641736574868,9.803439203809958,11.23385248486457,3.528197466341611,16.202733210316726,231.0
13.926505002939368,11.503443725823496,11.98267394444043,4.562745979083628,15.432389138913186,220.0
16.701942962964626,10.18335272149492,11.44251334661115,5.850304576285783,14.49118154355422,202.0
17.923073537213025,11.852519243870185,13.01820209035528,6.308538573700652,17.347689684866918,149.0
19.616669394624388,11.14955244512286,15.476610228319215,7.99930299740958,19.942004652333424,139.0
20.340778147002197,14.80698498893474,16.214165947486038,8.335917188533877,17.910380194811477,128.0
17.193174878286083,14.690363581855099,15.608116667439464,9.32254811570136,21.125545668442157,133.0
15.542299590148206,14.726866122734224,16.643057420796893,9.84881529361256,18.935729688858032,153.0
13.812533578388827,14.399442476519976,13.5644430383431,6.401316540586068,15.95927288733246,156.0
11.741990065048986,10.317243649201304,12.096035427432945,7.159012297663634,14.598876982502732,158.0
8.307156294279642,7.466478072074675,10.076813481841425,6.16236602025144,12.748439540230208,187.0
8.136530998794782,8.917800732556842,10.918911864533584,5.779049628954811,10.276525779909601,224.0
6.580266476797046,10.260687301284444,10.153742160318634,7.1501280608993785,12.661532040569952,211.0
8.085603641925927,10.051019418800268,7.267814466122805,7.781755014194557,9.98277259426795,216.0
8.31532230802204,10.575392705425928,8.053400688075985,6.747674721333517,12.338093695713853,178.0
11.77695750703348,14.162528586913083,7.131139125374431,11.357589344888343,14.498901112468277,169.0
8.954663731463917,9.89582898598015,4.601318631490531,9.338978100608658,14.692093278794674,162.0
11.692599041557074,9.373820188985569,5.785869992112017,11.842360658572714,16.249414582968242,192.0
13.013587530514773,9.97310903562239,8.020387772088892,12.940640966049294,16.2165083501531,212.0
16.55005235710044,16.386877945909134,11.480657406751641,13.865521418782006,18.51859976463468,213.0
15.695184496978374,14.371520691319152,11.350562908617775,13.981199407319934,16.74948949311436,190.0
12.586554167884767,11.494439469303316,8.161600534839472,11.928327225449802,14.481276365828574,200.0
15.22983691230426,9.41972247988594,8.771393334778303,12.461414743620349,15.085884836456687,176.0
10.130408986947653,7.452942219294366,6.929473900099614,10.148631216529123,13.31527924445777,208.0
10.897458228560241,7.517348954363351,10.751930652672069,16.378014956319877,13.4728687514512,164.0
7.631375198827695,5.00914822822048,6.169619025158962,12.00166533806139,14.296092157709534,185.0
11.410088725638701,8.064928921176945,11.440529683588096,17.032916764527823,19.65688399698363,151.0
12.26116839952913,11.232774570188639,12.678436839186622,19.156364434915805,19.43220361739948,105.0
12.35972827856794,14.1807800531843,11.72744016057166,16.867820702145,17.55273524368805,122.0
10.455759936833868,11.305119536015496,15.283392131546389,16.98360494880278,18.277908381728125,120.0
9.60858987167715,11.808821291436495,16.16453866998929,14.610275127954765,16.62890393714499,125.0
9.042649237747344,10.061822543877327,16.48159350872941,16.903200658276376,13.795727581557182,147.0
10.452644955744175,9.8149116433321,16.128966911229394,19.05332659471604,13.210318670540453,163.0
6.178188464486826,11.060261899872103,16.282233948530596,19.10665597291626,11.04354613441767,136.0
7.261534468993268,9.033564937426553,13.40398137528723,16.957160471627528,10.7393929090237,125.0
7.717150931061202,8.544566398827524,14.638066857423654,18.002792044276845,14.473434318506058,153.0
11.478928959011425,8.595566877967425,14.301785622660628,17.73956381060218,17.465876873052217,121.0
10.696981915831328,8.754648037187422,12.103418833201589,14.729176563911413,15.405964615605246,98.0
9.91722283388926,9.235197291998942,11.317915444618919,13.520703434669162,15.179700724016595,105.0
12.642048648813411,9.487172847491053,10.404297949699767,15.023659333411073,16.88502919975458,108.0
13.684719465339949,11.513233183135476,11.079145203992521,14.68425441044724,14.933841458551093,95.0
10.51346354248875,9.904488417629793,8.588562975500787,12.12429699022594,12.58396857960802,105.0
9.344133040708224,8.226109334679403,10.760921463806786,13.312949265062798,13.190712187106808,116.0
8.143340223255207,6.547818454110558,10.135819480445328,11.309098653742637,12.685104929294527,120.0
7.5250418809793,7.267441098999234,9.149375680911668,12.383196938550986,10.99269839828677,131.0
7.349835489020107,5.316041523035646,8.929899149413682,11.34102267417703,8.690894421219552,134.0
5.962567728704049,4.763967154813641,8.589590094497659,10.598258549737277,7.848620971819807,124.0
6.604452163981241,4.913706472747238,10.143575295893676,11.25298840040287,7.934142096439683,125.0
10.082163211259267,6.834962852077457,11.766956524300985,13.177820236896924,8.730589422577072,116.0
9.542559035840062,6.438790681559427,10.028893584844226,12.949775354815005,9.32016183467799,115.0
12.243596689235101,8.629185754805057,10.90986795293721,15.631336641565612,12.502182646651288,136.0
9.931785024732637,7.137804252275868,12.082764718915682,14.214481180026844,12.293390498198935,148.0
12.02159051397801,8.267679731087112,13.019558692409312,14.037646967913396,9.01799144230293,151.0
11.432349149497057,8.412256144272831,13.384499971038231,16.969463672819984,11.817619264767805,149.0
9.968694761692312,8.882171205844184,15.023224775652366,14.639360680470952,11.37324931951411,162.0
11.467153770203002,7.969935023314176,15.121154091909606,15.863169200124188,7.861692277684185,160.0
14.097668003807039,8.188511162166924,19.177619105792676,17.906044168125966,10.592869202550148,140.0
12.466490656883291,6.1683923021473825,17.25247577235184,15.68464898477794,11.1305366850248,142.0
11.993452689296326,3.471489831077726,16.546908586376105,16.137835396775756,11.371312129062868,129.0
11.10643416274431,5.931611614596415,14.747748147350643,17.834481939652488,12.281333081322373,142.0
8.354877651800154,5.404166902744613,13.452534697333423,17.127267592154666,11.86252642350925,111.0
13.993791765718402,9.867867716489663,14.473051844383436,19.398195571694686,15.634438436363723,108.0
14.11581332050268,9.754394433397032,16.587351842002942,17.919801965060557,14.897144387373393,107.0
14.093776198049767,8.293108035491011,18.660923562797073,20.13765631490289,12.053169641307914,89.0
13.689054165133953,10.835704119386737,16.428514606802054,22.45395855298693,13.916570540233911,90.0
11.816953339452066,9.949855008035462,14.822487980091443,20.861072443846577,12.264695557365824,98.0
9.069146355580003,10.6095781128762,13.740649790446504,20.255123623468993,12.295010005957767,113.0
7.979042040347333,10.241188421705631,12.454224221784846,19.638793402434512,10.62428021220114,127.0
7.365757298449207,6.896067569798228,13.381515742118003,17.41210302065309,8.722870198199795,115.0
7.457705032731756,5.256943082181484,15.402948421227325,17.79930511543391,10.146732154813723,127.0
4.80996533335842,4.895771039550207,12.374646105560029,11.132524079360502,7.256367094921973,138.0
3.0148792364561707,3.9492730728138588,13.33173735726204,11.547271836788369,5.093847922116189,120.0
3.5105884646419963,4.421895534997581,13.15434921502115,12.274343060891926,5.541945685643757,108.0
5.951600669203872,6.644946885606798,14.45772044640043,10.18374572871021,5.987619707364508,110.0
9.164540126261993,6.977453703728575,14.027926152972622,13.286671623264741,7.258115748187535,109.0
9.984665052108586,8.306924377951994,14.145769992833994,12.259928105317229,9.83089508639085,100.0
7.368075008799974,6.068906912524257,10.892684078942109,11.901096588303188,7.925651695924626,112.0
4.275374653572186,4.432919283102271,9.852860240266356,12.006002217970302,5.2016515319144965,123.0
7.486234987061077,9.85189883339609,14.381714208748162,18.543688852484316,10.222070395298672,134.0
9.387346777430546,10.158347168226053,16.65612062107144,21.184176393157053,11.008977142769892,154.0
11.442611650771674,8.48314565550826,14.280860752384903,19.840157688809512,9.815118456639249,162.0
11.579806523862835,9.193929349152587,17.418546718524865,19.491522508433842,8.535339021416178,162.0
8.130312580982721,5.814416590072025,14.394342626731259,17.9711069158189,7.84747531061372,138.0
11.944196046629926,8.304763144957802,13.261052170535265,22.477449203210355,7.729562616998463,189.0
12.832109106635297,7.6437634856346515,14.958316572419237,22.381446499658697,6.2740180647506545,165.0
12.283848578597512,5.576275513829094,12.060295630642656,18.121684656188727,4.717447225916413,147.0
13.056982460808777,8.398140805714,15.203373287604908,17.892041313235374,6.912042204412669,133.0
12.856945623609658,10.303178290020332,14.097947022310942,19.360965977819987,11.933810770924358,111.0
9.605174502816674,8.276510458855075,13.53633663489359,18.942058073344516,7.4143326251911805,106.0
11.39476126615242,11.251083556766263,14.814412603737813,20.058069130513466,8.780979124761682,104.0
12.568670068571453,12.282544734446633,16.86746276639403,19.490570644032633,9.383593227181004,105.0
13.261492503036889,11.52523816216122,15.878976153339863,23.11204020323495,6.50415719485567,122.0
14.115231722161306,14.433786527618055,16.945113436407937,28.320049997012273,8.821916747279216,121.0
15.509994292717627,15.35490912948205,19.20440697301434,30.157280941005077,8.862907932168474,147.0
13.742888564513365,10.653340499054721,16.561334355789437,27.511961912689753,7.8652238991699575,160.0
17.25286129905148,10.291779179408934,20.76282917412498,28.294300479397503,10.355555389585597,132.0
17.19025296047581,12.50888496564405,19.328343464338907,27.327531691116427,11.649804931650149,124.0
17.425926482731203,11.426125273506566,20.628498599886903,28.905893590985094,12.833973657766744,116.0
14.591756071487108,12.72285646418647,18.836210886139718,28.391654156937623,12.811615011863537,151.0
15.311033699767064,12.910880979735383,16.388009933049297,27.659897750049797,12.900651020865144,120.0
11.836907261227882,10.135910144206722,12.411348852750072,25.678518607732116,7.7362895837055365,102.0
10.392589292791225,8.016554756794417,13.35857492194577,24.217751660293732,6.779955156415158,83.0
9.21693228843377,7.59335868654316,18.2146876218283,26.869146819181964,9.394592086642493,90.0
9.472751048792077,10.090598482683095,20.1924002725609,26.78175570955334,11.994368317210112,103.0
9.540946461860644,13.011490410232136,22.205687971274717,29.98914246106357,14.376136091916297,129.0
6.263178908605048,11.512678212096144,20.027219755906277,28.60871207396937,13.057172195357339,144.0
9.941763366718888,13.307527355718094,23.752245646641057,28.525073348679975,13.662438507412084,143.0
9.665548334489825,13.383834674711519,21.100602660109512,26.39810892965023,14.340699138326176,132.0
10.81082858614185,13.69471530629174,20.515095359902105,27.191280394635935,13.4256497217817,107.0
9.550244939213348,13.810414831953073,19.710697668238762,26.87747128107322,12.082133397597069,124.0
8.413171482953949,13.421907808129962,19.357585687542702,24.53666065174282,8.951447752117785,116.0
8.831629338395032,14.638374141376998,20.268114485907482,23.3581931220154,9.326091054627213,111.0
9.110120038589832,12.06425501115994,20.60822605775384,24.884437910322895,8.67697422717911,98.0
8.179910725509366,13.117323437188109,20.770082631890254,22.912024175052853,8.478554211719757,112.0
7.934329065364992,12.632444642292601,18.59421125498905,24.33812695520902,8.5730968363088,103.0
10.441628185848787,14.519205781120956,20.652470585834216,25.7290797358505,9.8320151897362,96.0
10.149540539883068,15.087818528898303,21.03584992461005,26.069861144734112,8.712848764720144,89.0
7.5671416406619425,13.051797599977427,22.419250771332386,26.423820150804225,8.9331956494915,85.0
7.133908732276382,11.283452874842208,22.206483673671723,25.90581044707037,7.2913874847829,108.0
6.412629818121397,8.701467760580137,22.909467319867428,30.038290290272368,8.293530951344401,124.0
8.51979823706852,12.093136118907099,23.15766180834102,30.214730114892564,6.680810978354229,139.0
7.300968186220559,10.625546880791276,19.72377421820635,28.084796070386123,5.842173632443217,141.0
7.857898561341229,10.08941600769822,20.148296968327553,26.034511488262886,6.350071614261561,119.0
9.743820568326859,13.242283723907793,18.98930476270604,25.517304425448152,7.063723080467044,108.0
8.514667962715869,12.796177417023692,20.668465028954053,25.365441796045456,8.759949829010841,105.0
9.734363365937716,15.412707586705933,23.140216178148798,26.62127011271919,10.981387761751021,88.0
11.457754511801035,16.66207886055496,24.773351759250133,27.819169860730604,11.781364738699397,89.0
11.752608271641819,17.520116803307317,25.32483069977328,30.018302084169733,13.51515691636517,114.0
11.416431068318259,16.892564644370918,27.627062934206002,29.864380540955363,14.874288761742132,139.0
13.111738681281617,19.63307253417975,28.573863374816373,32.62784855634592,18.047116605126448,165.0
11.965507240300866,18.868471275509762,23.42742262681382,32.94834651216084,14.209034636820892,179.0
15.13379074905217,20.333578333858686,26.296041231150316,33.49292137287786,13.06516400679363,220.0
11.604464635264614,15.169574794670368,24.13492960568787,29.633644938725396,9.165103840196227,181.0
15.099653016850711,17.325543352345353,25.884106329625986,31.524712949429087,12.918878993140964,175.0
17.373602681366915,18.316986204325936,25.089325525690963,31.548300114561144,11.429146560567183,159.0
19.564852157002726,16.664954430066015,27.007398655354088,30.978412087000134,13.50574895879306,130.0
19.824653667830436,19.585378864593572,26.795382510746894,31.042440215921594,16.08844406015284,113.0
19.49844277320656,20.278298128617543,25.191006623239613,31.62562282759488,15.637709598321575,121.0
18.252256085438766,20.887678288121315,26.988669145298296,28.690974778146067,13.667714038094854,115.0
20.755670308349487,23.177453191642584,25.711871193252406,28.555165220593707,14.39358034960212,102.0
20.653217809213867,22.298503326481566,24.821601856509698,30.07536034096307,16.764058234484438,85.0
19.28986766242494,20.600582523427537,24.38095592204515,28.48933801879721,13.780100232887637,101.0
18.119742681814714,18.64372440461296,24.46962238000777,31.144403290229732,11.86280173529861,89.0
14.267807028663299,19.831725601669707,27.046907157953697,30.064604468659596,12.38139994545605,128.0
16.220150004823388,21.56535652819476,28.65979803897178,30.55109658250037,13.864926908596033,125.0
18.08808413551065,24.329130556814885,31.158992664483964,33.83522369521985,17.64971799923938,148.0
16.0514738349974,20.16276234488451,30.538543773440583,32.49653564820303,17.531352981278346,167.0
13.209310637651281,20.64610708329882,33.845615210984114,33.96615777578203,17.587853800476697,214.0
15.45226802211407,20.741399275001914,35.811272297388,34.353909330976265,19.80131612291354,166.0
11.038214184232256,20.132488737920397,32.102061018075155,30.92272890242887,17.20710422483598,199.0
11.983865127533853,20.07485969935491,30.729102759187736,30.624647455167114,16.613518554861244,201.0
9.39311597559999,18.593851327892104,27.210174968630593,30.5447486191871,16.800521107311823,194.0
9.873264701901718,19.79519906158539,28.33333828329258,29.032777017916356,16.75590171873119,165.0
11.060295773954802,19.639837433031452,28.08432515277757,26.984559145655112,16.38800471252518,132.0
16.29606157996742,25.2006214624702,29.549059143692613,29.542960018695887,19.702684272484692,114.0
16.424125520871854,24.892384048698357,29.959700133795167,32.413338208508655,20.683369049365055,166.0
15.39673403047312,24.462043884330416,30.16066322821664,33.25697134041508,18.953329100933548,156.0
16.824121365330996,24.393474423331728,29.233684504853574,32.12350969744721,18.907443147879047,168.0
16.64421070385531,25.452972483672834,28.64421895334874,32.845873286683094,17.179991592571174,185.0
20.225631190036644,24.98752957105294,29.204890326845476,36.735248341002006,18.29989814337939,171.0
20.523186646494004,23.47404773652853,28.42234154697168,35.800369378451606,17.11852073804323,164.0
20.249250813398692,21.45181380712911,26.66560682513868,31.441749633453,14.801148178621679,132.0
25.004383248105434,25.94047275535464,32.877854034966724,35.00445819101252,21.667314593222287,156.0
22.936178181969634,27.249176831952852,30.622998095743487,33.634120464632204,20.211573527530806,167.0
23.403184245183887,27.91643320472926,32.469507011374304,34.8606175393476,21.029928872988215,223.0
23.435504770853573,28.968036051765605,33.164020111459344,35.4327832407563,22.49536949501671,234.0
23.553173094557422,30.054757079075546,32.868649827066925,33.81673263204493,22.58313266547582,274.0
28.417984601864234,31.538599776386587,36.53061075840675,37.12858061054678,24.179917627447864,282.0
29.073820691471266,31.04172409983883,34.7484985916365,39.171932067289376,25.102407547722073,333.0
31.226279410563535,31.27513056079878,34.92254665145856,41.49277864105814,27.510648861382624,354.0
31.06396301326193,31.03728408230661,35.59641756947584,41.25162319015214,27.27131980705156,311.0
27.84756755617246,31.76059976376993,31.838624975933254,40.51781888187405,25.249070692994966,405.0
27.419653597797677,29.54906438622673,32.91444655674182,37.32685731255636,24.700835810620063,445.0
25.88491075221942,31.239551496810005,32.27048698288207,37.646017286257326,22.891078224437972,450.0
23.67701948177518,29.94058910304585,33.01300978667192,35.90563698702186,22.52285192618683,414.0
20.865907807871178,30.574766887976097,32.25952158123303,33.20858525312471,21.628072050227757,397.0
23.251356182987067,30.156112835902803,31.487888371868955,31.499534144305084,25.136236899976836,367.0
23.603015467758418,30.30184489499372,33.704258067582224,32.47960536606591,28.821196683578556,355.0
23.975367545965565,32.5241000108483,35.00114945101849,34.06697402406615,28.92794515772505,349.0
21.797887101387552,30.8171205735005,33.036991298071925,32.83352166265954,29.356632953751483,311.0
21.589500774851544,32.10846151304226,31.432152308484415,31.523059635213443,29.620310203662903,315.0
22.975365571063676,30.449514718783416,33.54731366774952,29.44853855346317,27.564313115496464,328.0
23.877113264156943,33.28102753287964,33.55477857868185,31.411902809113077,30.46875657240581,336.0
20.73113659417798,29.93599936117552,30.591247832290204,31.63617055432392,25.82181338766616,315.0
22.36243388906463,31.026517344899684,33.194702146698326,32.0638957694452,28.36605584224896,343.0
23.865788146011955,31.42585461703597,32.28634170219618,34.02855212083772,27.657521171525087,330.0
23.09129518103705,27.635946295480615,28.14284202117984,33.476645951098924,26.32615417201483,321.0
26.75870880819022,32.692197813004974,32.44990850305507,34.93937265101142,28.15249431181473,309.0
27.441482323332412,30.138606898604777,32.65557167951139,33.612690765723336,27.555109228161097,350.0
26.35886740695722,27.916456209629825,31.67255392019113,28.79736053800275,25.348047044984295,352.0
24.556738611161936,28.54361412142379,32.53172966699201,28.573592254657925,25.174328946206728,279.0
25.637706863608983,25.999602874687586,31.55772722126066,30.183877941816846,25.370968177343215,275.0
23.304910725404966,23.014415143638367,32.47060516619929,26.877243930750097,24.851554767748812,223.0
23.877453148289145,27.406273177072315,33.30524517589783,31.269491786174196,25.637566597543582,183.0
24.785771901979988,29.560265301709684,32.60239204612236,31.72767285144853,25.69294824044167,230.0
21.880786253011316,26.335950486396726,29.657947870336596,28.734678015671392,26.112232298631437,184.0
23.096587016962598,28.012666030281785,33.29721745811576,32.97607052232208,31.468866680939506,210.0
24.160270668312382,32.79478457469071,35.696974200495475,34.806758434593384,31.85524303302467,211.0
26.143329510375267,33.124165280859415,38.571655998303584,37.038894543654614,31.925713600740615,239.0
28.499115127473683,32.57327042908932,36.270938516891555,35.297261346185024,30.13555922587896,277.0
28.84163646165216,33.94012155795769,38.68910419654499,35.84329270219561,31.569556400995932,274.0
28.793050923214338,30.406589601291067,35.1269427551552,33.45283274173143,29.25622590806069,313.0
27.94120761974824,31.433492227999107,36.19267950302046,33.352840177028376,29.71362510566522,309.0
27.987208317842853,32.833806532376975,33.5808449652626,33.01553699076257,26.626297267742082,386.0
28.289048785338217,32.611793306238766,32.129461504866214,32.47771898026387,27.430161887092435,408.0
26.90526194123224,30.313008593446966,32.319590119114935,32.14659756915226,28.780159891657078,522.0
26.254085855103405,32.39064831841838,31.273462717861022,32.803445260590735,29.976803461506,534.0
28.37769478865816,33.04292421672137,29.700560373144672,32.043822283606374,30.085923842134505,522.0
26.025224987548196,32.05623132485147,31.496081449595614,30.55825176600099,30.197187601177358,523.0
23.523542903763445,32.41482661934034,34.38277323455872,30.59914806922489,32.45106896606549,444.0
25.557184058591105,32.761234567226296,36.47492269934951,33.77342374156151,36.388779983692956,352.0
26.335760247349214,32.130356456116814,33.290980811551364,32.09749081631573,33.85093509767561,400.0
29.556362024944477,34.18422630150551,31.79298837289889,28.546717055373332,30.98707954681875,463.0
29.071685993968245,33.71767325960204,34.25830123634876,29.732487307473193,29.9596049641373,414.0
30.937303116097766,33.70973830428452,33.36582173387188,27.684655611325123,25.802237255495726,430.0
29.093581656830214,30.460262125182908,35.00447147070325,30.151703833035267,26.31797368628937,406.0
31.109907123805986,29.429357288145983,37.77832510365705,31.458380712551428,25.35943339775026,321.0
31.45919375623485,26.605856907540574,36.101199367461234,29.78791443624231,27.340171158278118,299.0
30.380564000621778,24.293680787685247,34.68148993143153,25.254968213266444,26.53606271302927,203.0
29.93858522729606,23.567642928587638,35.263936834819404,27.195856587898607,26.904485347176575,124.0
29.544808876017136,24.737538884847638,34.6848283547974,29.543029301852282,27.92108998427847,141.0
35.74419958190976,31.098154343685657,39.52388034932184,34.55577340224218,32.11840637699329,179.0
37.574322858921164,33.77469432180354,39.16068293015972,36.08087672646463,35.31838768256198,279.0
39.37551345751923,33.37283396456306,39.670627856976274,34.31797654674868,35.552400042660445,344.0
38.930449896318976,33.78395377727213,38.30386799990503,34.93689408351436,36.81920607510301,344.0
35.599565136512766,31.61198546887978,35.5062361440998,31.076733980594355,34.3814077483191,392.0
36.315980283029035,36.11737819620056,40.7112954305897,34.48520097858129,36.187916097230705,348.0
31.935438794905323,33.70841306265634,34.67913833098352,31.28933396826268,31.421451235665472,376.0
32.048158458391974,36.45258116452451,37.13300954792451,33.357516916461684,33.1324494883272,401.0
31.18261404471602,37.88281172380217,36.25965354267049,32.76547840470951,31.620048038344102,408.0
29.960990517584747,37.890012394985334,31.550187237185497,32.35626335609254,29.863640835902434,469.0
28.517865318809193,34.0837912866955,29.453084852946184,28.435558206525272,28.18818821540292,469.0
29.780887689235488,32.70660141442365,28.240205998261285,27.598733081025095,30.453691628638484,427.0
27.21817879284215,32.920836392675916,26.561659099777778,26.516001776770825,29.361716534008046,267.0
28.822290609342204,33.29360553099643,27.489539093078747,26.43976197184639,30.465015231708964,232.0
28.440233744561983,33.50925957835838,30.250942914686828,23.18472486616166,30.401712552312443,253.0
30.595574877928975,35.143466503239054,34.80538367603788,24.272419428996727,34.344709049540974,242.0
30.394090810818092,33.52071162233742,33.038744965913004,21.966381780581727,35.270241886148874,263.0
30.331099151998426,33.02575938755245,33.56227879360332,22.978325237262606,32.70246028937239,314.0
32.976334690325366,34.4368759191295,34.2437080694852,26.2632214330493,33.55849712835373,312.0
29.381709913803242,32.20689380721194,30.64600910542165,24.906114267562312,30.32209239964839,283.0
29.700776655787422,31.33445147857424,31.476717897040857,27.67090898783551,31.80275484508905,364.0
32.567558037694525,33.09390286393441,32.70130821367502,27.986487894260435,31.18566998244808,369.0
30.749470269365176,32.16237467962847,30.06456148525911,25.788815356667907,28.836885548015704,369.0
31.876560089062334,33.382620885750285,29.848405715957387,25.957784393487433,31.952724802817592,351.0
33.59655437955938,36.00204538611713,29.80507740053583,28.013495426590985,31.683223664901707,302.0
35.63172864657351,36.3216135421962,32.56677145066014,27.440075500774313,32.97370282609647,378.0
35.66081255259091,35.67452776253057,32.30120622321559,25.938789640755502,34.90833447094704,396.0
33.808276029246606,36.690161145551706,35.62842134955067,28.96132388499948,37.17057716471658,341.0
31.223959168114206,35.46081694891038,32.55835062813115,25.690903547464277,35.64839096935104,412.0
33.14931976813989,33.00899081560085,27.379537045824613,26.874517841657827,34.96507083646501,300.0
37.43848358555329,33.86827638716178,29.335884921656895,27.943593465646536,38.73644258362597,312.0
37.20259401962821,28.851846891711492,26.229208774497923,23.88274060307728,34.78267505626908,225.0
37.46676777207433,32.828744856883105,29.13505813169384,24.11588817597783,32.74494675833719,224.0
37.09635147139733,33.096678159505615,29.969592654889418,23.161046032033532,32.82178712112687,199.0
37.01282563620653,32.88532237977835,29.611805453528,23.028974791339383,30.651770866767656,220.0
36.52152389777988,30.402736527130113,29.74814173927189,25.117520541121603,30.524982131221005,208.0
32.74591079562325,27.928371248438197,25.210785863628242,23.60251293910876,28.512685537718017,184.0
33.012966413569735,28.376171584774163,25.282005381539317,22.28877973758452,27.990070417296288,148.0
32.09657136928969,32.47932528782146,26.37790501584229,22.150755203748535,27.701186332698132,145.0
34.84877856182385,33.13240953976566,27.281501469744452,23.851456815506317,31.576120861951804,154.0
35.958395774239655,30.22943569400176,25.25943039336664,24.141124334330247,33.10152420588879,182.0
32.4123859090229,27.834659154159308,24.81738976005544,23.440220135444246,30.09616666080759,129.0
32.4666785198337,25.71658000579219,22.892822326257278,23.67667488556831,31.070707572206445,115.0
33.68942646975939,27.364793902424456,19.19033637750196,22.704722773881173,30.42461719375568,97.0
34.88928709829796,28.40341224294089,19.587892506895763,25.453922958359986,32.89247387497376,98.0
32.27134581926145,27.746216468269107,21.29040038409071,23.708736185632336,33.07088157845784,101.0
31.883801012746993,25.853998767443706,24.059720733175855,22.3499557428271,31.634468267844216,102.0
32.476188912821016,29.391861546085998,23.463744548476544,21.34051337617574,32.53459444866208,109.0
32.5498228401531,30.70053902413264,23.662423835928664,22.210839961776895,33.473773539955246,106.0
30.207293160098153,31.11199171486553,19.95114894189404,23.27905576755719,32.47122153032196,141.0
31.527867255223182,29.68833153524323,21.97181906311548,21.416957930566877,32.80139182274248,140.0
32.507306841646184,30.342908044181268,20.68212070499911,20.773996849273722,33.115383685190444,121.0
31.55497400135791,28.084903502754756,21.620507920551237,19.427801596626537,30.958227363501592,114.0
34.094640967568616,27.32196060940291,19.324061257259885,19.70589554606334,30.134162242406784,122.0
31.928249160314554,26.531975131003335,17.98430781350151,16.831259718155312,28.304352601240257,106.0
29.113895506119754,23.43876761757359,16.311270657356765,14.521809977970703,27.29536228676522,79.0
27.189348506474108,21.478155415607866,16.357645767893217,15.667740502491624,31.860573864883804,88.0
28.903281246943376,21.655694568737204,17.498679032792502,14.8031794217353,34.1095421580866,96.0
31.295975611887442,22.12154292409561,16.651340586846544,17.564463844083647,32.12316237370072,95.0
35.456731436527704,31.064596277580986,22.788300225610815,20.156051003133125,35.944412981738104,110.0
32.36214134285066,27.023878153221144,22.18431506161508,20.81180877844138,31.659456609886035,111.0
33.47320853823317,25.27934077689431,19.7585565574125,20.37350171798102,30.126717633926063,107.0
32.667682230763376,24.797418635822176,19.54571295470511,19.563531163549165,32.2074178744535,107.0
34.83386732212949,24.266019244681793,19.99671005137797,15.195858073692738,33.48420230109757,80.0
35.380296594658006,24.50747188532588,20.645638568928007,14.229529866081382,34.039785855326706,93.0
34.17605468833388,24.63622850904643,20.642109685023485,14.717352144232976,32.00872119991766,101.0
32.2155432580014,24.995817183936772,19.763150091274827,15.452034928940193,30.870399382360898,99.0
31.324107148794347,25.70467091535965,21.205371945700602,14.369666909415226,31.32851172461642,102.0
29.29837916809283,25.139656484390418,19.618304152102546,12.922206173075748,29.707831617562107,106.0
29.57010779196046,26.226136277113035,18.86596498178151,14.26359362563657,31.427050472260344,98.0
33.821620800392694,28.232668984457653,23.33355434766227,16.32476967615496,33.480891637547145,123.0
31.35995039664777,28.232204194967977,20.951735551866008,15.462035746256156,31.128527314780698,98.0
30.59201845498832,24.619351289683948,19.309366627139426,13.424136989732766,29.624342583130243,90.0
31.092613503543834,23.233024075854047,19.642725023749332,13.321130653584403,28.972006587398525,91.0
32.18310691308872,25.32516910199118,23.44583937347784,15.358249477092608,31.577630741300364,98.0
32.51374999023709,27.198605135347076,22.619860199490766,15.110818967760938,33.49278538393099,100.0
31.61103066674761,26.480248430589562,23.922866469691236,12.599467007136655,33.6407158123992,93.0
27.719728816918106,25.941528871196656,20.941997617994794,11.01823660746483,32.71918883390216,100.0
27.602564200266496,25.382354662633283,21.841135044094585,11.641686472235888,33.46971143408919,102.0
28.389017127966643,25.14249018571066,21.311564668540235,12.18255738153129,35.03090279239242,94.0
28.843275063604704,23.370233477412004,19.38179255206255,11.880752934720228,34.76374842367448,93.0
28.629406535822955,23.17936629469288,18.02002772677533,11.39335883111098,34.15218985835951,93.0
28.454932290257748,23.20603484956204,17.29298900224595,11.966221745038128,30.719320231977125,93.0
28.362482608492186,20.427269150532506,15.27229787362451,9.533340052713829,28.819271584936114,99.0
30.32663477900506,23.04050379264974,18.11609406037902,12.692864421940735,30.358009897920574,109.0
28.996798768962783,19.8652515205714,15.949831876293713,11.823607980292708,25.65242981797135,112.0
26.340827908047785,16.876873429419618,15.66850781886438,9.597109565062695,24.04622258925526,113.0
26.59030640225088,19.49265661503028,18.637464741417183,8.23727272443205,23.321696091966437,115.0
26.617133845897044,20.796843094495983,19.155220394142315,7.659884567907657,24.83156635027921,115.0
26.456272146869438,22.654546606877776,20.538378936362864,11.292400163533266,27.529488166819835,107.0
23.459428067941264,22.793704056217205,22.32720340770269,9.694263382876613,27.14628832880721,99.0
27.519737579922953,24.450798901888792,26.017227645501748,11.059148939175948,29.39720713132983,111.0
28.850500335651382,23.74772056396787,24.595782325150033,12.226753965451278,28.739958899204257,136.0
30.260434067206077,23.491122995960925,24.697676962961502,14.771651039109473,29.40610718056206,119.0
28.976493370413394,20.889710751233167,21.101521432872175,13.628100822995782,28.223730715928525,158.0
24.914352391508466,19.422569637036048,19.549723391423985,13.567692553763392,28.260579722637573,129.0
22.847282368833365,17.13992395912699,17.793085931693017,10.105193684865174,29.16689360590778,123.0
21.797364511194935,15.157398656392763,19.388086292086836,9.016601110827928,26.484770174031926,115.0
22.470174935777194,13.847769611689404,16.706833531807213,7.433558509630279,25.989499082372536,98.0
28.109380906030555,14.745036397246523,17.506780525024368,8.871273296617684,25.36899940473596,95.0
27.93763606622834,19.028487657819475,19.12075476483902,11.956253121053305,26.6386036693091,116.0
27.316974711433875,18.490145949514456,17.39797837384332,12.574910309510742,28.582215466798125,122.0
24.04875131680569,14.623201614001824,15.89908707426887,11.020169261001078,28.70865121314986,64.0
21.301997637130533,12.799332502048472,13.785700226391722,10.22801493828196,25.869781308034444,77.0
22.57531862364484,15.887669100157398,14.043234268381376,9.494925167594667,25.695510110644186,91.0
23.28012472051652,15.177640175140036,13.870057946892734,7.1719088221617096,24.098911212072935,92.0
23.873546282066837,15.572727966499368,15.446060932839641,7.853602793419909,23.608611145354576,121.0
23.84248915426435,15.285548872933077,14.410604416686676,8.349831023303022,24.110329613918353,111.0
27.001985909148814,17.087157451343646,14.675259328832055,6.301949417648705,25.71794108608728,138.0
26.591593818031022,18.061741856142476,13.513158236648437,4.513658545441374,24.557476692156516,142.0
27.07441139069381,16.57084337010964,12.733462161767557,4.736987238519665,22.498360844068856,127.0
25.390804667415544,17.1778418306943,12.378095298324505,4.971631344398862,23.77361016903134,141.0
26.051138606931115,17.6271084949354,10.866821875702122,4.282407914417274,22.352829107016976,153.0
24.872675318812792,19.108466830476235,11.335829002507374,6.031084792904846,21.092618076417118,150.0
25.31199149692585,19.86526339212955,12.552075456888847,6.997623555249305,20.1491895892019,171.0
27.136373941389653,23.32829311921807,15.06585907194799,7.448234925925504,19.3784882245797,161.0
26.124364483656507,22.18744054087544,13.103491330232849,6.946896602455055,19.11735478281995,174.0
26.860755732661183,24.023120376705847,15.092037563789528,11.640796422338363,22.265231839206848,168.0
26.87186391993515,25.25492610996529,16.55648521975094,12.383502022921679,23.86390072531383,172.0
27.09164786149296,24.9525625515584,15.128809093552231,11.324986407229963,21.669262292342395,180.0
27.571273648294497,24.06006425655533,16.23607141622791,11.476755207683066,21.472317726382553,146.0
25.24953930481215,21.17066595942076,15.23340652161427,11.063866513539864,21.580401056838813,173.0
23.49151886705104,18.618172819837163,11.14579045438822,8.401222359447292,21.65664434831204,158.0
24.104651311946174,19.85248219110182,14.90593872235366,12.600426538818102,21.967397894058934,130.0
22.610198371050434,20.579531246073522,16.032945698852338,13.6061212109812,23.005798032790043,108.0
26.248490329509643,20.04891655496987,15.170290814790334,11.183645702917062,23.368438266272385,113.0
24.05309523058767,19.043119338932232,13.717502234430475,9.8859097230633,22.62500439727365,116.0
24.33854473761752,17.50512650275966,10.235397606222673,9.156713371514215,19.239211489172334,93.0
26.835140248052827,18.915068824436517,14.65898375117278,10.385929141580558,23.572834418689457,143.0
28.01961423618951,21.37295806524091,14.121915878434208,11.195376772493521,24.468146765158828,130.0
26.733544405024162,19.8920924781729,14.151562968704802,11.756325772642573,25.467986834774667,114.0
24.50097975415469,20.054254810633772,15.758382523266413,8.917932302264937,26.19406255685458,100.0
24.743570559743503,23.89970892020404,16.097490633543746,10.987547648560103,28.073220163978434,107.0
25.48795821562146,22.260378157961963,17.299016530426215,13.027034869114583,29.65231304206292,121.0
24.480458044314965,21.36049672490595,16.64609861975376,13.39163214671916,29.40438371811964,111.0
26.400386620231018,19.1287903707654,18.128601129243293,14.403505894534932,30.14318398392626,115.0
22.614497774473442,15.00022122196743,13.958668947607158,10.35549271695927,25.64108058423767,141.0
23.452179285396515,14.369844295400116,12.498761061395921,7.993690575706284,24.50596083699641,102.0
28.594270077596992,18.571585789494716,16.655518716151057,11.152640675006081,27.74344786041207,116.0
25.060622760111904,15.569652996189072,15.145607100505595,11.01128866235429,24.40876183603214,122.0
23.21534630990288,15.087711225518056,15.073916472873975,12.568211322389287,23.930881706554253,97.0
25.15424111944484,12.925139698871234,14.137630377579804,9.545944503874905,21.16995846186749,105.0
23.72181343593922,13.750428093043556,10.48721075654979,10.873627052907239,20.48388137046114,115.0
24.386722919276405,9.37143887936766,10.256666867631791,8.680002023500187,18.628154765613296,90.0
22.509387444143947,6.980236769593999,10.493676822526455,7.413380264557649,20.67562433855585,92.0
18.092380021628188,5.208919677154032,7.315067269435303,8.006630272352925,18.431272558257575,110.0
19.770771328761153,8.884047096932015,9.887058987020882,11.63755055711209,18.818080589192725,125.0
23.471120536440598,8.411564862724013,10.878602485167937,13.960875654751138,18.85927756881087,99.0
22.473659943399213,12.521850072246384,12.413710294418804,14.067379292633753,18.636068846284385,97.0
22.609543543279834,12.30074739240199,11.347403230413889,14.018787354277169,16.58260940219478,79.0
23.54463190849324,11.790329357115931,10.388310943244932,13.234716972244858,17.832198237559613,106.0
20.92524132137509,14.341279276474651,12.586274316989925,14.366908076905515,19.735484037529964,120.0
19.63679486528178,14.589498855561887,11.101977677013922,13.160673184743501,18.672582200738955,135.0
18.354706500566905,13.025629957976083,8.96131684729465,12.278667002790986,17.137348062927053,156.0
16.57470972232282,8.06148178678206,9.201372645029336,11.230747859746351,16.590482264357565,154.0
13.749324589274975,10.037606427514142,10.729068900497072,12.793659296308176,16.92884315307152,137.0
14.068067810931343,9.32911990961219,10.176046149002001,13.651623018283306,17.83410154625231,134.0
11.785913006342925,6.5380015765588535,10.598589604226408,9.256594792100328,14.909426617904938,125.0
10.115045832204837,6.36210722033656,10.402678906008958,9.707437294848491,14.790541367307057,118.0
10.824246889407059,5.770560385848819,11.323783000799981,11.020453436919016,17.980258329464167,107.0
13.602673757604535,6.904414802526678,14.732144139222203,13.827378612572577,16.931386746555038,91.0
14.567686802472751,8.517636316246318,12.949977622394744,12.803648010435726,16.12721733524947,102.0
15.23216688267945,7.153251953809487,13.009555053596118,12.019402146580664,15.454362097281383,103.0
14.822884398686647,7.067842797998884,8.895381201158035,11.85924477553727,13.936146335505635,124.0
13.400221123198275,5.367566102407464,7.011339137895131,8.262425343967639,10.681509149125977,124.0
12.751839438970302,7.766952382969183,7.649016367251198,8.053568549450471,14.469866800853662,146.0
11.028271218819446,6.816065429658803,8.06928964540312,6.846461787112126,13.97960463821566,157.0
11.641279709262214,8.832512785111028,8.54256312873542,9.846302667450715,14.714298686503618,169.0
14.60881862737497,11.247585172579168,9.855481219703153,11.09452447316806,11.9919815770296,150.0
16.080452776076573,11.501100531777201,8.844983968975637,12.07049871624817,13.450945921922486,137.0
15.871380393019564,12.430953177938994,9.523570640953412,14.949484002156172,13.346451244445825,141.0
12.970117878037307,10.472754745430603,10.43886287608628,15.265372021560585,12.149685369583134,142.0
10.746992782542607,10.246985814816384,10.453255673187519,15.432796738324152,12.936011622888048,178.0
14.473145007598367,12.045335891296514,10.205690146511582,12.852222257174954,12.988129923277448,204.0
12.665122421050446,9.962604113525083,6.074224571242297,11.63126105278654,12.457235055904187,208.0
14.328188402599336,6.798068644201523,8.346667391054028,12.117190845428684,11.846118877551758,221.0
12.604458705976988,3.906770947819801,8.000786022262012,12.660076075380067,7.507512108047691,207.0
10.084743131695861,3.4214180313636833,8.199368081349162,10.653105489662458,5.241068918166527,187.0
7.373941426778689,3.263691576155691,5.289463332383597,10.258024961062677,4.339692009397721,146.0
4.412901290684174,3.4293320416047353,5.2720254089819605,7.73321565512564,4.264458169804505,151.0
3.404559420147125,1.0206747860785175,4.386342964619487,7.864324113970371,4.342293689282617,138.0
2.1147899390879292,0.3245129865450682,3.649438073890064,8.425359237677856,7.623926669514695,146.0
2.3031125097361116,0.5978121397814702,2.967518276676512,7.440701696780808,6.56589600389861,146.0
0.5838715247393775,0.4703462316006375,4.82928982549393,6.496765969716767,5.80799864121649,184.0
4.020526975773948,3.8317203426298434,6.125264687886894,8.782277280796482,7.878384520145678,168.0
6.0254871065579625,6.304749621455595,8.82112386032773,11.323770722812224,9.996743749509315,210.0
8.169474331250134,6.422513245002623,9.991343329748844,14.026956347629099,9.438280799172015,252.0
10.818281172686163,5.397136658721206,10.02230528041238,15.594752658741017,10.975376006484511,221.0
9.188284146877873,6.226041457232768,9.734100195003606,15.345707428633103,7.289477194200659,244.0
10.867920685652752,6.027026761086461,11.229127449231326,15.74877644906314,9.621992981706924,269.0
11.898412233918208,7.888026027779457,12.539060898101763,18.40654941631857,10.60995135520137,246.0
10.593899379623146,7.082871948451277,14.177453899848034,16.079278255366532,10.224007704607436,251.0
8.81998327685586,5.517790434592648,14.11290088559032,14.763502950649627,10.171725133197413,231.0
9.937628038897861,3.9213331049974043,12.544216588219163,17.013385127427856,9.533711268345398,185.0
9.28557454420457,3.724888179968457,7.653515049091709,17.31268809014635,7.725896636690687,188.0
9.8577946586437,6.38944960933862,6.338102361988028,16.92407900907018,9.471272581325987,182.0
11.885798881809647,5.990825531561098,7.036255142429127,15.6828373281862,10.414931286528676,135.0
12.833781036142813,7.976904838370547,6.967274008161025,16.9241960466822,13.094910855436936,121.0
16.00048523536641,5.733159926756175,8.290165171889157,14.619405147053207,11.336014157974569,128.0
18.21926907608304,8.099235471106802,11.560466740633126,17.530806670949843,11.738827287626918,110.0
17.30973592695196,8.700588049586663,12.874295823506285,19.535167282243552,12.851774275203105,111.0
21.147634796073653,11.68515022390203,14.760242738733425,21.867333491147576,13.628606378279505,92.0
18.28961082737451,12.038722838612841,15.35793029978949,21.416694293217308,16.81563615389196,100.0
12.82280042197592,8.628680999010298,13.79180844185398,21.246368497527307,11.035605457139024,93.0
10.321792904418498,9.897540105375533,12.997830824073253,20.847420336963992,9.885866574035997,103.0
10.568079571287646,10.67210517091911,10.999169752855323,20.6283804941602,8.415253555733814,126.0
7.1239253124689474,8.171735710011554,7.238101432240239,15.559519996788763,7.358472555512504,126.0
5.2035619956691725,6.236713032628045,5.775465830671758,14.38538297583078,4.209443483617941,141.0
4.751322843234913,4.961356238994879,5.3910739784528205,16.12756717904462,4.4671294427980675,130.0
10.530145138785738,6.188606705192091,7.664320278458895,17.594337784573835,4.431364660234245,139.0
10.164217423103858,4.680581750620075,6.49682241697199,17.24552543585452,3.9736532462235408,147.0
12.37133011999676,7.503100856615898,10.03211499692853,16.925514816616555,5.009309334315464,121.0
13.765377937785438,6.27787037630594,10.378165796425598,17.456645325443656,6.22878130631962,116.0
16.759695700195483,8.749212175650106,11.255755249785203,18.3341920958774,7.5884965863056815,102.0
16.55324522355482,10.820556201299858,12.798123245233304,18.856874175967047,7.770670978738415,107.0
14.416662121733538,10.282075570592529,13.707802462971236,20.56458104004651,10.688091159926717,104.0
11.266249897338065,8.523713115419762,10.821576330060479,20.17688676649796,6.344950085728029,119.0
12.84129684635997,12.87939283415621,12.692770419595874,19.588876254680404,6.448586012004956,89.0
9.78688359210783,12.193998462326622,12.499647615717604,15.112713148849068,5.219396885715527,117.0
9.028761587296781,12.506805502492075,14.163481120791399,17.328528283981814,8.898769236296957,120.0
7.990029209481506,10.141377510436104,14.700941485633624,16.68039088555679,9.67638864737182,127.0
9.027667414820487,8.263424726660235,12.152248651163307,17.10074275520553,7.9199810549384315,122.0
7.3452639396970785,7.3712263632133155,12.492065257947043,18.816475160469135,7.143353793706231,126.0
5.651442928079101,5.890780939850714,15.045199119112137,17.84005031438101,6.9347684626061445,104.0
9.382527120906978,6.383188586497267,16.23673763076361,19.353172558328023,5.751541978851611,85.0
12.804075007297097,8.675570549821678,18.52573963546737,20.610636125278184,3.326532622876381,101.0
14.062469551205036,12.648863759445803,19.13336232852123,23.80564306956402,6.925086300365444,88.0
14.492452886304669,13.042689669146775,18.340762196334108,24.438613837009843,7.8876270957840315,105.0
13.70539634583925,14.047002645338525,18.792211149805087,22.79221955365602,9.965194945244317,79.0
16.15204705995638,12.502753950232293,20.68955180077844,22.098322758581986,13.725486347050962,80.0
13.462480824900556,14.565961700497187,21.245360815589763,22.59131258773682,14.15679575460199,107.0
12.700852329117641,13.536256909352268,20.05107641976617,25.281715803127103,10.483999466624963,95.0
8.311519983153762,13.526313584046946,19.326482240520264,23.364533027765898,9.833467620855552,115.0
9.34767134420872,15.937448257738517,21.669919409614987,28.32423380025881,12.173652090884342,116.0
9.103408197769241,16.819632337311848,21.145184792959313,26.58523997071205,12.656582437386625,116.0
9.86066857887599,17.490813324421843,20.665522513387824,25.93761720640691,12.797662222325487,108.0
11.646357759299542,15.628633001482092,22.21948579822747,26.857999662220898,14.110984966665349,98.0
10.545626788429097,13.602005675584868,18.8939680573838,22.240870317129836,11.971516396001164,112.0
9.576932390192177,15.693582610198025,17.16489377966693,23.36567920996192,8.2811357499509,108.0
8.796404960947845,15.733260166640974,16.20379149646102,26.039474698081875,7.431486507564102,110.0
9.764737378184192,15.808135768952537,15.790708821108376,23.475182357310256,6.319589741822542,100.0
8.63282399875264,14.226115151020053,14.61989320871843,24.188584271833143,5.155336583709786,91.0
7.385607985429336,12.509025201387388,13.044414615034995,22.224785015066313,4.5300312160027385,89.0
6.8848263029504,11.183854628225435,17.125892497685985,20.90554172726328,5.919444798093014,104.0
11.092339519001714,16.06341148801515,20.756327430485705,24.061501970472115,9.097593461036022,72.0
13.89677871112881,18.094543734932216,21.337988661395304,24.563385376000372,11.333171660137722,94.0
12.084957429623792,15.022050983527478,19.85455291491784,22.504787887739653,11.568634194714708,69.0
13.621762146108257,17.464416500089342,19.67446014517492,24.73692743476559,13.279083366708942,78.0
14.424577568608704,15.244310078206631,21.25378277193375,24.591244988148933,10.265749189926517,76.0
14.065677503901757,17.28701669505559,20.531618494475612,23.18408238616846,11.276956085520025,85.0
16.886811949647434,22.34209125111103,24.913448947557505,27.63619545609187,12.382343665781068,79.0
17.751056931978276,23.609880461375102,27.08893487127368,30.410795305447614,14.95413250981095,81.0
15.712203204839785,22.600801629655628,24.820652545535257,27.590435752685156,16.549774411354836,96.0
19.03255809532235,26.879370961465717,26.507827561833533,32.8747172264976,17.409592091293877,106.0
20.01790921260138,23.16698439854054,26.868975062639215,30.357028358807028,16.376559170003517,121.0
20.796474450981012,23.630671296930466,27.906904998947013,34.53517593441386,16.071912039646296,110.0
19.945094462905573,22.277136802703254,27.00173569408978,33.59739757868371,15.33462667951256,142.0
19.050493777501472,19.645625722306264,23.843838323597147,32.82913308653157,13.098241248815821,125.0
14.827012018628778,18.999959253290495,25.17934648760814,31.847864661599964,11.973730477420848,135.0
11.870473423387448,18.094157215113267,22.72321833887243,31.060003940062302,10.638731575243886,141.0
10.946759686166398,17.436225537172785,22.287379459296485,31.95040765201864,8.924747874540804,134.0
12.804369477788454,19.595904350884762,25.091924174459287,32.675401553198924,8.323679512613236,153.0
11.193578651078562,12.724545562184307,18.887239250302624,29.10406800926864,6.710550268432277,137.0
12.723149227243185,11.585444789726424,17.943067231236245,30.097402338847196,6.887376404581583,128.0
14.925046033165925,10.377525582982337,18.69336760000324,31.898237462140788,7.652985745466529,111.0
16.28454573324735,11.816276149465704,23.88391241778121,35.94742760450009,9.686127813635768,125.0
13.84170848995251,12.454211004847991,23.105728827865835,32.23557450737481,8.701222026525524,119.0
17.04561988464208,15.193770370165295,23.98136759327696,33.55018047890444,8.307733643235885,121.0
14.381868411846572,15.65659600991618,23.424710842430116,29.227033590134695,7.382736396236199,134.0
16.715502992825318,16.57680023299226,23.54756508760643,28.90708435787383,9.764803540206497,106.0
18.004182633555114,17.780232989369505,23.25990684939923,30.164034010109578,11.413056190563694,110.0
19.68625556970619,17.8745964957702,21.415596655736792,29.00914095074413,12.398993953380558,114.0
17.72700015198975,17.4699486419785,20.610266654936094,29.344261528495228,13.284747458479215,134.0
17.927799748071664,19.11187599224597,21.635791028503142,32.59986213976282,16.694765383453444,126.0
16.569115438144273,18.57406398021458,21.72065658162699,33.105304264376606,17.703984372386472,149.0
16.88280840753385,21.32304888033649,26.677379086348466,33.92814572059346,19.063130179401952,164.0
12.445614510216046,18.133034441221334,25.202688556779343,31.006345663863954,15.877681055356646,143.0
9.76212566852095,16.718767883359998,23.89626159721103,30.33080620605372,12.310512551477402,173.0
12.916874635412652,16.661773315787247,25.13508565910892,33.1335592411744,9.987285783398562,136.0
11.624308900611142,17.279829265238675,25.89306162155806,31.374184758417737,9.358845353481172,155.0
9.798099914797147,15.208101519595365,26.00029693354956,30.940990123884685,10.209942508659994,132.0
11.916550358822777,15.700722457585982,25.378109425713713,30.174128898868926,10.964754180296946,125.0
12.30617628493205,15.820999978279994,24.087130210142575,31.926697692892855,13.435159177660863,145.0
11.367131883165348,15.419003139943051,29.116168715460905,33.90535352080086,15.380289504608161,156.0
12.432642382468458,16.86325620778793,26.61503331870322,31.438421264169637,14.053633331797204,172.0
9.067187005167732,21.006405386313002,26.92849683323698,31.40973301235034,13.027753211810037,170.0
11.330679634470135,21.511252689238535,26.60691732972208,33.819108795578074,15.651924922839495,170.0
8.31465944199488,20.80515683910736,25.63321461260672,31.70251005165989,16.562293428642374,144.0
6.934146427439284,20.70028382404181,25.207107061966113,31.328231782637893,15.500159683493019,166.0
11.578458752789949,24.2655158853438,27.5087269910007,34.53370081624652,18.433966597127426,148.0
11.226387993069748,21.913826346075577,27.60917803940256,34.2303383253956,15.38261167132281,195.0
9.784893066174599,19.382050216087876,27.625220641678123,34.21011802596811,15.073944785327596,191.0
13.153192726178176,23.188818067555545,26.85757446970521,35.27725527985833,15.303296586337604,188.0
18.093935299305787,25.0604617319297,29.541611620022994,39.35859634347389,15.8593339233127,157.0
19.710844362419646,21.852613306844038,27.60251641690659,36.152119394046196,13.94952261144115,145.0
22.343913513732964,24.218187525214333,31.909433389040586,37.28732759458455,17.62879050254127,176.0
20.97081782296428,25.28350698718473,29.75173930433273,35.37793257206656,17.986513277675062,171.0
12.204563727869619,21.469784271796133,25.03521244232081,31.225093443198364,14.78823812411701,176.0
13.205684256819886,21.559080029466855,24.019257768287186,28.910081545844847,13.383575677138511,145.0
12.91101031511114,22.323900617014854,27.540654796332024,28.91935239120196,14.768763126989864,109.0
11.021107747687587,21.735003156502643,27.010544226810882,26.954826508735835,13.64714074526193,118.0
10.066305269300045,21.508486444186698,28.655092319485092,26.467047591488974,14.163708490383641,103.0
10.606117614297688,20.923716382700754,28.536338833752,26.07829401115064,14.064822425096414,91.0
9.25233460073151,18.645624441691616,25.860662018729855,26.52356883447725,14.819820136738224,107.0
12.699830808169668,17.545935594624815,26.323190667110268,27.09704768067378,17.95328553543158,99.0
12.4262584256988,17.296777361516153,27.167337226485273,25.07572833934656,15.919512469095245,95.0
16.231582126550606,18.50491671003788,29.525439804460213,30.18453941238972,20.217440268129007,110.0
17.368759854582592,18.072594259572256,26.971903975286423,30.073973374476697,21.48779608329312,137.0
17.91376531747571,21.770807280327677,30.21110915378372,32.00748466348239,22.871357226502106,131.0
26.375740725663302,28.888360562759395,33.58337829663405,34.870632917300675,26.156552572228577,204.0
22.699650612994503,25.695633497573706,32.68438479591715,32.70641559112711,22.84537978460149,227.0
23.309256517960574,28.687865177907177,35.83797570569291,31.947200499700614,24.761164983102436,205.0
24.414158555518842,26.028414910078475,33.991541046772845,31.913819855300027,22.227266775166793,181.0
24.00343807826199,27.476284970974977,35.12402666296816,29.16168405541287,22.360543097324882,173.0
23.801056740215316,29.848497121452393,35.37443602053953,31.6158312767132,22.316299902525326,206.0
20.672021888687038,30.087586926594067,33.65452650455866,27.603558373034023,19.802497470399082,165.0
19.55395457056615,28.07477221214127,33.302941793327214,27.23981897167841,19.86710310384932,161.0
20.207697132999414,28.62556227293227,33.475384620549995,29.150717174746767,21.340925988867415,161.0
17.368676146219613,29.24189432148807,29.123317098414173,29.873817988817528,19.615323996545666,182.0
18.122590376339442,30.44610274103211,27.96840055246673,29.067400082740512,19.666815542644212,179.0
17.635095757932234,27.680567184504724,26.939980398527155,28.73490402643503,17.670698897221627,137.0
18.275136668096383,28.3461318905133,25.083776356187915,28.332397245319385,19.502986234441206,119.0
18.138363333016386,28.87090600822464,23.998100096647935,27.19157868601811,17.65495683277544,89.0
21.371569989767625,31.059159933405216,26.505949847183615,29.609564363389843,21.092056460405033,106.0
24.202299313968656,30.518343078574535,27.07966505784198,33.72123120840227,20.92874073824308,156.0
24.847272107324855,30.05475926582605,23.084463457571946,30.971322733642907,21.79034107047211,161.0
21.36593089924666,29.993839139988598,23.358181816223023,31.35058795935338,20.711174663090972,183.0
19.183398174172726,29.96467221331146,26.345571218259117,32.20242494216864,21.091712145475224,180.0
20.243179200264375,29.99243951863597,29.00002529869474,31.67171112288651,22.068730773669877,189.0
21.46938469938906,28.1684661097024,25.996261258425548,28.425361163123245,21.893835264988354,149.0
24.074865953128757,29.31424293848351,29.71918766792126,28.130438892772652,18.61629376984825,122.0
23.236714992304304,28.28040599116713,28.76986491964597,27.94020947521964,17.81654299461539,124.0
21.172427280214677,29.19389149149153,28.925038192615666,27.10069611311512,19.281234255074995,108.0
22.12474513023779,29.452812691613122,31.116613621271917,27.790628979884644,21.286414205239033,103.0
20.396746392104944,31.273126458496684,32.07627656875078,26.420318780702438,21.725573964468282,150.0
22.146056467726147,31.05003590826878,30.692199904719846,27.43099172558099,22.21155267987394,181.0
24.392560995301828,33.795480949435316,36.07421579102231,31.035093613119095,25.663755144424393,235.0
24.019954510599025,31.800891936184627,33.52483918192129,30.48549973174349,23.092453954327823,277.0
24.433424832139526,29.46859941270437,32.55512571915623,30.14659169389613,23.564699655964763,291.0
25.891863648358257,31.103871331543473,36.06132092501236,32.63127911505931,24.798962629867347,301.0
27.276511680065035,34.98060108490304,35.717732382225186,37.46566552842147,28.142073370390246,334.0
27.81386385120662,35.9849814610202,33.13328498205326,34.75565302083984,26.214772112994684,384.0
28.422295570817067,34.273481125731735,32.69473705888215,34.25930143017001,25.396861577642756,442.0
27.440265821090264,31.98044255505007,32.955072469001806,30.95419858352631,25.236761878865003,518.0
27.8825367418988,31.698348799828427,32.6702038137049,31.654005335529636,24.40903739414163,568.0
32.174127425327214,34.09842720295888,36.12093232406177,33.686797152997165,26.45462709936219,546.0
30.611922473153523,33.88820106936842,34.16871471713073,31.95190115167752,26.379041479461407,501.0
30.227458955783796,35.28920239347562,34.62336473902999,31.454114543619834,28.130395733398508,501.0
29.187990042870762,35.485516168022414,32.73064324257591,34.27340576081315,28.65432980120618,524.0
28.04833297850197,35.884204145106665,34.46440148807965,35.64975035875361,29.802368665543348,545.0
29.940225644211143,33.13813098686159,34.32935120461165,34.71733969616466,30.63410621674849,549.0
32.5194233817971,36.04172772994557,37.00391314306099,34.24006369967161,31.995896364710152,461.0
30.00384763554643,33.57110680312592,34.776304369184814,29.82412709270191,27.59977814791792,430.0
30.891776923736114,30.547245253583203,35.64542986239401,30.965165425695258,27.76270270306488,395.0
31.927205469045205,31.082042366133386,34.55634614627066,29.449242591426007,27.78489654365798,374.0
26.4960231938899,29.822657476483293,29.37553343446057,25.733810865236475,23.922988971399967,277.0
26.43247317589899,32.09150354276101,28.32102446078727,27.973960723059353,26.41027155246276,219.0
26.422320958572833,31.557539600050696,29.448205861174902,27.118040147835753,26.847373799757484,220.0
25.90335725115223,31.878241568070585,29.458658771015457,29.74759674679238,29.429614323011695,232.0
27.957835076413758,32.64045534559313,31.080383905618884,30.421995038015055,29.938947256548406,348.0
27.258740665456706,30.347007317406295,32.07217376665132,28.106506767900132,30.327530333704097,378.0
23.276370593902335,29.0643032684857,30.669309133523548,24.444688450741847,29.226743657493913,306.0
23.927279458309812,31.075149990679,29.10709272937249,24.118048972881986,31.63924265318506,201.0
24.358950965221382,30.83821776586689,28.263226384635054,22.972899146370267,31.106391970582408,174.0
24.207604837363917,29.662305444920076,25.24100422876137,22.359806709773892,29.671026650148676,120.0
24.11012802269918,28.426583887890637,23.637535024002148,21.261827347157656,29.2501657440222,89.0
26.329641635399305,29.11992372585078,25.53532631057015,21.93603563820569,29.429479705219542,95.0
26.6464711403706,29.71776283390912,26.418406202061604,20.122486692422918,30.159105248777156,83.0
26.450099441603935,28.71177068350549,25.35460422485387,22.29879278987833,31.583772569867655,97.0
26.449262412494242,30.30938277229101,26.710272966050493,23.56840860976024,31.71594055302769,94.0
27.231643838115108,28.886185283983906,27.84133055774891,22.896543624473722,28.35576397670081,88.0
28.34223180698541,31.518268679778462,32.02412215779161,22.61200839416174,30.53712463894578,135.0
31.813066342176484,32.760547008793516,29.88452759174037,25.05029700628312,30.21789009848976,194.0
30.041372909295657,33.81731018468128,30.694651948465516,25.232396887954746,30.266081807729115,240.0
29.29264453561872,31.61060539939812,30.133261688314207,24.005171116178563,31.145210772322134,272.0
27.50944917086186,30.05514167869508,28.301748956905843,22.933634551106433,31.46619583887738,229.0
26.595477169555267,29.070903281205695,27.97651388572823,22.123146195932005,28.555134149345594,170.0
26.02763216926315,30.349124476378307,28.269169417053707,19.656689045721627,26.87885538811278,139.0
29.12418518897939,31.662068851817097,26.860987018330697,19.990546471708633,31.084532703110575,127.0
30.620216528607973,34.75591344225199,28.867728165626758,19.12862125693259,32.163081126712925,153.0
33.1827999564926,36.51742910979687,29.163867298121733,22.817788293294363,34.84937077101627,206.0
31.917138085914697,34.2017280627838,27.50286667471083,20.478810456724155,31.946259417716867,189.0
33.15214604721232,34.0584164915685,30.499814296583168,20.58562612474585,34.28776065990707,213.0
31.7785283788924,32.812927351305504,29.773826543571563,20.439627426342817,31.94611485398925,246.0
32.49236421219881,35.05031061757141,34.622962280227505,26.03426361183426,35.533342339414176,252.0
32.33699664772491,32.18892408840642,29.88189000428156,23.299904942274274,32.571312880914526,231.0
34.20906123679154,32.449903834512625,29.22231440866526,25.740698718060674,33.4918981299463,242.0
34.28607874347454,33.124936989220096,28.729084456452085,24.436367496916507,34.041918302194986,258.0
30.786176543768043,30.91034182339041,28.838729130884563,24.156503709054164,32.12491064680956,222.0
30.47070025128898,29.553116863464375,27.288050536921343,24.69292726699325,30.49779245729783,183.0
32.111084300577794,29.718251757263527,29.83419770303367,26.85647464944885,32.06395824946785,158.0
35.083482482753354,33.80326148942193,36.52026675440397,28.964582012161785,36.77391927440074,195.0
31.168942306465976,29.72548360389562,31.74871577253881,23.887003769803123,33.51622108212923,248.0
32.66833630316749,31.817471847724086,30.571671738371016,19.745568079391553,32.484869959028174,258.0
29.788065215558607,31.003092781468222,28.401598259593897,18.734439712017036,30.07913099343942,226.0
28.50015956084374,31.571963256114458,23.572616608690804,19.716816235065163,31.34310692462106,228.0
30.216913596695367,29.856988072106788,24.073485328319617,22.609396198482866,29.225817841506803,166.0
29.77982555907284,31.03176361758691,23.352587036038294,21.87133431649351,30.560700243719424,131.0
26.788267691398516,26.59677131272572,22.198623864651918,19.862152129144583,29.800025356567822,118.0
27.694370691047347,24.369854339230855,20.77375242476335,18.076733526148455,31.594240379129484,98.0
32.14847692715431,25.312151808730924,22.584151654150602,20.005867265721694,31.68457928456701,102.0
30.417969901622445,24.52519865634934,22.22138760234912,20.088254461025443,29.370552648430383,101.0
33.49085555279212,27.935066178196397,24.85560545929264,22.400423745597095,30.24318892073232,104.0
37.33381990745479,32.475412384567775,24.463479153837863,25.18951746571483,36.742902168308255,106.0
36.17417977656587,30.0098354866465,22.76981602340687,23.33191578010826,38.62990663581227,135.0
33.74667060563508,30.05160951383354,23.566029894142893,23.69413510854036,38.526368327337075,117.0
33.49772268570773,28.940715952302693,24.946042399603378,22.42694052919492,34.4529133745067,143.0
27.456137105117858,24.99915109386908,22.264759962265043,17.421252980802183,31.097792229847784,117.0
24.651988203850948,24.147817851021898,20.229495757690035,13.918705246343478,29.934179688172,106.0
26.68213019396832,25.213333161173207,21.20332453850915,15.069105667614272,29.89803012533533,86.0
27.122032010356016,24.133952406103557,20.732778142181502,15.456899807296722,28.531060823132567,68.0
26.939615605077307,26.330166693491666,23.24040173629442,17.040265899625556,31.701183841727858,80.0
26.717691927265776,27.71223508816911,24.21090026457179,18.675035157558035,31.52535726127205,76.0
30.978004435289105,27.729925424642907,28.165878749676388,19.773396683895115,34.34323523871431,77.0
31.025764452544426,28.229524718115158,29.064028723539224,18.53340163859311,33.380171084988454,89.0
30.722786198276772,30.331210275101895,27.816324833235154,18.48582355929797,33.44789225696255,120.0
34.931505689563544,30.136490821669298,30.641221961375727,20.241939539844935,34.253753020118886,129.0
33.95466370393229,28.947329644028937,27.227040344177524,17.85547981691633,32.988937279834936,151.0
31.34810981606565,27.05130320865651,26.169414425887545,13.57601278806472,31.74351008479509,140.0
30.786213414945756,26.622216212463403,25.088852964480914,12.81062609758049,31.010057056386408,137.0
29.600527967295882,25.173696932560524,22.75372555743951,11.062594591754864,28.9144971160513,111.0
30.904150835255578,24.37752776472429,20.161605049459126,10.558690918568278,29.403636490241407,104.0
34.07053217872648,27.331633775782493,20.726281297674426,12.307153871313467,28.949918453612298,82.0
35.401132483417626,30.398928894065026,25.32889813363648,17.10193351061159,32.563894555660696,92.0
33.294764160547494,29.00219977977202,24.56055792334593,14.60053467584336,32.15506457838569,110.0
31.65574343330572,29.825256470548435,25.96062065031172,13.727267494382382,31.18432211232401,130.0
31.50671403773296,30.946368991638963,26.296801355304105,17.968333563531413,34.37966873856746,135.0
27.990787938595652,30.85201727263358,26.420213390953833,17.553542604046164,33.45368555031355,168.0
28.533320594436645,29.716456351532333,25.630438659153867,17.411934522170462,34.031130621586485,154.0
33.240100076529785,31.31919425582742,24.864395398074087,18.04576720760442,38.913629397947794,185.0
32.49136763132586,28.622125481462845,22.262286409734035,15.774180442331687,36.3442880248531,166.0
34.30037488297981,31.147766511306358,23.935986851684074,16.053483422929833,38.40121419275348,178.0
35.780178916246925,31.50985559691673,24.54571216927298,19.545793393083205,39.26677041977207,174.0
34.762600411335306,30.024023802536522,25.13727961950135,13.962243399762295,37.987992634062046,171.0
33.475607701949706,28.159862937325524,23.711969811215823,11.90961839362896,34.52630337118284,117.0
33.25175659530722,26.9683900998477,22.23695988593102,10.95396060089718,34.479297672860206,113.0
30.83384921536816,25.788275358326352,19.69806203386115,12.401906128707292,33.889071620182015,103.0
29.348988252502675,23.731423441517133,19.918736695953793,11.006055222763393,35.96230596112719,106.0
31.766403412217933,22.58518671260161,18.59276076884749,10.041503409293874,34.01148330552372,98.0
32.279485208868834,23.077024690338156,15.193341767431466,10.555250852178805,34.13185994146795,88.0
31.41344847150957,23.943214754793452,15.442320539473045,12.06976601061752,30.01152856395419,97.0
31.286587325297184,23.367245665117423,11.72737877937877,12.96322802988149,31.44961418155451,101.0
31.58870000076006,24.5286347032727,12.946577614943491,14.5828204068494,32.92010225080085,111.0
31.03334705523846,23.8766533703319,16.428106071197504,14.211863201046562,30.278107334011573,126.0
30.18543070136056,22.824743241663608,14.991306186303,12.053414128229928,30.730152832796236,116.0
29.122604953974918,21.416797892036715,13.706935165544635,11.166082774529903,28.624231204613874,160.0
27.40607742325506,21.895651916142945,14.58382793200484,12.258686252951478,27.450475988427176,130.0
28.822911072844967,21.78659742643946,11.54831252784516,10.27182954416573,27.6092702643158,160.0
34.09980767706047,27.1367013515783,12.34399105079957,11.622645557561201,27.806652046276525,141.0
33.76653897414147,24.427265339593045,12.432152976597749,13.168120856573873,24.623098238722406,117.0
36.507500334891766,27.21316878160117,15.844280404687135,12.874316486931372,29.36175595002282,126.0
33.35357705544342,25.849882856897363,13.843989507385608,8.408913509280712,25.951585042494408,141.0
32.975001916449784,26.404900172769445,17.204081947541717,10.254632398862464,28.459415607898457,123.0
30.250417844879088,25.649426601427745,17.342445790499184,11.441760896309445,29.69465365746354,125.0
30.109717143076004,29.574971571596883,18.795557982860114,14.402837635095617,32.7968331857928,137.0
29.15487714704308,27.233714258413464,18.87123945221572,14.52392439057872,30.662126731696908,144.0
26.35330536104899,24.068662721226108,17.690802087720087,15.162241807017104,26.072396619168586,146.0
27.004985990367818,23.086517059606027,17.776999305718586,13.330593436125755,25.128758098494224,124.0
24.812213888875156,22.15581989523846,17.48105292665717,12.058764558969028,23.408737277281794,129.0
26.87173489687531,26.051599817002963,22.185087285964787,13.752707401608474,24.66481829743351,111.0
27.249808393972568,26.49565934388596,22.420832016781596,13.404225740709482,26.71033698795023,116.0
27.04936315493738,26.686683837415693,18.1170908952629,13.307629244710228,28.912302708250134,134.0
28.999000404311737,26.218826504098523,19.825574940501298,15.017395264838559,32.80488129676434,128.0
28.25845062164133,25.116702590631487,19.503328188239834,13.820648629495146,32.45064649751897,96.0
30.698958365735933,26.792813969639695,20.456654690505157,11.866432579520486,27.06176903071497,106.0
28.08520748045241,25.345220495293827,17.642506707314016,10.772110975462434,25.558590529469125,93.0
24.654291973173347,24.538744760756504,14.838319761424273,9.032474391933325,24.806980756873333,100.0
27.483749364344803,25.21174573010152,12.614801528837097,9.641075775965726,25.35614770462981,86.0
24.530854399351004,22.645506085356736,11.604342024218692,11.46079042197105,23.158590294342694,98.0
19.860484505893027,19.051766716497234,10.708982467733316,9.168793185353053,20.895221123142196,84.0
22.833188483950032,19.00583609287403,12.097460894242516,8.459487500584952,23.045913731411712,85.0
27.290628970217025,20.628291643503296,16.205367366546156,10.884481381879551,25.630381652850424,88.0
25.818218847420336,17.88194495682428,12.627293062811523,10.754159029762468,23.811008243120707,88.0
24.13782989021804,15.390044295927789,10.07824605126319,7.533157090108775,21.53509052980963,103.0
24.062029118532283,17.118831013920058,11.977538859594683,6.220502343255552,18.356122958612804,109.0
23.74673673917348,17.89654540751526,10.692578146035588,6.343021311980729,17.571629171430082,126.0
21.975603979928312,13.98418124308815,8.985170874060017,3.992647755489049,16.680915905120184,113.0
20.430134473686902,16.882957410693134,9.217205600609073,7.092596931141003,15.799622358662786,131.0
23.523076940584097,19.053595387702682,9.880122349204548,9.3312787806283,18.48283543057036,138.0
26.44485547858983,19.647452055607527,12.92807729828266,11.689171439987724,20.31769696274202,117.0
22.121198388605404,18.567672852774997,11.101320613483932,10.445181903373477,18.519331557495555,141.0
20.408495655772388,17.854401440663775,8.431948905165656,9.86560000702404,18.426429640628214,147.0
17.290932929482793,14.782023142487967,6.799742744412967,8.532655058013624,18.30817903064022,141.0
17.810523777395144,15.859551193065354,10.947577661492232,10.600612261909323,23.59016468544126,145.0
17.576646669979414,12.187095522686906,8.815810420913426,7.6595217822568555,24.187610729234837,147.0
20.094206092231836,12.19164320897958,8.765852826201716,11.113069563048425,22.11226735761697,141.0
23.430922192329735,15.274818211532239,11.162959535258949,11.356248519952981,22.02672719607898,114.0
23.42773217544762,17.77704313737519,11.028418350719184,11.507781701324483,19.801098349128523,122.0
20.618388051585228,15.46208456206676,10.62421070379606,7.7102210234152135,18.42506033467716,118.0
25.073938666648605,18.36781930777257,13.290587994826833,11.119812545368118,19.6207970429766,111.0
22.728634593491176,20.13809615755893,14.795004672698331,14.02175328879655,21.095879868083333,121.0
23.22182297532112,19.48662697514068,14.793826410871969,16.59645216414025,21.30085094705498,129.0
19.601932152734005,16.923275054600317,13.171273827694584,11.719616340899922,20.195208163799478,131.0
18.12593318197121,12.038830057044377,12.637208668292525,9.668588947538929,17.58920996861996,151.0
18.62982520506391,12.242116466912726,14.41030728096961,11.658944363262066,20.71784876726572,120.0
19.572557224724317,13.984048706500433,13.632938855099809,12.673667236633676,23.35801874395609,116.0
18.975328929238874,11.51189241814718,11.566281007336798,13.158198617977183,20.667750818021588,104.0
17.48889816722036,11.922748662505459,10.978455486221865,14.723507932433204,21.427020401395374,93.0
18.52955977964498,9.400995166234875,7.831087775593534,12.395986996421232,19.955267039886543,80.0
18.085917717231265,7.714046983084188,7.138625627686356,9.837190135602894,19.611931152501416,85.0
14.829758678938846,8.638225261997086,3.734145764332906,8.687657000684682,16.28006313024288,92.0
17.061878461248792,7.810549778181701,6.061559005172026,7.810446631232647,19.64953065560511,126.0
18.447597401718955,7.732700065055958,6.312101023557505,10.447101015789848,17.37240813019373,87.0
18.469048150775137,11.817100937381861,9.263809283702308,9.805651200499504,16.583878850722037,117.0
14.801352078676324,9.926205027872538,5.158142940513752,6.737755482720984,12.637961581300079,103.0
13.16964374393334,10.243215621671823,6.036523475587714,7.899658247608015,11.055403597766745,113.0
10.735868725753015,8.686717853841447,2.2367996976979168,3.4292084666955125,7.914668850049917,134.0
9.583826788849393,7.416419261899691,6.077145645988088,0.6399091922721434,8.145257453426547,147.0
15.400625951052309,8.875368407635381,8.562680480339623,5.225931219360665,13.321700132425715,191.0
15.461271111132683,7.85867911627955,7.7209895681073,4.250055475973248,11.368946563372173,210.0
15.13862483414701,4.762264440154855,5.585609316383975,4.782367144173643,11.98166721606417,206.0
13.861282324751022,6.318064984241093,3.548548324482087,4.817776125699632,11.40442823098512,187.0
14.054284506785185,6.147247202620633,1.9295600379851212,3.5054654242785723,7.722211756892563,191.0
12.487385661559145,6.847763408705349,2.4939928641928573,-0.27601482828366386,7.444835847727205,200.0
13.99680242671333,5.892107134434475,4.144319486321871,-0.34693134314633234,8.563071939025622,240.0
13.243575343005856,6.893985373816863,4.831296193106816,0.8902271373596307,8.582147946148712,215.0
11.804376587523674,5.043044017885222,7.658733092283573,2.957439422476055,10.382231822970166,216.0
10.866113153210877,2.229341746492924,7.082626557901618,3.002894591314976,11.902004921986682,227.0
10.173452617864307,3.3107009257532827,5.895637984905673,3.896879157112937,12.703432099942406,251.0
11.34593864912171,6.927265443154914,9.358401606960207,8.841390171329715,15.116768579215918,261.0
10.965013418700728,4.868401350682939,8.25376624809862,9.43605930010759,13.589849465746948,244.0
13.027789713368934,5.292425284244605,11.325982774667297,10.313529327531823,13.392620609908672,247.0
12.502884993924635,9.473558642625116,11.340724722958054,9.020231154126643,12.250067860685794,202.0
8.649738751618331,8.41022584876148,6.473267274292745,6.790541196947361,9.280540495269044,247.0
12.817315885599108,10.515928333344121,5.060053754626562,5.291860595713361,8.677761597045292,244.0
14.902020746290134,10.866673973482186,2.95415194899838,6.719366509659466,9.383267663894053,235.0
13.703051880638103,10.949866574487139,3.411481775587186,8.121677147736508,13.499593744392037,231.0
12.186330820688836,7.937817402935986,4.645075627668173,6.783030008537512,13.643775179071904,237.0
15.284165423577484,11.76098804107133,10.052224394668063,10.360538523067435,13.20331838484151,239.0
18.452029300305153,12.657194374022097,12.904182487177962,13.38221201526361,16.08207952606853,213.0
15.418145546088642,8.905990875579771,9.433971706757555,11.533808946213133,14.791666844147562,206.0
15.88337228259908,10.195586241020607,10.237711616741866,13.359379084147232,14.6011541942158,181.0
14.60283079992854,8.950388963456861,13.157350672485968,14.672743592467281,16.432013166026515,190.0
10.726637435775705,7.437977938293814,15.11175515086078,12.060746686070416,14.618192373755697,166.0
8.618143276234063,1.328359304375347,11.0488267922537,4.533308439901237,8.958376457882887,216.0
9.891034259087103,2.0519439762389524,8.81619368049539,3.5694128238553358,11.126266136687807,185.0
7.600023264411863,2.4391683545182348,8.74958678443949,3.9730208951385304,12.066864294646068,177.0
8.010247560196627,1.0139412585285275,9.493636856180602,6.5121979676291195,10.367768403627158,168.0
8.784383910707833,3.162502330203867,7.306964135814137,9.066208992092262,7.96465603714579,169.0
8.673536283677667,2.5683738925084363,5.584844153028369,7.3579278976267215,5.935094736750299,145.0
7.781466364244256,3.952008823949825,5.323277192491545,6.936752642725351,7.964362068844873,134.0
3.1942088633248247,-0.3508146571363664,-0.48256588181609317,7.923896022538561,6.679134319968847,175.0
4.050523919932643,0.4290749620170491,1.2613372093231536,10.45933442028598,8.02033151110669,204.0
-0.7487168413857805,0.1663794347480696,-1.6795859207344286,8.649272950899356,5.907145577909446,249.0
-1.208268031907366,0.6124513735275539,1.8347153096841327,5.387238559269189,2.7481256476953764,254.0
0.040893936298365574,0.5383980770569075,2.4899715712628936,4.451531410788126,1.2443777174521973,294.0
-1.0275027875241278,-0.17776464423737615,0.3347993660928861,2.1953294821652207,-1.2375207247099844,287.0
3.4242794944667025,2.240440023696519,5.961352143243042,4.346403349801655,1.671295431560024,280.0
7.473737171477876,5.7360846528260225,7.882963786897307,5.16684824562785,4.270350838800298,305.0
7.126295265126753,8.880595372634307,7.6953947478594245,7.2471200987904165,6.489276392816819,284.0
5.992414621508505,8.94398117048528,6.626265042236382,4.924901743686203,6.882757187786902,248.0
3.7649731664778443,8.347058677708183,7.9959368997571065,4.688051222510813,8.15290372951196,283.0
6.167297148008366,6.473552068269115,10.899013350951165,8.7759448292876,9.014162867214928,305.0
4.634525684669407,3.9635672902228034,12.595564653164491,9.82268674584344,6.845269423950905,268.0
1.6768183832019279,2.0606895853605876,7.267287723490585,10.606600671707636,4.612968005384184,287.0
3.6746853891606186,4.685670380918838,9.38799327769566,14.121389324497818,9.925555854156876,271.0
5.2072164150747104,6.80218390040257,7.682033693596205,16.27674795586717,9.309634209653979,257.0
6.742082253365627,6.6475552417565655,9.329695219202414,15.377805891550214,7.317347965746121,262.0
6.436621181502691,8.300548617990732,10.779385590478343,14.268400490048462,6.715725838703127,273.0
6.045893960759766,5.497778061835447,10.576275784899817,13.809787592468677,8.436482104708247,231.0
5.874635297036838,5.315064186863555,8.79476020736652,14.359031222511861,8.651162356035854,255.0
4.091370701117537,7.635760708759663,6.913799255567062,13.311904303694407,7.458690210729968,242.0
2.201496182208526,7.9816161948313935,7.372304475407441,14.33342725796933,9.573443970908285,243.0
5.155495141749501,8.983173613365139,6.490992877878099,14.990186762699027,9.462147655492835,215.0
9.643020856281215,10.323234951951045,9.091247647829979,16.739871933327006,12.005838062412828,164.0
10.43433816285855,10.007354950969118,7.4741993754385,19.041196158501414,14.694420303860246,176.0
8.401629154767432,8.5156429897832,5.886047716539795,17.533666390287394,11.234366399692158,148.0
3.5388395195527433,4.478155264111674,5.45704557390709,14.553005553362597,6.254119903187554,157.0
6.208787720197021,5.73100232743565,10.526597664957059,15.602241797298008,7.899127186340204,165.0
7.98768133149125,6.095055261372385,10.26422617889122,17.414323523460588,9.33576866363008,149.0
5.936640831147867,5.237703588587757,8.171752649610106,17.08834728006839,8.320440074296322,157.0
8.366493725124629,4.953391546615732,8.514087627013266,18.962669243986987,8.877783789018846,134.0
9.536873240215845,5.668307433879328,9.966741524490725,19.29783865158478,10.600365061980003,112.0
5.127038315433323,8.818748095593422,7.4691692387816975,16.854291384085982,9.581103272313868,136.0
4.9998407131262095,7.724742169880003,10.948928118886839,16.121049460695108,8.137957512341938,126.0
8.590344618081126,14.081311084470887,12.74732034324403,16.98844436113454,12.39276780816061,136.0
9.863846348623966,9.849966375926043,11.004935739687522,18.38250254758993,12.450790769116473,128.0
8.549104078153563,6.299416780528476,8.914887570521024,17.36228565228372,10.833537829197486,144.0
7.192479086768826,8.997467930999083,9.4756123505318,16.35063030981635,12.584746653959435,126.0
7.193111153844654,10.91338128705957,8.805044131104017,15.180290173005941,11.727666728725731,141.0
