"value","lag","rr","lo","hi"
0,0,1.04708532894863,0.986496983402016,1.10688826373163
0.2,0,1.04709874518306,0.986961110604553,1.10628383243182
0.4,0,1.0471052837318,0.987543977033205,1.10566319887153
0.6,0,1.04710417080109,0.9884478645889,1.10491527692005
0.8,0,1.04709462586368,0.989275102862892,1.10424140704638
1,0,1.04707586932587,0.990096643926067,1.1034545063833
1.2,0,1.04704713090197,0.990631800516429,1.10261739604375
1.4,0,1.04700765864424,0.991292287767362,1.10174545891361
1.6,0,1.04695672856135,0.992071957030565,1.10086742577285
1.8,0,1.04689365474169,0.992831255983082,1.10009501810244
2,0,1.04681779988187,0.993421515454075,1.09942868281101
2.2,0,1.04672858610432,0.994249945998944,1.09905932816195
2.4,0,1.04662550593156,0.995007351147967,1.09847668628299
2.6,0,1.04650813326938,0.995867909110134,1.09753522688344
2.8,0,1.04637613423651,0.996397172265274,1.09655395273832
3,0,1.04622927766465,0.996918057978266,1.09559985196717
3.2,0,1.04606744508116,0.997891053962242,1.09472297075205
3.4,0,1.04589063997639,0.998235702902281,1.09385127949608
3.6,0,1.0456989961499,0.998639330576937,1.09275900902138
3.8,0,1.04549278492454,0.999028178191101,1.09151914064454
4,0,1.0452724210148,0.999429116294194,1.09071893495586
4.2,0,1.04503846683658,0.999926390357128,1.09000073885718
4.4,0,1.04479163504927,1.00043253634739,1.08912711197688
4.6,0,1.04453278912905,1.00095374026922,1.08776147543161
4.8,0,1.04426294178317,1.00110957247975,1.08668529844702
5,0,1.04398325103057,1.00145284083791,1.08524574503995
5.2,0,1.04369501379349,1.0020666951544,1.08396905041386
5.4,0,1.04339965686782,1.00281996470095,1.08257526162732
5.6,0,1.04309872516767,1.0034085789052,1.0812995527032
5.8,0,1.04279386717119,1.0037644565469,1.07995416585279
6,0,1.04248681752971,1.00460512598304,1.07860181131913
6.2,0,1.04217937684232,1.00475021333253,1.07728006518109
6.4,0,1.04187338864027,1.00516057221392,1.07601550659715
6.6,0,1.04157071367257,1.00547217675178,1.07473183733909
6.8,0,1.04127320163346,1.00579808992005,1.07343330146575
7,0,1.04098266052488,1.00593750607762,1.07230164149411
7.2,0,1.04070082390207,1.00636935690401,1.07174612450429
7.4,0,1.04042931630708,1.00722180548588,1.07062198056207
7.6,0,1.04016961725357,1.00760123592346,1.06981189450159
7.8,0,1.03992302418502,1.00804281473657,1.06909371645446
8,0,1.03969061488826,1.00855400607436,1.0681226149354
8.2,0,1.03947320990241,1.00890938409097,1.06704413689171
8.4,0,1.03927133552059,1.00924488795835,1.06597842054467
8.6,0,1.03908518803587,1.0097704494099,1.06482125096187
8.8,0,1.03891459993317,1.01025539764479,1.06398021239757
9,0,1.03875900877378,1.01086726937569,1.06311503789402
9.2,0,1.03861742955681,1.01145086798729,1.06237316210002
9.4,0,1.0384884313708,1.0116818828354,1.06159240868412
9.6,0,1.03837011916718,1.01212165104805,1.06075536271021
9.8,0,1.03826012149196,1.01252780868211,1.06000710198719
10,0,1.03815558500247,1.01285916819623,1.05974909191083
10.2,0,1.03805317656822,1.01302150234426,1.05948928153251
10.4,0,1.0379490937076,1.01297939822161,1.05927296708025
10.6,0,1.03783908404268,1.01331731048264,1.05895780039429
10.8,0,1.0377184743611,1.01372350264502,1.05842240103621
11,0,1.03758220975431,1.01413281868326,1.05787051923434
11.2,0,1.03742490315549,1.01456082260961,1.05750767893958
11.4,0,1.03724089542673,1.01475901315339,1.0566386478995
11.6,0,1.03702432594387,1.01490875490571,1.05580689288314
11.8,0,1.03676921340077,1.01505304220953,1.0552235342353
12,0,1.03646954630419,1.01528875146396,1.05463632003208
12.2,0,1.03611938236022,1.01555702304221,1.05407992258832
12.4,0,1.03571295566821,1.01584875812933,1.05360704116341
12.6,0,1.03524479034441,1.01598993286625,1.05294150091896
12.8,0,1.03470981890323,1.01585370048583,1.0524018234334
13,0,1.03410350343798,1.0159978997534,1.05170394600122
13.2,0,1.03342195737472,1.0158428871496,1.05066157932434
13.4,0,1.03266206533338,1.01564215611371,1.04977831414356
13.6,0,1.03182159843042,1.01526854553241,1.04878124780934
13.8,0,1.03089932220756,1.01477595214725,1.04749466078896
14,0,1.02989509428196,1.01449308239185,1.04659418949924
14.2,0,1.02880994879264,1.01376992134315,1.04541591030233
14.4,0,1.02764616477451,1.0131795766377,1.04409142184114
14.6,0,1.02640731572792,1.01248223335249,1.04247441369785
14.8,0,1.0250982978721,1.01168490743636,1.04080076153917
15,0,1.0237253348735,1.01072008035636,1.03909199684614
15.2,0,1.02229595722039,1.00974645896791,1.03734362012966
15.4,0,1.02081895486794,1.00876939521302,1.03549571518712
15.6,0,1.01930430229113,1.00774387121799,1.03375930271089
15.8,0,1.01776305564613,1.00659121410997,1.03186132507764
16,0,1.01620722233878,1.0055539011142,1.02990105383571
16.2,0,1.01464960391709,1.00445589547843,1.02782457671238
16.4,0,1.0131036138276,1.00331043280453,1.02580601801688
16.6,0,1.01158307218796,1.00229638846034,1.02368096001969
16.8,0,1.01010198031703,1.001190342615,1.0215422873511
17,0,1.00867427831719,1.00014809810796,1.01946621813888
17.2,0,1.00731358951181,0.999282543649565,1.01748263446422
17.4,0,1.00603295599836,0.998533598090378,1.01562681077668
17.6,0,1.00484456997827,0.997929518520411,1.01377155613703
17.8,0,1.00375950586834,0.997351719395578,1.01204040048207
18,0,1.00278745848239,0.9969032695726,1.01047997478355
18.2,0,1.00193649279722,0.996616364152747,1.00901466043766
18.4,0,1.00121281098226,0.996460204897049,1.00752360286461
18.6,0,1.00062054247432,0.996479820274939,1.0062055294557
18.8,0,1.00016156291427,0.996597721981128,1.0050090026141
19,0,0.99983534771989,0.996815844394132,1.00390828476127
19.2,0,0.999638865936947,0.997207682376348,1.00291961498415
19.4,0,0.999566519771166,0.997720471940245,1.00203810248018
19.6,0,0.999610134834564,0.998365616405595,1.00128772011062
19.8,0,0.999759005617833,0.999132587983741,1.00060574407773
20,0,1,1,1
20.2,0,1.00031772570403,0.999458598304231,1.00094875602001
20.4,0,1.00069476048361,0.998970914916787,1.00196892323542
20.6,0,1.00111194647064,0.998531500694865,1.00303895457416
20.8,0,1.0015487475269,0.998059638972665,1.00413420449467
21,0,1.00198366664164,0.997593782766954,1.00523391731966
21.2,0,1.00239471843586,0.99715118512132,1.00637289021395
21.4,0,1.00275994972666,0.996605741854116,1.00743293797448
21.6,0,1.00305799894711,0.996075796496173,1.00850178666505
21.8,0,1.00326868310262,0.99543429157556,1.00947775754097
22,0,1.00337359898244,0.99470603174081,1.0103625804739
22.2,0,1.0033567236543,0.993853859577269,1.01116053294079
22.4,0,1.00320499797186,0.99291434787388,1.01189007980823
22.6,0,1.00290887603144,0.991846478467217,1.01246271880688
22.8,0,1.00246282332279,0.99060963012811,1.0128422914012
23,0,1.00186574679571,0.989162360500194,1.01303801263975
23.2,0,1.00112134124207,0.987527396140082,1.01316209222951
23.4,0,1.00023833825879,0.985703009942095,1.01313907034642
23.6,0,0.99923064655441,0.983745211389514,1.01303542602505
23.8,0,0.998117375385235,0.981712988437325,1.01267895702716
24,0,0.996922736313497,0.979682647617584,1.01228189075197
24.2,0,0.995675822093078,0.977701010605395,1.01187632049194
24.4,0,0.994410265115067,0.975575028888145,1.01145537031504
24.6,0,0.993163781288267,0.9733546685932,1.01104892337952
24.8,0,0.991977608304656,0.971401345615183,1.01044444099948
25,0,0.99089584979182,0.969686594574159,1.01006089866151
25.2,0,0.989964738768885,0.968117314350183,1.0099779206043
25.4,0,0.989231835038061,0.966871636255055,1.00992184259149
25.6,0,0.988745171654333,0.965840264723416,1.0101505749934
25.8,0,0.98855236547206,0.965158022805691,1.01091313662165
26,0,0.98869970607282,0.964835482836277,1.01185658663789
26.2,0,0.98923123627901,0.964781854942187,1.01299425558304
26.4,0,0.990187836129612,0.965245335555246,1.01459581010549
26.6,0,0.991606320830576,0.966148346993525,1.01661173859169
26.8,0,0.993518561985448,0.967403401125437,1.0191162356285
27,0,0.995950640540003,0.969367081491628,1.02255530300761
27.2,0,0.998922039486062,0.971626676225021,1.02648589357645
27.4,0,1.00244488457009,0.974296535226851,1.03122737965738
27.6,0,1.00652324209438,0.977812234843902,1.03646399572576
27.8,0,1.01115248437337,0.981572827069407,1.04213305121988
28,0,1.0163187354399,0.985772125108443,1.04802723600599
28.2,0,1.02199841203987,0.990863939757278,1.05445366346587
28.4,0,1.02815787759586,0.996758367241519,1.06156639915332
28.6,0,1.03475322938309,1.00274226565729,1.06891741009424
28.8,0,1.04173024131505,1.00900358852072,1.07692084837766
29,0,1.04902448611266,1.01577252925988,1.08539825151486
29.2,0,1.05656166084836,1.02300324634586,1.09364759479141
29.4,0,1.0642581385457,1.03014587108033,1.10224399873963
29.6,0,1.07202176535593,1.03729558383886,1.11080378024195
29.8,0,1.07975291759395,1.04443903738646,1.11930939223819
30,0,1.08734582549329,1.05121445762047,1.12736789408818
30.2,0,1.09469016099572,1.05788639926055,1.13524209198934
30.4,0,1.1016728754853,1.06429956048856,1.14272952462651
30.6,0,1.10818026057888,1.07038466879453,1.14965278852014
30.8,0,1.1141001915757,1.07556647795499,1.15592600042563
31,0,1.11932449980914,1.08051736424826,1.16133926768935
31.2,0,1.12375140792611,1.08458768353308,1.16615700668394
31.4,0,1.12728795209063,1.08763097618549,1.16989498263328
31.6,0,1.12985230827405,1.08987077643015,1.17295306018428
31.8,0,1.13137593701559,1.0912252403562,1.17515530542243
32,0,1.13180546292715,1.09128658923137,1.17604103924426
32.2,0,1.13110421205124,1.09040645885212,1.17567929963805
32.4,0,1.12925334184472,1.08817677216208,1.17397337530406
32.6,0,1.12625251452016,1.0849532155938,1.17114514530409
32.8,0,1.12212008381141,1.08036657454438,1.16776721550677
33,0,1.11689278670027,1.0746754057763,1.16258803722434
33.2,0,1.11062495379911,1.0686411454997,1.15638614065464
33.4,0,1.10338727340695,1.06200807418226,1.1492734982466
33.6,0,1.09526516329365,1.05417926701942,1.14169444769938
33.8,0,1.08635681977522,1.04566847339759,1.13290168702645
34,0,1.07677102469956,1.03612764762941,1.12369296889268
34.2,0,1.06662479703738,1.02595851418575,1.11362525294371
34.4,0,1.05604097675774,1.01595547234028,1.10334403924785
34.6,0,1.04514582485677,1.00538801556777,1.09269692094225
34.8,0,1.03406671544163,0.994199576672719,1.08161193170198
35,0,1.02292998454411,0.982876057445748,1.07068262856117
35.2,0,1.01185898689693,0.971974212430575,1.05989775394008
35.4,0,1.00097239734128,0.961138770920314,1.04901980842378
35.6,0,0.990382778880409,0.950269669349846,1.03838197721322
35.8,0,0.980195425554804,0.940129939475821,1.02824211968486
36,0,0.970507476002816,0.930137215358866,1.01848984988654
36.2,0,0.961407283287218,0.920303180319983,1.0092627912297
36.4,0,0.95297401859473,0.911734436536131,1.00072279372603
36.6,0,0.945277480834042,0.904804637210333,0.992974044840609
36.8,0,0.938378080881475,0.897893883051072,0.985773330304811
37,0,0.932326968035795,0.891130631602303,0.979688894793615
37.2,0,0.927166266842076,0.886280519924194,0.975098154463747
37.4,0,0.922929394478498,0.882332962949714,0.970843654492347
37.6,0,0.919641432005366,0.878639536482787,0.967939405401066
37.8,0,0.917319526602561,0.875387227925241,0.966566246730308
38,0,0.91597330615145,0.873152993197057,0.965757237102569
38.2,0,0.915605291875642,0.872014833139241,0.966254829070242
38.4,0,0.916211299014905,0.872110045704063,0.967615627474733
38.6,0,0.917780819490594,0.872674496063296,0.969229104497767
38.8,0,0.920297384095306,0.874641605012855,0.971059336614883
39,0,0.923738904811338,0.877151059054334,0.975354596899889
39.2,0,0.928078000371616,0.880211955487387,0.979851727721653
39.4,0,0.933282310092036,0.884800595283581,0.987279081777136
39.6,0,0.939314802316238,0.889999631958167,0.994191999800601
39.8,0,0.946134084533895,0.895565369841113,1.00189795851397
40,0,0.953694722388094,0.901367841382454,1.00987013894578
0,1,1.10090749087224,1.05709644829715,1.13862457124345
0.2,1,1.10046248763971,1.05681354086031,1.13781787815852
0.4,1,1.09998408810924,1.05660094013861,1.13733217359346
0.6,1,1.0994709064901,1.05615516045745,1.13650261250199
0.8,1,1.09892161656061,1.05596100875526,1.13580057283349
1,1,1.0983349660072,1.05588602610084,1.13481039581027
1.2,1,1.09770979127065,1.05576753130798,1.13326425191835
1.4,1,1.09704503277223,1.0555554108004,1.13230780664889
1.6,1,1.0963397503755,1.0552282761306,1.13147532784203
1.8,1,1.09559313892341,1.05492024537964,1.13043402843448
2,1,1.0948045436751,1.0546245495592,1.12932587529214
2.2,1,1.09397347545263,1.05432475447864,1.12815803862498
2.4,1,1.09309962529547,1.05396143017555,1.12679826962028
2.6,1,1.09218287840992,1.05353826819481,1.12525075496666
2.8,1,1.09122332719189,1.05302761393268,1.12388148972951
3,1,1.09022128309582,1.05255241381908,1.12251789450198
3.2,1,1.08917728711895,1.05205074535754,1.12085798281479
3.4,1,1.08809211866983,1.05135699927721,1.1193636811184
3.6,1,1.08696680259294,1.05071282776754,1.1181003268666
3.8,1,1.08580261412735,1.05000722448864,1.116566073611
4,1,1.08460108158707,1.04932850349478,1.11474507874035
4.2,1,1.08336398656383,1.04864988920603,1.11319394096736
4.4,1,1.08209336146995,1.04811339069218,1.11135993570846
4.6,1,1.08079148425906,1.0476885474219,1.10973322747383
4.8,1,1.07946087018638,1.04717230353715,1.10779349157522
5,1,1.07810426049738,1.04617644653995,1.10595824908979
5.2,1,1.07672460796386,1.04547168774758,1.10419017387549
5.4,1,1.07532505922026,1.04484772731638,1.10221350512503
5.6,1,1.07390893388868,1.04394466786931,1.10013068340053
5.8,1,1.0724797005207,1.04331349681494,1.09806358137028
6,1,1.07104094942432,1.04246780825439,1.09617138535584
6.2,1,1.06959636248826,1.04163106443125,1.0941792575657
6.4,1,1.06814968016058,1.04081623897811,1.09250743534962
6.6,1,1.066704665785,1.03998257461768,1.09088361763222
6.8,1,1.06526506754615,1.03924601823284,1.08900347974931
7,1,1.06383457832348,1.03847050478179,1.08720404876044
7.2,1,1.06241679380296,1.03788022773919,1.08540032059014
7.4,1,1.06101516924492,1.03732523170059,1.08365260277439
7.6,1,1.05963297535615,1.03677286024916,1.0817650847001
7.8,1,1.05827325376306,1.03604242583162,1.0799404745989
8,1,1.05693877263061,1.03519400564909,1.07829415878661
8.2,1,1.05563198301834,1.03452906934466,1.07653477923821
8.4,1,1.05435497660874,1.03382336925092,1.07485714448892
8.6,1,1.05310944548439,1.03314943733512,1.07327052989915
8.8,1,1.05189664466737,1.03241050354609,1.07187560464148
9,1,1.05071735816634,1.03181583855922,1.07032474652801
9.2,1,1.04957186930196,1.0311617261003,1.06869593944065
9.4,1,1.0484599360988,1.03071674798105,1.06719337794952
9.6,1,1.04738077253916,1.03038596302294,1.06584349814539
9.8,1,1.04633303647015,1.02991015365149,1.06443526037971
10,1,1.04531482493717,1.02907007282702,1.0631583006084
10.2,1,1.0443236776832,1.02860945297227,1.06180293538224
10.4,1,1.04335658950056,1.02811352784609,1.06038068593719
10.6,1,1.04241003204984,1.02743354989896,1.05905267377882
10.8,1,1.04147998566528,1.02686894433078,1.05759137880564
11,1,1.04056198154739,1.02625681347906,1.0563785162121
11.2,1,1.03965115459916,1.02561991449437,1.05516070750285
11.4,1,1.03874230699233,1.02498695070091,1.05393555164367
11.6,1,1.03782998235468,1.02442473966786,1.0527169626314
11.8,1,1.03690855024876,1.02373015003863,1.05150864002112
12,1,1.03597230037018,1.02294071747188,1.05031476554617
12.2,1,1.0350155456322,1.02234461847947,1.0490460612143
12.4,1,1.03403273302745,1.02158459041473,1.04776996928453
12.6,1,1.03301856087458,1.02080291026671,1.04643835715864
12.8,1,1.03196810077296,1.01983621878272,1.04506809881472
13,1,1.03087692231283,1.01883411810338,1.04373897575827
13.2,1,1.02974121832941,1.01793606892074,1.04243233138138
13.4,1,1.02855792825875,1.01687366659468,1.04115828518137
13.6,1,1.02732485696088,1.01575041291192,1.03978530110086
13.8,1,1.0260407862318,1.01454841798996,1.03836478227441
14,1,1.02470557614124,1.01326888770539,1.03683658813002
14.2,1,1.02332025331482,1.01192661435975,1.03545651028623
14.4,1,1.02188708333557,1.0105941868129,1.0340942291447
14.6,1,1.02040962457398,1.00940924829753,1.03230039170826
14.8,1,1.01889276097148,1.00802566926705,1.03056309170538
15,1,1.01734271159675,1.0067093602274,1.02870490731844
15.2,1,1.01576701516541,1.0052781700167,1.02692505874759
15.4,1,1.01417448815283,1.00387670638163,1.02516445461378
15.6,1,1.01257515562907,1.00245707191537,1.02328862124668
15.8,1,1.01098015449066,1.00109322953395,1.02135856577849
16,1,1.0094016093433,0.9997466932375,1.0195288177595
16.2,1,1.00785248188811,0.998527499998211,1.01773719588881
16.4,1,1.00634639526512,0.997335818178872,1.01597085644504
16.6,1,1.00489743539919,0.996215211154388,1.01426087068368
16.8,1,1.0035199319604,0.995209401571748,1.01255902805796
17,1,1.00222822208314,0.994403352102556,1.01089159677875
17.2,1,1.00103640047663,0.993674327088322,1.00931307366359
17.4,1,0.999958059998636,0.993011240302906,1.00778895914547
17.6,1,0.999006027149604,0.992565076605611,1.00626688534078
17.8,1,0.9981920972757,0.992277446801921,1.00492369230383
18,1,0.997526774545945,0.992050793072778,1.00371482819141
18.2,1,0.99701902199167,0.992071846661618,1.00263825027865
18.4,1,0.996676027066199,0.9922317763077,1.00168557357139
18.6,1,0.996502988297648,0.992593556056744,1.00090164173094
18.8,1,0.99650292866388,0.993129888614797,1.00028096404952
19,1,0.996676541308548,0.993847439411141,0.999835785912046
19.2,1,0.99702207312796,0.994750269304946,0.999535799912564
19.4,1,0.997535251574691,0.995821243212639,0.999437194118626
19.6,1,0.998209259723458,0.997062359157724,0.999480481574332
19.8,1,0.999034764204135,0.998462165033213,0.999667857662803
20,1,1,1,1
20.2,1,1.00109091531082,1.00045661228631,1.00166791804724
20.4,1,1.00229137866897,1.00103032593343,1.00343816953879
20.6,1,1.00358344925734,1.00168477283783,1.00529865878073
20.8,1,1.00494770990682,1.00235485119142,1.00726694394677
21,1,1.00636366055839,1.00309091062918,1.00929558395937
21.2,1,1.00781016808746,1.0038404119638,1.01134829148576
21.4,1,1.00926596635417,1.00454940765982,1.01338943422587
21.6,1,1.01071019822769,1.00522599244591,1.01545615717506
21.8,1,1.01212298922375,1.00582477731159,1.0175651021179
22,1,1.01348604039341,1.00623308721858,1.01967917263322
22.2,1,1.01478322632287,1.00663206787304,1.02170680758634
22.4,1,1.01600118266576,1.00707810692289,1.02368328844959
22.6,1,1.0171298666455,1.00738623959502,1.02557938536996
22.8,1,1.01816307353489,1.0074578661796,1.02733945956548
23,1,1.01909889231799,1.00741740128121,1.02891532719702
23.2,1,1.01994008460902,1.00741365647057,1.03046749984556
23.4,1,1.02069437244401,1.00731750969069,1.03181229749408
23.6,1,1.02137462273417,1.00712846985892,1.03304112141039
23.8,1,1.02199891888513,1.00690568408057,1.03415335474302
24,1,1.02259051321878,1.00663693672483,1.03521127735086
24.2,1,1.02317765722177,1.00631690380021,1.03631890860757
24.4,1,1.02379331010663,1.0061704743864,1.0376035849921
24.6,1,1.02447472951875,1.00616135019994,1.0388640892889
24.8,1,1.02526295127533,1.00628827687665,1.04033239393461
25,1,1.02620216762502,1.00640485869146,1.04187062842714
25.2,1,1.02733901554969,1.00663429800288,1.04355433130084
25.4,1,1.02872178802327,1.00739216081523,1.04544937184916
25.6,1,1.03039958187912,1.00858753481135,1.04773322004795
25.8,1,1.03242139605566,1.00966311188612,1.05032060510036
26,1,1.03483519358306,1.01108222652349,1.0532841028181
26.2,1,1.03768693987652,1.01311821165809,1.05655282058355
26.4,1,1.04101962888453,1.01579744720606,1.06038827350113
26.6,1,1.04487230759454,1.01911634058607,1.06489329177106
26.8,1,1.04927910851683,1.02293207387762,1.06968608313373
27,1,1.05426829923462,1.02713814238074,1.07480592581905
27.2,1,1.05986135808125,1.03216977379147,1.08067059695025
27.4,1,1.06607208559966,1.03764896666335,1.08729134093281
27.6,1,1.07290576271898,1.04386822460165,1.09418021600597
27.8,1,1.08035836854655,1.05073179295969,1.10223275089289
28,1,1.08841587324896,1.05806971618767,1.11091870529938
28.2,1,1.09705362453365,1.0660047464917,1.12002881105916
28.4,1,1.10623584951543,1.07449074888421,1.12969158687881
28.6,1,1.11591529695885,1.0833317014722,1.14003329163293
28.8,1,1.12603304765914,1.09269182464223,1.15060825058644
29,1,1.13651852264456,1.10242237817928,1.16172335593204
29.2,1,1.14728971950793,1.11256504047681,1.17315029533307
29.4,1,1.15825370606658,1.12301468989165,1.18486428847017
29.6,1,1.16930739731784,1.13352364886349,1.19629224516038
29.8,1,1.18033863599812,1.14392336220456,1.20791598791148
30,1,1.19122758881055,1.15408533610863,1.21932978918708
30.2,1,1.20184845958152,1.16403167276597,1.23040020728342
30.4,1,1.21207150749462,1.17407344021388,1.24095657899183
30.6,1,1.22176534362939,1.18371398937898,1.2511367988477
30.8,1,1.23079946305383,1.19255377032568,1.26081254399546
31,1,1.23904695366075,1.19973743220304,1.2697244827704
31.2,1,1.246387307945,1.2063848498865,1.27742800061701
31.4,1,1.25270925122596,1.21225445620692,1.2843099108904
31.6,1,1.25791349063726,1.21682423641707,1.28985584108454
31.8,1,1.26191528459879,1.22055597320201,1.29408528328975
32,1,1.26464673325174,1.2236297942333,1.29714874440905
32.2,1,1.26605869689275,1.22546287496652,1.29909512841388
32.4,1,1.26612226175397,1.22612326471296,1.29922504475337
32.6,1,1.2648296900167,1.22485292344335,1.29802957197775
32.8,1,1.26219481272598,1.22205497619257,1.29534659881627
33,1,1.2582528489062,1.21833034223674,1.2915254582801
33.2,1,1.25305966000312,1.21374352360291,1.28611163483874
33.4,1,1.24669047401748,1.20761690537671,1.27962318732891
33.6,1,1.23923813662316,1.20027816095426,1.27238473488232
33.8,1,1.23081096566532,1.1922294765443,1.26416243984567
34,1,1.22153029955181,1.18314906126527,1.2545173153151
34.2,1,1.21152783847096,1.17343864829603,1.2437939125462
34.4,1,1.20094287986591,1.16329412757162,1.23288922838785
34.6,1,1.18991954642419,1.15258956350562,1.22182728690211
34.8,1,1.17860409667029,1.14135460392711,1.21094839841911
35,1,1.16714239606804,1.12987120328436,1.19931134407353
35.2,1,1.15567761153606,1.11862285379268,1.18773147110941
35.4,1,1.14434817571381,1.10760450529446,1.17632407741502
35.6,1,1.13328605040495,1.09697753944449,1.16483188140468
35.8,1,1.12261530244601,1.08700606279151,1.15399146572971
36,1,1.11245099067243,1.07732349134798,1.1437742141054
36.2,1,1.10289835030646,1.06755317315235,1.13478956272594
36.4,1,1.09405225134672,1.05835940113764,1.12550564344255
36.6,1,1.08599690053437,1.05016882533556,1.11730858737795
36.8,1,1.0788057521433,1.04289998466836,1.1106798473311
37,1,1.07254159096812,1.03647453502554,1.10493064188812
37.2,1,1.06725675113485,1.03087193557909,1.09951959568064
37.4,1,1.06299343634039,1.02603577526662,1.0958807521339
37.6,1,1.05978411042237,1.0223550967543,1.09283100276044
37.8,1,1.05765193136409,1.02000380196579,1.09084920562448
38,1,1.05661120657674,1.01839837092114,1.0898740345832
38.2,1,1.05666785224708,1.01796012211372,1.09047978847092
38.4,1,1.05781984442127,1.01902674082233,1.09212606501136
38.6,1,1.06005765409872,1.02109971348974,1.09551126556133
38.8,1,1.06336466276963,1.02337992789465,1.10024621973408
39,1,1.0677175584293,1.02629398466838,1.10571281128339
39.2,1,1.07308671506391,1.03003036790016,1.11192172377567
39.4,1,1.07943656088424,1.03447240092397,1.11933190654824
39.6,1,1.08672594216874,1.04020979836591,1.1274976447423
39.8,1,1.09490849047566,1.04682520612269,1.13810462243163
40,1,1.10393300122283,1.05436208180648,1.14878147131477
0,2,1.10465748700272,1.0698762064078,1.14352934861175
0.2,2,1.10418242632155,1.06983084360679,1.14271605403425
0.4,2,1.10367221513279,1.06974228960794,1.14190573985495
0.6,2,1.10312542503209,1.06961975503201,1.14113366038104
0.8,2,1.10254069135004,1.06941130855197,1.14008729841695
1,2,1.10191672793122,1.06905755374167,1.13933263377451
1.2,2,1.10125234240901,1.0684970342787,1.13792068684968
1.4,2,1.10054645184409,1.06790241933271,1.13659818936988
1.6,2,1.09979809857723,1.06763030871656,1.13573026368362
1.8,2,1.09900646613117,1.06720694264001,1.13472085025505
2,2,1.09817089498108,1.06670868819646,1.13356870937927
2.2,2,1.09729089799884,1.06640580969054,1.1320953288375
2.4,2,1.09636617536454,1.06594072283378,1.13098952240018
2.6,2,1.09539662872808,1.06527597981408,1.12954114620986
2.8,2,1.09438237439533,1.06468192328551,1.12793879653242
3,2,1.09332375530835,1.06369296503254,1.12674252299624
3.2,2,1.09222135158586,1.06307846768602,1.12548237991232
3.4,2,1.09107598939071,1.0623088915392,1.12430219605156
3.6,2,1.0898887478947,1.06178678303873,1.12298466035865
3.8,2,1.08866096411764,1.06112635884839,1.1212966864523
4,2,1.08739423542857,1.06040502002631,1.11964031520588
4.2,2,1.0860904195103,1.05970951027115,1.11789987963413
4.4,2,1.08475163160683,1.05881280152116,1.11611600596427
4.6,2,1.08338023889351,1.05784074642558,1.11452639510596
4.8,2,1.08197885183509,1.05659859472778,1.11252135603792
5,2,1.08055031242422,1.05562065052537,1.11058920187304
5.2,2,1.07909767922426,1.05449262429898,1.10894106803343
5.4,2,1.07762420917434,1.05341523268304,1.1070547930722
5.6,2,1.07613333615127,1.0525372199868,1.10489268877769
5.8,2,1.07462864632234,1.05168869030839,1.10303889323889
6,2,1.07311385036434,1.05061111332755,1.10124967753229
6.2,2,1.07159275266782,1.04958824885154,1.09943892928537
6.4,2,1.0700692176906,1.04853851342314,1.09727293969267
6.6,2,1.06854713367092,1.04730339276331,1.09511849118634
6.8,2,1.06703037395852,1.04619356780776,1.09325587944503
7,2,1.06552275626989,1.0449928176557,1.09104274083133
7.2,2,1.06402800022322,1.04386491013852,1.08868454547515
7.4,2,1.06254968355723,1.04278179927763,1.08684340922752
7.6,2,1.06109119748726,1.04170412477555,1.08472972448179
7.8,2,1.05965570169992,1.04064958300159,1.08268927378627
8,2,1.05824607953513,1.03948615247801,1.08061733855382
8.2,2,1.05686489394967,1.03833956623728,1.0789584204054
8.4,2,1.05551434489992,1.03736581768437,1.07716282744812
8.6,2,1.05419622882152,1.03635452792396,1.07575017637982
8.8,2,1.05291190092018,1.03533338823643,1.07403109584906
9,2,1.0516622410184,1.03452011427547,1.07214107435998
9.2,2,1.05044762372813,1.03361515743302,1.0703948370168
9.4,2,1.04926789373523,1.03269765178943,1.06882748784212
9.6,2,1.04812234698887,1.03200072406342,1.0672900603818
9.8,2,1.04700971858394,1.03140682727759,1.0657823030017
10,2,1.04592817810595,1.03062704046807,1.06430580097957
10.2,2,1.04487533317362,1.0298740333298,1.06274653137931
10.4,2,1.0438482418615,1.02915099001122,1.06130038380726
10.6,2,1.04284343461255,1.02841943449161,1.06000600497592
10.8,2,1.04185694615533,1.02753927876184,1.05863178842279
11,2,1.04088435782185,1.02671645681086,1.05720300698344
11.2,2,1.03992085051784,1.02589367405739,1.05588182014365
11.4,2,1.03896126842792,1.02519174583409,1.05442326329597
11.6,2,1.03800019334235,1.02453455562728,1.05302485962621
11.8,2,1.03703202927285,1.02387750240404,1.05177687344307
12,2,1.03605109678255,1.02306886367134,1.05063282603061
12.2,2,1.0350517361947,1.02238161745261,1.04943155983985
12.4,2,1.0340284185697,1.02153385734613,1.04808590185157
12.6,2,1.03297586305725,1.02061099142973,1.04667922928765
12.8,2,1.03188915894721,1.01962876142604,1.04557117504483
13,2,1.03076389046698,1.01852355991432,1.0443195213546
13.2,2,1.02959626211559,1.01748210593341,1.04286390104133
13.4,2,1.02838322209445,1.0163511335702,1.04138321705127
13.6,2,1.02712258120274,1.01509852266434,1.03981264041273
13.8,2,1.02581312442228,1.0138747768345,1.03845291584694
14,2,1.024454712332,1.01253784447745,1.03709128561474
14.2,2,1.0230483694741,1.01131322788863,1.03546440407957
14.4,2,1.02159635685006,1.00993725498557,1.0340942291447
14.6,2,1.02010222585899,1.00844856054377,1.03251569218575
14.8,2,1.01857085120549,1.0070020020989,1.03090417148278
15,2,1.01700844059858,1.0056639798523,1.02930641287066
15.2,2,1.01542251943298,1.0042735599552,1.02772482445045
15.4,2,1.01382188908291,1.00283424470563,1.02612545742412
15.6,2,1.0122165579358,1.00147723445674,1.02417957738855
15.8,2,1.01061764483856,1.00025356789912,1.02229609583688
16,2,1.00903725520651,0.998999702901878,1.02048279314779
16.2,2,1.00748833064238,0.997798889042228,1.01858926683918
16.4,2,1.00598447351291,0.996611649724706,1.01673634696574
16.6,2,1.00453974851993,0.995524199994692,1.014912370164
16.8,2,1.00316846386961,0.994573549197226,1.01312362458414
17,2,1.00188493517376,0.993778921554464,1.01131445810419
17.2,2,1.00070323570568,0.993059902650745,1.00959346250214
17.4,2,0.99963693707118,0.992414210348841,1.0080190668936
17.6,2,0.9986988447409,0.991925415404032,1.00657731056631
17.8,2,0.997900733221825,0.991638888507226,1.00518646107425
18,2,0.997253085923043,0.991525076029199,1.00390159403316
18.2,2,0.996764844995317,0.991576784293598,1.00279184362912
18.4,2,0.996443176595306,0.99180456598125,1.0018148031925
18.6,2,0.996293257142527,0.992205083127227,1.00096463355023
18.8,2,0.996318086196093,0.992814129947396,1.00032260548259
19,2,0.996518331571375,0.993595422822621,0.999845111467889
19.2,2,0.996892212231343,0.994561618438454,0.999532051828031
19.4,2,0.99743542430766,0.995704118106098,0.99942992118906
19.6,2,0.998141115310756,0.996989479401664,0.999467706513865
19.8,2,0.998999911152107,0.998424125602794,0.999662431195492
20,2,1,1,1
20.2,2,1.00112727619611,1.00046760278596,1.00170323007644
20.4,2,1.00236554645302,1.00104861452803,1.00351986993785
20.6,2,1.00369679931697,1.00174028162079,1.00540843750073
20.8,2,1.00510153741149,1.00251890456335,1.00737683409288
21,2,1.00655917028634,1.00331642245206,1.00938726277286
21.2,2,1.00804846380838,1.00417091473201,1.01141716488451
21.4,2,1.0095480399948,1.00497974938368,1.01350452778173
21.6,2,1.01103691906953,1.00576850272193,1.01555006589796
21.8,2,1.01249509340857,1.00650127147575,1.01763213936375
22,2,1.01390412103035,1.00721099304807,1.01972412522628
22.2,2,1.01524772449878,1.00777642150272,1.02179534040749
22.4,2,1.01651237965671,1.00827743937646,1.02375633641785
22.6,2,1.01768787761053,1.00866148555227,1.02558154852044
22.8,2,1.01876784294282,1.00901673503021,1.02733945956548
23,2,1.01975019131501,1.00913944647829,1.02895366355972
23.2,2,1.02063751047908,1.00922090886381,1.03046749984556
23.4,2,1.02143735024843,1.00924846884398,1.03186846455782
23.6,2,1.02216240914331,1.00920844950717,1.03320650337365
23.8,2,1.02283060813688,1.00903234313668,1.03443183247433
24,2,1.02346504505981,1.0089015902356,1.03565221186367
24.2,2,1.02409382661118,1.00865550318603,1.03679255817824
24.4,2,1.02474977839267,1.00853378830515,1.0378681116022
24.6,2,1.02547003674024,1.00848417589312,1.03910404823488
24.8,2,1.02629552919404,1.0085874687312,1.04049753628285
25,2,1.02727035306529,1.00880825675819,1.04196067480965
25.2,2,1.02844106360942,1.00928967008559,1.04364692526721
25.4,2,1.0298558847256,1.01002227552978,1.04556571567111
25.6,2,1.03156385585708,1.0111616767447,1.04796837989138
25.8,2,1.0336139289017,1.01262207100655,1.05064605126389
26,2,1.03605402854958,1.01444158835445,1.05346659983949
26.2,2,1.03893008868014,1.01666834426376,1.05699228826347
26.4,2,1.04228507644357,1.01961449240567,1.06093489674443
26.6,2,1.04615801461287,1.02309392236753,1.06530212170234
26.8,2,1.05058301191532,1.02696110664984,1.06991523214036
27,2,1.05558831052151,1.03149988727905,1.07526569630423
27.2,2,1.06119535984173,1.03631372287654,1.08142553560775
27.4,2,1.06741792637137,1.04181786161399,1.08828148701543
27.6,2,1.07426125060126,1.04806055986853,1.09570716345491
27.8,2,1.08172126396497,1.05508373581451,1.10362941441198
28,2,1.08978388136141,1.06250210523492,1.11225983862967
28.2,2,1.09842438781694,1.07061504303707,1.12157469896198
28.4,2,1.10760694111027,1.07945322216623,1.13141976751935
28.6,2,1.11728421537317,1.0888443655106,1.14150370906964
28.8,2,1.12739721343221,1.09862410469474,1.15206264684998
29,2,1.13787527755468,1.10880120511036,1.16279455294718
29.2,2,1.1486363288619,1.11881483977246,1.17391770894852
29.4,2,1.15958736453792,1.12950633239308,1.18564856463104
29.6,2,1.17062523870114,1.14027945256012,1.19724333856936
29.8,2,1.18163774712047,1.1506962326158,1.20837775104961
30,2,1.19250502768777,1.16117359496678,1.2195914903165
30.2,2,1.20310127773319,1.17155106698714,1.23059101401857
30.4,2,1.21329677614144,1.18124056953559,1.24117621782804
30.6,2,1.22296018329954,1.1905439656688,1.2512496606727
30.8,2,1.23196107593056,1.19929600319245,1.26098122370125
31,2,1.24017265782372,1.20735426278765,1.2696730797747
31.2,2,1.24747457250469,1.21420330780591,1.27737628486091
31.4,2,1.25375573123609,1.220232059421,1.28401068391922
31.6,2,1.25891706060426,1.22488005795093,1.28945602313599
31.8,2,1.26287406939828,1.22848048500424,1.29361571011543
32,2,1.26555913531413,1.23102237770696,1.29646900934152
32.2,2,1.26692341863271,1.23226750608617,1.29780013323095
32.4,2,1.26693832238844,1.23218140497061,1.29768682489116
32.6,2,1.26559643613325,1.23070864181142,1.29634408243903
32.8,2,1.26291192221604,1.22813233079428,1.2935958017327
33,2,1.25892032814987,1.22404915490573,1.2898784423586
33.2,2,1.25367783446706,1.21886531058003,1.28457762313897
33.4,2,1.24725997268833,1.2125750413555,1.27813457646103
33.6,2,1.2397598709294,1.20511389230713,1.27057363214048
33.8,2,1.23128610372905,1.19663081420484,1.26206074760731
34,2,1.22196023674829,1.18746471566377,1.25282626056888
34.2,2,1.21191416535378,1.17741767230363,1.24266215822829
34.4,2,1.20128734853889,1.16697668526882,1.23228485536974
34.6,2,1.19022403641076,1.15633852891219,1.22073326231593
34.8,2,1.17887058125438,1.14540705088747,1.20886852299862
35,2,1.16737290996692,1.13405224741483,1.19708876768432
35.2,2,1.1558742206256,1.12229028469709,1.18539554997199
35.4,2,1.14451294937124,1.11107744523157,1.17413798460623
35.6,2,1.13342103687478,1.10006741645138,1.16265078630475
35.8,2,1.12272250747937,1.08931825469319,1.15146782762971
36,2,1.11253235954701,1.07910628681089,1.14080279536917
36.2,2,1.10295575320911,1.06951231915007,1.13145547938991
36.4,2,1.09408747199573,1.06059600051712,1.12237527586038
36.6,2,1.08601162783707,1.05230510645553,1.11391169871723
36.8,2,1.07880157462441,1.0453134868137,1.10678574482484
37,2,1.07251999366592,1.0387768625597,1.10060602180941
37.2,2,1.06721911464192,1.0332646490011,1.09544619647622
37.4,2,1.06294103766146,1.0286456002403,1.09142609291509
37.6,2,1.05971812533004,1.02493578971461,1.08852866520961
37.8,2,1.05757343795094,1.02247512315851,1.08634963155749
38,2,1.056521189727,1.02093790393212,1.08612596448679
38.2,2,1.05656720877961,1.02033082115936,1.08675050677407
38.4,2,1.05770938868612,1.02081928983192,1.0884599246273
38.6,2,1.05993812384075,1.02188635237678,1.09110052292353
38.8,2,1.06323672510236,1.02403420648064,1.09444877274833
39,2,1.06758181579033,1.0271816443609,1.10009955015936
39.2,2,1.07294371104887,1.03172318575218,1.10800162408351
39.4,2,1.07928678587882,1.03679909066739,1.11534754610295
39.6,2,1.08656983871841,1.04267692157159,1.12416372255196
39.8,2,1.09474645834961,1.04919765785833,1.13401661332087
40,2,1.10376540214302,1.05654453476479,1.14531892325655
0,3,1.10369915627508,1.05268969257911,1.14797965288207
0.2,3,1.10324962451947,1.05279095099959,1.14719449660987
0.4,3,1.10276599723879,1.05278282318133,1.14615690486368
0.6,3,1.10224682439712,1.05274814526861,1.14514799713597
0.8,3,1.10169071298669,1.05274126672718,1.14432060666803
1,3,1.10109634159218,1.05286086144604,1.14358506332486
1.2,3,1.10046247550004,1.05295112464238,1.14279331467712
1.4,3,1.09978798222538,1.05291378979806,1.14183873097963
1.6,3,1.09907184731162,1.05275672375928,1.14087595606487
1.8,3,1.09831319024141,1.05245131697496,1.1395554562332
2,3,1.09751128028171,1.05212588060924,1.1383177119421
2.2,3,1.09666555207081,1.05185280167231,1.13743540003696
2.4,3,1.09577562074258,1.05136212819013,1.1363089114067
2.6,3,1.0948412963716,1.05108856083356,1.13488170797312
2.8,3,1.09386259751398,1.05065460911361,1.13382025759882
3,3,1.09283976361229,1.05011001074657,1.13240042851263
3.2,3,1.09177326602906,1.0496778089413,1.13081243724203
3.4,3,1.09066381747279,1.04914137207002,1.12949231117891
3.6,3,1.08951237958306,1.04881362272085,1.12811635884811
3.8,3,1.08832016844715,1.04852962952432,1.12631100782268
4,3,1.08708865783039,1.04809605283158,1.12476512081627
4.2,3,1.0858195799154,1.04746469943079,1.12352482391085
4.4,3,1.08451492336267,1.04693422152958,1.1221035517984
4.6,3,1.08317692852512,1.04612593615924,1.12062748576313
4.8,3,1.08180807967373,1.04562546191085,1.1190986497021
5,3,1.08041109411889,1.04516545014662,1.11738967990289
5.2,3,1.07898890814298,1.04453937858127,1.11539794394164
5.4,3,1.07754465969412,1.04394005655154,1.11379864573025
5.6,3,1.07608166782754,1.04314023584273,1.11260434016917
5.8,3,1.07460340892136,1.04233310405801,1.11139910946884
6,3,1.07311348973483,1.04146410972039,1.10984034907564
6.2,3,1.07161561742194,1.04052011156721,1.1078085566351
6.4,3,1.07011356665863,1.0396200997679,1.10599968754915
6.6,3,1.06861114408963,1.03863209344887,1.10388919491751
6.8,3,1.0671121503492,1.03772699318103,1.1018343940878
7,3,1.06562033995969,1.03679065865864,1.09991685588019
7.2,3,1.06413937946149,1.03600157557255,1.09814225741802
7.4,3,1.06267280417817,1.03499661104503,1.0966963434087
7.6,3,1.06122397407038,1.03374335775199,1.09489386936387
7.8,3,1.05979602918104,1.03282591967078,1.0930147244345
8,3,1.05839184522251,1.03194669519356,1.09122544912028
8.2,3,1.05701398990268,1.03115714268789,1.08928660674174
8.4,3,1.05566468063017,1.03034972422571,1.08729106076872
8.6,3,1.05434574427988,1.02956519842899,1.08555896013725
8.8,3,1.05305857973603,1.0290178680108,1.08384926113002
9,3,1.05180412396026,1.02811096910243,1.08197272109853
9.2,3,1.05058282235709,1.02734816632043,1.08025696664436
9.4,3,1.04939460422388,1.02668955693257,1.07837752615464
9.6,3,1.04823886407881,1.02608627449213,1.0767180964272
9.8,3,1.04711444965355,1.02533696727799,1.07492965144458
10,3,1.04601965731751,1.02451966014674,1.07291892923071
10.2,3,1.04495223566385,1.02381267106542,1.07122828821218
10.4,3,1.04390939793287,1.02309948912307,1.069540111891
10.6,3,1.04288784387338,1.02239511421695,1.06778432129837
10.8,3,1.04188379154521,1.02176199860044,1.0657798646067
11,3,1.0408930194445,1.02103098470358,1.0639699687831
11.2,3,1.03991091918715,1.02030183361927,1.06251733780697
11.4,3,1.03893255881344,1.01950056963549,1.06091522038236
11.6,3,1.03795275657915,1.01876408448152,1.05922770328061
11.8,3,1.03696616487684,1.01802273209135,1.05761436914327
12,3,1.03596736368668,1.01739462949189,1.05587353465791
12.2,3,1.03495096269416,1.01680428150088,1.05372919272441
12.4,3,1.03391171093568,1.01616228538172,1.05189391546758
12.6,3,1.03284461254938,1.01535012914342,1.05020730866524
12.8,3,1.03174504692481,1.01451265225432,1.04861944258649
13,3,1.03060889126937,1.01335589839476,1.04684677106157
13.2,3,1.02943264335209,1.01235801842051,1.04501793179859
13.4,3,1.02821354195549,1.01146437017287,1.04330353533972
13.6,3,1.02694968237564,1.01040059651039,1.04163781367145
13.8,3,1.02564012416773,1.00942957986029,1.04005797905757
14,3,1.02428498825115,1.00820247023751,1.0383770828995
14.2,3,1.02288554047031,1.00697657796574,1.03671918183368
14.4,3,1.02144425876433,1.00572053378374,1.03501987394468
14.6,3,1.0199648812322,1.00465021592099,1.0332717053304
14.8,3,1.01845243259413,1.00345788620507,1.03139327957489
15,3,1.01691322684252,1.00213274949466,1.02945460423079
15.2,3,1.01535484424287,1.00087857822816,1.02786842714834
15.4,3,1.01378608128057,0.999708326561025,1.02609284797223
15.6,3,1.01221687264281,0.99857144159008,1.02422253325115
15.8,3,1.01065818486552,0.997428652515194,1.02258193237082
16,3,1.00912188184855,0.996292008288782,1.02077035430948
16.2,3,1.00762056303568,0.995262489366445,1.01895488436502
16.4,3,1.00616737565355,0.994249401487073,1.01707849886965
16.6,3,1.00477580299339,0.993343193856409,1.0152598046783
16.8,3,1.0034594312883,0.992541584684567,1.01348680076292
17,3,1.0022316982773,0.991843607998069,1.01181563419789
17.2,3,1.00110562704855,0.991241416716688,1.01020311174846
17.4,3,1.00009354921225,0.990824730068754,1.00854703161677
17.6,3,0.99920682186758,0.990561418381363,1.00695193691133
17.8,3,0.998455543196829,0.99041491271486,1.00544635893919
18,3,0.997848271844671,0.990437738710372,1.00421101173281
18.2,3,0.997391755523143,0.990663209927593,1.00321612282295
18.4,3,0.997090674523089,0.991075402076771,1.00236510390309
18.6,3,0.996947406009203,0.991627640396217,1.00154716305931
18.8,3,0.996961815122746,0.99236800153964,1.00085511162464
19,3,0.997131079003822,0.993255285967703,1.00036636295289
19.2,3,0.997449549857695,0.994315340626622,1.00000537211406
19.4,3,0.997908663106971,0.995531599205034,0.999800362595605
19.6,3,0.998496896465882,0.996895988920347,0.999755425841974
19.8,3,0.99919978541392,0.998391514454959,0.999832529760934
20,3,1,1,1
20.2,3,1.00087748714091,1.00024746555781,1.00169172894921
20.4,3,1.00180968155914,1.00057656758709,1.00345268846405
20.6,3,1.00277178721168,1.00090574210969,1.00528798965736
20.8,3,1.00373712948176,1.00119052571613,1.00714635016563
21,3,1.00467757654486,1.00146679777145,1.00894799863936
21.2,3,1.00556402620243,1.00167589864712,1.01071409985429
21.4,3,1.00636695215143,1.00176359862658,1.01240185614641
21.6,3,1.00705700119635,1.00164203384971,1.01405306332773
21.8,3,1.00760563041183,1.00140296739342,1.01550625867391
22,3,1.00798577084724,1.00111079789142,1.01690192508918
22.2,3,1.00817250216591,1.00055000871452,1.01811804778066
22.4,3,1.00814372077666,0.999645075763318,1.01909682341971
22.6,3,1.0078807826867,0.998601386482775,1.01987183616393
22.8,3,1.00736910161461,0.997304680497595,1.02040645688746
23,3,1.00659868295415,0.99579163506949,1.02069063962993
23.2,3,1.00556457504392,0.993972897362165,1.02046311167716
23.4,3,1.00426722089442,0.991939790650808,1.02017192787234
23.6,3,1.00271269602274,0.989716590660531,1.01971336291675
23.8,3,1.00091282125737,0.987260993433293,1.01902950836861
24,3,0.998885143162847,0.984683933860256,1.0180022645852
24.2,3,0.996652778909898,0.981914563494556,1.01677403052121
24.4,3,0.994244126766263,0.978988128442116,1.01532127466226
24.6,3,0.991692447671533,0.97604024746806,1.01347772039381
24.8,3,0.989035327357441,0.972968441630512,1.01133776487562
25,3,0.986314031973064,0.969867519832185,1.00918726721537
25.2,3,0.983572773001471,0.966809586779785,1.00721707825719
25.4,3,0.980857899292024,0.963796326967205,1.00539863866161
25.6,3,0.978217035222477,0.960855487868886,1.00307826471619
25.8,3,0.975698184353078,0.958073571731838,1.00084442148801
26,3,0.973348817509198,0.955359434414796,0.99949996473736
26.2,3,0.97121496314991,0.953040448126486,0.99793177124449
26.4,3,0.96934031631003,0.950852663191301,0.996581873751896
26.6,3,0.967765380530541,0.949303189980416,0.995458434049579
26.8,3,0.966526655213792,0.947875204440057,0.994471672785192
27,3,0.965655878944534,0.946633892163748,0.994006277631682
27.2,3,0.965179337671506,0.945911342649959,0.994061748786479
27.4,3,0.965117245375796,0.945536630151039,0.99434852217386
27.6,3,0.965483204044321,0.945610873975015,0.995486698031832
27.8,3,0.966283749448429,0.946105499370786,0.997036313462869
28,3,0.967517989372387,0.94712226668914,0.999032129233733
28.2,3,0.969177341461563,0.948525133346109,1.00098558665416
28.4,3,0.971245378631616,0.950433626193755,1.00373741046886
28.6,3,0.973697790819946,0.952533147765887,1.00698376761944
28.8,3,0.976502472557361,0.95504133634754,1.01078209787032
29,3,0.979619746160457,0.957743986959575,1.0146396686605
29.2,3,0.983002730059836,0.960692028154841,1.01876603749276
29.4,3,0.986597860669139,0.963921421559794,1.0233902259456
29.6,3,0.990345574086246,0.967209983363673,1.02818699945802
29.8,3,0.994181150682338,0.970600285358079,1.03274276781424
30,3,0.998035721239858,0.973964696676407,1.03739158551689
30.2,3,1.00183742780819,0.977224212477485,1.0419281333945
30.4,3,1.00551272602932,0.980689670888014,1.04609689984004
30.6,3,1.0089878086324,0.983885149006332,1.0503393757047
30.8,3,1.0121901225008,0.98694551544292,1.05412594224266
31,3,1.01504994466264,0.98948274700282,1.05782018709874
31.2,3,1.01750197628486,0.991603833656881,1.0610438558167
31.4,3,1.01948690881825,0.993284513328913,1.06373213680936
31.6,3,1.0209529133629,0.994551623283643,1.06582797871356
31.8,3,1.02185700352965,0.995183064441382,1.06729084674348
32,3,1.02216622385022,0.995428539036666,1.06808882625198
32.2,3,1.02185862024108,0.995009839858166,1.06842218282656
32.4,3,1.02092395605214,0.993928600739589,1.06805425715462
32.6,3,1.01936414651304,0.992392195380939,1.06694489035606
32.8,3,1.01719339541465,0.990090397382252,1.06515591593079
33,3,1.01443802996003,0.987360869045321,1.06249799452198
33.2,3,1.01113604211469,0.984325329962293,1.05897968667667
33.4,3,1.00733635667753,0.980544898471818,1.05590914706281
33.6,3,1.00309785691684,0.976461627670487,1.05247308960055
33.8,3,0.998488207318109,0.97203702472164,1.04853935986118
34,3,0.993582519282067,0.967330697694715,1.0438259407484
34.2,3,0.988461909207121,0.962401962631359,1.03894792137643
34.4,3,0.983211999218524,0.957230793180781,1.03367015131518
34.6,3,0.977921409007794,0.951964252497078,1.02830095825578
34.8,3,0.97268028313835,0.946812668325915,1.02271001991036
35,3,0.967578892216416,0.941922378942157,1.01806268463717
35.2,3,0.962706339063348,0.937139674929978,1.0136563977602
35.4,3,0.958149393034843,0.932636784884718,1.0084169200948
35.6,3,0.953991467472356,0.928598322114385,1.00401518575179
35.8,3,0.95031174744356,0.925029994342899,1.00139272225942
36,3,0.947184467842398,0.921930351920741,0.998723651910447
36.2,3,0.944678335880301,0.919388890014744,0.996913422047167
36.4,3,0.942856087201067,0.91776732699148,0.995532422580581
36.6,3,0.941774161379364,0.916654786141421,0.995164202412842
36.8,3,0.941482480410097,0.916338748947108,0.995660565005059
37,3,0.942024312879388,0.91672193820804,0.996854893575593
37.2,3,0.943436206689434,0.917833480258092,0.99859857394653
37.4,3,0.945747974313463,0.919797233809808,1.00116792651014
37.6,3,0.948982716388853,0.922734303976093,1.00468246587875
37.8,3,0.953156871817856,0.926319126860245,1.00915266906666
38,3,0.958280285243474,0.930664107047913,1.01520833472812
38.2,3,0.96435628562485,0.935784915774605,1.0223209572523
38.4,3,0.97138177249148,0.941744145619032,1.03040666633682
38.6,3,0.979347309169688,0.948460007522773,1.03949624668104
38.8,3,0.988237224729188,0.956035391898979,1.04906005496284
39,3,0.99802972849505,0.964620320912636,1.06071210894836
39.2,3,1.00869704263324,0.973542296770209,1.07248962779256
39.4,3,1.02020555948888,0.983200714378257,1.08492017167386
39.6,3,1.0325160309971,0.993685182669437,1.09760619340582
39.8,3,1.04558379757939,1.00460855547828,1.11141310066157
40,3,1.05935906348627,1.01628100851886,1.12680326420386
0,4,1.0172063009902,0.969908685541632,1.08375147639216
0.2,4,1.01722184330461,0.969898728570944,1.08309482075679
0.4,4,1.01723218251387,0.969887677734469,1.08239924289165
0.6,4,1.01723676564554,0.969875573151336,1.08191984501462
0.8,4,1.01723504563859,0.969862483402939,1.08134098889166
1,4,1.0172264883752,0.96985749827836,1.08066470633018
1.2,4,1.01721058024405,0.969865126691423,1.08029172636363
1.4,4,1.01718683617855,0.969865617101444,1.07978135630177
1.6,4,1.01715480810013,0.969878309548667,1.07909882866669
1.8,4,1.01711409368318,0.969935386841804,1.07840770831282
2,4,1.01706434534485,0.970062907409412,1.07769050389603
2.2,4,1.01700527934926,0.970173598907239,1.07701917103819
2.4,4,1.01693668490284,0.970257356283276,1.07644001247557
2.6,4,1.01685843310535,0.970286292146449,1.0757724068978
2.8,4,1.01677048560957,0.970230564329353,1.0750134203844
3,4,1.01667290283284,0.970159990806711,1.07421924611573
3.2,4,1.01656585155444,0.970090609368071,1.07339013559399
3.4,4,1.01644961172649,0.970020049926318,1.07252654182105
3.6,4,1.01632458232052,0.969949673465886,1.07158697101857
3.8,4,1.01619128602944,0.969825028681368,1.07056970258642
4,4,1.01605037264432,0.969753325688119,1.06951992342996
4.2,4,1.01590262092769,0.96978175112472,1.06843437811299
4.4,4,1.01574893881054,0.96981994267443,1.06753241977422
4.6,4,1.0155903617482,0.970002712014127,1.06633719322009
4.8,4,1.01542804908223,0.969988819076376,1.06511811203954
5,4,1.01526327826982,0.970020929576303,1.06435756170844
5.2,4,1.01509743686062,0.970224117508156,1.06320663104402
5.4,4,1.01493201212251,0.970271881107084,1.06218403231371
5.6,4,1.01476857824276,0.970334410216364,1.06107070838799
5.8,4,1.01460878105983,0.970467284934133,1.05986398570462
6,4,1.01445432031264,0.970610690376167,1.05860415967035
6.2,4,1.01430692942975,0.970775043798533,1.05759195799903
6.4,4,1.01416835291907,0.970961684335316,1.05652783456818
6.6,4,1.01404032146068,0.971171898889648,1.05547838509502
6.8,4,1.01392452484925,0.97136759247645,1.05447790391001
7,4,1.01382258298019,0.971391409499945,1.05363606067775
7.2,4,1.01373601512272,0.971470111936893,1.0528918464118
7.4,4,1.01366620777467,0.971494429071131,1.05217655334639
7.6,4,1.01361438144662,0.971553209926639,1.05155777740683
7.8,4,1.01358155677725,0.971883536216565,1.05074608915133
8,4,1.01356852043581,0.97236988956107,1.04964184946289
8.2,4,1.01357579132197,0.972756028195801,1.04879674836723
8.4,4,1.01360358762583,0.972986230969912,1.04822292864586
8.6,4,1.01365179536127,0.973255699500611,1.04753672479933
8.8,4,1.01371993903291,0.973567179989956,1.04718378247248
9,4,1.01380715513864,0.973925747161214,1.04638364972206
9.2,4,1.01391216924494,0.974457634289678,1.04602340535635
9.4,4,1.01403327739933,0.975133488516883,1.04536802076923
9.6,4,1.01416833266069,0.975864916664315,1.04508289778927
9.8,4,1.01431473753226,0.9764964296748,1.04468223218166
10,4,1.0144694430714,0.97729315929911,1.0439509039723
10.2,4,1.01462895542237,0.978136050426216,1.04333729088252
10.4,4,1.01478935047094,0.979048416513544,1.04276207356749
10.6,4,1.01494629725105,0.979702519813858,1.04216619783543
10.8,4,1.01509509064075,0.980675751245231,1.04186234798591
11,4,1.0152306937672,0.981790937135079,1.04152049466772
11.2,4,1.01534779039575,0.983022074874214,1.04113238598212
11.4,4,1.01544084740731,0.983991051382642,1.04069188549795
11.6,4,1.01550418727013,0.984917130529813,1.04018144680214
11.8,4,1.01553207018904,0.985309226039708,1.03954640088603
12,4,1.01551878536946,0.985042618137758,1.03885466834589
12.2,4,1.0154587505683,0.986182879539767,1.03807412096256
12.4,4,1.01534661882493,0.987003520165666,1.0373171014338
12.6,4,1.01517739097847,0.986938759667158,1.03648180782171
12.8,4,1.0149465322906,0.987274246687007,1.03563255435836
13,4,1.01465009121481,0.987634055368539,1.03461511092027
13.2,4,1.01428481809289,0.987646372627578,1.03357948635829
13.4,4,1.01384828132785,0.988071681257747,1.03230941327469
13.6,4,1.01333897839023,0.988068870675526,1.03095239167333
13.8,4,1.01275643887176,0.987993858168195,1.02958698547122
14,4,1.01210131671653,0.987787006884445,1.02821538651417
14.2,4,1.01137546874306,0.987788572903326,1.02686429780947
14.4,4,1.01058201662836,0.987978470670437,1.02542602047788
14.6,4,1.00972538966033,0.987884670029559,1.02407932723262
14.8,4,1.00881134578045,0.987684755561584,1.02261246393246
15,4,1.00784696873311,0.987291261700562,1.02112355395436
15.2,4,1.00684063950606,0.986520929503893,1.01955122651426
15.4,4,1.00580198068363,0.985718710838425,1.01807771191578
15.6,4,1.0047417728275,0.985236738508185,1.01660095078151
15.8,4,1.00367184254074,0.984552118493978,1.0149942291651
16,4,1.00260492244301,0.983789866358835,1.0133834014368
16.2,4,1.00155448387667,0.983099304142978,1.01199858003792
16.4,4,1.00053454375864,0.982706841555838,1.01055088120006
16.6,4,0.999559447579878,0.982186889984767,1.00917427796404
16.8,4,0.998643631120233,0.981981832031179,1.00784379752376
17,4,0.997801363981529,0.981892302090019,1.00663435430113
17.2,4,0.997046478540151,0.981951828981312,1.00542990005121
17.4,4,0.996392088376286,0.982232934040784,1.00423227632986
17.6,4,0.995850300649238,0.98264754246416,1.00315700835864
17.8,4,0.995431927256978,0.983126328977905,1.0021881706614
18,4,0.995146199944269,0.983774193009725,1.00136922194821
18.2,4,0.995000494809306,0.984679698302958,1.00067428755021
18.4,4,0.995000071903955,0.985721601456277,1.00005334869978
18.6,4,0.995147835825839,0.986997164189931,0.999528418324926
18.8,4,0.995444123356012,0.988374947904543,0.999218416687572
19,4,0.995886524293805,0.989958392702502,0.999055886955501
19.2,4,0.996469741664233,0.991735790752292,0.999016628963954
19.4,4,0.997185497402371,0.993618363377434,0.999089308826888
19.6,4,0.998022489425086,0.995631193370752,0.999298021426008
19.8,4,0.99896640565201,0.997775251265163,0.999601548112627
20,4,1,1,1
20.2,4,1.00110323461327,1.00046342951133,1.00228388187176
20.4,4,1.00225349157387,1.00095071304722,1.00461406135362
20.6,4,1.00342585603942,1.0014635420541,1.00694867698929
20.8,4,1.0045934711654,1.00194871917754,1.00922016187366
21,4,1.0057279632909,1.00239262713323,1.01149073308999
21.2,4,1.00679993372509,1.00275128724999,1.01368265893962
21.4,4,1.00777951111411,1.00298861455158,1.01571428333704
21.6,4,1.00863695586887,1.00314783584745,1.0175316069665
21.8,4,1.00934330559193,1.00312940147703,1.01916047507722
22,4,1.00987104797747,1.00293696599087,1.02075072277437
22.2,4,1.01019480541139,1.00255268277948,1.02216154716221
22.4,4,1.01029201361588,1.00198917039689,1.02324146421865
22.6,4,1.010143575312,1.00109357445637,1.02395856903796
22.8,4,1.00973446914801,0.999940684774126,1.02437915760607
23,4,1.00905429416956,0.998657733418749,1.02471486536115
23.2,4,1.00809773096121,0.997022347028362,1.02489575691933
23.4,4,1.00686490229025,0.995060874147572,1.02457192491244
23.6,4,1.00536161860379,0.992857347398996,1.02406713191858
23.8,4,1.00359949698065,0.990580551457398,1.02342029758697
24,4,1.00159594597968,0.988112227507259,1.022267458754
24.2,4,0.999374013069377,0.985459259148697,1.02090286485077
24.4,4,0.99696209574833,0.982558334517814,1.01917532229272
24.6,4,0.994393521837098,0.979525724835508,1.01723880728098
24.8,4,0.991706008502268,0.976471982957872,1.01516890180432
25,4,0.988941013151018,0.973163889384796,1.01289094775831
25.2,4,0.986142992232495,0.969960271372531,1.01048689860189
25.4,4,0.983358586079071,0.966863516976996,1.0081216792403
25.6,4,0.980635749154611,0.963819986640239,1.00590786189139
25.8,4,0.978022845452282,0.960923389248526,1.00365107540869
26,4,0.975567728368379,0.958101395367479,1.0013195341264
26.2,4,0.973316823291875,0.955640509253783,0.999216040209846
26.4,4,0.971314229555649,0.953363906910965,0.997390880313323
26.6,4,0.969600856484647,0.951290308166469,0.995725037959645
26.8,4,0.968213606247769,0.949388208189918,0.994247978266335
27,4,0.967184614265727,0.947993033779792,0.993046672325863
27.2,4,0.96654055621475,0.947044853157221,0.992704938924567
27.4,4,0.966302029327232,0.946085236381032,0.992613225022672
27.6,4,0.966483014809715,0.945790843847718,0.992743478814787
27.8,4,0.967090427806882,0.94602041232113,0.993950351208862
28,4,0.968123761412213,0.946498387305287,0.995033865374837
28.2,4,0.969574831680286,0.947432879300987,0.996997263849321
28.4,4,0.971427631299589,0.948662666306841,0.998747143290944
28.6,4,0.973658300361693,0.950473361158378,1.00100087169146
28.8,4,0.976235223302805,0.952520555345308,1.00344562102774
29,4,0.979119261368283,0.954328665463833,1.00671040644376
29.2,4,0.982264129628851,0.956795348017898,1.01026553536686
29.4,4,0.985616926445135,0.959446081432203,1.01388987178886
29.6,4,0.989118821159768,0.962464073905184,1.01716180360198
29.8,4,0.992705902578364,0.965271693237579,1.02110586111825
30,4,0.996310186448412,0.968101815864304,1.02473311182041
30.2,4,0.999860774722022,0.970921288860257,1.02859239606338
30.4,4,1.00328515306846,0.973498595060389,1.03246048373985
30.6,4,1.0065106061717,0.975626023976418,1.03577263467788
30.8,4,1.00946572319873,0.977757148563363,1.03906929715271
31,4,1.01208195893355,0.979594132959246,1.04212746734895
31.2,4,1.01429520997244,0.980838544508021,1.04453896865078
31.4,4,1.01604736061252,0.981728656776008,1.04644602382399
31.6,4,1.01728775014394,0.982306448309663,1.04747756035531
31.8,4,1.01797451259376,0.982769464158244,1.04813450116617
32,4,1.01807574184194,0.982218974747578,1.04832631014771
32.2,4,1.0175704395329,0.981129015042766,1.04802213214087
32.4,4,1.01644921023081,0.979101705278167,1.04711881505595
32.6,4,1.01471467749468,0.976983817746101,1.04550683081865
32.8,4,1.01238160546797,0.974155728106857,1.04345009752867
33,4,1.00947672252314,0.970868375928209,1.04068699837733
33.2,4,1.00603825571121,0.967201974447261,1.03751091110847
33.4,4,1.0021151964495,0.962960155221663,1.03381591427464
33.6,4,0.997766328288413,0.958629820222894,1.02914273916168
33.8,4,0.993059056092066,0.953423728291694,1.0243363658561
34,4,0.988068082072826,0.948290837319514,1.01947991428336
34.2,4,0.982873977561082,0.942722545758657,1.01427200707836
34.4,4,0.977561700106797,0.936717200501493,1.00914317399666
34.6,4,0.972219103642208,0.930893837846381,1.00384364847671
34.8,4,0.966935485305138,0.926330638109696,0.998619751452624
35,4,0.961800206585514,0.920674529643966,0.994134815688255
35.2,4,0.956901419251617,0.915616075595656,0.989471131704175
35.4,4,0.952324918607367,0.911230347399996,0.985400585084541
35.6,4,0.948153138577127,0.907810766050325,0.98108029578523
35.8,4,0.94446429540183,0.903602684388343,0.977432627559558
36,4,0.941331679761818,0.899818892709767,0.974486662675186
36.2,4,0.938823091215427,0.897453382599801,0.972376938189689
36.4,4,0.937000404144784,0.896049834805383,0.970682001415489
36.6,4,0.93591925101434,0.894607532422751,0.970184465415429
36.8,4,0.9356288066642,0.893877981255337,0.969778698984893
37,4,0.936171656495159,0.893675343807372,0.970362613507133
37.2,4,0.937583731617775,0.893976573237762,0.972165074941349
37.4,4,0.939894295159852,0.895519761237114,0.975612451633549
37.6,4,0.943125965763001,0.898091208610688,0.97934225551669
37.8,4,0.947294766653635,0.902606008227385,0.983726522437888
38,4,0.95241019135674,0.907225527062933,0.99007191647948
38.2,4,0.958475279956536,0.912560885108815,0.997514091502017
38.4,4,0.965486702638447,0.919131304741166,1.00596222892708
38.6,4,0.973434849934643,0.925810345765958,1.01567787179912
38.8,4,0.982303931523655,0.932968001715406,1.02522462460486
39,4,0.992072087507106,0.941202289473611,1.03677649125258
39.2,4,1.00271151772688,0.950798200723801,1.04902412381415
39.4,4,1.01418863583728,0.961467931101641,1.06294574981094
39.6,4,1.02646425547122,0.97280199195285,1.0778090686048
39.8,4,1.0394938159194,0.984658869412759,1.09405351193453
40,4,1.05322765428004,0.997195542530886,1.1104392673397
0,5,0.983655157234721,0.938821571219076,1.0183042373312
0.2,5,0.983703605983304,0.938849129790765,1.01828265092915
0.4,5,0.98374864652113,0.93887292937018,1.01826987757291
0.6,5,0.983789721150031,0.938892567323659,1.01816997587073
0.8,5,0.983826263285486,0.938937310918633,1.01815659666863
1,5,0.983857702806,0.939008065976567,1.01813996109453
1.2,5,0.983883471902536,0.93913494087673,1.0181239538309
1.4,5,0.98390301139133,0.939258001122888,1.01807586198502
1.6,5,0.983915777443643,0.939415432330444,1.01795654558974
1.8,5,0.983921248676257,0.9395669098211,1.01782890289541
2,5,0.983918933536943,0.939711418612478,1.01764810289405
2.2,5,0.983908377909941,0.939854514939739,1.01754369672914
2.4,5,0.983889172857848,0.940033466521113,1.01738087386103
2.6,5,0.983860962408473,0.940097690180106,1.01716890109968
2.8,5,0.983823451288293,0.940147715678605,1.01700378693389
3,5,0.983776412498408,0.940041078291368,1.01687711359606
3.2,5,0.983719694624445,0.939987646136908,1.01673273036052
3.4,5,0.983653228768958,0.939859448219026,1.01656770127538
3.6,5,0.983577034993532,0.940048908135366,1.01651117093001
3.8,5,0.983491228158243,0.939933406248046,1.01640665584083
4,5,0.98339602304841,0.939735145578685,1.01621301430126
4.2,5,0.983291738682725,0.939741988553349,1.01594357535983
4.4,5,0.983178801702899,0.939963993449905,1.01576079146628
4.6,5,0.983057748752942,0.940319110726813,1.01562499574943
4.8,5,0.982929227765955,0.940561085070529,1.01546489652168
5,5,0.982793998087854,0.940701039955834,1.01524163277821
5.2,5,0.98265292938056,0.94080684308712,1.01500790635412
5.4,5,0.98250699926174,0.940734054758444,1.01478876861211
5.6,5,0.982357289653984,0.940663235164238,1.01457121258973
5.8,5,0.982204981833081,0.940596609370145,1.01433101357726
6,5,0.982051350182556,0.940536555179614,1.01384914039912
6.2,5,0.981897754679626,0.94048558962872,1.01357038074922
6.4,5,0.981745632155876,0.940446353409582,1.01319631406992
6.6,5,0.981596486393939,0.940421593330063,1.0128651618575
6.8,5,0.98145187713906,0.940414142945835,1.01258287835254
7,5,0.981313408121248,0.940435142212595,1.01228662063986
7.2,5,0.981182714199527,0.940653295648685,1.01197759532959
7.4,5,0.981061447754358,0.940863744937982,1.01166110849852
7.6,5,0.980951264467247,0.940955289752792,1.0113383919
7.8,5,0.980853808637839,0.941075339115699,1.01101070767427
8,5,0.980770698198047,0.941226817937268,1.01067933664622
8.2,5,0.980703509589997,0.941461133836771,1.0102689108807
8.4,5,0.980653762679487,0.941792065548509,1.00991484544869
8.6,5,0.980622905879364,0.942162164220207,1.00975836514212
8.8,5,0.980612301657507,0.942554048555309,1.00950440007397
9,5,0.980623212602043,0.94293643849381,1.00921155947213
9.2,5,0.980656788212048,0.943365968391581,1.00892910875968
9.4,5,0.980714052575296,0.943838104146587,1.00864782214421
9.6,5,0.980795893085761,0.944329231724423,1.00844758126257
9.8,5,0.980903050342646,0.944926077825925,1.00822179065804
10,5,0.981036109359857,0.945563863113727,1.00786039914193
10.2,5,0.981195492200237,0.946324352943382,1.00756109671098
10.4,5,0.981381452132689,0.947045662459794,1.00721096236563
10.6,5,0.981594069392824,0.947815686261071,1.00683390559642
10.8,5,0.98183324860907,0.948633915986602,1.00665914543419
11,5,0.982098717936677,0.949510261924296,1.00655865866064
11.2,5,0.982390029921822,0.950434843957859,1.00642263252234
11.4,5,0.982706564097441,0.951409820515872,1.0062186393251
11.6,5,0.983047531291717,0.952435940669047,1.00596543896237
11.8,5,0.983411979609523,0.95351150410324,1.0057556570181
12,5,0.983798802026972,0.95460512639871,1.005679740913
12.2,5,0.984206745519682,0.955729648672524,1.00549105720885
12.4,5,0.984634421626721,0.956895446743114,1.00531972231443
12.6,5,0.985080318334817,0.958198188849228,1.00515016944314
12.8,5,0.985542813151315,0.959358972677597,1.0050713828811
13,5,0.986020187220015,0.96056728233537,1.00491609900108
13.2,5,0.986510640321436,0.961711650522991,1.00478075703534
13.4,5,0.987012306588556,0.963135096134174,1.00469945583185
13.6,5,0.987523270760726,0.964587393067223,1.00448753121474
13.8,5,0.988041584792457,0.96598864527553,1.00428060248494
14,5,0.988565284630233,0.967373342624266,1.00419408759221
14.2,5,0.989092406969367,0.968765014401322,1.00411669467817
14.4,5,0.989621005804436,0.970141977892064,1.0040769134947
14.6,5,0.990149168590701,0.971336862916927,1.00406075979866
14.8,5,0.990675031840395,0.972560161174581,1.00411376552746
15,5,0.991196795986473,0.973972342653375,1.0039887275751
15.2,5,0.991712739357452,0.975226283147389,1.00389039810756
15.4,5,0.992221231119958,0.976546379555621,1.00372628973701
15.6,5,0.9927207430605,0.977821365304374,1.00357663569061
15.8,5,0.993209860094418,0.979100184476717,1.00346944840519
16,5,0.993687289407731,0.980386358410194,1.00338169030723
16.2,5,0.994151868156383,0.981597764396154,1.00326657429663
16.4,5,0.994602569666864,0.982906319309213,1.00321675586082
16.6,5,0.995038508102046,0.984202232475877,1.00314941641085
16.8,5,0.995458941575989,0.985441387898493,1.00306793361741
17,5,0.995863273721098,0.986537827482156,1.00287457161242
17.2,5,0.996251053730105,0.987636259928092,1.00271054081964
17.4,5,0.996621974913522,0.988811594949481,1.00251803451833
17.6,5,0.996975871830291,0.989814092177244,1.002393667023
17.8,5,0.997312716065045,0.990779989328569,1.00232454600726
18,5,0.99763261073952,0.991740375448871,1.0022054769714
18.2,5,0.997935783858036,0.99272426534634,1.00205683175004
18.4,5,0.998222580597506,0.99360936365735,1.00184343356678
18.6,5,0.998493454661003,0.994509153492471,1.00162554927431
18.8,5,0.998748958820543,0.995353001906075,1.00141131295878
19,5,0.998989734779333,0.996155244114669,1.0011924511438
19.2,5,0.999216502486443,0.99696035236782,1.0009652558824
19.4,5,0.999430049037643,0.99776578190731,1.00072477035487
19.6,5,0.999631217295206,0.998549345489871,1.00047891289242
19.8,5,0.999820894356862,0.999285106129503,1.00023661760918
20,5,1,1,1
20.2,5,1.00016947522184,0.999764302878637,1.00068106307026
20.4,5,1.00033027098974,0.999529261680799,1.00135070597952
20.6,5,1.00048333730831,0.999308794681818,1.00199621981215
20.8,5,1.00062961270174,0.999089647775492,1.00262055404407
21,5,1.00077001420104,0.998881931627275,1.00323525346438
21.2,5,1.00090542791644,0.998650787385505,1.00382394294862
21.4,5,1.00103670026588,0.998418756886655,1.0044267902462
21.6,5,1.00116462992101,0.998197114053421,1.00499736561191
21.8,5,1.00128996052238,0.997974569818621,1.00553682062006
22,5,1.00141337420632,0.997740117353857,1.00610284163914
22.2,5,1.00153548597692,0.997526848563155,1.00664022660914
22.4,5,1.00165683894754,0.99730850324405,1.00714427677461
22.6,5,1.00177790046806,0.997126851570843,1.00759136898488
22.8,5,1.00189905914607,0.996928478388678,1.00809596211509
23,5,1.00202062276267,0.996699295992855,1.00863622212928
23.2,5,1.00214281707625,0.996485857770874,1.00910510761746
23.4,5,1.00226578550146,0.996237911050829,1.00953300167888
23.6,5,1.0023895896438,0.995899087002056,1.00997668256104
23.8,5,1.00251421066493,0.995587143179753,1.0105157714322
24,5,1.0026395514479,0.995295851620441,1.01104360642406
24.2,5,1.00276543952693,0.995042792640085,1.01152539354235
24.4,5,1.00289163074107,0.994856873780516,1.01191023342506
24.6,5,1.00301781356688,0.994678117788366,1.01238252944966
24.8,5,1.00314361408089,0.994547834829796,1.01284418879206
25,5,1.00326860149878,0.994401868835673,1.01329429817652
25.2,5,1.00339229423408,0.994229075104699,1.01371458246586
25.4,5,1.00351416641616,0.99393169612183,1.01415724687105
25.6,5,1.00363365480368,0.993626900530083,1.01451343257758
25.8,5,1.00375016602665,0.993236006368787,1.01482636101769
26,5,1.00386308408793,0.992722311009087,1.01521938254992
26.2,5,1.00397177805226,0.992295851940647,1.01552550119344
26.4,5,1.00407560984913,0.991796087774716,1.01587963404901
26.6,5,1.00417394211449,0.991453459999824,1.01620820269437
26.8,5,1.00426614599511,0.991102474802445,1.01652350960219
27,5,1.00435160883905,0.99071845450147,1.0168011641434
27.2,5,1.00442974169614,0.990153677934309,1.0171278175248
27.4,5,1.00449998655312,0.989802242950158,1.01746062397581
27.6,5,1.00456182322978,0.989450189638267,1.0177510479033
27.8,5,1.00461477586522,0.988958490061517,1.01800684404208
28,5,1.00465841892622,0.98854267302065,1.0182681917503
28.2,5,1.00469238267421,0.988164869338585,1.01849056010296
28.4,5,1.00471635803212,0.987764338132783,1.01874234943813
28.6,5,1.0047301007983,0.98728943140855,1.01894250872182
28.8,5,1.00473343516124,0.986738570793364,1.01920346090635
29,5,1.0047262564762,0.986365510977137,1.01937803842741
29.2,5,1.00470853327284,0.985944865540389,1.0193864647263
29.4,5,1.00468030847159,0.985511691067079,1.01938705020351
29.6,5,1.00464169979555,0.985100407889251,1.01947687417824
29.8,5,1.00459289937401,0.984640567936106,1.01955430965883
30,5,1.00453417254362,0.98424276764969,1.01961863637985
30.2,5,1.0044658558627,0.983838480408421,1.0196945771954
30.4,5,1.00438835436395,0.983451236431857,1.01954434542943
30.6,5,1.00430213808026,0.98305202141252,1.01950232143435
30.8,5,1.00420773788732,0.982712829252037,1.01960221420368
31,5,1.00410574071537,0.9823620679875,1.01952864107039
31.2,5,1.00399678419004,0.981897196121988,1.01912506827092
31.4,5,1.0038815507695,0.981496361996691,1.01894665577336
31.6,5,1.00376076145112,0.981121050043813,1.01893169366454
31.8,5,1.00363516912578,0.980740820334082,1.01883025533804
32,5,1.00350555166219,0.980280216833852,1.01872329073048
32.2,5,1.00337270480588,0.979924012774617,1.01857906798331
32.4,5,1.00323743497948,0.979613709764318,1.01843047507247
32.6,5,1.00310055207076,0.979216237005659,1.01827919245825
32.8,5,1.00296286229405,0.978714682630343,1.01800384035723
33,5,1.00282516120847,0.978381390291357,1.01794162911888
33.2,5,1.00268822697279,0.977956667641603,1.01793731725307
33.4,5,1.00255281391233,0.977546502458678,1.01789182908374
33.6,5,1.0024196464677,0.977134326730048,1.01783770039649
33.8,5,1.00228941358873,0.976720615062597,1.01790563243409
34,5,1.00216276362959,0.976305878869855,1.01789477709945
34.2,5,1.00204029979315,0.975991043352281,1.01786301232509
34.4,5,1.00192257616431,0.97576217173422,1.01790967516406
34.6,5,1.00181009436304,0.97552109763042,1.01786531964983
34.8,5,1.00170330083874,0.97512463030114,1.01783635794682
35,5,1.00160258481868,0.974686555876097,1.01768507716921
35.2,5,1.00150827691387,0.974501126179084,1.01765581315691
35.4,5,1.00142064837719,0.974033787493518,1.01761060411841
35.6,5,1.0013399109998,0.973690947353921,1.01759712198444
35.8,5,1.00126621762419,0.973400022369283,1.01761144734433
36,5,1.00119966324456,0.97311617454413,1.01763640142483
36.2,5,1.00114028665856,0.972517748894972,1.01783923804393
36.4,5,1.00108807262866,0.972452262758021,1.01790856585935
36.6,5,1.00104295450603,0.972064766244294,1.01798659246628
36.8,5,1.0010048172658,0.971590683144451,1.01783627712484
37,5,1.00097350089935,0.97130891114458,1.0176979458657
37.2,5,1.00094880410663,0.971032413781238,1.01768651988234
37.4,5,1.00093048823062,0.970776621341867,1.01783002460621
37.6,5,1.00091828137503,0.970611942179988,1.01809907797022
37.8,5,1.00091188264714,0.970480541498479,1.01826375501824
38,5,1.00091096646882,0.970390523927966,1.01852192774799
38.2,5,1.00091518690077,0.970314069767093,1.01881032691953
38.4,5,1.00092418192783,0.970150804942779,1.01898567578433
38.6,5,1.00093757765666,0.969917495701741,1.01911186728106
38.8,5,1.00095499238076,0.969696925039793,1.01921085060459
39,5,1.00097604047266,0.96948877636476,1.01923772853475
39.2,5,1.00100033606728,0.969368631148869,1.01945924736938
39.4,5,1.0010274965059,0.969275976825853,1.01974130853731
39.6,5,1.00105714551512,0.969560106866609,1.01999784847514
39.8,5,1.00108891610049,0.969851208055537,1.0203621273795
40,5,1.00112245313956,0.96993373273076,1.02071692126539
0,6,0.988028592036652,0.939614567405217,1.03092704811907
0.2,6,0.988093702261865,0.939752187661183,1.03098683457907
0.4,6,0.988156327880782,0.939895473881889,1.0310410469722
0.6,6,0.988215919325616,0.940044447754815,1.03099729810086
0.8,6,0.988271913268917,0.940199130633735,1.03110862144026
1,6,0.988323737485813,0.940359546685034,1.03126017018843
1.2,6,0.988370816217826,0.940525726412512,1.03138507035819
1.4,6,0.988412576006547,0.94069771053872,1.03151404094379
1.6,6,0.988448451956068,0.940875554212083,1.0317220422812
1.8,6,0.988477894373577,0.941059331499779,1.03176480000079
2,6,0.988500375728232,0.941254808323012,1.03175608420021
2.2,6,0.988515397859385,0.941486299015538,1.0316871368231
2.4,6,0.988522499356733,0.941723759967041,1.03149241103451
2.6,6,0.988521263027113,0.941967246734759,1.03140488906186
2.8,6,0.988511323355761,0.942215758809095,1.03142729502869
3,6,0.988492373863899,0.942470778561793,1.0312905256894
3.2,6,0.988464174259907,0.942718812951501,1.03121801706986
3.4,6,0.988426557278042,0.942847479609838,1.03098375728974
3.6,6,0.988379435096958,0.943002485319906,1.03070143702673
3.8,6,0.988322805230188,0.943252395310062,1.03047508646317
4,6,0.988256755782421,0.943504496492803,1.03037845057665
4.2,6,0.98818146996888,0.943585317322097,1.03018980138216
4.4,6,0.988097229800412,0.943653849689907,1.02996823946566
4.6,6,0.988004418844005,0.943820992921196,1.02962216047981
4.8,6,0.987903523977377,0.943885380699877,1.02920615724147
5,6,0.987795136066839,0.944218305791963,1.02891349060046
5.2,6,0.987679949509846,0.944567513796606,1.02860810295739
5.4,6,0.987558760597184,0.944966135328919,1.02839695156018
5.6,6,0.987432464664603,0.945420036045331,1.0281382163653
5.8,6,0.987302052019501,0.945803610613296,1.02779549005467
6,6,0.987168602644874,0.946199105098231,1.02742321721946
6.2,6,0.98703327969984,0.94661218891489,1.02707680506233
6.4,6,0.986897321853375,0.947047079917279,1.0267098312591
6.6,6,0.986762034505156,0.947526923404834,1.02633466523985
6.8,6,0.9866287799643,0.947929440083241,1.02605987816565
7,6,0.98649896667307,0.948253260177998,1.02566615580327
7.2,6,0.986374037577925,0.948602877856885,1.02522633805413
7.4,6,0.986255457764467,0.94903144536656,1.02477373638531
7.6,6,0.986144701485522,0.949117074668989,1.02425974673114
7.8,6,0.986043238722669,0.949181495739406,1.02376660840274
8,6,0.985952521430722,0.949317652546601,1.0232566316368
8.2,6,0.985873969621899,0.949753542416691,1.02282934760767
8.4,6,0.985808957451467,0.950126709300028,1.0223089720624
8.6,6,0.985758799469499,0.950651582575102,1.02161199502346
8.8,6,0.985724737203991,0.951083378575353,1.02099717405849
9,6,0.985707926238838,0.951854189918155,1.02048409913683
9.2,6,0.985709423946201,0.952336840724783,1.01993169226313
9.4,6,0.985730178026609,0.952678902185916,1.01941004366611
9.6,6,0.985771016001769,0.95316218764078,1.01889688165613
9.8,6,0.985832635794744,0.953773061403881,1.01843479289095
10,6,0.98591559751989,0.954616355187589,1.01794670534652
10.2,6,0.986020316591037,0.955414351128109,1.01741853615234
10.4,6,0.986147058240916,0.956163220904236,1.01698649150244
10.6,6,0.986295933528074,0.957027701301924,1.01647763337558
10.8,6,0.98646689688967,0.957703303952265,1.0160252179977
11,6,0.9866597452798,0.958471688336213,1.01558341701878
11.2,6,0.986874118913737,0.95941145998515,1.01515205586685
11.4,6,0.987109503618749,0.960280676397571,1.01471630304167
11.6,6,0.987365234772448,0.961063587245189,1.01428090898291
11.8,6,0.987640502790017,0.962248595222429,1.01386444365281
12,6,0.987934360102506,0.963271707920231,1.01346023646291
12.2,6,0.988245729549938,0.964265816449084,1.01308021063841
12.4,6,0.988573414095432,0.965272697955878,1.01275777000462
12.6,6,0.988916107750202,0.966165849024863,1.01241462396368
12.8,6,0.989272407584381,0.967125033874241,1.01202984555865
13,6,0.989640826685271,0.968023065927502,1.01165865789931
13.2,6,0.990019807913157,0.969030711929283,1.01131856476832
13.4,6,0.990407738295295,0.970158328195496,1.01104306582314
13.6,6,0.990802963891291,0.971240635188129,1.01074741904529
13.8,6,0.991203804957968,0.972158888912563,1.01040559963481
14,6,0.991608571238979,0.973200736712727,1.0100862457684
14.2,6,0.992015577203982,0.974212914168148,1.00977368442572
14.4,6,0.992423157064117,0.975348255269211,1.00941779957034
14.6,6,0.992829679394815,0.97648124254135,1.00907658928587
14.8,6,0.993233561203516,0.977599184308504,1.00882104278233
15,6,0.993633281288625,0.978507306639582,1.00850473553572
15.2,6,0.99402739274679,0.97961585152565,1.00817940023715
15.4,6,0.994414534498222,0.980705931050503,1.00783368611101
15.6,6,0.994793441714027,0.981751450497455,1.00747075726069
15.8,6,0.995162955045198,0.98279199167685,1.0070977131345
16,6,0.995522028569698,0.983836347328524,1.00675067529189
16.2,6,0.995869736391738,0.984893287060416,1.00640591368722
16.4,6,0.996205277845553,0.985922848271978,1.00607940941749
16.6,6,0.996527981274461,0.986909681031926,1.00572605563767
16.8,6,0.99683730637442,0.987873547784985,1.00546594185969
17,6,0.997132845109396,0.988819812895669,1.00514841696886
17.2,6,0.997414321223334,0.989720677129336,1.00480455339339
17.4,6,0.997681588390126,0.990605815021364,1.00447980361663
17.6,6,0.99793462705849,0.991451061895762,1.00414403452648
17.8,6,0.998173540062815,0.992260140401222,1.00379782730509
18,6,0.998398547083743,0.993056994088091,1.00344540709199
18.2,6,0.998609978053288,0.993848642012295,1.00307912114724
18.4,6,0.998808265608633,0.994604762304697,1.00272100499643
18.6,6,0.998993936706253,0.99532745897227,1.00237389330357
18.8,6,0.999167603513728,0.996068583411843,1.00201779153439
19,6,0.999329953700505,0.996749093565008,1.00166643340867
19.2,6,0.999481740250974,0.997445272765438,1.0013196160924
19.4,6,0.999623770923691,0.998114060378113,1.00097989363011
19.6,6,0.999756897479403,0.998762990176101,1.0006468191827
19.8,6,0.999882004797927,0.999392143314986,1.00031886980386
20,6,1,1,1
20.2,6,1.00011180168513,0.99969202639996,1.0005887463265
20.4,6,1.00021832939036,0.999398504558787,1.0011629508102
20.6,6,1.00032049336798,0.999119176252706,1.00172654267803
20.8,6,1.00041918477265,0.998860188128379,1.00226541144294
21,6,1.00051526634019,0.99861935636417,1.00279674057801
21.2,6,1.00060956363225,0.998362282808903,1.00332804614068
21.4,6,1.00070285691198,0.998160029822114,1.00382964772049
21.6,6,1.00079587370755,0.99798146964866,1.00429247661724
21.8,6,1.00088928211172,0.997806396657497,1.00481427102098
22,6,1.00098368485698,0.997573454210494,1.00536681405948
22.2,6,1.00107961419773,0.997403882631437,1.00591249672636
22.4,6,1.00117752762317,0.997285077349379,1.00638610940809
22.6,6,1.00127780441653,0.997111063326457,1.00681834760998
22.8,6,1.00138074306955,0.99698162259294,1.007238208748
23,6,1.00148655955384,0.996821276765435,1.00764940180757
23.2,6,1.00159538644439,0.996684209569633,1.00805177470824
23.4,6,1.00170727288452,0.996569501767219,1.00844602599577
23.6,6,1.00182218537535,0.996452460522934,1.00883497102963
23.8,6,1.00194000936785,0.996380981520239,1.00925655827748
24,6,1.00206055162993,0.996194312050092,1.00971259826972
24.2,6,1.00218354335629,0.996038002341283,1.01012936658536
24.4,6,1.00230864398403,0.995945727569054,1.01050831143456
24.6,6,1.00243544567232,0.995833676642002,1.01088487176769
24.8,6,1.00256347840034,0.995680876032972,1.01120897450905
25,6,1.00269221563333,0.995512522974396,1.01151174417301
25.2,6,1.00282108050282,0.995242847459499,1.01179152984273
25.4,6,1.00294945244311,0.994959425401613,1.01213290639181
25.6,6,1.00307667422275,0.994606718455086,1.01247301186089
25.8,6,1.00320205930617,0.994374965597666,1.0127854636012
26,6,1.0033248994779,0.994153287688843,1.01309030276606
26.2,6,1.00344447265869,0.993930329119855,1.01338714505087
26.4,6,1.00356005084101,0.993602297823125,1.01367560087509
26.6,6,1.00367090806908,0.993112590317632,1.01390636248688
26.8,6,1.0037763283877,0.992715521863135,1.01419347417717
27,6,1.00387561368294,0.992343668934954,1.01451054549926
27.2,6,1.00396809133811,0.991986102966802,1.01478479551133
27.4,6,1.00405312162881,0.991626957082339,1.01504480232244
27.6,6,1.00413010478227,0.991379512603231,1.01526413039965
27.8,6,1.0041984876286,0.991135008142661,1.01551704441195
28,6,1.00425776977465,0.990808393878787,1.01571443442529
28.2,6,1.00430750923486,0.990297761991682,1.0159296772889
28.4,6,1.00434732745895,0.989865406146861,1.01610949257821
28.6,6,1.00437691370138,0.989404416168783,1.01625750469787
28.8,6,1.00439602868464,0.989036259698106,1.01636224307978
29,6,1.00440450751535,0.988766740547816,1.01650344382879
29.2,6,1.00440226182065,0.988387795584295,1.01671411738091
29.4,6,1.00438928108065,0.987955044489816,1.01688248713681
29.6,6,1.00436563314222,0.98755805198109,1.01702654453115
29.8,6,1.00433146390876,0.987068017415861,1.01714280400613
30,6,1.0042869962107,0.986623782912448,1.01730313622522
30.2,6,1.00423252787113,0.986290336420047,1.01738774684131
30.4,6,1.00416842899103,0.986001452621,1.01740021431485
30.6,6,1.00409513848824,0.985502301413291,1.01735420816311
30.8,6,1.00401315993352,0.984866985744344,1.0173899739553
31,6,1.00392305673586,0.984217326898223,1.01741338491585
31.2,6,1.00382544673727,0.98366064106528,1.0173971628459
31.4,6,1.00372099628469,0.983273683322155,1.0173077400597
31.6,6,1.00361041385256,0.982802585864602,1.01729161308585
31.8,6,1.00349444329549,0.98233945342248,1.01731286793717
32,6,1.00337385681386,0.9819968505366,1.01733702623485
32.2,6,1.00324944771869,0.981640153142993,1.01721682268786
32.4,6,1.00312202308348,0.981194858343066,1.01700406204526
32.6,6,1.00299239637092,0.980760970797097,1.01673063717769
32.8,6,1.00286138012192,0.98062142589664,1.01653560323233
33,6,1.00272977879166,0.980358416619773,1.01642817917824
33.2,6,1.0025983818145,0.9799880993099,1.01630800712566
33.4,6,1.00246795697469,0.979599285574876,1.01618268748259
33.6,6,1.00233924415448,0.979330654537926,1.01608238616098
33.8,6,1.00221294952455,0.979147307199076,1.01619976658424
34,6,1.00208974023461,0.978941961562482,1.01626029302076
34.2,6,1.00197023965367,0.978593199555951,1.0161494841441
34.4,6,1.00185502320128,0.978371682196197,1.01605584244636
34.6,6,1.00174461480191,0.978125177125116,1.01593233835862
34.8,6,1.00163948398546,0.977895838745849,1.01578606098489
35,6,1.0015400436478,0.977784715617395,1.01562309952298
35.2,6,1.00144664847591,0.977613585632068,1.01544217973223
35.4,6,1.0013595940333,0.97735857161869,1.01534520233893
35.6,6,1.00127911649276,0.977106853127474,1.01519162512801
35.8,6,1.00120539299542,0.976777647900462,1.01503958057903
36,6,1.00113854260743,0.976428049263102,1.01496128638202
36.2,6,1.00107862783886,0.976200952056072,1.01499882488775
36.4,6,1.00102565668332,0.97606651126203,1.0151024528013
36.6,6,1.00097958513159,0.975918614589378,1.01507632156673
36.8,6,1.00094032010815,0.975742407338969,1.01510031506469
37,6,1.00090772277622,0.975682536494583,1.01505711286641
37.2,6,1.00088161215456,0.975612950423533,1.01497729923701
37.4,6,1.00086176898751,0.975684774566499,1.01513970864155
37.6,6,1.00084793980947,0.975642400532171,1.01527363570298
37.8,6,1.00083984114531,0.975564824343539,1.01542121625718
38,6,1.00083716378925,0.97562518009196,1.01564108949187
38.2,6,1.00083957710683,0.975737176889927,1.01581914651616
38.4,6,1.00084673330743,0.975737676803372,1.01609383295344
38.6,6,1.00085827163785,0.97559709002181,1.01637175843859
38.8,6,1.00087382245154,0.975743327532701,1.01654279767555
39,6,1.00089301111247,0.9758901795843,1.01659351114697
39.2,6,1.00091546169719,0.975880260976279,1.01674379190852
39.4,6,1.00094080046371,0.975753002658187,1.01690411995466
39.6,6,1.00096865906095,0.975444599546465,1.01696648442148
39.8,6,1.00099867745771,0.975376027806763,1.01727158949884
40,6,1.00103050657537,0.975345083966188,1.01763754626988
0,7,1.02257531021354,0.98601472237502,1.05169789810742
0.2,7,1.02262589390854,0.98614068221915,1.05146258627882
0.4,7,1.02267201838409,0.986199651224345,1.05131443857503
0.6,7,1.02271293163003,0.986255681231051,1.05125304708792
0.8,7,1.02274785363396,0.98644935191946,1.05127979531716
1,7,1.02277598089844,0.986517853558555,1.05115876240359
1.2,7,1.02279649152349,0.986641963514774,1.0512047576187
1.4,7,1.02280855083153,0.986780174475526,1.05115118688884
1.6,7,1.02281131750205,0.986914975527051,1.0510522524943
1.8,7,1.02280395017392,0.98704540981072,1.05093923598955
2,7,1.02278561446392,0.987113188401715,1.05087426463307
2.2,7,1.02275549034073,0.987088238683563,1.05075573326161
2.4,7,1.02271277978476,0.986977749434573,1.05057253733577
2.6,7,1.02265671465584,0.987013069568902,1.05048307415669
2.8,7,1.02258656468328,0.987050610994988,1.05034254417721
3,7,1.02250164548623,0.987177406224946,1.05011666893489
3.2,7,1.02240132652666,0.987192369048987,1.04995432628056
3.4,7,1.02228503889299,0.987177195117692,1.04976027718889
3.6,7,1.02215228280977,0.98728424520586,1.04943678891868
3.8,7,1.02200263476726,0.987400222536845,1.04920716950476
4,7,1.0218357541653,0.987340965214754,1.04901291249588
4.2,7,1.02165138936785,0.987125294120098,1.04864369450744
4.4,7,1.02144938306853,0.986937286402434,1.04837435408838
4.6,7,1.02122967687286,0.986798858423889,1.04802137789534
4.8,7,1.02099231501055,0.986624911099894,1.04741876244819
5,7,1.02073744710011,0.986607816575154,1.04708841501574
5.2,7,1.02046532989851,0.98663672178862,1.04667619853291
5.4,7,1.02017632798104,0.986637411597315,1.04626916481035
5.6,7,1.0198709133095,0.986592258639324,1.04583832223639
5.8,7,1.01954966366165,0.986592866884252,1.04525859239353
6,7,1.0192132599098,0.986628083068241,1.04469477404046
6.2,7,1.01886248215254,0.98644887839127,1.04404204357972
6.4,7,1.01849820471983,0.986134714469502,1.0435372533731
6.6,7,1.01812139008794,0.985917454070398,1.04290097724605
6.8,7,1.01773308175674,0.985801839154347,1.04227958221716
7,7,1.01733439615767,0.985493305855369,1.04162458580315
7.2,7,1.01692651367529,0.985250901015893,1.04088214309001
7.4,7,1.01651066887917,0.984947945254512,1.04027501810036
7.6,7,1.01608814007547,0.984694773524941,1.0394447553414
7.8,7,1.01566023829841,0.98456237784416,1.03875092385805
8,7,1.01522829587111,0.98455745557344,1.03807588374978
8.2,7,1.01479365467278,0.984272424472493,1.03729095984153
8.4,7,1.01435765425454,0.984051880223356,1.03658170235401
8.6,7,1.01392161994952,0.983898360787354,1.03580683151978
8.8,7,1.01348685112405,0.983765853498275,1.03502185197768
9,7,1.01305460971569,0.983657675232013,1.03426203232156
9.2,7,1.01262610920073,0.983574483101037,1.03339645703717
9.4,7,1.01220250412855,0.983516663559669,1.03260955477282
9.6,7,1.01178488035288,0.983550049126039,1.0318697993075
9.8,7,1.01137424608098,0.983560081538635,1.03115698653902
10,7,1.01097152385073,0.983602044838408,1.03038486308949
10.2,7,1.01057754353333,0.983674761395556,1.02960837605191
10.4,7,1.01019303644522,0.983777390075324,1.02891266951451
10.6,7,1.00981863063824,0.98388097008256,1.02811112608965
10.8,7,1.00945484742085,0.98395311849254,1.02745294142059
11,7,1.00910209914679,0.984203126852791,1.02686736120853
11.2,7,1.00876068829051,0.984353753244251,1.02609965576764
11.4,7,1.00843080781168,0.984541708550161,1.02537048569659
11.6,7,1.00811254279374,0.984733767395279,1.02465041397647
11.8,7,1.00780587332484,0.985009733712995,1.02399259362404
12,7,1.00751067857334,0.985209055860897,1.02320925609396
12.2,7,1.00722674199431,0.985548707337291,1.02248064060191
12.4,7,1.0069537575895,0.985938905908063,1.02175461140571
12.6,7,1.00669133712963,0.986238411901475,1.02105179480737
12.8,7,1.00643901823621,0.986435812912118,1.0202769158354
13,7,1.00619627320989,0.986737299369469,1.01970203742427
13.2,7,1.00596251848351,0.987053810216201,1.01912016380995
13.4,7,1.00573712457152,0.987381337455091,1.01847922680765
13.6,7,1.00551942638231,0.987583875444338,1.01789141582382
13.8,7,1.00530873375706,0.98785985376753,1.01730582656879
14,7,1.00510434209779,0.988126387881405,1.01662029513786
14.2,7,1.00490554294809,0.988470435076335,1.01599212435097
14.4,7,1.0047116343928,0.988879682882968,1.01543967058316
14.6,7,1.00452193114782,0.989270725933194,1.01479959049
14.8,7,1.00433577421729,0.989558751827224,1.01428808063712
15,7,1.00415254000359,0.989869636474414,1.01368881585835
15.2,7,1.00397164876511,0.990188800702743,1.01311134302161
15.4,7,1.00379257232738,0.990529465475394,1.01252204730578
15.6,7,1.00361484096495,0.990953968004935,1.01199066613225
15.8,7,1.00343804938433,0.99138972046701,1.01135420482245
16,7,1.0032618617515,0.991783942828584,1.01079058816944
16.2,7,1.0030860157213,0.992128143492363,1.01016290400027
16.4,7,1.00291032544017,0.992546905483546,1.00959352609215
16.6,7,1.00273468350747,0.993020161779265,1.00905715747694
16.8,7,1.00255906189456,0.993388757362747,1.00843710431099
17,7,1.00238351183394,0.993848948028172,1.00792418099678
17.2,7,1.00220816270331,0.99419639904826,1.00736981919081
17.4,7,1.00203321994159,0.99453264660536,1.00681609433246
17.6,7,1.00185896204423,0.994893380818574,1.00624177069418
17.8,7,1.00168573669532,0.995314930782502,1.00566585902238
18,7,1.00151395610237,0.995763742580437,1.00511743470302
18.2,7,1.00134409160683,0.996187376142831,1.00455412469979
18.4,7,1.00117666764968,0.996629906949477,1.00402302560499
18.6,7,1.00101225517566,0.997045878909735,1.00347790979321
18.8,7,1.00085146456342,0.997457540777799,1.00294921704092
19,7,1.0006949381707,0.997876164679618,1.00242379184598
19.2,7,1.00054334258449,0.998306564387941,1.00190847639469
19.4,7,1.00039736066606,0.998730076747042,1.0014047740085
19.6,7,1.00025768347897,0.999145941026169,1.00091800437041
19.8,7,1.00012500218631,0.999572042922205,1.00045105442694
20,7,1,1,1
20.2,7,0.999883344261211,0.999567700192983,1.00043105791112
20.4,7,0.99977567872668,0.99915518359462,1.00086086307471
20.6,7,0.999677616130599,0.998762283701142,1.00129854123059
20.8,7,0.999589731086674,0.998389621881629,1.00174231000659
21,7,0.999512553389426,0.998030257135297,1.00219471367136
21.2,7,0.999446561768191,0.997682282074674,1.00264090538766
21.4,7,0.999392178141609,0.997361284138691,1.00308021870264
21.6,7,0.999349762414783,0.997063477950692,1.00352632997032
21.8,7,0.999319607855677,0.996780026058907,1.00399471063197
22,7,0.999301937081947,0.996531600576618,1.00444179995279
22.2,7,0.999296898684091,0.996283920315867,1.00492654167305
22.4,7,0.999304564505747,0.996085268926384,1.00535387722125
22.6,7,0.999324927597047,0.995907237295154,1.00576054891239
22.8,7,0.999357900852227,0.995731127246976,1.00617430661717
23,7,0.999403316338117,0.995552661607109,1.00657836170721
23.2,7,0.999460925315738,0.995368890098858,1.00699470310282
23.4,7,0.999530398952897,0.995259480685868,1.0074371199537
23.6,7,0.999611329721464,0.995122604788813,1.00797372939094
23.8,7,0.999703233468789,0.995063051837996,1.00845237707926
24,7,0.999805552148583,0.994983395106433,1.00895402923519
24.2,7,0.99991765719234,0.994871286971976,1.00940249052647
24.4,7,1.00003885349817,0.994814316266802,1.00984231121059
24.6,7,1.00016838400964,0.994812360898136,1.01032786867502
24.8,7,1.00030543485271,0.994785432136386,1.01092099549375
25,7,1.00044914099481,0.994818900154978,1.01144797304051
25.2,7,1.00059859238506,0.99488675635106,1.01191132936551
25.4,7,1.00075284053089,0.994936289106676,1.01240489695495
25.6,7,1.00091090546121,0.994971188173817,1.01291786093105
25.8,7,1.00107178302244,0.995020158288561,1.01355143024292
26,7,1.00123445244935,0.995070549961841,1.01401549105477
26.2,7,1.00139788414854,0.995093344755167,1.0143759358529
26.4,7,1.00156104762905,0.995106931251884,1.01480724031686
26.6,7,1.00172291951121,0.995162781695316,1.01537570156234
26.8,7,1.0018824915419,0.99516859076279,1.01574827061457
27,7,1.00203877854269,0.995176702154323,1.01614159341931
27.2,7,1.00219082621527,0.995217397033311,1.01658024992526
27.4,7,1.00233771872849,0.995266354420439,1.01703295337334
27.6,7,1.00247858601082,0.995276502410637,1.01741662558181
27.8,7,1.00261261067369,0.995313229649778,1.01779577772246
28,7,1.00273903449272,0.995281787869543,1.01822905516048
28.2,7,1.00285716437714,0.995426763540024,1.01862356880153
28.4,7,1.00296637776152,0.99546447698992,1.01909404695171
28.6,7,1.00306612735922,0.995446666817812,1.01941379801211
28.8,7,1.00315594522275,0.995449534306725,1.01960586153018
29,7,1.00323544606329,0.995465245478997,1.01988036059358
29.2,7,1.00330432978957,0.995560833673331,1.02020175435529
29.4,7,1.00336238323478,0.995595275583441,1.02075801307501
29.6,7,1.00340948104943,0.995602525695331,1.02108350954909
29.8,7,1.00344558574811,0.995596282637985,1.02129049698811
30,7,1.00347074690796,0.995636247198021,1.02147245192044
30.2,7,1.00348509952752,0.995625151351006,1.0215861681047
30.4,7,1.0034888615645,0.995601518175884,1.02160770605736
30.6,7,1.00348233068206,0.995524838537888,1.02163840485316
30.8,7,1.00346588024259,0.995496983919918,1.02169186870137
31,7,1.00343995459804,0.995461834410319,1.02179400036219
31.2,7,1.00340506373443,0.995402852486076,1.02187879449558
31.4,7,1.00336177733665,0.995289135048303,1.02195073215003
31.6,7,1.00331071834637,0.995144935058807,1.02200869281435
31.8,7,1.0032525560926,0.994954016299546,1.02204692044696
32,7,1.00318799907877,0.994775439485439,1.02201642406061
32.2,7,1.00311778751439,0.994621867564964,1.02197301433762
32.4,7,1.00304268568129,0.994507724821433,1.02191851245839
32.6,7,1.00296347422592,0.994409755412896,1.02185475961111
32.8,7,1.0028809424682,0.994271611019302,1.02178359906768
33,7,1.00279588081655,0.994121343677935,1.02174476132294
33.2,7,1.00270907337492,0.993952908471437,1.02180912932212
33.4,7,1.00262129082406,0.993790644494194,1.02183058005398
33.6,7,1.00253328365361,0.993598854231679,1.0218950495346
33.8,7,1.0024457758153,0.993418794295757,1.02210953600064
34,7,1.00235945886024,0.993237438641477,1.02229250657544
34.2,7,1.00227498661534,0.993055964404541,1.02241102414807
34.4,7,1.00219297044506,0.992838060643209,1.02257099827605
34.6,7,1.00211397513585,0.992630055632971,1.02252300078501
34.8,7,1.00203851543083,0.992441758369784,1.02244508274856
35,7,1.00196705323323,0.992339736892437,1.02237367014472
35.2,7,1.00189999548702,0.992242309641174,1.02230612117011
35.4,7,1.0018376927344,0.992100597294576,1.0222346741385
35.6,7,1.0017804383403,0.991970049143393,1.02215577184364
35.8,7,1.00172846836586,0.991859128624713,1.02216374026975
36,7,1.00168196206461,0.991900582515709,1.02229229551347
36.2,7,1.00164104296817,0.991791870713718,1.02227934774236
36.4,7,1.00160578052126,0.991542726437017,1.02244179548311
36.6,7,1.00157619222073,0.991247927753938,1.02259649243435
36.8,7,1.00155224620832,0.990965156940277,1.02283943379981
37,7,1.001533864263,0.990852259299706,1.02311283339623
37.2,7,1.00152092513624,0.990613009413801,1.02340120333519
37.4,7,1.00151326817166,0.990487382353674,1.02374125835273
37.6,7,1.00151069714932,0.990307213227068,1.02408272312388
37.8,7,1.0015129842956,0.99009299185954,1.02436183977778
38,7,1.00151987440009,0.989958560586449,1.0245728725262
38.2,7,1.0015310889828,0.989805693365771,1.02478512334586
38.4,7,1.00154633045777,0.989700820594957,1.02500106071359
38.6,7,1.00156528624209,0.989570679535778,1.02530677011514
38.8,7,1.00158763276322,0.989391323661369,1.0256950796048
39,7,1.00161303932189,0.989227723579504,1.02599627682926
39.2,7,1.00164117177238,0.989107073407627,1.02640502981734
39.4,7,1.00167169598704,0.989000986678333,1.02685107295665
39.6,7,1.00170428107697,0.988958053058975,1.0271327963721
39.8,7,1.00173860234618,0.988864909065181,1.02741200489695
40,7,1.00177434396155,0.988815428295304,1.02769177588036
0,8,1.03404473420701,1.00080811226072,1.06190712177699
0.2,8,1.03409277539179,1.00086206443609,1.06173446751706
0.4,8,1.03413575882192,1.00089487036852,1.0616848981625
0.6,8,1.03417286173498,1.00091395559655,1.06166057170388
0.8,8,1.03420322860106,1.00102358445031,1.06164390897169
1,8,1.03422597561619,1.00110482737275,1.06161659487695
1.2,8,1.03424019579239,1.00105833723133,1.06151943728951
1.4,8,1.03424496462325,1.00112177938406,1.06139054937222
1.6,8,1.03423934629451,1.00109500505002,1.06131569479044
1.8,8,1.03422240039944,1.00099135362523,1.06119724871946
2,8,1.03419318910864,1.00098929149401,1.06111958121171
2.2,8,1.03415078473508,1.00103116784616,1.06102112929028
2.4,8,1.0340942776252,1.00106560896694,1.06104246119944
2.6,8,1.03402278429867,1.00108896373639,1.06108769483063
2.8,8,1.03393545575135,1.00103705550355,1.06096073627511
3,8,1.03383148582874,1.00087950717673,1.06071818973055
3.2,8,1.03371011957162,1.00071023639947,1.06044186975608
3.4,8,1.03357066143036,1.00056600477048,1.06014617008498
3.6,8,1.03341248324168,1.0006193018864,1.05983042258468
3.8,8,1.03323503185936,1.00041432659359,1.05949286544202
4,8,1.03303783633073,1.00035544384594,1.0591363079636
4.2,8,1.0328205145122,1.00039278396379,1.05875681815423
4.4,8,1.03258277902065,1.00041316584552,1.05835504637384
4.6,8,1.03232444242264,1.0004069543415,1.0579305716414
4.8,8,1.03204542157073,1.0001926123814,1.05733103700534
5,8,1.03174574100462,0.999960629497434,1.05683049569891
5.2,8,1.03142553534548,0.999892178470237,1.05649645911575
5.4,8,1.03108505062375,0.999929620308688,1.05593764284274
5.6,8,1.03072464449389,0.999965096209605,1.05533380927592
5.8,8,1.03034478530392,0.99979282943595,1.05479856109398
6,8,1.02994605000318,0.999756821599621,1.05426934535731
6.2,8,1.02952912088737,0.999636562957947,1.05365497961304
6.4,8,1.02909478119667,0.999475067343166,1.05292561507137
6.6,8,1.02864390959909,0.999421562848567,1.05222409064127
6.8,8,1.02817747360751,0.999180189799782,1.05150134478256
7,8,1.027696521995,0.998998131492019,1.05070392312512
7.2,8,1.02720217628789,0.998830424998869,1.04988993682382
7.4,8,1.02669562143041,0.998640914324358,1.04901349739066
7.6,8,1.0261780957275,0.998473112940312,1.04812086790137
7.8,8,1.0256508801838,0.998349715072686,1.04723946732129
8,8,1.02511528736663,0.998139475427773,1.04644146962181
8.2,8,1.02457264992822,0.997931915629056,1.04578446944542
8.4,8,1.02402430892878,0.997732867958762,1.04492993962799
8.6,8,1.02347160210524,0.997543479658931,1.04391691630201
8.8,8,1.02291585223218,0.997397557231182,1.04289679781227
9,8,1.02235835572086,0.997199423747238,1.04189118383715
9.2,8,1.02180037159921,0.997085187537159,1.04120924466958
9.4,8,1.02124311101089,0.997006774027633,1.04028783519443
9.6,8,1.02068772736422,0.996746502004987,1.03947236236728
9.8,8,1.02013530725306,0.996615158028592,1.03860136481658
10,8,1.01958686226095,0.996499623045669,1.03775642001988
10.2,8,1.01904332174738,0.996396776659084,1.0368648617534
10.4,8,1.01850552670157,0.996235836742083,1.03597590837593
10.6,8,1.01797422473402,0.996090583309707,1.03505538053777
10.8,8,1.01745006626068,0.996004279675961,1.03425867567975
11,8,1.01693360191758,0.995980281666582,1.03350165974885
11.2,8,1.01642528122727,0.995980401934788,1.03284021977888
11.4,8,1.01592545252119,0.99590836622988,1.03214862490073
11.6,8,1.01543436410482,0.995923816467948,1.03136606661691
11.8,8,1.01495216663626,0.996001356317724,1.03066096632508
12,8,1.01447891667211,0.995971933612328,1.02992704751903
12.2,8,1.01401458131987,0.995932203117973,1.02919602219539
12.4,8,1.01355904392115,0.995938001479758,1.02842141401057
12.6,8,1.01311211067726,0.995944953146992,1.02758900782383
12.8,8,1.01267351811696,0.996034832885482,1.0267051041665
13,8,1.01224294129599,0.996104725664817,1.02591162009083
13.2,8,1.01182000260937,0.996161462910776,1.0249414529034
13.4,8,1.01140428109122,0.996222407964428,1.02396912969465
13.6,8,1.01099532207152,0.996334942139795,1.02306499393779
13.8,8,1.01059264705684,0.99643240389679,1.02213799456811
14,8,1.01019576370073,0.996548966083718,1.02135698061053
14.2,8,1.00980417573077,0.996677621664565,1.02052916174864
14.4,8,1.00941739270181,0.996867599308213,1.0197206267197
14.6,8,1.00903493945001,0.997017028203156,1.01889347291799
14.8,8,1.00865636512811,0.997197954043731,1.01810525116843
15,8,1.00828125171087,0.997314245874266,1.01736954268872
15.2,8,1.00790922186856,0.997405639609543,1.01672758673276
15.4,8,1.00753994611705,0.99748531983915,1.01598501748026
15.6,8,1.00717314916494,0.997623917401418,1.01523285855097
15.8,8,1.00680861539037,0.997756912669765,1.01441593602515
16,8,1.00644619339324,0.997859173193347,1.01360605173655
16.2,8,1.00608579958248,0.997990956431884,1.01282991435244
16.4,8,1.00572742077109,0.998129797787305,1.01206874587966
16.6,8,1.00537111576584,0.998319623583814,1.01141655615927
16.8,8,1.00501701595156,0.99844449468787,1.01064761078069
17,8,1.00466532488302,0.998557296832462,1.00988238969886
17.2,8,1.00431631690951,0.998669876744128,1.00914519047814
17.4,8,1.00397033486892,0.998775669942131,1.00839191201882
17.6,8,1.00362778689838,0.998888678518598,1.0076493061167
17.8,8,1.00328914241801,0.998999113585265,1.00695304930375
18,8,1.0029549273527,0.999073164195273,1.00625156455455
18.2,8,1.00262571866366,0.999155845091747,1.00559660874192
18.4,8,1.00230213826728,0.999221187321639,1.00492511923245
18.6,8,1.00198484642352,0.999308884760546,1.00426378885116
18.8,8,1.00167453467877,0.999410800440847,1.00362507434373
19,8,1.00137191845058,0.999496573601091,1.00297547906395
19.2,8,1.00107772934203,0.999598359993573,1.00233212349072
19.4,8,1.00079270727339,0.999706203619109,1.00171902937677
19.6,8,1.00051759251731,0.999805842285719,1.00112747167878
19.8,8,1.00025311772154,0.999901362625568,1.00055774191441
20,8,1,1,1
20.2,8,0.999758933169593,0.999463653574295,1.00009896659485
20.4,8,0.99953058020548,0.998949151300187,1.00019968179156
20.6,8,0.999315565983069,0.998457965780427,1.00031385654914
20.8,8,0.999114470369755,0.997982345028704,1.00043539495182
21,8,0.998927821724192,0.997533766733273,1.00054873202004
21.2,8,0.99875609085541,0.997113970105938,1.00065957429468
21.4,8,0.998599685488584,0.996717030375503,1.00078183241741
21.6,8,0.998458945278804,0.996359606197912,1.00091922186372
21.8,8,0.998334137408766,0.996012345717744,1.00108691688417
22,8,0.998225452801022,0.995655549496643,1.00121733039738
22.2,8,0.998133002970276,0.995341520984196,1.00136581318295
22.4,8,0.99805681753626,0.995049878051139,1.00151940081636
22.6,8,0.997996842412862,0.994801096631839,1.00172465523529
22.8,8,0.997952938684587,0.994563110699219,1.00194463915829
23,8,0.99792488217687,0.994323520902712,1.00211979815304
23.2,8,0.997912363722395,0.994137208664971,1.00232676873043
23.4,8,0.997914990121285,0.993994387181962,1.00261200187129
23.6,8,0.997932285788764,0.993838631630109,1.00287221054286
23.8,8,0.997963695079696,0.993692097894727,1.00310178880615
24,8,0.998008585275203,0.993556675327069,1.00338856627297
24.2,8,0.998066250212273,0.993461787576973,1.00365876265756
24.4,8,0.99813591453303,0.993374393962783,1.003951571059
24.6,8,0.998216738525934,0.993321531001223,1.00424952833547
24.8,8,0.998307823526764,0.99327197613906,1.00455508155491
25,8,0.998408217842763,0.993236893347797,1.00488423148249
25.2,8,0.998516923158776,0.993216314834218,1.00521561155885
25.4,8,0.998632901379693,0.993197496062661,1.00554250060341
25.6,8,0.998755081859014,0.993240462449674,1.00586216947533
25.8,8,0.998882368958931,0.993213434845355,1.00619000126275
26,8,0.999013649883108,0.993275303155113,1.00654151932935
26.2,8,0.999147802719286,0.99330420358865,1.00677770495476
26.4,8,0.999283704625202,0.993350101982279,1.00699929418902
26.6,8,0.999420240088005,0.993403419453836,1.00720522528842
26.8,8,0.999556309184577,0.993433551495665,1.00743783224941
27,8,0.999690835768029,0.993459085428837,1.00766353463142
27.2,8,0.999822775504118,0.993476914594961,1.00794692199908
27.4,8,0.999951123680679,0.99350102020129,1.00813268851536
27.6,8,1.00007492271329,0.993527680537208,1.00832082388012
27.8,8,1.00019326927145,0.993554286928109,1.00868543397834
28,8,1.00030532095172,0.993630709338425,1.00907993016078
28.2,8,1.00041030242716,0.993654490150751,1.00942704213638
28.4,8,1.00050751100662,0.993736572755089,1.00968570794284
28.6,8,1.00059632154259,0.993778181243478,1.00993556524476
28.8,8,1.00067619063225,0.993750965125406,1.01018321241366
29,8,1.00074666006369,0.993730057495557,1.01036776614967
29.2,8,1.00080735946684,0.993732722448731,1.01044199526934
29.4,8,1.00085800813776,0.993743441760321,1.01050636390655
29.6,8,1.00089841601404,0.993722711003538,1.01056208479763
29.8,8,1.00092848378906,0.993688467407108,1.01057294148616
30,8,1.00094820216316,0.993658921897096,1.01066139427056
30.2,8,1.00095765024027,0.993600758022157,1.01077509715589
30.4,8,1.00095699308922,0.993481372357438,1.01090129267644
30.6,8,1.00094647849915,0.993419954461788,1.01085572922947
30.8,8,1.00092643296887,0.99334262577,1.01093675508938
31,8,1.00089725697944,0.993225759626701,1.01089206868915
31.2,8,1.00085941960845,0.993178685325226,1.01080590920033
31.4,8,1.00081345255247,0.993146048334218,1.01074861307729
31.6,8,1.00075994363153,0.993103916264972,1.01074898330227
31.8,8,1.00069952985572,0.993032531454894,1.01075477817201
32,8,1.00063289013868,0.992958682449163,1.01070098221965
32.2,8,1.00056073774684,0.992857660684646,1.01065523600157
32.4,8,1.00048381257551,0.992698695088788,1.01064041109402
32.6,8,1.00040287334369,0.992582579388397,1.01061936462834
32.8,8,1.00031868979972,0.992517466238989,1.01055992141353
33,8,1.00023203502753,0.992399658335075,1.01047412050142
33.2,8,1.00014367794084,0.992263014129157,1.01051221793615
33.4,8,1.00005437604803,0.992098187286601,1.01054967972586
33.6,8,0.999964868565315,0.99194816654663,1.01054206792773
33.8,8,0.999875869949241,0.991798887714056,1.01059957995709
34,8,0.999788063912398,0.991692839292807,1.01059755041483
34.2,8,0.99970209797802,0.991601185479713,1.01059651053589
34.4,8,0.999618578620537,0.991501607584633,1.01060671612176
34.6,8,0.999538067029946,0.991356560575606,1.01061140189906
34.8,8,0.999461075528421,0.991203432576448,1.010566057215
35,8,0.999388064658,0.991048285140821,1.01065247431918
35.2,8,0.9993194409486,0.990868645397279,1.01072979995229
35.4,8,0.999255555366256,0.990821456824009,1.01068127784446
35.6,8,0.999196702432376,0.990667650855319,1.01077858536285
35.8,8,0.999143119996255,0.990584709722998,1.01084445493944
36,8,0.999094989635018,0.990428864332963,1.01107713409654
36.2,8,0.999052437647901,0.990330507093041,1.01125523901231
36.4,8,0.999015536605187,0.990017553149829,1.01132080717129
36.6,8,0.99898430740648,0.989827220245857,1.01159446793624
36.8,8,0.998958721798198,0.989885886309308,1.0119661486475
37,8,0.998938705296405,0.989762638508292,1.01216325369113
37.2,8,0.998924140458232,0.989577393812428,1.01232390914253
37.4,8,0.998914870443295,0.989433196754094,1.01252899257863
37.6,8,0.998910702805646,0.989244755211913,1.01263985842951
37.8,8,0.998911413456816,0.989147257425387,1.0128142331124
38,8,0.998916750741418,0.989150181486545,1.01298439506912
38.2,8,0.998926439568581,0.989106562966557,1.01323719257763
38.4,8,0.998940185544945,0.988939581085556,1.01354225581362
38.6,8,0.998957679058139,0.988843197187827,1.0138459091215
38.8,8,0.998978599263467,0.98877055868808,1.01407684341038
39,8,0.999002617930719,0.98869911804152,1.01422213697847
39.2,8,0.999029403112739,0.988551081044739,1.01432172137899
39.4,8,0.999058622602284,0.988507287149096,1.01428268113691
39.6,8,0.999089947148852,0.988429318576519,1.01427680824981
39.8,8,0.999123053412399,0.988302112811106,1.01462603731183
40,8,0.999157626636094,0.988302504654766,1.01482209969659
0,9,1.04439679970472,1.01849901173631,1.11094910075416
0.2,9,1.04443731249602,1.01879478675927,1.1110388666452
0.4,9,1.04447182974155,1.019038942017,1.11103502111584
0.6,9,1.04449944432984,1.01928186652019,1.11093832762357
0.8,9,1.04451921199431,1.01967303660492,1.11081972583701
1,9,1.04453015589544,1.02008223728597,1.1106389975293
1.2,9,1.04453127183762,1.02024012259338,1.11034803522761
1.4,9,1.04452153410153,1.02058108375066,1.11003604765766
1.6,9,1.04449990186283,1.02073161906561,1.10975051954539
1.8,9,1.0444653261583,1.02079139911269,1.10948479241367
2,9,1.04441675734991,1.02085515003007,1.10918876170221
2.2,9,1.04435315302786,1.02098753759606,1.10911783231124
2.4,9,1.04427348628335,1.02100250816853,1.10886251054707
2.6,9,1.04417675427332,1.02107405954139,1.1084651455962
2.8,9,1.04406198699035,1.02125993488204,1.10803530632787
3,9,1.04392825614355,1.02108671249926,1.10757083777457
3.2,9,1.04377468404996,1.02097208231675,1.107169192668
3.4,9,1.04360045243036,1.02090950512086,1.1068134915779
3.6,9,1.04340481099993,1.02079027203327,1.10615888152586
3.8,9,1.04318708574164,1.02063406312475,1.10571378295986
4,9,1.04294668675009,1.02054800007402,1.10521474852568
4.2,9,1.04268311553431,1.02054041161325,1.10466017086822
4.4,9,1.04239597167142,1.02027470249623,1.10404864661558
4.6,9,1.04208495870784,1.02005617114601,1.103378992135
4.8,9,1.0417498892115,1.01986773925409,1.10265025763537
5,9,1.04139068888716,1.01957909195869,1.1018617394045
5.2,9,1.04100739967719,1.01923984323122,1.1010129899901
5.4,9,1.04060018178197,1.01883985734846,1.10004134944477
5.6,9,1.04016931454749,1.01842210978309,1.09908768367329
5.8,9,1.03971519618217,1.01801875284742,1.09810487449193
6,9,1.03923834228042,1.01772502318246,1.09719245077211
6.2,9,1.03873938314671,1.0174711679527,1.09594240495995
6.4,9,1.03821905993082,1.0172066580179,1.09489530624516
6.6,9,1.03767821960152,1.01685848924751,1.09407326235609
6.8,9,1.03711780880308,1.01663010753,1.09322091377652
7,9,1.03653886665516,1.01639137763137,1.09198548636279
7.2,9,1.03594251657253,1.01612593724765,1.09125887356422
7.4,9,1.0353299571955,1.01580228567877,1.09007724906481
7.6,9,1.03470245253569,1.0152877706707,1.08883908861389
7.8,9,1.03406132145357,1.01497849150592,1.08754291144313
8,9,1.03340792659449,1.01465746305424,1.08613101305521
8.2,9,1.03274366291825,1.01432879930123,1.0850210439706
8.4,9,1.03206994596385,1.01392621374111,1.08384437953771
8.6,9,1.03138819999476,1.01364085133853,1.08223022563169
8.8,9,1.03069984617272,1.01329929987172,1.08055492189678
9,9,1.03000629090712,1.01291680040107,1.07928661581372
9.2,9,1.02930891452517,1.01240750021317,1.07764060563234
9.4,9,1.02860906040299,1.01202619971883,1.07628047470884
9.6,9,1.02790802469121,1.01149362603961,1.07439851368923
9.8,9,1.02720704676006,1.01095940250757,1.07295924120471
10,9,1.02650730047819,1.01049270026483,1.07155061568757
10.2,9,1.02580988642755,1.01003729156539,1.07010439528157
10.4,9,1.02511582514301,1.00961401282406,1.06884083053175
10.6,9,1.02442605145074,1.00920536814143,1.06751496000334
10.8,9,1.02374140996344,1.00886323798115,1.06610242080298
11,9,1.02306265177454,1.00853066161699,1.06453281159492
11.2,9,1.02239043237604,1.00819969734643,1.06266166843455
11.4,9,1.02172531080819,1.00797573086074,1.060723228009
11.6,9,1.0210677500318,1.00773165836212,1.05891394201938
11.8,9,1.02041811849765,1.00753378432607,1.05746508904897
12,9,1.01977669287108,1.00731443260568,1.05573835340723
12.2,9,1.01914366185482,1.00695666767438,1.05390197378871
12.4,9,1.0185191310387,1.00665570932821,1.0518529910598
12.6,9,1.01790312869191,1.00633518303481,1.04981583290029
12.8,9,1.01729561240186,1.00596088839622,1.04820610814167
13,9,1.01669647645336,1.00563386897101,1.04631052983228
13.2,9,1.01610555983384,1.00537404734438,1.04432581813825
13.4,9,1.0155226547432,1.00521484882672,1.04258028896265
13.6,9,1.01494751548244,1.00503482240937,1.04122889188146
13.8,9,1.01437986759211,1.00486547334145,1.03983254467841
14,9,1.01381941711072,1.00467294745252,1.03785572709285
14.2,9,1.01326585982402,1.00449774374917,1.03619138154886
14.4,9,1.01271889037889,1.00429948257572,1.03452023292917
14.6,9,1.01217821113992,1.00413556598082,1.0329302306229
14.8,9,1.01164354067306,1.00391580015833,1.03138449432646
15,9,1.01111462174815,1.00369671315017,1.02961586055285
15.2,9,1.01059122876135,1.00353608165045,1.02788282390191
15.4,9,1.01007317448866,1.00332343303272,1.02637773198653
15.6,9,1.00956031609276,1.00308034074728,1.02508815948432
15.8,9,1.00905256031778,1.00285170740536,1.02381597011419
16,9,1.00854986781888,1.0026175519023,1.02238258620327
16.2,9,1.00805225658669,1.00242445097868,1.02074902132964
16.4,9,1.00755980443981,1.00230873736326,1.01919508307492
16.6,9,1.00707265057151,1.00214257149746,1.01797226186142
16.8,9,1.00659099614987,1.0019748513516,1.01667978809494
17,9,1.00611510398262,1.00178237597074,1.01535950547655
17.2,9,1.00564529727002,1.00158910897506,1.0140837244597
17.4,9,1.00518195747988,1.00142878715671,1.01277362063928
17.6,9,1.00472552138893,1.00127302447702,1.01153497117561
17.8,9,1.00427647734376,1.0011193732444,1.01036180053426
18,9,1.00383536080237,1.00099325202487,1.00921296561526
18.2,9,1.00340274922424,1.00085426784288,1.00816501447508
18.4,9,1.00297925638205,1.0007191604173,1.00713266680914
18.6,9,1.00256552617287,1.00059012685078,1.00609067606159
18.8,9,1.0021622260091,1.00047586920634,1.00512190798659
19,9,1.00177003987208,1.00037887537235,1.00415343013667
19.2,9,1.00138966111122,1.00028662431298,1.00322804085362
19.4,9,1.00102178507209,1.00020425408065,1.00235503785119
19.6,9,1.00066710163489,1.00012198491549,1.00153623907309
19.8,9,1.00032628774323,1.00005479151533,1.00075477900888
20,9,1,1,1
20.2,9,0.999688867403669,0.999283245583339,0.999953941375829
20.4,9,0.999393484294518,0.998606972644231,0.999918451372513
20.6,9,0.999114403575661,0.997963230597239,0.999891314289853
20.8,9,0.99885213026912,0.997323467030877,0.999876715031157
21,9,0.998607115462244,0.996701428462463,0.999885161851663
21.2,9,0.99837975069462,0.996104539854112,0.999896454020914
21.4,9,0.998170362830583,0.995554517028852,0.999912723949038
21.6,9,0.997979209457226,0.995034055089673,0.999913821364193
21.8,9,0.997806474842815,0.99454183834208,0.999959828095062
22,9,0.997652266485539,0.994078207905381,1.00001006290695
22.2,9,0.997516612277699,0.993681362664474,1.0000708080419
22.4,9,0.997399458305776,0.993333019475632,1.00015042088572
22.6,9,0.99730066730225,0.993039436764006,1.00022570700932
22.8,9,0.997220017760661,0.992770660473099,1.00034345919406
23,9,0.997157203721094,0.992536351654375,1.00043161112116
23.2,9,0.997111835229074,0.992337265632213,1.00056842808211
23.4,9,0.997083439466706,0.9921966773415,1.00068994704364
23.6,9,0.997071462550792,0.992031075198827,1.00081288999567
23.8,9,0.997075271988534,0.991877968092563,1.00097130185216
24,9,0.997094159777302,0.991797416451085,1.00114994305835
24.2,9,0.99712734613071,0.991713230004636,1.00132724480352
24.4,9,0.997173983809003,0.991588220185752,1.00149737601695
24.6,9,0.99723316302737,0.991539662931654,1.00164587195174
24.8,9,0.997303916911349,0.991452921861908,1.00187473420592
25,9,0.997385227463982,0.991415499389392,1.00205528681606
25.2,9,0.997476032004767,0.991445893122238,1.0022671263907
25.4,9,0.997575230035886,0.991439958283051,1.00252960461545
25.6,9,0.997681690486585,0.991521875049615,1.00276789273129
25.8,9,0.997794259282122,0.991567618895569,1.00299362774074
26,9,0.997911767179345,0.9916880603767,1.00329862837488
26.2,9,0.998033037806865,0.991753105325926,1.00355064844634
26.4,9,0.998156895844026,0.991769641531662,1.00375254669139
26.6,9,0.998282175269481,0.991755069939388,1.00401348180326
26.8,9,0.998407727607357,0.991816772862197,1.00418832845923
27,9,0.998532430096703,0.991831326380966,1.00434713485759
27.2,9,0.998655193708392,0.991806106001134,1.00453352239403
27.4,9,0.998774970932842,0.991753186484476,1.00472548828303
27.6,9,0.998890763262056,0.991790835207182,1.00492242253948
27.8,9,0.999001628290452,0.991796020004526,1.00512526993327
28,9,0.999106686361013,0.991805649673045,1.00535191461998
28.2,9,0.999205126686267,0.991842818163874,1.00557210971447
28.4,9,0.999296212877699,0.991947990781103,1.00574102901269
28.6,9,0.999379287822277,0.992082420728023,1.00588286925235
28.8,9,0.999453777850846,0.992190699771825,1.00594556016773
29,9,0.999519196150232,0.992214014460998,1.00605033183418
29.2,9,0.999575145378775,0.992261409803429,1.0061641871971
29.4,9,0.999621319453766,0.992314691237089,1.00623703933891
29.6,9,0.999657504488599,0.992277785941817,1.00637787758439
29.8,9,0.999683578867416,0.992221621605692,1.00647524311968
30,9,0.999699512455282,0.992164268031686,1.00653054131808
30.2,9,0.999705364952495,0.992089783679012,1.00655580016963
30.4,9,0.99970128341219,0.992003861258241,1.00661052013922
30.6,9,0.999687498950876,0.991928102275887,1.00663824304806
30.8,9,0.999664322691679,0.991843391143947,1.00656202555543
31,9,0.999632140989746,0.991684099425674,1.0064630069453
31.2,9,0.999591409998297,0.991507155147777,1.00648326665991
31.4,9,0.999542649641993,0.991328838875804,1.00646755399524
31.6,9,0.999486437071581,0.991150615554041,1.00641302017862
31.8,9,0.999423399679944,0.990973955504858,1.00636429198195
32,9,0.999354207764658,0.990676515313261,1.00628623796453
32.2,9,0.999279566925907,0.990479649826009,1.00632815512152
32.4,9,0.999200210290984,0.990289715833797,1.00626829708689
32.6,9,0.99911689065764,0.990191095210627,1.00628123703378
32.8,9,0.999030372648211,0.989998291709341,1.00623181679098
33,9,0.998941424964763,0.989814765403086,1.0061187580805
33.2,9,0.998850812832522,0.989642014710317,1.00605524782543
33.4,9,0.998759290714605,0.989481430113273,1.00592783007741
33.6,9,0.998667595375727,0.989334282872717,1.00592630507844
33.8,9,0.998576439366131,0.989201715331446,1.00590736332463
34,9,0.998486504989689,0.989084732868785,1.00591413180418
34.2,9,0.998398438812026,0.988994077045141,1.00585007955555
34.4,9,0.998312846755812,0.988894055100723,1.0056483145677
34.6,9,0.998230289821225,0.988764797695699,1.00561529829464
34.8,9,0.998151280460089,0.988688300981344,1.00562976806154
35,9,0.998076279622625,0.988738683411141,1.00558553552777
35.2,9,0.99800569448617,0.988755380853915,1.00551548193975
35.4,9,0.997939876865802,0.988750465589057,1.00553835697197
35.6,9,0.997879122297773,0.988628434588777,1.0055351630959
35.8,9,0.997823669778032,0.988508747891895,1.00551816602809
36,9,0.997773702130079,0.98849467461307,1.0055408655678
36.2,9,0.997729346969092,0.988496597244138,1.00569174449247
36.4,9,0.997690678222703,0.988395449833157,1.00576707721591
36.6,9,0.997657718163117,0.988322569655008,1.00601902492395
36.8,9,0.997630439900503,0.988338603210374,1.00600460522743
37,9,0.997608770283771,0.988164303692851,1.00615936498587
37.2,9,0.997592593151997,0.98798073503659,1.00621175639748
37.4,9,0.997581752877922,0.987759423591326,1.00645296208161
37.6,9,0.997576058144012,0.987501798268347,1.00677018240649
37.8,9,0.997575285891646,0.987367058209781,1.0069107897066
38,9,0.997579185384864,0.987434670353474,1.00697874653506
38.2,9,0.997587482331894,0.987349638956675,1.00718576561336
38.4,9,0.997599883010141,0.987306607895444,1.00750740777021
38.6,9,0.99761607834352,0.987268092496188,1.00785008712973
38.8,9,0.997635747884745,0.987334298949081,1.00807137780087
39,9,0.997658563659468,0.987255022604642,1.00836822819201
39.2,9,0.99768419383376,0.98713353044795,1.0087163831109
39.4,9,0.997712306171405,0.987064834146486,1.00903266350867
39.6,9,0.997742571252577,0.986934603729228,1.0093408300145
39.8,9,0.997774665430701,0.986878640968461,1.00967436823497
40,9,0.997808273509545,0.986761290375011,1.00990637143103
0,10,1.03229324316736,0.995524474164074,1.06201863651575
0.2,10,1.03234599953138,0.99578761564828,1.06184018274542
0.4,10,1.03239404216755,0.995937243826384,1.0617514100234
0.6,10,1.03243656783388,0.996097092369507,1.06181838367705
0.8,10,1.03247274118858,0.996317465618827,1.06172872267543
1,10,1.03250169926237,0.996480593306589,1.06179150907047
1.2,10,1.03252255652024,0.996639026291813,1.06179954232618
1.4,10,1.03253441049075,0.996823007534673,1.06174281382992
1.6,10,1.03253634793152,0.997025926286353,1.0617031933265
1.8,10,1.03252745148989,0.99721899230613,1.06170200683574
2,10,1.03250680680783,0.997401150108643,1.06168962122092
2.2,10,1.03247351001101,0.997549103047937,1.06166541812184
2.4,10,1.03242667551226,0.997622109837951,1.0615919001542
2.6,10,1.03236544405167,0.997630595427156,1.06146084793856
2.8,10,1.03228899088721,0.997658852266172,1.06118474278746
3,10,1.03219653404304,0.997744207012896,1.06093922297652
3.2,10,1.03208734251701,0.997850571694778,1.06088221002001
3.4,10,1.03196074434392,0.997806725875827,1.06061277549466
3.6,10,1.03181613440854,0.997830691108878,1.06030774472072
3.8,10,1.03165298190033,0.997889700805433,1.05996325724905
4,10,1.03147083730242,0.997859939733041,1.05957592426514
4.2,10,1.03126933880895,0.997840264941933,1.05914476311245
4.4,10,1.0310482180688,0.997869588680541,1.05850712052323
4.6,10,1.03080730515916,0.997754503386278,1.05781827147271
4.8,10,1.03054653269954,0.997614247052909,1.05713420198304
5,10,1.03026593902627,0.997429921981347,1.05664981074989
5.2,10,1.0299656703576,0.997390626961685,1.0562623140932
5.4,10,1.02964598189216,0.997364259493437,1.05584109749535
5.6,10,1.02930723779657,0.997190185713481,1.05538492495964
5.8,10,1.02894991005299,0.997179964732082,1.05466317630121
6,10,1.0285745761524,0.997152636657201,1.05391039548636
6.2,10,1.02818191563581,0.997120694783762,1.05327044743267
6.4,10,1.02777270550201,0.997047285808218,1.05271181822869
6.6,10,1.02734781451673,0.997029715649965,1.05185500747839
6.8,10,1.02690819647482,0.996991580817687,1.05091618066207
7,10,1.02645488248256,0.996821771264017,1.05004073267781
7.2,10,1.0259889723422,0.99662587897734,1.04913289276764
7.4,10,1.02551162513525,0.996591274435203,1.04819519422049
7.6,10,1.02502404911293,0.99669319126446,1.04734660739865
7.8,10,1.02452749101424,0.996745008735555,1.04658776859278
8,10,1.02402322494058,0.99684270089281,1.04569929119776
8.2,10,1.02351254092408,0.996865096238552,1.04492970559361
8.4,10,1.0229967333317,0.996798258715627,1.04406807389547
8.6,10,1.0224770892508,0.996890080411013,1.04320355387449
8.8,10,1.02195487700279,0.997021842840976,1.04240870283092
9,10,1.02143133493045,0.997038589425347,1.04154040640407
9.2,10,1.02090766060125,0.997013530091879,1.04073862292324
9.4,10,1.02038500056352,0.996968512582243,1.03982709773549
9.6,10,1.01986444078481,0.996926360544781,1.03903927180122
9.8,10,1.01934699789269,0.996910185146368,1.03809855721577
10,10,1.01883361132669,0.997009201597987,1.03733597040617
10.2,10,1.01832513649791,0.997108890442416,1.03655272101696
10.4,10,1.01782233903828,0.997223240066159,1.03577670282517
10.6,10,1.01732589020681,0.997328597098787,1.0347490320796
10.8,10,1.01683636350349,0.997341871938442,1.03370207651979
11,10,1.01635423252545,0.997355163256519,1.03252556347542
11.2,10,1.01587987008225,0.997355501323727,1.0316860912116
11.4,10,1.01541354857043,0.997404745148052,1.03064282330212
11.6,10,1.01495544159,0.997525639994149,1.02964401244427
11.8,10,1.01450562676903,0.99766614885369,1.02854021289238
12,10,1.01406408974623,0.997963448042736,1.02767901269223
12.2,10,1.01363072924625,0.99801627506056,1.02672181894063
12.4,10,1.01320536316826,0.998163247287238,1.02597586492049
12.6,10,1.01278773559535,0.9982906540555,1.02506781383673
12.8,10,1.01237752462082,0.998397886698312,1.02429742857673
13,10,1.01197435087788,0.998449735408773,1.02353902316232
13.2,10,1.01157778665055,0.998488385298829,1.02270172098177
13.4,10,1.01118736543787,0.998512659782931,1.02185841771581
13.6,10,1.01080259183869,0.998574644792818,1.0209887829005
13.8,10,1.01042295162216,0.998703258869594,1.02002788524858
14,10,1.01004792184829,0.998781148180743,1.01919815078949
14.2,10,1.00967698090465,0.998865580521403,1.01843457647858
14.4,10,1.0093096183284,0.999004826987008,1.0176772099384
14.6,10,1.00894534428811,0.999092284298301,1.0169675054778
14.8,10,1.00858369860669,0.999219752916447,1.01620694268366
15,10,1.00822425921495,0.999332508535481,1.01546537569189
15.2,10,1.00786664993531,0.999433299260112,1.01469725041841
15.4,10,1.00751054750607,0.999482279140062,1.01400761053349
15.6,10,1.00715568776867,0.999515750459101,1.01330102983933
15.8,10,1.00680187095321,0.9995480996645,1.01256733658996
16,10,1.00644896601085,0.999548962283439,1.01196143222825
16.2,10,1.00609691395544,0.999517108535525,1.01131932377436
16.4,10,1.00574573019073,0.999518759726855,1.01066780928232
16.6,10,1.00539550581294,0.999568737977152,1.00996524955984
16.8,10,1.00504640789231,0.999596950182167,1.00932906860862
17,10,1.00469867874993,0.999624994108183,1.00873406119893
17.2,10,1.00435263425835,0.999652853875896,1.00808742235417
17.4,10,1.00400866120608,0.999638795383758,1.00745972306783
17.6,10,1.00366721377612,0.999630123074904,1.00684566887003
17.8,10,1.00332880919824,0.999678547581738,1.00624362314194
18,10,1.00299402264254,0.999702224839693,1.00561517622476
18.2,10,1.00266348142877,0.999722663523107,1.00501542379966
18.4,10,1.00233785863118,0.999767605895791,1.00440813303531
18.6,10,1.00201786616315,0.999814883392436,1.00380771240062
18.8,10,1.00170424742848,0.999856212819642,1.00320969551282
19,10,1.00139776962803,0.999881233427685,1.0026273252279
19.2,10,1.00109921581095,0.999910390902984,1.00207603444361
19.4,10,1.00080937675889,0.999933175304488,1.00153947758029
19.6,10,1.00052904279032,0.999952465301192,1.00101096140762
19.8,10,1.00025899556931,0.999973251694518,1.00049778980518
20,10,1,1,1
20.2,10,0.999752796283986,0.999519890597478,1.00002895677534
20.4,10,0.999518092213463,0.99905941421014,1.00006202756707
20.6,10,0.99929655576796,0.998619479154448,1.0000956344892
20.8,10,0.999088808077403,0.998198341117775,1.00012741147989
21,10,0.998895416808769,0.997796046025418,1.00017598250874
21.2,10,0.998716890028094,0.997424738042788,1.000242986468
21.4,10,0.998553670584061,0.997060653101928,1.00031829073507
21.6,10,0.998406131053838,0.996718279438887,1.0003944681294
21.8,10,0.998274569286462,0.996386996123772,1.00048415311299
22,10,0.998159204573731,0.996081447009004,1.00058094121886
22.2,10,0.998060174473474,0.995820627569555,1.00065940199266
22.4,10,0.997977532305087,0.995553033791747,1.00075440185747
22.6,10,0.997911245332438,0.99530874720574,1.00086385782116
22.8,10,0.997861193644666,0.995083647187452,1.0009875084051
23,10,0.997827169740866,0.994891964249395,1.00113619222094
23.2,10,0.997808878820353,0.994696591156759,1.00133312642121
23.4,10,0.997805939775904,0.994503671453991,1.00149325888441
23.6,10,0.99781788688319,0.994366988759527,1.00165376976017
23.8,10,0.997844172175397,0.994245683535997,1.00182077463694
24,10,0.997884168487882,0.994135485877201,1.00201931295531
24.2,10,0.997937173153421,0.994025820661056,1.00223680950869
24.4,10,0.99800241232438,0.993928195239628,1.00244178431482
24.6,10,0.998079045893718,0.993832436263378,1.00269397576563
24.8,10,0.998166172982336,0.993781234437922,1.00299806680116
25,10,0.998262837955766,0.993698984537787,1.00330031597956
25.2,10,0.998368036928654,0.993671028679663,1.00356311564083
25.4,10,0.998480724710923,0.993722263179717,1.00381391685665
25.6,10,0.998599822144988,0.993706000619953,1.00407536900874
25.8,10,0.998724223778931,0.993731716013578,1.00438995308631
26,10,0.99885280581631,0.993783763662161,1.00472630027137
26.2,10,0.998984434279157,0.993794168452657,1.00498629057349
26.4,10,0.999117973317082,0.993844643056873,1.00523010852354
26.6,10,0.99925229359201,0.993948555961996,1.00547462702165
26.8,10,0.999386280665329,0.993997246447224,1.00573913981676
27,10,0.999518843312009,0.99410474958636,1.00596636396676
27.2,10,0.999648921684735,0.99424404487785,1.00617512071044
27.4,10,0.99977549525041,0.994329639682036,1.0063788205491
27.6,10,0.999897590421505,0.994379028548673,1.00657209588068
27.8,10,1.00001428780583,0.994442771440154,1.00683463154341
28,10,1.00012472900031,0.994478200176315,1.00701995503956
28.2,10,1.00022812285756,0.994501802523549,1.00724467288566
28.4,10,1.00032375115794,0.994527732670312,1.00735289643718
28.6,10,1.00041097362516,0.994598436121445,1.00743046256112
28.8,10,1.00048923222952,0.994574953457369,1.00758754543432
29,10,1.00055805472994,0.994597107698592,1.00769871929352
29.2,10,1.00061705741401,0.994634750888005,1.00777707607455
29.4,10,1.00066594700409,0.994626836465534,1.00778827164262
29.6,10,1.00070452170667,0.994667596295992,1.00780824760976
29.8,10,1.00073267139261,0.994646949535648,1.00791383830174
30,10,1.00075037690579,0.994641136892218,1.00807047865803
30.2,10,1.00075770850864,0.994640158788737,1.00823506051184
30.4,10,1.00075482348352,0.994630585086571,1.00845998043446
30.6,10,1.00074196291931,0.994612730113984,1.0085395572124
30.8,10,1.00071944772313,0.99458697937481,1.00856002235025
31,10,1.00068767390645,0.994579336481624,1.00856896641865
31.2,10,1.00064710720422,0.99451337590265,1.00851643839977
31.4,10,1.00059827709372,0.994436213444897,1.00848415091166
31.6,10,1.00054177028731,0.994370821856445,1.00851989524359
31.8,10,1.00047822377932,0.994267677694008,1.00860893127202
32,10,1.00040831753256,0.99415792506978,1.00868320076699
32.2,10,1.00033276689339,0.994028876928368,1.00865770609456
32.4,10,1.00025231482716,0.993892884018709,1.0086563457072
32.6,10,1.00016772406636,0.99377515147376,1.00847497348784
32.8,10,1.00007976926407,0.993632319571831,1.00837048902782
33,10,0.999989229243206,0.993491715339719,1.00827586445756
33.2,10,0.999896879429277,0.993478761842443,1.00818558046337
33.4,10,0.999803484550216,0.993294056177774,1.00818940955376
33.6,10,0.999709791681347,0.993054213194644,1.00813289934863
33.8,10,0.999616523707243,0.992892456181064,1.0081282890004
34,10,0.999524373264915,0.992696209889414,1.00807573627597
34.2,10,0.999433997224636,0.992572645549635,1.00799055853027
34.4,10,0.999346011756062,0.992439096861663,1.00791996392215
34.6,10,0.999260988018081,0.992330755592231,1.00782800773047
34.8,10,0.999179448501382,0.992152142777085,1.0077491361119
35,10,0.999101864043112,0.991992082595013,1.00768393390275
35.2,10,0.999028651523396,0.991915110528226,1.00767340996996
35.4,10,0.998960172244077,0.991807993457252,1.00769005100502
35.6,10,0.998896730980944,0.991728233405874,1.00773396123162
35.8,10,0.998838575692096,0.99157120270931,1.00781412894897
36,10,0.998785897857001,0.991327236055924,1.00778610980593
36.2,10,0.998738833413508,0.991185028326464,1.00784526818959
36.4,10,0.998697464253433,0.99107683724326,1.00801905260337
36.6,10,0.998661820231678,0.990983807127177,1.00808058859582
36.8,10,0.998631881638991,0.990860610745965,1.00800181569724
37,10,0.998607582084668,0.990733594532509,1.00811598440328
37.2,10,0.998588811732601,0.99048303918573,1.00836779344956
37.4,10,0.998575420832181,0.990268145579265,1.00855428824652
37.6,10,0.998567223484649,0.990085544017164,1.00858045963068
37.8,10,0.998564001585459,0.989959941338812,1.00881224902652
38,10,0.998565508884133,0.989866391187087,1.00923432470884
38.2,10,0.998571475104775,0.989631010967216,1.0096718553444
38.4,10,0.998581610072879,0.989482767244573,1.01005847597277
38.6,10,0.998595607797246,0.989433554691669,1.01030076336508
38.8,10,0.998613150459493,0.989338430325271,1.01067279776311
39,10,0.998633912267924,0.989228211257528,1.01099955941241
39.2,10,0.998657563137115,0.989059708089594,1.01103110645485
39.4,10,0.998683772159483,0.988888817781877,1.01101605710965
39.6,10,0.99871221084025,0.988726706354587,1.01124241564392
39.8,10,0.998742556072372,0.988591827142591,1.01156371767362
40,10,0.998774492833287,0.988479231159416,1.01176046347309
0,11,1.01813764541173,0.978275978275876,1.0472253160387
0.2,11,1.01820693497653,0.978419376988585,1.04705538318217
0.4,11,1.01827331723748,0.978655955543595,1.04704388867365
0.6,11,1.01833613940149,0.97892062461683,1.04696450374245
0.8,11,1.01839472385727,0.979168283670638,1.04680046389247
1,11,1.01844837243113,0.979413814115129,1.04674417075729
1.2,11,1.0184963711573,0.979574331097563,1.0468318278684
1.4,11,1.0185379955367,0.979863859360851,1.04664732214315
1.6,11,1.01857251624936,0.980180359659377,1.04663887229507
1.8,11,1.01859920527641,0.980387814273627,1.04662245285034
2,11,1.01861734237866,0.980496549321801,1.04669847845143
2.2,11,1.01862622187038,0.980608086468548,1.04684229713015
2.4,11,1.01862515961815,0.980828490512071,1.04670263459205
2.6,11,1.01861350018761,0.981074729440668,1.04645533794462
2.8,11,1.01859062405381,0.98123917147573,1.04632829510023
3,11,1.01855595478531,0.98145067730785,1.04614278137885
3.2,11,1.0185089661074,0.981610356125937,1.04595952169166
3.4,11,1.01844918874654,0.981749750980801,1.04572876070598
3.6,11,1.01837621695646,0.981946538357595,1.04541970159421
3.8,11,1.01828971462568,0.982154205032688,1.04519773031906
4,11,1.01818942086786,0.98231389885457,1.04504687087289
4.2,11,1.01807515499928,0.982469071819124,1.04492563721508
4.4,11,1.01794682081247,0.982665214330938,1.04463419921922
4.6,11,1.01780441006159,0.982760216106868,1.04441692020495
4.8,11,1.01764800508307,0.982904142223509,1.04404575225661
5,11,1.01747778048508,0.983057471503003,1.04361329536938
5.2,11,1.01729400385009,0.983248601498903,1.04323904516778
5.4,11,1.01709703540779,0.983442367919243,1.04290355389876
5.6,11,1.01688732664885,0.983652104913246,1.0425291766056
5.8,11,1.01666541786492,0.983862361589323,1.04212536159583
6,11,1.01643193461508,0.983985587494343,1.04167141669999
6.2,11,1.01618758313525,0.984092521704352,1.04118562072271
6.4,11,1.01593314472222,0.984169692138927,1.04066400155842
6.6,11,1.01566946914034,0.984258557547704,1.04000196677796
6.8,11,1.01539746711394,0.984438273360599,1.039555983657
7,11,1.01511810198324,0.984664876220601,1.03904625545696
7.2,11,1.01483238061547,0.984865362888868,1.03851106180987
7.4,11,1.0145413436754,0.984973518540393,1.03787651395222
7.6,11,1.01424605537059,0.985082225341756,1.03725666837538
7.8,11,1.01394759279634,0.985117753454721,1.03662734718566
8,11,1.01364703501306,0.985153614063329,1.03577087828775
8.2,11,1.01334545199447,0.985344414380354,1.03496774662355
8.4,11,1.0130438935889,0.985570507505962,1.03425665441209
8.6,11,1.01274337863757,0.985782773022143,1.03369768903768
8.8,11,1.01244488439317,0.98595289559256,1.03291854962755
9,11,1.01214933637928,0.986290986738553,1.03206704609411
9.2,11,1.01185759882638,0.986549612588737,1.0313075009643
9.4,11,1.01157046581348,0.986916514405292,1.03059953550172
9.6,11,1.01128865323511,0.987107796638109,1.02988511401406
9.8,11,1.01101279170329,0.987274879356725,1.02917710675914
10,11,1.01074342048142,0.98739959405625,1.028539184861
10.2,11,1.01048098253341,0.987570690335335,1.02789440784248
10.4,11,1.01022582075648,0.987647121582505,1.02726605318925
10.6,11,1.00997817544983,0.988043589044158,1.02664316667541
10.8,11,1.00973818305477,0.988452892409207,1.02593029096076
11,11,1.00950587618471,0.9888806884089,1.02523323739521
11.2,11,1.00928118494545,0.98926476852567,1.02454822862659
11.4,11,1.00906393952925,0.989701972486462,1.02386796784338
11.6,11,1.00885387404835,0.990118480137594,1.02322206114082
11.8,11,1.00865063155717,0.990418629934624,1.02249699829079
12,11,1.00845377019641,0.990753312912854,1.02191004226259
12.2,11,1.00826277037703,0.991175886669318,1.02128581069967
12.4,11,1.00807704290866,0.99163070919666,1.02072838402454
12.6,11,1.00789593796443,0.992007099242109,1.02012141086849
12.8,11,1.00771875476337,0.992334765096137,1.01944212749234
13,11,1.00754475184286,0.992819516414484,1.01878036985197
13.2,11,1.00737315778604,0.993346141408222,1.01813003750458
13.4,11,1.00720318226437,0.993568739547915,1.01750950046015
13.6,11,1.00703402725188,0.99393155318148,1.01695464772
13.8,11,1.00686489826731,0.994299096796537,1.01631437252092
14,11,1.00669501550048,0.99465701879876,1.01570540091593
14.2,11,1.00652362468313,0.99502690765809,1.01506222734059
14.4,11,1.00635000756886,0.995311236144841,1.01451357274155
14.6,11,1.00617349189389,0.995667074463628,1.01385887768485
14.8,11,1.00599346069912,0.996007127093895,1.01331537685503
15,11,1.00580936090381,0.996429339247465,1.01277105033285
15.2,11,1.00562071103305,0.996685194015284,1.01219947899107
15.4,11,1.00542710801369,0.996882368942118,1.01168477915457
15.6,11,1.00522823296733,0.997077640370882,1.0111050336437
15.8,11,1.00502385594304,0.997312869468453,1.01063430477076
16,11,1.00481383954763,0.997562259948472,1.0101460163904
16.2,11,1.00459814144626,0.99779737266843,1.00965850325726
16.4,11,1.00437681572104,0.998005252668888,1.00915522935433
16.6,11,1.00415001309039,0.998200993498767,1.00861322249968
16.8,11,1.00391798000587,0.998396941255774,1.00807039321891
17,11,1.00368105665696,0.998578870288471,1.00754951388308
17.2,11,1.00343967392675,0.998746739246735,1.00705539339446
17.4,11,1.0031943493534,0.998895941774335,1.00655688613858
17.6,11,1.00294568216222,0.99903017457396,1.00603561893227
17.8,11,1.00269434744269,0.999142435377961,1.00554437154403
18,11,1.0024410895522,0.999250685520745,1.00503187089097
18.2,11,1.00218671483473,0.999335172127868,1.00449528067437
18.4,11,1.00193208374734,0.999419843289351,1.00397422594302
18.6,11,1.00167810249086,0.999509078890752,1.00345736426295
18.8,11,1.0014257142432,0.999581694287186,1.00293255261257
19,11,1.00117589009403,0.999652968463149,1.00242019096629
19.2,11,1.00092961977944,0.999729719372722,1.00190696011975
19.4,11,1.00068790231304,0.99980494594293,1.00140751738939
19.6,11,1.00045173660736,0.999872037592105,1.00092790654565
19.8,11,1.00022211217568,0.999935625823673,1.00045989015451
20,11,1,1,1
20.2,11,0.999786343645577,0.999550930852402,1.00006390403072
20.4,11,0.999582050697205,0.999123737315263,1.00013245579953
20.6,11,0.999387984586071,0.998702575905839,1.00020453240791
20.8,11,0.999204956870098,0.998302859584379,1.00029372723637
21,11,0.999033720024203,0.997916205077014,1.00035722412972
21.2,11,0.99887496079061,0.997561443392139,1.00043727967347
21.4,11,0.998729294133006,0.997210727418897,1.00051811414331
21.6,11,0.998597257832199,0.996881108366607,1.00060182412736
21.8,11,0.998479307754913,0.996563368983321,1.00069776280715
22,11,0.998375813821635,0.996287337355057,1.00081502905555
22.2,11,0.998287056693899,0.996015706348975,1.00098921962234
22.4,11,0.998213225196154,0.995789528741184,1.00117026957498
22.6,11,0.998154414482382,0.995563471469198,1.00132367903066
22.8,11,0.998110624952898,0.995352269279686,1.00148286933984
23,11,0.998081761922214,0.99517841121418,1.0015889678252
23.2,11,0.998067636034557,0.994961728479261,1.00173447926161
23.4,11,0.998067964419396,0.994798901925537,1.00192756954901
23.6,11,0.998082372575287,0.994640963884522,1.00217771790613
23.8,11,0.998110396966313,0.994492560038631,1.00241272100233
24,11,0.998151488311421,0.994397761269498,1.00262420412684
24.2,11,0.99820501554295,0.994343940677623,1.00283818857534
24.4,11,0.99827027040665,0.994252089898298,1.00314097435023
24.6,11,0.998346472671363,0.99418167711078,1.00339652668145
24.8,11,0.998432775912463,0.994123662428997,1.00362134212717
25,11,0.998528273828883,0.99405189665032,1.00387712195128
25.2,11,0.99863200704938,0.993996788413147,1.00406314016709
25.4,11,0.99874297037939,0.993928682045407,1.00425098699007
25.6,11,0.99886012043562,0.993888615704788,1.00447883590011
25.8,11,0.998982383611355,0.993898538591597,1.00474063537475
26,11,0.9991086643115,0.993861090925723,1.00501012948928
26.2,11,0.999237853392526,0.993859986108199,1.00528783705649
26.4,11,0.999368836739091,0.993861829697439,1.00553675393713
26.6,11,0.999500503905977,0.993845270412224,1.0057927551628
26.8,11,0.999631756751416,0.993877031674993,1.00610189120504
27,11,0.999761517985876,0.993926329938606,1.00634863812452
27.2,11,0.999888739559044,0.994000679288396,1.00656959436777
27.4,11,1.00001241080719,0.994076974529723,1.00685125376754
27.6,11,1.0001315662834,0.994158714453683,1.00710269857132
27.8,11,1.00024529319425,0.994228914862175,1.00730407624008
28,11,1.00035273836892,0.994299814277973,1.00748501951832
28.2,11,1.00045311468953,0.99436900184093,1.00765250704179
28.4,11,1.00054570691599,0.994374283906163,1.00785164271645
28.6,11,1.00062987684368,0.99444760585259,1.00802016527454
28.8,11,1.00070506773853,0.994521330737182,1.0079841303982
29,11,1.00077080800109,0.994533866112465,1.00796448799663
29.2,11,1.00082671401938,0.994569360006292,1.00800725768705
29.4,11,1.00087249217883,0.994579811743529,1.00809589706471
29.6,11,1.0009079400072,0.994566788150327,1.00810341645647
29.8,11,1.00093294644239,0.994580526189716,1.0080871833543
30,11,1.00094749122116,0.994564529540493,1.00821041181156
30.2,11,1.00095164339769,0.994595513600261,1.0084011522304
30.4,11,1.0009455590111,0.99459050866128,1.00854821324832
30.6,11,1.00092947793202,0.994531605391693,1.00865023728
30.8,11,1.000903719928,0.994420441378393,1.00864513027464
31,11,1.00086867999763,0.994350941015002,1.00864114822595
31.2,11,1.0008248230321,0.994217588601917,1.00864897775188
31.4,11,1.00077267787117,0.994119473957805,1.00863966482532
31.6,11,1.00071283082794,0.994112269818892,1.00861576937749
31.8,11,1.00064591876282,0.994070485028779,1.00852707126032
32,11,1.00057262179225,0.994043064783498,1.00855515637239
32.2,11,1.00049365572159,0.993973051117984,1.00851339265538
32.4,11,1.00040976429363,0.993805700839169,1.00844926905421
32.6,11,1.00032171134571,0.993663644516789,1.00838027490355
32.8,11,1.0002302729678,0.993588518469884,1.00822539338471
33,11,1.00013622975236,0.993491715339719,1.00818345525361
33.2,11,1.00004035922387,0.993402522100677,1.00812100277334
33.4,11,0.999943428531622,0.993247022991134,1.00802645861775
33.6,11,0.999846187484126,0.992996969169003,1.00800185307427
33.8,11,0.999749361997051,0.992870896009731,1.00789053027094
34,11,0.999653648019311,0.992740746976548,1.00777777158522
34.2,11,0.999559705993886,0.992606082824797,1.00764888509731
34.4,11,0.999468155901238,0.992439096861663,1.00752681237817
34.6,11,0.999379572924051,0.992288018371974,1.00748900953465
34.8,11,0.999294483762553,0.992088714166555,1.00748266997361
35,11,0.999213363620095,0.991890074712624,1.00750460453493
35.2,11,0.999136633869066,0.991704927332024,1.00740677456875
35.4,11,0.999064660397843,0.991552167243591,1.00737684364073
35.6,11,0.998997752630363,0.991394951413615,1.00733290339683
35.8,11,0.998936163201306,0.991247135432728,1.00727735918189
36,11,0.99888008826181,0.991073878371898,1.00733990628298
36.2,11,0.998829668383284,0.990924226409817,1.00730423645955
36.4,11,0.998784990020319,0.990729881335993,1.00738625674695
36.6,11,0.998746087487938,0.990645932665612,1.007541130801
36.8,11,0.998712945403645,0.990558420229377,1.00758802612666
37,11,0.998685501540847,0.990479237849622,1.00771824360636
37.2,11,0.998663650037347,0.990282959213224,1.00785905495786
37.4,11,0.998647244900655,0.990123832178199,1.00813408446619
37.6,11,0.998636103750955,0.989947508707734,1.00845594886515
37.8,11,0.998630011742475,0.989811526765087,1.00878459806284
38,11,0.998628725604912,0.989770874050521,1.00920948750138
38.2,11,0.998631977748211,0.989594445625648,1.00955570159376
38.4,11,0.998639480376444,0.989579691732566,1.00963686307495
38.6,11,0.99865092955964,0.989474060941081,1.00977207975315
38.8,11,0.998666009216108,0.989365504288322,1.00993128603722
39,11,0.998684394961995,0.989188235105754,1.01020785768208
39.2,11,0.998705757789403,0.988993554843199,1.01049743358689
39.4,11,0.998729767539259,0.988854581994345,1.01078534788021
39.6,11,0.998756096140236,0.98873443627243,1.0109726730155
39.8,11,0.998784420590188,0.988654195220116,1.01124924535044
40,11,0.998814425661762,0.988511129203546,1.01153866249897
0,12,0.984412140608091,0.954407840758144,1.0223903599851
0.2,12,0.98453057751394,0.954821302744153,1.02248680989573
0.4,12,0.984651091174259,0.955163932109175,1.02277002521197
0.6,12,0.984773405099473,0.955334272398205,1.02275408905111
0.8,12,0.984897232656884,0.955485141835018,1.02270565911562
1,12,0.985022280481053,0.95556080167729,1.02271947245129
1.2,12,0.98514825222639,0.955639904496563,1.02273560063691
1.4,12,0.985274852630872,0.955932814724435,1.02271731011623
1.6,12,0.985401791852345,0.956332431253578,1.02261274227199
1.8,12,0.985528790031486,0.956943328655313,1.02251157824375
2,12,0.985655582028351,0.957538224487662,1.0224490300977
2.2,12,0.985781922272791,0.957836670530816,1.02237497022268
2.4,12,0.985907589662835,0.958132666681481,1.02239748198489
2.6,12,0.986032392439791,0.9584256128272,1.02245595327014
2.8,12,0.986156172964274,0.958714934493228,1.02250097032921
3,12,0.986278812313902,0.958949634573962,1.02253174688424
3.2,12,0.986400234621074,0.959280473044316,1.02237176934944
3.4,12,0.986520411068204,0.959555797433846,1.02215209661525
3.6,12,0.986639363458098,0.959825735716257,1.02193437254572
3.8,12,0.986757167278956,0.960090116155102,1.02170590879161
4,12,0.986873954186735,0.960348895055586,1.02148445145953
4.2,12,0.986989913832393,0.960662836857887,1.02129790824968
4.4,12,0.987105294967854,0.960954754884816,1.0211013454208
4.6,12,0.987220405772237,0.961238656860261,1.02089479002474
4.8,12,0.987335613349101,0.961466520981015,1.02068277891654
5,12,0.987451342355845,0.961678470467366,1.02052473374253
5.2,12,0.987568072738007,0.961896920194265,1.0204008734865
5.4,12,0.987686336553799,0.962122507744562,1.02029264438385
5.6,12,0.987806713887569,0.962310313035326,1.02003372696739
5.8,12,0.987929827864873,0.962498690039143,1.01976327776692
6,12,0.988056338796183,0.962690909492985,1.01947428588015
6.2,12,0.988186937490698,0.962888430868526,1.01910407720776
6.4,12,0.988322337796078,0.963092816058445,1.0186613870394
6.6,12,0.988463268433862,0.963364288962364,1.01820275067596
6.8,12,0.988610464213651,0.963693235141925,1.01773624951585
7,12,0.988764656721556,0.964024671226561,1.01729064391655
7.2,12,0.988926564589765,0.964468232697166,1.01696451285958
7.4,12,0.989096883464013,0.964955935909389,1.01663232906849
7.6,12,0.989276275794246,0.965134837980218,1.01629457836996
7.8,12,0.989465360580474,0.965397737448939,1.01591429057376
8,12,0.989664703210733,0.965748591850408,1.01550465131979
8.2,12,0.989874805530984,0.966180642725299,1.01521050296331
8.4,12,0.990096096287682,0.966633929549603,1.01493110474997
8.6,12,0.990328922082499,0.967088745173312,1.0145053535634
8.8,12,0.990573538975382,0.967599243970743,1.01415983683805
9,12,0.990830104866657,0.967958698506832,1.01392659655926
9.2,12,0.991098672781455,0.968527425002915,1.01358354866976
9.4,12,0.991379185170235,0.968999624625798,1.01326008858424
9.6,12,0.991671469327948,0.969467477685425,1.01298661464751
9.8,12,0.991975234021339,0.969966930635193,1.01273873687061
10,12,0.992290067399398,0.970563377380681,1.01249086907439
10.2,12,0.992615436246069,0.971319557387922,1.01223597885988
10.4,12,0.992950686617383,0.972008946448956,1.01188981327388
10.6,12,0.993295045887301,0.972659547972722,1.01172061803173
10.8,12,0.993647626208055,0.973421989814067,1.01160607467482
11,12,0.994007429371963,0.974214575961141,1.01132415157521
11.2,12,0.994373353042724,0.975035801476477,1.01104005044766
11.4,12,0.994744198305501,0.975890771438068,1.0107079759247
11.6,12,0.995118678466796,0.976827152651349,1.01037282838192
11.8,12,0.995495429017676,0.977738677360581,1.01010490978645
12,12,0.995873018657381,0.978656763462148,1.01004421597474
12.2,12,0.996249961259221,0.97959222149383,1.00975005943066
12.4,12,0.996624728646958,0.980540294200479,1.00968417391121
12.6,12,0.996995764038058,0.981499119364192,1.00954442055562
12.8,12,0.99736149600021,0.982382671100957,1.00949227478205
13,12,0.997720352759742,0.983227925778023,1.00933287538605
13.2,12,0.998070776695049,0.984096060523218,1.00916673207085
13.4,12,0.998411238844963,0.985056814527541,1.00897832407016
13.6,12,0.998740253261308,0.986066508189564,1.00888171261549
13.8,12,0.999056391036584,0.986896021334521,1.00879986795323
14,12,0.999358293841916,0.987708572470392,1.00867580677153
14.2,12,0.999644686816917,0.98843038394377,1.00855870804586
14.4,12,0.99991439066193,0.989251769227658,1.00840392312334
14.6,12,1.000166332794,0.990086594756486,1.00825227588555
14.8,12,1.00039955744073,0.990696658930941,1.00818406729831
15,12,1.00061323456085,0.991419154988283,1.00807570166504
15.2,12,1.00080666749598,0.992193377208847,1.00780385770793
15.4,12,1.0009792992756,0.99280863803376,1.00765077432685
15.6,12,1.00113071751502,0.99338670527181,1.00745257535438
15.8,12,1.00126065786467,0.994030466222684,1.00729362224932
16,12,1.00136900598789,0.994616377260322,1.0071357201855
16.2,12,1.00145579806338,0.995161460913688,1.00691317257791
16.4,12,1.00152121982614,0.99564267183908,1.00668014308435
16.6,12,1.00156560417926,0.996109747229544,1.00650188494754
16.8,12,1.00158942742482,0.996561019364729,1.00627524066438
17,12,1.00159330417824,0.997000553805532,1.00593689666698
17.2,12,1.00157798104416,0.997344345377681,1.00557078438752
17.4,12,1.00154432914474,0.997664159286604,1.0052734090406
17.6,12,1.00149333560174,0.997927350551958,1.00487121709071
17.8,12,1.00142609408304,0.998207899413198,1.00446906810079
18,12,1.00134379453107,0.99842217442871,1.00413545017581
18.2,12,1.00124771219597,0.998628157998472,1.00373327558692
18.4,12,1.00113919609958,0.998799291187454,1.00333762982914
18.6,12,1.00101965705782,0.99898489063963,1.00295808234391
18.8,12,1.00089055538881,0.999152513595294,1.00256804398477
19,12,1.00075338843216,0.999336173577824,1.00214853122701
19.2,12,1.00060967800165,0.999493461541791,1.0017264515817
19.4,12,1.00046095788885,0.999635614266558,1.00130719595975
19.6,12,1.00030876152927,0.999769282595986,1.00087820672867
19.8,12,1.00015460993624,0.999889333450496,1.00043974285259
20,12,1,1,1
20.2,12,0.999846393241412,0.999567221271605,1.00010716550994
20.4,12,0.99969520510135,0.999131592970873,1.00021601506241
20.6,12,0.999547794838081,0.998700260342248,1.00031906159705
20.8,12,0.999405456096134,0.998290465258599,1.00042895281484
21,12,0.999269408201507,0.997880730332617,1.00055431316587
21.2,12,0.999140788229521,0.9974928653674,1.0006806995618
21.4,12,0.999020643883405,0.997138950607698,1.00083540696998
21.6,12,0.998909927213854,0.996785391842133,1.00095461125795
21.8,12,0.99880948920236,0.996452535498218,1.00107913896682
22,12,0.998720075224188,0.996148621334917,1.00117463980654
22.2,12,0.998642321400383,0.995820773378899,1.00131066761919
22.4,12,0.998576751842226,0.995554587245621,1.0014547268435
22.6,12,0.998523776786081,0.99526582538501,1.00162285719229
22.8,12,0.998483691611479,0.995010033514867,1.00181743384652
23,12,0.998456676730679,0.994772716975906,1.0019948152552
23.2,12,0.998442798333618,0.994512737118686,1.00218754841637
23.4,12,0.998442009968173,0.99428321401456,1.00239165951297
23.6,12,0.998454154931894,0.994045901021987,1.00257799248479
23.8,12,0.998478969447767,0.993909336647952,1.00279091134645
24,12,0.998516086593108,0.993713692065533,1.00303400663902
24.2,12,0.998565040947286,0.993574037537395,1.00326367851735
24.4,12,0.998625273920573,0.993496720594396,1.00352503921935
24.6,12,0.998696139723051,0.993391452119071,1.00376137189904
24.8,12,0.998776911929059,0.993336128694092,1.0040306730294
25,12,0.998866790589197,0.993334036331946,1.00434086065395
25.2,12,0.998964909838382,0.993292349909048,1.00467616282327
25.4,12,0.999070345944918,0.993336124152135,1.00496655595923
25.6,12,0.999182125742016,0.993375269728455,1.00522732138261
25.8,12,0.999299235379711,0.993367275316359,1.00549834189722
26,12,0.999420629331786,0.993357717157162,1.00581148813669
26.2,12,0.999545239589132,0.993355534624952,1.00609660316353
26.4,12,0.999671984968079,0.993387264315675,1.00631145621416
26.6,12,0.99979978045968,0.993396926561478,1.0065694795439
26.8,12,0.999927546543843,0.993356007048948,1.00686549066015
27,12,1.00005421839065,0.993323029509266,1.00715563387289
27.2,12,1.00017875487027,0.993364175121978,1.00737018589781
27.4,12,1.00030014729276,0.993412198339079,1.00755973381082
27.6,12,1.00041742779947,0.993458395591367,1.00774357357392
27.8,12,1.00052967732956,0.993494104967362,1.00790612861236
28,12,1.00063603308719,0.993470084250093,1.00800046526174
28.2,12,1.00073569543875,0.993506890009229,1.00814124281047
28.4,12,1.00082793417335,0.993517737358678,1.00827348755409
28.6,12,1.00091209406575,0.993502108688845,1.00834529249438
28.8,12,1.0009875996867,0.993483871998749,1.00849409060895
29,12,1.00105395941324,0.993538736288962,1.00863795866648
29.2,12,1.00111076859949,0.993597757691151,1.00873182545974
29.4,12,1.00115771187727,0.993548338037221,1.00879850937251
29.6,12,1.00119456456543,0.993480642827874,1.00889178782552
29.8,12,1.00122119317686,0.9933927531052,1.00898177456731
30,12,1.00123755502234,0.993322972485235,1.00893399359536
30.2,12,1.00124369692119,0.993297842557958,1.00886580276966
30.4,12,1.00123975303912,0.993217287604162,1.00896628160874
30.6,12,1.00122594188435,0.993119116612595,1.0090276211816
30.8,12,1.00120256250318,0.993096030684315,1.00896251999531
31,12,1.00116998992572,0.992988484082346,1.0090858196667
31.2,12,1.00112866992199,0.992928537352904,1.00919577976091
31.4,12,1.00107911313614,0.992863530479867,1.00928930153161
31.6,12,1.00102188867454,0.992803413680168,1.00937545606043
31.8,12,1.0009576172291,0.992719063150264,1.00945376864565
32,12,1.00088696382248,0.99263955755726,1.00951115853232
32.2,12,1.00081063026557,0.992547768076889,1.00956531633905
32.4,12,1.00072934741976,0.992409775111347,1.00962526862375
32.6,12,1.00064386735787,0.992309949734787,1.00962227592432
32.8,12,1.00055495551718,0.992161484529322,1.00951465224647
33,12,1.00046338293608,0.991961028604955,1.0093894841343
33.2,12,1.0003699186632,0.991775113844082,1.00927766982894
33.4,12,1.00027532242344,0.991506945202683,1.00915908347853
33.6,12,1.00018033762006,0.991257308760288,1.00904841441596
33.8,12,1.00008568474534,0.99109646880278,1.00899572290204
34,12,0.999992055265371,0.990933646698154,1.00884288913262
34.2,12,0.999900106036058,0.990716634673349,1.00877957304558
34.4,12,0.999810454298875,0.990639774712568,1.00877855694736
34.6,12,0.999723673295721,0.990611144485584,1.00865931199064
34.8,12,0.999640288532676,0.9905812115874,1.00854043362844
35,12,0.99956077471283,0.990517636437159,1.00844484753555
35.2,12,0.999485553348771,0.990324696883709,1.00839800862412
35.4,12,0.99941499105586,0.990207490479724,1.00842248017278
35.6,12,0.999349398518294,0.989971897463227,1.00848699545933
35.8,12,0.99928903011132,0.989634102313534,1.00851918584638
36,12,0.999234084154852,0.989422405819247,1.00862855472401
36.2,12,0.999184703766381,0.98937316679484,1.00861041875153
36.4,12,0.999140978274432,0.98924319049556,1.0086019225156
36.6,12,0.999102945148066,0.988858759366597,1.00872765467871
36.8,12,0.999070592393098,0.988619284905774,1.00880802689458
37,12,0.99904386136179,0.988512541215402,1.00895798216449
37.2,12,0.99902264991986,0.988553998242249,1.00925190458502
37.4,12,0.999006815912711,0.988704379819711,1.0092799121166
37.6,12,0.998996180871786,0.988614453958706,1.00949385552105
37.8,12,0.998990533901902,0.988519022843124,1.00964064888008
38,12,0.998989635691259,0.988502728678314,1.00975331452468
38.2,12,0.998993222587443,0.988520659845195,1.01002459486638
38.4,12,0.9990010106852,0.988394157643266,1.01024974244232
38.6,12,0.999012699874796,0.988317530972755,1.01051686953284
38.8,12,0.999027977803499,0.988347578190127,1.01088448366065
39,12,0.999046523706857,0.988348372846863,1.01116423653123
39.2,12,0.999068012071036,0.98829234508904,1.01123440631383
39.4,12,0.999092116092339,0.988168922215792,1.01143467845786
39.6,12,0.999118510905096,0.988069428561713,1.01177381730816
39.8,12,0.999146876554292,0.988017267965145,1.01200019392777
40,12,0.999176900694477,0.987945559061564,1.01214272078961
0,13,0.982019061182328,0.955218768089637,1.00788494935094
0.2,13,0.982148177133122,0.955526919151903,1.00789819555281
0.4,13,0.982280260291373,0.95583982381664,1.00786529829487
0.6,13,0.982415087637449,0.956125996560212,1.00789410795803
0.8,13,0.982552427034331,0.956449876818023,1.00788459716758
1,13,0.982692040415824,0.956677598749433,1.0077612685441
1.2,13,0.982833687290375,0.957080289374316,1.00772460907412
1.4,13,0.982977128529286,0.957412894700092,1.00778760529948
1.6,13,0.983122130400921,0.957699094673313,1.00787976878332
1.8,13,0.983268468805432,0.957994990274973,1.00800076898208
2,13,0.983415933657738,0.958315209798089,1.00817659916352
2.2,13,0.983564333360185,0.958553898335984,1.00830877430909
2.4,13,0.983713499300499,0.958991201952046,1.00841414897139
2.6,13,0.983863290305699,0.95940719479893,1.00842453917702
2.8,13,0.984013596978445,0.959609291772066,1.00847119733627
3,13,0.984164345839254,0.959834244401544,1.0085744197535
3.2,13,0.984315503196029,0.960515343467983,1.00867481057309
3.4,13,0.984467078661696,0.960834333702302,1.00879810517026
3.6,13,0.984619128241402,0.961236773540555,1.00882194217507
3.8,13,0.984771756912805,0.961959616054728,1.00886593653429
4,13,0.984925120626577,0.962152803268838,1.00888767457928
4.2,13,0.985079427659227,0.962496522497279,1.00884316393021
4.4,13,0.985234939256879,0.962727468110044,1.00879589336425
4.6,13,0.985391969516504,0.962985671777865,1.00874590972663
4.8,13,0.985550884460381,0.963429390943038,1.00869328040346
5,13,0.985712100269994,0.963640476131974,1.00852191813971
5.2,13,0.985876080657145,0.963860560038689,1.00839638249822
5.4,13,0.986043333362534,0.964171260089327,1.0082275836893
5.6,13,0.986214405785291,0.964496454918239,1.00816331560091
5.8,13,0.986389879760668,0.96492050743355,1.00809613918368
6,13,0.98657036551717,0.965080588893497,1.00802664805124
6.2,13,0.986756494858487,0.965405613702091,1.00790048710694
6.4,13,0.986948913629546,0.965637435826148,1.00788325072106
6.6,13,0.987148273539453,0.965849870307516,1.0079676214096
6.8,13,0.987355223426924,0.966178662387396,1.00797953237498
7,13,0.987570400065683,0.966493809060038,1.00781498653779
7.2,13,0.98779441861802,0.966885446955994,1.00768582154354
7.4,13,0.988027862854091,0.967301102441011,1.00751264879787
7.6,13,0.988271275262335,0.96750799691838,1.00745282736287
7.8,13,0.988525147182497,0.967699578446426,1.007414739949
8,13,0.988789909096959,0.968116905562312,1.00749952410306
8.2,13,0.989065921218369,0.968472187956068,1.00731189699844
8.4,13,0.989353464511781,0.969082113497325,1.00739987683842
8.6,13,0.989652732287629,0.969550625842766,1.00741132046431
8.8,13,0.989963822497948,0.970051862262261,1.0073497786976
9,13,0.990286730862173,0.970527011170271,1.00736447113949
9.2,13,0.990621344940809,0.970958128020189,1.00741334465289
9.4,13,0.990967439265315,0.971480702368029,1.00776268342719
9.6,13,0.991324671620715,0.972067626445203,1.00800720974788
9.8,13,0.991692580564037,0.972711618686888,1.00825068198068
10,13,0.992070584246746,0.973443847350839,1.00821059961292
10.2,13,0.992457980593139,0.974068638655051,1.00814114905561
10.4,13,0.992853948869414,0.974782894385603,1.00818508053956
10.6,13,0.993257552660037,0.975445268110935,1.00839013355956
10.8,13,0.993667744249438,0.976121733952718,1.00841458338392
11,13,0.994083370388129,0.976914975998394,1.00856722256299
11.2,13,0.994503179403429,0.977679346609445,1.00862636665177
11.4,13,0.994925829596371,0.978519876559691,1.0088888459898
11.6,13,0.995349898848259,0.979339200696356,1.00912649653463
11.8,13,0.995773895343161,0.980132268220972,1.00966793076738
12,13,0.996196269296497,0.980912739450774,1.00968383939415
12.2,13,0.996615425565167,0.981632802563734,1.00962973143415
12.4,13,0.997029737001584,0.982402379744064,1.00953003279908
12.6,13,0.997437558402699,0.983242793534902,1.00981446591285
12.8,13,0.99783724089591,0.984106192973089,1.01001329330672
13,13,0.998227146596744,0.984985177750398,1.01022444994629
13.2,13,0.998605663368509,0.985815155954227,1.01051681508839
13.4,13,0.998971219511871,0.986631492358734,1.01051463351039
13.6,13,0.999322298212535,0.98744490990432,1.0106259588788
13.8,13,0.999657451577895,0.988237680400593,1.01050579535515
14,13,0.99997531409868,0.989060628850852,1.01024013004585
14.2,13,1.00027461537912,0.989913624963248,1.01024272001206
14.4,13,1.00055419198889,0.990703891437995,1.01018787513026
14.6,13,1.00081299830195,0.991482242443763,1.01009204334807
14.8,13,1.00105011620096,0.992260599044806,1.01009681413061
15,13,1.0012647635415,0.993000131683212,1.00998157820862
15.2,13,1.00145630128668,0.993716774631999,1.00990756796556
15.4,13,1.00162423924072,0.994361330155629,1.00978703037896
15.6,13,1.00176824032844,0.994890996167168,1.0095970746838
15.8,13,1.00188812338667,0.99544599444414,1.00946775192327
16,13,1.00198386445237,0.995938643972375,1.00935594904769
16.2,13,1.00205559655141,0.996336538765321,1.00908285783824
16.4,13,1.00210360801021,0.996728332651035,1.00879316264225
16.6,13,1.00212833932965,0.99709771659204,1.00848313032778
16.8,13,1.00213037867772,0.997466656870765,1.00816828258779
17,13,1.00211045607201,0.997764088790806,1.00787347538054
17.2,13,1.00206943633697,0.998100213012709,1.00754679325178
17.4,13,1.00200831093303,0.998425930710237,1.00718054435463
17.6,13,1.00192818876454,0.998645186948263,1.00677703562338
17.8,13,1.00183028608197,0.998848422522392,1.00629575229912
18,13,1.00171591560025,0.999058085011724,1.00579158860484
18.2,13,1.00158647495941,0.999214377219858,1.00529731567432
18.4,13,1.00144343465633,0.999344007975114,1.00474344585207
18.6,13,1.00128832557725,0.999463341048735,1.00416292097487
18.8,13,1.00112272625954,0.999575612529645,1.00359944088294
19,13,1.00094825000886,0.999676982628071,1.00303101319767
19.2,13,1.00076653199381,0.99975338681338,1.00245660277595
19.4,13,1.00057921643483,0.999823183405645,1.00186267803501
19.6,13,1.00038794399804,0.999883203196062,1.00124792581464
19.8,13,1.00019433949729,0.999943464291787,1.00062744645624
20,13,1,1,1
20.2,13,0.999806483423752,0.999373908495728,1.00005329999885
20.4,13,0.999615297702162,0.998743758178885,1.00010440547696
20.6,13,0.999427890589443,0.998123034452327,1.00015496256578
20.8,13,0.999245640164332,0.997514193863624,1.00021516213438
21,13,0.999069846085237,0.996944866300236,1.00027632175729
21.2,13,0.99890172164001,0.996368193597099,1.00033303721224
21.4,13,0.998742386625553,0.995779334110718,1.00040199829781
21.6,13,0.998592861084768,0.99526034875404,1.00048195297937
21.8,13,0.998454059921052,0.994747574165426,1.00054662273659
22,13,0.998326788403832,0.994342474602199,1.0006201141932
22.2,13,0.998211738572325,0.993873200120178,1.00072757081218
22.4,13,0.998109486539019,0.993426125396054,1.00085060008251
22.6,13,0.998020490689084,0.993027494206274,1.00098027967245
22.8,13,0.997945090767147,0.992603820516684,1.00109045561276
23,13,0.997883507838434,0.992183400453531,1.00120511668929
23.2,13,0.997835845107249,0.991796321986959,1.00135668430808
23.4,13,0.997802089571985,0.991520540494593,1.00152215792309
23.6,13,0.997782114492311,0.991232915092385,1.00170173732966
23.8,13,0.997775682640787,0.990934598918569,1.00186335094939
24,13,0.997782450307874,0.990646611365923,1.00206711550704
24.2,13,0.997801972026058,0.990413209613654,1.00225411360546
24.4,13,0.997833705975546,0.990282778548457,1.00243057158375
24.6,13,0.997877020030727,0.990133277497746,1.00261107317006
24.8,13,0.997931198403224,0.989944166620459,1.00280020619198
25,13,0.997995448833971,0.989766623304973,1.00299243856025
25.2,13,0.998068910283239,0.989553205049837,1.00321207043717
25.4,13,0.998150661064051,0.989332570251312,1.00343461324126
25.6,13,0.998239727360854,0.989182966159342,1.00364954592319
25.8,13,0.998335092071845,0.989046846517897,1.00390023723914
26,13,0.998435703909938,0.98897600584615,1.0041505790364
26.2,13,0.998540486694139,0.988966038611998,1.00439440024139
26.4,13,0.998648348760129,0.988970530848854,1.00459697298684
26.6,13,0.998758192416248,0.98903204184393,1.00480942353218
26.8,13,0.998868923368851,0.989014552908637,1.00501696856308
27,13,0.998979460039432,0.989047085716622,1.00521354098005
27.2,13,0.999088742694833,0.988958679172222,1.00539340039155
27.4,13,0.999195742311639,0.989020303302505,1.0055963878353
27.6,13,0.99929946909632,0.988900157078955,1.00581528639977
27.8,13,0.999398980584135,0.988681115712443,1.00595309874598
28,13,0.999493389242106,0.988541301956617,1.00601673756996
28.2,13,0.999581869504705,0.988617676477995,1.0061300540083
28.4,13,0.999663664175195,0.988551436952504,1.00636492321039
28.6,13,0.999738090130851,0.988418730849223,1.0064886314996
28.8,13,0.999804543276589,0.988370715786787,1.00660570477547
29,13,0.999862502698695,0.988277625140098,1.0067206716254
29.2,13,0.999911533978455,0.988103512318059,1.00683472981483
29.4,13,0.999951291634254,0.987991881749462,1.00696929106867
29.6,13,0.99998152067026,0.98783878269519,1.00705229033002
29.8,13,1.00000205721979,0.987685842960388,1.00706259655933
30,13,1.00001282828183,0.987611600403739,1.00713826359908
30.2,13,1.00001385055989,0.987530796080658,1.00710051737768
30.4,13,1.00000522842286,0.987456267952373,1.00706691859131
30.6,13,0.99998715101831,0.987442429077381,1.00707450739663
30.8,13,0.999959888578667,0.987351858942067,1.00711965686637
31,13,0.999923787970634,0.987216162225853,1.00716595053785
31.2,13,0.999879267547236,0.987101737679498,1.00716646742897
31.4,13,0.999826811370196,0.986985748429059,1.00718565170635
31.6,13,0.999766962877665,0.98686890180448,1.00718062856923
31.8,13,0.999700318078622,0.986748030304115,1.00718681275063
32,13,0.99962751836031,0.986604279414577,1.00711984808352
32.2,13,0.999549242998889,0.986398585830893,1.00707794274724
32.4,13,0.99946620146595,0.986190835840572,1.00703610228209
32.6,13,0.999379125624651,0.9859822446469,1.0069506920884
32.8,13,0.999288761908965,0.98577631837481,1.00693186343701
33,13,0.999195863577913,0.985574319064352,1.00681401820803
33.2,13,0.999101183133731,0.985474673013076,1.00671407961476
33.4,13,0.99900546498875,0.985424993268648,1.00661651372139
33.6,13,0.998909438460436,0.985369312453244,1.00661502992597
33.8,13,0.998813811167672,0.985191362759577,1.00657602641448
34,13,0.998719262894093,0.9850442505384,1.00648929957667
34.2,13,0.998626439976187,0.984936487980359,1.0063309695814
34.4,13,0.998535950265214,0.984947645578781,1.00622858495395
34.6,13,0.998448358702802,0.984973139617318,1.00620662477282
34.8,13,0.998364183540631,0.984811612241403,1.00620461332516
35,13,0.998283893224964,0.984666483110705,1.00615669183223
35.2,13,0.998207903957221,0.984539909489905,1.00622341442583
35.4,13,0.998136577932297,0.984414673510009,1.00618303587322
35.6,13,0.998070222247266,0.984291341147522,1.006303835108
35.8,13,0.998009088464394,0.984218179639912,1.00634736161632
36,13,0.997953372804309,0.984081558835214,1.0064504213921
36.2,13,0.997903216937768,0.983920248914349,1.00657364625119
36.4,13,0.997858709337813,0.983722056686214,1.00663087294981
36.6,13,0.997819887148336,0.983542875379659,1.00673884020759
36.8,13,0.997786738520184,0.983488965758114,1.00703474823862
37,13,0.997759205362019,0.983444306467064,1.00727338171561
37.2,13,0.997737186450189,0.983345756965614,1.0074829132918
37.4,13,0.997720540839873,0.983346558444841,1.00754712937258
37.6,13,0.997709091518745,0.983222848348857,1.00760486966614
37.8,13,0.997702629244303,0.983178433647023,1.00766581958129
38,13,0.997700916506782,0.983257088912104,1.0077996390981
38.2,13,0.997703691561218,0.983347490405362,1.00800764182333
38.4,13,0.997710672474551,0.983398136221691,1.00827377483398
38.6,13,0.997721561136742,0.983358126656422,1.00841759681338
38.8,13,0.99773604718849,0.983194660051364,1.00866470570141
39,13,0.997753811822283,0.983094688838775,1.00877979165047
39.2,13,0.997774531418026,0.982949762176071,1.00898627563523
39.4,13,0.997797880979353,0.983073255012393,1.00930311969058
39.6,13,0.997823537341724,0.983177976042079,1.00971430126534
39.8,13,0.997851182128595,0.98330613496317,1.01008048652228
40,13,0.997880504437056,0.983391638200925,1.0104563122013
0,14,0.983611019775995,0.9532885798705,1.00985931902487
0.2,14,0.98376599080184,0.953791061214398,1.00994384711499
0.4,14,0.983926037790958,0.954156383318191,1.00995145500132
0.6,14,0.984091047201978,0.954516416643772,1.0099475798389
0.8,14,0.984260895197711,0.954821634891783,1.01003948286358
1,14,0.984435449936585,0.955146074060953,1.01023143269227
1.2,14,0.984614574110266,0.955561667703255,1.0104325847598
1.4,14,0.984798127699751,0.956125891270103,1.01040904518013
1.6,14,0.984985970916202,0.956759672418679,1.01048828451274
1.8,14,0.985177967286889,0.957700899642786,1.01033267286967
2,14,0.985373986841039,0.958721482056791,1.0106365205066
2.2,14,0.985573909345271,0.959671394345606,1.01086743045317
2.4,14,0.985777627533727,0.960255316323053,1.01101653339964
2.6,14,0.985985050274183,0.960642046161404,1.01115049876365
2.8,14,0.986196105608384,0.961103874152044,1.01110015348315
3,14,0.986410743602818,0.961805504932588,1.01113483804378
3.2,14,0.986628938945098,0.962293213948713,1.01150163981809
3.4,14,0.986850693221264,0.962605100462645,1.01185126253187
3.6,14,0.987076036810667,0.963407984693233,1.0121289673951
3.8,14,0.987305030337647,0.963739621432457,1.01249534504343
4,14,0.987537765623129,0.964307118701766,1.01295443816099
4.2,14,0.987774366084363,0.964879358048461,1.01357955942189
4.4,14,0.988014986537451,0.965364852271698,1.01431431197321
4.6,14,0.988259812364869,0.965924545118594,1.01496261722103
4.8,14,0.988509058018857,0.966301516176763,1.01571282022602
5,14,0.98876296484127,0.966955471556296,1.01640401435592
5.2,14,0.98902179819096,0.967501092561999,1.01670588675081
5.4,14,0.989285843881048,0.967964457177907,1.0169095285831
5.6,14,0.989555403940156,0.968444554043389,1.01726900792348
5.8,14,0.989830791723775,0.969110236304947,1.01734472114135
6,14,0.990112326414126,0.969565832799663,1.01811078548823
6.2,14,0.990400326958954,0.969997254553145,1.01896492092962
6.4,14,0.990695105511458,0.97056911227696,1.01930871702889
6.6,14,0.99099696044476,0.970994839846885,1.01947633452225
6.8,14,0.991306169024735,0.971711955915257,1.01999781741867
7,14,0.991622979834474,0.972212543865989,1.02050531251743
7.2,14,0.991947605051897,0.972742531029193,1.02096302047351
7.4,14,0.992280212688923,0.973428774839292,1.0217093444214
7.6,14,0.992620918905972,0.974106922778598,1.02276166277064
7.8,14,0.992969780519247,0.974681216810262,1.02345409989573
8,14,0.993326787820201,0.975116375713599,1.02399396610457
8.2,14,0.993691857826637,0.975727244599335,1.02427854014781
8.4,14,0.994064828083064,0.976264406113169,1.02458980992417
8.6,14,0.994445451124195,0.976870427656414,1.02508600398385
8.8,14,0.994833389709799,0.977514921003556,1.0255470027413
9,14,0.995228212931627,0.978192729350536,1.02602913178262
9.2,14,0.995629393283827,0.978809175565609,1.02644234874936
9.4,14,0.996036304777334,0.979517208050133,1.02668950791652
9.6,14,0.996448222166217,0.980200807522297,1.02686705481275
9.8,14,0.996864321340173,0.980703681283031,1.02743219631814
10,14,0.997283680922314,0.981308634166974,1.02771445544945
10.2,14,0.997705285095492,0.981934311133409,1.02793214310345
10.4,14,0.998128027663738,0.98256207001381,1.02811699377032
10.6,14,0.998550717338252,0.983184167592477,1.02826019482095
10.8,14,0.9989720842201,0.98385922304189,1.02826633407763
11,14,0.999390787434514,0.984497395965259,1.02845127588682
11.2,14,0.999805423854776,0.985273537094499,1.02861234852607
11.4,14,1.00021453783743,0.986042305944967,1.02872033938447
11.6,14,1.00061663187516,0.98673940674024,1.02877446105871
11.8,14,1.0010101780594,0.987456831986303,1.0287741077023
12,14,1.00139363023198,0.988157963807114,1.02871886486165
12.2,14,1.00176543669385,0.988775698742918,1.02860851842237
12.4,14,1.00212405332941,0.989475206045607,1.02837215162246
12.6,14,1.00246795699783,0.990115891371829,1.02814232111182
12.8,14,1.00279565903707,0.990753535177857,1.02789039197667
13,14,1.00310571872362,0.991330185135209,1.02760267393568
13.2,14,1.00339675652999,0.991920079058751,1.02761335022605
13.4,14,1.00366746702356,0.992612165547369,1.02723845003594
13.6,14,1.00391663125442,0.993224228852281,1.02715214902741
13.8,14,1.00414312848569,0.993737454168839,1.02709437226573
14,14,1.00434594712821,0.994210486437489,1.02659029343712
14.2,14,1.00452419475177,0.994625947905428,1.02607193033017
14.4,14,1.00467710705687,0.995024758941478,1.02587505005467
14.6,14,1.004804055705,0.995515824798746,1.02522281203561
14.8,14,1.00490455492015,0.995888517799867,1.02447709933612
15,14,1.00497826679055,0.996232293240509,1.02379380574032
15.2,14,1.00502500521652,0.996639615039647,1.0232699654092
15.4,14,1.0050447384678,0.997073031139255,1.02256735291646
15.6,14,1.00503759033132,0.997420494302003,1.02190365255984
15.8,14,1.00500383984804,0.997726787968097,1.02102617570221
16,14,1.00494391965458,0.998020339371977,1.02013151345699
16.2,14,1.00485841296197,0.998347091612732,1.01923243615006
16.4,14,1.00474804921958,0.998534492846916,1.01835071965477
16.6,14,1.00461369852654,0.99874365816429,1.01736171061158
16.8,14,1.00445636486636,0.998914215677099,1.01636440800299
17,14,1.00427717825199,0.999094885670769,1.01542054674108
17.2,14,1.00407738587863,0.999280772647851,1.01442528735177
17.4,14,1.00385834238983,0.999416578193685,1.01335428775159
17.6,14,1.003621499369,0.99952896552143,1.01237462439334
17.8,14,1.00336839417316,0.999607395492765,1.01134405188154
18,14,1.00310063822875,0.999688362385925,1.01024124404982
18.2,14,1.00281990491041,0.999756005588867,1.0091580499139
18.4,14,1.00252791712351,0.999807919085131,1.00808323365123
18.6,14,1.00222643470904,0.999854659532827,1.00704147246479
18.8,14,1.00191724178645,0.999909573417119,1.00598953458498
19,14,1.00160213414531,0.999927209246816,1.0049341999102
19.2,14,1.00128290679122,0.999952612096218,1.00390612346636
19.4,14,1.00096134174499,0.999971824074107,1.00289534466001
19.6,14,1.00063919618689,0.999988484886856,1.00190032800519
19.8,14,1.00031819103017,0.999998108633762,1.0009500858435
20,14,1,1,1
20.2,14,0.999686239285904,0.999053526807159,0.999997796756579
20.4,14,0.999378457827275,0.998120440206578,0.99999304192161
20.6,14,0.999078128283758,0.997217038076023,0.999986350257116
20.8,14,0.998786638734108,0.99634178351508,0.999981296349395
21,14,0.998505285139671,0.99545349531473,0.999976246072398
21.2,14,0.998235264601385,0.994580401731273,0.999968937410342
21.4,14,0.997977669432475,0.993833989114258,0.999972586224666
21.6,14,0.997733482062735,0.993008660088585,0.999975958522816
21.8,14,0.997503570784576,0.99225630903128,1.00000119536413
22,14,0.997288686345751,0.991533900310626,1.0000393063079
22.2,14,0.997089459388963,0.990696828728857,1.00004959471771
22.4,14,0.996906398734251,0.989839640076861,1.00006871002988
22.6,14,0.996739890496207,0.989088379223711,1.00010629287837
22.8,14,0.996590198024584,0.988409765662553,1.0001422605494
23,14,0.996457462653638,0.987863893376079,1.00017057393132
23.2,14,0.996341705242612,0.98737329752405,1.00024168422106
23.4,14,0.996242828486948,0.986878720044289,1.00032931235308
23.6,14,0.996160619977148,0.986341623436856,1.00044752352378
23.8,14,0.996094755979505,0.985751039437153,1.00058057405054
24,14,0.99604480591027,0.985295185631669,1.00071977379759
24.2,14,0.996010237472038,0.984733866841166,1.00089831390978
24.4,14,0.995990422418256,0.984326129243979,1.00101211799378
24.6,14,0.995984642908758,0.983990697326939,1.00115502558036
24.8,14,0.995992098416021,0.98341833241494,1.00125641890557
25,14,0.99601191313852,0.982927898531022,1.00144034820147
25.2,14,0.99604314387409,0.982526174487886,1.00163383512003
25.4,14,0.996084788302575,0.982211252170323,1.00185957834986
25.6,14,0.996135793623438,0.981842357874735,1.00202710294081
25.8,14,0.996195065490298,0.981503576523209,1.00216312477157
26,14,0.996261477180773,0.981104420369633,1.0023000502817
26.2,14,0.996333878936561,0.980874149808426,1.00252082206375
26.4,14,0.996411107405449,0.980674240384083,1.00278373795001
26.6,14,0.996491995114093,0.980501732294476,1.00294318421589
26.8,14,0.99657537989793,0.980434218645662,1.00308863155988
27,14,0.996660114212701,0.980380398085841,1.00324620424778
27.2,14,0.99674507425082,0.980335706585105,1.00341355201801
27.4,14,0.996829168785255,0.980153154679871,1.00360880845137
27.6,14,0.996911347663931,0.979979000175543,1.00374585716591
27.8,14,0.996990609878828,0.979901617874707,1.00392159318472
28,14,0.9970660111361,0.979859170007449,1.00412492108942
28.2,14,0.997136670856697,0.979828871978767,1.00432174400982
28.4,14,0.997201778541106,0.979784927013696,1.00443928215261
28.6,14,0.997260599437016,0.979705356845077,1.00457330540754
28.8,14,0.99731247945488,0.979457217975193,1.00471089268359
29,14,0.99735684928344,0.979130772718356,1.00487617165876
29.2,14,0.997393227665282,0.978955998850433,1.00498794018306
29.4,14,0.997421223801264,0.978872185111487,1.00512822863818
29.6,14,0.99744053886207,0.97878678187927,1.00529530611762
29.8,14,0.997450966595167,0.978699102174699,1.00537911094022
30,14,0.997452393025759,0.978602731776339,1.00544527817661
30.2,14,0.997444795260964,0.978750693928042,1.00552658135437
30.4,14,0.99742823941706,0.978535830292005,1.00558756979667
30.6,14,0.997402877700193,0.978279722169319,1.00554485075245
30.8,14,0.997368944681138,0.97816535880212,1.00555642523945
31,14,0.997326752814476,0.978014233901274,1.00567052895073
31.2,14,0.99727668726161,0.977845224266284,1.00568959530406
31.4,14,0.997219200085349,0.977676211900717,1.0057100527812
31.6,14,0.997154803891122,0.977507722111266,1.00567501752649
31.8,14,0.997084064996109,0.977339705427928,1.0056130560445
32,14,0.997007596212662,0.977167377527284,1.00560851563689
32.2,14,0.996926049336161,0.977094244443378,1.00552968141565
32.4,14,0.996840107429902,0.977090808248832,1.00550595047373
32.6,14,0.996750477000729,0.977071435091252,1.00547269513601
32.8,14,0.996657880158812,0.976835169872675,1.00542694221295
33,14,0.996563046853356,0.976594430476074,1.00536316001032
33.2,14,0.996466707273088,0.976345477969029,1.00535925646406
33.4,14,0.996369584496162,0.976097986985399,1.00533729043933
33.6,14,0.99627238746882,0.975777235234284,1.0053236349228
33.8,14,0.996175804385733,0.975392261832857,1.00533106769477
34,14,0.996080496537689,0.975066455473179,1.00529796338173
34.2,14,0.995987092684186,0.974831672517395,1.0052858250476
34.4,14,0.995896183999836,0.974827664460109,1.00523576126766
34.6,14,0.995808319634283,0.974833073829325,1.00522024396577
34.8,14,0.995724002915894,0.974726426884664,1.00527497581316
35,14,0.995643688219867,0.974591913088037,1.00539070753189
35.2,14,0.995567778511788,0.974457881702849,1.00548677033751
35.4,14,0.995496623568272,0.974327156944242,1.00552922420797
35.6,14,0.995430518867194,0.974308477412929,1.00558127088195
35.8,14,0.995369705131371,0.974226273205231,1.00556126359588
36,14,0.995314368501487,0.974294352370313,1.0055905139927
36.2,14,0.995264641306647,0.974170683856501,1.00548998044601
36.4,14,0.995220603394346,0.974027975597057,1.00540767724508
36.6,14,0.995182283975864,0.973674252628962,1.00536657573569
36.8,14,0.995149663938246,0.973401877923676,1.00541948541334
37,14,0.995122678570119,0.97372335922909,1.00554962292689
37.2,14,0.995101220645673,0.97376701147636,1.00578633437207
37.4,14,0.995085143809123,0.97382555756199,1.00597827580986
37.6,14,0.995074266201024,0.973894494558894,1.00621302820645
37.8,14,0.995068374267656,0.973960822389481,1.00646916916169
38,14,0.995067226695555,0.974039540236316,1.00677838089252
38.2,14,0.995070558414847,0.97412954843793,1.00703872284016
38.4,14,0.995078084617437,0.974172397036612,1.00732700462942
38.6,14,0.995089504739157,0.974144709375069,1.00758053828909
38.8,14,0.995104506358604,0.974175007338518,1.00782343472743
39,14,0.995122768969532,0.974322803364471,1.00806381442512
39.2,14,0.995143967588212,0.974473161838568,1.00822530499825
39.4,14,0.995167776161962,0.974608868827059,1.00847184950556
39.6,14,0.995193870750114,0.974448630411892,1.00878424935217
39.8,14,0.995221932453804,0.974421148984838,1.00906053621164
40,14,0.9952516500761,0.974490615634715,1.00937580007889
