"value","lag","rr","lo","hi"
0,0,0.989262648396594,0.935013440235072,1.02561623735591
0.2,0,0.989135949687997,0.935194273658146,1.02496701172195
0.4,0,0.989006966744516,0.935390388383543,1.02431815299296
0.6,0,0.988876269454217,0.93574500024516,1.02402722430957
0.8,0,0.988744494194864,0.936149169556147,1.02356069829644
1,0,0.988612344188353,0.936577694485238,1.02294351348319
1.2,0,0.988480589201592,0.937026672767232,1.02233691773064
1.4,0,0.988350064544178,0.937653474241104,1.02200685254441
1.6,0,0.988221669318593,0.938027523688653,1.02171359275998
1.8,0,0.988096363885063,0.938548218777615,1.02124479899439
2,0,0.987975166510639,0.939073636128867,1.02071864332311
2.2,0,0.987859149180376,0.939525497038389,1.0199705498784
2.4,0,0.987749432557729,0.940168716473218,1.01960325396776
2.6,0,0.987647180091169,0.940810627905322,1.01910103143226
2.8,0,0.987553591274712,0.941257427937664,1.01854757469665
3,0,0.987469894081127,0.94209639287575,1.01793877778662
3.2,0,0.987397336598133,0.942715062493085,1.0173503018737
3.4,0,0.987337177909651,0.943539825373086,1.01669431107426
3.6,0,0.987290678275967,0.943928675528029,1.01618086574116
3.8,0,0.987259088678417,0.944567782453083,1.01564438096858
4,0,0.987243639805638,0.945151685123834,1.01537431327072
4.2,0,0.987245530569444,0.94591043484568,1.0150730968315
4.4,0,0.987265916248797,0.946869267817319,1.01464459680434
4.6,0,0.987305896369957,0.947772638811231,1.01437445654311
4.8,0,0.987366502439611,0.948759055931013,1.0139493463496
5,0,0.987448685655357,0.949698940942095,1.01343491605687
5.2,0,0.987553304724354,0.950551905049866,1.01304140441998
5.4,0,0.987681113925977,0.951777897165382,1.01269132472952
5.6,0,0.987832751557915,0.952749457934908,1.01247898037815
5.8,0,0.988008728907225,0.953634488832149,1.01225017457478
6,0,0.988209419888281,0.95445008329768,1.01201174089791
6.2,0,0.988435051488325,0.955359472704387,1.01183717424089
6.4,0,0.988685695158358,0.956262715527611,1.01165261048229
6.6,0,0.988961259282425,0.957382741705004,1.01152673094055
6.8,0,0.989261482851891,0.958470442819068,1.01149736929357
7,0,0.989585930463138,0.959144833605452,1.01147076697364
7.2,0,0.989933988747241,0.960125888788702,1.01144683625714
7.4,0,0.990304864328665,0.96151834585009,1.01144659640296
7.6,0,0.990697583396941,0.962465817247098,1.01153292120424
7.8,0,0.991110992960712,0.963357617797035,1.01157065852886
8,0,0.991543763837596,0.964326536065549,1.01166871803793
8.2,0,0.991994395416156,0.965724303130343,1.0118495633083
8.4,0,0.992461222207969,0.966892681351036,1.0119522585074
8.6,0,0.99294242218863,0.968196702713384,1.01205480245949
8.8,0,0.993436026906594,0.96956278178463,1.01221099344576
9,0,0.993939933318323,0.970490129483867,1.01254873026461
9.2,0,0.994451917287461,0.971306132361989,1.01267221736118
9.4,0,0.994969648665003,0.972006032732886,1.01287777796151
9.6,0,0.995490707846785,0.972733087393103,1.01304882568733
9.8,0,0.996012603684559,0.973394747463787,1.01329669190482
10,0,0.996532792607531,0.974275825425113,1.01344466432442
10.2,0,0.997048698792923,0.975132985567505,1.01360836814395
10.4,0,0.997557735207098,0.97602460269367,1.01384997832693
10.6,0,0.998057325323414,0.976994580160787,1.01394374674183
10.8,0,0.998544925309403,0.97772365717895,1.01407322686577
11,0,0.999018046464496,0.978312277147957,1.01431138792626
11.2,0,0.999474277680481,0.979135618096236,1.01442269453227
11.4,0,0.999911307690381,0.979985260048518,1.01470714053246
11.6,0,1.0003269468678,0.980622240874243,1.01490586095812
11.8,0,1.00071914833787,0.981459963864794,1.01499841152107
12,0,1.00108602816331,0.98216158685526,1.01512468216807
12.2,0,1.00142588437395,0.982901725250982,1.01515116496363
12.4,0,1.00173721461685,0.983406155413698,1.01514329569024
12.6,0,1.00201873221492,0.984042016491012,1.01518015854962
12.8,0,1.00226938043639,0.984843691675883,1.01510301398086
13,0,1.00248834479417,0.985386747667086,1.01517168121926
13.2,0,1.00267506321381,0.985718886277049,1.01504651791867
13.4,0,1.00282923393003,0.986043868521062,1.01488450331323
13.6,0,1.00295082099593,0.986482398458289,1.01468963693082
13.8,0,1.003040057314,0.986887951897508,1.01443015400601
14,0,1.00309744512475,0.987193550593574,1.01411503990662
14.2,0,1.00312375391638,0.987531147759275,1.0137655048467
14.4,0,1.00312001574687,0.988027011347145,1.01338245638291
14.6,0,1.00308751799815,0.988307676806648,1.01296713391242
14.8,0,1.00302779360977,0.988665053011221,1.01252319589317
15,0,1.00294260886686,0.989182204787101,1.01208651770786
15.2,0,1.00283394884327,0.989571346635943,1.01152133993194
15.4,0,1.00270400062577,0.98993195140302,1.01099185877566
15.6,0,1.00255513446821,0.990570912376621,1.0104741844777
15.8,0,1.00238988304589,0.991029543541831,1.01003096234949
16,0,1.00221091899955,0.99129454771334,1.00954313020564
16.2,0,1.00202103097505,0.991510158490608,1.00906274795296
16.4,0,1.00182309837928,0.991977450361418,1.00858975922013
16.6,0,1.0016200650845,0.992423564640562,1.00806004204523
16.8,0,1.00141491232267,0.992737237274626,1.0074531209239
17,0,1.00121063101784,0.993059065149842,1.00677384068988
17.2,0,1.00101019380896,0.993359656712898,1.00615528983138
17.4,0,1.00081652701693,0.993640568015948,1.00554933588276
17.6,0,1.00063248280921,0.99394543289911,1.00499664839061
17.8,0,1.00046081181219,0.994307906923595,1.00446438632251
18,0,1.0003041364167,0.994652755375245,1.0039867981658
18.2,0,1.00016492501488,0.995090856825901,1.00348413174668
18.4,0,1.00004546739798,0.995550901895888,1.00302267051917
18.6,0,0.999947851534126,0.996013770902449,1.00254293297836
18.8,0,0.999873941933324,0.996515510077924,1.00210467140996
19,0,0.9998253597934,0.997037107800793,1.00169327408732
19.2,0,0.999803465106309,0.997586392554892,1.00132174224557
19.4,0,0.999809340888279,0.998158058378905,1.00094208122573
19.6,0,0.999843779680626,0.998739584812286,1.00058851940586
19.8,0,0.999907272450225,0.999350710326211,1.00028451305124
20,0,1,1,1
20.2,0,1.00012182698018,0.999730843204178,1.00066434822194
20.4,0,1.00027229857079,0.99948430027913,1.0013496513917
20.6,0,1.00045063988456,0.999268239883151,1.00207551590981
20.8,0,1.00065575811783,0.999083391309973,1.00278337994033
21,0,1.00088624745418,0.998917317845897,1.0034885119236
21.2,0,1.00114039670293,0.998769129287682,1.0042705745782
21.4,0,1.00141619963043,0.998612045755161,1.00510184301537
21.6,0,1.00171136791892,0.998484847426429,1.00594239666845
21.8,0,1.0020233466629,0.998347894561154,1.00674333999323
22,0,1.00234933228939,0.998263522446145,1.00754078826497
22.2,0,1.00268629276407,0.998112763955973,1.00829705529616
22.4,0,1.003030989922,0.998000411058598,1.00903273503982
22.6,0,1.00338000373882,0.997930430212918,1.00980845000379
22.8,0,1.00372975833642,0.997849023250956,1.01072391206756
23,0,1.00407654949665,0.997750691497734,1.01153596894357
23.2,0,1.00441657343814,0.997721022975937,1.01232358219
23.4,0,1.00474595659425,0.997681617359974,1.01313490954246
23.6,0,1.00506078611634,0.997655031155821,1.01384668596954
23.8,0,1.00535714081464,0.99757331239582,1.01450771987269
24,0,1.00563112224096,0.997382440665299,1.01515567321305
24.2,0,1.00587888561225,0.997258346003385,1.01577009669253
24.4,0,1.00609667027267,0.997060594268833,1.01630221622307
24.6,0,1.00628082939432,0.996842055759301,1.01677606942703
24.8,0,1.00642785862295,0.996578257261879,1.01729334411541
25,0,1.00653442338562,0.996243245448322,1.01787926715694
25.2,0,1.00659738459123,0.995936494551324,1.01835406692791
25.4,0,1.00661382247333,0.995550906358866,1.01888720848946
25.6,0,1.00658105834615,0.995119633006099,1.0193158112638
25.8,0,1.00649667407017,0.994507514765485,1.01957503540098
26,0,1.00635852905152,0.993953738160282,1.01968487072032
26.2,0,1.00616477463043,0.99292726074922,1.01991252688658
26.4,0,1.00591386574655,0.992384272683906,1.02011745143638
26.6,0,1.00560456980336,0.991693988955064,1.02000033772685
26.8,0,1.00523597268901,0.99058871481759,1.02004016534631
27,0,1.00480748194647,0.98951412791857,1.02012549149561
27.2,0,1.00431882712092,0.988414006804408,1.01987941193071
27.4,0,1.00377005734656,0.987465748076713,1.01955262859518
27.6,0,1.00316153626757,0.98658864007141,1.01927980015138
27.8,0,1.00249393441844,0.985441689206363,1.01880925306298
28,0,1.00176821921685,0.984379590153685,1.01845869121462
28.2,0,1.00098564274691,0.983083596061342,1.01828271122065
28.4,0,1.00014772753216,0.981554986672272,1.01791754859553
28.6,0,0.999256250515245,0.98042339253433,1.01749238101033
28.8,0,0.998313225475042,0.978833610032278,1.01681091359573
29,0,0.997320884121783,0.977420469217867,1.01619467642962
29.2,0,0.996281656116441,0.975842364261267,1.01587524123506
29.4,0,0.995198148262506,0.974648768503981,1.01538030533915
29.6,0,0.994073123116262,0.973373893386175,1.01446232588849
29.8,0,0.992909477256135,0.971844385667694,1.01335723153531
30,0,0.991710219442841,0.969918579614878,1.01264078062634
30.2,0,0.99047844889029,0.968348893527735,1.0116946735814
30.4,0,0.989217333852841,0.966433266404224,1.01059364712408
30.6,0,0.987930090718046,0.964656005136635,1.00974322323405
30.8,0,0.986619963775778,0.963204947627171,1.00903377274343
31,0,0.985290205815174,0.961379285761585,1.0082502333181
31.2,0,0.983944059680479,0.959469829369618,1.00731717515849
31.4,0,0.982584740896098,0.957377560004444,1.00619263337082
31.6,0,0.981215421450401,0.955003917998839,1.00518217906016
31.8,0,0.979839214807308,0.953103799483033,1.00422877118519
32,0,0.978459162194926,0.950580631120333,1.00353245540968
32.2,0,0.977078220201641,0.948322477792431,1.00304926586513
32.4,0,0.975699249692415,0.946194986635364,1.00242989700774
32.6,0,0.974325006041813,0.943986090710292,1.00162633923614
32.8,0,0.972958130665574,0.942110536382815,1.00102176510845
33,0,0.971601143819535,0.940061714130612,1.00049292919303
33.2,0,0.970256438623401,0.938291895492717,1.00011202500509
33.4,0,0.968926276257362,0.93643546083469,0.999753474536443
33.6,0,0.96761278227173,0.934558256546314,0.999456928816871
33.8,0,0.966317943943725,0.932499379506114,0.999036113731847
34,0,0.965043608611066,0.930111224123028,0.998765842100476
34.2,0,0.963791482909103,0.928228374620706,0.99865847991128
34.4,0,0.96256313283672,0.92637846597375,0.998724386766927
34.6,0,0.961359984575985,0.924450233723864,0.998794123876521
34.8,0,0.960183325991429,0.922510905302554,0.998700492717757
35,0,0.959034308736682,0.920894349753206,0.99873189261205
35.2,0,0.957913950898888,0.918851662803775,0.998936073857137
35.4,0,0.956823140114645,0.916944099304263,0.99909911927547
35.6,0,0.955762637095116,0.91511386931988,0.999246421186357
35.8,0,0.954733079502112,0.913247149007925,0.999191363872621
36,0,0.95373498612147,0.911171703542019,0.999320091871538
36.2,0,0.952768761284556,0.909336289199553,0.99950426973614
36.4,0,0.95183469949332,0.907402716680456,0.999682932468812
36.6,0,0.950932990208751,0.906023288706985,0.999684035761615
36.8,0,0.950063722766893,0.904264740702855,0.999947043265249
37,0,0.949226891390556,0.902597617173059,1.00018285566595
37.2,0,0.948422400268618,0.900767321642617,1.00049755770491
37.4,0,0.947650068678153,0.899185899138614,1.00061031856994
37.6,0,0.946909636127659,0.897342041557888,1.00078457468381
37.8,0,0.946200767502263,0.895703222795771,1.00112559181918
38,0,0.945523058194043,0.893948951720822,1.00137693439132
38.2,0,0.944876039202514,0.892261277149711,1.00143221969396
38.4,0,0.944259182191811,0.890761668429561,1.00161957381673
38.6,0,0.943671904492392,0.88922533672175,1.0018184784304
38.8,0,0.943113574035958,0.887844916696769,1.00212141096706
39,0,0.942583514213007,0.886872616309176,1.00236542839984
39.2,0,0.942081008642932,0.885678370370887,1.00277680181254
39.4,0,0.941605305846849,0.884572441044571,1.00317918540041
39.6,0,0.941155623813594,0.883028553786818,1.00353848086517
39.8,0,0.940731154449404,0.881634365672055,1.00386667361818
40,0,0.940331067901918,0.880423364487558,1.00409306943887
0,1,1.01166567141618,0.97694732267254,1.0429515692628
0.2,1,1.01138100848394,0.97667287062722,1.04256631601448
0.4,1,1.01108481338846,0.976491729245774,1.04216487866114
0.6,1,1.01077744786855,0.97632040299104,1.04174760143666
0.8,1,1.01045936445104,0.976140848771348,1.04131493093549
1,1,1.01013110908125,0.976225241486114,1.04079880351684
1.2,1,1.0097933230032,0.976084208899521,1.04019237342212
1.4,1,1.00944674381409,0.97618154483726,1.03972810450936
1.6,1,1.00909220562314,0.97624686507793,1.03916322520282
1.8,1,1.00873063825251,0.97610368478504,1.03834749850474
2,1,1.00836306542614,0.975877394736865,1.03779396311469
2.2,1,1.0079906019027,0.975557805256827,1.0370152250861
2.4,1,1.00761444951966,0.975559334562812,1.03630443553229
2.6,1,1.00723589212791,0.975301585441915,1.0356162663576
2.8,1,1.00685628940944,0.975049939390348,1.03512797279408
3,1,1.00647706958483,0.974806625450635,1.03452383556894
3.2,1,1.00609972103143,0.974573424068316,1.03365848986248
3.4,1,1.00572578284872,0.974588893492064,1.03280210999548
3.6,1,1.00535683442194,0.974746178893529,1.03196023780709
3.8,1,1.00499448405077,0.97492134075268,1.03118420723041
4,1,1.0046403567242,0.974839639405346,1.03042035739878
4.2,1,1.00429608113763,0.974658168213852,1.02966852157076
4.4,1,1.00396327606144,0.974662291362479,1.02892786622229
4.6,1,1.00364353618337,0.975013119284542,1.02820075708107
4.8,1,1.00333841755832,0.974984917986472,1.02730434013062
5,1,1.00304942280967,0.97442654084156,1.02668154840742
5.2,1,1.00277798623474,0.974415855730677,1.02578835127674
5.4,1,1.0025254589742,0.974670618906051,1.02486778279023
5.6,1,1.0022930944104,0.975129231553772,1.02436464956297
5.8,1,1.00208203396317,0.975428705248605,1.02383228539261
6,1,1.00189329345268,0.975660218673539,1.02332023478553
6.2,1,1.00172775019877,0.975631936657963,1.02291767092776
6.4,1,1.00158613102295,0.975878947248515,1.02258194798675
6.6,1,1.00146900131489,0.976179243155373,1.022300506117
6.8,1,1.00137675531815,0.976278601544386,1.02193818404495
7,1,1.00130960778118,0.976409190779208,1.02154985433791
7.2,1,1.00126758710858,0.976909284137552,1.02126851818763
7.4,1,1.00125053013521,0.977200410101486,1.020952933573
7.6,1,1.0012580786309,0.977545704658091,1.02068312940181
7.8,1,1.00128967762776,0.977915357688757,1.02047210466839
8,1,1.00134457564414,0.97827618245141,1.02013434728888
8.2,1,1.00142182686028,0.978552493305541,1.01984785736661
8.4,1,1.00152029528078,0.978890893937375,1.01972360409088
8.6,1,1.00163866089738,0.979259028892773,1.01956406543983
8.8,1,1.00177542784399,0.979666257257701,1.01937832247907
9,1,1.00192893451302,0.980058344939205,1.01922917864677
9.2,1,1.00209736557937,0.980803071241651,1.01916920206076
9.4,1,1.00227876585555,0.981398024798022,1.01905430883812
9.6,1,1.00247105587848,0.981792005233928,1.01897758476956
9.8,1,1.00267204910651,0.982330640614902,1.01874521157792
10,1,1.00287947058357,0.982871135137878,1.01868268551445
10.2,1,1.00309097690708,0.983450708816856,1.01866091028649
10.4,1,1.00330417731699,0.983902607886013,1.01862360193738
10.6,1,1.00351665570631,0.984216120253187,1.01851161885966
10.8,1,1.00372599333762,0.984508109221412,1.01835259217221
11,1,1.00392979203713,0.984840586080293,1.0181752861523
11.2,1,1.00412569762679,0.985413308211395,1.01798415448043
11.4,1,1.00431142334722,0.985911800825131,1.01784924513689
11.6,1,1.00448477301854,0.986300114662277,1.01775992067773
11.8,1,1.00464366368445,0.986680085608442,1.01760623077423
12,1,1.00478614748548,0.987031005934394,1.01747293871683
12.2,1,1.00491043251194,0.987512949178111,1.01732390823634
12.4,1,1.00501490239404,0.988044961095999,1.01713852131306
12.6,1,1.0050981343978,0.988497899379694,1.01692211089306
12.8,1,1.00515891580869,0.9888211742053,1.01667340884258
13,1,1.00519625840208,0.989136300161341,1.01639273484588
13.2,1,1.00520941081858,0.989391004994701,1.01610232175918
13.4,1,1.005197868685,0.989668360483487,1.01578436642525
13.6,1,1.0051613823453,0.989908739160099,1.01541975258101
13.8,1,1.00509996209264,0.990361368748903,1.01507026173985
14,1,1.00501388082079,0.990750322552786,1.01461013996888
14.2,1,1.00490367404235,0.991022778425074,1.01418556881091
14.4,1,1.00477013725065,0.991181480331645,1.01377241777403
14.6,1,1.00461432063193,0.991405238225862,1.01331447460608
14.8,1,1.00443752116413,0.991603240670422,1.0128517569293
15,1,1.00424127216783,0.991691824273772,1.0123463063169
15.2,1,1.00402733040298,0.991905674510865,1.01178928382424
15.4,1,1.00379766083189,0.992189051887389,1.0112219200969
15.6,1,1.00355441919434,0.992412703696322,1.01061311178422
15.8,1,1.00329993256373,0.992589246620734,1.01005055214201
16,1,1.00303667807459,0.992793154254903,1.00948498953347
16.2,1,1.0027672600299,0.992915327825172,1.00887208268793
16.4,1,1.00249438561345,0.993095385815038,1.00825337757539
16.6,1,1.00222083944533,0.993311453682759,1.00768532166384
16.8,1,1.00194945722967,0.993525109660524,1.0070786971112
17,1,1.00168309875162,0.993806102879824,1.00648112582103
17.2,1,1.00142462048566,0.994122564044887,1.00591501481016
17.4,1,1.00117684808019,0.994449302931115,1.00535847708328
17.6,1,1.00094254898304,0.994794205759685,1.00475267649564
17.8,1,1.00072440547028,0.995109617101766,1.004208630645
18,1,1.00052498833597,0.995436280221258,1.00366565757678
18.2,1,1.00034673149347,0.995809530700928,1.00312203355917
18.4,1,1.00019190772997,0.996195647915679,1.00266193251364
18.6,1,1.00006260584534,0.996606337341493,1.00219405384897
18.8,1,0.999960709393561,0.99702480278449,1.00178377399154
19,1,0.999887877231295,0.997445470088402,1.00139842693178
19.2,1,0.999845526062256,0.997913505614779,1.00103747878237
19.4,1,0.999834815149553,0.99839897207248,1.00071472879937
19.6,1,0.999856633349875,0.998915008613267,1.00043479468301
19.8,1,0.999911588604274,0.999447362482501,1.00019762379379
20,1,1,1,1
20.2,1,1.00012189249656,0.999841518856644,1.00059161564713
20.4,1,1.00027699438694,0.999721180846471,1.00122739741916
20.6,1,1.00046473754186,0.999618987922996,1.00190790377305
20.8,1,1.00068426046094,0.99955123235219,1.0026308084747
21,1,1.0009344141301,0.999512695775722,1.00334811699299
21.2,1,1.00121377065917,0.99952924840735,1.00412165285775
21.4,1,1.00152063464785,0.999569252057805,1.00492566523136
21.6,1,1.00185305720205,0.999634985168865,1.00577822592612
21.8,1,1.00220885249611,0.999705333998868,1.00666020725931
22,1,1.00258561675023,0.999828743931823,1.00751302462929
22.2,1,1.0029807494661,0.99998042563738,1.00834408987596
22.4,1,1.00339147673828,1.000106649502,1.00930975659023
22.6,1,1.00381487643408,1.00029873356406,1.01029812335667
22.8,1,1.00424790501132,1.0004377665824,1.01127140147523
23,1,1.00468742572113,1.00058291357842,1.01223668063998
23.2,1,1.00513023792345,1.00073977020187,1.01317523473785
23.4,1,1.00557310722479,1.00087975080106,1.01408288032606
23.6,1,1.00601279613345,1.00111548920372,1.01504565070267
23.8,1,1.00644609491559,1.00130949146094,1.0160855467494
24,1,1.00686985232728,1.00144572269476,1.0170498638212
24.2,1,1.00728100589365,1.00156443690239,1.01800051455987
24.4,1,1.00767661140593,1.00167122028271,1.01903159040267
24.6,1,1.00805387131129,1.00177830339563,1.02004093483632
24.8,1,1.0084101616791,1.0018920612753,1.02104542918644
25,1,1.0087430574402,1.00196535042127,1.02193110364136
25.2,1,1.00905035561342,1.00206097398764,1.02279615343254
25.4,1,1.00933009625518,1.0020241605388,1.02345937553812
25.6,1,1.00958058089437,1.00202250712887,1.02404832102113
25.8,1,1.00980038824389,1.00197653412685,1.02461969585388
26,1,1.00998838701352,1.00193001626468,1.02527541379091
26.2,1,1.01014374568465,1.0017669872856,1.02599039329585
26.4,1,1.01026593914525,1.00163399208528,1.02679433839946
26.6,1,1.01035475212347,1.00150759523975,1.02765316904576
26.8,1,1.01041027939873,1.00132098528699,1.02826485739538
27,1,1.01043292281019,1.00106122422663,1.02874513357927
27.2,1,1.01042338512306,1.00089582679868,1.02914404624809
27.4,1,1.01038266085228,1.00069361721938,1.02944077631659
27.6,1,1.01031202418112,1.00044941334562,1.02976932226695
27.8,1,1.01021301414671,1.00015504549096,1.03012645912698
28,1,1.0100874172973,0.999675634288319,1.03042071162116
28.2,1,1.009937248054,0.999283423658646,1.03084345808339
28.4,1,1.00976472703497,0.998683694738664,1.03127007134012
28.6,1,1.00957225762011,0.998087306256205,1.03167064248675
28.8,1,1.00936240105053,0.997562975142121,1.03194973362083
29,1,1.00913785036843,0.997099586803818,1.03226773144248
29.2,1,1.00890140350988,0.996431326220247,1.0325147740641
29.4,1,1.00865593586528,0.996139482805411,1.03268644550884
29.6,1,1.00840437261995,0.99582025644173,1.03278377877625
29.8,1,1.0081496611814,0.99515208118952,1.03289770984818
30,1,1.00789474398918,0.994559018198497,1.03315135915607
30.2,1,1.00764253198969,0.994044339397785,1.03330613827078
30.4,1,1.00739587904138,0.993271469860583,1.0334257236843
30.6,1,1.007157557496,0.99262180345906,1.03367476246084
30.8,1,1.00693023517967,0.992110219267178,1.0336816960079
31,1,1.00671645397359,0.99138586622517,1.03392621970421
31.2,1,1.00651861016893,0.990330041907456,1.03399900149937
31.4,1,1.00633893674424,0.989646643249073,1.0340827896161
31.6,1,1.00617948768669,0.988992580299625,1.03403910934885
31.8,1,1.00604212445152,0.988123475136149,1.03415503425498
32,1,1.00592850462695,0.987434053655605,1.03415736179167
32.2,1,1.00584007284564,0.986656438170636,1.03428224085524
32.4,1,1.00577805395779,0.985899839126926,1.03462030722304
32.6,1,1.00574344845647,0.985131457644874,1.03497630900414
32.8,1,1.00573703012237,0.984456382322476,1.03507399205246
33,1,1.00575934583297,0.983787212943877,1.03520614305189
33.2,1,1.00581071746092,0.983174885153743,1.03552989971181
33.4,1,1.00589124576747,0.982447967333347,1.03606098848966
33.6,1,1.00600081617999,0.981773702154004,1.03666456303903
33.8,1,1.00613910632751,0.981121469948431,1.03731029047202
34,1,1.00630559519513,0.980446194238443,1.03772528569433
34.2,1,1.00649957374693,0.979844066236216,1.03788335707909
34.4,1,1.00672015685784,0.979270988056788,1.03831797575806
34.6,1,1.0069662963879,0.978638562828828,1.03894437274921
34.8,1,1.00723679522685,0.978167431018158,1.03968337775907
35,1,1.00753032213422,0.977832530284313,1.04026847026902
35.2,1,1.00784542719823,0.977510754848563,1.0411523386439
35.4,1,1.00818055773781,0.977194032993518,1.04191481485951
35.6,1,1.00853407447436,0.976755749424756,1.04269955529232
35.8,1,1.00890426780372,0.97631876220471,1.04332041842804
36,1,1.00928937400504,0.975833801405496,1.0437292215668
36.2,1,1.00968759123007,0.975278278287868,1.04407568560721
36.4,1,1.01009709512561,0.974701347472824,1.04460321780736
36.6,1,1.01051605395147,0.974190785576596,1.04536687060966
36.8,1,1.01094264306786,0.973816180953749,1.04626968353885
37,1,1.01137505867801,0.973493328093435,1.04690362210082
37.2,1,1.01181153072503,0.973366798687418,1.04732066711654
37.4,1,1.01225033485568,0.973146868134562,1.04781097223034
37.6,1,1.0126898033777,0.972822283505632,1.04856029022758
37.8,1,1.01312833515209,0.972534482922422,1.04939435463737
38,1,1.01356440437577,0.972345455061355,1.05002810362224
38.2,1,1.01399656822507,0.972171876016272,1.05059084869212
38.4,1,1.01442347334413,0.972012811394622,1.05114882489599
38.6,1,1.01484386117615,0.971746056703085,1.05184894660126
38.8,1,1.01525657214881,0.971460484132668,1.05244318067228
39,1,1.0156605487369,0.971182570852042,1.05302021765672
39.2,1,1.01605483743709,0.970919168060966,1.05346273066652
39.4,1,1.01643858970003,0.970663773748675,1.05417453375536
39.6,1,1.01681106187397,0.970493076636609,1.05473449980324
39.8,1,1.01717161422257,0.970145501705457,1.05519842987592
40,1,1.01751970908597,0.969990622451365,1.05560569633809
0,2,1.02074687988188,0.997536343794793,1.05573020113157
0.2,2,1.02044224696772,0.997489073759716,1.05511989976825
0.4,2,1.02012471851706,0.997385598857612,1.05477172230519
0.6,2,1.01979459995851,0.997368006523226,1.05444031757301
0.8,2,1.01945228823109,0.997207157750224,1.05392779635688
1,2,1.01909827467536,0.997137429110733,1.05334191949829
1.2,2,1.01873314717709,0.996832393457562,1.05271980524071
1.4,2,1.01835759148528,0.996583040549369,1.05214696793117
1.6,2,1.01797239163272,0.996362702647855,1.05145433920868
1.8,2,1.01757842939385,0.996169214824826,1.05073906653054
2,2,1.01717668272363,0.996053164000592,1.05000210608078
2.2,2,1.01676822313092,0.995721156336152,1.0492445560153
2.4,2,1.01635421195102,0.995509977404948,1.04857607446729
2.6,2,1.01593589549434,0.995398563117065,1.04796849887801
2.8,2,1.01551459906174,0.995203234931891,1.04734251771851
3,2,1.01509171983075,0.995058665006721,1.04658208550922
3.2,2,1.01466871863214,0.994945196820732,1.04574925129616
3.4,2,1.01424711065123,0.994832488328155,1.04532096486599
3.6,2,1.01382845510399,0.994604266332127,1.04503144223749
3.8,2,1.01341434395309,0.994435233458997,1.04456076053021
4,2,1.01300638974458,0.994101988664833,1.04401632987369
4.2,2,1.01260621266039,0.993821131025059,1.04323339044707
4.4,2,1.0122154268957,0.993736585591294,1.04246079845927
4.6,2,1.01183562648362,0.993466254915387,1.04193081646033
4.8,2,1.011468370701,0.993298930823426,1.04123635243583
5,2,1.01111516920033,0.993237580592132,1.04075472078436
5.2,2,1.01077746702114,0.993005360704836,1.04007188865431
5.4,2,1.01045662964203,0.99278555573536,1.03947660123587
5.6,2,1.0101539282399,0.992765897957796,1.03893561308788
5.8,2,1.00987052532646,0.992843068635294,1.03830703084824
6,2,1.00960746093387,0.992773709676847,1.03779522011494
6.2,2,1.00936563952076,0.992729606446848,1.0374155525792
6.4,2,1.00914581776748,0.992701996153732,1.03709964533561
6.6,2,1.00894859342457,0.992691198541755,1.03678056298499
6.8,2,1.00877439537191,0.992653048247302,1.03626059686497
7,2,1.00862347503719,0.992804130371382,1.03588618125995
7.2,2,1.00849589931117,0.992893919763358,1.03535170721398
7.4,2,1.00839154508523,0.992933006735353,1.03475512023265
7.6,2,1.00831009552143,0.993098441704871,1.03418524491409
7.8,2,1.00825103814962,0.993336181277779,1.03365349049787
8,2,1.0082136648682,0.993588882630424,1.03324233055906
8.2,2,1.00819707390605,0.993777508041089,1.03299953245785
8.4,2,1.00820017378275,0.994029001325769,1.03256007334329
8.6,2,1.00822168928287,0.994284373766459,1.03205283388816
8.8,2,1.0082601694381,0.994563313365176,1.03162379101562
9,2,1.0083139974879,0.99479554114021,1.03107673959908
9.2,2,1.00838140276652,0.995157290661929,1.03097199250503
9.4,2,1.00846047444108,0.995587650610343,1.0302996786174
9.6,2,1.00854917700219,0.995834694564735,1.02990050520546
9.8,2,1.00864536738615,0.996140302888121,1.02961269273581
10,2,1.00874681358619,0.996430549240377,1.02931722974343
10.2,2,1.0088512145892,0.996700150267451,1.02901242858407
10.4,2,1.00895622145516,0.996995180900758,1.0286966088687
10.6,2,1.0090594593388,0.997261390536802,1.02836811530385
10.8,2,1.00915855023717,0.997540476072201,1.02806257427595
11,2,1.00925113623321,0.997775866598658,1.02784457025428
11.2,2,1.00933490299436,0.998136069396135,1.02745775313869
11.4,2,1.00940760327669,0.998453036247889,1.02700909338109
11.6,2,1.00946708017975,0.998786760625692,1.02668162627664
11.8,2,1.00951128989466,0.99902364512267,1.02632889596395
12,2,1.00953832368879,0.999281568713241,1.02585946704241
12.2,2,1.00954642887444,0.999529424301273,1.02531381254956
12.4,2,1.0095340285161,0.999727803873873,1.02469089778303
12.6,2,1.00949973964156,0.999772221692498,1.0243843191471
12.8,2,1.00944238973573,0.999835012428073,1.02398449035624
13,2,1.00936103131291,0.999902746075913,1.02355256001681
13.2,2,1.00925495438283,0.999999865119475,1.02305636787495
13.4,2,1.00912369664792,1.00013345950161,1.02235417725157
13.6,2,1.00896705129392,1.00007583968375,1.02172013607724
13.8,2,1.00878507226228,1.00002485941183,1.02109789110641
14,2,1.00857807692087,1.00001861878231,1.02045596270216
14.2,2,1.00834664607891,0.999918566521484,1.01979190836949
14.4,2,1.00809162132175,0.9999019715747,1.01908398788725
14.6,2,1.00781409967187,0.999830389315519,1.01844134441796
14.8,2,1.00751542561225,0.999779200022399,1.01773707134231
15,2,1.0071971805384,0.999676582242054,1.0170081001578
15.2,2,1.00686116973381,0.999548670637051,1.01618126360008
15.4,2,1.00650940699119,0.99934265867158,1.01532337140987
15.6,2,1.00614409702749,0.99916678745345,1.0144332846065
15.8,2,1.0057676158649,0.999081703765978,1.01361016223402
16,2,1.00538248937094,0.998965386435407,1.01289287381329
16.2,2,1.00499137017051,0.998967071066354,1.01209793842831
16.4,2,1.00459701315893,0.99881079762631,1.01127741599203
16.6,2,1.00420224985856,0.998690219760473,1.01042657039795
16.8,2,1.00380996187303,0.998637486589005,1.00957431854815
17,2,1.00342305370062,0.998530856816025,1.00874663972495
17.2,2,1.00304442517399,0.998474151202665,1.00792866233468
17.4,2,1.00267694379585,0.99838373325662,1.00717657784927
17.6,2,1.00232341724006,0.998304959355833,1.00641706162698
17.8,2,1.00198656628485,0.99830228841288,1.00568638394806
18,2,1.00166899844009,0.998308592786441,1.00500916628414
18.2,2,1.0013731825228,0.998307403363404,1.00434242528461
18.4,2,1.00110142442613,0.998314366564023,1.00370826124838
18.6,2,1.00085584431542,0.998379524042107,1.00311695227226
18.8,2,1.0006383554719,0.998508828541714,1.00257344547406
19,2,1.00045064499005,0.998654064580091,1.00204715423829
19.2,2,1.00029415651827,0.998832154687411,1.0015583765956
19.4,2,1.00017007521494,0.999080442430154,1.00110506346934
19.6,2,1.00007931507337,0.999351116481213,1.00069927649388
19.8,2,1.00002250874879,0.999655375895492,1.00033008670114
20,2,1,1,1
20.2,2,1.00001183883567,0.999710172785678,1.00038068992778
20.4,2,1.0000577794329,0.999453297386391,1.00080205034283
20.6,2,1.00013728087132,0.999223639319785,1.00126871688316
20.8,2,1.00024951070189,0.999038020181113,1.00175943124101
21,2,1.00039335134371,0.998896019681048,1.00232317991405
21.2,2,1.00056740927695,0.998792713607667,1.00288629947667
21.4,2,1.00077002697286,0.998725092665959,1.00353843497326
21.6,2,1.00099929747602,0.998684797049425,1.00419024575067
21.8,2,1.00125308152635,0.998672948530161,1.00485620121696
22,2,1.00152902708253,0.998694564946018,1.00553154841384
22.2,2,1.00182459108142,0.998699972031928,1.00628453662792
22.4,2,1.00213706324297,0.998718984945708,1.00705860368165
22.6,2,1.00246359170497,0.998751754011836,1.00780704336444
22.8,2,1.00280121024878,0.998864304970195,1.00861601236867
23,2,1.00314686685555,0.998974826909124,1.0094368033628
23.2,2,1.00349745331251,0.999056793879252,1.01022392012512
23.4,2,1.0038498355723,0.999134749151504,1.01098664449444
23.6,2,1.00420088455353,0.999249189127896,1.01189521549379
23.8,2,1.0045475070604,0.99930948894339,1.01274537749062
24,2,1.00488667649128,0.999419032289398,1.01342762912006
24.2,2,1.00521546300344,0.999473406710868,1.01431024261866
24.4,2,1.00553106280136,0.999486958134011,1.01517986285037
24.6,2,1.00583082622168,0.999455824814323,1.01605979848945
24.8,2,1.00611228429731,0.999420657241829,1.01693060401862
25,2,1.00637317349779,0.999409691898567,1.0177688253859
25.2,2,1.00661145836124,0.999475821388135,1.01854142752664
25.4,2,1.00682535175685,0.99948538997038,1.01919300901982
25.6,2,1.00701333254351,0.99941827880109,1.01984658126548
25.8,2,1.00717416042127,0.99936953886272,1.02061703521083
26,2,1.00730688780622,0.999268177813938,1.02138725730693
26.2,2,1.00741086859636,0.999153531407571,1.02212960528773
26.4,2,1.00748576373497,0.999041270250027,1.02281393952313
26.6,2,1.00753154351839,0.998910882713359,1.02342076441558
26.8,2,1.00754848663662,0.99869351716263,1.02383749640837
27,2,1.00753717597662,0.998511777066315,1.02416856410397
27.2,2,1.00749849125874,0.998257210922112,1.02447020510338
27.4,2,1.00743359861683,0.998023945024799,1.02484011007697
27.6,2,1.00734393726968,0.997815229137298,1.02505178124357
27.8,2,1.00723120346678,0.997556560454428,1.02535595548295
28,2,1.00709733192326,0.997223719878854,1.02569124499442
28.2,2,1.00694447498709,0.996927965767124,1.02587955066012
28.4,2,1.00677497980598,0.996643198701917,1.0258786643309
28.6,2,1.0065913637813,0.996308112418328,1.02594418971801
28.8,2,1.00639628861193,0.996030242945329,1.02603355548925
29,2,1.00619253324156,0.995691573904403,1.02618366206679
29.2,2,1.00598296602932,0.995388916834593,1.02630959740442
29.4,2,1.00577051646511,0.995037790689083,1.02641229537681
29.6,2,1.00555814674814,0.994585496851647,1.0264950446512
29.8,2,1.00534882354035,0.994293675773893,1.0265072934276
30,2,1.00514549019536,0.994026304356999,1.02656722501659
30.2,2,1.00495103974926,0.993731703979833,1.02648770841294
30.4,2,1.00476828894206,0.993521306235601,1.02648931678314
30.6,2,1.00459995351833,0.993242591183445,1.02654781346997
30.8,2,1.0044486250331,0.99303044668793,1.02660856162084
31,2,1.00431674936453,0.992720290248585,1.02666338408611
31.2,2,1.00420660710946,0.99244954853121,1.02669047314702
31.4,2,1.00412029601091,0.992067268215564,1.0267388503349
31.6,2,1.00405971553925,0.991808442476469,1.02674768002537
31.8,2,1.00402655372164,0.991555245217028,1.02687595735958
32,2,1.00402227628634,0.991318382320649,1.02722101938086
32.2,2,1.0040481181621,0.991193701092209,1.02760491864424
32.4,2,1.00410507734641,0.99103779480617,1.02790480319748
32.6,2,1.00419391113108,0.990956390030028,1.02822903492583
32.8,2,1.00431513464979,0.990859794018121,1.02840135835102
33,2,1.00446902168942,0.990763783072424,1.02872543921565
33.2,2,1.00465560768591,0.990844993418043,1.02909512961664
33.4,2,1.0048746948059,0.990962400259294,1.02939077252687
33.6,2,1.00512585899762,0.990891998018575,1.02982912710645
33.8,2,1.00540845887866,0.990818155210478,1.03029715040262
34,2,1.00572164631412,0.990900674069809,1.03077986026049
34.2,2,1.00606437852688,0.991069410868208,1.03130222179898
34.4,2,1.00643543157135,0.99115709401495,1.03192710260906
34.6,2,1.00683341499425,0.991255448208746,1.03257844380321
34.8,2,1.00725678749998,0.991245535308053,1.03328913621137
35,2,1.00770387343394,0.991285423726722,1.03390068920146
35.2,2,1.00817287989562,0.991345626106085,1.03453557601891
35.4,2,1.00866191429277,0.991437467674373,1.03523495771496
35.6,2,1.00916900215055,0.991683770654332,1.03597052272834
35.8,2,1.00969210499283,0.991968681144181,1.03672566884263
36,2,1.01022913811894,0.992153653768935,1.03760983457309
36.2,2,1.01077798810633,0.992387776689346,1.03839844062986
36.4,2,1.01133652987872,0.992663248452534,1.03912890428232
36.6,2,1.01190264318981,0.99288003323484,1.03979532445251
36.8,2,1.01247422838434,0.993044817327139,1.04048219545157
37,2,1.01304922131161,0.993069118548176,1.04104517524055
37.2,2,1.01362560728029,0.993149974051014,1.04190671317847
37.4,2,1.01420143395839,0.992918923507349,1.04259486411691
37.6,2,1.01477482313766,0.992826947563466,1.04323706973629
37.8,2,1.01534398129765,0.992880789946135,1.04406824174835
38,2,1.01590720892051,0.993023910612141,1.04476253641948
38.2,2,1.01646290852394,0.993179229936509,1.04555318129732
38.4,2,1.01700959139526,0.993192366035999,1.04627063062954
38.6,2,1.01754588302502,0.99321618117056,1.04686465487315
38.8,2,1.01807052725345,0.993365518928204,1.04755017838945
39,2,1.01858238915649,0.993514188879637,1.04821893491452
39.2,2,1.0190804567118,0.993768537521863,1.04886971957221
39.4,2,1.01956384129606,0.994052192009858,1.04958364488123
39.6,2,1.02003177707634,0.993999427537986,1.05028612268884
39.8,2,1.02048361936665,0.994055772280957,1.05075426387829
40,2,1.02091884202929,0.994013432532519,1.05130731332944
0,3,1.02460949089557,0.999516650185237,1.06709672903016
0.2,3,1.0242979090472,0.999392156214772,1.06672299029982
0.4,3,1.02397294669178,0.999273838128782,1.0663287764291
0.6,3,1.02363488768882,0.99910737362961,1.0658951402437
0.8,3,1.02328410747204,0.9989852455073,1.06535957167347
1,3,1.02292107602908,0.998819487867386,1.06480349685048
1.2,3,1.02254636013656,0.998574057975033,1.06422742692609
1.4,3,1.02216062477218,0.998473055954118,1.06363198684321
1.6,3,1.02176463363104,0.99844617687421,1.06301791520513
1.8,3,1.02135924868051,0.9983035764407,1.0623860629894
2,3,1.02094542869669,0.998136778256503,1.06173739106085
2.2,3,1.02052422673507,0.99804683030956,1.06107296645156
2.4,3,1.02009678649966,0.99791893008953,1.06039395739095
2.6,3,1.01966433758655,0.997799362873028,1.05970162708446
2.8,3,1.01922818959181,0.997681547495866,1.05899732625646
3,3,1.01878972508731,0.997583971687015,1.05828248448967
3.2,3,1.01835039148309,0.997404768265345,1.05755860041063
3.4,3,1.01791169181014,0.99727695837613,1.05690536961425
3.6,3,1.01747517447273,0.99715523332198,1.05634381396794
3.8,3,1.01704242203513,0.996932148543587,1.05549234455791
4,3,1.01661503912251,0.996727774941388,1.05462396244392
4.2,3,1.01619463953083,0.996591557583893,1.05393865765581
4.4,3,1.01578283265417,0.996486135186321,1.0532555010335
4.6,3,1.01538120935139,0.99627792516471,1.05255521429501
4.8,3,1.01499132738562,0.996153493613673,1.05180288305377
5,3,1.01461469658103,0.996044661966713,1.05102724645616
5.2,3,1.0142527638499,0.995753231998749,1.05029032286151
5.4,3,1.01390689825092,0.995642050651319,1.04927527550151
5.6,3,1.01357837624479,0.99545063716131,1.04851871591159
5.8,3,1.01326836731712,0.995346140013238,1.04776717849308
6,3,1.01297792014013,0.99528802539164,1.04703850244092
6.2,3,1.01270794944428,0.995233854349716,1.04637472968846
6.4,3,1.01245922376844,0.995222904272879,1.04563617117098
6.6,3,1.0122323542525,0.995296912090186,1.04505446032904
6.8,3,1.01202778462987,0.995284273942573,1.0445662627168
7,3,1.01184578256816,0.995350042219722,1.04403865477614
7.2,3,1.01168643249585,0.995458230413833,1.04342762613445
7.4,3,1.01154963004021,0.995641791560237,1.04296038951326
7.6,3,1.01143507818685,0.995838408833168,1.04238784026022
7.8,3,1.01134228525555,0.995992033743946,1.04173929265949
8,3,1.01127056476917,0.996152675470376,1.0410555094318
8.2,3,1.01121903727337,0.996441351437741,1.04038846861554
8.4,3,1.01118663414467,0.996701861367238,1.03983123548814
8.6,3,1.01117210340303,0.996883370480233,1.03944205761872
8.8,3,1.01117401752314,0.99713102481574,1.03919804624314
9,3,1.01119078321597,0.997459466073301,1.03869848038911
9.2,3,1.01122065312895,0.997708198679646,1.03821166665441
9.4,3,1.01126173939046,0.997969590468566,1.03785341910871
9.6,3,1.01131202890105,0.998300358278033,1.03725057472109
9.8,3,1.01136940025162,0.998650455777002,1.03659256631155
10,3,1.01143164212715,0.999014724884684,1.03582611384738
10.2,3,1.01149647303391,0.999363267896672,1.03532082289843
10.4,3,1.01156156216876,0.999707692388302,1.0348129611102
10.6,3,1.0116245512317,1.0000650648087,1.03447707203675
10.8,3,1.011683076967,1.00031790482853,1.03417820794563
11,3,1.01173479420471,1.00061559268111,1.03334195110252
11.2,3,1.0117773991635,1.00095005410621,1.03261371360431
11.4,3,1.01180865276704,1.0012404563088,1.03215943057537
11.6,3,1.01182640372096,1.00150871565717,1.03180483619122
11.8,3,1.01182861109489,1.00166692857556,1.03146136808492
12,3,1.01181336615452,1.00196585110893,1.03094036338248
12.2,3,1.01177891319288,1.00221805101442,1.03034499429873
12.4,3,1.01172366911721,1.00244049022346,1.02972942321721
12.6,3,1.01164624155781,1.00259568101926,1.02931291165507
12.8,3,1.01154544527958,1.00278199619902,1.02872914685473
13,3,1.01142031669277,1.00297974155321,1.02817600381167
13.2,3,1.01127012627953,1.00309689992226,1.02734070710405
13.4,3,1.01109438877457,1.00325933788686,1.02642743852327
13.6,3,1.01089287096248,1.00319461789766,1.02562023251921
13.8,3,1.01066559698084,1.00319299489228,1.02478341484291
14,3,1.01041285104574,1.00322225647621,1.0239333740334
14.2,3,1.01013517754568,1.00319982496396,1.0231041584433
14.4,3,1.00983337847946,1.00317442358294,1.02219183509638
14.6,3,1.00950850824399,1.00314339726309,1.02146635943459
14.8,3,1.0091618658078,1.00310356736377,1.02066650296109
15,3,1.00879498433592,1.00299238243141,1.01982178173778
15.2,3,1.00840961836019,1.00276897239144,1.01880175511278
15.4,3,1.00800772861668,1.00256962281741,1.01799413279497
15.6,3,1.00759146469727,1.00232856352132,1.01713946304619
15.8,3,1.00716314568665,1.0021938660888,1.01613628785315
16,3,1.0067252389772,1.00204640991657,1.01521338593441
16.2,3,1.00628033747351,1.00184790267533,1.01424002972541
16.4,3,1.00583113541463,1.00160452481491,1.01329226463617
16.6,3,1.00538040305612,1.00134964088458,1.01228340176854
16.8,3,1.00493096046467,1.00116566235739,1.01131690823522
17,3,1.00448565068642,1.00094008135245,1.01040832920823
17.2,3,1.0040473125552,1.00066670943029,1.00965419825286
17.4,3,1.00361875340968,1.0004504922983,1.0087521561188
17.6,3,1.00320272198798,1.00024284192988,1.00788667278024
17.8,3,1.00280188176606,1.00004910924191,1.00700353978962
18,3,1.00241878500061,0.999883421643404,1.00620590278785
18.2,3,1.00205584773017,0.999774302950221,1.00544193615533
18.4,3,1.0017153259784,0.999698441686329,1.00471674060504
18.6,3,1.00139929339235,0.999652334391994,1.00399075665359
18.8,3,1.00110962053484,0.999617563787827,1.00328446663681
19,3,1.0008479560355,0.999626288763326,1.00264779343445
19.2,3,1.00061570978849,0.999638240736212,1.00206265134461
19.4,3,1.00041403836699,0.999691205649405,1.00149424587259
19.6,3,1.00024383280546,0.999762048137157,1.00095563025968
19.8,3,1.00010570888059,0.999859642869506,1.00045523091894
20,3,1,1,1
20.2,3,0.999926752785941,0.999584197656833,1.00017442635372
20.4,3,0.999885725417368,0.999206139162159,1.00038748050522
20.6,3,0.999876388769987,0.998862937244426,1.00063654519101
20.8,3,0.999897930368705,0.998555245515233,1.00091037510511
21,3,0.999949261141423,0.998284222979719,1.001195325682
21.2,3,1.00002902493693,0.998033576305028,1.00152052758979
21.4,3,1.00013561074311,0.997836979988272,1.00189523253207
21.6,3,1.00026716751484,0.997674539783949,1.0022653973568
21.8,3,1.00042162149428,0.997530046518398,1.00268148979702
22,3,1.0005966958793,0.997412316472211,1.00307979970638
22.2,3,1.00078993266997,0.997324738588832,1.00351998641942
22.4,3,1.00099871649722,0.997231188437514,1.00397384619064
22.6,3,1.00122030021372,0.997161421690914,1.0044759007431
22.8,3,1.00145183200389,0.997166958261495,1.00496647793899
23,3,1.00169038374887,0.997082091103318,1.00547394657184
23.2,3,1.00193298036353,0.997088966676306,1.00593968986813
23.4,3,1.00217662980605,0.997044276484847,1.0064459419446
23.6,3,1.00241835344746,0.99698447834299,1.00702401259743
23.8,3,1.00265521647857,0.996996369515415,1.0075351291961
24,3,1.00288435802538,0.99701431807856,1.00800254015103
24.2,3,1.0031030206419,0.99699171078416,1.00852362575955
24.4,3,1.00330857885128,0.996963754024647,1.00902608232793
24.6,3,1.00349856641236,0.996913754091322,1.00954561563434
24.8,3,1.00367070199987,0.996922792627581,1.01000407299499
25,3,1.00382291300177,0.996850290587721,1.01048583148074
25.2,3,1.00395335715673,0.99681795920433,1.0109472898728
25.4,3,1.00406044177923,0.99668186033743,1.01133666154541
25.6,3,1.0041428403472,0.996542376672439,1.01178143106635
25.8,3,1.00419950625894,0.996323002890331,1.01215313055155
26,3,1.00422968360054,0.996113946228225,1.01240444515881
26.2,3,1.00423291480229,0.995927135390413,1.012676078674
26.4,3,1.0042090451016,0.995705715705302,1.01306903292621
26.6,3,1.00415822377074,0.995350163677517,1.01334888121448
26.8,3,1.0040809021086,0.995083119086377,1.01357364124037
27,3,1.00397782823683,0.994789976511935,1.01370887255724
27.2,3,1.00385003878128,0.994465145016837,1.0137428224297
27.4,3,1.00369884755814,0.994090530807857,1.01376491095584
27.6,3,1.00352583142127,0.99358036646885,1.01386949076884
27.8,3,1.00333281346117,0.993066542740229,1.01385725664291
28,3,1.00312184377693,0.992660637547481,1.01384788783357
28.2,3,1.00289517806946,0.992254086725963,1.01386362785121
28.4,3,1.00265525432762,0.99173944682093,1.01370492799195
28.6,3,1.00240466789743,0.9913970837372,1.0135894316304
28.8,3,1.00214614523883,0.991109001249736,1.01350199126024
29,3,1.00188251668391,0.990807209411177,1.01336343181422
29.2,3,1.00161668851579,0.990334662466429,1.01326783139697
29.4,3,1.00135161468754,0.989877931859046,1.01308367862824
29.6,3,1.00109026849685,0.989455780478261,1.01294654302122
29.8,3,1.00083561452422,0.989094151575777,1.01273039499666
30,3,1.00059058113082,0.988818745196721,1.0127568186714
30.2,3,1.00035803379689,0.988249718847399,1.01274505481651
30.4,3,1.00014074956379,0.98781925131247,1.0127191971322
30.6,3,0.999941392821821,0.987344252416783,1.01273139838149
30.8,3,0.999762492663221,0.986919987885148,1.01275958166584
31,3,0.999606421995257,0.986665767323302,1.01275929549633
31.2,3,0.999475378582345,0.986523033199527,1.01281835701821
31.4,3,0.999371368159467,0.986325939070861,1.01290456924885
31.6,3,0.999296189731898,0.986103722195732,1.01287926893516
31.8,3,0.999251423148921,0.986046618730688,1.01304599505865
32,3,0.999238419012025,0.985903559927229,1.01316869854442
32.2,3,0.999258290951449,0.985800396831022,1.01343537838118
32.4,3,0.999311910279024,0.985728170071262,1.01352347861357
32.6,3,0.999399903000425,0.985530551209969,1.01355187026799
32.8,3,0.999522649146212,0.98550386472816,1.01368046616265
33,3,0.999680284358773,0.985430165013409,1.01405368856893
33.2,3,0.999872703651494,0.985393421177434,1.01442104761104
33.4,3,1.00009956723731,0.985391227543737,1.0148189971503
33.6,3,1.00036030830641,0.985273493567007,1.01516285457869
33.8,3,1.00065414261738,0.985345232796995,1.01552615803922
34,3,1.0009800797521,0.985586924211058,1.0159073748389
34.2,3,1.00133693587341,0.985587655618316,1.01631103430378
34.4,3,1.00172334781429,0.98568531675168,1.01675613675605
34.6,3,1.00213778832002,0.985908897398978,1.01726551855567
34.8,3,1.00257858225857,0.985988145561891,1.01782534844165
35,3,1.00304392361113,0.986182474997379,1.01848225557645
35.2,3,1.00353189305276,0.986645413639069,1.01922954848699
35.4,3,1.00404047593339,0.986970193500936,1.01999552785514
35.6,3,1.00456758047178,0.987080533552413,1.02065844461388
35.8,3,1.00511105597898,0.987295918788459,1.02126230483505
36,3,1.00566871093382,0.987586896858654,1.02189892056854
36.2,3,1.00623833074061,0.987636691000391,1.02237182955078
36.4,3,1.0068176950086,0.987930475052352,1.02304893033932
36.6,3,1.00740459420321,0.988259951755491,1.0238536577314
36.8,3,1.00799684553166,0.988603103805472,1.02462198307459
37,3,1.00859230793836,0.989064755723577,1.02524215011514
37.2,3,1.00918889610029,0.989486824186106,1.0259456852181
37.4,3,1.00978459332723,0.989867823140643,1.02687545005356
37.6,3,1.01037746328787,0.990391443864443,1.0278287889519
37.8,3,1.01096566049855,0.990783210169227,1.02865459487089
38,3,1.01154743952812,0.991025077936167,1.02940465459732
38.2,3,1.01212116288827,0.991378143975726,1.03003533295422
38.4,3,1.012685307595,0.991689448350084,1.03075073602463
38.6,3,1.01323847040226,0.991915543267431,1.03143992789562
38.8,3,1.01377937172374,0.992315217981898,1.03215100513409
39,3,1.01430685827285,0.992643232102296,1.03261374954929
39.2,3,1.01481990446383,0.992890171346313,1.0331137508314
39.4,3,1.01531761262888,0.993128877939863,1.03372351448948
39.6,3,1.01579921211674,0.99338712190669,1.03438994257227
39.8,3,1.01626405734727,0.99370284371439,1.03501297415408
40,3,1.01671162490445,0.993861586699564,1.03566905764612
0,4,1.01116908906167,0.978113855786778,1.04450991676929
0.2,4,1.01089583705749,0.978095278424644,1.04408681760851
0.4,4,1.01061200061865,0.977949214176922,1.04358573368347
0.6,4,1.01031799905295,0.977825319390491,1.04311498754239
0.8,4,1.01001434383445,0.97756086134012,1.04272227547426
1,4,1.00970164105147,0.977365056456039,1.04226499501484
1.2,4,1.00938059308062,0.977016821674047,1.0417350462993
1.4,4,1.00905199941096,0.976661309995026,1.04121297585615
1.6,4,1.00871675654821,0.976453530087328,1.04067056618801
1.8,4,1.00837585693614,0.976290504712816,1.04010879062632
2,4,1.00803038684147,0.976093227291853,1.0395355474584
2.2,4,1.00768152315827,0.975813319854523,1.0389423259279
2.4,4,1.00733052909942,0.975952303815031,1.03829813460412
2.6,4,1.00697874875505,0.975896808530922,1.03768009934821
2.8,4,1.00662760051123,0.975633054785433,1.03720503517024
3,4,1.00627856933655,0.975511067088913,1.03674650891539
3.2,4,1.00593319795879,0.975592274860413,1.03628944546828
3.4,4,1.00559307696922,0.975520691025599,1.03567725722341
3.6,4,1.00525983390762,0.975275167588082,1.03499185583777
3.8,4,1.00493512139617,0.975373467038113,1.03423227285176
4,4,1.00462060440573,0.975376526568299,1.03359859914063
4.2,4,1.00431794675244,0.975536621151309,1.0330168879611
4.4,4,1.00402879693674,0.975545584334385,1.03238063487197
4.6,4,1.00375477344949,0.975435723772003,1.03178980578601
4.8,4,1.00349744968203,0.975457040632323,1.03127021177679
5,4,1.00325833858724,0.975698484354021,1.03069247525368
5.2,4,1.00303887724786,0.975805145929914,1.03015379519526
5.4,4,1.00284041151535,0.97585534796468,1.02963622469337
5.6,4,1.00266418088843,0.97581213223883,1.02914137894297
5.8,4,1.00251130380377,0.975883925441972,1.02871065842498
6,4,1.00238276351308,0.976029618868078,1.02827284053123
6.2,4,1.00227939472032,0.976525096733521,1.02775601747394
6.4,4,1.00220187115057,0.976793684871267,1.02734715436196
6.6,4,1.0021506942169,0.977136180981127,1.02728270510307
6.8,4,1.00212618294564,0.977369339035985,1.02686450707556
7,4,1.00212846531111,0.977628767078073,1.02636210255308
7.2,4,1.00215747112039,0.978113491828096,1.02591201072042
7.4,4,1.00221292657615,0.978501021816516,1.025588905245
7.6,4,1.0022943506307,0.978887589485458,1.02531275705264
7.8,4,1.00240105322855,0.979500934693541,1.02490638611196
8,4,1.0025321355166,0.980081557224371,1.02461645670868
8.2,4,1.00268649208208,0.980689797902852,1.02437836599616
8.4,4,1.00286281525751,0.981319209614155,1.02416270812288
8.6,4,1.00305960151041,0.981993517383944,1.0241385695622
8.8,4,1.00327515991296,0.982507988974482,1.02407633704286
9,4,1.00350762266338,0.983055442178524,1.02401650222533
9.2,4,1.0037549576073,0.983638821389164,1.02395604688111
9.4,4,1.00401498268351,0.984431359859596,1.02388353556798
9.6,4,1.00428538219456,0.985166858511513,1.02380364068074
9.8,4,1.00456372477961,0.986012106441437,1.02362030969351
10,4,1.00484748294402,0.98681976412205,1.02342561502233
10.2,4,1.00513405397869,0.98759002802137,1.02321675668819
10.4,4,1.0054207820817,0.98834157529983,1.02299191217092
10.6,4,1.00570498147613,0.989171498513212,1.02278307291732
10.8,4,1.00598396030128,0.989860058896923,1.02261259904647
11,4,1.00625504503984,0.99056477804918,1.02245082305781
11.2,4,1.00651560523168,0.991189812249411,1.02232461970285
11.4,4,1.00676307821562,0.991945411556253,1.0220642467129
11.6,4,1.00699499363447,0.992667244225887,1.02179105920357
11.8,4,1.00720899743548,0.993265738629465,1.02155501608203
12,4,1.0074028750987,0.993869509489551,1.02137339881156
12.2,4,1.00757457382954,0.994553180409581,1.02126354872514
12.4,4,1.00772222345905,0.995253751032698,1.02111978262334
12.6,4,1.00784415580585,0.995937221493581,1.02089881254269
12.8,4,1.0079389222683,0.996551594559315,1.02070199286543
13,4,1.00800530943186,0.997067832796281,1.02046969251384
13.2,4,1.00804235249787,0.997524876545389,1.02025388344663
13.4,4,1.00804934636228,0.997882364761021,1.01999277691394
13.6,4,1.00802585419887,0.99813527818696,1.01961708173857
13.8,4,1.00797171342898,0.998553760288919,1.01922855939195
14,4,1.00788703898921,0.998905386188373,1.01880843799329
14.2,4,1.00777222383923,0.999104705120713,1.01829925184592
14.4,4,1.00762793668327,0.999348812629875,1.01783214111116
14.6,4,1.00745511691081,0.999556025699959,1.01734544697918
14.8,4,1.00725496679378,0.999721654545694,1.01689001723309
15,4,1.00702894100879,0.999875030804629,1.01635235666373
15.2,4,1.00677873358322,1.00006324623959,1.0155783211999
15.4,4,1.00650626239271,1.0001471467481,1.01487661162006
15.6,4,1.00621365136488,1.00024434453776,1.01419236707746
15.8,4,1.00590321056891,1.0002612239922,1.01356801303038
16,4,1.0055774143932,1.00029481946326,1.01284596817014
16.2,4,1.00523887803334,1.00029390558717,1.01207520865431
16.4,4,1.00489033252971,1.00029956051843,1.0112425265791
16.6,4,1.00453459860801,1.00018309021667,1.01045739687329
16.8,4,1.00417455958765,1.00007423945938,1.00976606130188
17,4,1.00381313363045,1.00000168162975,1.00913026528227
17.2,4,1.00345324560777,0.999937141292796,1.00842524287834
17.4,4,1.00309779886601,0.999888749875958,1.00771201126696
17.6,4,1.00274964716995,0.99983683074696,1.00697338009745
17.8,4,1.0024115671,0.999768885700869,1.00627540759546
18,4,1.00208623117339,0.999707518976869,1.00559011328216
18.2,4,1.00177618195133,0.999654587672724,1.0049295109285
18.4,4,1.00148380738343,0.999634972918771,1.0042851636941
18.6,4,1.00121131762821,0.999571182266902,1.0036462461724
18.8,4,1.00096072357438,0.999563508174351,1.00306056799832
19,4,1.00073381727126,0.999564988760243,1.00247656236536
19.2,4,1.00053215445946,0.999597410818256,1.00191578811388
19.4,4,1.00035703937379,0.999672455457508,1.00139014918952
19.6,4,1.00020951197052,0.999752919479099,1.00089616113754
19.8,4,1.00009033770957,0.999862506693471,1.00043144819412
20,4,1,1,1
20.2,4,0.999938695394189,0.999604832375526,1.00016415766583
20.4,4,0.999906331591636,0.999240612317196,1.00035555722059
20.6,4,0.999902528288844,0.998919019325238,1.00057611843868
20.8,4,0.999926620886095,0.998641088615303,1.00081475952768
21,4,0.99997766703597,0.998376974504274,1.00106887633654
21.2,4,1.00005445599194,0.998152730785495,1.00138457559154
21.4,4,1.00015552068864,0.997965956069482,1.00169407502968
21.6,4,1.0002791524584,0.997817515215091,1.0020028943711
21.8,4,1.00042341826185,0.997688833707748,1.00237811042131
22,4,1.00058618028383,0.997588530317635,1.00276646234732
22.2,4,1.00076511771957,0.99751453259324,1.00317517139355
22.4,4,1.00095775055117,0.997441928046916,1.00358424054464
22.6,4,1.00116146509013,0.997409031379662,1.00397590271876
22.8,4,1.00137354103911,0.997398582469457,1.00440226172528
23,4,1.00159117980563,0.997392915746618,1.00486184326163
23.2,4,1.0018115337815,0.997361418719864,1.00529665196644
23.4,4,1.0020317362865,0.997381699815631,1.00578258825685
23.6,4,1.00224893186166,0.99730412378444,1.00624825169263
23.8,4,1.00246030658815,0.997207830076658,1.00670808906218
24,4,1.00266311810226,0.997132544919719,1.00718914483383
24.2,4,1.00285472497485,0.997050086584809,1.00766003371073
24.4,4,1.00303261512663,0.996950771387954,1.00809046015016
24.6,4,1.003194432957,0.996899393353224,1.00843780828078
24.8,4,1.00333800487578,0.99691933146454,1.00882286975589
25,4,1.00346136294293,0.996896263116962,1.00919920923871
25.2,4,1.00356276634133,0.996773995637853,1.00956356645306
25.4,4,1.00364072043199,0.996555377180494,1.00993395822961
25.6,4,1.00369399316942,0.996505682194005,1.01026614241458
25.8,4,1.00372162868635,0.996293905381705,1.01060152002896
26,4,1.00372295789177,0.996083008012981,1.01085967770648
26.2,4,1.00369760596355,0.995818078532817,1.01109714192288
26.4,4,1.00364549665607,0.995457424902697,1.01127240251536
26.6,4,1.00356685338358,0.9951440571287,1.01138902013372
26.8,4,1.00346219708119,0.994816712841204,1.01154851732732
27,4,1.00333234088616,0.994461487560609,1.01165246624063
27.2,4,1.00317838172237,0.994158203158394,1.01172024167425
27.4,4,1.00300168890919,0.99378351007111,1.01171433467761
27.6,4,1.00280388995283,0.993393785025506,1.01160862108284
27.8,4,1.00258685371155,0.992993065347696,1.01149288803611
28,4,1.00235267115693,0.992614580831215,1.01142203182291
28.2,4,1.00210363397998,0.992251784071803,1.01134956931042
28.4,4,1.00184221131361,0.991722534465746,1.01127997408709
28.6,4,1.00157102486156,0.99112462172498,1.01110970560074
28.8,4,1.00129282273739,0.990725816596046,1.01095967012326
29,4,1.00101045232685,0.990236385875964,1.01077512579469
29.2,4,1.00072683249137,0.989984087877123,1.01060924856971
29.4,4,1.0004449254308,0.989689878053923,1.01036405608321
29.6,4,1.00016770851952,0.989273857153575,1.01028399323522
29.8,4,0.999898146421791,0.988629600292946,1.010126531438
30,4,0.99963916378076,0.988095989825726,1.00999085706235
30.2,4,0.999393618760032,0.987730713587339,1.0099367370071
30.4,4,0.999164277698797,0.987314858613204,1.00979190092551
30.6,4,0.998953791120751,0.986896948307695,1.00959874673363
30.8,4,0.998764671314243,0.986342099199915,1.00944084490676
31,4,0.998599271676593,0.986191812180918,1.00936416108813
31.2,4,0.998459767989732,0.985779952529476,1.00931625786694
31.4,4,0.998348141767693,0.985498193025332,1.00926134861163
31.6,4,0.998266165789379,0.98531468218044,1.00926611955131
31.8,4,0.998215391902799,0.984881958026315,1.0093697846929
32,4,0.998197141159941,0.984785660618366,1.00938087908077
32.2,4,0.998212496314971,0.984699371152496,1.00945404093502
32.4,4,0.998262296692666,0.984638087796464,1.00949486776207
32.6,4,0.998347135409295,0.984656704655244,1.00966806399583
32.8,4,0.998467358904583,0.98469858387493,1.00987880619932
33,4,0.998623068721231,0.984700955431757,1.01009920817124
33.2,4,0.998814125447814,0.984568867867133,1.0103275257394
33.4,4,0.999040154721831,0.984543434418564,1.01063856293063
33.6,4,0.999300555172383,0.984831932054094,1.01083468878294
33.8,4,0.999594508166477,0.984955899057301,1.01116561284423
34,4,0.999920989209327,0.984975075535746,1.01156366984851
34.2,4,1.00027878083735,0.985280163290802,1.01204417462717
34.4,4,1.00066648683285,0.985606929184552,1.01247650532087
34.6,4,1.0010825475816,0.986025282133592,1.01285982717377
34.8,4,1.00152525638895,0.986032207824599,1.0133496294605
35,4,1.00199277656624,0.985956242357181,1.01383836538602
35.2,4,1.00248315909767,0.986029644506426,1.01431139395804
35.4,4,1.00299436069813,0.986191924018653,1.01486090954977
35.6,4,1.00352426207457,0.986302491072918,1.01552058002882
35.8,4,1.00407068620775,0.986511084774776,1.01619570450018
36,4,1.00463141647707,0.986686243247386,1.01687955880045
36.2,4,1.00520421445887,0.987230025748786,1.01765616004036
36.4,4,1.00578683723791,0.987689588144506,1.01832849971532
36.6,4,1.00637705408238,0.988007061940266,1.01906811674153
36.8,4,1.00697266234526,0.988382987986837,1.01986573570992
37,4,1.0075715024677,0.988661416586774,1.02065753163052
37.2,4,1.00817147197488,0.98904037881036,1.02132089221716
37.4,4,1.00877053836969,0.989416413454869,1.02210653401172
37.6,4,1.00936675084541,0.989907393276381,1.02323596794098
37.8,4,1.00995825075473,0.99032015008581,1.02424033622012
38,4,1.0105432807887,0.990672989387575,1.02500576729598
38.2,4,1.01112019283579,0.991085710703127,1.02542251572701
38.4,4,1.01168745450676,0.991449378076517,1.02611253374531
38.6,4,1.01224365432711,0.99173332795298,1.02693532521704
38.8,4,1.01278750561353,0.991841817583622,1.02778176887309
39,4,1.01331784906472,0.992030050049315,1.02852048055561
39.2,4,1.01383365411024,0.992343341082437,1.02919449525199
39.4,4,1.01433401907276,0.992631790951246,1.02988989869803
39.6,4,1.01481817020944,0.992887561678889,1.03061021332811
39.8,4,1.01528545970785,0.993133686537789,1.0313062547075
40,4,1.01573536271904,0.993207892763268,1.03205108627573
0,5,0.994903273262462,0.95539211978321,1.02752610070202
0.2,5,0.994667785989737,0.955220705538123,1.02713492136362
0.4,5,0.994424491238431,0.955142868171502,1.02672815724325
0.6,5,0.994173945963739,0.955042074137043,1.02630624148464
0.8,5,0.993916800424496,0.955081264703892,1.02587125333715
1,5,0.993653800165019,0.954980861382474,1.02542408568567
1.2,5,0.9933857871982,0.954911904063315,1.02495340014515
1.4,5,0.993113700316098,0.955062903517582,1.02440617280876
1.6,5,0.9928385744605,0.955048289698708,1.02384637306767
1.8,5,0.992561539093427,0.954900579212011,1.02336177054949
2,5,0.99228381551652,0.954986916653945,1.02293829611393
2.2,5,0.992006713098384,0.955116849229151,1.02231880939264
2.4,5,0.991731624380398,0.955103394704191,1.02152296555819
2.6,5,0.991460019043913,0.955136941174645,1.02091018129713
2.8,5,0.991193436735151,0.955116236954839,1.01996114506195
3,5,0.990933478758259,0.955168019015981,1.01938182254689
3.2,5,0.990681798661651,0.955330873976724,1.01880570257468
3.4,5,0.990440091757901,0.955378753847284,1.01823271589901
3.6,5,0.99021008363265,0.955487633619163,1.01770306671502
3.8,5,0.989993517713212,0.955501808568971,1.0171940478603
4,5,0.989792141982469,0.955955832735257,1.01670718173395
4.2,5,0.989607694938066,0.956254017889843,1.01624749084423
4.4,5,0.989441890910601,0.956716850311755,1.01581673237329
4.6,5,0.989296404867304,0.956908307903913,1.0152658349492
4.8,5,0.989172856839301,0.957399169274691,1.01483435642031
5,5,0.989072796120961,0.957520938937426,1.0143934897662
5.2,5,0.988997685398612,0.957792282101154,1.01396117727095
5.4,5,0.988948884973229,0.958271743496981,1.01351431582544
5.6,5,0.988927637247128,0.958958667177973,1.01315199125233
5.8,5,0.988935051648372,0.959576859012062,1.01287896968631
6,5,0.988972090168301,0.960015463640917,1.01244179204393
6.2,5,0.989039553687256,0.960344110783771,1.01201582998856
6.4,5,0.989138069261284,0.96058285701608,1.01183182531038
6.6,5,0.989268078538174,0.961055693915591,1.01153629134849
6.8,5,0.98942982746474,0.961503064902369,1.01140460843675
7,5,0.989623357438767,0.961993469435001,1.01122379616182
7.2,5,0.989848498048592,0.962538821862826,1.01102206497822
7.4,5,0.990104861530832,0.963224818163449,1.01089172549864
7.6,5,0.990391839062556,0.964005951837713,1.01082771750752
7.8,5,0.990708598988159,0.964688866071466,1.01069973692303
8,5,0.991054087063537,0.965321438638604,1.01068366868711
8.2,5,0.991427028781011,0.965983940811376,1.01077105922268
8.4,5,0.99182593381792,0.966690008566271,1.01087854475472
8.6,5,0.992249102630128,0.967582212333613,1.01097913983715
8.8,5,0.992694635188977,0.968566677546243,1.01106823575473
9,5,0.993160441836821,0.969238016037857,1.01110868933879
9.2,5,0.993644256212217,0.970157189366087,1.01125846360426
9.4,5,0.99414365017165,0.97122180453835,1.01123463194479
9.6,5,0.994656050610324,0.972110949924191,1.01128690263413
9.8,5,0.995178758060599,0.973208800713164,1.01139586265453
10,5,0.995708966923215,0.973955945029373,1.01137884336357
10.2,5,0.996243787163953,0.974795180499542,1.01154152525278
10.4,5,0.996780267287121,0.975531546710362,1.0118517944655
10.6,5,0.99731541837754,0.976442583021599,1.01196562399662
10.8,5,0.997846238984911,0.977360269393335,1.01208656739923
11,5,0.998369740608844,0.978362969543341,1.0122162367864
11.2,5,0.998882973529777,0.979468854465721,1.01220763410622
11.4,5,0.999383052720708,0.980596027508883,1.01224114920206
11.6,5,0.999867183567475,0.981654501948189,1.0122987160031
11.8,5,1.00033268712134,0.982570379084097,1.01248479622066
12,5,1.00077702460711,0.98320229706422,1.01254429258324
12.2,5,1.00119782091307,0.983798151786781,1.01258332548631
12.4,5,1.00159288679559,0.984646670761507,1.01262330652786
12.6,5,1.00196023954151,0.985486100887445,1.01264371308443
12.8,5,1.0022981218453,0.986331313128465,1.01266801260501
13,5,1.002605018675,0.98713955248112,1.0127345331347
13.2,5,1.0028796719215,0.987904498162882,1.01281539035727
13.4,5,1.00312109264907,0.98881150294168,1.0126731313367
13.6,5,1.00332857079106,0.989725316899672,1.01247686505375
13.8,5,1.00350168216316,0.990507444124152,1.01226168578153
14,5,1.00364029269658,0.991230866599591,1.01206050165825
14.2,5,1.00374455982532,0.991968049158539,1.01183969516021
14.4,5,1.00381493099443,0.992651329807257,1.01155903746967
14.6,5,1.0038521392889,0.993275812509239,1.01119167339766
14.8,5,1.00385719621634,0.993904608666243,1.01082405440949
15,5,1.00383138170881,0.994334098912877,1.01041288623169
15.2,5,1.00377623144103,0.994689129008012,1.00996285215673
15.4,5,1.00369352159227,0.995083920250677,1.00973425460588
15.6,5,1.00358525120785,0.995478405803993,1.00938473780748
15.8,5,1.003453622342,0.99584922345889,1.00895179949671
16,5,1.00330101818808,0.996089091872276,1.00854656902796
16.2,5,1.00312997942291,0.996290765172836,1.008081297957
16.4,5,1.00294317900989,0.996559174826665,1.0075771833939
16.6,5,1.0027433957212,0.996837981449645,1.00707378328778
16.8,5,1.00253348665036,0.997041088043636,1.00656286846764
17,5,1.00231635899607,0.997318481949334,1.00607908183531
17.2,5,1.00209494140287,0.997537727459995,1.00557251344539
17.4,5,1.00187215514727,0.997755936257917,1.0050872358496
17.6,5,1.00165088545702,0.997961091570625,1.00460327390593
17.8,5,1.00143395324799,0.998107051684028,1.00415809833657
18,5,1.00122408755688,0.998230588137267,1.00370980678657
18.2,5,1.00102389893969,0.998353764140989,1.00327067716177
18.4,5,1.00083585409454,0.998492065313463,1.00282353020536
18.6,5,1.00066225195489,0.998620437077045,1.00238168002766
18.8,5,1.00050520148399,0.998760632886106,1.00197865349248
19,5,1.00036660138494,0.99891239590735,1.0015866579975
19.2,5,1.00024812192226,0.999106159015182,1.00120951435279
19.4,5,1.00015118903181,0.999315731363903,1.00085277355727
19.6,5,1.00007697087428,0.999532379712975,1.00054340895072
19.8,5,1.00002636696636,0.99975571562081,1.00026102441353
20,5,1,1,1
20.2,5,0.999998210436711,0.999771947183286,1.00026872362271
20.4,5,1.00002105393912,0.999570570253621,1.00056156684906
20.6,5,1.00006830167649,0.999389119221706,1.00087034419132
20.8,5,1.00013944351504,0.999229216042947,1.00120042505847
21,5,1.00023369407741,0.99910152420835,1.00155851631826
21.2,5,1.00035000162869,0.999007977055773,1.00193892456818
21.4,5,1.00048705971932,0.998939188287573,1.00235287796727
21.6,5,1.00064332148818,0.998889510654131,1.00273869057227
21.8,5,1.00081701650187,0.998804392813347,1.00317798830924
22,5,1.00100616997954,0.998756139989204,1.00366257439549
22.2,5,1.00120862422679,0.998753445766685,1.00414369584582
22.4,5,1.00142206207641,0.998717742753839,1.00460824098452
22.6,5,1.00164403211028,0.998717312633763,1.00503277546428
22.8,5,1.00187197541384,0.998732063403256,1.00544756668994
23,5,1.00210325359424,0.99874300470582,1.005889249758
23.2,5,1.00233517777482,0.998753920004414,1.00641708851221
23.4,5,1.00256503826322,0.998747435399663,1.00700236435374
23.6,5,1.00279013457752,0.99877374458967,1.00743346781835
23.8,5,1.00300780550593,0.998799136749292,1.00789529269274
24,5,1.00321545886981,0.998816282541649,1.008287581233
24.2,5,1.00341060065854,0.998804058322183,1.00875354511182
24.4,5,1.00359086320727,0.998759381061287,1.0092640509046
24.6,5,1.00375403209579,0.998651428106816,1.00967238045447
24.8,5,1.00389807145803,0.99859979109564,1.01008713532596
25,5,1.004021147408,0.998575697082882,1.01040142876875
25.2,5,1.00412164930772,0.998518850346588,1.01072783071667
25.4,5,1.00419820862748,0.998456138184421,1.01107191862021
25.6,5,1.0042497151768,0.998413953275463,1.01142121589356
25.8,5,1.00427533051605,0.998315906193756,1.01175878704713
26,5,1.00427449839372,0.998086845275529,1.01194351381826
26.2,5,1.00424695209115,0.997832246382479,1.012120646484
26.4,5,1.0041927185959,0.997526060860351,1.01229573045622
26.6,5,1.0041121195651,0.997284760323487,1.0124313662174
26.8,5,1.00400576908105,0.996950518130954,1.0125391411616
27,5,1.0038745682422,0.996576857850718,1.0125941443748
27.2,5,1.00371969667237,0.996243561957891,1.01258500358423
27.4,5,1.00354260106978,0.995932061452941,1.01263562185716
27.6,5,1.00334498095353,0.995481126504604,1.01256527107971
27.8,5,1.00312877179892,0.995147846485548,1.01248734643784
28,5,1.00289612578327,0.994711847971591,1.01234072383334
28.2,5,1.00264939039068,0.99434934543551,1.01232107343945
28.4,5,1.00239108514651,0.993866318119032,1.01220989943647
28.6,5,1.00212387677112,0.993511943295425,1.01199871300176
28.8,5,1.0018505530558,0.993125081903912,1.0118055248839
29,5,1.00157399577328,0.992718676393219,1.01165972186048
29.2,5,1.00129715294013,0.992255162792133,1.01157614019524
29.4,5,1.00102301074806,0.99188930074379,1.01138758566861
29.6,5,1.00075456547789,0.991435482427741,1.01114268676111
29.8,5,1.00049479570138,0.990972971303803,1.01093046696109
30,5,1.00024663506454,0.99052460965054,1.01069981704576
30.2,5,1.00001294593124,0.990200379452816,1.01051992657745
30.4,5,0.999796494147516,0.989918215990564,1.01034211913358
30.6,5,0.999599925166667,0.989672050335484,1.01019187709403
30.8,5,0.99942574175247,0.989446109351212,1.01004893591483
31,5,0.999276283453382,0.989307754075752,1.00997055473231
31.2,5,0.99915370801502,0.989185427594487,1.00995061317275
31.4,5,0.999059974871631,0.988927037189904,1.00992482991728
31.6,5,0.998996830830224,0.988648105018189,1.00975470510981
31.8,5,0.998965798033897,0.988407017206908,1.00970887629674
32,5,0.998968164263899,0.988346183784791,1.00976180442157
32.2,5,0.99900497561349,0.988343220489265,1.00993727547932
32.4,5,0.999077031540908,0.988404882664639,1.01015092216408
32.6,5,0.999184882283986,0.988426440180102,1.01033653115379
32.8,5,0.99932882859535,0.988513286827767,1.01054519094344
33,5,0.999508923734883,0.988405898006933,1.01074764661645
33.2,5,0.999724977635354,0.988343434864459,1.01085892180499
33.4,5,0.999976563137948,0.98841012778158,1.01119013969881
33.6,5,1.00026302417698,0.988434334636467,1.01149570476166
33.8,5,1.00058348577742,0.988719296371892,1.01180246737384
34,5,1.00093686571499,0.988957430602125,1.01213030201975
34.2,5,1.00132188767687,0.989286533486167,1.01235163641028
34.4,5,1.00173709575094,0.989605287237004,1.01277761773511
34.6,5,1.00218087006366,0.989907516528308,1.01332413008302
34.8,5,1.00265144338085,0.990171308376471,1.01384951798496
35,5,1.00314691848149,0.99032739281511,1.0143891097163
35.2,5,1.00366528611315,0.990435723604127,1.0151358227677
35.4,5,1.00420444333754,0.990704681473514,1.01604555842267
35.6,5,1.00476221207667,0.991067334884433,1.01682867666128
35.8,5,1.00533635767461,0.991526621410447,1.01743396752504
36,5,1.00592460729509,0.992005693068161,1.01823393349314
36.2,5,1.00652466798334,0.992401281143633,1.01884962657084
36.4,5,1.00713424422941,0.99265898971559,1.01949701908533
36.6,5,1.00775105488164,0.992908890098939,1.02031204583015
36.8,5,1.00837284927035,0.993235267208379,1.02120658557956
37,5,1.00899742241619,0.993691205554472,1.02209798996106
37.2,5,1.00962262921122,0.994134009577899,1.02296276097942
37.4,5,1.01024639747688,0.994523498638509,1.02374163586731
37.6,5,1.01086673981833,0.994896948845409,1.0244471673492
37.8,5,1.01148176421163,0.995135784977637,1.02521544161696
38,5,1.01208968327639,0.995516051082848,1.02600093572887
38.2,5,1.01268882220336,0.995723046852953,1.02678170285459
38.4,5,1.01327762532262,0.996143714678785,1.02751442779021
38.6,5,1.01385466131398,0.996610968169406,1.02833480503811
38.8,5,1.01441862707633,0.996762789534539,1.02909728084019
39,5,1.01496835028712,0.996898880620392,1.02982995997042
39.2,5,1.01550279069617,0.996957107852118,1.03067414094683
39.4,5,1.01602104021063,0.99707028122323,1.03153385657787
39.6,5,1.01652232183805,0.997295388053346,1.03218275398017
39.8,5,1.0170059875646,0.997543308229818,1.03292030759699
40,5,1.01747151525282,0.997713624458529,1.03352648602879
0,6,0.981886410847315,0.916824275305211,1.01735014905855
0.2,6,0.981717885690643,0.917234590797601,1.01702261352736
0.4,6,0.981545879280765,0.91744209601575,1.01668096387612
0.6,6,0.981371092301779,0.917653077849638,1.01632549644779
0.8,6,0.981194311600917,0.91764736156595,1.01595660570437
1,6,0.981016411059659,0.91742568535267,1.01545950838671
1.2,6,0.980838351668852,0.917223818629929,1.0149671551474
1.4,6,0.980661180744401,0.91704506233267,1.01458320840801
1.6,6,0.980486030226519,0.917088505184748,1.01406718956656
1.8,6,0.980314114013266,0.917834273299727,1.01364452577282
2,6,0.980146724287943,0.918402930789368,1.0131376699028
2.2,6,0.979985226809992,0.91905370131256,1.01257603101803
2.4,6,0.979831055150078,0.919522211302939,1.0120935790284
2.6,6,0.979685703862048,0.919936403124222,1.01161302247976
2.8,6,0.979550720597219,0.92052742200064,1.01101546978354
3,6,0.979427697179838,0.921181057355225,1.01042854902942
3.2,6,0.979318259676419,0.921872263626868,1.00998118697927
3.4,6,0.979224057505753,0.922298372041057,1.00954193023151
3.6,6,0.979146751650602,0.922710143469465,1.00904567271482
3.8,6,0.979088002046118,0.923735431475522,1.00855384770735
4,6,0.979049454233781,0.924196710069861,1.00802951968155
4.2,6,0.979032725382829,0.924676415286124,1.00760026528438
4.4,6,0.979039389793628,0.925521214755636,1.00718824918983
4.6,6,0.979070964008993,0.92656226445901,1.00675822237361
4.8,6,0.979128891669902,0.927912132489484,1.00646302617012
5,6,0.979214528261254,0.929085647252664,1.00613134162573
5.2,6,0.979329125901118,0.930304628306562,1.00594021113225
5.4,6,0.979473818333116,0.931967013462606,1.0057573737354
5.6,6,0.97964960628621,0.933290342922222,1.00551501316404
5.8,6,0.979857343368945,0.934471369800617,1.00531002272899
6,6,0.980097722666186,0.936469591659429,1.00506607542002
6.2,6,0.9803712642055,0.938031394342084,1.00495441933049
6.4,6,0.980678303457438,0.939530804279956,1.00481667568037
6.6,6,0.981018981029225,0.940831117497577,1.0046584438344
6.8,6,0.981393233704537,0.942281383711577,1.00443615673034
7,6,0.981800786973397,0.943494786210874,1.00431818923877
7.2,6,0.982241149185551,0.945033874299834,1.0042694509235
7.4,6,0.98271360744826,0.946299255094032,1.00422893835803
7.6,6,0.983217225375125,0.947911793696079,1.00418401219691
7.8,6,0.983750842776656,0.949669798605597,1.00428579650536
8,6,0.984313077365691,0.951063358432493,1.00431336239379
8.2,6,0.984902328531786,0.952498204144815,1.00443881344226
8.4,6,0.985516783218346,0.953621855505844,1.00459896389456
8.6,6,0.986154423914784,0.955262972858402,1.00481070080103
8.8,6,0.986813038753563,0.957176807485985,1.00493007557729
9,6,0.987490233678794,0.958535108712479,1.0051756074989
9.2,6,0.988183446629371,0.960067082177025,1.00536303125409
9.4,6,0.988889963655684,0.96158531214795,1.00559891680206
9.6,6,0.989606936865068,0.962898841322468,1.0058047323932
9.8,6,0.990331404067516,0.964555289706923,1.00603502003596
10,6,0.991060309970285,0.965732638113586,1.00629720129616
10.2,6,0.991790528748023,0.966925013676419,1.0065249734663
10.4,6,0.992518887794331,0.968138485352348,1.00676200847507
10.6,6,0.993242192441669,0.969864849731231,1.00709373700544
10.8,6,0.993957251419355,0.971057468428824,1.00738356156688
11,6,0.994660902804636,0.972638844917085,1.00767187120278
11.2,6,0.995350040209551,0.97440206497433,1.00788340003476
11.4,6,0.996021638936928,0.975713241020491,1.00813075731828
11.6,6,0.996672781832615,0.977141165848743,1.00834932637474
11.8,6,0.997300684558049,0.978309810529899,1.00860200338166
12,6,0.997902720007807,0.979601641625369,1.0087997092484
12.2,6,0.998476441600826,0.981125481928349,1.00900268905817
12.4,6,0.999019605181691,0.982169007900027,1.00912010529453
12.6,6,0.999530189279645,0.983204901705923,1.00923377394594
12.8,6,1.00000641348779,0.984343264575486,1.00937144495832
13,6,1.00044675474307,0.985575928021918,1.00938462356543
13.2,6,1.00084996130899,0.986660032801273,1.00944374327827
13.4,6,1.00121506428716,0.987550519651825,1.00946248838932
13.6,6,1.00154138651044,0.98831582853468,1.00947193422258
13.8,6,1.00182854869957,0.989285306246515,1.00943512162038
14,6,1.00207647279554,0.990092105278803,1.00943183004446
14.2,6,1.00228538241213,0.990847972853754,1.00935954992773
14.4,6,1.00245580038572,0.991502769947006,1.00921220424798
14.6,6,1.00258854343251,0.992067196959949,1.00910386769797
14.8,6,1.0026847139564,0.992643387638535,1.00891104189489
15,6,1.00274568908284,0.993252416668656,1.00864392557343
15.2,6,1.00277310702535,0.993834357687288,1.00844870103789
15.4,6,1.00276885092088,0.994406963461713,1.0081487476055
15.6,6,1.00273503029809,0.994854577925241,1.00782610129858
15.8,6,1.002673960368,0.995262481081798,1.00745505787535
16,6,1.00258813934929,0.995641787174816,1.00707759030017
16.2,6,1.00248022406083,0.995993850374586,1.00668895619925
16.4,6,1.00235300403104,0.996238708731292,1.00634025731157
16.6,6,1.00220937438755,0.996582898543322,1.00598533931594
16.8,6,1.00205230780201,0.996809091293199,1.00558550736383
17,6,1.00188482577189,0.997083945784502,1.00522042930649
17.2,6,1.00170996952639,0.997285802863612,1.00479192869615
17.4,6,1.00153077084459,0.99750491198314,1.00440006023405
17.6,6,1.00135022307281,0.997739752581833,1.00400860586963
17.8,6,1.00117125262401,0.997917249329575,1.00358227347656
18,6,1.00099669123503,0.998077938503442,1.00315457563407
18.2,6,1.00082924924857,0.998242950917407,1.00275998530072
18.4,6,1.00067149017522,0.998430420258094,1.00237922889014
18.6,6,1.00052580677738,0.99858869938561,1.00201076340614
18.8,6,1.00039439890181,0.998750296119975,1.00166463119557
19,6,1.0002792532704,0.998928598454425,1.00133121752713
19.2,6,1.00018212542058,0.999105687925251,1.00101390736131
19.4,6,1.00010452396694,0.999297127997245,1.00072499469558
19.6,6,1.00004769733472,0.999512588980335,1.00046210075995
19.8,6,1.00001262309393,0.999745467707635,1.00021702103064
20,6,1,1,1
20.2,6,1.00001024282297,0.999807886928153,1.00027233389743
20.4,6,1.0000434800228,0.999635725352921,1.00056902559978
20.6,6,1.00009955430317,0.99948764498592,1.0008796696919
20.8,6,1.00017802605047,0.9993629589322,1.00119820907382
21,6,1.00027817963823,0.999266397887196,1.00155092541924
21.2,6,1.00039903255094,0.999184125081795,1.00192303377912
21.4,6,1.00053934725411,0.99912433556431,1.00232260652169
21.6,6,1.00069764571073,0.999083143128176,1.00275397442915
21.8,6,1.00087222641758,0.999052213454634,1.00320036515548
22,6,1.0010611838082,0.999022987601229,1.00365837726344
22.2,6,1.00126242984381,0.999023040507172,1.00411512406735
22.4,6,1.00147371758853,0.999046657559802,1.00454344322386
22.6,6,1.00169266654134,0.999073695431337,1.0049774699751
22.8,6,1.00191678947535,0.999083019515529,1.00544756668994
23,6,1.00214352051466,0.999109472498367,1.00590555584198
23.2,6,1.00237024416089,0.999138241313281,1.00638580087752
23.4,6,1.00259432496656,0.99913996565893,1.00689493259694
23.6,6,1.00281313753998,0.999179512422972,1.00739904210901
23.8,6,1.00302409655738,0.999147936184697,1.00782870868403
24,6,1.00322468645306,0.999140217718211,1.00828122924137
24.2,6,1.00341249045683,0.999118570767278,1.00876136707076
24.4,6,1.00358521865119,0.999061113668642,1.00920140981095
24.6,6,1.00374073472772,0.998995999834029,1.00967238045447
24.8,6,1.00387708113426,0.99892358732646,1.01008952920187
25,6,1.00399250231993,0.99884584178058,1.01054713885965
25.2,6,1.00408546580617,0.998799528640065,1.01098369408715
25.4,6,1.0041546808357,0.998701205938043,1.01138023819643
25.6,6,1.00419911438025,0.998564807238064,1.01171132472911
25.8,6,1.00421800431925,0.998391166435431,1.01193336778899
26,6,1.00421086963651,0.998228476414434,1.01208005915685
26.2,6,1.00417751751922,0.997904683734145,1.01233292994205
26.4,6,1.00411804728251,0.997659699637259,1.01249998532722
26.6,6,1.00403285108296,0.997439680634923,1.01260254787318
26.8,6,1.00392261142572,0.997147812007364,1.01270483239074
27,6,1.00378829550985,0.996814227649615,1.01277354433343
27.2,6,1.00363114649698,0.996494530841291,1.01276497312291
27.4,6,1.00345267182618,0.99615571083401,1.0127062033053
27.6,6,1.00325462873442,0.995769709482797,1.01261743801125
27.8,6,1.00303900717521,0.995433699790474,1.01252558582922
28,6,1.00280801035839,0.995102415741232,1.01243244493276
28.2,6,1.00256403316034,0.994664760035438,1.01239689542612
28.4,6,1.00230963867655,0.994102114126916,1.01222527853925
28.6,6,1.00204753320648,0.993626747878068,1.01206963461097
28.8,6,1.00178053997454,0.993222553436445,1.01194750280052
29,6,1.00151157189997,0.992795197886664,1.01172997614392
29.2,6,1.00124360373315,0.992306724991223,1.01159497410806
29.4,6,1.00097964387609,0.991899498844149,1.01138758566861
29.6,6,1.0007227062007,0.991451136261389,1.01117370163228
29.8,6,1.00047578217057,0.991145141180045,1.01101642417
30,6,1.0002418135601,0.990795657684299,1.01083603610883
30.2,6,1.00002366604978,0.990302834835844,1.0106503836678
30.4,6,0.999824103958627,0.989974445425324,1.01046585433509
30.6,6,0.999645766353902,0.989793135125967,1.01043915513028
30.8,6,0.999491144755799,0.989586028696663,1.01035937083588
31,6,0.99936256263043,0.989399536253801,1.0103255018589
31.2,6,0.999262156838683,0.989254340556957,1.0102603388379
31.4,6,0.999191861182154,0.989113455417411,1.01027450896561
31.6,6,0.999153392160251,0.989133265247777,1.0103046067564
31.8,6,0.999148237025496,0.98911977158035,1.01027652963475
32,6,0.999177644197001,0.989221722648584,1.01028307164401
32.2,6,0.999242616065631,0.989293816319277,1.01036209193441
32.4,6,0.999343904198536,0.989181540268714,1.01062734248694
32.6,6,0.999482006925902,0.989175019449975,1.010817262997
32.8,6,0.999657169269059,0.989222746511338,1.01105943301857
33,6,0.999869385146682,0.989192999704008,1.01143057122007
33.2,6,1.0001184017749,0.98918971442486,1.011631765261
33.4,6,1.00040372615777,0.98926334817747,1.0119292465426
33.6,6,1.00072463354687,0.989369636578865,1.01219843823091
33.8,6,1.00108017773293,0.989490974685867,1.0126310859393
34,6,1.00146920301826,0.98968244361637,1.01323789450039
34.2,6,1.00189035770679,0.989923666797545,1.01384227563189
34.4,6,1.00234210893801,0.990310496638911,1.01449630178795
34.6,6,1.00282275868324,0.990783731810603,1.01519865106145
34.8,6,1.00333046071626,0.991254802051151,1.0157226979226
35,6,1.00386323836626,0.991761057237419,1.01618662090024
35.2,6,1.00441900285891,0.992316087478287,1.01693066781444
35.4,6,1.00499557205137,0.992840540736077,1.0177172533675
35.6,6,1.0055906893688,0.993297552114114,1.01851062306278
35.8,6,1.00620204275399,0.993766054997601,1.01911663199276
36,6,1.00682728344734,0.994153181570412,1.02000284365167
36.2,6,1.00746404442211,0.994629047005905,1.02075496315635
36.4,6,1.0081099583091,0.995115106070464,1.02172378941302
36.6,6,1.00876267465575,0.995293500311217,1.02245687367558
36.8,6,1.00941987637711,0.995469041224396,1.02335864724999
37,6,1.01007929526956,0.995785026430262,1.02428647512226
37.2,6,1.01073872647296,0.996242353984131,1.0253151697522
37.4,6,1.01139604178256,0.996698274926278,1.0260317492959
37.6,6,1.01204920172809,0.996976619267723,1.02699961693506
37.8,6,1.01269626635432,0.997269518660161,1.02796075739385
38,6,1.01333540465448,0.997636889364368,1.02891744868914
38.2,6,1.01396490262453,0.998037620714926,1.02975304853584
38.4,6,1.01458316992345,0.998488405943228,1.03065219179083
38.6,6,1.01518874514066,0.998892788419238,1.03162365771944
38.8,6,1.01578029968751,0.999287837967034,1.0325832142693
39,6,1.01635664034449,0.999621474004268,1.03339637096555
39.2,6,1.01691671050932,0.999912785634356,1.03418917842189
39.4,6,1.01745959020399,1.00019395424246,1.03502882280705
39.6,6,1.01798449490951,1.00048126618781,1.03584174922596
39.8,6,1.01849077330726,1.00082114270546,1.03656003355863
40,6,1.01897790401364,1.00105681920143,1.03711965444756
0,7,1.01658012924452,0.977420986493998,1.0459174542567
0.2,7,1.01625088292817,0.977362938181382,1.04542769651697
0.4,7,1.01590750185078,0.977333623411875,1.04488983458412
0.6,7,1.01555029778049,0.977272450868333,1.0442687611135
0.8,7,1.015179682159,0.977106594066145,1.04357610672566
1,7,1.01479616960787,0.976939226211725,1.0429813752853
1.2,7,1.01440038066358,0.976770715451537,1.04234927021999
1.4,7,1.01399304365612,0.976491690402164,1.04166366581054
1.6,7,1.01357499565139,0.976188163757444,1.04088494443646
1.8,7,1.0131471823849,0.976027776145543,1.04032454414501
2,7,1.01271065712301,0.975869915142138,1.03971884017049
2.2,7,1.01226657839772,0.975787484057843,1.03925455494506
2.4,7,1.01181620657288,0.975731328916277,1.03860420668731
2.6,7,1.01136089921192,0.975655331354574,1.03781114494279
2.8,7,1.01090210523142,0.97568299147413,1.0370423692219
3,7,1.01044135783904,0.975681486809084,1.03625905737597
3.2,7,1.00998026627011,0.975497393992068,1.03532889547379
3.4,7,1.00952050635293,0.975476803521118,1.0345252116586
3.6,7,1.00906380994887,0.975347678517414,1.03367889820774
3.8,7,1.0086119533299,0.975246737648379,1.03287681775344
4,7,1.00816674457175,0.975236802895962,1.03212803527277
4.2,7,1.00773001005691,0.975093118754767,1.0313952941089
4.4,7,1.00730358019615,0.975050108526466,1.0306297437729
4.6,7,1.00688927449145,0.975144227702338,1.02988216543323
4.8,7,1.00648888607579,0.975037666902612,1.02914024567718
5,7,1.00610416587691,0.974992126003312,1.0284346031326
5.2,7,1.00573680656185,0.974996692381157,1.02775237048748
5.4,7,1.00538842642746,0.975004042023415,1.0270333352266
5.6,7,1.00506055340828,0.975341167876293,1.02638252792629
5.8,7,1.0047546093777,0.975571724171545,1.02581667848005
6,7,1.0044718949208,0.975742028810914,1.02527891372952
6.2,7,1.00421357475731,0.976261141827042,1.02470898093631
6.4,7,1.0039806639915,0.976414430743029,1.02407461091788
6.6,7,1.00377401536184,0.976553300572497,1.02338695025792
6.8,7,1.00359430765707,0.976956553172041,1.0229344513237
7,7,1.00344203545719,0.977399824161194,1.02254992514379
7.2,7,1.00331750034765,0.977732420841032,1.02204244444869
7.4,7,1.003220803743,0.978216543841755,1.02139420326945
7.6,7,1.00315184144199,0.97880423913744,1.02104881108446
7.8,7,1.00311030002062,0.979039947634138,1.02069802314992
8,7,1.00309565515227,0.979747059941841,1.02027778323236
8.2,7,1.00310717192501,0.980237479870329,1.01996293370236
8.4,7,1.00314390720649,0.98068244657699,1.01973084853003
8.6,7,1.00320471408536,0.981109146751728,1.01953651958263
8.8,7,1.00328824839612,0.981604536222787,1.01931702008107
9,7,1.00339297731175,0.982407749015925,1.01906916986518
9.2,7,1.00351718996493,0.982960009573332,1.01870866321783
9.4,7,1.00365901003533,0.983786332412112,1.01846744455672
9.6,7,1.00381641021723,0.984460799854639,1.01815785487354
9.8,7,1.00398722845818,0.9852315287892,1.01799200962969
10,7,1.00416918583735,0.985881220656448,1.01773988189605
10.2,7,1.00435990593024,0.986549270748357,1.01751427397143
10.4,7,1.0045569354862,0.987248172483169,1.01732448002844
10.6,7,1.00475776622588,0.98795894087188,1.01712454749134
10.8,7,1.00495985754899,0.9887550355064,1.01691993045514
11,7,1.00516065992698,0.989514036414825,1.01683681560713
11.2,7,1.00535763874298,0.990218888167649,1.01675947775183
11.4,7,1.00554829833055,0.990892760279472,1.01662297884311
11.6,7,1.00573020595566,0.99150851911488,1.0164260538987
11.8,7,1.00590101548173,0.992180902177897,1.0162436851979
12,7,1.00605849045614,0.992858138431125,1.01613691257539
12.2,7,1.00620052635884,0.993501191058653,1.01603171493914
12.4,7,1.00632517175857,0.994148428923222,1.01583177264628
12.6,7,1.00643064813123,0.99487516057932,1.0156400662331
12.8,7,1.00651536810666,0.995583459643023,1.01536063808381
13,7,1.00657795192503,0.996186425731716,1.01508902647324
13.2,7,1.00661724190272,0.996664398200357,1.01479220191357
13.4,7,1.00663231472786,0.99711474177289,1.01451657411431
13.6,7,1.00662249142981,0.99741507196341,1.01425369012707
13.8,7,1.00658734489236,0.997719357850849,1.0140375285586
14,7,1.00652670480793,0.998012884772635,1.01376584857757
14.2,7,1.00644065999971,0.998301195285769,1.01334023752496
14.4,7,1.00632955806809,0.998630840941341,1.01298497720683
14.6,7,1.00619400234948,0.998826220446613,1.01274160907753
14.8,7,1.00603484620574,0.99898114037813,1.01237976737377
15,7,1.00585318469395,0.999089370310349,1.01189539153721
15.2,7,1.00565034369578,0.999294544448525,1.01146863833129
15.4,7,1.0054278666149,0.999423637956799,1.01098994420345
15.6,7,1.00518749877849,0.999473391081476,1.01053278596944
15.8,7,1.00493116970405,0.999470772019095,1.01001557996516
16,7,1.00466097341675,0.999428962253823,1.00947918756846
16.2,7,1.00437914702319,0.99944449947236,1.00888454948398
16.4,7,1.00408804776614,0.999393705653463,1.0083249561749
16.6,7,1.00379012880031,0.999365947302415,1.0078507042426
16.8,7,1.00348791394209,0.999343608392049,1.0073712726543
17,7,1.00318397165603,0.999282811919592,1.00686364991451
17.2,7,1.00288088854752,0.999256683275942,1.00626593300554
17.4,7,1.00258124263527,0.999258304221732,1.00571954881356
17.6,7,1.00228757667811,0.999249317413947,1.00520163134332
17.8,7,1.00200237182908,0.999258571720123,1.00470965441799
18,7,1.00172802188511,0.999231117889387,1.00419898830162
18.2,7,1.00146680839429,0.999228827232115,1.00367816368443
18.4,7,1.001220876873,0.999227158219082,1.00318689207101
18.6,7,1.00099221437434,0.9992543228728,1.00269628152641
18.8,7,1.00078262863538,0.999310434613438,1.00224932929585
19,7,1.00059372901633,0.999375828448245,1.00182170588464
19.2,7,1.00042690942693,0.999454760606989,1.00141658175789
19.4,7,1.00028333341774,0.999554137361574,1.00102684809321
19.6,7,1.00016392159377,0.999682631601708,1.00065553720962
19.8,7,1.0000693414867,0.999831112918136,1.00031230132212
20,7,1,1,1
20.2,7,0.999956038517637,0.999713279813127,1.00019202064078
20.4,7,0.99993733074282,0.999451372504037,1.00040844630957
20.6,7,0.999943483308249,0.999219472271496,1.00064525081006
20.8,7,0.9999738391733,0.999003015967912,1.00090083920805
21,7,1.00002748379721,0.998805320593988,1.00118452334342
21.2,7,1.00010325405039,0.998617978393489,1.00148321202806
21.4,7,1.00019974979869,0.998465463851047,1.00180771642922
21.6,7,1.00031534806817,0.998310573007087,1.00217694471773
21.8,7,1.00044821967058,0.998176736463078,1.00251424731643
22,7,1.00059634814283,0.998065766825849,1.00287539156169
22.2,7,1.00075755082731,0.997984146139087,1.00327814513762
22.4,7,1.00092950189462,0.997884496213724,1.00370713207597
22.6,7,1.00110975708586,0.997778598861926,1.00413816305231
22.8,7,1.00129577992917,0.997684047817395,1.00458295307336
23,7,1.00148496916433,0.997631471292673,1.00503581224433
23.2,7,1.00167468709114,0.997568577403541,1.00542705533367
23.4,7,1.00186228854149,0.997454482881451,1.00583598676396
23.6,7,1.00204515016247,0.997339581476549,1.00624700742552
23.8,7,1.002220699689,0.99721605392242,1.0066213439244
24,7,1.00238644487883,0.997052059914648,1.00700461749463
24.2,7,1.00254000178161,0.996934909294544,1.0073851930148
24.4,7,1.00267912201671,0.99675158767146,1.00777868769293
24.6,7,1.00280171874146,0.996588133233249,1.00815632027003
24.8,7,1.00290589100359,0.996450970538511,1.00848958325471
25,7,1.00298994618753,0.996374047318375,1.0088129203838
25.2,7,1.00305242028481,0.996289027153014,1.00912453779556
25.4,7,1.00309209574341,0.996194711814673,1.00936103553521
25.6,7,1.00310801667925,0.995979467320564,1.00961325155852
25.8,7,1.00309950126487,0.995609132181385,1.00983735072797
26,7,1.00306615114523,0.995394136653105,1.01004030325304
26.2,7,1.00300785776758,0.995167806746446,1.01027526845055
26.4,7,1.00292480555186,0.994894946912653,1.0104644121756
26.6,7,1.00281747186768,0.994587951258194,1.01058804197828
26.8,7,1.00268662382541,0.994335001228132,1.01068230049227
27,7,1.002533311929,0.993886610172206,1.01071280399766
27.2,7,1.00235886067788,0.993434447500888,1.01069319527219
27.4,7,1.00216485624386,0.992972877111516,1.0107094028226
27.6,7,1.00195313138423,0.992575822336263,1.01065276612426
27.8,7,1.00172574778625,0.99219202462583,1.01060137100418
28,7,1.0014849760676,0.991829541733017,1.01047884526147
28.2,7,1.00123327368379,0.991481945227767,1.01037114996398
28.4,7,1.00097326101605,0.991077850439619,1.01025807356555
28.6,7,1.00070769593055,0.990673500616072,1.01013703138501
28.8,7,1.00043944711384,0.990289947367302,1.01005512003283
29,7,1.00017146649786,0.98993149156366,1.00999323604001
29.2,7,0.999906761092504,0.989496684403812,1.00993358633316
29.4,7,0.999648364543765,0.989197938210893,1.00989605089865
29.6,7,0.999399308730914,0.988850706044141,1.00974764030159
29.8,7,0.999162595708432,0.988624847243847,1.00951627870073
30,7,0.998941170286177,0.988321308957765,1.00947364835239
30.2,7,0.998737893526277,0.98789252538638,1.00939748236083
30.4,7,0.998555517417096,0.987598753261709,1.00944532218401
30.6,7,0.99839666096401,0.987388506922771,1.00941202363076
30.8,7,0.998263787914023,0.987135411170014,1.00943190384988
31,7,0.998159186306898,0.986837456080335,1.00937909225243
31.2,7,0.998084950019796,0.986557321461582,1.00925932138359
31.4,7,0.99804296244593,0.9863531063758,1.00927748736872
31.6,7,0.998034882420722,0.986295671407002,1.00935404392984
31.8,7,0.998062132481775,0.98618486175342,1.00938730041894
32,7,0.998125889521964,0.986242849641243,1.00956425187269
32.2,7,0.998227077868413,0.986242709728808,1.00970623648792
32.4,7,0.998366364794232,0.986440984143257,1.00996615520158
32.6,7,0.998544158444955,0.986583945419121,1.0102575031868
32.8,7,0.998760608137827,0.986718466187272,1.01068892516514
33,7,0.999015606969475,0.98695921039612,1.01114849761368
33.2,7,0.999308796646457,0.987211325087699,1.01160883151933
33.4,7,0.999639574433556,0.98751963878421,1.01201764014156
33.6,7,1.00000710209682,0.987669639138335,1.01229812057243
33.8,7,1.00041031670213,0.987994587343072,1.01284414396783
34,7,1.00084794311584,0.988360661062711,1.01350078743202
34.2,7,1.00131850804143,0.988725024966227,1.0141412124089
34.4,7,1.00182035541582,0.989152208282188,1.01476318314466
34.6,7,1.00235166298028,0.989655537406853,1.01535716954041
34.8,7,1.00291045983456,0.989884881029619,1.01619393865889
35,7,1.00349464477838,0.990317822472673,1.01699524892592
35.2,7,1.00410200524199,0.990466962330439,1.01773141148368
35.4,7,1.00473023660748,0.990783804477682,1.01840828812986
35.6,7,1.0053769617239,0.991326730278959,1.01928228675509
35.8,7,1.0060397504233,0.991818576236371,1.02009168617754
36,7,1.00671613885056,0.992355282713899,1.02092838112941
36.2,7,1.0074036484271,0.992932125075631,1.02170862563758
36.4,7,1.00809980427845,0.993512403179578,1.02270233102781
36.6,7,1.0088021529663,0.99409341842931,1.02370452103316
36.8,7,1.00950827937841,0.994628373653985,1.02460712690818
37,7,1.01021582264351,0.995151769211123,1.0255082143175
37.2,7,1.01092249095361,0.995587425182784,1.02655318386332
37.4,7,1.01162607519183,0.996327507511561,1.02755599807168
37.6,7,1.01232446128094,0.996777256338035,1.02856688325957
37.8,7,1.01301564118485,0.997237987355614,1.02946479003767
38,7,1.01369772251282,0.997485392296474,1.03047973310866
38.2,7,1.01436893669393,0.998363537244741,1.0314269566782
38.4,7,1.01502764570635,0.9992522165082,1.03254063110525
38.6,7,1.01567234736314,0.999735032765355,1.03346207572828
38.8,7,1.01630167917228,0.999957461331607,1.03438399197641
39,7,1.01691442080415,1.00027406863698,1.0351452948146
39.2,7,1.01750949521369,1.00053441433393,1.03589971937232
39.4,7,1.01808596847777,1.00091365434029,1.03664487468847
39.6,7,1.01864304841955,1.00110699168233,1.03758434759554
39.8,7,1.01918008210204,1.00131622372047,1.03844075554869
40,7,1.01969655228138,1.00181532276272,1.0392099315253
0,8,1.03429023350389,1.00525506519215,1.05819482518159
0.2,8,1.03388164334391,1.00505600309281,1.05760576772458
0.4,8,1.03345362772461,1.00484961724067,1.05701390232076
0.6,8,1.03300630465441,1.00448685642549,1.0563942470872
0.8,8,1.03253989883544,1.00400144277903,1.05572053181181
1,8,1.03205474654003,1.0035809325704,1.05479385294949
1.2,8,1.03155129972971,1.00325098660669,1.05390053675041
1.4,8,1.03103012931941,1.0030565641421,1.0531941475288
1.6,8,1.03049192749492,1.0028602334315,1.05238605041841
1.8,8,1.02993750899829,1.00254563617375,1.05163705802102
2,8,1.02936781130433,1.00209407408823,1.05089993403844
2.2,8,1.0287838936214,1.00189843575467,1.05011000268132
2.4,8,1.02818693466116,1.00170256327935,1.04922962396817
2.6,8,1.02757822913514,1.00146337032315,1.04844670985205
2.8,8,1.02695918295008,1.00105106816962,1.0475842741384
3,8,1.02633130708942,1.00059911698994,1.04675465213108
3.2,8,1.0256962101846,1.00032252463154,1.04594052057362
3.4,8,1.02505558979647,1.00011974274641,1.04507575098926
3.6,8,1.0244112224449,0.999921788262806,1.04412582886933
3.8,8,1.02376495244149,0.999616620137499,1.04322989350483
4,8,1.02311867959816,0.999297755199864,1.04241787379828
4.2,8,1.02247434590105,0.998930285187993,1.04168558687954
4.4,8,1.02183392125552,0.998609766478463,1.04102488979847
4.6,8,1.0211993884234,0.998312819056612,1.0402633552555
4.8,8,1.02057272728794,0.997907861634509,1.03947601399025
5,8,1.01995589859461,0.997553260416874,1.03862992949077
5.2,8,1.01935082732735,0.997236906843064,1.03772241583517
5.4,8,1.018759385889,0.997192499644107,1.03683963668261
5.6,8,1.01818337726269,0.997181687543221,1.03595930105896
5.8,8,1.01762451833585,0.996958312288841,1.03519051102066
6,8,1.01708442357244,0.99669118378963,1.0344666450262
6.2,8,1.01656458921962,0.996486449168211,1.03372214507933
6.4,8,1.01606637823427,0.99640293472301,1.03299493012781
6.6,8,1.01559100611126,0.99647004835405,1.03238885475067
6.8,8,1.01513952778959,0.996504553727789,1.03159885786504
7,8,1.01471282580511,0.996554689063705,1.03098829718438
7.2,8,1.01431159984787,0.996610305817819,1.03039966502717
7.4,8,1.01393635787101,0.996651190083241,1.02973071887949
7.6,8,1.01358740888325,0.996827741321871,1.02918148512205
7.8,8,1.01326485754217,0.996925523256965,1.02867815722713
8,8,1.01296860064746,0.997085632698595,1.02808454146502
8.2,8,1.01269832561475,0.997268152353594,1.02763368804899
8.4,8,1.01245351099044,0.997479507008556,1.02706236993235
8.6,8,1.01223342904662,0.99777066359421,1.0265958991114
8.8,8,1.01203715047295,0.998118672440262,1.02619586304189
9,8,1.01186355115946,0.998333112324252,1.02583386397629
9.2,8,1.01171132104092,0.998560246399835,1.02542631905417
9.4,8,1.01157897494983,0.998728088174299,1.02501724727644
9.6,8,1.01146486540142,0.998912287542553,1.02454160388573
9.8,8,1.01136719721082,0.999197333813493,1.02417003894735
10,8,1.01128404381997,0.999534592508094,1.02394993183891
10.2,8,1.0112133651898,0.999943638748078,1.02368341414312
10.4,8,1.01115302709253,1.00013755352968,1.02323500744404
10.6,8,1.01110082161966,1.00042458627586,1.02298835216041
10.8,8,1.01105448870364,1.00053387348854,1.02276389939966
11,8,1.0110117384354,1.0006158649368,1.02237919677268
11.2,8,1.01097027394668,1.00091431879378,1.02200631423522
11.4,8,1.01092781461507,1.00111233055475,1.02171010933402
11.6,8,1.01088211934163,1.00146187683372,1.02129256265001
11.8,8,1.01083100964533,1.00160525603064,1.02102989126359
12,8,1.01077239231671,1.00165031657116,1.02078656918578
12.2,8,1.01070428137379,1.00179759777401,1.02036809680943
12.4,8,1.0106248190676,1.00199913706886,1.01994798441639
12.6,8,1.01053229569215,1.00214791355032,1.0196906656907
12.8,8,1.0104251679643,1.0022052522741,1.01924542310513
13,8,1.01030207575316,1.00236076050601,1.01872793482998
13.2,8,1.01016185695517,1.00244754785435,1.01831680503304
13.4,8,1.01000356033107,1.00245058141412,1.0180111985488
13.6,8,1.00982645614335,1.00244593603921,1.01781482478579
13.8,8,1.00963004445712,1.00250330318487,1.01730222733693
14,8,1.0094140609944,1.00255581171566,1.01689286241123
14.2,8,1.00917848045966,1.00259281902893,1.01642333886432
14.4,8,1.00892351728414,1.00261133210005,1.01602183680333
14.6,8,1.00864962376649,1.00262271741281,1.01550983645231
14.8,8,1.00835748561787,1.00254582432522,1.01504896643026
15,8,1.00804801495009,1.00252948511548,1.01456231827559
15.2,8,1.00772234077517,1.00243632838306,1.01405213761064
15.4,8,1.00738179711378,1.00237257226583,1.01342028391193
15.6,8,1.00702790883757,1.00224522179235,1.01293187706302
15.8,8,1.00666237539629,1.00202889770406,1.01242685330457
16,8,1.00628705260462,1.00183381552597,1.01183092203768
16.2,8,1.00590393268525,1.00171303319801,1.01116031329901
16.4,8,1.0055151227837,1.00154177951867,1.01059120873661
16.6,8,1.00512282218715,1.00142855559068,1.00999982584554
16.8,8,1.00472929849274,1.00123392403761,1.00939021085179
17,8,1.0043368629818,1.00105270207799,1.00879604484421
17.2,8,1.003947845464,1.00091632254514,1.0081445257324
17.4,8,1.00356456886049,1.00074681119698,1.00756821703741
17.6,8,1.00318932379652,1.00058192395246,1.00691811666994
17.8,8,1.00282434347382,1.0004158822094,1.00632957339065
18,8,1.0024717790887,1.00025577470361,1.00573417222208
18.2,8,1.00213367605615,1.00014668411217,1.00510163701358
18.4,8,1.00181195129135,1.00003074883821,1.00449990597643
18.6,8,1.00150837178925,0.999933255754129,1.003869894292
18.8,8,1.00122453472966,0.999881785567336,1.00329088898589
19,8,1.00096184932044,0.999832286204778,1.0027166780197
19.2,8,1.00072152057465,0.999814908036935,1.00214307981206
19.4,8,1.00050453519887,0.999819137794696,1.00158786251136
19.6,8,1.00031164975006,0.999851046853095,1.00104446271498
19.8,8,1.00014338119706,0.99991231379924,1.00051717830881
20,8,1,1,1
20.2,8,0.999881525797446,0.999493576791687,1.00011258417953
20.4,8,0.999787725766232,0.999000609048043,1.00025055468242
20.6,8,0.999718115693389,0.998532445230833,1.00041428118045
20.8,8,0.999671963773295,0.99807155378469,1.00059454743381
21,8,0.999648297116218,0.997608868313438,1.0007936784609
21.2,8,0.999645910927129,0.997166918674622,1.00101441245239
21.4,8,0.999663380286044,0.9967676774142,1.00125653957178
21.6,8,0.999699074433554,0.99635588653433,1.0015252884338
21.8,8,0.99975117343772,0.995904584465765,1.00179521710225
22,8,0.999817687091552,0.995452614570664,1.00208242925128
22.2,8,0.999896475863994,0.995060586242483,1.00237974355588
22.4,8,0.999985273702131,0.994669783305113,1.00268887514884
22.6,8,1.00008171245849,0.994237800363225,1.00299820670305
22.8,8,1.00018334769524,0.993809215561978,1.00332235167949
23,8,1.00028768559703,0.993294171676992,1.00363706192462
23.2,8,1.00039221070685,0.992786603821642,1.00396852311972
23.4,8,1.00049441418448,0.992250101400165,1.00428033388566
23.6,8,1.00059182227587,0.991736388818094,1.00459639793961
23.8,8,1.00068202467367,0.991235646192299,1.00491155483765
24,8,1.00076270244533,0.990757718625118,1.0051998122308
24.2,8,1.00083165520496,0.990159747676841,1.0055390400296
24.4,8,1.00088682720963,0.989612156293581,1.00583261457898
24.6,8,1.00092633206931,0.989084436590228,1.0061022967253
24.8,8,1.00094847577269,0.988547762977957,1.00638048570739
25,8,1.00095177774856,0.988017855326094,1.00658485206743
25.2,8,1.00093498970396,0.987520455483956,1.00682069684595
25.4,8,1.00089711200597,0.986990084973755,1.00703778643864
25.6,8,1.00083740740296,0.986515539041621,1.00723865745937
25.8,8,1.00075541191384,0.985962388815949,1.0073322435461
26,8,1.00065094274893,0.985406943816853,1.00735356560159
26.2,8,1.00052410316335,0.984804386163294,1.00736180086227
26.4,8,1.00037528418287,0.984094980839603,1.00734987154293
26.6,8,1.00020516318226,0.983484739453048,1.00738739794008
26.8,8,1.00001469933605,0.982897744013354,1.0073569249726
27,8,0.999805126001635,0.982319294143994,1.00723130942833
27.2,8,0.999577940133269,0.981611819177129,1.00725122940993
27.4,8,0.999334888862511,0.980855446752159,1.00718282065974
27.6,8,0.999077953415272,0.980273475616511,1.00717352043922
27.8,8,0.998809330567456,0.979709476737405,1.00703259832351
28,8,0.998531411869599,0.97909397632446,1.00689868382989
28.2,8,0.998246760895563,0.978512966148717,1.00673731203089
28.4,8,0.997958088790989,0.977904548445396,1.00659049993048
28.6,8,0.99766822841356,0.977274917322048,1.00643336281554
28.8,8,0.997380107369022,0.976673674152767,1.00634030835282
29,8,0.997096720254439,0.976000994947819,1.00609841362124
29.2,8,0.996821100423216,0.975401850769699,1.00586162452826
29.4,8,0.996556291585262,0.975030059431895,1.00566290516777
29.6,8,0.996305319550416,0.974703750989323,1.00540570758559
29.8,8,0.996071164414218,0.974425760487806,1.00511062224793
30,8,0.995856733472577,0.974190956250267,1.00494356763144
30.2,8,0.995664835136224,0.973892167143602,1.00457929786502
30.4,8,0.995498154097454,0.973473584545416,1.00441178578105
30.6,8,0.995359227980889,0.973097665797967,1.00435455493067
30.8,8,0.995250425687324,0.972766774978831,1.00428578666765
31,8,0.995173927615489,0.972483083852716,1.00417008932727
31.2,8,0.995131707921225,0.972245668171035,1.00416805198297
31.4,8,0.995125518947391,0.972007669974538,1.00429686782632
31.6,8,0.995156877931325,0.97177045607009,1.0044827212837
31.8,8,0.99522705607001,0.971895273873665,1.00463539822786
32,8,0.995337069996652,0.972118397420427,1.00493638589488
32.2,8,0.995487675696385,0.972396188501253,1.00508534399477
32.4,8,0.995679364863553,0.972727356667808,1.00545161857261
32.6,8,0.995912363678575,0.973106890449096,1.00574526940969
32.8,8,0.996186633959109,0.973541875322641,1.00612471404854
33,8,0.996501876618136,0.974131397165838,1.00654991510673
33.2,8,0.996857537340834,0.974415715348471,1.00702231046765
33.4,8,0.997252814372877,0.974927476846866,1.00770927365791
33.6,8,0.997686668295134,0.97529892545121,1.00832533319255
33.8,8,0.99815783364372,0.975838838980529,1.00901849100015
34,8,0.998664832220144,0.976444879676176,1.00981980419497
34.2,8,0.999205987923842,0.977281896692549,1.01067172036682
34.4,8,0.999779442928886,0.977805604724404,1.0114668324863
34.6,8,1.00038317501804,0.978431540354795,1.01224926311256
34.8,8,1.00101501588076,0.979166812114884,1.01308068783457
35,8,1.00167267017713,0.979916986852381,1.01402780684911
35.2,8,1.00235373516719,0.980643552301694,1.01481943950216
35.4,8,1.00305572070478,0.981520379342934,1.01580031480868
35.6,8,1.00377606939633,0.982057466242776,1.01674607890382
35.8,8,1.00451217672898,0.983061792071907,1.01769365006504
36,8,1.00526141097776,0.984119399610153,1.01871650056515
36.2,8,1.00602113270933,0.984758021639828,1.01977316061925
36.4,8,1.00678871370882,0.985175408156424,1.0207831074983
36.6,8,1.00756155516787,0.985891834456702,1.0217894429636
36.8,8,1.00833710498405,0.986834227055581,1.02276239190656
37,8,1.0091128740365,0.987488908974321,1.02376306126121
37.2,8,1.00988645131751,0.988292113451522,1.02476034627196
37.4,8,1.01065551781624,0.989101692820267,1.02578342215109
37.6,8,1.01141785906802,0.989811895226657,1.02680156223412
37.8,8,1.01217137630012,0.990505061862163,1.02796755110364
38,8,1.01291409612312,0.99117992287969,1.02894880779983
38.2,8,1.0136441787349,0.991835364389493,1.02991930172844
38.4,8,1.01435992462228,0.99250231679626,1.03104129686421
38.6,8,1.01505977976261,0.993165292700017,1.03213921522986
38.8,8,1.0157423393447,0.99385877682718,1.03320019036357
39,8,1.01640635004382,0.994539299030848,1.03418152572377
39.2,8,1.01705071090094,0.994931474652197,1.03504763067263
39.4,8,1.01767447286923,0.995300798394161,1.03588398772235
39.6,8,1.0182768371035,0.995763427094164,1.03673871342517
39.8,8,1.0188571520782,0.996160253355224,1.03747374552267
40,8,1.0194149096291,0.996650967422007,1.03822131616579
0,9,1.03844212279415,1.02026938246243,1.06388618989822
0.2,9,1.03801312506982,1.02005132772164,1.06329127450723
0.4,9,1.03756345202042,1.0197926733466,1.06264382086679
0.6,9,1.03709318617349,1.01953553409866,1.0618982438992
0.8,9,1.036602519203,1.01920916611568,1.06124086270325
1,9,1.03609175708971,1.01889539373074,1.06061884203222
1.2,9,1.03556132451562,1.01857374037317,1.05996706026625
1.4,9,1.03501176839249,1.0181973654423,1.05928570620985
1.6,9,1.03444376042931,1.01774222225014,1.05862896285398
1.8,9,1.03385809865066,1.017337443011,1.05796269979419
2,9,1.0332557077864,1.01688963734404,1.05723474042142
2.2,9,1.03263763846323,1.01657051495997,1.05644186080694
2.4,9,1.03200506514061,1.0161302327795,1.05563113640766
2.6,9,1.03135928274681,1.01560168090743,1.05492938953573
2.8,9,1.03070170198526,1.01500405505031,1.05423954532714
3,9,1.03003384329712,1.01443343651606,1.05331861526028
3.2,9,1.02935732948292,1.01403644745109,1.05238139236326
3.4,9,1.02867387700267,1.01364395669724,1.05126349441594
3.6,9,1.02798528599236,1.01302269455237,1.05038933083911
3.8,9,1.02729342905203,1.01249607120061,1.04943327170902
4,9,1.02660023887852,1.01202575540193,1.04844484891383
4.2,9,1.0259076948334,1.01170885907474,1.04773101619467
4.4,9,1.02521780855315,1.01138856730047,1.04687342781179
4.6,9,1.02453260872437,1.01093226200561,1.04593371183364
4.8,9,1.02385412516143,1.01016542688179,1.04498998928822
5,9,1.02318437233689,1.0096911934362,1.04404433557666
5.2,9,1.02252533252672,1.00937979312588,1.04309883465446
5.4,9,1.02187893874174,1.00894467665014,1.0421681883944
5.6,9,1.02124705762464,1.00838154224094,1.04132441013912
5.8,9,1.02063147249722,1.00789397535105,1.04048908938727
6,9,1.02003386674603,1.0074384189224,1.03966389591015
6.2,9,1.01945580773557,1.00704521983571,1.03878299467764
6.4,9,1.01889873143711,1.00656860049285,1.0379539320769
6.6,9,1.01836392795748,1.00622645464681,1.03684782677346
6.8,9,1.0178525281465,1.00577919049098,1.03567553509758
7,9,1.01736549145365,1.00555348482411,1.03456290767895
7.2,9,1.0169035951943,1.00525079690817,1.03388223587262
7.4,9,1.01646742537367,1.00499948777651,1.03289178086457
7.6,9,1.01605736920231,1.00473287664435,1.03203558795705
7.8,9,1.01567360942111,1.00447610979915,1.03134579751063
8,9,1.01531612053592,1.00431766773807,1.03062429738252
8.2,9,1.01498466704283,1.00410379108037,1.02985410087325
8.4,9,1.01467880370487,1.00405431275948,1.02925223455265
8.6,9,1.01439787791893,1.00386569371023,1.02875085624192
8.8,9,1.01414103418976,1.00368320198164,1.02821504469107
9,9,1.01390722070436,1.00359993407595,1.02766356345469
9.2,9,1.01369519797677,1.00351714673342,1.02715915004988
9.4,9,1.01350354950955,1.00354380429237,1.02687349341369
9.6,9,1.01333069439437,1.0035324559373,1.02659176819573
9.8,9,1.01317490175105,1.00350130838975,1.02623295153457
10,9,1.01303430688145,1.00357123161666,1.02587799896792
10.2,9,1.0129069289929,1.00362212762134,1.02534400120671
10.4,9,1.01279069032517,1.00362078393211,1.02479087939405
10.6,9,1.01268343649562,1.00361567865199,1.02447809965087
10.8,9,1.01258295785997,1.00360447097273,1.02426403452109
11,9,1.01248701167035,1.00354043007446,1.02396103272815
11.2,9,1.01239334479924,1.00365206894026,1.02362394139958
11.4,9,1.01229971678722,1.00375771516385,1.02332887395066
11.6,9,1.01220392296432,1.00378277918133,1.02309704518701
11.8,9,1.01210381738995,1.00378659869279,1.02283005234201
12,9,1.01199733535407,1.00386723694772,1.0225628845737
12.2,9,1.01188251518376,1.00394382045581,1.02235051205636
12.4,9,1.01175751910359,1.0039992542238,1.02200531899278
12.6,9,1.01162065290586,1.00406320894775,1.02178985770884
12.8,9,1.01147038419799,1.00412156760987,1.02153489592291
13,9,1.01130535900801,1.00414064007819,1.02122222395843
13.2,9,1.01112441654652,1.00408586338306,1.02088599184956
13.4,9,1.01092660194323,1.00405741958465,1.02033017459562
13.6,9,1.01071117679869,1.00400053759258,1.01999603383792
13.8,9,1.01047762741645,1.00394076467588,1.01951866158832
14,9,1.01022567060758,1.00386660045069,1.01900340377362
14.2,9,1.00995525698788,1.00372856734688,1.01844785782625
14.4,9,1.00966657171699,1.00366582641027,1.01786269537807
14.6,9,1.00936003265922,1.00357672269986,1.01724357418488
14.8,9,1.00903628597604,1.00338993886544,1.01661739820813
15,9,1.00869619919037,1.00325972077422,1.01599435562769
15.2,9,1.00834085179277,1.00304934181499,1.01536990825356
15.4,9,1.0079715234882,1.00287283721385,1.01475350442277
15.6,9,1.00758968020933,1.00275991809188,1.01423353018345
15.8,9,1.0071969580484,1.00255526482115,1.0135636380858
16,9,1.00679514528283,1.00240161036133,1.01282233162981
16.2,9,1.00638616269163,1.00219994313318,1.01212855722794
16.4,9,1.00597204237808,1.001986153078,1.01156254960953
16.6,9,1.00555490533068,1.00182510155475,1.01073090736696
16.8,9,1.00513693796743,1.00159787955004,1.01007951250234
17,9,1.00472036791894,1.00138570051257,1.00943789431403
17.2,9,1.00430743931365,1.00119200371087,1.00881635713063
17.4,9,1.00390038783256,1.00100694011694,1.00816660204894
17.6,9,1.00350141580269,1.00083839110539,1.00743656984623
17.8,9,1.00311266759759,1.00067761390846,1.00682249102096
18,9,1.00273620560889,1.00051712970248,1.00616562160709
18.2,9,1.00237398704671,1.00034558428404,1.00549029446622
18.4,9,1.00202784181798,1.00021167894114,1.00489842417007
18.6,9,1.00169945172017,1.00011386355506,1.0043018031921
18.8,9,1.00139033117505,1.00003624911876,1.00364593401206
19,9,1.00110180971156,0.999974590110321,1.00302378954808
19.2,9,1.00083501638983,0.999930718302993,1.0024021648163
19.4,9,1.00059086633981,0.999910274727136,1.0017860190506
19.6,9,1.00037004956751,0.99991480345878,1.00119176531013
19.8,9,1.00017302216034,0.999944849766477,1.00059226339509
20,9,1,1,1
20.2,9,0.999850955067606,0.999419153505416,1.00007951744124
20.4,9,0.999725614400567,0.998842917617736,1.00018504984141
20.6,9,0.999623461734912,0.998288126661862,1.00031044030479
20.8,9,0.999543741840337,0.997751988891087,1.00045934371383
21,9,0.999485467528065,0.99720230478307,1.00063785685708
21.2,9,0.999447429284204,0.996654359905175,1.00082919569908
21.4,9,0.999428207453622,0.996104359135451,1.00104797884616
21.6,9,0.999426186871771,0.995569445501357,1.00126095556705
21.8,9,0.999439573814547,0.995006414199928,1.00150948273779
22,9,0.999466415109488,0.994464624465495,1.00177991572768
22.2,9,0.99950461922566,0.99394862869028,1.00208412411036
22.4,9,0.9995519791348,0.993450413788114,1.0023699996516
22.6,9,0.999606196712985,0.992918130915218,1.0026369245758
22.8,9,0.999664908430694,0.99234439922358,1.00292337381945
23,9,0.999725712059911,0.991761106863027,1.00324613565169
23.2,9,0.999786194110345,0.991176694798116,1.00353866570744
23.4,9,0.999843957693216,0.990600065370841,1.00383513429184
23.6,9,0.999896650500707,0.990035565542363,1.00410104836687
23.8,9,0.999941992582517,0.989385593543452,1.00437693899279
24,9,0.99997780359811,0.988786303713224,1.00462306401493
24.2,9,1.00000202922456,0.988160228064322,1.00488185582155
24.4,9,1.00001276640548,0.987535489172563,1.0050943445052
24.6,9,1.00000828713638,0.986929846956604,1.00529397801781
24.8,9,0.999987060496183,0.986272775497607,1.00545104428754
25,9,0.99994777265302,0.985510299506883,1.00557631267368
25.2,9,0.999889344595188,0.984706943582862,1.0056926715109
25.4,9,0.999810947364602,0.984001416913672,1.005848833502
25.6,9,0.999712014600012,0.983169915182902,1.00596330906821
25.8,9,0.999592252230353,0.982477569590974,1.00603854394212
26,9,0.999451645194144,0.981763823501676,1.00608301004871
26.2,9,0.999290461098494,0.981019830513609,1.00608710081054
26.4,9,0.999109250770204,0.980382224895144,1.00605272675077
26.6,9,0.998908845691219,0.979782503107197,1.00596307439901
26.8,9,0.998690352350384,0.979056048420214,1.00585846051403
27,9,0.998455143582684,0.978476431416286,1.00576376589449
27.2,9,0.99820484700499,0.977857206204852,1.00566412279012
27.4,9,0.997941330693362,0.977214354734514,1.00554011921761
27.6,9,0.997666686280463,0.976604014846957,1.00539519591468
27.8,9,0.997383209682208,0.97584815869364,1.00520080000882
28,9,0.997093379689818,0.975182010148846,1.00503438103155
28.2,9,0.996799834686795,0.974628438401907,1.00479428954844
28.4,9,0.996505347769492,0.973967907323149,1.00464926351068
28.6,9,0.996212800564912,0.973350301643403,1.00451203658952
28.8,9,0.995925156049907,0.972773578600283,1.00429913928267
29,9,0.995645430682122,0.97223652414477,1.00414377791254
29.2,9,0.995376666154893,0.971745102272465,1.0039573739531
29.4,9,0.995121901085994,0.971361017058828,1.00379870135525
29.6,9,0.994884142943904,0.971048625904785,1.00370204891494
29.8,9,0.994666340505335,0.970857011446916,1.00351405877021
30,9,0.994471357124543,0.970682083702394,1.00332451463985
30.2,9,0.994301945078697,0.97056105204366,1.00315704288751
30.4,9,0.994160721234769,0.97012225439657,1.00306282010194
30.6,9,0.994050144262385,0.970068684574305,1.00304847423974
30.8,9,0.99397249359425,0.970073296056304,1.00310392923855
31,9,0.99392985031153,0.970071112443695,1.00322981989128
31.2,9,0.993924080106321,0.970130774334131,1.0033676871489
31.4,9,0.993956818447384,0.97040910690723,1.00348763789586
31.6,9,0.99402945804908,0.97045302655879,1.00370226017912
31.8,9,0.99414313871713,0.970527331480172,1.00399447406825
32,9,0.994298739618756,0.970714331456637,1.00428815027878
32.2,9,0.994496873999235,0.971190350182862,1.00463161631311
32.4,9,0.994737886341998,0.971563320333892,1.00498908314253
32.6,9,0.995021851945486,0.972025973640957,1.00538577011712
32.8,9,0.995348578867087,0.972452306796091,1.00582958085535
33,9,0.995717612162768,0.973116103341458,1.00636258815568
33.2,9,0.996128240330727,0.973542814133838,1.00692049415561
33.4,9,0.996579503848451,0.973984743117614,1.00751623367154
33.6,9,0.997070205675248,0.974631945431833,1.00815349236205
33.8,9,0.997598923576592,0.975363841765653,1.0088310745035
34,9,0.99816402411265,0.976073104840879,1.00954995939555
34.2,9,0.998763678121108,0.976741050184555,1.01027565226729
34.4,9,0.999395877514106,0.977471318147525,1.01116790095953
34.6,9,1.00005845320062,0.978131401249994,1.01210921484197
34.8,9,1.00074909393919,0.978822350343756,1.01287615765895
35,9,1.00146536592137,0.979696852976354,1.01378217099326
35.2,9,1.00220473288395,0.980589869004277,1.01475739879261
35.4,9,1.00296457654758,0.981460991664538,1.01567952479054
35.6,9,1.00374221718108,0.982007376154998,1.01660409667136
35.8,9,1.00453493409453,0.983031990765215,1.01754757781723
36,9,1.00533998587005,0.984009055073375,1.0183880309282
36.2,9,1.00615463014662,0.984607992719371,1.01956386481524
36.4,9,1.00697614278505,0.985081440340204,1.02073953706339
36.6,9,1.00780183625045,0.98595678687957,1.02176115471237
36.8,9,1.00862907706231,0.98714548150648,1.02292257157609
37,9,1.00945530217674,0.987979444285467,1.02397479909987
37.2,9,1.01027803418095,0.988935851625354,1.02513974510746
37.4,9,1.0110948951966,0.989733433607015,1.02605305289483
37.6,9,1.01190361940613,0.990683089817955,1.02703845103766
37.8,9,1.01270206413414,0.991422134166847,1.02811807815927
38,9,1.01348821943425,0.992146708458727,1.02931348689948
38.2,9,1.01426021615009,0.99317257835755,1.03043580188314
38.4,9,1.01501633243743,0.994113626262756,1.03171696892852
38.6,9,1.01575499875201,0.994863251213695,1.03298391929662
38.8,9,1.01647480132484,0.995525289128548,1.03409477376539
39,9,1.01717448416255,0.995979655009945,1.03489627198184
39.2,9,1.01785294962573,0.996420748035907,1.03585930008524
39.4,9,1.01850925765164,0.997145475430048,1.03708261629794
39.6,9,1.01914262369982,0.997715270420333,1.03791037686443
39.8,9,1.01975241551,0.998215022390585,1.0388267340328
40,9,1.02033814877039,0.998610320528848,1.03978189057667
0,10,1.0365584279947,1.01872935100034,1.05610239418796
0.2,10,1.0361367725454,1.01850387109077,1.05558188037748
0.4,10,1.03569487144539,1.01831652652137,1.05503803561007
0.6,10,1.03523281745822,1.01806458866355,1.05446023435779
0.8,10,1.03475081151318,1.01777954742082,1.05386556936116
1,10,1.03424916777949,1.01742162766174,1.05322483045651
1.2,10,1.03372831798014,1.01706210434665,1.05251318398055
1.4,10,1.03318881484656,1.01671190971283,1.05177835047065
1.6,10,1.03263133462,1.01629825097492,1.05106032540736
1.8,10,1.03205667851269,1.01586483258664,1.05016604343454
2,10,1.03146577304998,1.01542399172653,1.04931651787497
2.2,10,1.03085966922495,1.01502470254372,1.0482764557658
2.4,10,1.03023954040864,1.01454359669172,1.04754597627463
2.6,10,1.02960667897218,1.01420438518093,1.04662813479958
2.8,10,1.02896249159158,1.01369135764665,1.04565993876366
3,10,1.02830849322124,1.01328882270947,1.04481867842757
3.2,10,1.0276462997391,1.01293859383938,1.04386753798513
3.4,10,1.0269776192829,1.01257519507296,1.0431362576763
3.6,10,1.02630424231517,1.01206827959478,1.04227542189836
3.8,10,1.02562803047154,1.01154997626667,1.04124469527194
4,10,1.02495090426526,1.01095218674099,1.04035559491451
4.2,10,1.02427482973732,1.0103649537174,1.03935366590673
4.4,10,1.02360180415852,1.00980886556226,1.03849940662612
4.6,10,1.02293384090524,1.00932107587363,1.03788389194154
4.8,10,1.02227295364501,1.00882896833986,1.03726857893482
5,10,1.02162113998115,1.00840032256431,1.03661942420133
5.2,10,1.02098036471699,1.00794722940579,1.03587054634804
5.4,10,1.02035254290976,1.00752796608779,1.03508682657705
5.6,10,1.01973952289199,1.00710938964064,1.0342488436843
5.8,10,1.01914306944365,1.00669214250699,1.03337440250542
6,10,1.01856484730169,1.00622185781392,1.03266009403877
6.2,10,1.01800640519477,1.00581258512263,1.03161711194026
6.4,10,1.01746916058972,1.00542674966337,1.03105601435316
6.6,10,1.01695438533289,1.00519876753223,1.0305216952198
6.8,10,1.01646319236378,1.00497827559485,1.02987638828225
7,10,1.01599652367038,1.00477381239663,1.02925224994125
7.2,10,1.01555513964572,1.00443279772758,1.02870352749423
7.4,10,1.01513960999265,1.00408573591288,1.02804305697692
7.6,10,1.01475030631031,1.0037421053967,1.02740425513614
7.8,10,1.01438739647935,1.00353742908631,1.02693253272454
8,10,1.01405084094595,1.00333518651477,1.02632523459508
8.2,10,1.0137403909853,1.00315391166802,1.02592421983486
8.4,10,1.01345558900526,1.00309066837224,1.02564536929563
8.6,10,1.01319577092921,1.00296978846951,1.02542860915983
8.8,10,1.0129600706752,1.00274623106259,1.02512470808705
9,10,1.01274742672518,1.00264203939905,1.02460262034529
9.2,10,1.01255659075495,1.00261228496082,1.02433700750965
9.4,10,1.01238613827187,1.00263657230997,1.02407055857462
9.6,10,1.01223448118366,1.00256015256957,1.02383259336934
9.8,10,1.01209988219865,1.00246654086945,1.02360173553166
10,10,1.01198047093491,1.00239909818658,1.02334746027371
10.2,10,1.01187426159434,1.00241766705874,1.02310842302547
10.4,10,1.01177917203678,1.00245607390914,1.02288012602601
10.6,10,1.0116930440703,1.00253134166906,1.02273094165099
10.8,10,1.01161366475626,1.0025137099429,1.02251719722287
11,10,1.0115387885123,1.00251458246829,1.02228138574808
11.2,10,1.0114661597832,1.00255927817249,1.02200631423522
11.4,10,1.01139353603866,1.00259498635411,1.02177848704702
11.6,10,1.01131871084931,1.00259722527856,1.02146433383503
11.8,10,1.01123953678675,1.00259847647109,1.02113170328795
12,10,1.01115394789162,1.00253271696881,1.02083269090563
12.2,10,1.01105998145454,1.00259366405246,1.02051054540475
12.4,10,1.01095579885928,1.00263108225676,1.02022072336318
12.6,10,1.01083970524472,1.00264437539871,1.01990504443739
12.8,10,1.01071016775337,1.0026296796441,1.01956234716958
13,10,1.01056583214766,1.00262536288986,1.019199648748
13.2,10,1.01040553759243,1.00266557621096,1.01879269575672
13.4,10,1.01022832942158,1.00266054547377,1.01834236078659
13.6,10,1.01003346972915,1.00267319611301,1.01790895443997
13.8,10,1.00982044564958,1.00270720847665,1.0174848704227
14,10,1.00958897521842,1.00269827329691,1.01703218303125
14.2,10,1.00933901073268,1.00262256698186,1.01668216902217
14.4,10,1.00907073955931,1.00250675803826,1.01624120686777
14.6,10,1.00878458237012,1.00234487724886,1.01567969570402
14.8,10,1.00848118881191,1.00224584602082,1.01522826031234
15,10,1.00816143065039,1.00213210789302,1.01474237463606
15.2,10,1.00782639245656,1.00201769209347,1.01419017903415
15.4,10,1.00747735993241,1.00189552061937,1.01368218163344
15.6,10,1.00711580600054,1.00175311747669,1.01313860510843
15.8,10,1.00674337480779,1.00163712384434,1.0125726226687
16,10,1.00636186381658,1.001517591872,1.01201166915286
16.2,10,1.00597320417939,1.00136309176969,1.01150993820642
16.4,10,1.00557943961024,1.00121942969962,1.01091206255821
16.6,10,1.00518270398378,1.00100724761578,1.010298683806
16.8,10,1.00478519790566,1.00083282393963,1.00971153296142
17,10,1.00438916450858,1.00071717249446,1.00902541898898
17.2,10,1.00399686473596,1.00056134700538,1.00835953866077
17.4,10,1.00361055238001,1.00038391489014,1.00770366683236
17.6,10,1.00323244914253,1.00025010577451,1.00707581960396
17.8,10,1.00286471998615,1.00015258032539,1.00644236752455
18,10,1.00250944903975,1.0000777371953,1.00586218695701
18.2,10,1.0021686163156,0.999988760310024,1.0052538530353
18.4,10,1.00184407548735,0.999886555555616,1.00466541320898
18.6,10,1.00153753296658,0.999822718157624,1.00404387634732
18.8,10,1.00125052850285,0.999780349518282,1.00345170412229
19,10,1.00098441751712,0.999747531187616,1.00286880528839
19.2,10,1.00074035536131,0.999743973499971,1.00226833780505
19.4,10,1.00051928367841,0.999768798285693,1.00168623097907
19.6,10,1.00032191901738,0.999818297554637,1.00112073808472
19.8,10,1.00014874383578,0.999897473818041,1.0005574823058
20,10,1,1,1
20.2,10,0.999875684869585,0.999452820152954,1.00012868014384
20.4,10,0.999775550026929,0.998912761191406,1.0002804680172
20.6,10,0.999699102688167,0.99837788752113,1.00044398344435
20.8,10,0.999645609804552,0.997849397341752,1.00062481961454
21,10,0.999614104836708,0.99732108754653,1.0008354346083
21.2,10,0.999603397156757,0.996796807295541,1.0010677955521
21.4,10,0.999612084005723,0.996268116370101,1.00130776081353
21.6,10,0.999638564906116,0.99575458160229,1.00155520939587
21.8,10,0.999681058402229,0.995255815080443,1.00183201806859
22,10,0.999737620973919,0.994756146457981,1.00211770822928
22.2,10,0.999806167943638,0.994234793358726,1.0024330982143
22.4,10,0.999884496171644,0.993725781989802,1.0027320063273
22.6,10,0.99997030831091,0.993175308793838,1.00305964593632
22.8,10,1.00006123837169,0.992649920881895,1.0034044788061
23,10,1.00015487832637,0.992154080037395,1.00375385970632
23.2,10,1.00024880546837,0.991589667000482,1.00406862907874
23.4,10,1.00034061022504,0.991160118423399,1.00441734387655
23.6,10,1.0004279241139,0.990695986799316,1.0047713386974
23.8,10,1.00050844752454,0.990209555312229,1.0050700258483
24,10,1.00057997700535,0.989710493555525,1.00540760807948
24.2,10,1.00064043173525,0.989127102867866,1.00577389111171
24.4,10,1.00068787886574,0.988617739094659,1.00605001873899
24.6,10,1.00072055742815,0.988195302006928,1.00629228914147
24.8,10,1.00073690051486,0.987727787810925,1.00648584147535
25,10,1.00073555546151,0.987119339692551,1.0066888659977
25.2,10,1.00071540177933,0.986433235323533,1.00694749273926
25.4,10,1.00067556661297,0.98562319709402,1.00712014557765
25.6,10,1.00061543752899,0.984841465049064,1.00728150853252
25.8,10,1.00053467247262,0.9841176270874,1.00742336077596
26,10,1.00043320676612,0.983345512033243,1.0075859908241
26.2,10,1.00031125705914,0.98254820819275,1.00766532150542
26.4,10,1.00016932218053,0.981788262827915,1.00770153599626
26.6,10,1.00000818088064,0.981071581546834,1.00772043924544
26.8,10,0.999828886492731,0.98044878312858,1.00778053871545
27,10,0.999632758581447,0.979975931933121,1.00775863854875
27.2,10,0.99942137168417,0.979504461536467,1.00769170723243
27.4,10,0.999196541287257,0.978926358156757,1.00772194593993
27.6,10,0.99896030721277,0.978361454920397,1.00762266554823
27.8,10,0.998714914622125,0.977713061081121,1.00752148753427
28,10,0.998462792870411,0.977248115803638,1.00753893946936
28.2,10,0.998206532468669,0.977033800469502,1.00747008566186
28.4,10,0.997948860430982,0.976617503199911,1.00736651283813
28.6,10,0.997692614298436,0.976272770409885,1.0072521924498
28.8,10,0.997440715142925,0.976014783144097,1.00714101176141
29,10,0.997196139860262,0.975773233648476,1.00711504357371
29.2,10,0.996961893064279,0.975421606719652,1.00699285075446
29.4,10,0.996740978891571,0.975289860913047,1.00681390244461
29.6,10,0.996536373020668,0.975148822715579,1.00685424782891
29.8,10,0.99635099519974,0.975172199904036,1.00701094472065
30,10,0.996187682563992,0.975139091970415,1.00712395359155
30.2,10,0.996049164007901,0.975047573813899,1.00718474333607
30.4,10,0.995938035858809,0.975015473133276,1.00732801332864
30.6,10,0.995856739077564,0.97509783326774,1.00755053934098
30.8,10,0.995807538189156,0.974992779514028,1.00780426879865
31,10,0.995792502122231,0.97541907622296,1.00818806533776
31.2,10,0.995813487111098,0.975549072579097,1.00851783142544
31.4,10,0.995872121788004,0.975592413633547,1.008598494054
31.6,10,0.995969794567159,0.975651662111404,1.00884161819124
31.8,10,0.996107643395687,0.975948342340348,1.00908384860324
32,10,0.996286547920577,0.976185846984659,1.00922001154412
32.2,10,0.99650712409509,0.976240097212064,1.00928882791856
32.4,10,0.996769721223138,0.976427679668574,1.00974267825317
32.6,10,0.997074421416136,0.976898981969944,1.01018859648166
32.8,10,0.997421041413795,0.977737016550946,1.01068819334504
33,10,0.997809136698607,0.978395466625163,1.01149414713377
33.2,10,0.998238007813272,0.979284182322114,1.01209283130178
33.4,10,0.99870670877136,0.980038019410142,1.01267497364503
33.6,10,0.999214057434026,0.980688255586669,1.01354803193578
33.8,10,0.999758647709817,0.981453091524919,1.01474219724464
34,10,1.00033886342049,0.982345098259219,1.0154014525033
34.2,10,1.00095289366349,0.983203639395046,1.0163889693819
34.4,10,1.00159874949133,0.984071104248915,1.01769775347764
34.6,10,1.00227428171952,0.9849301166359,1.01871057835568
34.8,10,1.00297719966833,0.985711650770834,1.0197346528379
35,10,1.00370509063893,0.987147948791875,1.02065880127792
35.2,10,1.00445543992231,0.988084865612037,1.02161447791049
35.4,10,1.00522565113852,0.988965743257668,1.02258617922458
35.6,10,1.00601306670604,0.989885024789242,1.02357143593134
35.8,10,1.0068149882442,0.990707991420904,1.02464250296647
36,10,1.00762869671775,0.991609288024353,1.02553204031897
36.2,10,1.00845147214011,0.992554671345556,1.0264223074242
36.4,10,1.00928061266142,0.993307832379418,1.02735828653774
36.6,10,1.01011345287882,0.994055636224999,1.02860353354139
36.8,10,1.01094738121908,0.994606634002418,1.03007125709116
37,10,1.0117798562583,0.995238349375132,1.03130570193457
37.2,10,1.01260842185864,0.995799579317374,1.03244513535877
37.4,10,1.01343072101885,0.996424511442278,1.0336049775543
37.6,10,1.01424450835265,0.996864034223812,1.0347464279665
37.8,10,1.01504766112704,0.997391395550764,1.03567727249144
38,10,1.01583818881091,0.998222488767473,1.03688627170407
38.2,10,1.01661424110252,0.999040494646197,1.03803557251364
38.4,10,1.01737411442293,0.999786896585794,1.03922569542166
38.6,10,1.01811625687962,1.00050607036998,1.04006166593923
38.8,10,1.01883927172206,1.00119737825944,1.04087650796768
39,10,1.01954191932678,1.00180821236159,1.04175019878889
39.2,10,1.0202231177645,1.00249308120329,1.04267194399437
39.4,10,1.02088194201558,1.00300462689731,1.04362227153642
39.6,10,1.02151762191224,1.00340663069355,1.0445346988227
39.8,10,1.02212953889651,1.00378735952623,1.0454131508947
40,10,1.02271722169202,1.00417222378086,1.04633662412258
0,11,1.03362414802926,1.01332097438659,1.05128662608581
0.2,11,1.033209260148,1.01312165502892,1.05078729075513
0.4,11,1.03277455042555,1.01285791821413,1.0502204967374
0.6,11,1.03232012467844,1.01253369986988,1.0495655132217
0.8,11,1.03184619616861,1.01221543684452,1.0490682686991
1,11,1.03135309058715,1.01205961208469,1.04855187774681
1.2,11,1.03084125028094,1.01187083305888,1.04791769098639
1.4,11,1.03031123762427,1.01149865319864,1.04723950136465
1.6,11,1.02976373744267,1.01110982436428,1.0465784711615
1.8,11,1.0291995584029,1.01085199038859,1.0458763645253
2,11,1.02861963329141,1.01057827006118,1.04513842083369
2.2,11,1.02802501811384,1.010252143964,1.04428673268277
2.4,11,1.02741688995947,1.00985137618468,1.04352299965389
2.6,11,1.02679654358784,1.00939585248184,1.04265206792376
2.8,11,1.02616538670896,1.00906311073117,1.04191930148243
3,11,1.02552493394385,1.00867142755681,1.04102249590737
3.2,11,1.02487679946863,1.00830622018122,1.04019328979928
3.4,11,1.02422268836226,1.00783750751974,1.03939295574885
3.6,11,1.02356438669528,1.00743521636877,1.03842338998823
3.8,11,1.02290375041466,1.00701729363053,1.03755007366134
4,11,1.02224269309705,1.00666771843402,1.03670851607411
4.2,11,1.02158317265988,1.00625580823133,1.03592916330831
4.4,11,1.02092717713592,1.005892183593,1.03502087125794
4.6,11,1.02027670963262,1.00543299795521,1.0342853160234
4.8,11,1.01963377261152,1.00488200854816,1.03371161790056
5,11,1.01900035163607,1.00426615890304,1.03290326684246
5.2,11,1.01837839874746,1.00376351298621,1.03208117065481
5.4,11,1.01776981563729,1.00315007253646,1.03146877991891
5.6,11,1.01717643679395,1.00266502484119,1.03086067892581
5.8,11,1.01660001280445,1.00228808917589,1.03024923891054
6,11,1.01604219399717,1.00190211071279,1.02963006829181
6.2,11,1.015504514612,1.00157483233502,1.02917415735008
6.4,11,1.01498837768297,1.00126928481651,1.02854821236301
6.6,11,1.0144950408153,1.0009119629896,1.02785443943053
6.8,11,1.01402560303284,1.00057577913799,1.02728475628898
7,11,1.01358099286421,1.00021087647981,1.02679409539115
7.2,11,1.01316195782579,0.999810826807572,1.02624982370015
7.4,11,1.01276905544762,0.999485054556533,1.02579106110264
7.6,11,1.0124026459746,0.9991780204178,1.02539714026661
7.8,11,1.01206288685913,0.99890856403086,1.02482205560234
8,11,1.01174972914449,0.998753313026459,1.02451556776794
8.2,11,1.01146291581904,0.998564242044423,1.02409662867073
8.4,11,1.01120198220126,0.998432702768279,1.02373276707782
8.6,11,1.01096625839463,0.998465575475011,1.02333074229382
8.8,11,1.01075487382877,0.998247250572693,1.02284456923502
9,11,1.01056676388104,0.998208244584833,1.0224685615808
9.2,11,1.01040067854901,0.998250983277568,1.02218227653895
9.4,11,1.01025519312109,0.998169146732861,1.02196697472091
9.6,11,1.01012872076925,0.998120649213635,1.02170649358915
9.8,11,1.01001952696432,0.998198791641302,1.02149486510394
10,11,1.00992574559234,0.998233756216583,1.02129461908743
10.2,11,1.00984539662832,0.998412034095553,1.02105238181804
10.4,11,1.0097764052037,0.998582236526466,1.02087200141966
10.6,11,1.00971662188431,0.998689187014428,1.02067753739515
10.8,11,1.00966384395851,0.998747954350593,1.02046579792317
11,11,1.0096158375197,0.99885159166185,1.02028185385736
11.2,11,1.00957036011404,0.998932120154355,1.02008497539957
11.4,11,1.00952518371368,0.998945949849832,1.01983985717412
11.6,11,1.00947811776767,0.99895895379611,1.01960587668013
11.8,11,1.00942703207741,0.999071135345266,1.01939818803599
12,11,1.00936987924154,0.999205230321167,1.01921247396719
12.2,11,1.00930471641585,0.999181455854127,1.01893772224923
12.4,11,1.00922972613843,0.999180911964315,1.01867100513023
12.6,11,1.00914323597699,0.999219001118696,1.01841167779695
12.8,11,1.0090437367667,0.999364973071091,1.01814191575695
13,11,1.00892989921977,0.999506704426511,1.01779777793922
13.2,11,1.00880058870547,0.999551752870282,1.0174297010189
13.4,11,1.00865487801808,0.99952049735144,1.017064283922
13.6,11,1.00849205797279,0.999453101708392,1.01670393329136
13.8,11,1.00831164569365,0.999524347075829,1.01625555268885
14,11,1.00811339048373,0.999609951394653,1.01582732770326
14.2,11,1.00789727719581,0.999683856372623,1.01543393690119
14.4,11,1.00766352705057,0.999690352996806,1.01497141977977
14.6,11,1.00741259587898,0.999656572932464,1.01443979804294
14.8,11,1.00714516979588,0.999679391758964,1.01389176865396
15,11,1.00686215834148,0.999668640878024,1.013379525409
15.2,11,1.00656468515692,0.999712403464941,1.0128077558387
15.4,11,1.00625407628891,0.999715139159627,1.01225419731524
15.6,11,1.00593184624528,0.999707588047166,1.01171021961076
15.8,11,1.00559968194921,0.99962484896204,1.01116190996675
16,11,1.00525942476331,0.999542155085919,1.01051273850387
16.2,11,1.00491305077644,0.999438606406567,1.00999654673035
16.4,11,1.00456264956476,0.999336800512508,1.00939328537859
16.6,11,1.00421040165507,0.999273507957285,1.00877931384003
16.8,11,1.00385855493223,0.999211935151123,1.00825983591713
17,11,1.0035094002426,0.999184285748414,1.0076692685389
17.2,11,1.00316524645416,0.999108210058706,1.00711082543785
17.4,11,1.00282839523812,0.999015520679158,1.00651413248739
17.6,11,1.00250111583958,0.998951028143103,1.00588102582595
17.8,11,1.00218562010388,0.998919481472244,1.00531169805334
18,11,1.00188403802226,0.998909507257367,1.00473028262774
18.2,11,1.00159839405434,0.998921755157302,1.00416428501358
18.4,11,1.00133058447718,0.998919264203596,1.00359967544078
18.6,11,1.00108235599984,0.998972696787803,1.00305279108165
18.8,11,1.00085528587012,0.999028701994209,1.0025705396413
19,11,1.00065076368558,0.999116983705903,1.00208322695781
19.2,11,1.00046997510455,0.999236150724308,1.00163734823662
19.4,11,1.00031388763529,0.999388791028934,1.00119582486568
19.6,11,1.00018323866149,0.99955980878083,1.00077320828065
19.8,11,1.00007852584197,0.999767231529099,1.00037339077464
20,11,1,1,1
20.2,11,0.999947660594569,0.999652140150724,1.00025660400626
20.4,11,0.999921253841621,0.999306865467255,1.00053766875423
20.6,11,0.999920273528111,0.998980450334166,1.00084879102145
20.8,11,0.999943964535747,0.998677512799754,1.00117264806339
21,11,0.999991329064694,0.998402557300555,1.00154422599427
21.2,11,1.00006113552046,0.998173505468389,1.0019200124129
21.4,11,1.00015192999979,0.997966765811848,1.00230100170466
21.6,11,1.00026205028379,0.99772175925721,1.00269063369836
21.8,11,1.00038964221948,0.997493279893069,1.0031548330794
22,11,1.00053267834339,0.997236893906498,1.00362467990083
22.2,11,1.00068897857521,0.996973549832201,1.00410432854678
22.4,11,1.00085623278355,0.996732212737473,1.00453014270083
22.6,11,1.00103202500213,0.996540246416516,1.00501897037384
22.8,11,1.00121385905241,0.996344621535018,1.00541042189116
23,11,1.00139918530809,0.99619262802665,1.00586601360456
23.2,11,1.0015854283194,0.995969146317315,1.00632613951321
23.4,11,1.0017700149996,0.995770710637287,1.00677504254416
23.6,11,1.00195040306448,0.995571063675764,1.00721124258939
23.8,11,1.00212410940718,0.995332978173314,1.00764257824936
24,11,1.00228873808581,0.995221144747373,1.00810909251042
24.2,11,1.00244200760095,0.995053568516693,1.00859330029941
24.4,11,1.00258177714379,0.994875407190697,1.00909750211282
24.6,11,1.0027060715034,0.99475810628547,1.00959299256954
24.8,11,1.00281310433436,0.994497078489492,1.010066544088
25,11,1.00290129950246,0.994294631759846,1.0104972969082
25.2,11,1.00296931024735,0.994082112109073,1.01082889971989
25.4,11,1.00301603592598,0.993838809579249,1.01116965301301
25.6,11,1.0030406361292,0.993560871433574,1.01135681472694
25.8,11,1.00304254199613,0.993364186799019,1.011565846533
26,11,1.00302146458558,0.993149370582956,1.01172543420122
26.2,11,1.00297740020073,0.992834261337128,1.01187742678997
26.4,11,1.00291063260236,0.992404852830898,1.01205895018008
26.6,11,1.00282173208545,0.99205320851145,1.01224411534837
26.8,11,1.00271155143401,0.991749811773243,1.01238309799648
27,11,1.00258121880929,0.991433509061445,1.01254699666688
27.2,11,1.00243212766459,0.991105846902015,1.01280975700774
27.4,11,1.00226592381778,0.990768226330804,1.01275543564162
27.6,11,1.00208448984702,0.9904167781197,1.0127964503579
27.8,11,1.00188992700759,0.990034700016371,1.01270257452153
28,11,1.00168453489621,0.989808100072072,1.01271230684953
28.2,11,1.00147078911479,0.989620327024383,1.01262460218826
28.4,11,1.00125131720606,0.989345733520784,1.01250304010775
28.6,11,1.0010288731508,0.989021522373449,1.01254124725086
28.8,11,1.00080631072856,0.98866397676379,1.01263960740512
29,11,1.00058655605177,0.98832218021254,1.01273479632713
29.2,11,1.00037257958665,0.988028586923808,1.01277069812006
29.4,11,1.00016736797383,0.987751929119307,1.01268757015847
29.6,11,0.999973895956263,0.987552101599974,1.01283022992728
29.8,11,0.99979509871403,0.987254737399283,1.01275054490439
30,11,0.999633844892762,0.987032188510776,1.01282883194298
30.2,11,0.999492910597556,0.986784085435601,1.01283132704549
30.4,11,0.999374954605804,0.986592024481015,1.01304166953093
30.6,11,0.999282495031947,0.986534850856145,1.01327881780871
30.8,11,0.999217887654547,0.986711010199586,1.01351411386911
31,11,0.999183306092016,0.986689206912256,1.0136860948918
31.2,11,0.999180723987993,0.986752031307615,1.01387880531495
31.4,11,0.999211899341285,0.986921819695102,1.01414692116988
31.6,11,0.999278361088709,0.987053532090145,1.01459442709462
31.8,11,0.999381398022511,0.987239165105633,1.01504111253164
32,11,0.99952205009752,0.987535872564668,1.01551202659874
32.2,11,0.999701102157154,0.987899434169543,1.01604495323687
32.4,11,0.999919080082013,0.988293018776118,1.01642826955198
32.6,11,1.00017624934033,0.988565640366807,1.01683086652452
32.8,11,1.00047261589617,0.98888151956072,1.01719032884471
33,11,1.00080792940905,0.989336994722622,1.01776533890592
33.2,11,1.00118168863801,0.989817922699402,1.01862992945914
33.4,11,1.00159314894373,0.990167813030912,1.0192706451923
33.6,11,1.00204133176477,0.990875007020857,1.02004412586949
33.8,11,1.00252503592782,0.99138374695914,1.02068546261468
34,11,1.00304285063797,0.991987832283555,1.02130418285186
34.2,11,1.00359316998229,0.992439910820912,1.02207031439197
34.4,11,1.0041742087698,0.992985526074441,1.02310371797162
34.6,11,1.00478401952233,0.993698138089991,1.02381170169151
34.8,11,1.00542051042421,0.994259538438184,1.02471875767947
35,11,1.00608146403452,0.994848274424959,1.02546922381606
35.2,11,1.00676455656273,0.995290932478693,1.02642226354082
35.4,11,1.0074673775089,0.995810628856886,1.02710705927835
35.6,11,1.00818744947054,0.996567851205894,1.02808068043717
35.8,11,1.00892224792262,0.997096740256554,1.02921234805759
36,11,1.00966922078244,0.99759349084568,1.03028796756151
36.2,11,1.01042580757897,0.998202059209817,1.03157589955863
36.4,11,1.01118945805533,0.998856321058367,1.03239318425122
36.6,11,1.01195765004462,0.999389407969546,1.03328777696077
36.8,11,1.01272790647136,0.999956733600679,1.03447115916709
37,11,1.01349781134546,1.00047790510659,1.03548206209409
37.2,11,1.01426502463013,1.00107372787297,1.03636099487707
37.4,11,1.01502729588206,1.00160396595347,1.03715132785851
37.6,11,1.01578247657854,1.00211531321521,1.03793037141664
37.8,11,1.016528531064,1.00262542199651,1.03879524198221
38,11,1.01726354606631,1.00315836717471,1.03958450054609
38.2,11,1.0179857387506,1.00359006182496,1.0404074946327
38.4,11,1.01869346329649,1.00400573324535,1.04130202600938
38.6,11,1.01938521600129,1.00446623884357,1.04199743311674
38.8,11,1.02005963892865,1.00483141929745,1.04284023724103
39,11,1.02071552213731,1.00519822802829,1.04408607039447
39.2,11,1.02135180453953,1.00554958103668,1.04501790510939
39.4,11,1.02196757345156,1.00595617621179,1.04592521733411
39.6,11,1.02256206291083,1.00622474019809,1.04680537319423
39.8,11,1.02313465084423,1.00659844459234,1.04769486472285
40,11,1.02368485518118,1.00689387608966,1.04859032100427
0,12,1.0303839038216,1.00593543402599,1.05013704199006
0.2,12,1.02997363825965,1.00579866306087,1.04961661579709
0.4,12,1.02954385971686,1.00561331607551,1.0490713959673
0.6,12,1.02909468593842,1.00543220667362,1.04861808369678
0.8,12,1.02862634189428,1.00527880642994,1.04808184357524
1,12,1.02813916471575,1.00490814455136,1.04728672568788
1.2,12,1.02763360787743,1.00452560397906,1.04664090912602
1.4,12,1.02711024452756,1.00408489862214,1.04599305440772
1.6,12,1.02656976987463,1.00337805588366,1.04545843254646
1.8,12,1.026013002545,1.00271185990532,1.04480101965314
2,12,1.02544088483454,1.00248891352114,1.04410732392671
2.2,12,1.02485448178751,1.00205880133415,1.0432711027256
2.4,12,1.02425497904729,1.00182933889885,1.04251430637708
2.6,12,1.02364367943656,1.0014288683421,1.04160786546367
2.8,12,1.02302199823897,1.00104471194237,1.04075528929113
3,12,1.02239145716916,1.00065749846953,1.03980538443042
3.2,12,1.02175367703482,1.00038010759737,1.03893033107822
3.4,12,1.02111036911074,1.00009960209595,1.03793414502096
3.6,12,1.02046332526237,0.999752876465028,1.03696240816506
3.8,12,1.01981440687366,0.9992718309833,1.03628814296225
4,12,1.01916553265128,0.998750101520564,1.03555935126984
4.2,12,1.01851866539398,0.998230557263458,1.0348397108655
4.4,12,1.01787579783241,0.997798436336387,1.03405421302755
4.6,12,1.01723893765962,0.997358626456007,1.03331987761045
4.8,12,1.01661009188679,0.996944052634852,1.03277411330179
5,12,1.01599125067151,0.996409254561316,1.03210560900386
5.2,12,1.01538437077695,0.995684019923598,1.03145918478938
5.4,12,1.0147913588296,0.994997132357807,1.03081426659257
5.6,12,1.014214054551,0.994394572346359,1.03013641107983
5.8,12,1.01365421414381,0.993966315301557,1.02941369236641
6,12,1.01311349401626,0.993645255201461,1.02871249215612
6.2,12,1.01259343502983,0.993491771839325,1.02805497952011
6.4,12,1.0120954474538,0.993244305261857,1.02731679380867
6.6,12,1.01162079680712,0.992755461905383,1.02675464340435
6.8,12,1.011170590762,0.992412757483394,1.0262482786053
7,12,1.01074576727618,0.992280725667941,1.02585612792061
7.2,12,1.01034708411073,0.992303221540017,1.02547927258643
7.4,12,1.00997510987812,0.992074587754499,1.02508180452868
7.6,12,1.00963021675197,0.991939027444084,1.02460890238809
7.8,12,1.00931257495364,0.991653115284985,1.02417392203305
8,12,1.0090221491142,0.991524587869486,1.02379952517261
8.2,12,1.00875869659139,0.991493362884793,1.02344550431708
8.4,12,1.00852176780118,0.991574587589102,1.02299705193336
8.6,12,1.00831070860279,0.991595526606535,1.02247430969671
8.8,12,1.00812466475399,0.991549912856414,1.02216615397416
9,12,1.00796258843089,0.991502970620072,1.02167553915779
9.2,12,1.00782324678366,0.991500515284841,1.02134118386304
9.4,12,1.00770523247632,0.991651162762652,1.02112068666531
9.6,12,1.0076069761355,0.991724951295356,1.02086607418792
9.8,12,1.00752676061049,0.991771927306512,1.02071740654337
10,12,1.0074627369245,0.991896732820889,1.02052362393791
10.2,12,1.00741294177563,0.992072378448069,1.02036989085497
10.4,12,1.00737531642575,0.99227727828972,1.02016664890972
10.6,12,1.00734772679679,0.992452870051908,1.02004269047402
10.8,12,1.00732798457638,0.99267645077919,1.01991976402628
11,12,1.00731386911971,0.992812669885513,1.01966860790494
11.2,12,1.00730314992131,0.993043003698551,1.01946685527221
11.4,12,1.0072936094197,0.993253881208893,1.01926972466302
11.6,12,1.00728306588986,0.993425046254367,1.01897662943395
11.8,12,1.00726939617312,0.993578368527977,1.01875488215893
12,12,1.00725055799197,0.993769724833916,1.01850685765535
12.2,12,1.00722461159789,0.994012464823616,1.01814433348584
12.4,12,1.00718974050438,0.994252304515317,1.01783964659478
12.6,12,1.00714427106457,0.994478573404925,1.01746322191155
12.8,12,1.00708669066293,0.994671876105265,1.01719889053752
13,12,1.00701566430399,0.994920378737985,1.01688654991969
13.2,12,1.00693004939745,0.995148456196611,1.01656903199365
13.4,12,1.00682890855788,0.995328811003358,1.01630693136286
13.6,12,1.00671152025888,0.995477921396677,1.01599770466666
13.8,12,1.00657738720544,0.995623003513367,1.01567994052219
14,12,1.00642624231391,0.995816622388551,1.01531871314601
14.2,12,1.00625805221623,0.996001716780837,1.01484716379657
14.4,12,1.00607301823372,0.996173312313673,1.0143997653152
14.6,12,1.00587157479485,0.996229449784415,1.01396067043699
14.8,12,1.00565438530108,0.996262150302772,1.01345742343414
15,12,1.00542233547441,0.996303543342605,1.01296678220132
15.2,12,1.00517652424943,0.996366644104161,1.01243820935522
15.4,12,1.00491825230082,0.996440041972426,1.01180841198248
15.6,12,1.00464900832447,0.996495704395172,1.0112449834579
15.8,12,1.00437045321535,0.996575018808026,1.01066723977961
16,12,1.00408440230942,0.996613607452306,1.01006286389173
16.2,12,1.00379280587775,0.996687985830418,1.00942491044623
16.4,12,1.00349772808016,0.996771058199487,1.00885200524622
16.6,12,1.00320132460231,0.996891135251327,1.00821278454219
16.8,12,1.00290581921366,0.997011613861813,1.0076348749096
17,12,1.00261347949486,0.99705203956302,1.00703486669451
17.2,12,1.00232659199121,0.997111336046227,1.00645369423775
17.4,12,1.00204743705433,0.997180139361496,1.00585719984954
17.6,12,1.00177826363654,0.997310516828957,1.0052996092291
17.8,12,1.00152126430257,0.997437088390417,1.00472010539157
18,12,1.00127855072023,0.997573766376444,1.00417025408674
18.2,12,1.00105212988681,0.997698282083506,1.0036358599971
18.4,12,1.00084388133992,0.997860854515248,1.00313827190192
18.6,12,1.0006555355921,0.998040908071802,1.00265980881664
18.8,12,1.00048865401646,0.998252826598308,1.00219430833768
19,12,1.00034461039671,0.998472255639974,1.00177510400887
19.2,12,1.00022457433946,0.998736131267643,1.00136215402294
19.4,12,1.00012949672944,0.999017329883144,1.00097327522894
19.6,12,1.00006009738922,0.999322507419198,1.00061242315705
19.8,12,1.00001685508525,0.999651478429171,1.00029210759566
20,12,1,1,1
20.2,12,1.00000950876781,0.999736516469378,1.00037275208059
20.4,12,1.00004510214798,0.999509399636861,1.00076511205727
20.6,12,1.00010624538401,0.999306018791478,1.00119408685401
20.8,12,1.00019215127248,0.999138949150947,1.00164759093516
21,12,1.00030178593857,0.998993869721968,1.00210983885056
21.2,12,1.00043387728863,0.998866031045479,1.00258512910842
21.4,12,1.0005869260829,0.998758736943956,1.00308843884017
21.6,12,1.00075921954408,0.998688309285156,1.00366067665604
21.8,12,1.0009488473901,0.998663065441477,1.00418002102694
22,12,1.00115372015233,0.998610258944024,1.00471724124383
22.2,12,1.0013715896139,0.998595741465532,1.00527438586713
22.4,12,1.00160007117702,0.998574344605183,1.00592280484085
22.6,12,1.00183666794391,0.998541605562578,1.0065097106927
22.8,12,1.00207879627271,0.998540913975144,1.00711607658236
23,12,1.00232381254887,0.998585317386376,1.00768050028718
23.2,12,1.00256904089381,0.99856033570889,1.00825628134123
23.4,12,1.00281180151655,0.99858133062596,1.00887046771264
23.6,12,1.0030494394011,0.99863560325607,1.00948540345429
23.8,12,1.0032793530127,0.998645328939887,1.01009819379451
24,12,1.00349902270053,0.998651167317776,1.01060513959316
24.2,12,1.00370603847216,0.998644690444343,1.01116874717482
24.4,12,1.00389812681806,0.998631018607067,1.01180892500211
24.6,12,1.00407317627052,0.998662043112797,1.01234748291185
24.8,12,1.00422926139325,0.998655877190414,1.01283437900771
25,12,1.00436466491287,0.998713376884014,1.01324098166875
25.2,12,1.00447789772391,0.99860669307394,1.01360582413348
25.4,12,1.0045677165226,0.998506830966129,1.01392235968898
25.6,12,1.00463313885275,0.998350054141639,1.01422927568285
25.8,12,1.00467345537827,0.998189137262256,1.01455608882974
26,12,1.00468823923103,0.998031675692861,1.0148121099262
26.2,12,1.00467735231961,0.997838025473089,1.0151465694952
26.4,12,1.00464094852295,0.997616172004052,1.01545696970573
26.6,12,1.00457947373273,0.997338136227625,1.01559150084751
26.8,12,1.00449366274869,0.997063734440293,1.01577815770278
27,12,1.00438453307122,0.996734501939426,1.0158473809251
27.2,12,1.00425337567493,0.996403889957423,1.01595919668778
27.4,12,1.00410174288486,0.996121029431541,1.01605575318475
27.6,12,1.00393143351275,0.99580575104401,1.01603091265372
27.8,12,1.0037444754438,0.995415475475585,1.01620704134977
28,12,1.00354310589425,0.995017834865426,1.01650491857401
28.2,12,1.00332974958656,0.994580496060656,1.01671064042107
28.4,12,1.00310699511092,0.994155575521981,1.01692210423207
28.6,12,1.00287756976,0.993802934522248,1.01691984828546
28.8,12,1.00264431313762,0.993411875682643,1.01690480914485
29,12,1.0024101498508,0.993023502316355,1.01657722162062
29.2,12,1.00217806159962,0.992611679149598,1.01623220635984
29.4,12,1.00195105897939,0.992259735379204,1.01651475542149
29.6,12,1.00173215330592,0.991912689072163,1.01648040417326
29.8,12,1.0015243287666,0.991675806464815,1.01658985051721
30,12,1.00133051518876,0.991398130015537,1.01680799766211
30.2,12,1.00115356170168,0.991262920783463,1.01691606526906
30.4,12,1.00099621155117,0.990677970745469,1.01712064901259
30.6,12,1.00086107830523,0.990444234995031,1.0169308422571
30.8,12,1.00075062366701,0.990180380391038,1.01703362606266
31,12,1.00066713708723,0.989951904483175,1.01705128459132
31.2,12,1.00061271734292,0.989727039721739,1.01708194238275
31.4,12,1.00058925622318,0.989452314513729,1.0173878574796
31.6,12,1.00059842443571,0.989187536566021,1.01749998813475
31.8,12,1.00064165982129,0.988936648581101,1.01749795605132
32,12,1.0007201579363,0.988816545622702,1.01798410052705
32.2,12,1.00083486503718,0.988715030389776,1.018568946254
32.4,12,1.00098647347497,0.988657029355934,1.01898625607212
32.6,12,1.00117541948342,0.988736630572278,1.01937983597761
32.8,12,1.00140188332023,0.988651328019985,1.01987592233729
33,12,1.00166579169882,0.98862916556266,1.02050903931151
33.2,12,1.00196682242682,0.98866500678374,1.02112100431003
33.4,12,1.00230441114801,0.988743754652861,1.02174909483444
33.6,12,1.00267776006668,0.988797434016537,1.02217521339399
33.8,12,1.00308584851724,0.988940701464104,1.02265485891739
34,12,1.00352744522745,0.988979832189222,1.02339142652831
34.2,12,1.00400112211145,0.989104533509914,1.02421298922536
34.4,12,1.00450526941811,0.989307859616017,1.02521208478792
34.6,12,1.00503811205179,0.989378967616426,1.02602482811507
34.8,12,1.00559772687607,0.989681131277308,1.0267234871461
35,12,1.00618206080656,0.990006043440324,1.02743209762688
35.2,12,1.00678894949648,0.990010754954595,1.02827615201571
35.4,12,1.00741613641849,0.990449818136145,1.02909664288375
35.6,12,1.00806129214758,0.990808378376852,1.02982780962964
35.8,12,1.00872203365401,0.991223105991906,1.03051335965348
36,12,1.00939594342041,0.991451096028029,1.03131799362855
36.2,12,1.01008058820493,0.9917705681136,1.03213088814077
36.4,12,1.0107735372815,0.992080341006359,1.03308034337293
36.6,12,1.01147237999908,0.992240326767235,1.03418990241462
36.8,12,1.01217474251427,0.992374799396279,1.03543779660651
37,12,1.01287830356528,0.992612878384772,1.03663524347388
37.2,12,1.01358080917024,0.992947062609753,1.03764143469116
37.4,12,1.0142800861485,0.993286509513379,1.03857691306768
37.6,12,1.01497405438039,0.993648949407328,1.03950178571588
37.8,12,1.01566073773775,0.994258708536998,1.04034104152672
38,12,1.01633827363488,0.994747697147611,1.04102311887889
38.2,12,1.01700492116723,0.995233043140903,1.04174063411918
38.4,12,1.01765906782189,0.995716001232088,1.04250591755631
38.6,12,1.01829923476089,0.996202890032237,1.04324730033888
38.8,12,1.0189240806945,0.99654476388378,1.04400500878521
39,12,1.01953240437657,0.996769125059317,1.04481943379003
39.2,12,1.02012314576826,0.997073953848831,1.04572180232041
39.4,12,1.02069538592951,0.997328205035493,1.04695901271939
39.6,12,1.02124834570892,0.997586439291199,1.04802423587532
39.8,12,1.02178138331282,0.997857403572081,1.04881552394613
40,12,1.02229399084283,0.998126513988328,1.04957723025743
0,13,1.01366784151028,0.981869097910776,1.04013210298896
0.2,13,1.01329027388044,0.981748209470624,1.03960612494496
0.4,13,1.01289530429126,0.981584722870814,1.03899739671709
0.6,13,1.01248312674335,0.981255966111556,1.03849214279061
0.8,13,1.01205404065094,0.980941250547596,1.03788246708691
1,13,1.01160845547091,0.980751379727177,1.03719102367561
1.2,13,1.01114689459439,0.980570356711786,1.0364756443071
1.4,13,1.01066999840855,0.980291683352134,1.03573728752828
1.6,13,1.01017852644051,0.980008086805087,1.03494509062283
1.8,13,1.00967335850238,0.979802778339301,1.03410753444176
2,13,1.00915549476428,0.979704908100937,1.03324922134079
2.2,13,1.0086260546919,0.979463622027216,1.03240875985495
2.4,13,1.00808627479645,0.979308529897071,1.03171232963003
2.6,13,1.00753750515693,0.979075367505182,1.03083816804073
2.8,13,1.00698120468878,0.978561231537511,1.02998079771732
3,13,1.00641893514713,0.978056288084232,1.02925366990072
3.2,13,1.00585235386874,0.977991815696778,1.02854791827604
3.4,13,1.00528320527258,0.977575614982132,1.02777513027209
3.6,13,1.00471331115555,0.977170187178716,1.02703075086247
3.8,13,1.00414455983625,0.976880688663268,1.02633706484438
4,13,1.00357889421651,0.976346910227857,1.02555766476936
4.2,13,1.0030182988459,0.975915957345905,1.02480190219544
4.4,13,1.0024647860905,0.975485721509031,1.02409270673923
4.6,13,1.00192038152109,0.975150291958668,1.02329914747607
4.8,13,1.00138710864989,0.974677195346443,1.02251004988546
5,13,1.00086697315682,0.974321171491726,1.0217916256704
5.2,13,1.00036194675676,0.974072226939996,1.02106108162581
5.4,13,0.999873950868469,0.973767025014155,1.02031917695504
5.6,13,0.99940484025256,0.973492803437318,1.01964203660831
5.8,13,0.998956386791392,0.973225588967775,1.01904831857846
6,13,0.998530263586533,0.972789344267466,1.01839129270951
6.2,13,0.998128029550673,0.972599617732775,1.01779670376549
6.4,13,0.997751114669655,0.972405318753261,1.0171958984279
6.6,13,0.997400806107101,0.972155662427204,1.01669957640501
6.8,13,0.997078235318775,0.971933684849813,1.01622899116163
7,13,0.996784366336464,0.971706011305198,1.01582295050008
7.2,13,0.996519985371793,0.971461455764847,1.01540074617009
7.4,13,0.996285691879167,0.971442838210576,1.01494718722897
7.6,13,0.996081891203996,0.971562758939641,1.01460499950324
7.8,13,0.995908788927675,0.971669867760537,1.01431946047543
8,13,0.995766387004643,0.971744867912063,1.01409005299805
8.2,13,0.995654481769208,0.971861245805627,1.013841726104
8.4,13,0.995572663871157,0.971979036997517,1.01352469744685
8.6,13,0.995520320179331,0.971971267849389,1.01333307221055
8.8,13,0.995496637671771,0.971999205265517,1.01312535634331
9,13,0.995500609309814,0.971967248326622,1.0128830553341
9.2,13,0.99553104187183,0.972232292179731,1.01264618267325
9.4,13,0.995586565700464,0.97252241170182,1.01248018034677
9.6,13,0.99566564629539,0.97279761594899,1.01237171865257
9.8,13,0.995766597662036,0.973199261432874,1.01229295807368
10,13,0.99588759730565,0.973499177301936,1.01221373700509
10.2,13,0.996026702739789,0.973821639414436,1.01219556617145
10.4,13,0.996181869359014,0.974252141675603,1.01218847263801
10.6,13,0.996350969507514,0.974692669314323,1.01219057702641
10.8,13,0.99653181255891,0.975127860739595,1.01219755017938
11,13,0.996722165807679,0.975626350815542,1.01215488510207
11.2,13,0.996919775959916,0.976243713093423,1.01215864109552
11.4,13,0.997122391000573,0.976706120440712,1.01219063421955
11.6,13,0.997327782206223,0.977137612508536,1.01214771125052
11.8,13,0.997533766066828,0.977656330468895,1.01211159974597
12,13,0.997738225877213,0.978100303126466,1.01203167645259
12.2,13,0.99793913275901,0.97853335749944,1.0119829988341
12.4,13,0.998134565876815,0.978973302335315,1.01195646279342
12.6,13,0.998322731618239,0.979465791100902,1.01182209768659
12.8,13,0.998501981516439,0.980128696172779,1.01156948767178
13,13,0.998670828705471,0.980751361028677,1.01140649586517
13.2,13,0.998827962713343,0.981296921604825,1.01124694522623
13.4,13,0.998972262414839,0.981840567009958,1.01109372361562
13.6,13,0.999102806985744,0.982431799312414,1.01096852765109
13.8,13,0.999218884721855,0.98302992056295,1.01076576258267
14,13,0.999319999609817,0.983506456110426,1.01058307638863
14.2,13,0.99940587556204,0.984085846626483,1.01036166581409
14.4,13,0.999476458254412,0.98460978876458,1.01006322268094
14.6,13,0.999531914532809,0.98514230426501,1.00973402677109
14.8,13,0.999572629382254,0.985662261529149,1.00942292868096
15,13,0.999599200480456,0.986156562773599,1.00908823741535
15.2,13,0.999612430385114,0.986645687365103,1.00871282926278
15.4,13,0.999613316431382,0.987138415029173,1.00842637257033
15.6,13,0.99960303844188,0.987614695026749,1.0080859648371
15.8,13,0.999582944376333,0.988082406933873,1.00764312478847
16,13,0.999554534071004,0.988560666690549,1.00716868366651
16.2,13,0.999519441239254,0.989042200935006,1.00671899856822
16.4,13,0.999479413923669,0.989557004630796,1.00631825520115
16.6,13,0.999436293606979,0.990127520554027,1.00589893337658
16.8,13,0.999391993203359,0.990645152772877,1.00550205854086
17,13,0.999348474163528,0.991182206682895,1.00509580592044
17.2,13,0.999307722936301,0.991714037534979,1.00466069452528
17.4,13,0.999271727035833,0.992243197250169,1.00421887705676
17.6,13,0.999242450967804,0.992738657541402,1.00382590575771
17.8,13,0.999221812269178,0.993257405544601,1.00338942023697
18,13,0.999211657915095,0.993784079439511,1.00299710391402
18.2,13,0.999213741342863,0.994338044595264,1.00261119917779
18.4,13,0.999229700337213,0.994878385055034,1.00222901739895
18.6,13,0.999261036012797,0.995487484406191,1.00186979336732
18.8,13,0.99930909311977,0.996093783846177,1.00154084342404
19,13,0.999375041886051,0.996699035958155,1.00121717897575
19.2,13,0.999459861595796,0.997340010767647,1.00090967343195
19.4,13,0.99956432608779,0.997998185049363,1.00064440026029
19.6,13,0.999688991339979,0.998665504690441,1.00040158884248
19.8,13,0.999834185287359,0.999325118014376,1.00018774927085
20,13,1,1,1
20.2,13,1.00018628632622,0.999836705144363,1.00069314830999
20.4,13,1.00039265108294,0.999710056131168,1.00139235190899
20.6,13,1.00061845685126,0.999595463821936,1.002093935597
20.8,13,1.00086282441008,0.999512939468801,1.0027759093181
21,13,1.00112463781492,0.999460357786104,1.00345770877833
21.2,13,1.00140255210235,0.999440895486644,1.00415180624382
21.4,13,1.00169500357346,0.9994009300517,1.00484320582785
21.6,13,1.00200022258243,0.999431235702385,1.00555720640101
21.8,13,1.00231624872871,0.999443115976817,1.00632525457422
22,13,1.00264094832417,0.999483707902503,1.0070772670297
22.2,13,1.00297203397973,0.999567299866268,1.00777250462516
22.4,13,1.00330708612986,0.999625972204999,1.00850300339296
22.6,13,1.0036435762888,0.999703026866932,1.00918945004126
22.8,13,1.00397889180843,0.999724434890246,1.009920976753
23,13,1.00431036188688,0.999805395796619,1.01058072274139
23.2,13,1.00463528455711,0.999882325514498,1.01120201434589
23.4,13,1.0049509543687,0.99993145244034,1.01177252978899
23.6,13,1.00525469046193,0.999986050465526,1.01235233646385
23.8,13,1.00554386472381,1.00004350860097,1.01296297358447
24,13,1.00581592970858,1.00003735878549,1.0136339181518
24.2,13,1.00606844600321,1.00000473599111,1.01409616229119
24.4,13,1.00629910871997,0.999980969651519,1.01461580321895
24.6,13,1.00650577280423,0.999989403874731,1.01513776199222
24.8,13,1.00668647685623,0.999941413101037,1.01555852546102
25,13,1.00683946518028,0.999897189177682,1.01603988517333
25.2,13,1.00696320779432,0.999824896714541,1.01644879484203
25.4,13,1.00705641815575,0.999756753281293,1.01687351465524
25.6,13,1.00711806838692,0.999667845451034,1.01721075797128
25.8,13,1.00714740181378,0.999551892063494,1.01749014446158
26,13,1.00714394266538,0.999317899460313,1.01772050433015
26.2,13,1.00710750281727,0.999045899139892,1.01805185187261
26.4,13,1.00703818550026,0.998897062567083,1.01821772599383
26.6,13,1.006936385935,0.998468682429836,1.01835950952459
26.8,13,1.00680278889235,0.998134209182174,1.01842695326254
27,13,1.00663836321956,0.997789064043229,1.01861626201781
27.2,13,1.00644435341069,0.997367971341596,1.01870564394381
27.4,13,1.0062222683373,0.99700849939603,1.01873527776522
27.6,13,1.00597386729064,0.996607944543443,1.01872704784555
27.8,13,1.00570114351927,0.99626866256214,1.01862839754684
28,13,1.00540630547552,0.995801657179995,1.01847918967776
28.2,13,1.00509175600981,0.995382929034248,1.01845952218333
28.4,13,1.00476006977432,0.994864199311678,1.01826931634951
28.6,13,1.00441396911441,0.994281778027626,1.01819546719032
28.8,13,1.00405629874038,0.99361767477324,1.01809560703232
29,13,1.00368999948017,0.993010435221205,1.01780033077373
29.2,13,1.00331808141869,0.992415884995771,1.01759830050244
29.4,13,1.00294359672907,0.99179913371496,1.01738407441487
29.6,13,1.00256961249732,0.991120137523796,1.01734647981488
29.8,13,1.00219918383352,0.990537776490562,1.01715392408268
30,13,1.0018353275516,0.989871532361853,1.0168273473048
30.2,13,1.00148099668405,0.98925180827353,1.01666043609864
30.4,13,1.001139056081,0.988706644213857,1.0164667520054
30.6,13,1.00081225932216,0.987926635352021,1.01645366862542
30.8,13,1.00050322714827,0.987266583127058,1.01639296781589
31,13,1.00021442759463,0.986470801183853,1.01633005020882
31.2,13,0.999948157984155,0.985853240619921,1.0162845886088
31.4,13,0.999706528911698,0.985089249166935,1.01623360050282
31.6,13,0.999491450324885,0.984574066824287,1.01618293387573
31.8,13,0.999304619780475,0.984022012550758,1.0160437363222
32,13,0.999147512929145,0.983336358586831,1.01624052708536
32.2,13,0.999021376256075,0.982762197086137,1.01630576551497
32.4,13,0.99892722208002,0.981950628365275,1.01656553325651
32.6,13,0.998865825789917,0.981542256735381,1.01689578717538
32.8,13,0.998837725275636,0.980954842158674,1.01708986422835
33,13,0.998843222488552,0.980571014567728,1.01728852762607
33.2,13,0.9988823870481,0.980020444580466,1.0176603949297
33.4,13,0.998955061792738,0.979487527389163,1.0180747685708
33.6,13,0.999060870157664,0.978977433040697,1.01835805540193
33.8,13,0.999199225247443,0.978552803359845,1.01850341916487
34,13,0.999369340459309,0.978095723240982,1.01893037330314
34.2,13,0.999570241502498,0.977659740240607,1.0197127479268
34.4,13,0.999800779650409,0.977382989984281,1.02051937756479
34.6,13,1.00005964605583,0.976916364862704,1.02086994059544
34.8,13,1.00034538695484,0.976578959204156,1.02137156494433
35,13,1.00065641958215,0.976039007086711,1.02220018652445
35.2,13,1.00099104862004,0.975524088932237,1.02306698510964
35.4,13,1.00134748300369,0.975006660568243,1.02364259342101
35.6,13,1.00172385290897,0.974942845673027,1.02416356181821
35.8,13,1.00211822675276,0.974764920176435,1.02467618542206
36,13,1.0025286280425,0.974367904646404,1.02558590937255
36.2,13,1.00295305191903,0.974155336695349,1.02628970810489
36.4,13,1.00338948124618,0.97406869494255,1.02683450267122
36.6,13,1.00383590211075,0.973993838127994,1.02760746633078
36.8,13,1.00429031860837,0.973645395487173,1.02831790230688
37,13,1.00475076680312,0.973539045057937,1.02894186113872
37.2,13,1.00521532776228,0.973645500486411,1.0299685335917
37.4,13,1.00568213958171,0.973473087410024,1.0308446773315
37.6,13,1.00614940833184,0.973105330197842,1.03175186574743
37.8,13,1.00661541786895,0.972925772862932,1.03256635030771
38,13,1.00707853847153,0.972794099200674,1.03333011682126
38.2,13,1.00753723427604,0.97259136956872,1.03417043385828
38.4,13,1.00799006950107,0.972490704838222,1.03500848710765
38.6,13,1.00843571346246,0.972458584771785,1.0357667159576
38.8,13,1.00887294439589,0.972459690534016,1.03640472462904
39,13,1.00930065211518,0.972616368020524,1.03682437078079
39.2,13,1.00971783954671,0.972847897757711,1.03719732691106
39.4,13,1.01012362319034,0.972814821576566,1.03776398148506
39.6,13,1.01051723256689,0.972782914134144,1.03830822598535
39.8,13,1.01089800871983,0.972607941610701,1.03906755491686
40,13,1.01126540184598,0.972433976024638,1.03981722420236
0,14,1.00495837609836,0.966762449825671,1.03352477230102
0.2,14,1.00460630139708,0.96660482866363,1.03291692264898
0.4,14,1.00423843105075,0.966413749975491,1.03231276105532
0.6,14,1.00385500868786,0.966481680375259,1.0317143085985
0.8,14,1.00345638053176,0.966300189855577,1.03113721057207
1,14,1.00304299967181,0.96621782337658,1.03055698328169
1.2,14,1.00261542960919,0.966050136126109,1.02983799459534
1.4,14,1.00217434698897,0.965717649535095,1.02910120113132
1.6,14,1.00172054343516,0.965586111171555,1.0284557660699
1.8,14,1.00125492641175,0.965595933800857,1.02779146879559
2,14,1.000778519041,0.965506290475179,1.0269152030988
2.2,14,1.00029245881953,0.965385266745167,1.02628535754694
2.4,14,0.999797995183594,0.964929156467207,1.02550294877971
2.6,14,0.999296485887061,0.96442966895205,1.02478859205484
2.8,14,0.998789392168967,0.964105143995254,1.02411454225728
3,14,0.998278272701427,0.963769580691003,1.02337436735145
3.2,14,0.997764776323894,0.963429498013393,1.02261465394408
3.4,14,0.997250633585113,0.963133640464296,1.02196008675518
3.6,14,0.996737647130015,0.962725948441671,1.02131002334765
3.8,14,0.996227680984715,0.962210030316347,1.0205268230919
4,14,0.995722648808555,0.961730462655614,1.01988718564551
4.2,14,0.99522450119755,0.961530870765905,1.01917512098701
4.4,14,0.994735212138335,0.961216288022664,1.01845358851683
4.6,14,0.99425676472563,0.961169620280657,1.01780059591525
4.8,14,0.99379113626904,0.961230930669768,1.01718043215547
5,14,0.993340282926556,0.961150716863137,1.01660693834378
5.2,14,0.992906124012155,0.960904564583608,1.01596934642026
5.4,14,0.992490526133347,0.961152352326412,1.01543695293532
5.6,14,0.99209528732117,0.961402492143471,1.01483637790765
5.8,14,0.991722121319916,0.961443238446927,1.01425290062353
6,14,0.991372642206699,0.961349905663616,1.01372112947319
6.2,14,0.991048349511785,0.961201360423229,1.0132092163224
6.4,14,0.990750614009397,0.960797655670062,1.01275952314082
6.6,14,0.990480664345381,0.960630734572906,1.01224157951202
6.8,14,0.990239574662908,0.960276417725655,1.01177726157755
7,14,0.990028253380027,0.960491333308893,1.01132918547012
7.2,14,0.989847433263782,0.96102530497347,1.01084093143365
7.4,14,0.98969766293456,0.960993692486995,1.01046445405775
7.6,14,0.989579299921632,0.961215315363293,1.01005859581247
7.8,14,0.989492505376549,0.961488488987227,1.0096757788867
8,14,0.989437240535247,0.961894740898821,1.00937217452997
8.2,14,0.989413265002652,0.962210094978797,1.00905250617934
8.4,14,0.989420136915317,0.962525189423396,1.00888399563377
8.6,14,0.989457215018394,0.962805688817385,1.00867078850115
8.8,14,0.989523662673239,0.963219610148908,1.00847643585697
9,14,0.989618453791287,0.963991762288717,1.00822712988555
9.2,14,0.989740380668857,0.964241903691802,1.00800272592566
9.4,14,0.989888063676276,0.964577751197087,1.00784546956151
9.6,14,0.990059962733588,0.964973466871292,1.00787516701092
9.8,14,0.990254390484175,0.965052700455217,1.00773824732086
10,14,0.99046952705722,0.965438242078119,1.00768421970254
10.2,14,0.99070343629028,0.965958924766027,1.00771436838307
10.4,14,0.990954083264601,0.966548420510825,1.00772523607762
10.6,14,0.991219352988349,0.96724713338925,1.00774322417957
10.8,14,0.991497070047014,0.967873483224403,1.00782357682893
11,14,0.991785019026033,0.968298232634185,1.00792786834899
11.2,14,0.992080965498393,0.968729629129678,1.00803872977148
11.4,14,0.992382677359893,0.969176133813941,1.00819295813514
11.6,14,0.992687946286973,0.969679262978503,1.00823342242838
11.8,14,0.992994609086801,0.970371976651295,1.00820810011566
12,14,0.993300568706756,0.970920649556697,1.00821482285998
12.2,14,0.993603814670617,0.971667378340036,1.00823882656785
12.4,14,0.993902442711842,0.972583012021763,1.00826811123599
12.6,14,0.994194673380209,0.97342274615245,1.00822823956426
12.8,14,0.994478869406841,0.974063548770261,1.0081823443004
13,14,0.994753551624192,0.974651272342205,1.00808261172892
13.2,14,0.995017413251769,0.975118783297147,1.00794916393013
13.4,14,0.995269332375133,0.975779928863566,1.00784082880589
13.6,14,0.995508382464788,0.976430134653606,1.00777115402559
13.8,14,0.995733840802739,0.9770664519338,1.00765218264771
14,14,0.995945194707492,0.977797130087407,1.00748355927534
14.2,14,0.996142145472799,0.978483098483565,1.0073013481364
14.4,14,0.996324609961099,0.97917364613695,1.00714706540539
14.6,14,0.99649271981919,0.979768618902894,1.00701593236358
14.8,14,0.996646818310625,0.980348391261799,1.00686036701616
15,14,0.996787454786444,0.980910522418748,1.00662864496808
15.2,14,0.996915376842726,0.981430370806746,1.00639040649396
15.4,14,0.997031520239638,0.982093888333618,1.00614510539172
15.6,14,0.997136996681997,0.982782052040117,1.00589147011114
15.8,14,0.997233079585347,0.983457528831719,1.00563782128525
16,14,0.997321187974083,0.984160040967161,1.00535615566098
16.2,14,0.997402868678783,0.984884757570992,1.0050581853322
16.4,14,0.997479777018638,0.985588043215142,1.0047429179111
16.6,14,0.997553656171311,0.986242502894264,1.00442891858565
16.8,14,0.99762631544672,0.987037143784367,1.00408538615399
17,14,0.997699607692965,0.98779411293902,1.00378140818103
17.2,14,0.997775406071822,0.988535723389504,1.00345128621072
17.4,14,0.997855580447966,0.989324999297047,1.00313585647942
17.6,14,0.99794197364023,0.990057354285304,1.00283988624481
17.8,14,0.998036377784927,0.99073821421792,1.00251007435011
18,14,0.998140511060528,0.99152806660876,1.00220128757863
18.2,14,0.998255995019871,0.992303456330557,1.00189766060981
18.4,14,0.99838433277073,0.993085297779089,1.00161371211743
18.6,14,0.998526888238012,0.993852885907534,1.00134087852992
18.8,14,0.998684866731235,0.994621270520511,1.00109164381235
19,14,0.998859297029365,0.995426499653731,1.00086154757695
19.2,14,0.999051015181633,0.996269485351265,1.00064003596407
19.4,14,0.999260650207746,0.997149496119782,1.00044022473306
19.6,14,0.999488611864065,0.998080080138823,1.00026500689421
19.8,14,0.999735080623874,0.999027644657843,1.00011880560851
20,14,1,1,1
20.2,14,1.00028307131679,0.999904356689346,1.00098752160995
20.4,14,1.00058375101591,0.999837976329581,1.00197207399993
20.6,14,1.00090125055682,0.999799874559893,1.00298851279734
20.8,14,1.001234538948,0.999780082132602,1.00400829469567
21,14,1.00158234791929,0.999793194660545,1.0050109299934
21.2,14,1.00194317971966,0.999809601849383,1.00602828929865
21.4,14,1.00231531749725,0.999836317776681,1.00704278715204
21.6,14,1.00269683819167,0.999909491681433,1.00808058604351
21.8,14,1.00308562784059,0.999987660598104,1.00904945054153
22,14,1.00347939917578,1.00005552017162,1.00998898127434
22.2,14,1.00387571135611,1.00014925308202,1.01105672749785
22.4,14,1.00427199165951,1.00024241487977,1.01220306314178
22.6,14,1.00466555892994,1.00032204690733,1.01325857883238
22.8,14,1.00505364855232,1.00042974795122,1.01425825405082
23,14,1.00543343870597,1.00052197784457,1.01517652549884
23.2,14,1.00580207762774,1.00061159253096,1.01612670703508
23.4,14,1.00615671159882,1.00066282271239,1.01706464984098
23.6,14,1.00649451335513,1.00066922582087,1.01786588203338
23.8,14,1.00681271061065,1.00068199879646,1.01848489342836
24,14,1.00710861437599,1.00073376868554,1.01921660485812
24.2,14,1.00737964675156,1.00072683922042,1.01982048116573
24.4,14,1.00762336787595,1.00067439265936,1.02050759057387
24.6,14,1.0078375017157,1.00064892743522,1.02110305790144
24.8,14,1.00801996039271,1.00057902459751,1.02153392269482
25,14,1.00816886676017,1.00050540637017,1.02194806425361
25.2,14,1.0082825749565,1.00036171625936,1.02234039294053
25.4,14,1.00835968869,1.00016608764169,1.02276535391769
25.6,14,1.00839907703381,0.999912996969614,1.02308667795589
25.8,14,1.00839988754105,0.999639419035575,1.02356535440706
26,14,1.00836155652352,0.999335341256831,1.02374220933591
26.2,14,1.00828381637345,0.9989378092359,1.02392696696613
26.4,14,1.00816669984553,0.998503010321632,1.02411821435365
26.6,14,1.00801054125567,0.998142344582632,1.0241149919423
26.8,14,1.00781597459299,0.99758160850042,1.02424107345111
27,14,1.00758392858102,0.997012867805234,1.02408746584463
27.2,14,1.00731561876321,0.996398948258411,1.02419728395559
27.4,14,1.00701253672551,0.995794015966847,1.02405989804894
27.6,14,1.00667643660416,0.995168421756098,1.02403889426961
27.8,14,1.00630931905967,0.994598366607299,1.02388226304192
28,14,1.00591341292781,0.993933189925607,1.02369020883638
28.2,14,1.00549115478433,0.993289776673933,1.02332761437972
28.4,14,1.00504516668229,0.992540686354942,1.0229402620861
28.6,14,1.0045782323388,0.991478201936625,1.02240384195904
28.8,14,1.00409327206127,0.990273260203763,1.0218778036867
29,14,1.00359331671234,0.989190942201563,1.02163244434572
29.2,14,1.003081481017,0.988133250226193,1.02131217177022
29.4,14,1.00256093651564,0.987072599346219,1.02063088824592
29.6,14,1.00203488446257,0.986043250135603,1.02029410892427
29.8,14,1.0015065289614,0.985130280973571,1.01997923651294
30,14,1.00097905061716,0.984120317984766,1.01966144063685
30.2,14,1.00045558096993,0.982894588126022,1.01917662980273
30.4,14,0.999939177956978,0.981497229790901,1.01890401949762
30.6,14,0.999432802629906,0.980378307032385,1.01871277546344
30.8,14,0.998939297331337,0.979362461211651,1.01840754491043
31,14,0.998461365511347,0.978369591085458,1.0176670332854
31.2,14,0.998001553339076,0.977591998651294,1.01719456450139
31.4,14,0.997562233238993,0.976610094186505,1.01670509642087
31.6,14,0.99714558945522,0.975302234389341,1.01627686907399
31.8,14,0.996753605721145,0.974246167429912,1.01584788501171
32,14,0.996388055085796,0.973311744803497,1.01544095990633
32.2,14,0.996050491923339,0.972221443854216,1.01497700012826
32.4,14,0.995742246127851,0.971073498142269,1.01500205567644
32.6,14,0.995464419472442,0.970027862311795,1.01487551340571
32.8,14,0.995217884090123,0.969261513875712,1.01479387698395
33,14,0.995003283013536,0.968595793750441,1.01493228528552
33.2,14,0.994821032692113,0.967580258452225,1.01526538403898
33.4,14,0.99467132738831,0.966647882211971,1.01543099315299
33.6,14,0.994554145339536,0.966012329342664,1.01543294926415
33.8,14,0.99446925655913,0.965661482496347,1.01542063721323
34,14,0.994416232138444,0.965012059634055,1.01525225185255
34.2,14,0.994394454902628,0.964134946647723,1.01587436102689
34.4,14,0.994403131265208,0.963433141772579,1.01595597335082
34.6,14,0.994441304120854,0.962867556210429,1.01604655693666
34.8,14,0.994507866612005,0.962377683015508,1.01634271772129
35,14,0.994601576602985,0.961333286080972,1.01678084208208
35.2,14,0.994721071695066,0.960509895021729,1.01727034148812
35.4,14,0.994864884617439,0.960108190233492,1.01780528512017
35.6,14,0.995031458832158,0.959740678633477,1.01835787077682
35.8,14,0.995219164195823,0.959313674299753,1.01890467331063
36,14,0.99542631252689,0.958789565253068,1.01967951262311
36.2,14,0.995651172934988,0.957992272038353,1.02028303807793
36.4,14,0.995891986777312,0.957462754448256,1.02087095571256
36.6,14,0.99614698211701,0.956954295305287,1.02161993003979
36.8,14,0.996414387569231,0.956327764267095,1.02239824972958
37,14,0.996692445432128,0.955294905334086,1.02312759056117
37.2,14,0.996979424012358,0.954770634840986,1.02387590929184
37.4,14,0.997273629067411,0.954161826145958,1.02476042115825
37.6,14,0.997573414300191,0.953908887120399,1.02556414473977
37.8,14,0.997877190854577,0.953628291194373,1.02621616294935
38,14,0.998183435773963,0.953566110543214,1.02704397469668
38.2,14,0.99849069939793,0.953410319105889,1.02771423621792
38.4,14,0.998797611684988,0.953089083346996,1.02844246345849
38.6,14,0.999102887461692,0.95269096983483,1.02907468102004
38.8,14,0.999405330610175,0.952304266529885,1.02972555688119
39,14,0.999703837217097,0.952379463899705,1.03045793748609
39.2,14,0.999997397717209,0.952466835761946,1.03118484568117
39.4,14,1.00028509807387,0.952067232558332,1.03186765804135
39.6,14,1.00056612004703,0.95158707679824,1.03245132486519
39.8,14,1.00083974060634,0.951475611538286,1.03301751222014
40,14,1.00110533055276,0.95150900009268,1.03356472418446
