x,death
19.99987192836302,0.0
17.5014998912883,0.0
21.33596584385245,0.0
20.892481547415315,0.0
20.01025683591118,0.0
21.63053349532389,0.0
22.427011087058833,0.0
20.853971481014817,0.0
22.165510409047602,0.0
20.277017966609787,0.0
22.674830579253275,0.0
22.83938832962298,0.0
23.074324090147265,0.0
22.218062441971387,0.0
23.95984662375924,55.0
23.128279662633627,62.0
20.65799450889617,35.0
17.726716095110078,42.0
23.749419900760394,43.0
23.08908120996241,48.0
23.310693829826274,39.0
22.87802611216034,57.0
23.355313453390252,49.0
20.98860481594581,46.0
20.46559016529364,58.0
22.610795757175488,63.0
20.598666804279326,42.0
23.968062358892315,53.0
24.85800403100042,46.0
25.990440146179342,55.0
25.669652572323077,50.0
28.567017072728436,64.0
29.146265850065397,56.0
27.295856038750458,48.0
25.81391364185158,59.0
31.054607592876195,72.0
29.206606629652022,52.0
27.71340459259777,75.0
32.33422737417946,79.0
30.13539962006943,71.0
33.5765636084751,69.0
32.031063019907506,95.0
30.1247147915228,79.0
31.045832374297596,90.0
28.25393690003701,70.0
29.327756297178418,81.0
31.481397589104777,88.0
30.229250770796774,72.0
30.26175135144183,79.0
33.093957910464866,75.0
32.08491519274564,92.0
33.75795281325043,91.0
34.01313634282985,71.0
33.60954521745309,100.0
31.743605955429192,105.0
31.929218192384557,118.0
33.30676542949373,84.0
31.655695095355288,100.0
32.35545696981792,111.0
31.749828773495192,103.0
31.929654658154295,108.0
30.72849958834419,88.0
31.833229920000534,109.0
32.86170923580513,92.0
33.60140319035271,97.0
30.053314067733808,87.0
31.338745939794,64.0
31.157876911621774,83.0
29.167677335639443,76.0
28.550848160876733,72.0
31.357521960374314,72.0
32.993753793540186,79.0
35.14468158368421,95.0
33.48330727540103,101.0
31.45550536125022,86.0
30.33466687707465,78.0
30.0836677154383,89.0
33.27458677908672,84.0
34.58046191428868,91.0
32.7481280540545,91.0
31.046724011862395,114.0
33.620931805141446,98.0
32.07985200300472,97.0
34.46962675287955,94.0
35.78760441127312,108.0
35.608705214557375,100.0
37.80054152404798,110.0
36.39332323446437,104.0
34.95286770684522,128.0
34.15293574059345,109.0
36.51362055012018,101.0
33.271322469971494,112.0
32.43515936033584,105.0
33.17736641170141,93.0
31.473205926889612,100.0
32.969612400957175,96.0
32.237507482190196,102.0
33.67684234761974,89.0
33.914078733111445,99.0
32.92819136994198,109.0
33.80124309808061,104.0
35.87732955540679,91.0
31.613997862504654,114.0
29.883904165028724,100.0
31.346901635909457,91.0
31.236100886031007,87.0
29.33842366575475,87.0
31.709538884384415,82.0
31.976821002623307,69.0
33.81302845449885,77.0
34.46745609220984,87.0
32.54047221831175,66.0
29.651287156897574,90.0
27.951121798729076,84.0
27.0315415691512,49.0
27.51438400393669,49.0
24.845315806209186,51.0
26.312311639511265,43.0
27.484613908664492,58.0
27.97510858998822,53.0
28.305549122013968,52.0
28.380437505666105,50.0
28.558728573321794,76.0
29.716521618191948,52.0
29.94397357680016,66.0
30.517323828768728,63.0
28.020398211628223,77.0
26.775502607925436,63.0
26.648194795974543,41.0
25.726963547332325,45.0
24.348783692203465,51.0
24.18413307520595,56.0
26.629332253772894,52.0
28.209120323138944,43.0
31.223822444766597,56.0
27.88639450506878,64.0
26.621005184781374,52.0
27.912329099933476,55.0
25.825990549964835,54.0
24.07987106513277,60.0
25.34480744788145,45.0
27.28508453812374,51.0
26.08717028211566,54.0
27.22409241551577,33.0
29.186312256833173,70.0
31.31069983524103,72.0
31.38092174491861,83.0
31.896335529089683,91.0
32.65665538686548,71.0
33.04491782958003,112.0
31.509967165064587,102.0
28.46093495000894,72.0
27.97835423808376,57.0
29.92273317690195,62.0
27.22202931787941,69.0
29.019708763261285,54.0
27.39288699816636,52.0
25.63638311756653,50.0
25.212109699564905,38.0
26.820164873517026,66.0
28.20229216171701,48.0
25.34081297046091,43.0
27.81942837128488,52.0
27.41844979874808,43.0
30.542127841853198,57.0
28.83750209363582,61.0
29.080515038282066,58.0
26.22043008489748,60.0
21.127277254190687,67.0
20.786060597906726,43.0
20.550184113007955,62.0
22.69674489947139,52.0
23.754076100245747,54.0
23.42374400806118,48.0
19.756139107416583,46.0
18.684202813507085,44.0
19.288497364561987,42.0
18.89842131240355,52.0
19.44612368721182,45.0
18.71119645949821,61.0
16.572280910342645,43.0
22.162478544517874,42.0
18.37354823186477,45.0
19.566019499636973,58.0
20.920989212191515,51.0
18.23502987116736,57.0
16.37879962160225,52.0
17.638755952796906,45.0
18.132284571788084,53.0
19.53321858217991,53.0
19.924544438376387,40.0
19.66598564199145,44.0
16.82788726670657,43.0
21.567285318621547,55.0
23.785843815196724,67.0
24.235901018567123,49.0
21.999981816253737,57.0
17.67651675384602,48.0
15.47853884215572,55.0
16.281761882123774,59.0
15.654523809402788,43.0
19.051471536790274,45.0
15.529204470604453,49.0
17.168985382612597,55.0
14.921960869906137,43.0
12.68706442100292,47.0
11.090227574376424,54.0
8.988635449934808,47.0
12.911354644165252,62.0
12.210722594722643,50.0
10.371842983737306,47.0
11.31345854946375,36.0
12.605658388812294,52.0
12.915438389744594,52.0
13.106284076976584,54.0
12.944573631399088,63.0
15.69195405489652,64.0
15.958019986650584,74.0
14.952602828717339,57.0
13.394505683561016,66.0
12.99611750430828,57.0
6.903281457070975,81.0
7.413503595489357,60.0
12.628795556431154,47.0
14.061881407786773,55.0
19.17858539509859,53.0
16.668445604023056,61.0
16.577530911275787,42.0
17.607907775888958,55.0
22.588174055074276,73.0
24.946460181273565,70.0
20.828325374984434,59.0
17.590762416368875,70.0
13.3613820581846,56.0
12.884327541158141,70.0
12.383306753884773,48.0
8.161133692210592,42.0
6.806096419239854,55.0
6.577660037346952,48.0
9.434993036327603,37.0
5.12467623382694,44.0
7.493189868601021,46.0
5.648377840524477,55.0
7.946261703806179,64.0
8.94829868927108,48.0
11.234340680903992,74.0
10.35155346969596,76.0
7.865136548749712,77.0
9.472256552609526,65.0
11.03203348285736,61.0
7.776948471464512,53.0
8.847386064716853,81.0
11.378013104499422,63.0
10.171846149370445,59.0
9.787299047816168,64.0
11.13510454499702,58.0
11.77374698846087,71.0
16.5154504749832,67.0
13.373893496768385,73.0
10.696038377878967,61.0
6.577459585874237,78.0
7.327462695751564,62.0
9.330093759311396,62.0
10.147250660607686,80.0
9.34144439693172,65.0
8.299964729515345,52.0
9.034948343061581,48.0
13.651115868010496,55.0
14.076229520079284,52.0
14.366329538231751,56.0
13.401360507997131,63.0
14.130102479021872,68.0
15.62164282761296,55.0
11.666377097509574,72.0
11.777032924650591,71.0
9.152272532782973,64.0
11.021823067235522,59.0
11.249175572868543,64.0
11.765264059733548,54.0
12.636665299752627,56.0
11.448456320028761,63.0
8.75295998603412,58.0
7.6380146684994195,60.0
8.331128980179459,67.0
10.602172743671648,75.0
10.832485802496187,61.0
8.565273091262801,54.0
8.166442749533713,73.0
6.8796570110551745,59.0
10.806891171388354,74.0
9.858894070969644,73.0
9.703532050268178,80.0
10.427784283595686,71.0
6.920112904978044,60.0
9.44045621244297,82.0
7.936699718201464,57.0
7.449374189560964,72.0
6.439330532723896,73.0
4.720627328809069,48.0
9.598906839606554,66.0
5.624595884192235,61.0
6.137111849774197,61.0
5.31979246690043,71.0
5.8905163824011755,55.0
6.693087601356029,74.0
4.799756033224623,58.0
7.372788529212583,72.0
6.977337333664685,45.0
3.825909111345484,74.0
0.932949045709897,77.0
5.25208622095305,64.0
4.819283014025469,65.0
10.292536358044668,71.0
12.165087368489946,65.0
14.421443638451144,59.0
11.56123910159414,75.0
10.317729573143321,73.0
11.660810492351501,67.0
12.489713833294555,88.0
12.46062358970961,59.0
8.49697201386941,65.0
8.177185269972764,55.0
4.563927345413666,46.0
9.022836824071014,58.0
10.338721080146026,59.0
9.595238754981473,48.0
7.118084065894249,52.0
10.010974646159294,52.0
11.25728325604555,60.0
10.3892008367706,50.0
9.978186083763708,67.0
16.16798405021442,64.0
15.913195558489202,68.0
20.503638541789783,76.0
19.36501820200014,64.0
17.009448565732306,81.0
14.718713605562126,75.0
16.88718145186063,82.0
18.000552984493833,59.0
15.791180606344955,65.0
17.011026430883277,57.0
18.732877433973,48.0
18.36266419976401,54.0
16.981972137711185,51.0
16.80915161067667,64.0
17.064771412976157,56.0
21.10449990680609,53.0
21.663078136783337,49.0
20.54650213886959,64.0
14.831079686004369,48.0
13.541103303662002,64.0
15.400833584267188,53.0
17.473784263587103,54.0
21.06264960914137,55.0
23.339876220838576,59.0
18.738729803577534,55.0
17.767087510659245,70.0
20.28138245628525,42.0
19.020529199146274,60.0
20.635956513809326,56.0
19.056613486166423,59.0
17.92569863395236,55.0
15.401638401084009,58.0
19.366945655588772,62.0
19.630671671849978,64.0
21.511401747628174,41.0
20.21920908445945,61.0
22.436786783359054,59.0
21.582012633270132,65.0
22.860318291172174,58.0
24.588428798099688,63.0
27.702330716776295,60.0
25.469500147740433,55.0
22.647443989392723,64.0
22.546400561933837,66.0
23.70945257224982,66.0
20.995924098065665,49.0
22.383628837944734,57.0
25.005887029091983,61.0
24.259689466423353,51.0
21.79197812795881,54.0
20.600499088761413,48.0
21.96087300532389,36.0
22.440516362129657,54.0
18.60402137789844,52.0
21.151830096737665,56.0
19.836070528509076,47.0
22.04621847779101,51.0
22.795989084952833,53.0
22.312281996880465,45.0
22.03736313632161,60.0
23.717926617274493,42.0
25.9315971076792,51.0
28.04020450540656,58.0
28.647022313045643,53.0
29.03041442271703,72.0
28.36004706444103,57.0
29.527632035121556,67.0
32.47437096719493,73.0
34.197693237256324,81.0
32.637756752956825,81.0
31.913329019564323,79.0
31.810829693180995,91.0
28.506451057960092,84.0
27.61361102413661,67.0
30.333657194867417,75.0
28.797259569011203,72.0
26.516177505269635,72.0
27.370215452062347,58.0
29.739341443355293,68.0
30.488981844778444,74.0
29.89706215074544,67.0
28.18133394854429,62.0
29.507531440820685,66.0
28.315892204703136,66.0
27.85916577277552,70.0
27.17652066881035,57.0
25.330005503846763,57.0
23.528197207625826,52.0
27.563637584790772,54.0
26.35051616318247,47.0
22.634735637416462,51.0
23.20095769989654,42.0
25.80197559805355,44.0
29.94021942014614,58.0
29.141187505625588,58.0
29.91821392803432,82.0
29.93488832937563,82.0
29.034997072173322,74.0
32.27065876866471,96.0
31.519678880148724,74.0
35.726796630270265,91.0
33.68160010997925,88.0
33.00694106058387,78.0
31.43206280043663,105.0
29.305263900756707,93.0
26.704979184343845,70.0
24.695257242492346,53.0
23.38100635556837,52.0
25.053927195553953,51.0
26.399723850908124,34.0
30.361086450045093,58.0
30.30747770805058,53.0
29.972197719022233,53.0
31.569626228380184,80.0
29.40247865248635,81.0
31.56143761037761,75.0
30.888192177778002,77.0
31.03218589929695,77.0
30.84300663371677,60.0
26.744367371986,78.0
30.006692215700866,69.0
29.992134970761033,71.0
27.77210046485513,67.0
29.10969519186624,80.0
29.891386812906955,59.0
33.914802451426965,82.0
33.6761896722093,74.0
37.12557763268126,82.0
36.535668515442076,103.0
37.26594033307212,95.0
34.28409205758419,100.0
36.12772156873618,111.0
38.73417699671625,112.0
36.836113153528935,107.0
35.479656114573096,101.0
35.582221435383644,97.0
36.94126611465363,102.0
34.89814910999863,87.0
36.36292221826252,105.0
36.98684434614432,98.0
35.7321164791384,98.0
38.617015513050035,97.0
40.82739611464053,97.0
40.02408211186916,100.0
37.50090039175441,122.0
35.26779771040534,106.0
34.21800864019762,91.0
35.411976304094395,92.0
35.14172186218103,121.0
31.206096344743216,105.0
32.64216380563778,83.0
31.999510035780762,76.0
32.563735793019255,83.0
31.22368544761146,91.0
29.437692220320265,83.0
29.262093592994937,68.0
28.66375498839234,70.0
24.526689936663004,60.0
22.734683850792933,62.0
27.521616950866296,56.0
28.67433114878322,64.0
28.009679351996922,52.0
29.602908798360083,58.0
28.557346525225984,47.0
25.418426428265946,69.0
27.211333487419367,33.0
28.5483699380126,49.0
25.56454847905773,47.0
26.72177581853607,51.0
30.49632170926401,50.0
29.86276507534726,61.0
28.893706479582878,54.0
27.48833458336596,56.0
22.184508529861965,53.0
24.53674868915004,55.0
25.766987274307326,58.0
25.632483234991565,46.0
23.0831693863881,58.0
21.871508244570542,65.0
20.497391862871236,48.0
20.840664198240937,56.0
25.009998195049448,59.0
27.162783801629377,45.0
30.7726006150761,48.0
34.20815296897533,72.0
34.43157693221865,80.0
30.031690012708776,79.0
30.233038833236428,95.0
30.11861053120593,73.0
30.229291294511448,82.0
30.436190122242806,73.0
29.243410571872126,67.0
31.789555090036007,63.0
26.779386771486568,61.0
24.43728298759559,65.0
22.069390693054935,48.0
22.240823036204144,50.0
21.610626844541006,51.0
22.374883294849713,48.0
21.22664100294352,61.0
24.742059922583472,52.0
21.978490638781334,41.0
22.784518970067577,64.0
24.17080655852023,57.0
21.119917932079975,53.0
22.15487863734871,42.0
23.891722012809396,51.0
20.719821538963547,56.0
21.6130723970976,49.0
21.714854392789526,49.0
18.085123406909364,49.0
18.61157557643794,50.0
19.716663406059265,56.0
17.677132031175933,47.0
16.631631103427516,52.0
18.290972896780257,52.0
19.902215428759163,49.0
17.558102184548293,61.0
16.56387831596893,40.0
16.484045111873932,51.0
20.049719326906786,47.0
19.810491873804118,56.0
14.7224873369865,60.0
14.404177859930812,46.0
14.410134532815583,62.0
14.762073049852475,39.0
14.71487918908546,43.0
15.159973714869821,61.0
13.18537521657798,49.0
15.835586778926954,50.0
13.388605531368338,50.0
11.955141555928227,59.0
12.584541597438339,57.0
13.461539332528368,48.0
14.976933585536054,52.0
17.201460937863317,50.0
19.774644985876648,49.0
20.497047053503856,41.0
23.428317857592447,52.0
22.776274611205135,72.0
19.95797126740544,70.0
18.764521062692307,64.0
18.336508040421577,57.0
14.290974489465535,58.0
13.618200044701702,55.0
15.532833522680331,50.0
15.51660776375306,65.0
13.88083962454763,49.0
11.100974015055439,40.0
11.417037298980453,37.0
12.753695808469402,56.0
12.608989980088538,41.0
11.877864760337577,53.0
14.320010124331013,43.0
13.78448810253623,53.0
8.527286054314636,47.0
10.285814706922409,54.0
11.949938149240346,54.0
12.261088264387602,58.0
11.849618207181448,55.0
14.343916519212184,65.0
12.476532082347623,63.0
11.49634523682952,64.0
12.692903543869285,65.0
17.974607806453527,63.0
12.871124070672087,69.0
11.11538340554397,60.0
9.426440981634805,75.0
11.345565437107783,55.0
9.736289570162336,68.0
8.711670025687184,56.0
8.957362042849992,55.0
6.621563902368595,54.0
9.640594592198532,52.0
7.66778410077994,62.0
11.409853680994685,67.0
13.5155644092724,45.0
10.510035538231257,57.0
10.997910758912093,47.0
7.063182704684175,57.0
7.66457621320534,62.0
8.085767453634187,71.0
7.61371728958353,46.0
10.070639619817658,68.0
10.004922344559908,66.0
11.811218109769534,64.0
11.614658816901942,62.0
11.028853607161711,65.0
12.381006842872097,57.0
13.037580780384367,62.0
11.967066384612034,65.0
13.16066077115221,82.0
13.143266613912544,70.0
12.162370252326232,63.0
11.61127341294972,66.0
9.47876077082057,63.0
9.90254626933805,63.0
10.767880144308222,64.0
10.651658390362332,61.0
10.738390597082368,41.0
9.307151412268524,62.0
8.559052737740998,61.0
12.186539161843358,62.0
10.625398617720284,63.0
12.85187327261174,53.0
14.477259948428141,46.0
14.032782728776944,55.0
13.183011681301886,51.0
13.873812745337364,50.0
14.8507837862044,71.0
14.851115801004147,62.0
11.511083094704935,82.0
12.148605966937343,61.0
9.768329370648722,67.0
8.222727651636571,55.0
9.338526236913475,51.0
11.158654183658179,50.0
10.67466441328808,55.0
10.910926662270693,50.0
12.575603579873007,53.0
11.523567188647544,77.0
9.763474648005541,59.0
5.31475365339435,66.0
4.153712364726702,62.0
4.9631102158199205,63.0
8.324684043088395,64.0
8.625163718713164,63.0
10.76564520678663,51.0
10.11571509458666,66.0
6.664726093166168,61.0
7.477902092567293,57.0
11.770177033569265,64.0
8.161404887632633,79.0
9.026631358501769,75.0
10.964499741625312,52.0
10.142613752310098,71.0
6.441680972821542,64.0
4.750872899712606,64.0
6.038663235967384,51.0
7.9428975265043285,62.0
7.303689840840224,77.0
10.454026885540644,62.0
10.612139681237155,52.0
8.936062888330726,58.0
9.566147965096667,63.0
10.266248854780951,70.0
8.027574381294635,71.0
7.164547779519145,72.0
11.161881315111096,63.0
10.264456670915145,81.0
12.882452472905152,70.0
14.630184296964538,64.0
12.963827446944894,64.0
13.00301140422539,72.0
14.383072739357356,65.0
13.992195781699506,56.0
15.729198007049316,77.0
12.266568191287352,63.0
13.797271104489734,62.0
12.157856165239577,60.0
14.531133964611566,57.0
16.981764154260492,57.0
14.88445236783861,54.0
18.328687704867985,59.0
19.384901212473906,41.0
13.869479751110463,61.0
13.84027422281155,65.0
13.733750500782214,49.0
14.838609417435315,65.0
13.938464423770698,48.0
12.810583951809836,56.0
14.789307803181332,40.0
13.981115929283456,43.0
10.695482173447672,51.0
10.890982650614147,63.0
9.24964983135874,63.0
11.06366318448347,57.0
10.02444530476765,46.0
11.12008021083852,55.0
7.595336956130025,59.0
13.917778710261778,63.0
9.74651999586722,54.0
11.356471548930294,50.0
13.110931630556607,53.0
15.579437676640703,68.0
17.947435189063075,64.0
21.104453948276586,62.0
21.01501843835195,77.0
21.91139249044006,58.0
21.893895281212735,71.0
17.388153414192928,61.0
16.5527847486704,64.0
13.323782512066359,50.0
16.84910297804859,48.0
18.221979077286665,57.0
19.291695885814413,58.0
20.96724133535349,40.0
23.393256987294343,45.0
19.873564608171293,38.0
18.641801765806335,54.0
18.771252780578347,52.0
17.92206601272285,67.0
15.52280720551255,55.0
17.388800901626258,47.0
19.36069176109933,53.0
18.01798428754604,47.0
17.771119885067723,47.0
16.87255018559317,34.0
19.0591952506128,44.0
22.798373576288473,49.0
23.886665194582317,38.0
21.290683214271798,50.0
20.871767781448053,62.0
21.960403031657613,44.0
21.488901430240055,56.0
20.67108109740812,46.0
20.93201340048425,50.0
18.586221416018972,52.0
23.050535194693193,64.0
23.15266682405747,47.0
24.167060239470345,48.0
21.471007597575472,48.0
18.831749299330752,48.0
20.477839544404997,45.0
19.172237107247426,55.0
21.285004785367068,63.0
23.799647828084115,50.0
25.408952975822857,64.0
25.731649025395157,55.0
26.75442746803419,52.0
28.520140232485968,60.0
24.56689758251533,63.0
26.65339502692505,65.0
27.15897311833233,59.0
27.351391196947542,51.0
24.898494951030557,50.0
23.59484835288405,53.0
24.59981450252245,55.0
24.120202519432766,43.0
23.844158442692063,55.0
25.159157016004986,43.0
24.693850503633403,54.0
23.877967983719987,59.0
25.610656131749195,55.0
24.91691779091371,58.0
26.977983266500356,46.0
26.151472342433284,56.0
24.84370688126299,41.0
25.399837727221616,57.0
25.686760962761056,52.0
25.360741248598817,51.0
25.696194823136363,51.0
25.612690375005457,60.0
26.951938815870605,53.0
28.85459410292352,57.0
31.8596050617742,58.0
29.48098563843551,72.0
30.853479237293918,71.0
25.80361558331945,55.0
30.086528359147998,76.0
28.713806656065415,71.0
27.27464706631679,60.0
29.112245057596027,48.0
25.696042203575853,60.0
23.570816024011485,46.0
24.633536186303708,49.0
29.879224165533667,52.0
27.65502559318341,57.0
29.687418048671496,50.0
29.572129152090138,57.0
30.313074303749076,67.0
31.522704474676623,76.0
30.635856134318974,79.0
32.48308309281679,99.0
30.99925130953221,94.0
30.95019025406928,80.0
30.900848765586588,87.0
30.849260388246346,81.0
32.35334446176667,91.0
35.35486222269178,77.0
37.050961676070244,105.0
40.84923083319582,97.0
36.64249113665781,96.0
35.589307628283585,109.0
34.39070303882299,100.0
36.16313454633373,103.0
35.71347373833794,107.0
35.45777919738424,103.0
42.057603656178635,110.0
43.73399535824875,115.0
43.401995369411694,92.0
41.355758707185686,102.0
36.08746136508637,94.0
34.23910999555822,103.0
36.04040100821524,111.0
34.674679493075715,95.0
35.108581464034664,93.0
31.87266895226914,86.0
33.28127585134062,105.0
31.732883615041654,86.0
30.830074406072853,96.0
33.74041287430223,88.0
35.35141129070261,84.0
31.05640159716072,84.0
34.60744505289813,109.0
35.02661454576429,95.0
32.14981590124984,89.0
33.497784875957585,99.0
32.36287036686572,95.0
27.639198771138943,94.0
28.49838001565237,77.0
28.48418187537804,63.0
29.512207276742064,66.0
29.07703201109117,59.0
27.667736832398784,63.0
26.98928721477406,57.0
28.289637892454014,53.0
27.69272097203979,49.0
24.909893018017932,59.0
27.698093107044915,54.0
26.666777670615303,52.0
25.7898730921619,59.0
23.569716274456734,58.0
25.473622432842497,48.0
25.368740538307083,55.0
27.41491532048321,55.0
28.313270974659844,52.0
28.71038464542589,50.0
29.17420492949802,61.0
26.506451144851233,66.0
27.76900480877157,54.0
32.90868457654768,94.0
34.125724146988134,84.0
33.30413891724319,89.0
31.442087430129327,88.0
30.740336232247497,91.0
28.135037620743812,77.0
27.77717591069836,75.0
27.15738867665909,50.0
25.61092254900302,50.0
25.658144790739275,60.0
27.816979043317758,60.0
28.233019911875054,53.0
24.857400642843363,51.0
23.02091217476112,55.0
22.807092188379542,40.0
24.367918363668267,50.0
25.626896989987046,58.0
27.165990983990017,56.0
27.393413569064762,41.0
26.890194392998588,59.0
27.128486655766913,60.0
29.356517250736772,57.0
28.626983677631134,66.0
28.096789811841724,44.0
26.669254121783528,38.0
27.12581339295661,47.0
26.21952950654453,51.0
22.916964953340802,59.0
23.794152300946976,45.0
24.927276237716253,57.0
23.175298595082136,53.0
25.165015299089525,51.0
27.554604379818606,55.0
24.328864452139314,38.0
25.75210650700754,57.0
23.825362561422793,49.0
23.975069237233274,49.0
22.760301292525085,62.0
22.018650468230696,48.0
20.71563588555594,48.0
20.82326947760298,57.0
23.536984697581104,62.0
21.003231164118,68.0
20.16920514888923,47.0
19.810106696781695,44.0
18.508407446455976,42.0
17.996097153784955,56.0
16.647000577492875,51.0
18.282219933654748,49.0
21.007677838570253,42.0
18.392216892284242,58.0
19.134657815321514,37.0
23.048908258711926,52.0
23.019723259845136,57.0
22.999776154048185,48.0
21.23597925159322,50.0
19.48081277729552,47.0
19.21498445436292,52.0
18.538439649408616,56.0
18.61928525635407,49.0
17.414409876541274,44.0
14.289036224160895,54.0
15.884824796913149,62.0
16.78486709086745,54.0
15.38966829438527,62.0
13.160900269177844,51.0
14.179515024091016,48.0
14.282845701704609,56.0
14.390300878390773,59.0
12.812586649670205,41.0
14.817190675197669,52.0
11.702570060833825,63.0
11.789099623947202,48.0
10.44083760925978,61.0
12.753333090862697,44.0
8.743278002204175,64.0
9.541546180376255,43.0
9.253079906628033,53.0
11.229109980423267,71.0
10.6284396323432,36.0
9.488224172205417,54.0
13.9797055349997,50.0
12.740452797646629,53.0
8.950757722445715,52.0
9.299093814215217,62.0
9.548983688418565,72.0
8.151265501004435,62.0
8.540406934165489,68.0
5.062133632280855,72.0
6.157412214051134,62.0
7.4172464049204425,71.0
4.4862125964124235,53.0
4.418577994748155,56.0
5.51002566691734,53.0
5.67169876555817,57.0
3.8186333674082373,58.0
5.203768847090361,52.0
7.215263023013116,68.0
8.04939623416638,59.0
10.125587994737094,69.0
9.102163872909212,68.0
13.689090455053439,72.0
16.676213386240015,79.0
15.940865013137653,72.0
17.150387796276938,72.0
14.122955172438136,71.0
8.356166875026013,71.0
10.276645843107186,73.0
9.498999765357242,66.0
8.76988703136587,48.0
9.59301260194309,58.0
8.427301936096057,43.0
8.614749288788708,52.0
7.119901463028828,43.0
6.682980942715174,38.0
6.32548675189344,46.0
8.900876123016074,50.0
9.573609282767542,70.0
11.24428078066923,68.0
10.839487878368667,55.0
9.949097520325214,51.0
13.462078651836453,57.0
9.759895472952035,52.0
8.93199697218828,80.0
10.231611654482466,81.0
13.193186004805579,70.0
13.229290597115863,63.0
12.017221356534378,55.0
11.252929716820212,58.0
13.210088229699512,45.0
13.347900770314334,58.0
11.405708159853019,67.0
5.547118451102668,67.0
3.490032905580513,56.0
3.262026319759526,73.0
4.4817954644083535,60.0
4.928647551762186,61.0
4.3472848480521735,55.0
5.695190728705338,58.0
8.49057373006158,47.0
11.407256744594953,52.0
13.913305200073486,65.0
14.442619531486098,62.0
14.73622746040893,72.0
14.30489219478647,82.0
14.216988910433953,58.0
12.769072497218277,71.0
11.10836600383493,87.0
14.266074842035497,70.0
10.296887999723989,54.0
9.619433117254038,56.0
9.14668064493754,54.0
9.947938627037399,58.0
9.134866012978073,47.0
11.874391759830239,39.0
14.522990399804375,64.0
16.4454769021336,50.0
16.993346277691444,67.0
16.02882316973018,63.0
11.608220745139397,65.0
9.095695352749965,74.0
6.7342519934150165,67.0
8.861504045804526,70.0
9.819792280635484,75.0
10.381862265796407,70.0
11.461618462914684,51.0
7.868104749752071,47.0
7.071765406749261,53.0
5.341295597667559,51.0
8.059906898555314,56.0
7.057579862873609,69.0
7.909613395907181,51.0
9.40730605765082,56.0
13.618569628843966,50.0
15.635570987854322,50.0
15.55301998411607,53.0
13.95312415349467,68.0
14.35336451452099,62.0
12.434994727164597,70.0
13.928913519330008,55.0
15.723440602524608,90.0
11.161324690447636,65.0
9.465613248581459,54.0
9.64260563517437,69.0
12.372941697896685,47.0
12.214537077620522,51.0
15.686990933152513,42.0
14.659253520778135,64.0
14.711471244622215,65.0
13.042148063852753,56.0
13.111086910228074,59.0
14.641857226034286,50.0
13.201013662306035,71.0
11.444204154616362,51.0
8.828769948957031,59.0
12.892377417388214,59.0
13.90426102156922,59.0
12.882458708150002,64.0
18.01621664952559,49.0
13.460980727010485,42.0
12.180457040247795,47.0
12.045876334859567,62.0
15.077511126707876,58.0
17.387817624809124,57.0
14.348011247064983,57.0
15.799275416301679,73.0
11.190282296833601,55.0
9.70768421488712,54.0
9.936973131452717,61.0
12.060996642822957,57.0
8.967709392103353,59.0
10.231200741394346,50.0
10.66245262429913,59.0
9.30699294477635,48.0
13.829978405080379,67.0
14.995662569249612,60.0
13.4165442371349,69.0
16.03800828008207,68.0
18.68866158902035,60.0
20.181763738900038,62.0
21.291738818934988,56.0
20.07097178791242,72.0
16.273616195610046,66.0
16.086306262522754,62.0
16.116725479608736,53.0
19.525241945534606,69.0
21.315872907132725,54.0
19.70604118002661,47.0
18.07521187024648,44.0
16.184552446079664,55.0
15.696801391299903,53.0
18.054921289473874,51.0
17.394076627959926,54.0
20.749688030758442,48.0
24.10759063472824,53.0
22.560319002765045,51.0
22.937916802068987,47.0
25.644734112710115,41.0
25.146679733649815,52.0
23.70684202139473,62.0
24.29231374679493,53.0
22.763776674759097,52.0
24.018485060107473,59.0
24.31888394469617,46.0
25.124277146660027,59.0
26.154402464429307,54.0
28.404557585630464,59.0
26.281285616332106,57.0
21.236397528350455,47.0
21.8737219806709,37.0
19.46793781545284,37.0
19.45768109816516,46.0
18.818603346742982,44.0
18.81735313433677,51.0
20.388882995474887,63.0
19.572987886075403,55.0
23.46949814652468,45.0
27.395352509170717,46.0
27.997536972043804,50.0
30.595720906291696,46.0
32.90254943961409,72.0
34.67946726292586,93.0
33.9724777527212,84.0
31.251527248101166,126.0
29.11076456821911,91.0
30.605680310584454,75.0
30.481641761208472,82.0
26.297174767408734,54.0
29.957334528466234,71.0
28.409721926660627,68.0
27.869405628022704,60.0
24.571029479840544,55.0
26.373566131177377,53.0
29.161149409597726,47.0
32.00559002801874,59.0
31.877485866502376,54.0
29.699589443593684,58.0
30.496408760244627,81.0
30.95470619334158,78.0
30.32238419614779,70.0
29.588616688386583,83.0
31.06323814231319,83.0
28.123336537530864,61.0
27.245196860643794,63.0
29.36913845965319,69.0
28.75030877127537,53.0
28.661057127232663,47.0
26.42974745215262,66.0
24.287397809940586,42.0
21.176929447191725,46.0
23.04367674350681,38.0
20.445854356641927,49.0
24.63313668202035,49.0
26.883006370228475,43.0
28.516679567321262,46.0
33.80983121290219,44.0
33.98234916731729,79.0
27.84528060941805,65.0
29.947401910428482,80.0
33.22329281751901,86.0
36.67063752496438,93.0
34.01117127707198,90.0
33.039056777367406,102.0
26.96520856639998,95.0
29.758373068249067,72.0
31.315037302582684,68.0
31.90595984087528,80.0
34.54981431530138,96.0
34.00028398243116,98.0
30.915025104821922,115.0
27.694940649669068,76.0
32.027883603380296,66.0
34.17792501459083,78.0
31.414175404683437,91.0
29.499788848749887,85.0
33.22691547718296,90.0
31.141282899089752,85.0
30.786678709646267,80.0
26.52871614417779,71.0
30.221839329200183,78.0
29.818706713518665,65.0
27.747555551729647,51.0
34.628288084448506,59.0
32.608736520524445,74.0
32.10399562562417,95.0
35.52966207434521,91.0
32.91449447786963,83.0
30.8363304268958,91.0
32.10029047522171,94.0
34.31216145042593,100.0
33.57613487060984,75.0
34.623865817012614,95.0
34.873147600953665,110.0
35.31971145488374,111.0
31.80443139853193,92.0
28.959722743892446,87.0
29.072660953844007,74.0
29.976526131449607,63.0
30.274175808049698,74.0
28.769002244974963,86.0
27.13658090157921,70.0
24.757240010137817,76.0
29.10883060853843,47.0
28.804123398003917,49.0
29.591111848632064,55.0
28.01832670560482,66.0
33.326128121306986,55.0
34.299209374540695,77.0
31.5431116817767,94.0
31.634770466954105,81.0
34.514165641991205,89.0
32.36853612725905,104.0
33.25845654852133,110.0
30.928404695951045,104.0
30.680417751037254,83.0
34.12429772074333,81.0
36.68276012735163,95.0
32.11253333092503,100.0
32.984061154203076,80.0
31.681567551358555,91.0
33.58807033905121,97.0
30.64255455831501,87.0
34.31456026833878,104.0
29.676688480468016,100.0
27.872033930233755,69.0
29.015957335645524,59.0
31.13842627155467,71.0
29.58682036219406,63.0
30.1233785044776,62.0
28.74289870812414,81.0
26.159983333400238,62.0
27.51624471952941,63.0
28.374949313263297,75.0
33.18276036492222,64.0
33.08719692650125,67.0
30.68927704740129,92.0
29.9421072898944,72.0
28.447116177813268,69.0
27.035135782846343,68.0
29.340668742811932,49.0
30.111582834392713,66.0
26.62839752466867,58.0
27.20233696547438,51.0
26.21415896838419,51.0
21.820477436597777,57.0
22.448030338114446,45.0
29.693263346830594,53.0
26.612481533876537,73.0
24.84971082842109,55.0
22.08996109987656,42.0
23.037427464693145,50.0
23.362901520355486,53.0
25.014219402520453,56.0
24.604356214379898,52.0
28.094816043921373,40.0
28.705189534273543,52.0
26.45046488683186,67.0
25.548444856593587,56.0
23.721765598831148,45.0
21.887118582147814,48.0
20.929821931609037,44.0
20.19727802240529,46.0
19.45442459788733,61.0
18.253633786613378,45.0
19.08928429163178,52.0
21.10689168295694,54.0
21.110945179155458,46.0
16.344464699402707,48.0
19.50884588428406,46.0
18.0243232229609,54.0
19.806753954915255,57.0
18.651760502327082,40.0
18.40087406475086,51.0
20.356590987562022,52.0
18.272050253626272,64.0
17.61394647900503,46.0
22.643739495948978,50.0
20.631772165715685,39.0
17.434094138955203,58.0
18.12621815060176,47.0
17.209541587056833,44.0
16.92279221898302,41.0
15.984736676265069,57.0
16.725844305497105,44.0
18.27315989677976,52.0
19.63510133469117,53.0
19.07090695119906,60.0
20.894673329037104,49.0
22.16429293222872,40.0
21.528175657478176,68.0
18.82938941469056,60.0
15.284900580623784,39.0
14.60847573518671,55.0
16.285998981258103,56.0
14.081826349836826,47.0
12.941963949145517,45.0
13.609414421891369,52.0
13.485651244130306,36.0
10.15663492571827,43.0
10.71258613682311,52.0
8.457572002000008,36.0
11.682407594996894,39.0
9.733569925274374,50.0
12.110002276046654,55.0
14.20383384939517,52.0
14.745890930286066,53.0
14.306743804349404,63.0
15.509943844963743,57.0
15.438211356799696,81.0
12.634586019186278,69.0
15.701652025027718,65.0
18.07912010725939,60.0
16.91716587832377,74.0
17.721799368791213,53.0
16.565339641075585,59.0
16.5350014768712,60.0
11.734280246694542,58.0
10.365134164521617,67.0
6.743673791476045,60.0
8.214599182189357,57.0
5.274467707405755,45.0
2.2537412549301123,38.0
4.226536577226308,38.0
5.1633506999258625,38.0
2.251429912371071,57.0
6.996551818503155,56.0
8.12392668944468,45.0
9.708353892611159,54.0
10.532309766235226,56.0
11.511089266373997,71.0
13.08444513200075,66.0
8.772561247065443,62.0
9.70311222964549,71.0
9.610992735771081,79.0
11.275893372528525,80.0
9.267428013083546,71.0
8.055202508625424,52.0
6.574843298623702,65.0
7.559184917607947,57.0
8.327167657092309,57.0
10.17780620166391,52.0
10.779506043567805,65.0
12.194926908999822,61.0
15.316229494047535,68.0
16.018437031493793,63.0
13.795030587829178,72.0
8.29454750092753,86.0
11.648757886063724,65.0
15.233111413306036,63.0
12.562440550399543,74.0
8.657196071467403,56.0
9.36052382346754,46.0
6.540920819890889,60.0
8.639951152286017,53.0
8.674966388039682,64.0
6.634434899186958,59.0
4.837578417593714,56.0
6.7979215767512,45.0
4.795005350455359,54.0
4.815454890304455,61.0
5.777326879205161,69.0
2.89505420195888,66.0
2.0091135284314205,51.0
-0.22556395156756182,66.0
2.5626988475801014,70.0
3.8241375126747013,64.0
5.691941635976072,73.0
5.659173326865722,53.0
5.840437000861117,85.0
7.295881322809312,74.0
4.53158730935734,65.0
8.519289793464088,75.0
9.984595336133157,73.0
6.222323660000659,82.0
3.9159149079683147,62.0
3.2603026603633927,74.0
3.7426483778039126,72.0
3.289486124894535,78.0
6.63571268352657,79.0
7.68788661570933,56.0
8.378085539635293,67.0
7.874831301292944,70.0
7.4149845922913435,61.0
10.365135179457257,81.0
9.855412379479542,70.0
11.390378005261903,77.0
10.522416748922922,61.0
11.505342329141518,68.0
9.715680807499645,70.0
9.52256592638652,76.0
9.613054418420932,78.0
12.250970523458603,71.0
13.632207939729613,62.0
13.08436002009078,70.0
8.906726538503607,65.0
9.074140326282361,61.0
10.371128913001986,57.0
11.920270725420872,54.0
11.756540267923995,75.0
10.740348482747901,65.0
11.94742101054344,65.0
12.242446675476028,71.0
10.48650502886602,57.0
8.599056338531225,51.0
11.301113352633939,65.0
9.140833702206493,55.0
8.487744846856236,55.0
9.809699235762764,56.0
10.342978892828203,74.0
11.389940017477947,71.0
11.829438557001115,59.0
11.227517344685198,62.0
11.637275493457471,67.0
14.51228627386422,62.0
15.986463823115704,73.0
20.07747982129503,65.0
17.87396415453865,72.0
16.916439733179303,83.0
16.070232520833425,56.0
12.947855079370655,62.0
12.034192605462078,71.0
10.889736899822555,59.0
9.179088910297768,56.0
9.126127604668818,46.0
8.106707314038038,61.0
5.421894410280142,50.0
4.665752015144735,37.0
8.061959349882565,38.0
9.601397745489436,53.0
14.37643912604809,62.0
14.924196089538396,59.0
15.41301833255737,61.0
15.540437927301804,67.0
15.0163279697956,79.0
16.028839271019766,73.0
14.016005462401125,60.0
15.443185590561734,72.0
13.006304380239552,74.0
15.80562839173622,58.0
14.949208789800535,54.0
16.784213630592912,44.0
16.33046473859129,44.0
20.16237307648411,39.0
20.379812017051673,60.0
22.600636174959803,54.0
22.463583672447122,55.0
20.691768623516467,55.0
19.677492057056615,36.0
20.496086957342076,61.0
18.58755727630573,52.0
19.562319832584745,48.0
16.57328827914627,51.0
18.746118774515317,43.0
21.48357536664843,50.0
23.536956090745548,47.0
20.436692633306567,42.0
18.80239871597017,47.0
18.64348315692162,61.0
17.153914876214323,51.0
17.157547940878562,50.0
15.727727992652598,53.0
16.278575141434814,59.0
17.975624783454634,51.0
19.443087655159886,45.0
20.773807720945253,34.0
20.15024328916089,57.0
19.901013009156753,41.0
20.942821710278775,54.0
22.701270756978484,55.0
24.72219390179159,47.0
23.562396528752124,42.0
24.18157374711302,58.0
24.99008729881841,56.0
26.691824553254026,61.0
25.917712171326446,55.0
27.238430820389386,56.0
24.107864506049665,61.0
24.933379592871482,56.0
23.24836223431298,53.0
24.448389556958144,43.0
24.650972964968997,55.0
20.18061141257266,57.0
19.97389758053132,44.0
22.251831247992488,45.0
22.87854519340284,54.0
22.822604979317624,56.0
20.28844137047371,46.0
20.941679176510117,48.0
23.623041598485546,59.0
22.0968662029147,53.0
22.585940787536288,52.0
20.36434003735795,45.0
21.372041040699266,39.0
24.745207480123693,42.0
27.680816066243256,46.0
27.469717702452588,53.0
26.348430700286627,52.0
24.899581058650735,58.0
27.590782795861948,66.0
24.952927644413133,64.0
24.760497749266175,57.0
26.182848332271085,51.0
22.751624172736868,50.0
25.009477981919755,52.0
29.49561699433719,51.0
33.63798888076021,73.0
34.290567210377546,81.0
33.86321768344554,75.0
31.60693088930698,94.0
31.734722345507542,97.0
31.369127034037053,90.0
30.642525581368943,93.0
24.498336354162234,78.0
25.524273434241223,59.0
25.161990729532587,53.0
24.260711849877794,48.0
28.40870982438961,71.0
30.393755066290673,75.0
29.036716373570638,52.0
29.076452177461018,63.0
29.11971019546506,66.0
31.339588912388407,55.0
29.022783126986774,46.0
32.674195834637125,77.0
32.18709777870553,88.0
30.350227464843126,81.0
30.224792608412375,82.0
34.17222644787405,74.0
32.74844843233919,89.0
34.47951535256777,90.0
32.62680219466693,113.0
33.69434469793769,104.0
29.085470121287216,86.0
30.82586667339951,84.0
27.086621076807848,71.0
28.506178208594523,75.0
27.369453077518198,66.0
30.30798918644163,66.0
28.20150631203922,51.0
29.342650799865087,66.0
30.356714071387817,49.0
29.580810084390667,62.0
30.633770342993653,63.0
31.598443742579615,77.0
30.826613802537157,86.0
32.180646035157245,93.0
29.937831932640727,80.0
34.12361011450522,75.0
35.84314862534669,101.0
33.97952220866786,95.0
33.25814890551618,81.0
33.04879404076213,91.0
30.424733772876987,90.0
30.89415580240952,102.0
30.46979000281495,92.0
30.47046739139803,89.0
32.38036967560242,76.0
35.165280666616475,96.0
35.004935001939764,86.0
35.05699183306667,114.0
32.73217425953276,80.0
31.40202475029223,91.0
35.917379229153894,85.0
35.6568214843134,105.0
36.89642613058211,108.0
35.980890929203326,104.0
37.13585181139379,94.0
38.847311009442386,119.0
38.43061094973248,103.0
39.2910034500672,96.0
39.92259790840792,96.0
40.08589656223606,90.0
38.26573462666209,89.0
36.29348935815425,128.0
37.08939811728852,104.0
36.38361629571427,92.0
35.14556813303479,87.0
31.69687905877914,87.0
32.56697187413134,122.0
33.5188489722484,102.0
34.17280988094261,100.0
29.800801827788256,83.0
28.533150459660988,73.0
31.491058983820096,57.0
31.626037884607943,95.0
27.028544080146816,64.0
23.576874319403668,44.0
25.56292053195132,58.0
27.32344794943771,44.0
25.822873483093936,58.0
26.08143888438125,51.0
27.200131902095272,44.0
31.041354697676017,65.0
26.60738744112716,67.0
30.55565759270956,81.0
27.96373705642736,70.0
28.257183109883588,72.0
30.994544586427565,62.0
26.48732305237802,61.0
24.377062047166046,68.0
23.984350827997034,56.0
26.340514791605774,63.0
25.107649159414457,52.0
27.179525527885236,51.0
24.690363114665836,46.0
26.1008882277561,47.0
26.2300063144672,54.0
25.10448740449372,34.0
25.816693984628767,51.0
28.414480782579357,54.0
28.89122799502529,54.0
30.956655313756915,60.0
28.666983017520497,75.0
27.940089598943295,58.0
27.50119856093243,54.0
26.42563191006869,72.0
24.31908429205516,56.0
20.51223671958327,50.0
20.779195238158636,41.0
23.50953281813769,47.0
26.12736195556451,56.0
25.533838185888694,48.0
26.182527688141136,46.0
26.901322133693025,61.0
26.159768209743234,43.0
28.11382316435951,47.0
31.734634684532327,45.0
29.46108920704554,64.0
24.644267535190604,68.0
22.254225009773574,53.0
23.069925486074382,62.0
22.57202541605001,52.0
22.566146379858363,57.0
23.049983762283528,54.0
22.334470701160516,51.0
22.721791345277612,50.0
25.128788485761145,54.0
24.607586076703864,46.0
25.341614784191584,50.0
20.714832786690316,42.0
22.324520344814893,62.0
18.838784038938382,54.0
17.44145177475789,57.0
18.096997975566914,46.0
14.632531552752639,53.0
17.315058155356688,47.0
18.41406895450911,53.0
18.43794461163083,47.0
16.4463254268039,48.0
19.310564311198036,47.0
17.468276143227687,47.0
20.81709503643764,39.0
21.770923587441015,63.0
20.968976672996767,48.0
19.066923810008845,73.0
17.48198327235907,60.0
18.373792514589756,50.0
15.993999838888337,41.0
14.516484289390611,55.0
16.93993035180813,63.0
19.373003412373055,44.0
22.273310223502914,55.0
25.959639164860747,54.0
23.35554274391716,51.0
21.659840862830833,58.0
22.697813138687216,60.0
22.24197043530164,46.0
19.8695023572344,51.0
21.71102275120707,65.0
20.332633973233172,49.0
19.533435101460938,48.0
18.548696203888888,51.0
16.382389369798126,56.0
10.87549416503808,50.0
13.629536016861927,50.0
15.829283443463826,49.0
16.627416222541076,52.0
12.233817473341755,51.0
10.660109898542988,53.0
6.702187652240636,35.0
5.295896802880737,47.0
5.906381661307733,53.0
8.231264892263615,43.0
7.7947306715822915,51.0
8.204242366190256,40.0
4.71519047655584,54.0
6.3440817908204705,66.0
11.532265979490223,58.0
12.247189755947401,63.0
9.943229657386887,63.0
7.635771685515007,61.0
9.159300903429017,75.0
9.225790479458844,77.0
9.475110998834744,67.0
8.763330264535039,69.0
9.8614193662631,72.0
5.63479321324484,65.0
4.873457376107447,60.0
5.750789861607919,66.0
7.892275753220618,51.0
6.595335521444519,70.0
10.38397607909327,65.0
11.207166221364472,54.0
8.291398290230763,55.0
6.5654865426026845,67.0
8.311798335346442,87.0
13.655910601542388,52.0
15.05529929098467,68.0
10.411749121698994,70.0
10.657680241933843,64.0
8.541276496637963,80.0
5.399324876726414,62.0
4.704658683677389,60.0
4.33801001720485,66.0
5.804444168708796,52.0
5.990938233374595,55.0
6.9455131152540925,52.0
7.242452566849258,72.0
8.094265352893967,42.0
6.977106502568997,50.0
5.966382355270105,62.0
2.9603042441302154,71.0
5.749978792221502,79.0
5.039539130132848,69.0
6.47563901695381,78.0
2.9969374337399053,69.0
7.976162235410648,69.0
9.774837838881998,59.0
5.735602941555232,65.0
8.207410121269389,66.0
7.305719587621137,53.0
7.265965110102179,74.0
6.9533610893369975,69.0
1.2089317954453431,69.0
2.0016447425734896,71.0
2.374999275234188,62.0
1.9980659830347136,61.0
2.2432827208229957,82.0
1.006513215972058,69.0
5.8824756726798775,52.0
8.723542520427362,63.0
7.293010337246278,71.0
9.622281842767109,62.0
10.464146442562445,57.0
9.249758286444411,79.0
9.504698391509132,70.0
9.07402712674978,66.0
13.06611945238469,82.0
13.202878697184506,78.0
12.186211707778838,79.0
13.900619000327131,67.0
13.484443478065081,77.0
9.4413455193242,65.0
10.41419927404963,63.0
9.352203832533757,70.0
12.042718102116584,67.0
9.1245099060475,47.0
9.894974729937212,53.0
9.80457301441314,57.0
10.892416073772836,58.0
6.801800848453499,70.0
8.129866590380166,58.0
6.975094175060066,55.0
4.982533345523739,63.0
7.9240312558690285,70.0
9.860906512224433,75.0
8.912702966289945,51.0
6.700912473229154,57.0
7.23651178951928,51.0
5.992291551237422,48.0
7.555464660266244,66.0
6.4499806132834365,61.0
4.096579462102941,70.0
4.059761774022817,65.0
6.24165444634974,63.0
3.650454686864437,67.0
5.359232589551737,68.0
10.784066444324445,67.0
14.0808220008685,71.0
13.044355902467032,69.0
12.306271780460824,60.0
10.41183589827044,76.0
9.297068059537416,77.0
9.973042522078629,73.0
9.219291599447313,74.0
9.549477989333509,92.0
11.721605538889877,74.0
12.80312564803157,70.0
14.153918137617355,55.0
15.846265366893173,61.0
12.858151443517844,56.0
13.006480921958069,69.0
15.362930112995267,89.0
21.258231328177605,62.0
21.89159701847586,58.0
17.934973259192372,70.0
18.316957180918493,55.0
18.58312524087787,51.0
18.200651369565694,71.0
19.204594444592757,61.0
16.76615056462544,57.0
13.917853745957732,63.0
11.5838135115335,60.0
9.930138747345694,41.0
11.481812362763131,53.0
11.018947821640042,46.0
10.234804938399,58.0
13.102057004634975,46.0
15.246875078481017,43.0
12.33734947736643,39.0
12.385044363606685,59.0
13.57910777673586,58.0
15.545615471073427,58.0
14.544660936101373,58.0
14.986519040662543,53.0
16.697109220616383,70.0
16.833822515533658,57.0
18.664160525684288,57.0
21.581349054310778,50.0
22.488558929554177,72.0
23.07218922911407,67.0
22.64753629738486,57.0
19.43755146633351,50.0
19.172447051506968,62.0
18.234701213479525,56.0
19.678276324932373,49.0
19.032517336945432,58.0
19.594832846330714,51.0
20.46280500625099,47.0
21.660915313620446,47.0
23.665624675182087,58.0
24.59454365564946,48.0
23.886712543600375,55.0
26.63450190593717,42.0
27.246214861017744,40.0
23.60393554765127,53.0
25.73729280679306,50.0
25.272069803772673,49.0
25.05949887266121,58.0
25.2170127703329,56.0
25.812845699826084,47.0
27.16695472918325,55.0
26.149601498426733,63.0
25.658947153237516,51.0
24.109315964524132,45.0
28.64342803426968,57.0
25.63910579357155,61.0
24.893297569857236,45.0
26.805663869240963,48.0
28.908159069974268,43.0
27.882363295722374,56.0
23.73963262741633,54.0
23.365466690884784,51.0
23.773870565792986,59.0
23.543252848075614,48.0
25.839585609155098,40.0
29.63647188706082,52.0
29.7378309124208,63.0
25.984207663623955,46.0
27.084964633818633,56.0
27.315689039104385,55.0
23.50408126935377,52.0
23.253048332658175,62.0
24.494883154985498,51.0
25.791843100955923,47.0
24.31109521649616,61.0
30.43337129972914,54.0
30.460609489534843,55.0
30.287537808607627,74.0
29.093190156380178,88.0
29.482909462678037,57.0
29.242312568707423,79.0
31.923829556126357,78.0
34.534087041131485,94.0
36.4788258141223,111.0
33.99856977949562,105.0
32.45713347132018,96.0
29.92036237229675,83.0
28.854833301598298,86.0
26.94576712249482,63.0
27.24893652212866,47.0
25.598759843015777,51.0
27.284145813602855,49.0
25.94700196564719,44.0
24.548883529406044,58.0
29.361855652109014,48.0
26.819228353876852,65.0
28.84249712911024,51.0
33.911164318487664,67.0
35.38881238091102,63.0
37.30477330072418,72.0
33.91415716946783,108.0
30.680022157467057,94.0
34.159027562443875,95.0
35.12505773994276,103.0
32.489552133780286,95.0
30.897684769891978,101.0
31.836790891735568,94.0
31.480542740791684,97.0
29.512557451809634,78.0
31.50641991783736,69.0
33.00694437803368,83.0
34.27562337998746,96.0
32.33006917459275,105.0
32.183249627383574,94.0
34.0574193842262,92.0
33.8696938836865,96.0
32.83492543046974,77.0
33.32138963601973,92.0
34.27124081370047,101.0
35.560819530712465,78.0
36.02486527954102,78.0
35.340687375260096,81.0
36.85154390948281,104.0
39.1118825446038,77.0
36.61340936426444,109.0
37.09956204146674,112.0
36.42267347150816,81.0
36.36222217156047,90.0
36.306963956033314,97.0
36.20240526906962,82.0
31.862488141488676,87.0
34.250959654446305,110.0
33.63993519776845,105.0
31.51481511340348,102.0
32.62198073599554,76.0
35.79540305261616,80.0
35.640601308847245,93.0
34.930561576380654,106.0
31.473452625038853,92.0
31.181213187381598,80.0
31.44020619708255,80.0
33.9657984898836,93.0
32.48418373466904,84.0
29.16897242539424,91.0
29.994414747406697,82.0
30.952686242286312,72.0
31.57021533632604,84.0
34.07269555814719,77.0
33.81844548267372,104.0
35.01336315443949,87.0
34.688524934367805,92.0
32.13554527269659,107.0
29.40326405763174,73.0
29.70705400841507,99.0
25.91735295380854,70.0
32.09450512114978,68.0
32.94047232297538,77.0
28.159151217089956,94.0
32.650934803410166,68.0
33.845531404712524,85.0
31.90302489804586,89.0
32.0718498920832,91.0
30.23664023293858,90.0
30.979480992644888,86.0
31.479769129897004,97.0
34.10201011373451,76.0
34.27029300585246,97.0
31.360630805897593,91.0
29.841435013034708,93.0
35.420068897324455,79.0
32.21409717678278,94.0
31.098053954105033,103.0
30.236463046917475,101.0
30.605663635247875,88.0
30.181066221243114,77.0
33.19765135177642,76.0
32.88892108214406,86.0
36.204086071341465,93.0
33.50291583915003,90.0
31.538530851099665,99.0
30.825165552871596,94.0
29.884976169343204,59.0
27.855312387876822,74.0
25.934316829781444,61.0
27.905765768496288,58.0
30.543518353376662,67.0
32.714251994841085,63.0
28.173938592882376,78.0
29.190673215811405,58.0
30.834718219608952,67.0
30.25859965457075,70.0
30.54705593083734,69.0
28.09005900242185,78.0
22.414114777398723,58.0
21.731496694265374,51.0
22.086710547287776,53.0
24.645639225698474,54.0
24.50615056863954,44.0
24.48138442309101,50.0
24.808088467946316,47.0
28.342206682604125,63.0
27.335106552096033,63.0
24.750198733639117,65.0
20.776027400764363,44.0
22.111151263053014,62.0
21.878324561915612,55.0
23.195439134347872,50.0
26.85075124664597,53.0
23.398765453806995,53.0
18.860559025113695,43.0
23.450505293115093,51.0
22.952243224844803,45.0
24.899446235165154,54.0
23.64432205810729,41.0
22.087207354370992,53.0
21.37342469733401,46.0
20.664726746973322,46.0
18.627820978619717,46.0
18.414498800108202,45.0
12.255888615693367,48.0
13.479104721121658,53.0
12.736312533427688,47.0
16.51083348484844,42.0
17.249126126051173,40.0
18.27822512239962,39.0
18.713332566565672,53.0
17.829626633456247,53.0
16.092415024565724,47.0
15.175742058291151,56.0
15.478848983087936,68.0
13.673900251833924,66.0
11.89709334363362,76.0
10.942235399258585,56.0
8.419360145972828,54.0
9.570354140682143,58.0
9.375620882429239,53.0
10.120303895545344,49.0
14.548250463165537,52.0
12.847272533468548,55.0
14.483755506383824,57.0
13.606114636333963,57.0
12.722544999704613,58.0
16.73459475984949,65.0
18.634267710208647,64.0
16.156958856197658,61.0
15.144375787324458,64.0
13.220502896436702,59.0
14.546140163870483,48.0
13.509048032833562,49.0
10.3393526488913,62.0
11.9572604518327,54.0
13.414405994002156,51.0
11.349385419853984,62.0
11.845502067666576,55.0
10.078969425900903,45.0
10.639308692859013,56.0
12.567319439439776,51.0
13.023640254628857,64.0
10.13201531024792,51.0
9.84032475864698,46.0
10.50759129356522,63.0
8.234131391439206,75.0
9.358503780289242,50.0
13.635735076765833,55.0
13.758278078407574,48.0
12.67178185744591,67.0
9.306935611325516,70.0
10.184239981410546,63.0
9.354899804707028,67.0
10.488733333405351,75.0
11.475852709764622,60.0
12.927061347284766,67.0
12.1635147776555,56.0
11.73211262567891,69.0
9.351165313848885,54.0
5.1316776680905045,47.0
7.146436757220867,71.0
9.250525551207533,66.0
9.789454186714593,57.0
10.613568826968992,51.0
8.26275615104475,47.0
7.290129105884929,60.0
6.430361117955307,49.0
2.7716012454903414,54.0
5.446478147117155,58.0
4.118190266131009,81.0
3.7223650972501767,54.0
0.32571951817071465,47.0
-0.18534304168516513,54.0
4.0457395891098695,63.0
3.6470517609065727,74.0
5.4459013004430865,59.0
10.575019457423876,65.0
11.154403620033777,66.0
7.907994015600625,87.0
11.094881667847726,67.0
9.450284775712886,76.0
6.784422726036922,78.0
8.496169587390137,63.0
9.462704882904994,91.0
7.090879442375574,76.0
7.294898020087099,52.0
8.064477247667229,49.0
7.908989016381304,65.0
9.47379941806486,74.0
8.060361643011413,62.0
8.106945796357905,84.0
5.269254566242591,71.0
4.335522824305341,72.0
3.213229458296551,69.0
6.04928668363741,59.0
5.645960921820107,61.0
4.584768556258831,70.0
5.322503810477506,61.0
3.9354692118599797,60.0
5.439458533233613,57.0
4.228840862175406,59.0
3.375093527258443,86.0
4.6212009746319165,70.0
5.266883874148828,66.0
7.147816981787967,80.0
5.312549260175842,76.0
5.144254947612478,69.0
6.253876503484339,64.0
7.525992510827258,77.0
7.3203068157829545,71.0
12.63235693168037,58.0
13.360721890756224,56.0
11.91606960101584,71.0
5.855154098241401,75.0
5.828101499227205,71.0
4.805405312133001,76.0
4.788251691469844,77.0
5.212778561130342,68.0
5.874597889220524,68.0
3.831086068576763,48.0
4.807019917414712,47.0
7.121846814371535,45.0
4.709834072964533,61.0
6.851166106897738,65.0
8.270272083461181,58.0
7.936407738430369,84.0
7.635425946640335,65.0
5.185129688844656,75.0
8.051787109453196,64.0
10.101669673506851,75.0
10.066986990862413,65.0
9.148703104317136,61.0
7.628008893806647,59.0
7.082050024787343,76.0
7.505906716260771,60.0
9.033270368604805,68.0
10.646594587084582,64.0
8.352901225357368,74.0
11.06780912861235,69.0
8.966989093437395,76.0
10.422259206626567,72.0
13.149694368043118,55.0
14.875402130003646,94.0
14.188835898496553,67.0
12.955311879232559,59.0
12.52755940228064,71.0
12.308941538672228,83.0
15.934523094802017,79.0
15.14294462990426,65.0
16.64957369005441,68.0
16.970319096642786,58.0
18.969230187707957,61.0
16.627780867702207,66.0
14.924280555516262,59.0
17.092566378959496,64.0
15.268456624066086,55.0
15.549501028146095,56.0
11.73190272641245,66.0
12.274066206301342,58.0
12.137955366000135,64.0
9.042348936064394,54.0
7.075611056586974,47.0
9.272409036128154,69.0
14.43955506072226,52.0
12.991244393582857,50.0
16.424379843679375,42.0
17.02899344132113,64.0
17.215784439264475,56.0
21.370385818675345,65.0
24.280780263943846,57.0
23.66418929528517,76.0
22.66630981339013,66.0
22.903847989813958,61.0
22.494721088870154,55.0
22.478264455926926,60.0
23.756862096288486,46.0
22.314245441909897,60.0
23.20159377703758,49.0
18.366656527686967,67.0
18.59901820304443,63.0
14.8672847566603,51.0
17.703093448778073,43.0
19.502711380397997,51.0
19.889907061721605,52.0
19.80182710112445,55.0
20.982388596704627,56.0
23.224371772674253,52.0
21.240222358760448,45.0
21.07826424232642,51.0
19.211780735544327,56.0
19.75687773455803,61.0
19.603469269720307,63.0
14.797847332634372,71.0
19.1715571214562,54.0
17.211928425826514,54.0
16.62168558688081,47.0
20.01218591497761,42.0
21.789798210834174,44.0
25.51647953580597,48.0
23.417522402937003,55.0
23.765504410120506,53.0
24.77610607220155,47.0
23.78311657803189,56.0
24.88744992004158,48.0
25.623624619275255,57.0
21.02439058230102,44.0
24.52644795239911,56.0
25.44265988725919,62.0
28.49608701025311,45.0
27.609753154759858,59.0
28.61178186151174,52.0
29.895013523518315,49.0
32.010210385899235,64.0
36.19741968943652,76.0
33.6768083611757,93.0
28.571733345017872,84.0
26.824592679384093,63.0
28.861778695863254,66.0
25.566281553696527,55.0
24.86925940450633,61.0
30.048480442191362,66.0
29.170820618041784,61.0
29.64994838081859,69.0
30.9233789733182,74.0
27.74090845788172,73.0
25.307847286502287,57.0
29.64214201653195,51.0
29.08501171645026,63.0
29.04405049231233,68.0
25.30218027993596,58.0
27.348755897857867,60.0
25.628594015937278,41.0
26.762284845021554,44.0
30.51641250383327,54.0
24.57836712077796,56.0
23.55037855302026,66.0
25.029089243969544,52.0
24.633930501712523,50.0
24.060859327799886,56.0
26.333215765451058,41.0
26.862440336534082,44.0
25.888410252564906,62.0
26.494601728828545,32.0
28.789657117177587,61.0
30.74679878490831,57.0
31.23406646803024,63.0
35.0885680452003,73.0
33.740929940771984,110.0
32.36713734402574,89.0
33.39028432242323,79.0
31.216114538647865,83.0
28.55564136008487,80.0
30.905921212105827,79.0
31.06238247428787,78.0
34.38651023878446,84.0
33.54588041777845,83.0
35.19710711341057,84.0
35.762513363753165,87.0
31.12902492824468,101.0
33.710934980077944,98.0
33.820957384216186,98.0
33.241399165550206,109.0
34.76855584607889,90.0
35.37660582580117,106.0
33.60442534120532,110.0
36.596705191720105,104.0
31.52871584881094,94.0
32.67970075492912,104.0
29.118264349042555,88.0
29.618223752269884,68.0
32.88674038815823,86.0
32.20491842857303,85.0
31.45669149454156,98.0
29.56464953877186,85.0
29.011384522153403,66.0
31.205171175486406,65.0
31.635146327361767,75.0
31.0793342090947,92.0
33.39051744147352,95.0
34.98341238485515,90.0
39.32368857119174,96.0
37.57718123342417,100.0
33.764267405239735,86.0
31.281286920469213,88.0
33.09174607977417,96.0
33.64938645915421,97.0
34.33873942231568,86.0
34.46919056209016,99.0
36.02993570041522,95.0
34.17388409228433,89.0
34.15609701461272,95.0
35.8537687001393,109.0
36.137491208674945,104.0
34.156163616606406,94.0
34.153908898870725,93.0
35.2424110600356,105.0
37.22822634888246,113.0
35.26611317579969,105.0
33.43220448508777,104.0
32.009942457250744,90.0
30.64159773025378,98.0
32.20518087888699,101.0
31.9469708243576,84.0
30.072337969166533,91.0
27.97983718879736,94.0
28.381353585314326,70.0
29.859884711196298,59.0
32.52257952042263,72.0
34.44501733202213,59.0
33.78925295725772,102.0
37.29342653486526,115.0
36.52534711295339,97.0
35.44895668633417,110.0
33.71880925129248,94.0
34.56625075866047,106.0
32.72027899977221,107.0
32.43581732649712,116.0
30.126749395425303,91.0
28.730349976540875,74.0
25.555083356787407,66.0
24.089034310316265,64.0
26.884068124755533,49.0
22.213061063264373,37.0
24.090016281760604,58.0
23.39254795968457,52.0
26.439613646985645,42.0
26.16013393458765,57.0
26.877958868373582,63.0
27.476450175355183,52.0
24.225173326671452,49.0
27.276811012805446,56.0
24.203203892332123,63.0
22.766959374234904,44.0
23.727371461547683,44.0
22.89076349142735,47.0
23.93616643579078,44.0
22.66450301597191,55.0
23.11763940873002,48.0
23.16572249010733,48.0
20.03762186575593,61.0
19.323987303371695,45.0
17.12380237455885,56.0
18.15975287625752,59.0
22.29850213638316,48.0
22.699388096228464,43.0
22.89539139429615,45.0
20.794271060952646,52.0
24.52611885461167,62.0
21.365240330093958,61.0
19.923353194096705,59.0
17.597364371971597,53.0
20.015320429693464,43.0
22.063987208388987,63.0
21.126471837014574,54.0
17.002744043449287,55.0
15.076734089830225,60.0
16.111561938479515,48.0
15.751136540423607,55.0
15.217063382011977,44.0
13.877278026421013,58.0
14.825524214414228,56.0
18.32485578902726,50.0
20.366751836475906,41.0
22.96925118910411,60.0
24.17705234256687,57.0
23.22830201628164,61.0
19.904885777925944,44.0
20.755460534609245,81.0
22.68623426634343,53.0
20.15182312059272,54.0
16.64959034507419,65.0
11.98011344233931,68.0
11.605808612144683,51.0
12.416179103481175,48.0
13.283665509566369,47.0
12.354671864642022,37.0
12.990897749967004,41.0
9.843463257601698,42.0
11.147668259871814,43.0
9.40288033746925,49.0
11.668901083267645,68.0
12.409364307227555,43.0
11.765117054162388,52.0
13.309047075651918,54.0
11.177719445426934,50.0
10.18806185114138,58.0
11.503593684027374,56.0
6.78250419569812,64.0
9.160415672703646,61.0
8.566976619879503,75.0
8.66982527384034,62.0
8.450463480668002,64.0
9.826347627873076,50.0
9.34934530238647,69.0
8.999200567347941,63.0
10.799683746665163,69.0
11.121528892553298,67.0
11.765389130767362,55.0
12.773466943296206,79.0
12.373268124000841,57.0
9.663096394394662,78.0
10.869961872683989,71.0
10.34986543840937,73.0
15.650968037590552,65.0
14.727925945172947,65.0
16.006081471170255,69.0
16.217142555475412,75.0
17.52906126427147,75.0
17.964910860437104,71.0
17.73389880247087,62.0
19.350926837426456,71.0
17.685563700171127,58.0
12.730783788784215,79.0
14.008956295877542,55.0
15.147883108865035,58.0
15.19795420089894,57.0
11.371690222898906,63.0
13.80742311920711,55.0
12.552669424314754,57.0
16.767487570151093,47.0
12.710605708953786,55.0
13.68567359491113,47.0
11.814280220542214,52.0
9.974491197189892,51.0
7.990189723645045,54.0
5.0027559238627015,51.0
3.636507741199635,49.0
4.556181666527005,54.0
4.567880919971384,44.0
6.265110421288462,50.0
9.34853233715013,54.0
9.503728449077757,45.0
5.639224268127263,54.0
8.148568209916492,67.0
10.35548091013876,68.0
6.3845969041932324,58.0
6.386431567659145,68.0
5.616542835325715,84.0
8.974786929255805,64.0
10.465693395305223,69.0
11.242668881009047,71.0
11.633476930379127,70.0
11.588622964276343,61.0
10.148728418117184,67.0
11.192833227721618,74.0
9.562367935814448,64.0
5.991051265800879,65.0
3.758931650114503,74.0
5.644424416603363,81.0
8.21100737682158,59.0
10.047733376383496,56.0
7.771362653321158,55.0
6.2619846625422335,68.0
9.586187006083573,67.0
8.58266653708879,68.0
7.889153637369689,73.0
6.7947156668227695,58.0
6.235005457187248,78.0
9.026016126665333,65.0
10.461942514060977,63.0
11.147860910319995,64.0
8.196592784281654,52.0
10.838801291676875,66.0
12.533909327049008,76.0
11.76777296841684,62.0
9.31383655903353,72.0
13.400957848596235,60.0
9.677266061105067,64.0
8.174405272525131,51.0
9.675403336074538,70.0
10.678864288381412,67.0
8.402689280119763,72.0
8.927207638342407,55.0
7.689113277718298,61.0
7.686706078880807,53.0
6.852094948350925,76.0
8.951141533409036,53.0
8.780046159045364,53.0
8.857365022763618,54.0
7.34033474456723,64.0
10.0759363855824,75.0
7.528174438295438,75.0
12.018293113226694,60.0
14.049002152728795,70.0
14.459246213457075,59.0
14.535425397965449,65.0
10.958875919295396,63.0
11.40124668075985,67.0
10.934261725798684,86.0
9.981751490896068,57.0
12.09218242445839,53.0
14.187542046725468,58.0
13.527722150210183,54.0
12.2142538377466,61.0
11.412022513847125,45.0
12.001651481381833,53.0
11.681205802272752,63.0
10.123488652902276,71.0
9.888541410767262,55.0
12.623290228823278,61.0
11.007305450644962,57.0
9.859623319574101,63.0
9.69726020151094,63.0
10.19947575239447,51.0
11.521906587099016,67.0
11.777275915157416,66.0
12.284530582420564,65.0
10.613567559064396,62.0
9.90070259492672,54.0
10.394668340455542,64.0
10.260050883829908,57.0
9.590808217400172,54.0
8.404493304755622,64.0
9.835501697532328,69.0
11.221420079032242,74.0
11.406700334991772,81.0
7.643607486050032,52.0
11.794288863376634,62.0
12.127547161409026,56.0
12.014605349032248,64.0
12.050485915382371,64.0
15.611498600614471,66.0
18.87394731310385,74.0
17.467288285128646,78.0
17.332035614019876,68.0
18.525762430346685,74.0
21.643140968900614,76.0
21.15844154646373,68.0
21.08491940010626,56.0
21.02620798991924,56.0
25.249924801423457,62.0
21.870807637829238,52.0
18.520736803805864,54.0
17.74937143000612,56.0
17.81890246285442,58.0
14.474384461697905,49.0
15.47461380162824,35.0
16.858366728218336,52.0
14.207683856276724,45.0
16.189249289348734,47.0
16.1662691144368,57.0
14.39079586336772,58.0
15.460055302772275,47.0
15.516913125671634,42.0
16.170705711102187,45.0
15.92662150586445,40.0
22.165385874706804,46.0
19.515680512398973,56.0
25.19813612425101,61.0
24.1434374676683,57.0
26.126758083997732,50.0
25.42889463766533,56.0
23.33816939173054,53.0
25.56468436234174,55.0
24.527351115955625,47.0
24.948029495328353,59.0
24.59909914033087,49.0
19.992331214893653,46.0
17.702323824541615,62.0
19.15347431369256,54.0
17.09094762947087,45.0
20.428107583721935,59.0
23.025778330164467,46.0
23.42849536637574,48.0
23.71357179518611,42.0
22.954380975554457,43.0
19.726017447272437,46.0
19.522300549212773,43.0
21.526012093300345,51.0
21.64013161310792,45.0
19.317281010089186,61.0
21.92554852300024,58.0
18.69361411356143,45.0
16.985109523847,54.0
18.640781926130238,42.0
15.633290734306406,56.0
20.12969766907854,41.0
22.217628784098494,46.0
23.72081233355283,54.0
24.265690116163988,34.0
26.477995642020762,44.0
29.399290440707635,47.0
31.004031413663558,70.0
29.453486711919226,63.0
28.073864642414055,66.0
28.773766849217598,64.0
26.59848433180906,61.0
30.27540409293938,54.0
29.57009378096677,65.0
30.584657402162357,71.0
28.38657420508709,62.0
26.14359489860875,55.0
25.49285228657045,63.0
25.753671425079556,47.0
29.54417375077372,59.0
30.133719308211315,66.0
30.65594434983036,57.0
29.217582793629138,77.0
27.588146491567883,62.0
27.11555314656839,67.0
24.52681877502279,47.0
24.659890949564677,44.0
27.90055026211286,52.0
26.223291506669867,55.0
26.101651271945883,46.0
26.46326566437228,55.0
25.912033479934188,39.0
29.79914570506784,64.0
31.483180479347784,75.0
31.225906945867806,66.0
30.83911630741638,89.0
27.927087788001714,75.0
25.78873417415693,74.0
25.11934253070108,54.0
25.83293442001513,48.0
24.9195451983034,45.0
25.5378225566998,43.0
28.31737430898037,44.0
26.79168201289259,43.0
30.777784828435326,54.0
30.29754434140321,56.0
33.11535483828574,80.0
33.01468000678111,71.0
33.9076586861846,93.0
32.179068863248126,125.0
31.400728115331706,104.0
30.568333847051736,100.0
29.81650889829971,78.0
30.285913758620293,78.0
31.668599388533497,84.0
30.36799757583205,90.0
32.291550797940126,76.0
30.487436473212977,74.0
29.501458191339115,77.0
29.779739478081645,77.0
29.52694043082059,76.0
28.59912563187337,65.0
25.71058409142567,69.0
31.478344308622585,59.0
35.86384811801154,73.0
31.672478038865897,69.0
29.46907457535491,82.0
30.94718484826227,74.0
32.152319017765755,75.0
34.716521421390645,78.0
37.96249348718819,95.0
38.26080966824893,109.0
37.129139472480276,82.0
36.59866082309957,95.0
37.07985221037396,101.0
33.31697155179691,92.0
32.45054457214951,115.0
31.384836050580393,92.0
30.777234864085923,82.0
31.802377330826126,84.0
29.899179437924854,68.0
27.195544162037635,82.0
26.940649974786325,55.0
30.52297183310058,45.0
28.02932458384851,57.0
26.978429619555758,70.0
25.624752352496106,48.0
27.734044020875384,53.0
27.087942210494734,56.0
27.037238505272917,48.0
26.862979557670215,57.0
30.11238338636791,53.0
29.42339608228215,59.0
30.27829835127693,67.0
28.131737292025743,67.0
27.170791388978998,64.0
26.975861743404767,61.0
27.945503300332458,45.0
27.456665366905888,52.0
27.024478985112694,57.0
27.5406133566841,42.0
29.754285540453342,47.0
28.09343965176522,56.0
29.584696866392324,73.0
31.60678459026659,66.0
33.23652450312128,73.0
31.36127262383867,98.0
28.796311568655995,78.0
30.232524810474743,83.0
25.29918149625059,79.0
24.553672936245242,58.0
23.16060686524995,56.0
23.658432150452693,59.0
20.588270433440975,56.0
22.488675493025006,48.0
22.441215684811098,42.0
20.941199444061425,52.0
24.833923214986658,47.0
27.111930821452876,50.0
30.96589035838447,60.0
31.54880481985139,70.0
27.85590125613492,70.0
30.679900860776126,63.0
28.666530243490442,64.0
26.6946414062386,59.0
22.313571171065902,61.0
21.996026863243788,59.0
20.57977577346733,46.0
20.62305295082889,50.0
21.86218698100826,40.0
23.36936459082152,58.0
20.61419088068049,42.0
23.085331838787194,54.0
22.221039775323888,53.0
21.65813677364454,46.0
21.41378121051138,44.0
24.61625903997438,45.0
23.040436002002302,48.0
21.262312745487858,46.0
16.3230974628495,58.0
16.894918931993473,44.0
16.015158623444655,41.0
18.309100316958354,40.0
20.012618661444705,54.0
20.41802495893716,46.0
18.289198130223784,44.0
20.048476748061326,42.0
21.55201454036065,58.0
19.648478014344708,60.0
22.23961870193194,52.0
20.491452050735006,51.0
20.582806039816937,46.0
19.968698352973465,46.0
16.678322177781535,54.0
15.2188035946943,53.0
17.86102439545104,57.0
18.659707391820923,48.0
16.628233833272354,45.0
18.89217401096883,36.0
17.149562696689504,49.0
16.606315542425556,54.0
19.083247212753218,47.0
16.76255424383165,57.0
17.92231727831369,48.0
20.712916520078572,51.0
20.942365470945624,50.0
18.644250284296643,44.0
15.439043391049703,69.0
16.96586455487056,44.0
17.29421304577101,45.0
18.88307653635295,54.0
16.709636958363674,54.0
20.97307288240012,40.0
21.02357498817949,45.0
19.905757569983006,48.0
20.513586486399966,52.0
20.023600883111108,48.0
17.736660783398005,63.0
14.852988559750692,54.0
15.638474900813451,54.0
15.736685121472595,52.0
15.594628968340949,38.0
15.737274379029957,47.0
14.224899285440372,43.0
13.963555354363733,63.0
13.178651345630307,47.0
16.233348311428244,54.0
11.796441550211467,51.0
12.920706576185237,58.0
13.816422421543823,53.0
15.893311332376665,40.0
12.512997509348367,61.0
13.380033554082026,52.0
10.92279300791167,55.0
11.145542743308553,51.0
13.463369994081198,65.0
10.01328712902344,51.0
14.453483259635997,43.0
11.73360726868057,65.0
11.443332110765105,58.0
10.557702213620653,54.0
8.980579529972404,60.0
5.052906070838614,72.0
1.8736759441371849,69.0
6.691992908320014,61.0
3.993995309170664,55.0
10.755950338395479,47.0
11.095473676430064,48.0
11.710769150799122,48.0
10.076531688422385,59.0
13.824676693323424,49.0
12.208151686093283,71.0
10.874635024415998,65.0
9.651245348468812,78.0
9.64743025195609,73.0
6.2575009072399235,67.0
4.641001635238135,67.0
7.551479299734005,57.0
5.015171511475462,64.0
5.8053250444837285,54.0
6.255969175878129,59.0
6.826365154923379,58.0
7.599019787006265,61.0
7.242163753813015,61.0
9.18656335796751,64.0
10.775118411143845,63.0
8.306987896051355,60.0
5.5111938700959415,65.0
2.129437714183723,49.0
3.5068395877248344,64.0
4.519377759764804,80.0
8.949706716141433,66.0
9.776540011153635,70.0
8.514376060013,61.0
8.045282507968272,53.0
10.957037904447134,72.0
12.87206786299843,64.0
13.967659436179805,80.0
12.652379207152029,68.0
10.760290672138265,85.0
5.966490115236059,80.0
5.47956051318709,81.0
7.866499203270569,71.0
8.216964031446846,63.0
9.65590521991209,45.0
8.41934671873426,51.0
9.369962297656787,49.0
9.249124202229202,50.0
9.433842702248615,63.0
10.71789752459992,64.0
11.005110358841913,69.0
10.528631557925491,71.0
11.24989903743074,61.0
9.946552259153538,63.0
8.730784110010763,60.0
10.053757213909272,76.0
10.6189479152338,78.0
7.788052552183558,69.0
10.509490514624314,72.0
7.997464363236813,60.0
9.732222244743124,64.0
9.049651006605098,56.0
7.198157615949569,59.0
5.336953057992268,63.0
5.886579288375094,57.0
6.873661798528461,76.0
4.788784569471419,73.0
6.635255956174218,57.0
9.175512216391265,59.0
9.492309905310215,54.0
8.543069022379813,63.0
7.453683334562284,60.0
7.029277599309511,76.0
7.20649280737613,63.0
7.932585621154683,79.0
8.418304663645268,77.0
10.338158593633494,77.0
12.01145283093872,78.0
9.272148295300166,62.0
12.593939939502203,76.0
12.397077501205079,76.0
10.19087425182703,71.0
10.126798224629457,64.0
8.990643748429575,78.0
9.40978363656226,76.0
8.181475979712499,75.0
10.375021197771732,70.0
7.7363183406026295,76.0
8.438122062606375,59.0
9.312728784100843,65.0
6.719086232627104,65.0
7.750951715115692,58.0
8.253765647397362,75.0
9.412910162822984,60.0
12.870700082105614,48.0
12.529042225692582,60.0
15.305189821913643,73.0
16.023222060435344,75.0
18.23800004923999,69.0
19.103046050796628,79.0
21.98553093026044,65.0
23.298698353536615,75.0
22.591822272278527,74.0
21.871134912918897,65.0
22.300594995214695,71.0
22.051202880299268,43.0
19.24370544231753,58.0
17.90577654105644,54.0
19.38547897049667,64.0
18.94979668304461,58.0
16.10708281387059,56.0
17.37049815187775,67.0
15.820511586663443,57.0
15.637406895341895,56.0
15.609525244694796,47.0
13.64851406827319,50.0
13.751401259453175,43.0
12.789850135051855,56.0
14.649206121464163,53.0
16.777858537304738,53.0
17.859602722183986,51.0
18.377733912559076,43.0
17.148797646449378,54.0
17.865018459978913,53.0
16.336366033852883,60.0
17.328019361859713,51.0
17.481514465657554,68.0
15.564644646718062,53.0
15.072753774609419,57.0
11.384824132208259,64.0
13.333544885623063,46.0
17.27851532662362,41.0
17.107730614917273,58.0
15.890003682383595,56.0
16.62114150036721,48.0
17.687237641966615,49.0
16.692633988947335,56.0
15.380741269466007,52.0
18.792000954968845,59.0
20.515535687586883,61.0
23.614362591037462,40.0
22.156775056885234,64.0
21.913361814964485,55.0
22.6872338229106,46.0
25.070738711690225,51.0
24.384633763499966,63.0
27.082777989597176,42.0
24.81707887128558,58.0
24.520432700333366,48.0
19.82826371812646,45.0
18.791675600563053,51.0
21.165261307803775,52.0
19.579977187084157,56.0
19.556883967730656,50.0
18.281556048707102,46.0
18.912205789474505,61.0
21.58999385427044,47.0
19.61655718331332,41.0
20.80920293297768,58.0
20.206856485904666,38.0
21.9949625583973,41.0
23.650962413711717,43.0
25.103130260551684,43.0
27.443380683328144,49.0
26.650130936002107,49.0
26.761072449997755,44.0
26.30517954566367,72.0
26.471514192323866,50.0
23.85357824222382,46.0
25.51122233829134,75.0
23.69867386780605,41.0
22.38726378596823,46.0
24.482011707768212,49.0
23.258371790977606,45.0
24.34371673985814,46.0
22.978880461777365,55.0
22.303531994196163,48.0
24.53774659275259,45.0
26.47694079830514,45.0
27.70387696378777,68.0
27.379292229678686,54.0
27.191609228178926,55.0
27.329403542448016,48.0
27.550652221590553,59.0
29.188074213127507,43.0
23.399445350844474,59.0
24.17093044658452,51.0
28.72515647250352,52.0
28.29448490958343,51.0
28.145281329889126,47.0
28.99234894243624,64.0
27.935696594692583,63.0
27.41720893292284,58.0
30.22050449272159,62.0
29.531799896488334,78.0
29.715050860108466,71.0
31.897249679351493,74.0
27.49587023292557,79.0
29.605025057884955,69.0
30.024422481810795,59.0
30.20418265582274,72.0
29.79663018993866,57.0
30.788848287277986,81.0
30.149413514145753,72.0
31.99281196230286,70.0
29.43914271757502,71.0
30.910215522721945,94.0
32.76398089181537,70.0
35.282883919324675,97.0
37.01882619584712,101.0
37.761834878527694,101.0
36.67874038450691,100.0
38.00354970205951,100.0
38.291023287950615,101.0
39.144029039986606,97.0
36.84583796233771,103.0
38.10239760229022,101.0
41.34461030037764,103.0
36.44128727247301,96.0
31.758989191637628,93.0
29.830420483060546,87.0
33.01269424898943,91.0
29.14674781821924,87.0
32.76785721282065,81.0
33.34547531875847,98.0
34.760743488518536,104.0
37.37477413585336,104.0
38.91003207974728,87.0
34.39768686660024,99.0
35.569360060975406,97.0
36.11717307565087,81.0
33.5266289750915,108.0
32.30990685632241,105.0
36.57417638646913,92.0
37.474863487951524,79.0
35.76465526245188,118.0
34.74224208669662,107.0
34.75241804919914,99.0
33.02137955513582,98.0
36.894267195304934,103.0
36.80913484755923,109.0
32.650908924524465,83.0
31.38954413783249,93.0
34.33565869134508,90.0
32.353803805032115,88.0
33.02887600954869,103.0
35.30257738887837,102.0
31.728708282435047,109.0
32.23312489051103,96.0
28.105733180166535,77.0
26.162358528120215,70.0
24.38547792436672,55.0
25.23728331101307,52.0
27.539275616842595,49.0
29.06886520858891,44.0
32.32980570725155,62.0
34.06396136308226,66.0
32.20920267202216,92.0
33.10650112948455,95.0
28.64840841023138,91.0
30.617949506976327,78.0
34.40349797070337,73.0
34.032954264609714,92.0
33.14940500098697,92.0
36.08008489558996,98.0
38.48522865864362,103.0
32.73497549123162,94.0
32.180659857415954,88.0
29.274339859744956,92.0
29.24858789850732,103.0
24.411076713765993,73.0
27.173372176952434,58.0
23.114779353339316,62.0
21.211858323326837,58.0
21.590739570164015,51.0
23.708552406510442,47.0
23.15090687147293,45.0
23.375121388417764,53.0
21.229324531239087,39.0
24.71853226054236,52.0
27.638655329861262,46.0
24.970224967003393,49.0
24.265859858045424,44.0
24.22840984725853,38.0
23.03490399108626,58.0
23.45516249279747,48.0
21.3790576393275,59.0
20.287778332519753,44.0
19.88893565412389,41.0
21.770359095907658,58.0
20.39126081576915,45.0
22.071528781895022,53.0
22.949053480447095,47.0
24.594873981961314,56.0
26.202683149470815,50.0
28.714645208510696,52.0
25.36257156955445,54.0
20.05335647551997,42.0
18.592479710110304,62.0
21.9189544715243,56.0
17.48214643345404,60.0
17.022779365392406,46.0
17.0934891113598,39.0
16.646619962390965,41.0
17.67708353040107,57.0
17.52003302528925,38.0
19.81344241876234,61.0
18.347494370491834,53.0
15.15167423657095,52.0
15.94091177717194,44.0
18.987471043924913,42.0
20.130403709912564,60.0
20.675660628935315,68.0
19.880977697545845,41.0
19.691776483579993,67.0
16.787284548750918,60.0
14.837686872163715,50.0
17.322315913146497,52.0
16.402104034421566,40.0
17.759237406094844,40.0
19.244334486731837,47.0
19.681507202442422,49.0
17.327870901066866,48.0
18.1955725782641,51.0
18.802931297240423,61.0
16.66343982987947,57.0
17.997433406044586,65.0
16.803965515297705,52.0
16.21813347092594,47.0
18.8657396500926,54.0
22.360086933775634,44.0
23.912672028925194,54.0
23.248242751175415,54.0
22.670883360534788,56.0
17.10673490715187,59.0
14.179068655073559,56.0
19.17598013508433,45.0
18.421480121343173,55.0
17.281263755734706,59.0
15.958284164354344,51.0
16.372582239504062,55.0
19.496801475053818,46.0
19.396139036714562,48.0
18.555827861449103,48.0
17.386085664039392,57.0
17.279605890697415,54.0
19.4799459312201,65.0
20.299986463031004,50.0
20.51334292435636,54.0
19.82844729705513,56.0
20.7296329573111,66.0
21.026321060883692,44.0
19.285213496445266,63.0
17.363051287834573,46.0
14.597288539791474,51.0
13.697940496821639,58.0
15.090608847803036,60.0
15.033498124985595,61.0
15.293480856760407,52.0
13.382921799958156,43.0
11.90524882411149,44.0
13.022032751100248,58.0
10.900829790390079,37.0
8.87885294007098,53.0
13.289442756665185,51.0
10.385922121894534,52.0
9.291088822670348,45.0
12.017554117622154,52.0
12.831707021377426,55.0
11.274642175064931,56.0
11.209969122369149,59.0
10.573903890439093,50.0
14.331105655077462,67.0
14.977827485851897,53.0
16.607046513584304,68.0
17.92747805801531,53.0
15.925910141597818,58.0
11.44491794063607,56.0
10.033459440414147,57.0
10.852232996474571,71.0
11.58279409042436,76.0
13.935064368741452,57.0
11.763447529183354,58.0
13.045144107178361,50.0
11.586050940840368,40.0
10.62987236828345,74.0
10.619619244034832,58.0
10.538348604510025,57.0
9.823311524617868,46.0
9.399558348407794,66.0
7.548060845973683,70.0
6.451076025282749,51.0
4.831983991004486,43.0
7.9227313207662124,51.0
7.792376705016763,63.0
7.022670774424055,61.0
6.239644427128804,63.0
7.565994749851795,65.0
9.570938880527942,58.0
8.320899828902586,63.0
4.864956029104551,62.0
6.092115182667152,78.0
9.516042277009525,61.0
9.530954279150533,68.0
6.573973817898327,72.0
9.477844172912985,73.0
6.9846681833778845,61.0
2.326410495524799,68.0
1.856077779424993,71.0
2.5867065280899526,66.0
7.356233206849982,57.0
6.638102398388595,82.0
6.975594941600901,63.0
3.550186864138319,53.0
3.326524478291743,75.0
5.70298205731286,63.0
5.638504887244016,66.0
3.9286569999426444,75.0
8.276325825949158,66.0
9.077597242533288,72.0
9.214520801838622,57.0
9.283889338178133,64.0
12.635187789531923,74.0
13.391092655324623,79.0
13.158642173476105,69.0
10.533824254207422,88.0
8.657608399329574,77.0
6.442609286685467,63.0
5.040398900820923,81.0
7.417098754296257,91.0
6.990693327663039,59.0
9.03434240138037,65.0
5.096590752058271,58.0
6.139617583692499,62.0
6.307464035581022,58.0
6.1955461548866175,68.0
6.461519909738112,58.0
4.933586543181303,73.0
8.084952851034426,67.0
8.19306296849444,69.0
6.755049477535542,63.0
3.865869425529529,72.0
6.463968690575163,90.0
7.387917741090696,66.0
10.822373702339807,66.0
12.030934483370832,74.0
12.881968466363256,66.0
10.999302762226462,62.0
9.125487274145138,58.0
9.455548147185405,69.0
5.80041816141355,90.0
6.630865484138058,68.0
7.213905157231028,68.0
12.48153986340709,62.0
12.437619488429426,67.0
7.3368446612019405,66.0
12.54860053776591,69.0
13.536568957776527,69.0
13.140149663613546,74.0
10.645013091324422,79.0
9.649321473780752,72.0
10.70838898788444,76.0
10.040129062207088,73.0
11.406958461072897,69.0
11.36067367251177,63.0
9.205284526939312,64.0
10.436753886121966,74.0
12.391018196436017,50.0
14.559577708125923,62.0
16.60078546576665,68.0
16.75169092136786,61.0
15.574142197595437,74.0
14.82677196085128,56.0
14.973118978800366,66.0
14.98418715999586,59.0
15.154091796644344,72.0
16.467861881309105,67.0
21.541069501041633,52.0
21.096293390441712,65.0
23.596901153640967,57.0
22.5775040944054,57.0
20.155374076309023,51.0
20.859487608977517,54.0
21.378925048899244,67.0
19.949571207952154,57.0
17.32308615796645,52.0
18.247851832318325,47.0
18.89807797467557,48.0
20.747987332169302,80.0
20.643083776966858,55.0
24.758287616063846,53.0
21.453725273521933,39.0
23.943732750107955,40.0
25.796316511245223,48.0
23.65112502315748,57.0
23.273481595425466,53.0
22.328404903299575,49.0
23.588499648670357,52.0
18.984944919886797,50.0
22.71789752755893,43.0
26.240108086612715,51.0
22.53502562196841,42.0
20.86717888166358,50.0
21.81402185061866,47.0
22.741434869557892,43.0
20.561829826220574,41.0
21.356808945820205,51.0
21.243691873971265,58.0
23.340990860153035,65.0
23.199854659217767,43.0
21.5146963637476,47.0
25.202283843082537,40.0
27.779968842695553,54.0
27.358485655067625,51.0
27.227235292297024,42.0
28.61448863664737,64.0
25.640719889941835,49.0
25.63460983846799,55.0
27.070672777360066,40.0
27.06411171902104,59.0
27.39334868800455,36.0
26.44759212472355,55.0
23.847552250084863,55.0
25.747694718074012,55.0
25.672665774572437,52.0
27.986224348679134,68.0
28.032460946387527,62.0
25.812438024448902,65.0
26.944677582014183,54.0
26.40491486037743,45.0
28.479237474063005,40.0
33.35661923144736,75.0
28.44143313917819,37.0
25.19145689878478,51.0
27.84566399996204,75.0
27.383893429982212,51.0
27.772516568664518,64.0
29.413972805627683,58.0
24.856998851940922,61.0
28.288068805256515,50.0
28.642359815975095,62.0
30.71651375742603,52.0
29.923203835514926,66.0
30.687358391939227,67.0
27.047906287666905,69.0
28.570291637893362,57.0
28.80192462392849,51.0
31.12415915897431,58.0
30.628677820294637,100.0
29.428460319627074,65.0
28.166300180319524,59.0
26.811799449974107,51.0
25.340262903924625,44.0
25.18797156146676,49.0
27.40792698393056,45.0
25.439412375466347,58.0
28.010846836975965,56.0
26.545895323362995,46.0
28.076227125019898,40.0
29.16248647722226,68.0
29.808653725813247,77.0
29.594360876091574,62.0
29.4869520694592,52.0
31.580486504550922,92.0
35.05352293699193,85.0
31.9993606930069,107.0
30.770139730216677,85.0
26.68508434822931,73.0
29.97245851770858,69.0
31.650460570400146,76.0
34.35969488223637,82.0
33.98967065786577,82.0
29.894238765223275,77.0
33.016796193512604,104.0
29.36329688148874,83.0
30.46055644169143,77.0
30.884476279757767,80.0
34.04825386170292,72.0
29.159557404710608,74.0
28.613897150964114,84.0
31.48561464463316,70.0
30.356443672715447,76.0
32.47546332333084,103.0
33.63727715553031,73.0
34.025012971146964,84.0
33.142234689347205,90.0
33.34135747003528,101.0
29.826084501366097,94.0
30.982793040230632,83.0
32.979525363908344,84.0
27.833406480725984,87.0
28.659800668096565,62.0
25.667471803476033,52.0
28.06465164513683,67.0
30.12042735729284,46.0
31.73229653436577,60.0
30.967095463773976,77.0
28.398639108825826,72.0
29.34624042942674,73.0
25.044421911464326,61.0
29.238660819000618,61.0
27.560294941664264,57.0
29.668377637342697,74.0
31.569788557729556,68.0
30.84870056272335,62.0
32.18984921078762,85.0
31.48147630244645,79.0
35.91300863933906,85.0
35.518387374039705,91.0
35.9910936087041,117.0
34.606597367821834,88.0
32.58836870136657,118.0
27.527427982292494,96.0
29.148755489313622,84.0
28.722565017575917,84.0
29.12318605539719,47.0
29.61341484465616,62.0
30.018290638887358,58.0
33.182562356556055,55.0
32.314682394924716,99.0
32.5646555752987,86.0
33.85119286457352,108.0
34.16531011767508,98.0
32.8265043222929,89.0
30.82780648045813,99.0
31.204340107883215,80.0
30.965161298473838,92.0
32.521468937210514,87.0
29.994885356865687,79.0
29.942172625244233,71.0
26.54433157481852,62.0
25.622480700260446,63.0
24.667868757849394,66.0
27.918100531350476,44.0
27.660488401945976,53.0
26.108089450869308,44.0
24.074569836925697,68.0
26.247493215229454,53.0
23.649591045086513,55.0
21.042188297803403,60.0
22.99961325537521,34.0
22.783173808472252,56.0
23.116128110403913,50.0
23.053870499328895,41.0
21.664505315961755,45.0
21.088986694342495,60.0
22.670501745422982,53.0
24.378085885535462,52.0
27.632433600324358,69.0
25.755606714109554,60.0
26.4079742204835,55.0
25.69263709263122,42.0
25.965393286554697,45.0
24.397967850154764,51.0
24.892697660839083,56.0
21.43388833646849,57.0
24.318771478790108,59.0
21.624428059780318,62.0
24.35822611943703,41.0
22.316228140351278,55.0
21.980828418980757,49.0
23.944930781080902,41.0
22.75331366067283,49.0
23.833615841655174,50.0
23.135084674921494,57.0
21.796857590450784,50.0
21.765014773331306,43.0
17.415545141760788,43.0
17.615719379231177,47.0
18.10389249958711,39.0
14.342400143958335,53.0
14.483294564521046,48.0
18.906185318566113,54.0
18.035558592328567,63.0
18.18776640139783,54.0
18.70807944005522,46.0
20.360129795102914,44.0
18.504444466812597,51.0
20.03070042906542,52.0
21.154028852728008,59.0
20.765764482662554,60.0
19.314273469258755,59.0
20.65000805033071,71.0
17.180858108333062,58.0
18.537700724488616,48.0
21.010039353155495,55.0
19.54446518716592,52.0
18.40223025672295,38.0
16.895767665810304,41.0
16.201811934936003,53.0
14.359493932620813,60.0
16.999048855698774,45.0
15.771343303745905,41.0
14.339315347074178,49.0
16.818815197882422,42.0
17.263695555002048,36.0
15.387587564943203,41.0
15.936093357490519,46.0
19.349312734486162,62.0
16.07518755029062,48.0
19.696429107180663,41.0
16.58143927452024,59.0
17.916203511525353,60.0
13.096698877312852,57.0
12.380704734759043,57.0
12.453479154545073,50.0
12.37430494357918,45.0
12.722012891081057,47.0
12.609062975547051,49.0
12.123384802932195,43.0
14.59225484264961,51.0
15.044923500170697,40.0
11.495740275214777,51.0
12.814345101615586,57.0
11.732754771367366,60.0
11.977134019094427,69.0
11.516167733330635,39.0
13.738594948876173,68.0
13.19917184452175,61.0
15.134684146177936,59.0
16.514916252538573,58.0
13.279751950243508,46.0
11.558941906438662,66.0
10.200386024736378,58.0
13.113883925287993,56.0
13.067863773302323,61.0
15.598116772233336,54.0
15.646089284897748,51.0
11.836094175130022,56.0
14.777732036051137,57.0
13.160156029793079,62.0
14.974208079400157,51.0
11.7971660519638,59.0
10.530344011666799,63.0
10.447038299866323,63.0
11.54739267383638,52.0
9.619216914644076,62.0
9.291619371197644,75.0
11.776404038017677,59.0
13.91608696069018,58.0
14.500668854288524,57.0
16.583687702694128,60.0
15.626013902908998,60.0
13.63063099684976,60.0
17.090108503430482,78.0
13.42939395657515,69.0
13.405837037177953,72.0
15.748219930431704,62.0
14.733727243754856,66.0
14.920767975683113,55.0
12.8182441828192,65.0
13.293236118944712,60.0
15.093125992508494,46.0
13.58301808496586,55.0
14.18066656285293,63.0
12.350503065699225,44.0
9.64815849272232,48.0
9.874366950759345,60.0
8.23052961616237,60.0
7.8784209411881045,59.0
10.836318321786168,59.0
9.943949817466276,48.0
10.783039863449625,45.0
9.853692170682038,49.0
10.548864915598042,45.0
6.701679706737694,66.0
3.9956936644004273,70.0
6.391270566699006,71.0
6.111863712855001,67.0
4.132724808619596,45.0
7.9388595297531905,51.0
9.691914622237796,44.0
8.67450457589377,63.0
9.924277836816596,59.0
9.382511468577047,57.0
9.462048255837928,69.0
7.490030873677644,77.0
8.173132404647381,74.0
12.902759606620839,67.0
13.072876715630803,73.0
14.626227988099274,69.0
11.251278200523597,62.0
10.138368135833538,61.0
9.884784502321708,69.0
12.558719289167206,76.0
13.418623332981047,68.0
12.075921302424234,67.0
14.875932285127043,47.0
11.978546709031054,59.0
12.214929487706165,70.0
10.384828138735642,70.0
12.595399409203685,65.0
8.85731265625814,68.0
8.653176469963261,56.0
8.898501678546387,56.0
8.163383423859367,56.0
8.520078046329637,57.0
11.125868759724082,49.0
9.390490758269419,57.0
10.201188724491008,61.0
6.622447377405361,55.0
8.99321770066055,83.0
9.17592978778466,57.0
10.32952597120528,69.0
11.205447199257996,70.0
8.627007649526412,69.0
10.503423106048617,54.0
11.594531789253619,50.0
12.602459855574986,68.0
10.649484497156301,66.0
9.915499706140876,62.0
9.59622726596113,79.0
12.266736502597471,77.0
15.421094346026152,88.0
13.531455895913545,58.0
11.768558564648906,57.0
6.844144570701493,45.0
4.818266997438798,64.0
4.8593775466337625,55.0
8.347152805888284,57.0
7.689994610727217,67.0
9.817005964945045,46.0
8.809592774325791,50.0
7.117394410685922,41.0
11.293101622278174,33.0
9.979889986848573,56.0
10.509349163080037,66.0
10.185000012710828,84.0
10.107680918131553,70.0
7.845623895859271,73.0
5.788550798930746,78.0
8.546878897263541,61.0
9.516089647638854,79.0
9.790020563730124,68.0
8.356268815820451,65.0
6.528508643923729,55.0
8.584843684685723,63.0
10.401589493283591,67.0
6.537799962391256,56.0
9.627859388310819,97.0
13.951868277114059,77.0
13.527791006501019,51.0
10.53830223611689,79.0
10.730945946918123,64.0
14.631661708859875,68.0
15.62213775549452,73.0
18.136015417612125,73.0
18.202921478996295,67.0
17.256549274354427,53.0
19.49584248112945,63.0
19.506501141119383,74.0
20.00366996554441,65.0
23.911035728843412,59.0
18.40916179861243,69.0
17.273142536259126,49.0
16.0717410415719,63.0
16.721144555355743,56.0
17.764659844772144,51.0
16.006223150717094,51.0
18.047131093093878,52.0
19.595384013752966,62.0
17.92013396230506,48.0
17.609265523478342,53.0
17.32637889806674,49.0
17.746573207034828,54.0
17.12153286718631,66.0
16.066635178540054,57.0
18.340571771367138,64.0
20.39484651397965,64.0
23.030008849924666,45.0
23.676919272703948,59.0
26.196369739799373,46.0
24.338832828887938,42.0
24.45168423005578,45.0
22.429131698324664,55.0
21.351989951823374,42.0
21.20703974950199,66.0
19.31585042970064,61.0
21.536683178262468,56.0
20.53966811211552,49.0
21.252114652700264,53.0
22.079479315907037,60.0
23.594727723482944,46.0
22.505858523991225,52.0
22.678051646347026,55.0
20.09295402807563,54.0
21.375898226265484,70.0
22.104687370285827,62.0
22.877884065884942,51.0
21.22521446471309,52.0
19.85488661317315,55.0
19.557736352896647,54.0
21.721543202353402,55.0
21.735529884117476,41.0
22.100988153716195,45.0
23.481701832293236,59.0
23.661904402590004,51.0
24.32584903322294,51.0
24.22189593079536,59.0
26.11826816728841,60.0
28.279070173624273,58.0
28.94717609141043,58.0
26.954768019625895,68.0
27.724966255142313,54.0
28.593266648365738,66.0
28.427306983919223,62.0
27.55455842474671,63.0
26.231289761668712,54.0
26.075139426237826,54.0
24.8840522838373,48.0
23.78256561736765,51.0
23.21359705098323,49.0
21.20959377292524,55.0
21.771554766463762,58.0
24.688165928451596,68.0
27.548495486765795,49.0
29.039566029231587,52.0
36.53128092662285,67.0
33.81122179757138,89.0
36.473462061708275,88.0
35.791661664156024,84.0
30.928672108090677,114.0
33.09468959203885,113.0
30.029896416666215,81.0
32.631149025977116,90.0
33.38058855823233,83.0
30.443053135884952,101.0
31.55217570470136,76.0
33.699777502866645,89.0
34.86642037984065,105.0
32.62489688778361,95.0
30.90725427817829,89.0
30.037167997443106,82.0
30.36579073779147,79.0
29.277180283493532,72.0
31.75123641018059,79.0
30.26533044620061,82.0
29.857010443893977,76.0
27.174204508911185,62.0
29.72646862346747,48.0
27.665201542353355,65.0
26.061954926058643,52.0
26.48791032756113,59.0
29.461725571859354,54.0
30.22330148775486,36.0
31.816866155935667,83.0
34.379924958860045,86.0
31.029593018414243,86.0
31.915314551648887,95.0
32.995992086025296,90.0
32.9537554259092,91.0
34.51659798519621,94.0
34.932290669651984,103.0
33.758972237154524,100.0
33.951285483501735,110.0
36.30372807350413,104.0
34.72785876484226,101.0
34.57435386847851,85.0
31.621297498238015,112.0
30.512119102015966,80.0
31.495628358257502,84.0
30.79544911774458,87.0
33.17911173203298,86.0
33.80650291996935,76.0
30.870832634505664,86.0
27.037253441962633,61.0
29.694563754477176,69.0
32.515810313170476,64.0
29.456143623852974,61.0
28.245877896750816,80.0
27.674384578504633,61.0
27.23803156743915,53.0
29.0212190739115,56.0
29.90694508050187,55.0
28.868073304910645,73.0
28.484410755233608,55.0
29.078011272943915,60.0
27.924713870278254,60.0
30.347064917795596,76.0
29.742924025704404,72.0
30.517124868474205,59.0
32.7976385285649,80.0
32.12288181839899,89.0
33.70548315374781,100.0
35.013165990952615,94.0
35.92497637919177,99.0
32.94616782795154,110.0
31.488561552641876,84.0
32.151240380175494,98.0
34.61374681874179,85.0
34.54395889490628,76.0
31.702334172236522,82.0
29.332488562779343,75.0
28.096004737247505,81.0
30.63250798994815,64.0
30.89474678379089,71.0
30.53730191109439,64.0
32.60959179823179,90.0
30.882917651443137,96.0
30.031245734216416,79.0
27.593012903199035,70.0
24.940163284686015,58.0
26.142784909108304,58.0
24.434730929981484,60.0
23.914947669570182,53.0
27.960467631527425,49.0
27.199181339780004,45.0
26.210612193879353,69.0
26.159314527676763,43.0
26.73561122763939,53.0
27.507157980085704,43.0
28.271546500914802,54.0
30.172198569123296,66.0
33.489412261290774,82.0
34.023385175311695,72.0
28.188940444977575,76.0
29.171396703543753,83.0
25.348449290557824,56.0
23.754588908582488,60.0
23.86107244084688,49.0
28.385783637326988,53.0
27.047327906723908,45.0
27.67230304418446,51.0
28.234479964598176,54.0
28.25841406265843,50.0
25.92572113286726,52.0
23.795434414421845,50.0
26.518778248423867,41.0
20.72157899613108,52.0
22.571901819946063,42.0
21.432031118442566,51.0
20.787614121751524,42.0
22.958165477690667,45.0
20.71034574597822,48.0
24.46852483113463,45.0
26.124886945374524,49.0
24.363714354280233,51.0
21.821932443517504,58.0
20.614968756934847,42.0
19.27226167037355,52.0
19.58529052659282,51.0
19.165070361432996,52.0
21.33369588846496,56.0
20.52068237008024,51.0
18.984108022101513,42.0
16.7435015239279,45.0
15.096089363662495,49.0
16.70052205094938,57.0
13.522096463883148,54.0
14.670893614735412,55.0
17.355442498165193,54.0
15.764724829295602,38.0
16.036558074609665,39.0
17.455959267708376,47.0
17.45088433532074,40.0
14.854595966133386,57.0
13.484984330244291,68.0
13.920276762049422,56.0
17.64980837818503,44.0
20.058494654934574,49.0
22.145528627331096,51.0
18.798174696438483,74.0
19.792817854182534,65.0
17.064625938238017,49.0
15.025620035984685,58.0
14.853269739912975,52.0
12.01900824795639,58.0
12.438580891768243,67.0
13.89585727638995,51.0
13.707276155325609,47.0
11.761145728586252,56.0
9.52398818777689,47.0
10.296724101452956,61.0
11.366322336695688,43.0
9.806294110485235,43.0
8.306323159707174,62.0
9.413059923724989,48.0
8.595365076478332,47.0
11.741662827183314,65.0
9.764041666327238,55.0
8.948923419026393,47.0
7.63474968172699,52.0
10.636923987745313,59.0
9.393037102639607,66.0
9.496061612724832,50.0
13.794972211896443,64.0
13.823104318213304,81.0
14.875672552113311,77.0
17.319645298070462,55.0
18.472091936745343,62.0
19.315197297043028,64.0
18.544329119753638,90.0
16.11812236656652,66.0
14.2319696753234,65.0
17.098604610636492,68.0
14.19359086633212,62.0
12.594208244570435,61.0
10.410492791934,51.0
11.219558750552062,41.0
9.99689673814144,48.0
9.736915693331346,46.0
10.863374217058634,42.0
10.000646220022693,46.0
8.40306361404323,51.0
10.149809305726812,60.0
7.811889589143621,53.0
12.660027406268561,48.0
10.515145266595342,56.0
9.648862494463533,60.0
11.900610173364369,66.0
10.102837610691214,71.0
9.84423078317128,78.0
7.106256766286825,60.0
8.056377477642068,79.0
9.84204938589463,72.0
11.147060076682129,58.0
8.925829006789462,60.0
6.991121187727746,53.0
9.14746372417675,46.0
9.515566379912023,69.0
9.040963657527135,65.0
11.244310053578182,55.0
11.962108212525843,65.0
15.073324916661837,67.0
9.03990170121254,66.0
8.731078827884863,73.0
14.546642956874976,63.0
13.361268600594876,60.0
13.202791482212547,75.0
10.452510883791362,70.0
8.007457226283176,60.0
10.161710386541188,52.0
8.186513877230995,67.0
9.332425736651887,56.0
7.451176247281391,51.0
8.788808568217236,75.0
9.210383336662517,55.0
11.56181110190019,67.0
9.983386116843233,63.0
8.495031586632628,64.0
13.197314907159761,66.0
12.38015744751772,67.0
10.781571289300846,71.0
11.525210822393133,69.0
12.69739418322425,77.0
8.7715134627775,70.0
9.304591028159859,65.0
11.926740505450429,71.0
12.96772222909448,74.0
11.76911703523977,49.0
12.964056966676619,64.0
13.899661119142863,64.0
8.944030747780307,51.0
9.844660801888484,63.0
13.205067228987588,66.0
11.080782387700499,60.0
12.043103130079016,56.0
15.012228402259513,52.0
13.950275542312124,59.0
12.144596078403985,56.0
6.75700217615824,66.0
7.4721208107283354,66.0
8.650172995948415,61.0
11.652584771845643,52.0
11.645805954007733,57.0
11.966290154799916,50.0
10.513738389392412,44.0
5.958844638507835,56.0
2.366164920413933,62.0
2.5877023850583676,57.0
7.06289267920874,66.0
7.87156755444043,64.0
5.673245485767607,58.0
7.959066792950049,55.0
10.87913434688217,68.0
15.711964482547454,59.0
13.819441796657399,65.0
15.340207411546498,65.0
11.600534644980963,69.0
6.444983346304103,68.0
8.33184042890124,89.0
6.216819644861996,78.0
8.001780923922773,68.0
8.707398248810845,66.0
11.172274195759588,54.0
14.694006068424848,46.0
11.828705493096468,58.0
10.774793346099866,55.0
11.473429670567748,55.0
12.164126578455841,59.0
10.670539150660371,61.0
12.751708289327869,65.0
12.535206966581162,73.0
13.317018972421936,60.0
13.40824680922707,56.0
15.5545301478522,64.0
15.381379802104016,56.0
15.5196740881508,56.0
18.928836442607608,54.0
18.141356180978008,68.0
14.85825356544701,58.0
14.266023928176379,65.0
15.471513149697907,54.0
15.17901335304105,48.0
17.86405939932132,61.0
18.52246372768776,54.0
16.393346467812872,60.0
17.22241268604029,57.0
17.948756550786,45.0
14.947531324577618,60.0
14.206673222599107,59.0
14.153713314472848,61.0
11.628112272662127,50.0
13.553023939905579,58.0
13.041011449294405,45.0
12.390553704087191,56.0
10.864517049952987,47.0
12.969676411646839,41.0
14.561325653611156,58.0
14.569065467046492,56.0
18.43441347379479,51.0
17.318483504788354,59.0
17.290244619630304,67.0
16.414780969743383,70.0
18.616254074647653,51.0
21.23477353142228,55.0
21.919303437441823,74.0
24.74784329891544,69.0
24.393280992376173,73.0
22.17490700223308,58.0
21.43679633822966,54.0
23.635959565844708,61.0
19.82149986417922,54.0
16.582133172387376,55.0
17.96429315302904,53.0
18.835728468097365,41.0
21.73850516161963,45.0
24.38739853272936,44.0
25.182770178644464,46.0
20.973806071696032,47.0
17.63094013650945,53.0
12.891974600869048,44.0
15.840926281863007,56.0
16.961042113950327,66.0
20.16990370135141,47.0
19.72250949753282,56.0
20.002285912277422,50.0
18.061048256257138,53.0
14.804524887429352,53.0
16.345793865919585,41.0
14.441792289436732,62.0
15.908088791112307,43.0
17.774062525591656,43.0
19.122274156455,56.0
18.436404471186247,45.0
20.836854809445683,52.0
23.060892186608495,58.0
24.23505687042433,62.0
24.314085974618145,58.0
25.194241711174335,44.0
24.680341217397725,57.0
23.924765521357703,70.0
26.84140213180454,46.0
28.794756247106566,54.0
31.437747990286013,75.0
28.151588104487118,47.0
27.90544876555534,57.0
30.01694753588765,70.0
27.31433604566847,67.0
25.55567347197968,52.0
24.956349537117738,42.0
26.528653759871045,58.0
27.471482274886462,60.0
27.890545356331042,67.0
29.450234375316555,53.0
29.501748591908434,62.0
28.532129518677735,69.0
26.641185710979805,57.0
24.639355519475455,44.0
29.02632022110137,61.0
30.53038137786695,64.0
30.68293320464878,66.0
28.398502017300338,68.0
27.39540419336258,49.0
28.098069364026863,66.0
31.462902437476085,49.0
30.603042802209366,48.0
31.817915606405595,71.0
29.26379698951526,75.0
27.798709368653338,59.0
30.355099033972728,80.0
34.18462234297899,65.0
33.43612174255531,94.0
32.375847249346016,88.0
29.01051193250569,66.0
29.357356539642225,90.0
30.11368951240463,79.0
27.701913889768278,54.0
30.29326124769642,82.0
30.871522834489433,66.0
31.00604259013892,71.0
30.70436702102726,86.0
33.85601117015347,91.0
29.13921081379897,75.0
31.72156753566017,70.0
32.69219729325981,93.0
30.192064753448072,89.0
28.786351983110336,82.0
31.305728449609905,72.0
30.57287366175675,64.0
29.171945067588005,54.0
29.482316092073837,80.0
29.29623272231789,65.0
31.967178629119616,68.0
31.869877705308316,87.0
33.471647008629205,65.0
31.362723322259143,85.0
32.16056109447513,97.0
32.9308837427632,94.0
29.405909827727104,87.0
28.835609982771032,87.0
27.771991111798762,73.0
26.10405170178821,45.0
23.462960368921927,58.0
26.133463073040335,45.0
29.926684226847822,39.0
30.54543428933274,61.0
31.878131542241917,67.0
32.05055354300174,81.0
36.05112957752976,108.0
35.46003618988057,107.0
33.78279002788978,107.0
30.91947552718511,96.0
30.787725290915674,88.0
34.33769223711732,89.0
36.05767918027518,113.0
33.16906645186194,88.0
33.55270418765866,103.0
32.26002649762901,97.0
30.779831671195257,73.0
28.925866542139573,95.0
30.412099141700978,77.0
33.54277021964759,72.0
31.345320987860102,78.0
28.922660569166293,83.0
29.265220355450595,86.0
30.28916539804446,76.0
33.10570856442037,73.0
33.41031731028786,79.0
31.167957747681978,81.0
30.53681816320663,84.0
28.667158286503874,74.0
26.199147606935664,70.0
28.433558243579533,53.0
29.840555431506754,58.0
31.532363189264995,54.0
34.099938156618244,66.0
35.00034810714986,101.0
33.60242170592943,86.0
31.265331032732988,99.0
27.51895730032559,87.0
29.994858876773222,85.0
31.655252778974287,78.0
30.716018434241025,81.0
29.258665483631045,78.0
30.575472919908133,71.0
29.555840599037673,74.0
29.32192649811314,73.0
28.47792969235597,48.0
29.567969902295275,59.0
30.72198452246436,69.0
30.611754261518737,66.0
34.853698073259636,89.0
33.79833729326853,82.0
31.227754762933927,91.0
30.984942368122613,100.0
31.77156045263025,72.0
31.444053528321856,80.0
29.449756829780817,77.0
27.46509252394918,67.0
25.429953640731622,59.0
26.684945156704316,53.0
25.1582702804272,50.0
23.883204886941467,60.0
24.483829123254623,42.0
21.035342657179214,55.0
20.971947104643117,43.0
22.665160053423772,62.0
25.039797357834654,50.0
23.93479560268021,54.0
26.090550293834315,40.0
24.09671377246399,48.0
24.430993347215296,59.0
23.7872203146165,52.0
25.304917940875654,57.0
26.774025597843565,53.0
25.75952546493196,53.0
25.97924964273158,47.0
21.71920676848947,38.0
21.74342666845058,45.0
21.735055329176056,53.0
25.158562408651328,58.0
25.99595957920453,44.0
23.516994055847995,69.0
21.48807117506448,49.0
17.810623644134388,41.0
21.133766739602162,49.0
19.377921999945237,48.0
18.871772841034375,42.0
16.89986122806796,56.0
18.442439735466564,54.0
18.197994275801413,42.0
21.38240018846115,48.0
19.41757378178579,44.0
17.49850232325453,44.0
18.088619445234944,47.0
18.577581259963434,34.0
16.562763332551746,49.0
17.92701035017616,44.0
15.650843986912966,50.0
16.208660769581872,47.0
16.143746807944275,56.0
18.26491251207371,50.0
18.248963004426592,48.0
15.33378159970605,54.0
17.016746635490307,53.0
13.412980469393982,47.0
12.958999735109892,47.0
15.585145174161799,53.0
16.665811241546947,58.0
14.660370848418264,41.0
13.109765852910645,51.0
11.720147634395143,62.0
11.489751226608215,51.0
12.28144834466266,42.0
10.86342859775127,42.0
10.130195334225792,59.0
8.155969376027901,32.0
10.001748537113638,54.0
16.890756033927158,53.0
18.607154044075365,70.0
15.721030954063032,47.0
11.50860721045732,57.0
10.167692205748143,56.0
9.313255368040023,76.0
8.680899864075284,61.0
12.151399700091869,68.0
10.674672390407277,50.0
9.420959612465683,54.0
8.974345476344107,61.0
8.230534279548104,44.0
4.88394017588202,50.0
4.913293089519559,58.0
7.453792614444254,66.0
6.534326664051548,56.0
6.662403718730182,51.0
7.385306637528332,68.0
9.77787083146567,64.0
12.073930416670539,58.0
11.500573828041174,58.0
11.148701207960315,58.0
8.242300729369818,80.0
10.437457595503902,71.0
12.095635674254911,58.0
11.777450076496827,72.0
8.787922817426848,72.0
8.649158195169003,69.0
8.337957934624235,57.0
5.2655459397089786,64.0
5.988244268084237,67.0
6.236027940596341,55.0
7.681636342165947,72.0
8.241938906320046,51.0
13.02866743158248,52.0
9.952038681839918,56.0
11.110285433497559,63.0
10.657114270253084,57.0
9.934064338891616,61.0
11.249822744911516,59.0
10.934696043752538,80.0
13.586794304043742,67.0
12.289400172875943,55.0
12.444860777351721,59.0
11.411629746078617,55.0
8.540272670414762,58.0
9.18764524856966,61.0
7.435995617470629,72.0
5.783448794516151,53.0
5.6330987130432355,55.0
4.509522475415849,50.0
6.436653201389964,53.0
8.035032224565967,53.0
6.297475468187992,42.0
7.545596986645588,63.0
10.218846119545727,67.0
9.59655184219884,72.0
6.937160831980383,71.0
6.758822388227836,76.0
10.22618740431815,70.0
12.470347348406818,75.0
9.500522490334017,66.0
11.702269608366787,70.0
9.75957411288379,62.0
10.036606825847526,66.0
9.507637913035536,72.0
8.32501102870788,60.0
8.494850711443767,60.0
6.18781325757881,70.0
6.865455453884866,63.0
5.407274005828327,61.0
2.6541983317043556,60.0
2.079052085366973,67.0
4.754431995353235,56.0
5.537887497415156,67.0
5.259812291449325,63.0
5.815621230423334,69.0
4.95210958472264,67.0
8.41836351225545,67.0
10.385904718466868,82.0
6.872314272889268,62.0
4.296869089881532,86.0
6.346732833286435,75.0
7.218131829592201,60.0
7.085502155509468,81.0
6.286347697334147,60.0
3.468917903902808,64.0
4.30824807461877,53.0
3.0606379462687467,66.0
3.1573435382753043,75.0
6.194821797968918,86.0
5.034222668684773,64.0
2.6910950980300736,61.0
4.358731652070884,66.0
3.4773881707232297,63.0
3.1574144217064886,75.0
5.943852954613404,70.0
8.427699433643703,56.0
6.041006506413259,78.0
7.369988346006652,74.0
5.00888061614639,75.0
7.317834037714447,68.0
8.491653209335226,70.0
11.141841446296054,62.0
8.784880598655896,61.0
8.487558481075753,69.0
8.704042037368195,86.0
13.583678580501969,73.0
11.004565662614148,82.0
14.312808718258626,64.0
11.829995763211004,72.0
15.06399010457213,83.0
9.833657152827945,75.0
6.6630905428882805,77.0
8.503510429824292,65.0
10.740125214799656,61.0
11.687511225343545,49.0
10.484761614107741,52.0
9.903748039700293,54.0
12.608896181153327,41.0
10.430099742054264,40.0
13.874775016229394,48.0
12.770754700366586,67.0
14.61535423709169,56.0
16.008270936756645,72.0
12.781359984920016,73.0
10.396639988507046,67.0
11.360096123958623,68.0
12.96645131387082,73.0
14.678032095988936,68.0
15.603363564512428,55.0
15.609559541406671,58.0
18.05987619099981,66.0
16.923475086053227,60.0
16.067348779204195,79.0
20.30830701420771,68.0
21.125945547602015,62.0
19.646252063116993,63.0
21.20430284879438,54.0
18.978008017359244,51.0
17.712604507365544,55.0
16.379295676412593,62.0
18.72789332273502,56.0
16.365194668839973,55.0
17.850446739035284,44.0
18.117293716812775,48.0
17.936594525783807,53.0
17.20967080069091,44.0
21.253256028619496,50.0
20.876155305050478,40.0
18.702628739181243,51.0
19.17602860552956,52.0
20.533810707958377,53.0
21.84227403305428,60.0
19.733642997741686,47.0
19.727742810615016,65.0
21.32929790590521,50.0
21.670021419885583,45.0
19.417921803375254,50.0
20.469662349860002,47.0
19.56164984560022,63.0
19.034859559415995,45.0
16.96113724348006,42.0
21.10741733990415,59.0
20.889426262100837,53.0
18.4404327545748,46.0
18.149190629061792,43.0
17.893441846457193,54.0
19.00905242968421,53.0
22.765889859335026,55.0
21.05213336327361,36.0
24.230382950220545,58.0
25.26979042117607,44.0
23.50360592110212,49.0
23.9351393669462,52.0
24.736743898314785,51.0
22.953779113708432,46.0
21.262424802192456,54.0
21.286245049048446,55.0
18.11348510920299,53.0
19.005621009288955,54.0
22.585712750256263,50.0
23.720048843823015,48.0
23.376356877444213,45.0
26.44410911921581,56.0
28.94865154237569,54.0
28.4662350578686,54.0
32.26022283152559,75.0
27.719007534946698,79.0
29.180142590917082,55.0
28.37385544028107,68.0
27.184395073943875,52.0
27.560150637488018,58.0
31.54343221396747,72.0
28.502037678354952,58.0
29.817950929442944,59.0
30.64690880003174,72.0
27.448259666878275,62.0
26.81263909981737,57.0
24.48699445725746,59.0
27.12256916399412,52.0
26.29153388990112,44.0
25.292240724424225,37.0
22.77284598229319,45.0
23.463304553478977,48.0
24.67081553217819,46.0
25.41555796203029,40.0
24.119643727751576,63.0
26.191011086624805,45.0
26.301327492676336,48.0
26.448219090100583,68.0
24.644891881050967,38.0
27.007950222923874,54.0
29.426202302764054,52.0
31.15379582501341,58.0
28.072243404192648,65.0
28.026921051578135,68.0
29.38619092631977,70.0
28.115597094260092,62.0
24.228667171025613,58.0
25.966383313111887,61.0
27.876676726835832,43.0
24.53456058988836,46.0
25.67867078969955,42.0
25.66324201805721,48.0
29.988284569479525,47.0
29.960496696912543,69.0
35.89811125941196,82.0
35.525763233554656,80.0
34.17845208428209,86.0
34.09455296672021,77.0
36.27484350853511,95.0
35.68850456179213,87.0
34.056268476206526,98.0
33.923202050775956,99.0
35.996213012276414,106.0
37.29102838440375,81.0
36.006938091123494,105.0
33.34929377555376,94.0
34.2777516023294,97.0
29.54996724432334,94.0
31.40059580359283,95.0
30.559626301000307,87.0
31.453662345636264,89.0
37.37360436816819,87.0
38.26694711371194,84.0
35.44031595982457,103.0
34.16888152891088,91.0
34.68560461806769,95.0
34.9056402848568,114.0
35.253353007060234,101.0
35.57516846879765,129.0
33.023157749746844,87.0
31.236644441710496,97.0
33.5272270642968,95.0
34.052135263256666,89.0
34.37345064369985,86.0
31.876655216998095,102.0
31.95099769372272,90.0
34.03938170029679,81.0
34.440646460938595,101.0
35.771486721382615,114.0
36.053653938239066,115.0
34.780181052142325,106.0
34.253171539431655,89.0
32.2081272657372,112.0
27.8164314065807,72.0
29.13673262424451,65.0
29.960402967791538,54.0
29.94164065502143,62.0
31.423723399581284,67.0
30.781498773350283,88.0
31.674529537257502,81.0
31.694711111195467,76.0
32.66975043199749,73.0
33.032305083643514,104.0
30.545293487700402,81.0
32.829814065198406,91.0
32.25993070086741,85.0
31.80648120763227,88.0
31.98753257849808,119.0
30.72475105549244,102.0
31.72688502548202,83.0
36.18045447953514,89.0
30.940477119511986,95.0
28.930211844193067,74.0
29.330439327953798,72.0
26.57287238958315,81.0
29.612100176733875,63.0
28.680925179337386,55.0
26.477546022346818,51.0
27.76439054960812,60.0
30.831232318094834,70.0
28.41650475074002,65.0
29.57299133994058,82.0
27.873263731508143,68.0
30.380687708549537,56.0
29.897496727080075,66.0
28.06087448011499,45.0
26.51137759962494,50.0
31.56827663317877,71.0
26.742518549631036,62.0
24.49337210033377,54.0
21.3126070873421,51.0
20.580945340746084,35.0
17.510175951363344,52.0
20.52405237047425,52.0
22.604299924246153,58.0
22.965854826381392,58.0
25.38046602411782,48.0
23.546995623612748,44.0
24.508288754726372,46.0
24.102967589759555,46.0
21.749401477592517,54.0
18.70400718674132,47.0
22.187588148318493,50.0
21.796519676149398,61.0
24.736457593140333,45.0
25.485810422711396,59.0
22.188482958545816,52.0
23.12743710564362,43.0
25.17173054826091,55.0
24.215209060239445,51.0
23.796275882261366,51.0
24.933280761658317,49.0
26.172968889903686,46.0
23.567954400047537,65.0
20.87867257906976,57.0
19.120117217474732,43.0
20.14837359169764,47.0
22.751280678058322,42.0
23.806986518372856,64.0
19.577137402114957,52.0
16.56438931270905,47.0
18.43899578324872,55.0
17.564683505268494,69.0
18.430950989287172,60.0
17.13778822280213,47.0
16.79785973458394,47.0
18.933179636654785,50.0
16.29657530134246,60.0
16.62866779189081,54.0
15.48821789967991,60.0
14.060869815029688,36.0
13.19814539734923,54.0
10.935657271013032,52.0
14.04966795421066,42.0
14.161593615940323,46.0
12.019102235190037,57.0
13.355791618939122,48.0
12.388947554884522,40.0
14.167351781832181,61.0
13.647171603850769,47.0
14.370544247446116,58.0
16.013313062052045,59.0
15.775901111348642,68.0
15.414387391882183,55.0
11.56627207601862,55.0
11.841061544100844,64.0
17.087014147020938,50.0
15.506632320197507,61.0
16.02196416104167,39.0
14.562370767382934,45.0
14.116437740492302,56.0
14.672153281393674,65.0
11.362103258661522,57.0
12.240759186108994,53.0
10.673019999990544,57.0
10.211703376930451,55.0
8.986488669790166,54.0
9.917309861384723,62.0
8.82929267586687,53.0
9.706443701154287,50.0
7.179316787311545,57.0
7.20658583791796,47.0
7.148170116041849,44.0
7.952001921032641,63.0
8.733251448970925,59.0
8.58417552732136,75.0
6.9266322621914505,83.0
8.2396310020969,58.0
6.491450122250457,70.0
8.179000632833349,77.0
9.31691840945269,63.0
8.573113577348813,69.0
7.292892411059398,62.0
9.30507107699742,73.0
8.237869663943139,63.0
6.638133910719959,66.0
2.921332531002456,64.0
2.4592326741309503,71.0
6.760966665284371,69.0
8.473610245933145,62.0
8.38115569899174,50.0
8.531844061004291,56.0
9.468515692991843,67.0
6.339022278086924,65.0
7.154958603114222,59.0
7.002711330834627,62.0
6.281897300999083,83.0
5.899308784325733,62.0
7.119337331711848,63.0
7.110525291570914,66.0
6.16680655861367,69.0
4.846613929692254,74.0
6.885199063733788,60.0
5.863550316327952,81.0
4.146768190873839,66.0
8.4761989685794,66.0
6.723946579862203,72.0
7.126058595918174,72.0
5.741527850107406,61.0
9.808098868374637,75.0
9.321343306963385,60.0
11.268695688879255,80.0
10.856133585977586,57.0
4.963593913696806,68.0
4.78207152136751,52.0
6.324657026929574,53.0
7.752236368491513,76.0
7.003597510760969,71.0
6.387950894852943,71.0
7.938188236120961,68.0
6.1940753024084145,63.0
5.299648289762137,50.0
5.8347570968306774,67.0
8.385170696826021,55.0
11.374835587963918,75.0
10.985521155848375,72.0
11.383942821329832,71.0
13.003032070564647,63.0
15.522536321419174,62.0
12.08120980111579,70.0
11.998202794099226,59.0
9.555182162142412,65.0
8.279987451496313,69.0
9.655015646083172,70.0
10.799901297843952,57.0
9.135866921074154,45.0
9.920913177548467,57.0
8.665301110245228,57.0
8.665180567613753,46.0
9.618469388947517,59.0
10.047732882302302,53.0
11.254553064145586,59.0
10.704859063599692,54.0
9.026266636075293,79.0
9.184767300575912,67.0
7.826616358839011,52.0
8.329704156745349,67.0
11.064065377407758,59.0
8.660834550092247,57.0
10.02124764906785,63.0
9.636069574504143,57.0
12.094333733863587,59.0
13.016542883509125,55.0
12.574460829405286,54.0
13.264182586811645,65.0
9.907492175233791,74.0
15.076780691206283,71.0
12.688965895142893,65.0
12.333335862632529,77.0
10.039015253501104,74.0
10.914274715084824,59.0
12.550579001037963,72.0
9.787869867361103,52.0
10.79741888647241,56.0
8.373924065952849,68.0
8.631646668232937,56.0
8.12043297296332,83.0
6.647800655160001,59.0
5.990122146718973,55.0
6.70499775975659,42.0
6.376677442078906,56.0
7.329565873585962,60.0
7.100436765798769,70.0
8.880666159854215,62.0
5.442645569810087,59.0
4.054512929833671,56.0
4.219859784865253,68.0
8.47317803997509,50.0
7.265882941945133,49.0
9.044261457393294,67.0
8.558093180178155,74.0
9.60297705529291,67.0
12.925197300397954,54.0
13.53767448180649,67.0
16.619501436224308,74.0
16.93663678794317,74.0
16.77316761833844,66.0
13.933852681534503,81.0
13.934947711107009,85.0
17.89977577925072,71.0
17.99073394025343,58.0
16.31335750484034,66.0
13.832195896937428,46.0
11.826654204998865,76.0
13.589668090190873,59.0
11.324617456618954,48.0
12.378238122071991,60.0
16.29157632242789,63.0
18.158159324476777,48.0
15.72502838847716,56.0
16.674036645569636,52.0
16.61431548291148,48.0
18.53380797914133,82.0
18.47964434342775,52.0
18.06398599797194,55.0
17.20790641480424,57.0
14.047471152493129,78.0
16.322918125385105,35.0
17.216861783711185,56.0
18.189750286893588,53.0
20.44579654994026,64.0
20.672617239060394,61.0
18.813972106147574,48.0
21.25758765175017,47.0
20.106279658481483,42.0
20.56290888097637,47.0
21.86017849541469,71.0
18.92540122668299,66.0
18.507577497615262,62.0
18.315112712693956,55.0
16.312583367099467,62.0
17.575600812971942,53.0
19.037353756743276,59.0
17.936925427029173,50.0
19.317311717029177,67.0
22.049644491597437,54.0
22.53349821390279,40.0
23.772601315915946,37.0
22.018434434454115,49.0
23.54531530306103,55.0
19.901153094840854,51.0
19.54727384016965,47.0
20.25404227571062,46.0
17.239783335277668,52.0
19.59560914764236,67.0
24.058553722327908,54.0
22.914235852220965,45.0
22.686598815195875,49.0
23.78879750882366,57.0
25.16918614383412,53.0
27.5793344402493,53.0
28.114889656073863,57.0
30.96293436068744,58.0
28.724994349005854,64.0
25.382944167102785,63.0
24.939209125204833,65.0
25.895242189947783,55.0
27.144203163804654,57.0
25.525940612910546,61.0
26.266678806790402,49.0
29.909886621968603,47.0
30.709479644269074,63.0
30.525183051430986,75.0
33.21843096691339,85.0
31.245842088631964,103.0
28.19924496278012,67.0
28.50508182164002,67.0
28.10666116355069,56.0
31.91080033734736,66.0
30.862226967702057,62.0
31.61082119446118,80.0
31.05412299735724,73.0
29.150916158813992,79.0
29.939589735739425,66.0
29.90729803891544,67.0
27.703505578938522,52.0
28.379608257640516,62.0
30.911357304419578,62.0
34.93656856791075,70.0
33.11385166369797,78.0
32.12603021921521,82.0
34.10071706445048,108.0
33.526633993783975,82.0
32.9354725835317,94.0
32.637892648781346,90.0
32.04105016030508,107.0
31.744185310286834,82.0
30.520465947930724,84.0
31.17476895935098,96.0
31.128560159055564,97.0
35.74893214422641,108.0
32.26068272351252,86.0
31.721600640854064,104.0
33.890797567787324,82.0
33.52193964495209,84.0
33.245516748806416,99.0
33.392541576769304,115.0
32.28811140894085,91.0
31.71347793887262,79.0
31.919763726749782,91.0
32.01001996431709,111.0
31.351552249992032,87.0
30.421785468902673,82.0
28.837622722413506,98.0
32.87024176503506,76.0
33.058541661866705,82.0
28.817431349285954,77.0
31.48701809504821,83.0
34.14060644881008,83.0
34.15101693359857,87.0
32.457184052836766,84.0
31.957529545541224,83.0
32.83335865347097,81.0
36.050297061686805,106.0
35.99178187200677,98.0
37.41971364051196,103.0
38.58432438447821,88.0
36.89590341834392,106.0
34.41492680978002,108.0
32.07536130746072,105.0
31.255010994866083,90.0
29.329638169208216,75.0
26.402296790872473,74.0
29.595648966026395,71.0
28.852979329917158,67.0
29.994844422399126,55.0
29.832755940128102,74.0
29.847662044319243,61.0
32.843330455355805,71.0
30.250164100973322,67.0
32.9372237799752,68.0
33.15257764740681,95.0
33.34713534132603,101.0
34.17476663480246,102.0
35.82191866763024,87.0
35.86522196333007,106.0
37.6276235436028,95.0
38.00972747590878,104.0
40.67271377255044,117.0
39.01031049997726,78.0
38.651310712216336,107.0
37.63185673629359,108.0
34.18270141901373,111.0
32.913525739042115,94.0
32.27710061297954,93.0
31.520337012066104,115.0
32.727932854403775,97.0
32.97269227747757,99.0
33.649552086853554,106.0
29.522179181717522,83.0
30.149178350672198,98.0
29.206645860999643,61.0
27.758978650628627,57.0
28.9020994851706,57.0
30.031902750071794,62.0
27.188410550745466,57.0
26.428425050805316,55.0
25.9914805638377,48.0
27.644287364724875,59.0
25.09065438515281,42.0
24.46887427249837,56.0
26.510540286631972,43.0
27.910706749756688,46.0
27.920966615943982,58.0
31.001623361130637,67.0
30.713707673285224,78.0
30.61664897595815,89.0
33.55010436580335,83.0
30.217527911302057,83.0
29.34436583547524,81.0
25.795016886027348,59.0
24.789048444628992,58.0
27.474637217006432,54.0
28.215374978851322,64.0
27.87804018597606,54.0
29.806969070700614,55.0
28.529806866437937,51.0
27.481027889454293,50.0
22.851675060760886,60.0
23.73462778119633,62.0
23.013410875774586,56.0
23.21671039520765,32.0
22.56452082899563,54.0
19.953729371054344,54.0
20.59761602229206,60.0
20.516571824062495,57.0
21.644849528861357,45.0
22.856189822326595,66.0
24.523389366832898,39.0
25.98534114734938,47.0
25.696527731791456,56.0
23.37010865635729,41.0
22.162289529850653,50.0
22.38080203774536,48.0
24.173033784333008,53.0
25.563694272018722,47.0
23.767289554682606,57.0
21.9328242073047,57.0
26.00144829238849,52.0
22.137365996791207,60.0
19.196060932360467,49.0
16.774999504374108,60.0
16.106350277712444,53.0
16.831359772866918,52.0
20.970626442564058,47.0
18.887614763089854,41.0
20.583807054052127,43.0
18.636390496589982,56.0
20.802692581830833,59.0
21.93317757794483,54.0
21.293376384529694,63.0
19.524547394352865,51.0
20.458101382196432,45.0
20.784050585679548,57.0
16.776995384387508,50.0
15.096300493454176,43.0
15.487534524371757,49.0
20.353685158071787,57.0
20.38761440064501,63.0
21.260967385202854,47.0
16.785238934166653,49.0
18.811843697988035,56.0
15.726686549594714,49.0
14.935541307124252,43.0
15.549625641113012,51.0
15.0842314183874,50.0
16.260174641854547,57.0
15.045506948758213,44.0
15.604828664334446,47.0
14.598310254308096,43.0
17.06125086330811,40.0
15.729874170661043,44.0
12.258656349559285,53.0
9.793213328055742,55.0
12.948651793028164,56.0
16.280708203329592,58.0
17.194642501426863,53.0
13.912665686653913,55.0
13.16128718640644,37.0
10.936432682781676,62.0
14.072186787003101,70.0
14.24238512590014,60.0
15.936444265026863,50.0
16.103747734722685,59.0
18.04485982048691,56.0
15.381672997270002,54.0
15.629390543826702,51.0
14.345337787888338,54.0
14.130676332131332,54.0
9.776260880691362,68.0
9.328748697375936,52.0
13.61447083850015,60.0
14.471033159315315,60.0
11.883109686974061,48.0
11.71276038876362,42.0
13.218825187940821,57.0
12.73814957298703,51.0
15.401827836674196,64.0
10.957517763831149,68.0
12.363934330400232,55.0
15.995813987668312,64.0
17.50608920567723,65.0
15.743353205775044,54.0
11.701074683385444,60.0
9.157034305364299,67.0
8.554590322491173,65.0
10.152348924355309,73.0
6.488662213976953,50.0
8.287105060460652,66.0
9.753331425343916,50.0
8.905931609517026,49.0
8.853313903081098,42.0
6.0369149623153415,51.0
6.528648124946514,75.0
8.462679787309371,63.0
9.762967752381535,68.0
15.991051629228956,67.0
15.154687433041873,72.0
10.322042192616573,67.0
11.065364936680481,69.0
8.279510336483385,63.0
8.743494745064647,75.0
11.221647752638976,86.0
8.493783658067159,60.0
12.09642082260583,63.0
10.055240154942178,50.0
10.860972104972285,46.0
7.968209112928486,55.0
7.808360963205009,54.0
6.523189650846812,50.0
9.358146520455094,66.0
9.761823594230878,61.0
7.688950796116192,48.0
8.80791698233302,63.0
8.277628582264724,55.0
10.800033630854621,49.0
10.034198107805608,57.0
8.951000862845081,61.0
