"value","lag","rr","lo","hi"
0,0,1.10647320150191,1.08131494459401,1.13221679933551
0.2,0,1.10712530244968,1.08278372577314,1.13201409122499
0.4,0,1.10776928255115,1.08419475019636,1.13185641522582
0.6,0,1.10840401032671,1.08555023214401,1.13173892255715
0.8,0,1.10902835195252,1.08685150560792,1.1316577095291
1,0,1.10964117136031,1.0880991230024,1.13160970645792
1.2,0,1.11024133034866,1.08929297779168,1.13159254373722
1.4,0,1.11082768870602,1.09043244810331,1.13160439800033
1.6,0,1.1113991043453,1.09151655771001,1.13164382199661
1.8,0,1.11195443345021,1.0925441496999,1.13170956286683
2,0,1.11249253063335,1.09351406674063,1.13180037491784
2.2,0,1.1130122491059,1.09442533023551,1.13191483460384
2.4,0,1.11351244085924,1.09527730916849,1.13205116692285
2.6,0,1.11399195685814,1.09606986843679,1.13220709343512
2.8,0,1.11444964724584,1.09680348637788,1.13237971220167
3,0,1.11488436156079,1.09747933229278,1.13256541884582
3.2,0,1.11529494896521,1.09809929707951,1.1327598756283
3.4,0,1.11568025848528,1.09866597332706,1.13295803218914
3.6,0,1.11603913926318,1.09918258479815,1.13315419803164
3.8,0,1.1163704408206,1.09965286841118,1.13334216363993
4,0,1.1166730133341,1.10008091392676,1.13351536502677
4.2,0,1.11694570747935,1.10047096562459,1.13366708657185
4.4,0,1.11718720197476,1.10082657399306,1.13379098374135
4.6,0,1.11739574140137,1.10114914395421,1.1338820447322
4.8,0,1.11756950447758,1.10143887293012,1.13393636999183
5,0,1.11770667193835,1.10169508986202,1.1339509597451
5.2,0,1.11780542711341,1.10191639180661,1.13392357367117
5.4,0,1.11786395653461,1.10210077431044,1.133852597192
5.6,0,1.11788045057195,1.10224575484205,1.13373691509479
5.8,0,1.11785310409829,1.10234848940601,1.13357579236626
6,0,1.11778011718225,1.10240588281288,1.1333687617667
6.2,0,1.1176596958093,1.10241469306306,1.13311551768757
6.4,0,1.11749005263053,1.10237163003153,1.13281581610774
6.6,0,1.11726940773879,1.10227344820834,1.13246938089454
6.8,0,1.11699598947193,1.10211703274729,1.13207581719904
7,0,1.11666803524257,1.10189947758462,1.13163453318431
7.2,0,1.11628379239414,1.10161815399464,1.13114467172072
7.4,0,1.11584151908253,1.10127076772009,1.13060505391066
7.6,0,1.11533948518291,1.10085540280413,1.13001413631561
7.8,0,1.11477597322121,1.10037055047919,1.12936998352974
8,0,1.11414927932953,1.09981512191662,1.12867025729496
8.2,0,1.11345771422499,1.09918844425028,1.12791222274245
8.4,0,1.11269960421119,1.09849023996475,1.12709277166766
8.6,0,1.11187329220165,1.09772059037267,1.12620846211114
8.8,0,1.11097713876449,1.09687988438837,1.12525557303439
9,0,1.11000952318738,1.09596875404725,1.12423017263642
9.2,0,1.10896884456212,1.0949879981705,1.12312819890648
9.4,0,1.10785352288778,1.09393849521329,1.1219455513681
9.6,0,1.10666200019153,1.09282110567948,1.12067819362478
9.8,0,1.10539274251509,1.09163656396997,1.11932226854088
10,0,1.10404502099654,1.09038571545273,1.11787543720815
10.2,0,1.10262035000455,1.08907002806525,1.11633926645101
10.4,0,1.10112064640068,1.08769070999721,1.11471640493552
10.6,0,1.0995478337841,1.0862486164013,1.11300987685921
10.8,0,1.09790384130013,1.08474433913811,1.11122298706747
11,0,1.09619060247677,1.0831782891071,1.10935923387917
11.2,0,1.0944100540898,1.08155077265753,1.10742222813066
11.4,0,1.09256413505682,1.07986206322959,1.1054156172895
11.6,0,1.0906547853608,1.07811246895792,1.10334301390669
11.8,0,1.08868394500354,1.0763023965133,1.10120792813252
12,0,1.08665355298924,1.07443241099548,1.09901370448243
12.2,0,1.08456554633862,1.07250329125899,1.09676346347056
12.4,0,1.08242185913387,1.07051607969426,1.0944600490872
12.6,0,1.0802244215945,1.06847212524132,1.09210598334104
12.8,0,1.07797515918439,1.06637311832038,1.08970342917955
13,0,1.07567599175018,1.06422111644885,1.08725416301524
13.2,0,1.07332883269099,1.0620185595802,1.08475955781902
13.4,0,1.07093558815963,1.05976827462586,1.08222057731602
13.6,0,1.06849815629527,1.05747346915661,1.07963778128348
13.8,0,1.0660184264876,1.05513771485553,1.07701134137423
14,0,1.06349827867239,1.05276492183304,1.07434106635109
14.2,0,1.06093958265836,1.05035930534138,1.07162643518968
14.4,0,1.05834419748535,1.04792534668731,1.06886663624631
14.6,0,1.05571397081349,1.04546775020716,1.06606061062136
14.8,0,1.05305073834336,1.04299139803344,1.06320709798409
15,0,1.05035632326687,1.04050130406131,1.06030468344486
15.2,0,1.04763253574859,1.03800256803658,1.05735184454799
15.4,0,1.04488117311822,1.03550033046444,1.05434699904656
15.6,0,1.04210634677359,1.03300115122072,1.05129179837067
15.8,0,1.03931964237685,1.03051600261422,1.04819849113466
16,0,1.03653403750961,1.02805637788955,1.04508160644027
16.2,0,1.03376237172633,1.02563339483274,1.04195577735797
16.4,0,1.03101734748313,1.0232578516047,1.03883568461667
16.6,0,1.02831153264015,1.02094027452753,1.03573601173692
16.8,0,1.02565736450825,1.01869095965293,1.03267140971627
17,0,1.02306715541202,1.01652000962002,1.02965646969812
17.2,0,1.02055309974275,1.01443736704915,1.02670570231871
17.4,0,1.01812728247707,1.01245284551468,1.02383352263403
17.6,0,1.01580168913977,1.01057615898597,1.02105423968698
17.8,0,1.0135882171923,1.00881695051648,1.01838204989031
18,0,1.01149868883222,1.00718482089071,1.01583103347853
18.2,0,1.0095448651928,1.00568935790344,1.01341515332511
18.4,0,1.00773846193673,1.00434016694375,1.01114825543315
18.6,0,1.00609116624272,1.00314690358564,1.00904407038847
18.8,0,1.0046146551895,1.00211930894811,1.00711621501526
19,0,1.00332061554747,1.00126724867983,1.00537819339424
19.2,0,1.00222076499496,1.00060075654729,1.00384339629429
19.4,0,1.00132687478288,1.00013008375725,1.00252509793097
19.6,0,1.00065079387909,0.999865755318104,1.00143644880835
19.8,0,1.00020447463177,0.999818634924041,1.00059046323879
20,0,1,1,1
20.2,0,1.00004961240841,0.999677734535001,1.00042162861954
20.4,0,1.00036574429331,0.999636121218546,1.00109589991168
20.6,0,1.00096105041776,0.99988734464209,1.0020359091674
20.8,0,1.00184844204459,1.00044325980314,1.00325559794833
21,0,1.00304112296554,1.00131532265457,1.00476989775082
21.2,0,1.00454731122656,1.00250892332928,1.00658984375051
21.4,0,1.00635594484417,1.00400873385417,1.00870864323608
21.6,0,1.00845163050627,1.00579525377788,1.01111502291433
21.8,0,1.01081908898823,1.00784968148496,1.01379724519787
22,0,1.01344311035406,1.0101539262763,1.01674300441532
22.2,0,1.01630851172787,1.01269059022005,1.01993935856171
22.4,0,1.01940009756472,1.01544292348074,1.02337269272887
22.6,0,1.02270262236784,1.01839475822836,1.02702870900236
22.8,0,1.02620075581734,1.02153042754059,1.03089243633737
23,0,1.02987905029153,1.02483467601065,1.03494825366191
23.2,0,1.03372191077724,1.02829256808981,1.03917992017192
23.4,0,1.03771356717959,1.03188939889948,1.04357060810691
23.6,0,1.04183804905497,1.03561061075482,1.04810293481595
23.8,0,1.04607916280247,1.03944171725463,1.05275899233651
24,0,1.05042047136047,1.04336823567586,1.05752037384808
24.2,0,1.05484527646443,1.04737562761076,1.06236819718402
24.4,0,1.05933660353097,1.0514492472706,1.0672831261172
24.6,0,1.06387718924064,1.05557429659,1.07224539044094
24.8,0,1.06844947189828,1.05973578613004,1.07723480601573
25,0,1.07303558465497,1.0639185007351,1.0822307960058
25.2,0,1.07761735167937,1.06810696890084,1.0872124145351
25.4,0,1.08217628736873,1.07228543482235,1.09215837398481
25.6,0,1.08669359869107,1.07643783208925,1.09704707715832
25.8,0,1.0911501907494,1.08054775796099,1.10185665557175
26,0,1.09552667565721,1.08459844707674,1.10656501520107
26.2,0,1.09980338481078,1.08857274332148,1.11114989114149
26.4,0,1.10396038463878,1.09245306837188,1.11558891281994
26.6,0,1.10797749590278,1.09622138517417,1.11985968165723
26.8,0,1.11183786745957,1.09986200548112,1.12394412876941
27,0,1.1155394400641,1.10337083180133,1.12784225073895
27.2,0,1.11908414646971,1.10674686672402,1.13155895402423
27.4,0,1.12247403207215,1.10998917708755,1.13509931329442
27.6,0,1.12571125101036,1.11309694382478,1.13846851137414
27.8,0,1.12879806225685,1.11606950917641,1.14167178197986
28,0,1.13173682569184,1.11890642198127,1.14471435453829
28.2,0,1.13452999816924,1.12160748105554,1.14760140110207
28.4,0,1.13718012958277,1.12417277611029,1.15033798593876
28.6,0,1.13968985893981,1.12660272522176,1.1529290188026
28.8,0,1.14206191045079,1.12889810756369,1.15537921320231
29,0,1.14429908964124,1.13106008994609,1.15769305114124
29.2,0,1.14640427949367,1.13309024569028,1.15987475581945
29.4,0,1.14838043662599,1.13499056450531,1.16192827365054
29.6,0,1.15023058751297,1.13676345229912,1.16385726667636
29.8,0,1.15195782475698,1.13841172022591,1.16566511609306
30,0,1.15356530341392,1.13993856269101,1.16735493718107
30.2,0,1.15505623737996,1.14134752444852,1.16892960551608
30.4,0,1.15643389584453,1.14264245728087,1.17039179398306
30.6,0,1.15770159981454,1.14382746699652,1.17174401986732
30.8,0,1.1588627187147,1.14490685159385,1.17298870118321
31,0,1.1599206670684,1.14588503140758,1.17412822143224
31.2,0,1.16087890126346,1.14676647189053,1.17516500214466
31.4,0,1.16174091640663,1.14755559941869,1.17610158282264
31.6,0,1.16251024327059,1.14825671018535,1.17694070822446
31.8,0,1.16319044533691,1.14887387192771,1.17768542325089
32,0,1.16378511593808,1.14941081797569,1.17833917594783
32.2,0,1.16429787550155,1.14987083301295,1.17890592923855
32.4,0,1.16473225156379,1.15025640551162,1.17939027449228
32.6,0,1.16509123257041,1.15056841385241,1.17979736265083
32.8,0,1.16537765843506,1.15080719852585,1.18013259607629
33,0,1.16559438582675,1.15097307875286,1.180401433666
33.2,0,1.16574428643928,1.15106649523172,1.18060924107799
33.4,0,1.1658302452982,1.15108813336588,1.18076116107439
33.6,0,1.16585515913556,1.15103902548944,1.18086200553022
33.8,0,1.16582193483341,1.15092063004017,1.18091617116228
34,0,1.165733487937,1.15073488567322,1.18092758098903
34.2,0,1.16559274123855,1.15048423887435,1.18089965296463
34.4,0,1.1654026234322,1.15017164460102,1.1808352962603
34.6,0,1.16516606784082,1.149800540659,1.18073693448564
34.8,0,1.16488601121521,1.14937479768526,1.18060655397846
35,0,1.16456539260607,1.14889864754475,1.18044577435444
35.2,0,1.1642071523091,1.14837659350751,1.18025593794793
35.4,0,1.1638142308836,1.14781330569095,1.18003821465708
35.6,0,1.16338956824468,1.14721350495296,1.17979371900442
35.8,0,1.16293610282924,1.1465818378043,1.17952363684178
36,0,1.16245677083578,1.14592274411361,1.1792293599227
36.2,0,1.16195450553821,1.14524031856697,1.17891262737759
36.4,0,1.16143223667335,1.14453816617385,1.17857567379642
36.6,0,1.16089288990238,1.14381925173666,1.17822138399903
36.8,0,1.16033938634583,1.14308574326924,1.17785345450529
37,0,1.15977464219214,1.14233885001374,1.17747656105343
37.2,0,1.15920156837961,1.14157865712203,1.1770965300993
37.4,0,1.15862307035139,1.14080396138325,1.17672050991372
37.6,0,1.15804204788347,1.14001211568004,1.17635713359605
37.8,0,1.1574613949853,1.13919889407051,1.17601666210747
38,0,1.15688353445024,1.13835780949237,1.1757107485202
38.2,0,1.15630834858934,1.13747801726213,1.17545040583346
38.4,0,1.15573486067543,1.13654778166798,1.175245853914
38.6,0,1.15516209523065,1.13555620868543,1.17510648618832
38.8,0,1.15458907871065,1.13449365494464,1.17504045515614
39,0,1.15401483950257,1.13335203909207,1.17505435544899
39.2,0,1.15343840793126,1.13212503029186,1.17515303106408
39.4,0,1.15285881627365,1.13080810167555,1.17533951896041
39.6,0,1.1522750987812,1.12939845412308,1.17561512362982
39.8,0,1.15168629171056,1.12789483185498,1.17597960115892
40,0,1.15109143336216,1.12629726184929,1.17643142076381
0,1,1.08440674894101,1.06790409740836,1.10116442103989
0.2,1,1.08495335218315,1.06917200668639,1.10096763575173
0.4,1,1.08549106285298,1.07038002516878,1.10081542987306
0.6,1,1.08601877669706,1.07153249500224,1.10070090159619
0.8,1,1.08653538759896,1.0726327099703,1.10061826152729
1,1,1.08703978768603,1.07368293217055,1.10056280546778
1.2,1,1.08753086744742,1.07468444721205,1.10053084951508
1.4,1,1.08800751586329,1.07563765620649,1.10051962921217
1.6,1,1.08846862054549,1.07654220269465,1.10052716460782
1.8,1,1.0889130678894,1.0773971323773,1.10055209336223
2,1,1.08933974323722,1.07820108261046,1.10059347494169
2.2,1,1.08974753105253,1.07895249666457,1.10065057090672
2.4,1,1.09013531510625,1.07964985456417,1.10072260948113
2.6,1,1.09050197867387,1.08029190817954,1.100808546734
2.8,1,1.09084640474408,1.08087790395549,1.10090684099329
3,1,1.09116747623872,1.08140777355928,1.1010152602125
3.2,1,1.09146407624395,1.08188227228755,1.10113074245331
3.4,1,1.09173508825277,1.08230304830122,1.10124932641838
3.6,1,1.09197939641874,1.08267263255267,1.10136616217187
3.8,1,1.09219588582096,1.08299434815074,1.10147560330406
4,1,1.09238344274008,1.08327214640035,1.10157137330443
4.2,1,1.09254095521675,1.08351038173272,1.10164679448395
4.4,1,1.0926674191987,1.08371325283294,1.10169556924519
4.6,1,1.09276209961124,1.08388373023034,1.10171319399083
4.8,1,1.09282430513941,1.0840236607991,1.10169639749659
5,1,1.09285334716783,1.08413396081691,1.10164286110546
5.2,1,1.09284853998664,1.08421474957338,1.10155108277292
5.4,1,1.09280920100133,1.0842654769711,1.10142024730813
5.6,1,1.09273465094641,1.08428504297876,1.10125010495267
5.8,1,1.09262421410267,1.08427190891144,1.1010408583231
6,1,1.09247721851826,1.08422420167189,1.1007930565846
6.2,1,1.09229299623321,1.08413981253022,1.10050749527923
6.4,1,1.09207088350751,1.08401649193262,1.10018512031919
6.6,1,1.09181022105258,1.08385194134516,1.09982693513972
6.8,1,1.09151035426607,1.08364390236172,1.09943391078331
7,1,1.09117063346984,1.08339024234168,1.09900689964998
7.2,1,1.09079041415114,1.08308903482219,1.0985465546693
7.4,1,1.09036905720677,1.08273863203235,1.09805325656696
7.6,1,1.08990592919014,1.08233772620285,1.0975270525322
7.8,1,1.08940040256123,1.08188539617959,1.09696760977775
8,1,1.08885185593916,1.08138113621465,1.09637418711806
8.2,1,1.08825967435739,1.08082486471418,1.0957456267863
8.4,1,1.08762324952141,1.08021691203011,1.09508036740175
8.6,1,1.0869419800687,1.07955798784283,1.09437647754007
8.8,1,1.08621527183098,1.07884912999283,1.09363170804678
9,1,1.08544253809847,1.07809163751007,1.09284356034404
9.2,1,1.08462319988614,1.07728699088249,1.09200936768721
9.4,1,1.08375668620178,1.07643676225111,1.09112638668232
9.6,1,1.08284243431565,1.07554251728149,1.09019189731181
9.8,1,1.08187989027512,1.07460570901436,1.08920331165491
10,1,1.08086873287578,1.07362749392554,1.08815881142993
10.2,1,1.07980928656224,1.07260845780263,1.0870584572256
10.4,1,1.07870199420061,1.07154873177919,1.08590300915232
10.6,1,1.07754730381397,1.07044810842154,1.08469358096106
10.8,1,1.07634566841696,1.06930612466619,1.08343155546931
11,1,1.07509754585076,1.06812213681583,1.08211850803876
11.2,1,1.07380339861839,1.06689538949028,1.08075613620871
11.4,1,1.07246369372042,1.06562508004036,1.07934619397741
11.6,1,1.0710789024912,1.06431041942214,1.07789042973443
11.8,1,1.06964950043565,1.0629506899505,1.07639052742467
12,1,1.06817596706659,1.06154529975443,1.07484805112188
12.2,1,1.0666587857428,1.06009383319605,1.07326439374908
12.4,1,1.0650984435078,1.05859609605616,1.07164073114299
12.6,1,1.06349543092941,1.05705215399886,1.06997798294912
12.8,1,1.06185024194007,1.05546236276431,1.06827678189787
13,1,1.06016337367819,1.05382738873464,1.06653745281595
13.2,1,1.05843532633032,1.05214821896228,1.06476000228267
13.4,1,1.05666660297438,1.05042616038637,1.06294411920465
13.6,1,1.05485770942387,1.0486628286924,1.06108918585249
13.8,1,1.05300915407328,1.04686012797396,1.05919429819923
14,1,1.05112144774452,1.04502022292104,1.05725829383496
14.2,1,1.04919510353458,1.0431455056043,1.05527978538644
14.4,1,1.04723063666447,1.04123855901545,1.05325719728019
14.6,1,1.04522856432935,1.03930211937089,1.05118880384012
14.8,1,1.04318940555003,1.0373390388387,1.04907276705802
15,1,1.04111368102578,1.03535224986849,1.04690717285516
15.2,1,1.03900191298862,1.03334473174904,1.04469006520874
15.4,1,1.03685462570395,1.03131947987637,1.04241947894997
15.6,1,1.03467455183658,1.02928102264195,1.04009634363058
15.8,1,1.03247153366286,1.02723875011746,1.03773097315716
16,1,1.03025676944123,1.02520277520911,1.03533567860561
16.2,1,1.0280413632959,1.02318294877814,1.03292284718913
16.4,1,1.02583632454925,1.02118889876409,1.03050490074689
16.6,1,1.02365256824094,1.01923006271806,1.02809426330289
16.8,1,1.0215009168159,1.01731571542273,1.02570333598171
17,1,1.01939210296388,1.01545499291588,1.02334447792823
17.2,1,1.01733677359399,1.01365691395888,1.02102999215434
17.4,1,1.01534549492845,1.01193039978549,1.01877211544395
17.6,1,1.01342875870131,1.01028429281677,1.01658301159904
17.8,1,1.01159698944945,1.00872737492375,1.01447476741725
18,1,1.00986055288529,1.00726838575432,1.01245939086041
18.2,1,1.00822976534278,1.00591604160826,1.01054881091063
18.4,1,1.00671490429102,1.00467905534318,1.00875487861693
18.6,1,1.00532621991264,1.00356615782282,1.00708936881298
18.8,1,1.00407394774748,1.00258612147952,1.0055639819325
19,1,1.00296832240552,1.0017477866577,1.0041903452617
19.2,1,1.00201959235701,1.00106009153817,1.00298001284274
19.4,1,1.00123803581186,1.0005321066197,1.00194446307502
19.6,1,1.00063397770491,1.00017307495445,1.00109509284995
19.8,1,1.00021780780863,0.999992459595643,1.00044320680381
20,1,1,1,1
20.2,1,0.999991132713904,0.999776532101752,1.00020577938977
20.4,1,1.00020191062143,0.999783690962402,1.00062030522598
20.6,1,1.00064318757788,1.00003214371641,1.00125460480194
20.8,1,1.00132599089217,1.0005322741929,1.0021203372425
21,1,1.0022615468887,1.00129410713817,1.00322992136927
21.2,1,1.0034567704141,1.00232246002696,1.00459236448001
21.4,1,1.00490207151062,1.00360441457978,1.00620140630725
21.6,1,1.00658413505912,1.00512337301127,1.00804702005607
21.8,1,1.00848972404095,1.00686323704092,1.01011883846829
22,1,1.01060564792517,1.00880845656103,1.01240604098412
22.2,1,1.01291873294256,1.01094404607192,1.01489727698833
22.4,1,1.01541579420548,1.01325556791129,1.01758062602841
22.6,1,1.01808360964365,1.01572908607307,1.02044359114718
22.8,1,1.02090889573634,1.01835109827937,1.02347311762576
23,1,1.02387828503133,1.02110845555145,1.02665562787112
23.2,1,1.02697830544996,1.02398827791413,1.02997706381296
23.4,1,1.03019536138604,1.0269778728945,1.03342293016504
23.6,1,1.03351571661364,1.03006466107531,1.03697833432353
23.8,1,1.0369254790265,1.03323611080301,1.04062802084869
24,1,1.04041058723709,1.03647968254205,1.04435640009867
24.2,1,1.04395679906995,1.03978278234732,1.04814757161496
24.4,1,1.04754968198791,1.04313272338872,1.05198534340682
24.6,1,1.05117460549453,1.04651669425694,1.05585324849609
24.8,1,1.05481673555921,1.04992173276862,1.05973456010077
25,1,1.05846103111408,1.05333470407276,1.06361230675799
25.2,1,1.06209224267354,1.05674228196903,1.06746928858135
25.4,1,1.06569491312843,1.06013093244228,1.07128809575571
25.6,1,1.06925338076678,1.06348689847305,1.07505113031739
25.8,1,1.07275178457228,1.0667961851859,1.07874063226283
26,1,1.07617407185022,1.07004454433819,1.08233871108515
26.2,1,1.07950400822754,1.07321745701933,1.08582738396356
26.4,1,1.08272519007043,1.0763001132148,1.08918862203919
26.6,1,1.08582105935815,1.07927738657288,1.09240440651634
26.8,1,1.08877797849568,1.08213635499313,1.09546036503382
27,1,1.09159507963792,1.08487454714881,1.09835724418214
27.2,1,1.09427492980915,1.08749227654427,1.10109988625751
27.4,1,1.09682018483475,1.08998990294997,1.10369326780465
27.6,1,1.09923358540501,1.0923678665004,1.10614245652741
27.8,1,1.10151795317861,1.09462672144576,1.1084525687188
28,1,1.10367618692036,1.09676717027055,1.11062872649133
28.2,1,1.10571125868026,1.09879009824991,1.11267601475437
28.4,1,1.10762621002037,1.10069660793005,1.11459943846948
28.6,1,1.10942414829612,1.10248805249472,1.11640388123705
28.8,1,1.11110824299779,1.10416606654066,1.11809406670639
29,1,1.1126817221582,1.10573259247266,1.11967452461211
29.2,1,1.11414786883193,1.10718990059037,1.12114956337736
29.4,1,1.11551001765129,1.10854060100883,1.12252325115377
29.6,1,1.11677155146394,1.10978764583897,1.12379940688234
29.8,1,1.11793589805668,1.11093432052351,1.1249816024901
30,1,1.11900652696972,1.1119842238089,1.12607317675042
30.2,1,1.11998694640559,1.11294123644151,1.12707726072726
30.4,1,1.12088070023616,1.11380947920468,1.12799681419395
30.6,1,1.12169136511156,1.11459326127524,1.12883467205454
30.8,1,1.1224225476739,1.11529702002099,1.12959359965209
31,1,1.12307788187898,1.11592525327211,1.13027635593637
31.2,1,1.12366102642857,1.11648244480919,1.13088576375268
31.4,1,1.12417566231576,1.11697298338312,1.13142478694099
31.6,1,1.12462549048562,1.117401075105,1.13189661441052
31.8,1,1.12501422961315,1.11777064862928,1.13230475177008
32,1,1.12534561400035,1.11808525233244,1.1326531213143
32.2,1,1.12562339159408,1.11834794283467,1.13294617102101
32.4,1,1.12585108114854,1.11856086325495,1.13318881302074
32.6,1,1.12603105963967,1.11872417324601,1.13338567056637
32.8,1,1.12616536821347,1.11883745277165,1.13354127842396
33,1,1.1262560546686,1.11890035988007,1.13366010608276
33.2,1,1.12630517270123,1.11891279425906,1.13374639074853
33.4,1,1.12631478112638,1.11887503646579,1.1338039949402
33.6,1,1.12628694313591,1.1187878574167,1.13383629422603
33.8,1,1.12622372559353,1.11865259271712,1.13384610052077
34,1,1.12612719836703,1.11847117806515,1.13383562471031
34.2,1,1.12599943369799,1.11824614481172,1.13380647952216
34.4,1,1.12584250560912,1.11798057806981,1.13375972024898
34.6,1,1.12565848934937,1.11767804269888,1.13369591799852
34.8,1,1.12544946087702,1.11734248436546,1.13361525826855
35,1,1.12521749638079,1.11697811337331,1.13351765715242
35.2,1,1.12496467183901,1.11658927814177,1.13340288829566
35.4,1,1.12469306261701,1.1161803334567,1.13327071547789
35.6,1,1.12440474310258,1.11575550641292,1.1331210278999
35.8,1,1.12410178637977,1.11531876076525,1.13295397745771
36,1,1.12378626394071,1.11487365854673,1.1327701191434
36.2,1,1.1234602454357,1.11442321652078,1.13257055700518
36.4,1,1.12312579846135,1.1139697544644,1.13235709866821
36.6,1,1.12278498838683,1.1135147326006,1.13213242109746
36.8,1,1.12243987821806,1.11305857695607,1.13190024882571
37,1,1.12209252849988,1.11260049438157,1.13166554290911
37.2,1,1.12174499725612,1.11213828388898,1.1314346939564
37.4,1,1.12139933996731,1.11166815820274,1.13121570533441
37.6,1,1.12105760958625,1.11118459890646,1.13101834317003
37.8,1,1.12072185659111,1.1106802790888,1.13085421924612
38,1,1.12039370662597,1.11014562154468,1.1307363948348
38.2,1,1.12007248153727,1.10956753519219,1.13067688455732
38.4,1,1.11975672380176,1.108933019621,1.13068607239037
38.6,1,1.11944497700026,1.10823097326756,1.13077245335984
38.8,1,1.11913578638621,1.10745269217615,1.13094213163109
39,1,1.11882769884307,1.10659208620807,1.13119860091166
39.2,1,1.11851926286057,1.10564560027389,1.13154282084624
39.4,1,1.11820902852983,1.1046118916967,1.13197353829407
39.6,1,1.11789554755722,1.10349135586254,1.13248776133044
39.8,1,1.11757737329713,1.10228559923108,1.13308128689784
40,1,1.11725306080331,1.10099693856376,1.13374920324729
0,2,1.06382871899761,1.05089590198628,1.07692069331039
0.2,2,1.06426418147061,1.05185665109813,1.076818069058
0.4,2,1.06469002202087,1.05276082035963,1.07675439764519
0.6,2,1.06510531131883,1.05361427064212,1.07672167681271
0.8,2,1.06550911890003,1.05442162482075,1.07671320061566
1,2,1.06590051326071,1.05518627169716,1.07672354601626
1.2,2,1.0662785619615,1.05591042577491,1.07674850436704
1.4,2,1.06664233173931,1.05659523530914,1.07678496536603
1.6,2,1.06699088862721,1.05724093103769,1.07683076107928
1.8,2,1.06732329808259,1.05784700853438,1.07688447709296
2,2,1.06763862512338,1.05841243734677,1.07694523763602
2.2,2,1.06793593447238,1.05893588935717,1.07701247223733
2.4,2,1.0682142907098,1.0594159768916,1.07708567339588
2.6,2,1.06847275843381,1.05985148825754,1.07716415758595
2.8,2,1.06871040242927,1.06024160542852,1.07724684488203
3,2,1.06892628784452,1.06058608672545,1.07733207435602
3.2,2,1.06911948037621,1.06088539780834,1.07741747193546
3.4,2,1.06928904646222,1.06114077779101,1.07749988391199
3.6,2,1.0694340534825,1.06135423351338,1.07757538306705
3.8,2,1.06955356996796,1.06152846252581,1.07763934686151
4,2,1.06964666581726,1.06166671206075,1.07768660041448
4.2,2,1.06971241317528,1.06177258502944,1.07771161455403
4.4,2,1.06975014183002,1.06184967555085,1.07770938984531
4.6,2,1.0697598268623,1.06190081567964,1.07767700172263
4.8,2,1.06974154505019,1.06192791505618,1.07761266747171
5,2,1.06969537536395,1.06193209795021,1.07751540638398
5.2,2,1.06962139894555,1.06191383029991,1.07738491056201
5.4,2,1.06951969908805,1.06187303672989,1.07722142588726
5.6,2,1.06939036121473,1.06180920727072,1.07702564342842
5.8,2,1.06923347285795,1.06172149487164,1.07679860019985
6,2,1.06904912363793,1.06160880538314,1.07654158759409
6.2,2,1.06883740524121,1.06146988173447,1.07625606576423
6.4,2,1.06859841139897,1.06130338371178,1.07594358255105
6.6,2,1.06833223786515,1.06110796417133,1.07560569612093
6.8,2,1.06803898239437,1.06088234179004,1.07524390121271
7,2,1.0677187447197,1.0606253696523,1.07485955969499
7.2,2,1.06737162653021,1.06033609820036,1.07445383690642
7.4,2,1.06699773144844,1.06001383045435,1.07402764587339
7.6,2,1.06659716500756,1.05965816705511,1.07358160185161
7.8,2,1.06617003462854,1.05926903869199,1.07311598962947
8,2,1.06571644959703,1.05884672388366,1.07263074562479
8.2,2,1.0652365210402,1.05839185083818,1.07212545604843
8.4,2,1.06473036190335,1.05790538310144,1.07159937142519
8.6,2,1.06419808692644,1.05738858972207,1.0710514367434
8.8,2,1.06363981262052,1.05684300151344,1.07048033565185
9,2,1.0630556572439,1.05627035550888,1.06988454660722
9.2,2,1.0624457407784,1.05567252978568,1.06926240879577
9.4,2,1.06181018490529,1.0550514704583,1.06861219602761
9.6,2,1.06114911298129,1.05440911186398,1.06793219757971
9.8,2,1.06046264984508,1.05374728940631,1.06722080618594
10,2,1.05975076621843,1.05306720959705,1.06647674171746
10.2,2,1.05901299141005,1.05236852605295,1.06569940872484
10.4,2,1.05824877965478,1.05165032751356,1.06488863298184
10.6,2,1.05745758887173,1.05091142449167,1.06404452954092
10.8,2,1.05663888080835,1.05015041713376,1.06316743413122
11,2,1.0557921211869,1.04936575666621,1.0622578410617
11.2,2,1.05491677985336,1.04855580208551,1.0613163459711
11.4,2,1.05401233092875,1.04771887340808,1.06034359210894
11.6,2,1.05307825296259,1.04685330236931,1.05934021925787
11.8,2,1.05211402908869,1.04595748098507,1.05830681488384
12,2,1.05111914718303,1.04502990789315,1.05724386759631
12.2,2,1.05009310002374,1.04406923191473,1.05615172347835
12.4,2,1.04903538545307,1.04307429186402,1.05503054625772
12.6,2,1.04794550654133,1.04204415134402,1.05388028258086
12.8,2,1.04682297175262,1.04097812714759,1.05270063377001
13,2,1.04566729511239,1.03987580997344,1.05149103535314
13.2,2,1.04447799637671,1.03873707647142,1.05025064535194
13.4,2,1.0432546012031,1.03756209211805,1.04897834182595
13.6,2,1.04199664132296,1.03635130502334,1.04767272957106
13.8,2,1.04070365471534,1.03510543138862,1.04633215525196
14,2,1.03937518578219,1.03382543387377,1.04495472970892
14.2,2,1.03801078552477,1.03251249451063,1.04353835580114
14.4,2,1.03661001172127,1.03116798396949,1.04208075997884
14.6,2,1.0351724291055,1.02979342894053,1.04057952582066
14.8,2,1.03369760954651,1.02839047915843,1.03903212800705
15,2,1.03218513222916,1.0269608752224,1.03743596557582
15.2,2,1.03063458383539,1.02550641789259,1.03578839377755
15.4,2,1.02904555929906,1.02402893941682,1.03408675512254
15.6,2,1.02741962289176,1.02253166013385,1.03233095136131
15.8,2,1.025764671556,1.02102216881114,1.03052920255154
16,2,1.02408983291803,1.01950871876792,1.02869153208764
16.2,2,1.02240417743683,1.01799934579429,1.02682806856293
16.4,2,1.02071671705026,1.01650190257849,1.02494900779137
16.6,2,1.01903640461939,1.01502408715747,1.02306458248463
16.8,2,1.01737213416181,1.0135734668335,1.02118503812312
17,2,1.01573274186528,1.01215749870465,1.0193206138546
17.2,2,1.01412700787248,1.01078354772708,1.01748152748334
17.4,2,1.0125636588285,1.00945890305276,1.01567796378787
17.6,2,1.01105137118316,1.00819079325779,1.01392006553462
17.8,2,1.00959877524059,1.00698640098641,1.01221792664612
18,2,1.00821445995,1.00585287747766,1.01058158704215
18.2,2,1.00690697843207,1.00479735741261,1.00902102870368
18.4,2,1.005684854237,1.00382697451633,1.00754617251545
18.6,2,1.00455658833153,1.00294887837102,1.0061668754237
18.8,2,1.00353066681395,1.00217025294463,1.00489292740132
19,2,1.00261556935774,1.00149833741487,1.00373404764039
19.2,2,1.00181977838655,1.00094044997369,1.00269987929139
19.4,2,1.0011517889854,1.00050401543316,1.00179998193683
19.6,2,1.00062011955514,1.00019659761932,1.00104382082654
19.8,2,1.00023332321995,1.00002593772743,1.0004407517201
20,2,1,1,1
20.2,2,0.99992880976472,0.999730632580291,1.00012702623393
20.4,2,1.00002848598484,0.99964152112409,1.00041560064109
20.6,2,1.00030785030489,0.999741295341621,1.00087472633575
20.8,2,1.00077582796136,1.00003828589363,1.00151391397655
21,2,1.00144146400459,1.00054045790878,1.00234328147387
21.2,2,1.00231029054393,1.00125150076024,1.00337019996221
21.4,2,1.00337452447834,1.00216076853318,1.0045897504506
21.6,2,1.0046233650672,1.0032546723359,1.00599392504102
21.8,2,1.00604606098907,1.00452006064106,1.00757437953573
22,2,1.00763189055099,1.0059442590421,1.00932235333019
22.2,2,1.00937014311907,1.00751508169321,1.01122862012942
22.4,2,1.01125010174995,1.00922081554283,1.01328346833517
22.6,2,1.01326102700876,1.01105018162381,1.01547670680985
22.8,2,1.01539214196385,1.01299228002792,1.01779768936987
23,2,1.01763261835387,1.01503652589362,1.02023535066982
23.2,2,1.01997156392706,1.01717258296176,1.02277824692305
23.4,2,1.02239801095674,1.01939029963207,1.02541459653441
23.6,2,1.02490090594066,1.02167965062588,1.02813231755618
23.8,2,1.02746910049539,1.02403068576033,1.03091906048594
24,2,1.03009134345996,1.02643348615558,1.03376223611464
24.2,2,1.0327562742253,1.02887812744309,1.03664903889283
24.4,2,1.03545241730881,1.03135464913643,1.03956646669348
24.6,2,1.03816817819476,1.03385302916218,1.04250133801867
24.8,2,1.04089184046325,1.03636316252777,1.04544030772026
25,2,1.04361156423102,1.03887484315417,1.04836988225644
25.2,2,1.04631538592861,1.04137774797296,1.05127643543557
25.4,2,1.04899121943833,1.04386142244993,1.05414622553647
25.6,2,1.0516268586174,1.04631526673111,1.05696541465997
25.8,2,1.05420998123018,1.04872852160205,1.05972009117061
26,2,1.05672815431225,1.05109025339756,1.06239629613786
26.2,2,1.05916884098751,1.05338933689084,1.06498005479154
26.4,2,1.06151940875776,1.05561443501824,1.0674574141741
26.6,2,1.06376713928145,1.05775397404917,1.06981448841377
26.8,2,1.06590168678145,1.05979812718208,1.07204039782979
27,2,1.06792294432525,1.06174531598601,1.07413651639914
27.2,2,1.06983354554773,1.06359615745488,1.07610751238331
27.4,2,1.07163618268405,1.06535130629049,1.07795813574053
27.6,2,1.07333360350703,1.06701148586861,1.07969318013437
27.8,2,1.07492860832416,1.06857751857034,1.08131744577561
28,2,1.07642404702865,1.0700503559793,1.08283570258815
28.2,2,1.07782281620871,1.0714311088939,1.08425265376079
28.4,2,1.07912785631903,1.07272107662185,1.08557290022765
28.6,2,1.08034214891828,1.07392177461799,1.08680090702559
28.8,2,1.08146871397609,1.07503495921441,1.08794097278826
29,2,1.0825106072529,1.07606264800456,1.08899720382274
29.2,2,1.08347091775578,1.07700713440801,1.08997349424968
29.4,2,1.08435276527307,1.07787099507338,1.09087351355559
29.6,2,1.08515929799075,1.07865708906502,1.09170070261763
29.8,2,1.08589369019268,1.0793685481868,1.09245827885307
30,2,1.08655914004749,1.08000875826305,1.09314925067782
30.2,2,1.08715886748379,1.08058133164861,1.09377644100646
30.4,2,1.08769611215604,1.08109007160492,1.09434251916035
30.6,2,1.08817413150257,1.08153892940014,1.09485004032922
30.8,2,1.08859619889754,1.08193195504,1.0953014916824
31,2,1.08896560189818,1.08227324241095,1.09569934435022
31.2,2,1.0892856405887,1.08256686934689,1.09604611076688
31.4,2,1.08955962602191,1.08281683276088,1.09634440723472
31.6,2,1.08979087875968,1.08302697857698,1.09659702197656
31.8,2,1.08998272751307,1.08320092582587,1.09680698931365
32,2,1.09013850788288,1.08334198402041,1.09697767085405
32.2,2,1.09026156120133,1.08345306291576,1.09711284458806
32.4,2,1.09035497039623,1.08353623422183,1.09721661714578
32.6,2,1.09042056487708,1.0835915001214,1.09729266810752
32.8,2,1.09045980162775,1.08361824604001,1.09734455220878
33,2,1.09047413976114,1.08361590771327,1.09737577773032
33.2,2,1.09046504024126,1.08358410282008,1.09738967274774
33.4,2,1.09043396555939,1.08352274446666,1.09738926969258
33.6,2,1.09038237942954,1.0834321330203,1.0973772118573
33.8,2,1.09031174650356,1.08331302238388,1.09735568575339
34,2,1.09022353210566,1.08316665757326,1.09732638246072
34.2,2,1.0901192019866,1.0829947821478,1.09729048941782
34.4,2,1.09000022209753,1.08279961624047,1.09724871190646
34.6,2,1.0898680583834,1.08258380810088,1.09720132131674
34.8,2,1.08972417659611,1.08235036369577,1.0971482256478
35,2,1.08957004212735,1.08210255967901,1.09708905693148
35.2,2,1.08940711986108,1.08184384486396,1.09702327044552
35.4,2,1.08923687404573,1.08157773434767,1.09695025156604
35.6,2,1.08906076818604,1.08130769892722,1.09686942761868
35.8,2,1.08888026495464,1.08103705072474,1.09678038381091
36,2,1.08869682612319,1.08076882427181,1.09668298399456
36.2,2,1.08851191251318,1.08050565089761,1.09657749841365
36.4,2,1.08832698396643,1.08024962327827,1.09646474157978
36.6,2,1.088143499335,1.08000214660176,1.09634622382062
36.8,2,1.08796291649083,1.07976377323069,1.09622431961916
37,2,1.08778669235484,1.07953401940691,1.09610245419999
37.2,2,1.08761628294558,1.07931116604442,1.09598530631682
37.4,2,1.08745314344733,1.07909205178081,1.09587901907158
37.6,2,1.08729872829777,1.07887187592774,1.09579140112568
37.8,2,1.08715449129502,1.07864404184909,1.09573208777645
38,2,1.08702149435903,1.07839961378623,1.09571230747192
38.2,2,1.08689866621197,1.07812589115834,1.0957428258625
38.4,2,1.08678421324912,1.07780981705059,1.09583333486381
38.6,2,1.08667634226058,1.07743979498193,1.09599207150932
38.8,2,1.08657326089167,1.07700630016301,1.09622520416645
39,2,1.0864731775492,1.07650224734094,1.09653646190671
39.2,2,1.08637430133727,1.0759230566876,1.09692706673608
39.4,2,1.08627484202262,1.07526643265113,1.09739595376555
39.6,2,1.08617301002948,1.07453193489366,1.0979402001982
39.8,2,1.08606701646396,1.07372044916415,1.09855555528365
40,2,1.0859550731678,1.07283365653446,1.09923697281117
0,3,1.04632523022421,1.03451502436791,1.05827026347217
0.2,3,1.04664442337259,1.03520169101938,1.05821363940993
0.4,3,1.0469533964952,1.0358445012378,1.05818142889499
0.6,3,1.04725158716127,1.03644956811345,1.0581661863279
0.8,3,1.04753843263189,1.0370215020021,1.05816202048108
1,3,1.0478133699189,1.03756349252309,1.05816450375578
1.2,3,1.04807583584693,1.03807744175591,1.05817053092705
1.4,3,1.04832526711832,1.03856413397343,1.05817814204127
1.6,3,1.04856110038109,1.03902343067697,1.05818632070313
1.8,3,1.04878277229993,1.03945448283029,1.05819477585794
2,3,1.04898971963013,1.03985595418918,1.05820371317459
2.2,3,1.04918137929454,1.04022625011794,1.05821360164059
2.4,3,1.04935718846348,1.04056374530631,1.05822494195763
2.6,3,1.04951658463765,1.04086700177158,1.05823804535519
2.8,3,1.04965900573396,1.04113496621448,1.0582528337555
3,3,1.04978389017438,1.0413671341836,1.05826867383674
3.2,3,1.04989067697763,1.04156366854537,1.05828425749907
3.4,3,1.04997880585392,1.04172546201536,1.05829753897881
3.6,3,1.0500477173025,1.04185413783389,1.05830573452882
3.8,3,1.05009685271215,1.04195198812888,1.05830538512256
4,3,1.05012565446455,1.04202185463807,1.0582924775101
4.2,3,1.05013356662757,1.0420669596195,1.05826261698251
4.4,3,1.05012026415279,1.04209058149413,1.05821181840375
4.6,3,1.05008600074442,1.04209536938168,1.0581379030728
4.8,3,1.05003112065842,1.04208318088691,1.05803967914807
5,3,1.04995596930707,1.04205520034901,1.05791664118593
5.2,3,1.04986089319202,1.04201204952999,1.05776885742456
5.4,3,1.04974623983842,1.04195388959167,1.05759686591002
5.6,3,1.04961235773001,1.04188051433859,1.05740157948814
5.8,3,1.0494595962453,1.04179143564438,1.05718419874523
6,3,1.04928830559486,1.04168596234644,1.05694613161348
6.2,3,1.04909883675957,1.04156327387012,1.05668891838014
6.4,3,1.04889154143008,1.04142248955583,1.05641416112762
6.6,3,1.04866677194724,1.04126273420367,1.05612345709007
6.8,3,1.04842488124376,1.04108319979464,1.05581833596758
7,3,1.04816622278686,1.04088320276707,1.0555002018196
7.2,3,1.04789115052216,1.04066223569768,1.05517028068813
7.4,3,1.04760001881857,1.04042001183825,1.05482957549964
7.6,3,1.04729318241442,1.04015650076323,1.05447882999041
7.8,3,1.04697099636469,1.03987195344044,1.05411850334287
8,3,1.04663381598936,1.03956691535511,1.05374875690253
8.2,3,1.04628199682298,1.03924222685703,1.05336945380538
8.4,3,1.04591589456534,1.0388990105711,1.05298017167525
8.6,3,1.04553586503332,1.03853864639067,1.05258022787122
8.8,3,1.04514226411392,1.0381627351315,1.05216871620691
9,3,1.04473544771845,1.03777305225251,1.05174455373495
9.2,3,1.04431577173792,1.03737149308046,1.05130653615906
9.4,3,1.04388359199953,1.03696001069065,1.05085340072089
9.6,3,1.04343926422446,1.03654054701704,1.05038389598799
9.8,3,1.04298314366207,1.03611495634946,1.04989685873845
10,3,1.04251528655362,1.03568437059057,1.04939125621664
10.2,3,1.04203489843185,1.03524807505252,1.04886621450108
10.4,3,1.04154103625734,1.034804771644,1.04832115190634
10.6,3,1.0410327593111,1.03435291525464,1.04775574175482
10.8,3,1.04050912932181,1.03389077335491,1.04716985208105
11,3,1.03996921060147,1.03341648033637,1.04656349069159
11.2,3,1.03941207018947,1.03292808792419,1.04593675424851
11.4,3,1.03883677800494,1.03242361271878,1.04528978031971
11.6,3,1.03824240700742,1.03190108157996,1.04462270168193
11.8,3,1.03762803336565,1.03135857518213,1.04393560254845
12,3,1.03699273663456,1.03079426966543,1.04322847679574
12.2,3,1.03633559994036,1.03020647591773,1.04250118865445
12.4,3,1.03565571017349,1.02959367568107,1.04175343667048
12.6,3,1.03495215818963,1.02895455342812,1.04098472199062
12.8,3,1.03422403901844,1.02828802283955,1.04019432214132
13,3,1.0334704520801,1.02759324676267,1.03938127141985
13.2,3,1.0326905014094,1.02686964975405,1.03854434879502
13.4,3,1.03188329588749,1.02611692268343,1.0376820738392
13.6,3,1.03104794948098,1.02533501935541,1.03679271073491
13.8,3,1.03018358148835,1.02452414561749,1.0358742798868
14,3,1.02928931679366,1.02368474189035,1.03492457620222
14.2,3,1.02836428612723,1.02281746040973,1.0339411927504
14.4,3,1.02740762633334,1.02192313866237,1.03292154831681
14.6,3,1.02641848064468,1.02100277051429,1.03186291735355
14.8,3,1.02539599896355,1.02005747637831,1.03076246097774
15,3,1.02433933814948,1.01908847347893,1.02961725795852
15.2,3,1.02324766231328,1.01809704687866,1.02842433502745
15.4,3,1.02212014358169,1.01708452176166,1.02718069694534
15.6,3,1.02095755261253,1.01605328008928,1.02588549701349
15.8,3,1.01976580235074,1.01500898812511,1.02454490926721
16,3,1.01855181847104,1.01395778349627,1.02316666807704
16.2,3,1.01732249592656,1.01290561456163,1.02175863756679
16.4,3,1.01608469768376,1.01185827264233,1.02032877605581
16.6,3,1.01484525392176,1.0108214185993,1.01888510715837
16.8,3,1.01361096169255,1.00980060504055,1.0174356962502
17,3,1.01238858503794,1.00880129519211,1.01598863125958
17.2,3,1.01118485555967,1.00782887927042,1.01455200693737
17.4,3,1.01000647343872,1.00688868904202,1.01313391191103
17.6,3,1.00886010890016,1.00598601114415,1.01174241794124
17.8,3,1.00775240412025,1.00512609965934,1.01038557087945
18,3,1.00668997557249,1.00431418838556,1.00907138287793
18.2,3,1.00567941681012,1.00355550321615,1.00780782543097
18.4,3,1.00472730168266,1.00285527503957,1.00660282283174
18.6,3,1.0038401879849,1.00221875358692,1.00546424561209
18.8,3,1.00302462153729,1.00165122269529,1.00439990349421
19,3,1.00228714069739,1.00115801751781,1.00341753732144
19.2,3,1.00163428130289,1.00074454429802,1.00252480935074
19.4,3,1.00107258204749,1.0004163034359,1.00172929118147
19.6,3,1.00060859029197,1.00017891670265,1.00103844846764
19.8,3,1.00024886831383,1.00003815960136,1.00045962142277
20,3,1,1,1
20.2,3,0.999868597988139,0.999666592554317,1.00007064424177
20.4,3,0.999861311263729,0.999466186841928,1.00025659189222
20.6,3,0.999984833221165,0.999405302500124,1.00056469999791
20.8,3,1.00024591019876,0.999490134854535,1.00100225703074
21,3,1.00065135044633,0.999726491191088,1.00157706530022
21.2,3,1.00120531366293,1.00011682555677,1.00229498643704
21.4,3,1.00190201047422,1.00065269969637,1.00315288101143
21.6,3,1.00273338919238,1.00132349596213,1.00414526759419
21.8,3,1.00369142706335,1.00211899542947,1.00526632601025
22,3,1.00476811959536,1.00302941534935,1.00650983780329
22.2,3,1.00595547055735,1.00404542133728,1.00786915336604
22.4,3,1.00724548263873,1.0051581162222,1.00933718379473
22.6,3,1.00863014876462,1.00635900954984,1.01090641345975
22.8,3,1.01010144406231,1.0076399733099,1.01256892771459
23,3,1.01165131847705,1.00899318985041,1.01431644977513
23.2,3,1.0132716900366,1.01041109728422,1.01614038146379
23.4,3,1.01495443876605,1.01188633642473,1.01803184378459
23.6,3,1.01669140125542,1.01341170186384,1.01998171472229
23.8,3,1.01847436588427,1.01498009853816,1.0219806629286
24,3,1.02029506870846,1.01658450416623,1.02401917692478
24.2,3,1.0221451900153,1.01821793729794,1.02608759009292
24.4,3,1.02401635155434,1.01987343034815,1.02817610209995
24.6,3,1.02590011445138,1.02154400681269,1.03027479757349
24.8,3,1.02778797781441,1.02322266181489,1.03237366289971
25,3,1.02967137804002,1.02490234514737,1.03446260199784
25.2,3,1.03154168882951,1.0265759460156,1.03653145188448
25.4,3,1.03339022192364,1.02823627872988,1.03856999880076
25.6,3,1.03520822856525,1.02987606861415,1.04056799565338
25.8,3,1.03698690169839,1.03148793739197,1.0425151815279
26,3,1.03871737891232,1.03306438726475,1.04440130407668
26.2,3,1.04039074613819,1.03459778280722,1.04621614567259
26.4,3,1.04199804210527,1.03608032966455,1.04794955435816
26.6,3,1.0435302635628,1.03750404883497,1.04959148081808
26.8,3,1.04498014411305,1.03886211907149,1.05113419918182
27,3,1.04634784199823,1.04015331025278,1.05257926467424
27.2,3,1.04763549127698,1.04137787343071,1.05393071101793
27.4,3,1.04884525686528,1.04253608060253,1.05519261473715
27.6,3,1.04997933278656,1.04362825428864,1.05636906125196
27.8,3,1.05103994046728,1.04465479592211,1.05746411232656
28,3,1.05202932707239,1.04561621351535,1.05848177439737
28.2,3,1.05294976388248,1.04651314858348,1.05942596780639
28.4,3,1.05380354471408,1.04734640189929,1.06030049736949
28.6,3,1.05459298438479,1.04811695733055,1.06110902503303
28.8,3,1.05532041722442,1.0488260027751,1.06185504560715
29,3,1.05598819563375,1.04947494708011,1.0625418666928
29.2,3,1.05659868869183,1.05006543182328,1.06317259392762
29.4,3,1.05715428081314,1.05059933694988,1.06375012255968
29.6,3,1.05765737045566,1.05107877948778,1.06427713612896
29.8,3,1.05811036888064,1.05150610487365,1.0647561127258
30,3,1.05851569896517,1.05188387077116,1.06518933894698
30.2,3,1.05887579406824,1.0522148235944,1.06557893133791
30.4,3,1.05919309695096,1.05250186821624,1.06592686484245
30.6,3,1.05947005875176,1.05274803150319,1.06623500761972
30.8,3,1.05970913801701,1.05295642035525,1.06650516155063
31,3,1.05991279978766,1.05313017484089,1.06673910784433
31.2,3,1.06008351474235,1.05327241682307,1.06693865734953
31.4,3,1.06022375839737,1.05338619420548,1.06710570544176
31.6,3,1.06033601036385,1.05347442063461,1.06724229165152
31.8,3,1.06042275366251,1.05353981022732,1.06735066446378
32,3,1.06048647409609,1.05358480672137,1.06743335189169
32.2,3,1.06052965967988,1.05361150645301,1.06749323842058
32.4,3,1.06055461343892,1.05362132665547,1.06753352426623
32.6,3,1.06056274754634,1.05361411279656,1.06755720886991
32.8,3,1.06055520891006,1.0535892369258,1.06756723752055
33,3,1.06053314508896,1.05354610668776,1.06756652100241
33.2,3,1.06049770417593,1.05348427671007,1.06755782257577
33.4,3,1.06045003464686,1.05340354435053,1.06754366074955
33.6,3,1.06039128522212,1.05330402744458,1.06752623029744
33.8,3,1.06032260474039,1.05318622137704,1.06750734419355
34,3,1.06024514204492,1.05305103329733,1.06748839864862
34.2,3,1.06016004588223,1.05289979242472,1.06747036229982
34.4,3,1.06006846481329,1.0527342368907,1.06745378910697
34.6,3,1.05997154713707,1.05255647909185,1.0674388529816
34.8,3,1.05987044082655,1.05236895274172,1.0674254009597
35,3,1.05976629347721,1.05217434547638,1.06741302106347
35.2,3,1.05966025226786,1.05197552089377,1.06740112097131
35.4,3,1.05955346393399,1.0517754333496,1.0673890141731
35.6,3,1.05944707475344,1.05157703785033,1.06737601126982
35.8,3,1.05934223054453,1.05138319617595,1.06736151528452
36,3,1.05924007667658,1.051196579122,1.06734512109518
36.2,3,1.05914175809283,1.05101956362284,1.06732672022699
36.4,3,1.05904841934566,1.05085412262712,1.06730661313351
36.6,3,1.05896120464431,1.05070170505034,1.06728563164175
36.8,3,1.05888125791484,1.05056310307426,1.06726527429174
37,3,1.05880972287259,1.05043830472485,1.0672478566394
37.2,3,1.05874774310681,1.05032633139598,1.06723667685635
37.4,3,1.05869646217788,1.05022506329656,1.06723619364952
37.6,3,1.05865702372667,1.05013106127798,1.06725220804524
37.8,3,1.05863057159647,1.0500394016058,1.06729203247498
38,3,1.0586178755778,1.04994307658168,1.06736434716199
38.2,3,1.05861766522819,1.04983135072231,1.06747751470952
38.4,3,1.05862797867194,1.04969279655204,1.06763921873925
38.6,3,1.05864685375508,1.04951688380125,1.06785624725383
38.8,3,1.0586723284268,1.04929446708439,1.06813400254639
39,3,1.05870244059892,1.04901814337303,1.06847614105711
39.2,3,1.05873522804173,1.04868242385351,1.06888439969998
39.4,3,1.05876872831628,1.04828370021078,1.06935862861844
39.6,3,1.0588009787429,1.04782002856832,1.06989700714032
39.8,3,1.05883001640624,1.04729078714472,1.07049638687208
40,3,1.0588538781966,1.04669627581085,1.07115269374913
0,4,1.03284406158732,1.02106838611406,1.04475554239422
0.2,4,1.03304467498419,1.02156032151245,1.04465813524667
0.4,4,1.03323450614562,1.02202195783234,1.04457006672758
0.6,4,1.0334135073671,1.02245835263859,1.04448604136569
0.8,4,1.03358163125485,1.02287304146826,1.04440233064896
1,4,1.03373883073052,1.02326819665644,1.04431660600011
1.2,4,1.03388505903588,1.02364481079777,1.04422774777178
1.4,4,1.03402026973749,1.02400289428753,1.04413564081956
1.6,4,1.0341444167314,1.02434168083071,1.04404096276687
1.8,4,1.03425745424784,1.02465983777078,1.04394496811195
2,4,1.03435933685591,1.02495567937885,1.04384927003809
2.2,4,1.0344500194683,1.02522738090462,1.04375562212721
2.4,4,1.03452945734593,1.02547318946932,1.04366570389842
2.6,4,1.03459760610269,1.02569162524895,1.04358091672399
2.8,4,1.03465442171013,1.02588166357593,1.04350219949622
3,4,1.03469986050212,1.02604288648654,1.04342987551833
3.2,4,1.03473387917957,1.02617559175864,1.0433635425757
3.4,4,1.03475643481511,1.02628084918812,1.04330201643956
3.6,4,1.03476748485775,1.02636049767773,1.04324333422956
3.8,4,1.0347669871376,1.02641708184356,1.04318481893019
4,4,1.03475489987053,1.02645373191437,1.04312320128561
4.2,4,1.0347311817953,1.02647399370663,1.04305479256546
4.4,4,1.03469584386772,1.02648135701395,1.04297606771107
4.6,4,1.0346490277261,1.02647834732883,1.04288474604484
4.8,4,1.03459089552136,1.02646667199709,1.04277942021554
5,4,1.03452160974318,1.02644738827007,1.04265934450801
5.2,4,1.03444133320243,1.02642100794018,1.04252432828225
5.4,4,1.03435022901387,1.02638759470612,1.04237463681288
5.6,4,1.03424846057907,1.02634685391145,1.04221089988595
5.8,4,1.0341361915696,1.02629821523004,1.04203402757977
6,4,1.03401358591047,1.02624090926961,1.04184513225884
6.2,4,1.03388080776372,1.02617403909132,1.0416454557832
6.4,4,1.03373802151237,1.0260966474166,1.04143630116204
6.6,4,1.03358539174456,1.02600777990352,1.04121896826963
6.8,4,1.03342308323794,1.02590654439535,1.04099469372081
7,4,1.03325126094431,1.02579216554487,1.04076459550257
7.2,4,1.03307008997453,1.02566403376806,1.04052962340817
7.4,4,1.03287973558363,1.02552174715033,1.04029051665048
7.6,4,1.03268036315626,1.02536514477777,1.04004777018209
7.8,4,1.0324721381923,1.02519433003312,1.03980161118227
8,4,1.03225522629276,1.0250096826855,1.03955198688173
8.2,4,1.03202979314599,1.02481185907479,1.03929856442383
8.4,4,1.03179600451404,1.02460178026899,1.03904074288417
8.6,4,1.03155402621938,1.0243806086502,1.0387776769921
8.8,4,1.03130402413179,1.02414971385452,1.03850831162904
9,4,1.03104616415558,1.02391062925972,1.03823142590923
9.2,4,1.03078061221704,1.02366500022544,1.03794568563793
9.4,4,1.03050753425214,1.02341452502468,1.0376497032078
9.6,4,1.03022709619447,1.02316088887874,1.03734210452123
9.8,4,1.02993946372524,1.02290569026129,1.03702160329919
10,4,1.02964458313117,1.022649896129,1.03668711216261
10.2,4,1.0293417760607,1.02239288337854,1.03633789824758
10.4,4,1.02903025461963,1.02213349847564,1.03597354602088
10.6,4,1.02870923208482,1.02187034786972,1.03559388564572
10.8,4,1.0283779229742,1.02160185582458,1.03519893433155
11,4,1.02803554312272,1.02132631732688,1.03478884269794
11.2,4,1.02768130976429,1.02104194731179,1.03436384491296
11.4,4,1.0273144416197,1.02074692718288,1.03392421162911
11.6,4,1.02693415899043,1.02043944927639,1.03347020506626
11.8,4,1.02653968385837,1.02011775955343,1.03300203595843
12,4,1.02613023999141,1.01978019842075,1.03251982246314
12.2,4,1.02570505305484,1.0194252392118,1.03202355150209
12.4,4,1.02526335072862,1.01905152353855,1.0315130433221
12.6,4,1.02480436283032,1.01865789249369,1.03098792029687
12.8,4,1.0243273214439,1.01824341257872,1.03044758109381
13,4,1.02383146105411,1.01780739528524,1.02989118127839
13.2,4,1.02331601868652,1.0173494094711,1.02931762121416
13.4,4,1.02278023405322,1.01686928603123,1.02872554175841
13.6,4,1.02222334970403,1.01636711481827,1.02811332779787
13.8,4,1.02164461118318,1.01584323425542,1.02747911918188
14,4,1.02104326719148,1.01529821452912,1.02682082816481
14.2,4,1.02041856975385,1.0147328355877,1.02613616213121
14.4,4,1.01976977439217,1.01414806136033,1.0254226501887
14.6,4,1.01909614030337,1.01354501163008,1.02467767219427
14.8,4,1.01839693054275,1.01292493285538,1.02389848891889
15,4,1.01767141221232,1.01228916896017,1.02308227232941
15.2,4,1.01691885665428,1.01163913273457,1.02222613534501
15.4,4,1.01613853997845,1.01097627819597,1.02132716137716
15.6,4,1.01533087049228,1.01030265204475,1.0203841140951
15.8,4,1.01449990355158,1.00962208505283,1.01940128840615
16,4,1.01365041879856,1.00893858800185,1.01838425425415
16.2,4,1.01278718125654,1.00825599591137,1.0173387301212
16.4,4,1.01191494057482,1.00757800015537,1.01627054858348
16.6,4,1.01103843049689,1.00690817484378,1.01518562812365
16.8,4,1.01016236855054,1.00624999872834,1.0140899499381
17,4,1.00929145595866,1.00560687365059,1.01298953871819
17.2,4,1.00843037776944,1.00498214035881,1.01189044657564
17.4,4,1.00758380320457,1.00437909237262,1.01079873943008
17.6,4,1.00675638622421,1.00380098846393,1.00972048528686
17.8,4,1.00595276630751,1.00325106424404,1.00866174391176
18,4,1.00517756944746,1.00273254329578,1.00762855746097
18.2,4,1.00443540935915,1.002248648262,1.00662694165166
18.4,4,1.0037308889005,1.00180261229729,1.00566287706387
18.6,4,1.00306860170472,1.00139769130579,1.00474230014839
18.8,4,1.00245313402405,1.00103717742601,1.00387109347786
19,4,1.00188906678446,1.00072441428289,1.00305507471959
19.2,4,1.00138097785126,1.00046281460919,1.00229998372707
19.4,4,1.00093344450585,1.00025588094161,1.00161146704503
19.6,4,1.00055104613427,1.00010723021757,1.00099505900242
19.8,4,1.00023836712821,1.00002062322834,1.00045615843951
20,4,1,1,1
20.2,4,0.999840548712971,0.999631618855038,1.00004952223868
20.4,4,0.999764632229417,0.999355807783425,1.00017362392058
20.6,4,0.999776888278568,0.999177065819679,1.00037707082076
20.8,4,0.999881977347597,0.999099538363533,1.00066502909419
21,4,1.00008458686332,0.99912694989251,1.00104314170404
21.2,4,1.0003875889186,0.999260503712302,1.00151594538606
21.4,4,1.00078708572789,0.999493675777802,1.00208216943474
21.6,4,1.00127763561075,0.99981847701794,1.00273892373391
21.8,4,1.00185381188965,1.00022730111743,1.00348296759796
22,4,1.00251019804357,1.00071296642386,1.0043106574035
22.2,4,1.00324138316443,1.0012687328858,1.00521791986134
22.4,4,1.00404195771357,1.00188829600795,1.00620024893603
22.6,4,1.00490650957634,1.00256576165241,1.00725272257903
22.8,4,1.00582962041322,1.00329560697361,1.00837003398462
23,4,1.00680586230667,1.00407263316992,1.00954653168356
23.2,4,1.00782979470352,1.00489191515618,1.01077626336986
23.4,4,1.00889596165293,1.00574875209986,1.01205301951848
23.6,4,1.00999888934059,1.0066386214312,1.01337037418542
23.8,4,1.01113308392028,1.00755713773064,1.01472172158982
24,4,1.01229302964411,1.00850001695937,1.01610030801551
24.2,4,1.01347318729312,1.0094630458604,1.01749925920925
24.4,4,1.01466799291026,1.01044205597574,1.01891160383496
24.6,4,1.01587185683795,1.01143290153463,1.02033029373432
24.8,4,1.01707916306248,1.01243144040114,1.02174822181147
25,4,1.01828426886786,1.0134335172717,1.0231582383571
25.2,4,1.01948150480156,1.01443494834494,1.024553166596
25.4,4,1.02066517495484,1.01543150672021,1.02592581820749
25.6,4,1.02182955756016,1.01641890779997,1.02726900955003
25.8,4,1.02296890590821,1.01739279396319,1.02857557932822
26,4,1.02407744958692,1.01834871773401,1.02983840848356
26.2,4,1.02514939604473,1.01928212258459,1.03105044317469
26.4,4,1.02617893247999,1.02018832037694,1.03220472184654
26.6,4,1.02716022805836,1.0210624642571,1.03329440757824
26.8,4,1.02808858038053,1.02190026710782,1.03431436817242
27,4,1.02896407975717,1.02270043361212,1.03526608832171
27.2,4,1.02978808497857,1.02346245451837,1.03615281174421
27.4,4,1.03056196750664,1.02418582728126,1.03697780283723
27.6,4,1.03128711076322,1.02487008533505,1.03774431515255
27.8,4,1.03196490943959,1.0255148260159,1.03845556134179
28,4,1.0325967688229,1.02611973764015,1.03911468405787
28.2,4,1.03318410414007,1.0266846257724,1.03972472778059
28.4,4,1.03372833991953,1.02720943832858,1.04028861192276
28.6,4,1.0342309093711,1.02769428884763,1.04080910588496
28.8,4,1.03469325378456,1.02813947703777,1.0412888069543
29,4,1.03511682194705,1.02854550557238,1.0417301220732
29.2,4,1.03550306957978,1.02891309209052,1.04213525452431
29.4,4,1.03585345879429,1.02924317545034,1.04250619648423
29.6,4,1.03616945756842,1.02953691548218,1.04284472819977
29.8,4,1.03645253924251,1.0297956857646,1.0431524242643
30,4,1.03670418203575,1.03002105926267,1.04343066715526
30.2,4,1.03692586858311,1.03021478697546,1.04368066788626
30.4,4,1.037119085493,1.03037876999383,1.04390349337291
30.6,4,1.03728532292574,1.03051502553285,1.04410009994837
30.8,4,1.03742607419312,1.03062564755493,1.04427137241253
31,4,1.03754283537913,1.03071276253798,1.04441816806056
31.2,4,1.03763710498198,1.03077848078186,1.04454136529772
31.4,4,1.03771038357758,1.03082484341653,1.04464191667682
31.6,4,1.03776417350442,1.03085376501728,1.04472090645298
31.8,4,1.03779997857022,1.03086697149672,1.04477961298596
32,4,1.03781930378008,1.03086593279078,1.04481957647267
32.2,4,1.03782365508646,1.03085178986433,1.04484267248424
32.4,4,1.03781447177796,1.03082515578598,1.04485117751181
32.6,4,1.0377928716854,1.03078570146561,1.04484767589391
32.8,4,1.03775987696116,1.03073280215493,1.04483485921753
33,4,1.03771651000979,1.03066585273136,1.04481539996025
33.2,4,1.03766379339752,1.03058437160777,1.04479184605559
33.4,4,1.03760274975518,1.0304880902327,1.04476653005896
33.6,4,1.03753440169115,1.0303770262106,1.04474149491819
33.8,4,1.03745977171439,1.03025153778157,1.044718438609
34,4,1.03737988216753,1.03011235777164,1.04469867952452
34.2,4,1.03729575517005,1.02996060603859,1.04468314359344
34.4,4,1.03720841257149,1.02979778069036,1.04467237284962
34.6,4,1.03711887591482,1.02962572966144,1.04466655386758
34.8,4,1.03702816640974,1.02944660531617,1.04466556339447
35,4,1.03693730491615,1.02926280539589,1.04466902786135
35.2,4,1.03684731193762,1.0290769037464,1.04467639333707
35.4,4,1.03675920762491,1.02889157387985,1.0446870028703
35.6,4,1.03667401178954,1.0287095076598,1.04470017893062
35.8,4,1.03659274392739,1.0285333304121,1.0447153096462
36,4,1.03651642325231,1.02836551271761,1.04473193858144
36.2,4,1.03644606873981,1.0282082781743,1.04474985876753
36.4,4,1.03638269918069,1.02806350563069,1.04476921248374
36.6,4,1.03632733324476,1.0279326238839,1.04479059879658
36.8,4,1.03628098955455,1.02781649671024,1.04481519098921
37,4,1.03624468676902,1.02771529650981,1.04484486560017
37.2,4,1.03621944367732,1.02762836603415,1.04488234360325
37.4,4,1.03620627930257,1.02755406996004,1.04493134196611
37.6,4,1.03620621301569,1.02748964187207,1.04499673002641
37.8,4,1.03622026465925,1.02743103786622,1.04508467947443
38,4,1.03624909801508,1.02737235780283,1.04520253536269
38.2,4,1.03629143336431,1.02730421047616,1.04535727967715
38.4,4,1.03634533213285,1.0272165299871,1.04555526131092
38.6,4,1.03640885524507,1.02710001117267,1.04580206751631
38.8,4,1.03648006345729,1.02694649519956,1.04610213576478
39,4,1.03655701719579,1.02674925601192,1.04645846452443
39.2,4,1.03663777643113,1.02650314968489,1.04687246196367
39.4,4,1.0367204005887,1.02620461022665,1.04734394903899
39.6,4,1.03680294849565,1.02585150333579,1.04787130546068
39.8,4,1.03688347836417,1.02544287306531,1.04845172358628
40,4,1.03696004781107,1.02497862799901,1.04908152363677
0,5,1.02388097296799,1.01236299009989,1.03552999967179
0.2,5,1.02396349735914,1.01271874967969,1.03533310137251
0.4,5,1.02403453211573,1.01305207409228,1.03513605053826
0.6,5,1.02409462424879,1.01336734832024,1.03493545667691
0.8,5,1.02414432126115,1.01366751774842,1.03472940821981
1,5,1.02418417109026,1.01395426472386,1.03451728821074
1.2,5,1.02421472205399,1.01422819520286,1.03429958054195
1.4,5,1.02423652279933,1.01448902980568,1.03407767241899
1.6,5,1.02425012225399,1.01473579749361,1.03385365484153
1.8,5,1.02425606958097,1.01496703236631,1.03363012060358
2,5,1.02425491413605,1.01518097471883,1.03340995867501
2.2,5,1.02424720542819,1.01537577653366,1.03319614478974
2.4,5,1.02423349308296,1.01554970914977,1.03299153049947
2.6,5,1.02421432680875,1.01570136729725,1.03279863650446
2.8,5,1.02419025636616,1.01582985969324,1.03261946006602
3,5,1.02416183154008,1.0159349729915,1.03245530970841
3.2,5,1.02412960211496,1.01601729426207,1.03230668203332
3.4,5,1.02409411785283,1.01607827831217,1.03217319433587
3.6,5,1.0240559284744,1.01612025028092,1.03205358258891
3.8,5,1.02401558364309,1.01614634024922,1.03194576805414
4,5,1.02397363295192,1.0161603533915,1.03184698899268
4.2,5,1.02393062533081,1.01616658324832,1.0317539887396
4.4,5,1.02388688166137,1.01616906833788,1.0316633118473
4.6,5,1.02384214962644,1.0161702569621,1.03157196362498
4.8,5,1.02379608830323,1.01617164828974,1.03147773527148
5,5,1.0237483568347,1.01617405394681,1.03137911664944
5.2,5,1.0236986144346,1.01617770355496,1.03127518890561
5.4,5,1.02364652039358,1.01618234413916,1.03116552335059
5.6,5,1.02359173408647,1.01618733230574,1.03105008769674
5.8,5,1.02353391498066,1.01619171936411,1.03092915948104
6,5,1.02347272264562,1.01619433019986,1.03080324586502
6.2,5,1.0234078167636,1.01619383688682,1.03067300882429
6.4,5,1.02333885714138,1.0161888278885,1.0305391948772
6.6,5,1.02326550372322,1.01617787335029,1.03040256885125
6.8,5,1.0231874166049,1.01615958650667,1.03026385166296
7,5,1.0231042560489,1.01613268069969,1.03012366261522
7.2,5,1.02301568250074,1.01609602100256,1.02998246721785
7.4,5,1.02292135660636,1.01604866904695,1.02984053193326
7.6,5,1.0228209392307,1.01598991943417,1.02969788746665
7.8,5,1.02271409147741,1.01591932612369,1.02955430220758
8,5,1.02260047470961,1.01583671745131,1.02940926717038
8.2,5,1.02247975057181,1.0157421989037,1.02926199330674
8.4,5,1.02235158101298,1.01563614338748,1.02911142145222
8.6,5,1.02221562831065,1.01551916936702,1.02895624453239
8.8,5,1.02207155509621,1.01539210778353,1.02879494111598
9,5,1.02191902438124,1.01525595900026,1.02862581906997
9.2,5,1.02175769958501,1.01511184107553,1.02844706801481
9.4,5,1.02158724456302,1.01496093041957,1.02825681952354
9.6,5,1.02140732363671,1.01480439535902,1.02805321454054
9.8,5,1.02121760165648,1.01464332213967,1.02783447855723
10,5,1.02101777374392,1.01447842748554,1.02759927274634
10.2,5,1.02080762028522,1.01430957502222,1.02734729444858
10.4,5,1.02058693714842,1.01413622616035,1.02707867977621
10.6,5,1.02035552070522,1.01395759990878,1.02679381142493
10.8,5,1.02011316785247,1.01377273054314,1.02649326014961
11,5,1.01985967603419,1.0135805203049,1.02617773128443
11.2,5,1.0195948432639,1.01337978839603,1.02584801504257
11.4,5,1.01931846814728,1.01316931727321,1.0255049395914
11.6,5,1.01903034990536,1.01294789691304,1.02514932623172
11.8,5,1.01873028839791,1.01271436734337,1.02478194638608
12,5,1.01841808414733,1.01246765933981,1.02440348049697
12.2,5,1.01809353836284,1.01220683280316,1.0240144793191
12.4,5,1.01775645296504,1.01193111200051,1.02361532842312
12.6,5,1.01740663061084,1.01163991661365,1.02320621696685
12.8,5,1.01704387471877,1.01133288743502,1.02278711189388
13,5,1.01666798949456,1.01100990561243,1.02235773865815
13.2,5,1.01627877995716,1.01067110457682,1.0219175693399
13.4,5,1.01587605196503,1.01031687416994,1.02146581863629
13.6,5,1.01545961224279,1.00994785696946,1.02100144772867
13.8,5,1.01502926840824,1.00956493731664,1.02052317552133
14,5,1.01458482899961,1.00916922400775,1.02002949629017
14.2,5,1.01412610350324,1.00876202794724,1.01951870244312
14.4,5,1.01365290238148,1.00834483623566,1.01898891091883
14.6,5,1.013165037101,1.00791928416443,1.01843809175142
14.8,5,1.0126623201613,1.00748712642602,1.01786409749204
15,5,1.01214456512357,1.00705020855346,1.01726469247316
15.2,5,1.01161158663986,1.0066104392109,1.01663758129336
15.4,5,1.01106320066595,1.00616976351988,1.01598043670558
15.6,5,1.01049985295356,1.00573023396044,1.01529209159612
15.8,5,1.00992402220575,1.00529413091956,1.01457523649847
16,5,1.00933859236037,1.00486361226539,1.01383350097759
16.2,5,1.00874644105087,1.00444067278433,1.01307066699327
16.4,5,1.00815043937424,1.00402717543823,1.01229063642313
16.6,5,1.00755345174088,1.00362487687127,1.01149740456779
16.8,5,1.00695833580585,1.00323544843052,1.01069503837324
17,5,1.00636794248147,1.00286049371532,1.0098876583545
17.2,5,1.0057851160307,1.002501563475,1.00907942339993
17.4,5,1.00521269424101,1.0021601685242,1.00827451778619
17.6,5,1.00465350867854,1.00183779123285,1.0074771398452
17.8,5,1.00411038502214,1.00153589606884,1.00669149180452
18,5,1.00358614347702,1.00125593961901,1.00592177037405
18.2,5,1.00308359926777,1.0009993804866,1.00517215767993
18.4,5,1.0026055632106,1.00076768945773,1.00444681215231
18.6,5,1.00215484236451,1.00056236034529,1.00374985895737
18.8,5,1.00173424076134,1.00038492195607,1.00308537952732
19,5,1.00134656021471,1.00023695168665,1.00245739968218
19.2,5,1.00099460120757,1.00012009133601,1.00186987575482
19.4,5,1.00068116385881,1.00003606582927,1.00132667802482
19.6,5,1.00040904896869,0.999986705672838,1.00083157064078
19.8,5,1.00018105914355,0.999973974100294,1.00038818707214
20,5,1,1,1
20.2,5,0.999868681448959,0.999670284469097,1.00006711780317
20.4,5,0.999789919060114,0.999402073148425,1.00017791548625
20.6,5,0.999766535507301,0.999198102797886,1.00033529159177
20.8,5,0.999801362095577,0.999060751686025,1.00054252152457
21,5,0.999897240348916,0.998991968955319,1.00080333208574
21.2,5,1.00005589701694,0.998991888048989,1.00112103924242
21.4,5,1.0002749218055,0.999055536649708,1.00149579526711
21.6,5,1.00055095833254,0.999177056316758,1.00192674950974
21.8,5,1.00088065661508,0.999350946517436,1.00241270824548
22,5,1.00126067120357,0.999572113087308,1.00295208176886
22.2,5,1.00168765943048,0.999835891467318,1.00354285700106
22.4,5,1.00215827977253,1.00013804608439,1.00418259424148
22.6,5,1.00266919032597,1.00047474940605,1.00486844453174
22.8,5,1.00321704739466,1.00084254595689,1.00559718234302
23,5,1.00379850419046,1.00123830718488,1.00636524769817
23.2,5,1.00441020964609,1.00165918257187,1.00716879233413
23.4,5,1.00504880734022,1.0021025512088,1.00800372568409
23.6,5,1.00571093453509,1.00256597665789,1.00886575785785
23.8,5,1.00639322132671,1.00304716663702,1.0097504380857
24,5,1.00709228990799,1.00354393805672,1.01065318809668
24.2,5,1.00780475394523,1.00405418725369,1.0115693305883
24.4,5,1.00852721806823,1.00457586485736,1.01249411335286
24.6,5,1.0092562774747,1.00510695452365,1.01342272982762
24.8,5,1.00998851764932,1.00564545470231,1.0143503369042
25,5,1.0107205141981,1.00618936261038,1.01527207082634
25.2,5,1.01144883279864,1.00673665962155,1.01618306196806
25.4,5,1.01217002926672,1.00728529732138,1.01707844924389
25.6,5,1.01288064974008,1.00783318350171,1.0179533948796
25.8,5,1.01357723097962,1.00837816736377,1.01880310027547
26,5,1.01425630078891,1.00891802315821,1.0196228237353
26.2,5,1.01491437855229,1.00945043140574,1.02040790091868
26.4,5,1.0155479758921,1.00997295670556,1.02115376901048
26.6,5,1.01615359744549,1.01048302094196,1.0218559957978
26.8,5,1.01672840042656,1.01097815365872,1.02251135347769
27,5,1.01727230216251,1.01145692127143,1.02312111863963
27.2,5,1.01778594750579,1.01191815689966,1.02368776355792
27.4,5,1.01826998545535,1.0123606925861,1.02421377170474
27.6,5,1.01872506895637,1.0127833873796,1.02470160851007
27.8,5,1.01915185470646,1.01318515424002,1.02515369338462
28,5,1.01955100296572,1.01356498630389,1.02557237246232
28.2,5,1.01992317737065,1.013921982575,1.02595989199879
28.4,5,1.02026904475212,1.01425537270912,1.02631837275752
28.6,5,1.02058927495733,1.01456454023741,1.02664978603943
28.8,5,1.02088454067594,1.01484904332756,1.02695593225754
29,5,1.02115551727029,1.01510863203088,1.02723842310882
29.2,5,1.02140288260992,1.01534326092443,1.02749866843456
29.4,5,1.0216273169103,1.01555309613748,1.02773786878008
29.6,5,1.02182950257593,1.01573851594469,1.02795701447186
29.8,5,1.02201012404778,1.01590010438941,1.02815689174866
30,5,1.02216986765513,1.016038637729,1.02833809615496
30.2,5,1.02230942147194,1.01615506382055,1.0285010530783
30.4,5,1.02242947517757,1.01625047483889,1.02864604503885
30.6,5,1.02253071992217,1.01632607389902,1.02877324515876
30.8,5,1.02261384819654,1.01638313621882,1.02888275617572
31,5,1.02267955370658,1.01642296540012,1.02897465442232
31.2,5,1.02272853125238,1.01644684524447,1.02904903835486
31.4,5,1.02276147661193,1.0164559872858,1.02910608144935
31.6,5,1.0227790864295,1.01645147396023,1.02914608954415
31.8,5,1.02278205810867,1.01643419709983,1.02916956294247
32,5,1.02277108971014,1.01640479129763,1.02917726372714
32.2,5,1.02274687985411,1.01636356173093,1.02917028870053
32.4,5,1.02271016289126,1.01631039706809,1.02915022841294
32.6,5,1.02266184204031,1.01624477553887,1.02911942903787
32.8,5,1.02260287103396,1.01616604198391,1.02908047370418
33,5,1.02253420374751,1.01607356584888,1.0290359211934
33.2,5,1.02245679409529,1.01596684528212,1.02898820039873
33.4,5,1.02237159594473,1.01584559643948,1.02893951980314
33.6,5,1.02227956303936,1.01570982575131,1.02889179420405
33.8,5,1.02218164893064,1.01555988271773,1.02884659111823
34,5,1.02207880691873,1.01539649130466,1.02880509879463
34.2,5,1.02197199000211,1.01522075909451,1.02876811668077
34.4,5,1.02186215083613,1.01503416475304,1.02873606778104
34.6,5,1.0217502417004,1.0148385257833,1.02870903093577
34.8,5,1.02163721447506,1.01463594964026,1.0286867899471
35,5,1.02152402062598,1.01442877186522,1.0286688958922
35.2,5,1.02141161119873,1.01421948489665,1.02865473896698
35.4,5,1.02130093682149,1.01401066068739,1.02864362673009
35.6,5,1.02119294771673,1.01380486936203,1.02863486651295
35.8,5,1.02108859372185,1.01360459507068,1.02862785083978
36,5,1.02098882431853,1.0134121491093,1.0286221457869
36.2,5,1.02089458867096,1.01322957942122,1.02861758316709
36.4,5,1.02080683567299,1.01305857487021,1.02861435814825
36.6,5,1.02072651400391,1.01290036227263,1.02861313431946
36.8,5,1.02065457219324,1.01275559419994,1.02861515819315
37,5,1.02059195869425,1.01262422617558,1.02862238451992
37.2,5,1.02053962196628,1.01250538333182,1.02863761235109
37.4,5,1.02049851056596,1.01239721918986,1.02866462918645
37.6,5,1.02046957324721,1.01229677334085,1.02870835643048
37.8,5,1.02045375907009,1.01219984067201,1.02877498351406
38,5,1.02045169758961,1.0121004708483,1.02887183348578
38.2,5,1.02046227501574,1.01198962867799,1.02900585660216
38.4,5,1.02048378673839,1.0118578655303,1.0291832425003
38.6,5,1.02051452791746,1.01169666134714,1.02940925030219
38.8,5,1.02055279379146,1.0114987916281,1.02968783901276
39,5,1.02059687953756,1.01125857296307,1.03002141922
39.2,5,1.02064508016007,1.01097195570479,1.03041075845544
39.4,5,1.02069569040745,1.01063645890957,1.03085504508754
39.6,5,1.02074700471781,1.01025097138879,1.03135208690573
39.8,5,1.02079731719287,1.00981546255376,1.03189860071359
40,5,1.0208449216005,1.00933065254164,1.03249054344413
0,6,1.01878025071107,1.00714175052,1.03055324506508
0.2,6,1.01874751540687,1.0073769906319,1.03024638223735
0.4,6,1.01870208450468,1.00759277895592,1.02993387670912
0.6,6,1.01864508010809,1.00779311412817,1.02961390059315
0.8,6,1.01857762449104,1.00798066889286,1.02928598645981
1,6,1.01850083997658,1.00815696833455,1.02895084160026
1.2,6,1.01841584882806,1.00832257173606,1.02861015930492
1.4,6,1.01832377315253,1.00847725548765,1.02826642973338
1.6,6,1.01822573481665,1.00862019744252,1.02792274998239
1.8,6,1.01812285537481,1.00875016459198,1.02758263147925
2,6,1.01801625600973,1.00886570592406,1.02724980283756
2.2,6,1.01790705748531,1.00896535084873,1.02692800779217
2.4,6,1.01779638011191,1.00904781073423,1.02662080066864
2.6,6,1.01768534372385,1.00911217724672,1.02633134569451
2.8,6,1.01757506766937,1.00915810702428,1.02606223062072
3,6,1.01746667081276,1.00918597881631,1.02581530852128
3.2,6,1.01736127154896,1.00919700780725,1.02559158305134
3.4,6,1.01725998783029,1.00919330335951,1.02539115092784
3.6,6,1.01716393720561,1.00917786099866,1.02521321080883
3.8,6,1.01707423687165,1.00915448617935,1.02505614103192
4,6,1.01699200373672,1.00912765436598,1.0249176416776
4.2,6,1.0169183531932,1.00910231524086,1.02479493054611
4.4,6,1.01685389061347,1.00908286257583,1.02468476396114
4.6,6,1.01679793947222,1.00907137376846,1.02458366830271
4.8,6,1.01674962532623,1.00906885500719,1.02448885967615
5,6,1.0167080740842,1.00907561483339,1.02439826382949
5.2,6,1.01667241194482,1.00909137170168,1.02431040656572
5.4,6,1.0166417653425,1.00911535528414,1.02422431055733
5.6,6,1.01661526090047,1.00914640038293,1.02413939969816
5.8,6,1.01659202539151,1.0091830336183,1.02405541082501
6,6,1.01657118570609,1.0092235537054,1.02397231199536
6.2,6,1.01655186882807,1.00926610631266,1.02389022632819
6.4,6,1.01653320181785,1.00930875434972,1.02380936055967
6.6,6,1.01651431180308,1.00934954417489,1.02372993782364
6.8,6,1.01649432597677,1.00938656772729,1.02365213465187
7,6,1.01647237160301,1.00941802005767,1.02357602271973
7.2,6,1.0164475760301,1.00944225123478,1.02350151636081
7.4,6,1.01641906671119,1.00945781121998,1.02342832725767
7.6,6,1.01638597123242,1.00946348610337,1.02335592791544
7.8,6,1.01634741734857,1.00945832412944,1.02328352549071
8,6,1.01630253302614,1.00944165021896,1.02321004726852
8.2,6,1.01625044649397,1.00941306818257,1.02313413859269
8.4,6,1.01619028630127,1.00937245043665,1.02305417343849
8.6,6,1.01612118138322,1.00931991566165,1.02296827718769
8.8,6,1.0160422611339,1.00925579536496,1.0228743606439
9,6,1.0159526554868,1.00918059062163,1.02277016401485
9.2,6,1.01585149500269,1.00909492030014,1.02265330955412
9.4,6,1.01573791096491,1.00899946181662,1.022521361819
9.6,6,1.01561103548218,1.0088948849151,1.02237189504632
9.8,6,1.01547000191979,1.00878177824286,1.02220256852292
10,6,1.0153142403752,1.00866061227647,1.02201175912093
10.2,6,1.01514402425378,1.0085317187822,1.02179968243588
10.4,6,1.01495977641133,1.00839515463191,1.02156713367883
10.6,6,1.01476191999541,1.00825073531435,1.0213151532706
10.8,6,1.01455087838822,1.00809809241504,1.0210449683249
11,6,1.01432707515125,1.00793672608675,1.02075793922043
11.2,6,1.01409093397166,1.00776605380034,1.02045550997221
11.4,6,1.0138428786103,1.00758545639893,1.02013916137934
11.6,6,1.01358333285166,1.00739432214474,1.01981036626
11.8,6,1.01331272045537,1.00719208907203,1.0194705464602
12,6,1.01303146510956,1.00697828556545,1.01912103171693
12.2,6,1.01273999038597,1.00675256870024,1.01876302083949
12.4,6,1.01243871969675,1.00651475954502,1.01839754600771
12.6,6,1.01212807625309,1.00626487438366,1.0180254412311
12.8,6,1.01180848302553,1.00600315069869,1.01764731612562
13,6,1.0114803627061,1.00573006680814,1.01726353611662
13.2,6,1.01114413767212,1.00544635426618,1.01687420995712
13.4,6,1.01080022995189,1.0051530025089,1.01647918507982
13.6,6,1.01044906119198,1.00485125569965,1.01607805082839
13.8,6,1.01009105262643,1.00454260223438,1.01567014910724
14,6,1.00972662504751,1.00422875782895,1.01525459152755
14.2,6,1.00935619877847,1.00391164345846,1.01483028177935
14.4,6,1.00898019364778,1.00359335960821,1.01439594176962
14.6,6,1.00859902896532,1.00327615830959,1.01395014005294
14.8,6,1.00821312350022,1.00296241428375,1.01349132123159
15,6,1.0078228954604,1.00265459622883,1.0130178352889
15.2,6,1.00742876247397,1.0023552388972,1.01252796620931
15.4,6,1.00703114163468,1.00206691604843,1.01201995992555
15.6,6,1.00663066362182,1.00179189560072,1.01149280343907
15.8,6,1.00622865103746,1.00153132974773,1.01094800341762
16,6,1.00582656423857,1.00128597670077,1.01038774223271
16.2,6,1.00542586125243,1.00105643191827,1.00981436235127
16.4,6,1.00502799778608,1.00084315969047,1.00923033399787
16.6,6,1.00463442725693,1.00064651889301,1.00863822875875
16.8,6,1.00424660084436,1.00046678418183,1.00804069785505
17,6,1.00386596756239,1.0003041636541,1.00744045406017
17.2,6,1.00349397435317,1.00015881380343,1.00684025643256
17.4,6,1.0031320662015,1.00003085244721,1.00624289718582
17.6,6,1.00278168627,0.999920370190954,1.00565119013075
17.8,6,1.00244427605528,0.999827440914176,1.0050679602044
18,6,1.00212127556469,0.999752131709893,1.00449603365368
18.2,6,1.00181412351391,0.999694512681216,1.00393822846959
18.4,6,1.00152425754525,0.999654666992511,1.00339734467431
18.6,6,1.00125311446656,0.99963270158782,1.00287615404799
18.8,6,1.00100213051094,0.999628759025998,1.00237738884558
19,6,1.00077274161705,0.999643030940716,1.00190372899534
19.2,6,1.00056638373027,0.999675773715069,1.00145778718893
19.4,6,1.00038449312445,0.999727327064512,1.00104209116942
19.6,6,1.00022850674459,0.999798136345389,1.00065906239987
19.8,6,1.00009986257026,0.999888779540657,1.00031099016086
20,6,1,1,1
20.2,6,0.999930360256706,0.999728015377679,1.00013274609032
20.4,6,0.999892386814096,0.9994967113897,1.00028821887637
20.6,6,0.999887525844418,0.99930745971094,1.0004679286878
20.8,6,0.999917226687496,0.999161264564952,1.00067376076849
21,6,0.999982942329286,0.999058690793751,1.00090804891058
21.2,6,1.00008551097187,0.998998982079858,1.00117322159185
21.4,6,1.00022349570847,0.998978130505546,1.00147041343236
21.6,6,1.00039493807007,0.998991668231073,1.00180017906289
21.8,6,1.00059788172839,0.999035484862268,1.00216272203522
22,6,1.00083037185801,0.999105876785527,1.00255784347515
22.2,6,1.0010904545371,0.999199571020451,1.00298491635841
22.4,6,1.00137617618677,0.999313725114483,1.00344288388469
22.6,6,1.00168558304882,0.999445906689683,1.00393027833911
22.8,6,1.00201672070195,0.999594057944972,1.00444525513732
23,6,1.00236763361619,0.999756450979883,1.00498563618825
23.2,6,1.00273636474574,0.999931639302718,1.00554895721136
23.4,6,1.00312095516,1.00011840972048,1.00613251481127
23.6,6,1.00351944371308,1.0003157374251,1.00673341049543
23.8,6,1.00392986675153,1.00052274581694,1.00734859009408
24,6,1.0043502578606,1.00073867160963,1.00797487803903
24.2,6,1.00477864764895,1.00096283507657,1.00860900664111
24.4,6,1.00521306357197,1.00119461489009,1.00924764091613
24.6,6,1.0056515297938,1.00143342679906,1.00988739971383
24.8,6,1.0060920670881,1.00167870531834,1.01052487397734
25,6,1.00653269277775,1.00192988760616,1.0111566429573
25.2,6,1.0069714207136,1.0021863987398,1.01177928917117
25.4,6,1.0074062612923,1.0024476376377,1.01238941286001
25.6,6,1.00783522151343,1.0027129628983,1.01298364667302
25.8,6,1.00825630507601,1.00298167782078,1.01355867131521
26,6,1.00866751251446,1.00325301383174,1.01411123293444
26.2,6,1.0090668413742,1.00352611145699,1.01463816310927
26.4,6,1.00945228642696,1.0037999978419,1.01513640243413
26.6,6,1.00982183992576,1.00407355962875,1.01560302889371
26.8,6,1.01017384605628,1.00434548893012,1.01603602595276
27,6,1.01050813333249,1.00461424081654,1.0164366042643
27.2,6,1.01082492054094,1.00487820321605,1.01680682964014
27.4,6,1.01112442768345,1.0051357632448,1.01714877297544
27.6,6,1.01140687593641,1.00538533531061,1.01746448129305
27.8,6,1.01167248761194,1.00562538803279,1.01775595004922
28,6,1.0119214861194,1.00585447051503,1.01802509616105
28.2,6,1.01215409592739,1.00607123803323,1.0182737316945
28.4,6,1.01237054252617,1.00627447680667,1.01850353854463
28.6,6,1.01257105239044,1.00646312719994,1.01871604476116
28.8,6,1.01275585294265,1.00663630446113,1.01891260341405
29,6,1.01292517251673,1.00679331595548,1.01909437503994
29.2,6,1.01307924032225,1.00693367381918,1.01926231474528
29.4,6,1.01321828640907,1.00705710204089,1.01941716495839
29.6,6,1.01334254163245,1.0071635371737,1.01955945462809
29.8,6,1.01345223761863,1.00725312216038,1.01968950538599
30,6,1.0135476067309,1.00732619308125,1.01980744486317
30.2,6,1.01362888203614,1.00738325895677,1.01991322702924
30.4,6,1.01369629727185,1.00742497500655,1.02000665915196
30.6,6,1.01375008681374,1.00745210994329,1.02008743479898
30.8,6,1.0137904856437,1.00746550794105,1.0201551722422
31,6,1.01381772931837,1.0074660458579,1.02020945768453
31.2,6,1.01383205393823,1.00745458612946,1.02024989289248
31.4,6,1.01383369611713,1.00743192551215,1.02027614705578
31.6,6,1.01382289295238,1.00739873958493,1.02028801296479
31.8,6,1.01379988199539,1.00735552266845,1.02028546784684
32,6,1.01376490122281,1.00730252265105,1.02026873937187
32.2,6,1.01371818900815,1.00723967020032,1.02023837734827
32.4,6,1.01366005735929,1.00716652052854,1.02019546017715
32.6,6,1.01359116867249,1.00708235914261,1.02014204487261
32.8,6,1.01351228995624,1.00698637288232,1.02008049915527
33,6,1.01342418831016,1.00687776237457,1.0200131772004
33.2,6,1.01332763083422,1.00675584234811,1.01994231790815
33.4,6,1.01322338456194,1.00662012816235,1.01986995719756
33.6,6,1.01311221639935,1.00647040658782,1.01979785625027
33.8,6,1.01299489306982,1.00630678858817,1.01972744795374
34,6,1.01287218106464,1.00612974219115,1.01965980345677
34.2,6,1.01274484659937,1.00594010442231,1.01959561986307
34.4,6,1.01261365557607,1.00573907250867,1.0195352288556
34.6,6,1.01247937355124,1.00552817585932,1.01947862474431
34.8,6,1.0123427657096,1.00530923141189,1.01942550934825
35,6,1.01220459684361,1.00508428558417,1.01937535047207
35.2,6,1.01206563133883,1.00485554619405,1.01932745061394
35.4,6,1.01192663316501,1.00462530733493,1.01928102291702
35.6,6,1.01178836587295,1.00439586943999,1.01923527213093
35.8,6,1.01165159259713,1.00416945580159,1.01918947931686
36,6,1.01151707606413,1.00394812579743,1.01914309004426
36.2,6,1.01138557860675,1.00373368415549,1.01909580674712
36.4,6,1.01125786218389,1.00352758487614,1.01904768662134
36.6,6,1.01113468840623,1.00333082802525,1.01899924684926
36.8,6,1.01101681856758,1.00314384763284,1.01895157891715
37,6,1.01090501368196,1.00296638954424,1.01890647317873
37.2,6,1.0108000345265,1.0027973795143,1.01886655337456
37.4,6,1.01070264168995,1.00263478442645,1.01883541822599
37.6,6,1.01061359562705,1.00247547359077,1.01881778315024
37.8,6,1.01053365671848,1.00231509282586,1.01881960939226
38,6,1.01046334106472,1.0021476529586,1.01884803164616
38.2,6,1.01040183349651,1.00196456703277,1.0189101478473
38.4,6,1.01034786790559,1.00175702782836,1.01901238107039
38.6,6,1.01030017827903,1.00151719540871,1.01916018507711
38.8,6,1.01025749897697,1.00123855696677,1.01935768168092
39,6,1.01021856466192,1.00091616088139,1.01960742395139
39.2,6,1.01018211024399,1.00054669603449,1.0199103149323
39.4,6,1.0101468708419,1.00012841456386,1.02026568369889
39.6,6,1.01011158175983,0.999660924309793,1.02067149249614
39.8,6,1.01007497848015,0.999144895696343,1.02112463021755
40,6,1.01003579667195,0.998581732183449,1.02162124308852
0,7,1.01656923983431,1.0051047836352,1.02816446225608
0.2,7,1.01642824061489,1.00523637155019,1.0277447151323
0.4,7,1.01627268125928,1.00534791712351,1.02731616098533
0.6,7,1.01610413549751,1.00544362894261,1.02687767315305
0.8,7,1.01592417656022,1.00552641678449,1.02642945554832
1,7,1.01573437699012,1.00559806612253,1.02597286068547
1.2,7,1.01553630847784,1.00565941488538,1.02551020611122
1.4,7,1.01533154172203,1.00571053069326,1.02504459101668
1.6,7,1.01512164631381,1.00575088968722,1.02457971191587
1.8,7,1.01490819064544,1.00577955952661,1.02411967481623
2,7,1.01469274184327,1.00579538912776,1.02366880130789
2.2,7,1.01447686572491,1.00579720620709,1.02323142750818
2.4,7,1.01426212678049,1.00578402070507,1.02281169778392
2.6,7,1.01405008817824,1.00575522797777,1.02241335936365
2.8,7,1.01384231179396,1.00571080093774,1.02203956865663
3,7,1.01364035826474,1.0056514562578,1.02169272416355
3.2,7,1.01344578706659,1.00557877774136,1.0213743428734
3.4,7,1.0132601566162,1.00549528120473,1.02108499580003
3.6,7,1.01308502439657,1.00540441004331,1.02082431348435
3.8,7,1.01292194710667,1.00531045812111,1.02059106482184
4,7,1.012772480835,1.00521842464711,1.02038330455072
4.2,7,1.01263817947734,1.00513380945322,1.02019857743419
4.4,7,1.01251990048319,1.00506139050019,1.02003375969331
4.6,7,1.01241675118648,1.00500316723717,1.01988502275148
4.8,7,1.01232756924713,1.00495997732417,1.01974917467507
5,7,1.01225119334441,1.00493194048404,1.01962375475262
5.2,7,1.01218646302357,1.00491856746908,1.01950692234541
5.4,7,1.01213221855589,1.00491886300784,1.01939735191424
5.6,7,1.01208730081196,1.00493142129433,1.01929413565907
5.8,7,1.01205055114838,1.00495451406971,1.0191966937209
6,7,1.0120208113076,1.00498617211335,1.01910469112821
6.2,7,1.01199692333114,1.00502426120875,1.01901796042213
6.4,7,1.01197772948602,1.0050665535386,1.01893642900569
6.6,7,1.01196207220444,1.00511079510863,1.01886005061723
6.8,7,1.01194879403673,1.00515476929573,1.0187887408323
7,7,1.01193673761747,1.00519635604608,1.01872231706832
7.2,7,1.01192474564498,1.00523358569841,1.01866044411678
7.4,7,1.01191166087388,1.00526468596482,1.01860258667076
7.6,7,1.01189632612104,1.00528812034742,1.01854797056927
7.8,7,1.01187758428465,1.00530261626574,1.01849555448395
8,7,1.01185427837658,1.005307181437,1.01844401350588
8.2,7,1.01182525156796,1.00530110755855,1.01839173558349
8.4,7,1.01178934724796,1.00528396100477,1.01833683109921
8.6,7,1.01174540909586,1.00525556094521,1.01827715517839
8.8,7,1.01169228116621,1.0052159458814,1.01821034173293
9,7,1.01162880798734,1.00516532996837,1.01813384787365
9.2,7,1.01155383467293,1.00510405055569,1.01804500725651
9.4,7,1.01146620704686,1.00503250812663,1.01794109118394
9.6,7,1.01136477178111,1.00495109925088,1.01781937684563
9.8,7,1.01124837701348,1.00486014254901,1.01767722363664
10,7,1.0111163016351,1.00475997741335,1.01751283730885
10.2,7,1.01096904946528,1.00465119375304,1.01732663568403
10.4,7,1.01080734122848,1.00453417284962,1.01711968462256
10.6,7,1.01063189783327,1.00440905187709,1.01689329761542
10.8,7,1.01044344027227,1.00427578140939,1.01664897719269
11,7,1.01024268952721,1.00413417781238,1.01638836153016
11.2,7,1.0100303664791,1.0039839718475,1.01611317492713
11.4,7,1.00980719182352,1.00382485454867,1.01582518109394
11.6,7,1.00957388599098,1.00365652109717,1.01552613852468
11.8,7,1.00933116907248,1.0034787130372,1.01521775761221
12,7,1.00907976075012,1.00329125877156,1.0149016595662
12.2,7,1.0088203802329,1.00309411188231,1.01457933758927
12.4,7,1.00855374619756,1.0028873864737,1.01425212111371
12.6,7,1.0082805767346,1.00267138847838,1.01392114415778
12.8,7,1.00800158929939,1.00244664174648,1.01358731898176
13,7,1.00771750066832,1.00221390778282,1.01325131617838
13.2,7,1.00742902690021,1.00197419822039,1.01291355210913
13.4,7,1.0071368833026,1.00172877949872,1.01257418421786
13.6,7,1.00684178440328,1.00147916970271,1.01223311426567
13.8,7,1.00654444392683,1.00122712803831,1.01188999901049
14,7,1.00624557477623,1.00097463789471,1.01154426738158
14.2,7,1.00594588901953,1.00072388479725,1.01119514284434
14.4,7,1.00564609788155,1.00047723074432,1.01084166946209
14.6,7,1.00534691174062,1.00023718642941,1.01048274015329
14.8,7,1.00504904013035,1.00000638268908,1.01011712580338
15,7,1.00475319174639,0.999787542220658,1.00974350418717
15.2,7,1.00446007445826,0.999583452215813,1.00936048805544
15.4,7,1.00417039532387,0.999396937930824,1.00896665236199
15.6,7,1.0038848531843,0.999230309886643,1.00856107794328
15.8,7,1.00360412209302,0.999084089575337,1.0081446040345
16,7,1.00332887055677,0.998958273063895,1.00771859009203
16.2,7,1.00305976642716,0.998852698272739,1.00728455433394
16.4,7,1.00279747693953,0.998767075846968,1.00684414221757
16.6,7,1.00254266875617,0.998701014242471,1.00639910077504
16.8,7,1.00229600801407,0.998654040299799,1.00595125753394
17,7,1.00205816037704,0.99862561632742,1.00550250300109
17.2,7,1.00182979109234,0.998615154517847,1.00505477588582
17.4,7,1.00161156505161,0.998622029368024,1.00461005039116
17.6,7,1.00140414685637,0.998645588662062,1.00417032501455
17.8,7,1.00120820088784,0.998685163493661,1.00373761238062
18,7,1.00102439138125,0.998740077752652,1.00331392968128
18.2,7,1.00085338250453,0.998809657471484,1.00290128932735
18.4,7,1.00069583844147,0.998893240421212,1.0025016894216
18.6,7,1.00055242347932,0.99899018636178,1.0021171036487
18.8,7,1.00042380210079,0.999099888388158,1.00174947014003
19,7,1.00031063908055,0.999221785873197,1.00140067881258
19.2,7,1.00021359958618,0.999355379590782,1.00107255659824
19.4,7,1.00013334928359,0.999500249709238,1.00076684987341
19.6,7,1.0000705544469,0.999656077472664,1.0004852032714
19.8,7,1.00002588207291,0.999822671529036,1.00022913391864
20,7,1,1,1
20.2,7,0.999993577031614,0.999798962464827,1.00018822948085
20.4,7,1.00000728306432,0.999626938702423,1.00038777214204
20.6,7,1.00004178922045,0.999484547258467,1.00059934186118
20.8,7,1.00009776798534,0.999372043308226,1.00082401966971
21,7,1.00017589334241,0.99928924588022,1.00106332750748
21.2,7,1.00027648771007,0.999234921082295,1.00131914002952
21.4,7,1.00039857434182,0.999205559563538,1.00159301353598
21.6,7,1.00054087806415,0.999197405485383,1.00188615701127
21.8,7,1.0007021242528,0.999207049293853,1.00219943623472
22,7,1.00088103858248,0.999231479674389,1.00253332062794
22.2,7,1.00107634679297,0.999268109881448,1.00288785582006
22.4,7,1.00128677447149,0.999314779589051,1.00326266078423
22.6,7,1.00151104685131,0.999369735723651,1.00365694608403
22.8,7,1.00174788862678,0.999431597630937,1.00406954787792
23,7,1.00199602378448,0.999499312610772,1.0044989716475
23.2,7,1.00225417545077,0.999572107385455,1.00494344008455
23.4,7,1.00252106575554,0.999649439872512,1.0054009407656
23.6,7,1.00279541571232,0.999730954193425,1.00586927068288
23.8,7,1.00307594511464,0.999816440518522,1.00634607603154
24,7,1.00336137244884,0.999905800307391,1.00682888669405
24.2,7,1.00365041482308,0.999999016794469,1.00731514557237
24.4,7,1.00394178791294,1.00009613014854,1.00780223333943
24.6,7,1.00423420592322,1.00019721652802,1.00828748938834
24.8,7,1.00452638156644,1.00030237018538,1.0087682298263
25,7,1.00481702605757,1.00041168778235,1.00924176335177
25.2,7,1.00510484912551,1.00052525411776,1.00970540581348
25.4,7,1.00538855904095,1.00064312851263,1.01015649420679
25.6,7,1.00566686266095,1.00076533112316,1.01059240083713
25.8,7,1.00593846549002,1.00089182844981,1.01101054838232
26,7,1.00620207175795,1.00102251727112,1.01140842662561
26.2,7,1.00645638451422,1.00115720614652,1.011783611715
26.4,7,1.00670010573919,1.00129559349592,1.01213378894135
26.6,7,1.00693193647199,1.00143724106648,1.01245678022467
26.8,7,1.00715081537366,1.00158141463564,1.01275118536103
27,7,1.00735668074718,1.00172670239248,1.0130183011218
27.2,7,1.00754973353431,1.00187150971813,1.01326013934727
27.4,7,1.00773017533215,1.00201424083341,1.01347871606129
27.6,7,1.00789820836632,1.00215332625001,1.01367602323818
27.8,7,1.00805403546535,1.00228724912199,1.01385400174266
28,7,1.00819786003561,1.00241457103779,1.0140145149008
28.2,7,1.00832988603651,1.00253395731764,1.01415932263754
28.4,7,1.00845031795612,1.00264420148488,1.01429005651228
28.6,7,1.00855936078723,1.0027442482534,1.01440819631059
28.8,7,1.00865722000368,1.00283321412524,1.01451504909818
29,7,1.00874410153722,1.00291040454021,1.01461173179536
29.2,7,1.00882021175466,1.00297532648026,1.01469915836933
29.4,7,1.00888575743555,1.00302769551451,1.01477803265859
29.6,7,1.00894094575008,1.00306743646856,1.01484884764572
29.8,7,1.00898598423759,1.00309467718962,1.01491189170715
30,7,1.00902108078531,1.00310973521437,1.01496726203298
30.2,7,1.00904644360767,1.00311309747852,1.01501488507788
30.4,7,1.00906228122588,1.00310539348335,1.01505454362775
30.6,7,1.00906880244806,1.00308736251441,1.01508590988687
30.8,7,1.00906621634967,1.00305981556628,1.01510858393166
31,7,1.00905473225445,1.00302359256236,1.01512213694196
31.2,7,1.00903455971573,1.00297951528612,1.01512615879326
31.4,7,1.00900590849819,1.00292833619373,1.01512030983997
31.6,7,1.00896898856005,1.00287068300115,1.01510437699645
31.8,7,1.00892401003562,1.00280699868675,1.01507833447455
32,7,1.00887118321843,1.00273747638835,1.01504240969883
32.2,7,1.00881071854461,1.00266198868267,1.01499715491117
32.4,7,1.00874284378248,1.00257997633647,1.0149435944259
32.6,7,1.00866786901555,1.00249035640871,1.01488344848433
32.8,7,1.00858612891524,1.00239187792666,1.01481865709477
33,7,1.00849795819001,1.00228331258668,1.01475113762853
33.2,7,1.00840369155918,1.00216355650357,1.01468268183483
33.4,7,1.00830366373221,1.00203171767995,1.01461486733151
33.6,7,1.00819820938911,1.00188718700557,1.01454898575299
33.8,7,1.00808766316188,1.0017296903463,1.01448598999583
34,7,1.0079723596171,1.00155931973223,1.0144264625521
34.2,7,1.00785263323963,1.00137654269037,1.0143706058852
34.4,7,1.00772881841745,1.00118219014711,1.01431825442262
34.6,7,1.00760124942752,1.00097742472912,1.01426890633687
34.8,7,1.00747026042282,1.00076369240675,1.01422177217026
35,7,1.00733618542051,1.00054266103332,1.01417583675
35.2,7,1.00719935829111,1.00031614935741,1.01412993081607
35.4,7,1.0070601127489,1.00008604958139,1.01408280928859
35.6,7,1.00691878234333,0.999854245658821,1.01403323398172
35.8,7,1.00677570045157,0.999622528454936,1.01398005963952
36,7,1.0066312002722,0.999392507816968,1.01392232324703
36.2,7,1.00648561481995,0.999165520657599,1.01385933751275
36.4,7,1.00633927692156,0.998942533458459,1.01379079011568
36.6,7,1.00619251921275,0.998724037252517,1.01371685065763
36.8,7,1.00604567413627,0.99850993327021,1.01363828713601
37,7,1.00589907394109,0.998299408218671,1.01355659296746
37.2,7,1.00575305068264,0.998090799875023,1.01347412388141
37.4,7,1.00560793622415,0.997881456659714,1.01339424101739
37.6,7,1.00546406223915,0.997667599461797,1.01332145195437
37.8,7,1.00532176021498,0.997444200358518,1.0132615350297
38,7,1.00518124274888,0.997204716173127,1.01322157264924
38.2,7,1.00504207536364,0.996940758442593,1.01320922501878
38.4,7,1.00490360450698,0.996644051663245,1.01323160727831
38.6,7,1.00476517681236,0.996307403033423,1.01329474965359
38.8,7,1.00462613927363,0.995925070226554,1.0134032266928
39,7,1.00448583924689,0.995492984760859,1.0135599313037
39.2,7,1.00434362445654,0.995008803327136,1.01376602158047
39.4,7,1.0041988430056,0.994471791993958,1.01402103550053
39.6,7,1.0040508433903,0.993882578776447,1.01432313800475
39.8,7,1.00389897451884,0.993242827425104,1.0146694476039
40,7,1.00374258573437,0.992554886134045,1.01505638881178
0,8,1.01597094512603,1.00431471306108,1.02776246122515
0.2,8,1.01573965773202,1.00435476693514,1.02725360226839
0.4,8,1.01549205882169,1.00437212914305,1.02673510306361
0.6,8,1.0152299576301,1.00437131858546,1.02620599353756
0.8,8,1.01495516221219,1.00435555452683,1.02566663434891
1,8,1.0146694792013,1.00432693368205,1.02511853211793
1.2,8,1.01437471359992,1.00428661030492,1.02456415233747
1.4,8,1.01407266860247,1.00423497709255,1.02400673215324
1.6,8,1.01376514545016,1.00417184751292,1.02345009240698
1.8,8,1.01345394331794,1.00409664150537,1.02289844699296
2,8,1.01314085923327,1.00400857639504,1.02235620768647
2.2,8,1.0128276880269,1.00390686331538,1.02182778414938
2.4,8,1.0125162223154,1.00379090656025,1.02131738168949
2.6,8,1.0122082525155,1.00366049943796,1.02082880320012
2.8,8,1.01190556689011,1.00351600608261,1.02036526582208
3,8,1.01160995162589,1.00335851536477,1.01992924618424
3.2,8,1.01132319094249,1.00318995174597,1.01952236937585
3.4,8,1.01104706723321,1.0030131295539,1.01914535517149
3.6,8,1.01078336123716,1.0028317418225,1.01879803036263
3.8,8,1.01053385224275,1.00265028156707,1.01847940932361
4,8,1.01030031832265,1.00247390029103,1.01818783801406
4.2,8,1.01008453470855,1.00230821107227,1.01792119029525
4.4,8,1.00988753612923,1.00215802680129,1.01767666211728
4.6,8,1.00970849759535,1.00202525411654,1.01745065399089
4.8,8,1.00954630803155,1.00191064120503,1.01724016708149
5,8,1.00939985795183,1.00181424262693,1.01704291063129
5.2,8,1.00926803928109,1.00173552667621,1.01685719233111
5.4,8,1.00914974518895,1.00167347633725,1.01668181525458
5.6,8,1.00904386993576,1.00162668277617,1.01651598241464
5.8,8,1.00894930873076,1.00159343158958,1.01635920871875
6,8,1.00886495760238,1.00157178266625,1.01621123946662
6.2,8,1.00878971328065,1.00155964468549,1.01607197436595
6.4,8,1.00872247309168,1.00155484512295,1.01594139619512
6.6,8,1.00866213486428,1.00155519626717,1.01581950360883
6.8,8,1.00860759684852,1.00155855725648,1.01570624807715
7,8,1.00855775764643,1.0015628916039,1.01560147548983
7.2,8,1.00851151615468,1.00156631916989,1.01550487346618
7.4,8,1.00846777151933,1.00156716114886,1.01541592580431
7.6,8,1.00842542310255,1.00156397642983,1.01533387570954
7.8,8,1.00838337046138,1.00155558772422,1.01525769940894
8,8,1.00834051333852,1.00154109613773,1.01518609147514
8.2,8,1.00829575166507,1.00151988336181,1.01511746268401
8.4,8,1.00824798557533,1.00149160128995,1.01504995060102
8.6,8,1.00819611543359,1.00145614950877,1.01498144244655
8.8,8,1.00813904187287,1.00141364164842,1.01490960925532
9,8,1.0080756658457,1.00136436189622,1.01483195002656
9.2,8,1.00800488868686,1.00130871301249,1.01474584452551
9.4,8,1.0079256121881,1.0012471569188,1.01464861366607
9.6,8,1.0078367386848,1.00118014837343,1.01453758695977
9.8,8,1.00773717157561,1.00110806160334,1.01441017800692
10,8,1.00762620263575,1.00103124248112,1.01426461148369
10.2,8,1.0075042286378,1.00095015272972,1.01410121968095
10.4,8,1.00737184189085,1.00086502346071,1.01392096241476
10.6,8,1.00722963473011,1.00077584338204,1.01372504521102
10.8,8,1.00707819945762,1.00068241604578,1.01351486101901
11,8,1.00691812828642,1.00058441206916,1.01329193703425
11.2,8,1.00675001328822,1.00048141763673,1.01305788532281
11.4,8,1.00657444634453,1.00037298032721,1.01281435620381
11.6,8,1.00639201910124,1.00025865297622,1.01256299367875
11.8,8,1.00620332292675,1.00013803591136,1.0123053925714
12,8,1.00600894887345,1.00001081749947,1.01204305743823
12.2,8,1.00580948764278,0.999876812559241,1.01177736369629
12.4,8,1.00560552955368,0.999735997849211,1.01150952175823
12.6,8,1.00539766451457,0.99958854358713,1.01124054521863
12.8,8,1.00518648199871,0.999434839831856,1.01097122426003
13,8,1.00497257102311,0.999275516596955,1.01070210540958
13.2,8,1.00475652013082,0.999111456775832,1.01043347856624
13.4,8,1.0045389173767,0.998943801324436,1.0101653718522
13.6,8,1.00432035031663,0.998773946621616,1.00989755436848
13.8,8,1.00410140600017,0.998603534439118,1.00962954642234
14,8,1.00388267096659,0.998434435424195,1.00936063632346
14.2,8,1.00366473124445,0.99826872735736,1.00908990248614
14.4,8,1.00344817235449,0.99810866964798,1.0088162393747
14.6,8,1.00323357931596,0.997956675552702,1.00853838580688
14.8,8,1.00302153665646,0.997815283456064,1.0082549542758
15,8,1.00281262842502,0.997687128267486,1.00796446023616
15.2,8,1.00260743820874,0.997574913597782,1.00766535069143
15.4,8,1.00240654914364,0.997481384743995,1.00735603203659
15.6,8,1.00221051283427,0.997408742722262,1.00703539984433
15.8,8,1.00201977985114,0.997357294257027,1.00670406181856
16,8,1.00183478017681,0.997326795649942,1.00636314109843
16.2,8,1.00165594356766,0.997316841319874,1.00601392427768
16.4,8,1.00148369957951,0.997326895137544,1.00565782935709
16.6,8,1.00131847759503,0.997356315936239,1.00529637959131
16.8,8,1.00116070685308,0.997404378472132,1.00493118195648
17,8,1.00101081647987,0.997470290860066,1.00456390921247
17.2,8,1.00086923552189,0.997553209314447,1.00419628473012
17.4,8,1.00073639298084,0.997652250873768,1.00383006940463
17.6,8,1.00061271785024,0.997766504674361,1.00346705008946
17.8,8,1.00049863915402,0.997895042258468,1.00310902906538
18,8,1.00039458598687,0.998036927348737,1.00275781411256
18.2,8,1.00030098755649,0.99819122549275,1.00241520878181
18.4,8,1.0002182732277,0.998357013974851,1.00208300246769
18.6,8,1.00014687256838,0.998533392407732,1.00176295987091
18.8,8,1.00008721539729,0.998719494452803,1.00145680940082
19,8,1.00003973183376,0.998914501177116,1.00116623001032
19.2,8,1.00000485234924,0.999117656636145,1.00089283587368
19.4,8,0.999983007820744,0.999328286375838,1.00063815821395
19.6,8,0.999974629586175,0.999545819671133,1.00040362346271
19.8,8,0.999980149501526,0.999769816452732,1.0001905268005
20,8,1,1,1
20.2,8,1.00003461415303,0.99983297241538,1.00023629655686
20.4,8,1.00008442573322,0.999690123997317,1.00047888299117
20.6,8,1.00014986927919,0.999571829478711,1.00072824335282
20.8,8,1.00023138016243,0.999478093541335,1.00098523452056
21,8,1.0003293946506,0.999408478060492,1.00125115983003
21.2,8,1.00044407365558,0.999361561333315,1.00152775855939
21.4,8,1.00057456134472,0.999333923920928,1.00181673897563
21.6,8,1.00071976800343,0.999321971793831,1.00211951937293
21.8,8,1.00087860396403,0.999322465382559,1.0024371657546
22,8,1.001049979451,0.999332570145662,1.00277034022096
22.2,8,1.00123280443806,0.999349881402743,1.00311927517896
22.4,8,1.00142598851721,0.999372424920353,1.00348377188574
22.6,8,1.00162844077963,0.999398636872364,1.00386321970416
22.8,8,1.0018390697085,0.999427328526705,1.00425663071868
23,8,1.00205678308368,0.999457641591376,1.0046626837784
23.2,8,1.00228048789836,0.999488999649537,1.00507977253779
23.4,8,1.00250909028758,0.999521059935813,1.00550605324292
23.6,8,1.00274149546872,0.999553668306211,1.00593948941101
23.8,8,1.00297660769392,0.999586818964571,1.00637789184059
24,8,1.00321333021447,0.999620619499103,1.00681895339885
24.2,8,1.00345056525718,0.999655261091065,1.00726027872446
24.4,8,1.0036872140128,0.999690993343851,1.00769940939768
24.6,8,1.00392217663638,0.999728102973708,1.00813384533697
24.8,8,1.00415435225973,0.999766895530878,1.00856106325338
25,8,1.00438263901595,0.999807679322993,1.00897853299119
25.2,8,1.00460593407601,0.999850750747819,1.00938373254799
25.4,8,1.00482313369747,0.999896380280927,1.00977416252865
25.6,8,1.00503313328524,0.9999447983869,1.01014736076494
25.8,8,1.00523482746458,0.999996180618169,1.0105009178366
26,8,1.00542711016616,1.00005063112489,1.01083249427083
26.2,8,1.00560887472332,1.00010816371505,1.01113984028074
26.4,8,1.00577901398145,1.00016867946886,1.01142081903894
26.6,8,1.00593642041961,1.00023193971695,1.01167343467654
26.8,8,1.0060802330682,1.00029740791864,1.01189648934179
27,8,1.0062106260933,1.00036387469928,1.01209154955484
27.2,8,1.00632804563376,1.00042995071682,1.01226091312385
27.4,8,1.00643293855373,1.00049424758004,1.01240688015536
27.6,8,1.00652575238478,1.00055540590083,1.01253172411941
27.8,8,1.00660693527096,1.00061212213553,1.01263766420607
28,8,1.00667693591579,1.00066317474743,1.01272683843951
28.2,8,1.00673620353128,1.00070744974487,1.01280127749519
28.4,8,1.00678518778888,1.00074396525659,1.01286287955902
28.6,8,1.00682433877251,1.00077189448557,1.01291338688701
28.8,8,1.00685410693344,1.00079058614401,1.01295436496328
29,8,1.0068749430473,1.00079958133061,1.012987185295
29.2,8,1.00688729817303,1.0007986257822,1.01301301291238
29.4,8,1.00689162361386,1.00078767652223,1.0130327995513
29.6,8,1.00688837088027,1.00076690212886,1.01304728329574
29.8,8,1.00687799165504,1.00073667613058,1.01305699517203
30,8,1.00686093776022,1.00069756336563,1.01306227285874
30.2,8,1.00683766112619,1.00065029946236,1.01306328135486
30.4,8,1.00680861376276,1.00059576386324,1.01306004018365
30.6,8,1.0067742477322,1.00053494698475,1.01305245653971
30.8,8,1.0067350151244,1.00046891215789,1.01304036373454
31,8,1.00669136803401,1.00039875292603,1.01302356436377
31.2,8,1.00664375853961,1.0003255461057,1.01300187779036
31.4,8,1.00659263868488,1.00025030077168,1.01297519178239
31.6,8,1.00653846046191,1.00017390305415,1.01294351841749
31.8,8,1.00648167579637,1.0000970563831,1.01290705461873
32,8,1.00642273653486,1.00002021664576,1.01286624785618
32.2,8,1.00636209443421,0.999943521713504,1.01282186755762
32.4,8,1.00630010408573,0.999866562617786,1.01277504153327
32.6,8,1.00623665620357,0.999787844801428,1.01272706359902
32.8,8,1.00617150317017,0.99970553389789,1.01267929351597
33,8,1.00610439741594,0.999617812090108,1.01263307461796
33.2,8,1.00603509144789,0.999522978564388,1.0125896321846
33.4,8,1.00596333785477,0.999419536156303,1.01254998576459
33.6,8,1.00588888931275,0.999306262223074,1.01251487746304
33.8,8,1.00581149859178,0.999182261442877,1.01248471849225
34,8,1.0057309185625,0.999046998589254,1.0124595559377
34.2,8,1.0056469022038,0.998900310236507,1.0124390607834
34.4,8,1.00555920261097,0.99874239561088,1.01242253698177
34.6,8,1.00546757300446,0.998573788124743,1.01240895003064
34.8,8,1.00537176673922,0.998395310226701,1.01239697242451
35,8,1.00527153731467,0.998208014853099,1.01238504269445
35.2,8,1.00516663838529,0.99801311688139,1.01237143463602
35.4,8,1.00505682377176,0.997811917594801,1.01235433371561
35.6,8,1.00494184747277,0.997605724396278,1.01233191841712
35.8,8,1.00482146367736,0.997395767027127,1.01230244527321
36,8,1.00469542677789,0.997183110521024,1.01226433735024
36.2,8,1.00456349138366,0.996968564198967,1.01221627688106
36.4,8,1.00442541233502,0.996752585298588,1.01215730345175
36.6,8,1.00428094471817,0.996535175432877,1.01208691954693
36.8,8,1.0041298438805,0.996315768107002,1.01200520522445
37,8,1.00397186544656,0.996093106155834,1.01191294305631
37.2,8,1.00380676533458,0.995865109443113,1.01181175299428
37.4,8,1.00363429977362,0.995628735807278,1.01170423417456
37.6,8,1.00345422532128,0.995379842389996,1.01159410652463
37.8,8,1.00326629888199,0.995113060337043,1.01148633918186
38,8,1.00307030797226,0.994821656937048,1.0113873534211
38.2,8,1.00286620530144,0.994497786998796,1.01130504148315
38.4,8,1.00265399969162,0.994133895524185,1.01124712438008
38.6,8,1.00243370020313,0.993723407697746,1.01122034111184
38.8,8,1.00220531608895,0.993261091840308,1.01123008224956
39,8,1.0019688567942,0.992743294879874,1.01128015184122
39.2,8,1.00172433195554,0.992168020547583,1.01137268733773
39.4,8,1.00147175140066,0.99153484878557,1.01150823905173
39.6,8,1.00121112514776,0.990844723560388,1.01168598195451
39.8,8,1.0009424634049,0.990099654987873,1.01190401390387
40,8,1.00066577656952,0.989302385877561,1.01215969019346
0,9,1.01574088407149,1.00424523262169,1.02736812688759
0.2,9,1.01544752920904,1.00422624987542,1.02679419573493
0.4,9,1.01513729228118,1.00418063455459,1.02621349856748
0.6,9,1.0148119396971,1.00411365874856,1.0256242049683
0.8,9,1.01447323635103,1.00402919886041,1.02502591402785
1,9,1.01412294537574,1.00392991351572,1.02441946842285
1.2,9,1.01376282792662,1.00381742910977,1.02380676155145
1.4,9,1.01339464299636,1.00369252829063,1.02319054242909
1.6,9,1.01302014726014,1.00355534024144,1.02257421948256
1.8,9,1.01264109495129,1.00340553362446,1.02196166238001
2,9,1.01225923776743,1.00324251347346,1.0213570006098
2.2,9,1.01187632480678,1.00306562221005,1.02076441863149
2.4,9,1.01149410253491,1.00287434245118,1.02018794993024
2.6,9,1.01111431478156,1.00266849571889,1.0196312758617
2.8,9,1.01073870276755,1.00244842723875,1.01909753909856
3,9,1.01036900516179,1.00221516373961,1.01858918476398
3.2,9,1.01000695816813,1.00197052971224,1.01810784379159
3.4,9,1.00965429564219,1.00171720886729,1.0176542717694
3.6,9,1.00931274923786,1.00145874173516,1.01722835232237
3.8,9,1.0089840485837,1.00119945663477,1.0168291678046
4,9,1.00866992148885,1.00094433788941,1.01645513342094
4.2,9,1.00837209256827,1.00069883797176,1.01610418488285
4.4,9,1.00809165522642,1.00046773187918,1.01577367560703
4.6,9,1.00782811914381,1.0002531814078,1.01546042203774
4.8,9,1.00758075050654,1.00005625088482,1.01516186503818
5,9,1.00734881701008,0.999877326988729,1.01487613704341
5.2,9,1.00713158774535,0.999716223382142,1.01460195534583
5.4,9,1.00692833309017,0.999572279014796,1.01433852185164
5.6,9,1.00673832460604,0.99944444912053,1.01408543028322
5.8,9,1.00656083494026,0.999331389166021,1.01384258056896
6,9,1.00639513773334,0.999231532618839,1.01361009955203
6.2,9,1.00624050753162,0.999143163565454,1.01338826698699
6.4,9,1.00609621970527,0.999064485061493,1.01317744594128
6.6,9,1.00596155037145,0.998993683737717,1.01297801707765
6.8,9,1.00583577632269,0.99892899069776,1.01279031678116
7,9,1.00571817496055,0.998868738203119,1.01261457963488
7.2,9,1.00560802423443,0.998811411125364,1.0124508862642
7.4,9,1.00550460258562,0.998755691735765,1.01229911797924
7.6,9,1.00540718889648,0.998700496173697,1.01215891987392
7.8,9,1.00531506244484,0.998645000942336,1.01202967403312
8,9,1.00522750286359,0.998588658041151,1.01191048423838
8.2,9,1.00514379010538,0.998531197829055,1.01180017307819
8.4,9,1.00506320441251,0.998472619339702,1.01169729174142
8.6,9,1.00498502629199,0.998413168425672,1.01160014211722
8.8,9,1.00490853649575,0.998353304663778,1.01150681026905
9,9,1.00483301600594,0.998293658298314,1.01141521000615
9.2,9,1.00475774602549,0.998234978559578,1.01132313521508
9.4,9,1.0046820079737,0.998178074445346,1.01122831986362
9.6,9,1.00460508348704,0.998123748509314,1.01112850513304
9.8,9,1.0045262546246,0.998072723354132,1.01102151438327
10,9,1.00444498742303,0.998025505349085,1.01090576077649
10.2,9,1.00436127159913,0.997982179523049,1.01078113876774
10.4,9,1.00427518950328,0.9979425048905,1.01064805969209
10.6,9,1.00418682347496,0.997905997295686,1.01050718121091
10.8,9,1.00409625584082,0.997871986300491,1.01035934953078
11,9,1.0040035689129,0.997839667114821,1.01020554665307
11.2,9,1.00390884498683,0.997808148857395,1.01004684136612
11.4,9,1.00381216634012,0.997776500180878,1.00988434294631
11.6,9,1.00371361523056,0.997743792968814,1.00971915686042
11.8,9,1.00361327389465,0.997709144438274,1.00955234213536
12,9,1.00351122454609,0.997671757585629,1.00938487045782
12.2,9,1.00340754937438,0.997630959523251,1.00921758745603
12.4,9,1.00330233054342,0.997586236909949,1.00905117696079
12.6,9,1.00319565019026,0.997537267421644,1.00888612929913
12.8,9,1.00308759042383,0.997483946084547,1.00872271479845
13,9,1.0029782333238,0.997426405333322,1.00856096363837
13.2,9,1.00286766093951,0.997365027872413,1.00840065297231
13.4,9,1.00275595528892,0.997300451791071,1.00824130186802
13.6,9,1.00264319835764,0.997233567862829,1.00808217413627
13.8,9,1.00252947209806,0.997165509476385,1.0079222886008
14,9,1.00241485842854,0.997097636116972,1.00776043589019
14.2,9,1.00229943923262,0.997031511674533,1.00759520047543
14.4,9,1.00218329635833,0.996968879049647,1.00742498648208
14.6,9,1.0020665116176,0.996911632543468,1.00724804579075
14.8,9,1.00194916678569,0.996861789365209,1.0070625070922
15,9,1.00183134360067,0.996821461300398,1.00686640485389
15.2,9,1.00171312376305,0.99679282718974,1.00665770754801
15.4,9,1.00159458896548,0.996778106276275,1.00643434514489
15.6,9,1.00147592412627,0.996779112842611,1.00619486672864
15.8,9,1.00135764821068,0.996796221650427,1.00593994825722
16,9,1.00124034739843,0.996829351372305,1.00567086219766
16.2,9,1.00112460759652,0.996878261167738,1.00538904194906
16.4,9,1.00101101444666,0.996942581538064,1.00509605026362
16.6,9,1.00090015333613,0.997021839433357,1.0047935534869
16.8,9,1.00079260941204,0.997115478872808,1.00448330035554
17,9,1.00068896759903,0.997222878092885,1.00416710433826
17.2,9,1.00058981262039,0.997343364042192,1.00384682870096
17.4,9,1.0004957290226,0.997476224891779,1.00352437362712
17.6,9,1.00040730120328,0.997620721117736,1.00320166483663
17.8,9,1.00032511344254,0.99777609563313,1.00288064322574
18,9,1.00024974993778,0.997941583394109,1.00256325510335
18.2,9,1.0001817948419,0.998116420876964,1.00225144262652
18.4,9,1.00012183230489,0.998299855816988,1.00194713404452
18.6,9,1.00007044651888,0.998491157615463,1.00165223334471
18.8,9,1.00002822176659,0.998689628857954,1.00136860885725
19,9,0.99999574247321,0.998894618446182,1.00109808031609
19.2,9,0.999973593261677,0.999105536927945,1.00084240379181
19.4,9,0.999962359011438,0.999321874714822,1.00060325380656
19.6,9,0.999962624920602,0.999543224003126,1.00038220181559
19.8,9,0.99997497657155,0.999769305351546,1.00018069010197
20,9,1,1,1
20.2,9,1.00003828176752,0.99984121327652,1.00023538910068
20.4,9,1.00009040903752,0.999705165525795,1.00047580100558
20.6,9,1.00015696965471,0.999592390687897,1.00072186750091
20.8,9,1.00023855222806,0.999503056455701,1.00097458922342
21,9,1.00033574621123,0.999436891619416,1.00123540919784
21.2,9,1.00044883031684,0.999392611151168,1.00150616575946
21.4,9,1.000576936291,0.999366807228772,1.00178853069343
21.6,9,1.00071893196267,0.999355863630512,1.00208385944766
21.8,9,1.00087368512625,0.999356513452877,1.00239316009165
22,9,1.00104006339046,0.999365890472745,1.00271704094157
22.2,9,1.00121693404003,0.999381554787838,1.00305568399381
22.4,9,1.00140316391028,0.99940149405326,1.00340884284898
22.6,9,1.00159761927451,0.999424103869418,1.00377586157102
22.8,9,1.00179916574421,0.999448152691817,1.00415570911087
23,9,1.00200666818216,0.999472737262575,1.0045470232949
23.2,9,1.00221899062839,0.999497234071039,1.00494815887085
23.4,9,1.00243499623898,0.999521251157848,1.00535723529699
23.6,9,1.00265354723778,0.99954458315162,1.00577218138554
23.8,9,1.00287350488104,0.999567171114161,1.00619077522457
24,9,1.00309372943495,0.999589067744259,1.00661067882862
24.2,9,1.00331308016611,0.999610407790239,1.00702946766801
24.4,9,1.00353041534501,0.999631383105463,1.00744465564291
24.6,9,1.00374459226245,0.999652221575467,1.00785371627371
24.8,9,1.00395446725898,0.999673169076172,1.00825410094853
25,9,1.00415889576738,0.999694473629186,1.00864325506193
25.2,9,1.00435673236813,0.999716370958485,1.0090186328409
25.4,9,1.00454683085801,0.999739070693638,1.00937771161302
25.6,9,1.00472804433168,0.999762742489334,1.00971800624719
25.8,9,1.00489922527642,0.999787501327354,1.01003708450094
26,9,1.00505922567994,0.999813391226747,1.01033258404845
26.2,9,1.00520689715124,0.99984036650347,1.01060223204832
26.4,9,1.00534109105462,0.999868269584651,1.01084386824551
26.6,9,1.00546065865678,0.999896804186677,1.01105547279836
26.8,9,1.0055647505238,0.999925434473927,1.01123587083069
27,9,1.005653772611,0.999953192164988,1.0113868511956
27.2,9,1.00572846069095,0.999978992029659,1.01151098643658
27.4,9,1.00578955139174,1.00000174986886,1.01161085150246
27.6,9,1.00583778209326,1.00002041048697,1.01168899482125
27.8,9,1.00587389083006,1.00003397446419,1.01174791066045
28,9,1.00589861619956,1.00004152425741,1.01179001224328
28.2,9,1.00591269727568,1.00004224967711,1.0118176055733
28.4,9,1.0059168735279,1.00003547239014,1.01183286431802
28.6,9,1.00591188474567,1.00002066877423,1.01183780642541
28.8,9,1.00589847096832,0.999997490209287,1.01183427338866
29,9,1.00587737242032,0.999965779748116,1.01182391321638
29.2,9,1.00584932945206,0.999925584083169,1.01180816819166
29.4,9,1.005815082486,0.999877159821265,1.01178826840805
29.6,9,1.00577537196831,0.999820973286513,1.01176523186227
29.8,9,1.00573093832592,0.99975769336533,1.01173987158938
30,9,1.00568252192909,0.999688177243235,1.01171280999112
30.2,9,1.00563086305932,0.999613449209328,1.01168450018089
30.4,9,1.0055767018828,0.999534672970451,1.01165525390372
30.6,9,1.00552077842928,0.99945311808333,1.01162527542261
30.8,9,1.00546383257636,0.999370121158059,1.01159470071774
31,9,1.00540660403925,0.9992870424092,1.01156364142248
31.2,9,1.00534983236601,0.999205217950302,1.01153223309991
31.4,9,1.00529425693811,0.999125907977815,1.0115006877143
31.6,9,1.00524061697659,0.999050240717036,1.01146935042447
31.8,9,1.00518965155354,0.998979151761004,1.01143876106841
32,9,1.00514209960904,0.99891331828977,1.01140972085167
32.2,9,1.00509869997357,0.998853087695302,1.01138336471432
32.4,9,1.00505997547217,0.998798137056276,1.0113610716909
32.6,9,1.00502541717533,0.998746520552911,1.01134378782043
32.8,9,1.00499420846982,0.99869580046917,1.01133233821891
33,9,1.00496553282972,0.998643567345981,1.01132751984755
33.2,9,1.00493857384619,0.998587543897331,1.01132999642928
33.4,9,1.00491251521023,0.998525674244017,1.01134020814307
33.6,9,1.00488654070204,0.998456196210326,1.011358298458
33.8,9,1.00485983418704,0.998377694156064,1.01138406063444
34,9,1.00483157961847,0.998289130328111,1.01141690590851
34.2,9,1.00480096104666,0.998189853825662,1.01145585426541
34.4,9,1.00476716263493,0.99807958772172,1.01149954725949
34.6,9,1.00472936868209,0.997958396333364,1.01154628088835
34.8,9,1.00468676365156,0.99782663576515,1.01159405539682
35,9,1.00463853220712,0.997684891446168,1.01164063829039
35.2,9,1.00458385925532,0.997533906371721,1.01168363684699
35.4,9,1.00452192999442,0.997374503214534,1.01172057696231
35.6,9,1.00445192996996,0.997207502550277,1.01174898608377
35.8,9,1.004373045137,0.997033638342562,1.01176647908761
36,9,1.00428446192885,0.996853470732589,1.0117708470539
36.2,9,1.00418536733249,0.996667295217589,1.01176014985476
36.4,9,1.00407494897042,0.996475046583432,1.01173281418999
36.6,9,1.00395239518924,0.996276195569334,1.01168773909148
36.8,9,1.0038168951546,0.996069636295874,1.0116244108645
37,9,1.00366763895287,0.99585356314643,1.01154302877471
37.2,9,1.0035038176991,0.995625337306044,1.01144464127586
37.4,9,1.00332462365167,0.995381345866443,1.01133128986811
37.6,9,1.00312925033326,0.995116860667928,1.01120615341474
37.8,9,1.00291689265833,0.99482591009546,1.01107367969831
38,9,1.00268691346936,0.994501266860279,1.01093993536759
38.2,9,1.00243958390745,0.994135268000786,1.0108132683044
38.4,9,1.00217548313553,0.993720752610597,1.01070214782111
38.6,9,1.0018951908286,0.993251518220838,1.01061408413806
38.8,9,1.00159928683125,0.992722691258303,1.01055525396452
39,9,1.00128835106672,0.99213097206152,1.01053025277366
39.2,9,1.00096296344922,0.991474722040412,1.01054200568535
39.4,9,1.00062370379961,0.990753889366702,1.01059184056865
39.6,9,1.00027115176431,0.9899697993594,1.01067969719818
39.8,9,0.999905886737617,0.989124855700085,1.01080442632785
40,9,0.999528487787253,0.988222203710088,1.01096412744776
0,10,1.01504661645161,1.00345859276149,1.02676845960772
0.2,10,1.01471841042916,1.00341128449175,1.0261529528098
0.4,10,1.01437527166793,1.00333224718737,1.02553983952559
0.6,10,1.01401870719885,1.00322763955969,1.02492584733862
0.8,10,1.01365022252938,1.00310213043034,1.02430923279273
1,10,1.01327132145618,1.00295906951651,1.02368960218934
1.2,10,1.01288350590013,1.00280067698594,1.02306771432198
1.4,10,1.01248827576363,1.00262824264491,1.02244527428684
1.6,10,1.01208712881005,1.00244232989847,1.02182472323043
1.8,10,1.01168156056543,1.00224298230782,1.02120902620973
2,10,1.01127306424224,1.00202993158035,1.02060145932865
2.2,10,1.01086313068526,1.00180280526686,1.02000539787529
2.4,10,1.0104532483394,1.001561330576,1.01942410904827
2.6,10,1.0100449032395,1.00130552802203,1.01886055555428
2.8,10,1.00963957902204,1.00103588580579,1.01831721917467
3,10,1.0092387569586,1.00075350377831,1.01779595544936
3.2,10,1.00884391601111,1.00046019541613,1.01729789104633
3.4,10,1.00845653290883,1.00015853798299,1.01682337363979
3.6,10,1.00807808224695,0.999851864867907,1.01637198030424
3.8,10,1.00771003660673,0.99954419914816,1.01594258537377
4,10,1.00735386669729,0.999240132365782,1.01553348377578
4.2,10,1.00701104035471,0.99894465405955,1.01514256197803
4.4,10,1.00668256859669,0.998662178200181,1.0147673718282
4.6,10,1.0063683172782,0.998394883516155,1.01440542889658
4.8,10,1.00606797604178,0.998143950286589,1.01405490873954
5,10,1.00578123546981,0.997909925019319,1.01371463321562
5.2,10,1.00550778704313,0.99769282314008,1.01338396584057
5.4,10,1.00524732310049,0.997492224269996,1.01306271468956
5.6,10,1.00499953679909,0.997307359856681,1.01275104308018
5.8,10,1.00476412207608,0.997137193810627,1.01244938738395
6,10,1.00454077361096,0.996980497169897,1.01215838094267
6.2,10,1.00432918678897,0.996835917827671,1.01187878305421
6.4,10,1.00412905766549,0.996702046123057,1.01161141222709
6.6,10,1.00394008293127,0.996577476701273,1.01135708329695
6.8,10,1.00376195987871,0.996460866565698,1.01111654848225
7,10,1.003594386369,0.996350988738711,1.01089044296166
7.2,10,1.00343706080023,0.996246780490399,1.01067923601396
7.4,10,1.00328968207641,0.996147384754256,1.01048318910087
7.6,10,1.00315194957739,0.996052183188805,1.01030232243381
7.8,10,1.00302356312976,0.995960819404081,1.01013639150533
8,10,1.0029042229786,0.995873211157368,1.00998487478078
8.2,10,1.00279362976013,0.995789550795662,1.00984697327262
8.4,10,1.00269148447537,0.995710293804449,1.00972162213769
8.6,10,1.00259748846455,0.995636135907551,1.00960751385259
8.8,10,1.00251134338255,0.995567979639673,1.00950313204572
9,10,1.00243275117515,0.995506891587951,1.00940679478944
9.2,10,1.00236141405626,0.995454051512006,1.00931670614306
9.4,10,1.00229703448592,0.995410694284886,1.0092310150043
9.6,10,1.00223931514932,0.995378045066021,1.00914788085802
9.8,10,1.00218795889389,0.995357247057571,1.00906554698929
10,10,1.00214262942201,0.995348996958895,1.00898263099002
10.2,10,1.00210287854981,0.995352917145535,1.00889861465185
10.4,10,1.002068238437,0.995368192611236,1.00881338376905
10.6,10,1.00203824139107,0.995393769195473,1.00872706689902
10.8,10,1.00201241984455,0.995428409741379,1.00863997822162
11,10,1.00199030633441,0.995470745426168,1.0085525653075
11.2,10,1.00197143348372,0.995519323517304,1.00846536054202
11.4,10,1.00195533398542,0.995572652556662,1.00837893520253
11.6,10,1.00194154058831,0.995629245658177,1.00829385550324
11.8,10,1.00192958608518,0.995687662245005,1.0082106402819
12,10,1.00191900330321,0.995746548172211,1.00812972038191
12.2,10,1.00190932509642,0.995804673807605,1.00805140015753
12.4,10,1.0019000843404,0.995860969311428,1.00797582186132
12.6,10,1.00189081392916,0.995914556105581,1.00790293392319
12.8,10,1.0018810467742,0.995964773395462,1.00783246425805
13,10,1.00187031580573,0.996011198633137,1.00776389971332
13.2,10,1.00185815397606,0.996053661001452,1.00769647257675
13.4,10,1.00184409426521,0.996092247339897,1.00762915472386
13.6,10,1.00182766968865,0.99612730038184,1.00756065953525
13.8,10,1.00180841330722,0.996159409664063,1.00748945122306
14,10,1.00178585823929,0.996189395929082,1.00741376074603
14.2,10,1.00175953767499,0.996218290200105,1.00733160713326
14.4,10,1.00172898489273,0.996247308919177,1.00724082282628
14.6,10,1.00169373327778,0.996277826579875,1.0071390816079
14.8,10,1.00165331634312,0.996311347162205,1.00702392781022
15,10,1.00160726775242,0.996349475413158,1.00689280575821
15.2,10,1.00155512134516,0.996393888641278,1.00674308878049
15.4,10,1.0014964112438,0.996446309155122,1.00657210781847
15.6,10,1.00143094547019,0.996508216847945,1.00637799226331
15.8,10,1.00135941778501,0.996580166296308,1.00616158889981
16,10,1.00128270066417,0.996662354167234,1.0059244662522
16.2,10,1.0012016664071,0.99675481189852,1.00566835981165
16.4,10,1.00111718709529,0.996857437305541,1.00539513955634
16.6,10,1.00103013455855,0.996970020419688,1.00510678332381
16.8,10,1.00094138034881,0.997092264806272,1.00480535478754
17,10,1.0008517957215,0.997223805372022,1.00449298502782
17.2,10,1.00076225162456,0.997364223482919,1.00417185687612
17.4,10,1.00067361869497,0.997513060066577,1.0038441913585
17.6,10,1.00058676726291,0.997669827263657,1.00351223567379
17.8,10,1.00050256736348,0.997834019114333,1.00317825222014
18,10,1.00042188875595,0.99800512171439,1.00284450823534
18.2,10,1.00034560095062,0.998182623247918,1.00251326564389
18.4,10,1.00027457324323,0.998366024297814,1.00218677070931
18.6,10,1.00020967475689,0.998554848850629,1.00186724307513
18.8,10,1.00015177449161,0.998748656448407,1.00155686374172
19,10,1.00010174138139,0.998947055997751,1.00125776146873
19.2,10,1.00006044435877,0.999149721825425,1.00097199701348
19.4,10,1.0000287524271,0.999356412669738,1.00070154451633
19.6,10,1.00000753474021,0.999566994413768,1.00044826922649
19.8,10,0.99999766068973,0.999781467490476,1.0002139006387
20,10,1,1,1
20.2,10,1.00001542283049,0.999807921089532,1.00022296763669
20.4,10,1.00004479988588,0.999638763237973,1.00045100145912
20.6,10,1.00008900253371,0.999493315850032,1.00068504423989
20.8,10,1.0001489029297,0.999371994384889,1.00092641544069
21,10,1.00022537414347,0.999274769038066,1.00117688355476
21.2,10,1.00031891895245,0.999200534031524,1.00143855565896
21.4,10,1.00042867360773,0.999145852099398,1.00171314215391
21.6,10,1.00055346005739,0.99910704433248,1.00200196977059
21.8,10,1.00069210037364,0.999080795701481,1.00230600373728
22,10,1.00084341658245,0.999064202556903,1.00262579917568
22.2,10,1.00100623050698,0.999054794423973,1.00296147829561
22.4,10,1.00117936362498,0.999050532093309,1.00331273138734
22.6,10,1.00136163694005,0.999049785887674,1.00367883773112
22.8,10,1.00155187086684,0.999051299472407,1.00405870105629
23,10,1.00174888513004,0.999054144988005,1.00445089377146
23.2,10,1.00195149867747,0.999057674706144,1.00485370476465
23.4,10,1.00215852960689,0.999061473238134,1.00526518674438
23.6,10,1.0023687951069,0.999065312975723,1.00568320044204
23.8,10,1.0025811114117,0.999069114218048,1.00610545422199
24,10,1.00279429376988,0.999072910484654,1.00652953859956
24.2,10,1.00300715642718,0.99907681886221,1.00695295581959
24.4,10,1.00321851262324,0.99908101484154,1.0073731450393
24.6,10,1.00342717460241,0.999085710904554,1.00778750385588
24.8,10,1.00363195363864,0.999091138050073,1.00819340699029
25,10,1.00383166007435,0.999097529447908,1.00858822293802
25.2,10,1.00402510337353,0.999105105441272,1.008969329367
25.4,10,1.00421109218878,0.999114059151271,1.00933412800901
25.6,10,1.00438843444267,0.999124541955992,1.0096800597724
25.8,10,1.00455593742305,0.999136648108935,1.01000462081127
26,10,1.00471240789265,0.999150397718888,1.01030538032919
26.2,10,1.00485665221275,0.999165717228787,1.01058000097996
26.4,10,1.00498747648106,0.999182416397677,1.01082626286107
26.6,10,1.00510368668371,0.999200160600269,1.01104209228539
26.8,10,1.00520441064445,0.999218383335655,1.01122629850539
27,10,1.00529012613682,0.999236141308543,1.01138078971477
27.2,10,1.0053616655527,0.999252391907853,1.01150829034604
27.4,10,1.00541986214731,0.999266097505144,1.01161152342118
27.6,10,1.0054655499236,0.999276254486928,1.01169318048316
27.8,10,1.00549956352493,0.999281920910611,1.01175589299915
28,10,1.00552273813455,0.99928224328138,1.01180220473598
28.2,10,1.00553590938209,0.999276482466352,1.0118345450914
28.4,10,1.00553991325687,0.999264038371985,1.0118552037557
28.6,10,1.00553558602821,0.999244472701692,1.01186630738657
28.8,10,1.00552376417268,0.999217528890038,1.01186979920092
29,10,1.00550528430825,0.999183148191683,1.01186742250566
29.2,10,1.00548098313542,0.999141480899242,1.01186070919312
29.4,10,1.00545169738535,0.999092891776613,1.01185097411455
29.6,10,1.00541826377487,0.999037959010175,1.01183931602921
29.8,10,1.0053815189685,0.99897746627029,1.01182662553664
30,10,1.00534229954744,0.998912387797313,1.01181360007762
30.2,10,1.00530144198547,0.99884386673095,1.01180076578503
30.4,10,1.00525978263187,0.998773187143301,1.01178850572416
30.6,10,1.00521815770127,0.998701740379523,1.0117770939183
30.8,10,1.00517740327045,0.998630986337831,1.01176673452802
31,10,1.00513835528209,0.998562410233693,1.01175760563903
31.2,10,1.00510184955551,0.998497475209645,1.01174990729726
31.4,10,1.00506872180434,0.998437570903943,1.01174391367789
31.6,10,1.0050398076611,0.998383957819688,1.01174002954671
31.8,10,1.00501594270881,0.998337707091038,1.01173885141731
32,10,1.00499796251948,0.998299635084314,1.01174123396629
32.2,10,1.00498670269956,0.998270232274317,1.0117483622665
32.4,10,1.00498272208458,0.998249252094167,1.01176161121056
32.6,10,1.00498525671006,0.998234489210371,1.01178167767327
32.8,10,1.00499314803641,0.998223142113088,1.01180906852358
33,10,1.00500523751819,0.998212431312001,1.01184426857061
33.2,10,1.00502036661783,0.998199701620804,1.01188763698943
33.4,10,1.00503737676392,0.998182510440031,1.011939317838
33.6,10,1.00505510932285,0.998158700089399,1.01199916675124
33.8,10,1.00507240558378,0.998126451858679,1.01206669614342
34,10,1.005088106757,0.998084319796468,1.01214104089961
34.2,10,1.00510105398567,0.998031243169956,1.01222094562332
34.4,10,1.00511008837084,0.997966537796372,1.01230477323977
34.6,10,1.00511405100992,0.997889867780563,1.0123905334208
34.8,10,1.00511178304846,0.997801200302629,1.01247592818735
35,10,1.00510212574532,0.997700746767317,1.0125584113784
35.2,10,1.00508392055114,0.997588893755877,1.01263525854535
35.4,10,1.00505600920025,0.997466126839744,1.0127036442129
35.6,10,1.00501723381584,0.99733294954567,1.01276072421649
35.8,10,1.0049664370285,0.99718979877039,1.01280372181816
36,10,1.00490246210805,0.997036956895804,1.01283001734946
36.2,10,1.00482415310873,0.996874459892182,1.01283724209353
36.4,10,1.00473035502753,0.996701999926377,1.01282337788859
36.6,10,1.00461991397591,0.996518820509463,1.01278686441767
36.8,10,1.00449167736465,0.996323602134098,1.01272671623315
37,10,1.00434449410183,0.996114336827139,1.01264265108928
37.2,10,1.00417721480405,0.9958881913208,1.01253522987783
37.4,10,1.00398869202059,0.99564136096488,1.01240600604253
37.6,10,1.00377778047066,0.995368920462879,1.01225767838727
37.8,10,1.00354333729358,0.995064683340992,1.01209423536664
38,10,1.00328447405505,0.994721239955388,1.01192142627321
38.2,10,1.00300167680195,0.994331037382569,1.01174792483165
38.4,10,1.00269589775796,0.993887009753089,1.01158285953492
38.6,10,1.00236809000836,0.993382895927439,1.0114345555839
38.8,10,1.00201920691293,0.992813625276291,1.01131014468401
39,10,1.0016502019033,0.992175598850131,1.01121528098019
39.2,10,1.00126202828917,0.991466827193757,1.01115400111901
39.4,10,1.00085563907353,0.990686910488295,1.01112874275441
39.6,10,1.0004319867768,0.989836875982083,1.01114050653362
39.8,10,0.999992023269946,0.988918911118642,1.01118912315304
40,10,0.999536699616583,0.987936041254647,1.01127357658864
0,11,1.01334144566462,1.00205035947146,1.02475975962255
0.2,11,1.01300061052527,1.00204131702238,1.02407976546705
0.4,11,1.01265028580298,1.0019940357391,1.02341986554885
0.6,11,1.01229159147837,1.0019159053682,1.02277472658868
0.8,11,1.01192564618581,1.00181277092813,1.02214060663241
1,11,1.01155356712742,1.00168904714111,1.02151523178637
1.2,11,1.01117646999948,1.00154787628707,1.02089763024722
1.4,11,1.01079546893105,1.00139131460536,1.02028793850104
1.6,11,1.01041167643501,1.00122053679942,1.01968719013674
1.8,11,1.01002620337119,1.00103605179137,1.01909709412646
2,11,1.00964015892189,1.00083792498199,1.01851980731663
2.2,11,1.00925465057952,1.0006260026899,1.01795770545456
2.4,11,1.00887078414632,1.00040013332367,1.01741315819548
2.6,11,1.00848966374641,1.00016037765931,1.0168883157155
2.8,11,1.00811239184974,0.999907198139467,1.01638491701233
3,11,1.00774006930821,0.999641615362947,1.01590413172285
3.2,11,1.00737379540381,0.999365319840205,1.01544644737977
3.4,11,1.00701466790874,0.999080729207443,1.0150116119123
3.6,11,1.00666378315756,0.998790985277103,1.01459863701106
3.8,11,1.0063222361312,0.99849989063051,1.01420586264924
4,11,1.00599112055301,0.998211789477252,1.01383107803353
4.2,11,1.00567152819949,0.997931399210176,1.01347169097151
4.4,11,1.00536423803219,0.997662956241798,1.01312496849796
4.6,11,1.00506924477339,0.99740873590217,1.01278858950002
4.8,11,1.0047864223972,0.997170041823957,1.01246097685313
5,11,1.00451564545243,0.996947530722928,1.01214121191214
5.2,11,1.00425678904813,0.996741319694358,1.01182892534094
5.4,11,1.00400972883921,0.996551084677005,1.01152419690608
5.6,11,1.00377434101237,0.996376150219183,1.01122746409895
5.8,11,1.00355050227207,0.996215571555445,1.0109394385776
6,11,1.00333808982679,0.996068210330583,1.01066102909073
6.2,11,1.00313698137539,0.995932805263508,1.0103932695908
6.4,11,1.00294705509368,0.995808038747958,1.01013725153879
6.6,11,1.00276818962115,0.995692599926847,1.00989405986341
6.8,11,1.00260026404783,0.995585244222852,1.00966471259167
7,11,1.00244315790139,0.995484848728463,1.00945010474732
7.2,11,1.00229675113437,0.995390462328741,1.00925095764352
7.4,11,1.0021609241115,0.995301349028081,1.00906777509822
7.6,11,1.00203555759735,0.995217022751109,1.00890080830192
7.8,11,1.00192053274394,0.995137271937847,1.00875003101742
8,11,1.00181573107867,0.99506217256491,1.00861512647968
8.2,11,1.00172103449234,0.994992088757773,1.00849548683064
8.4,11,1.00163632522729,0.994927660824586,1.00839022525852
8.6,11,1.00156148586578,0.994869781216634,1.00829820033626
8.8,11,1.00149639931842,0.994819559474231,1.00821805150057
9,11,1.00144094881289,0.994778277540622,1.00814824428884
9.2,11,1.00139501788264,0.9947473368531,1.00808712392488
9.4,11,1.00135849035589,0.994728198331885,1.00803297613292
9.6,11,1.0013312503447,0.994722315806545,1.00798409464041
9.8,11,1.00131318208325,0.994731062178807,1.00793885577231
10,11,1.00130403109817,0.994755258798375,1.00789591593067
10.2,11,1.00130314720486,0.994794350394881,1.00785453013919
10.4,11,1.00130981037973,0.99484728542299,1.00781431587905
10.6,11,1.00132330076207,0.994912767892541,1.00777513869169
10.8,11,1.00134289860231,0.994989314280088,1.00773705424842
11,11,1.00136788421561,0.995075305374084,1.00770025557159
11.2,11,1.00139753794048,0.99516903439511,1.00766502406576
11.4,11,1.00143114010265,0.995268752470837,1.00763168327911
11.6,11,1.00146797098411,0.995372712215142,1.00760055464556
11.8,11,1.00150731079732,0.995479209785502,1.00757191483345
12,11,1.00154843966453,0.995586625394479,1.00754595472494
12.2,11,1.00159063760242,0.995693461857591,1.00752274044389
12.4,11,1.00163318451175,0.995798380406899,1.00750217720297
12.6,11,1.00167536017228,0.995900232730213,1.00748397701005
12.8,11,1.00171644424289,0.995998088053151,1.00746763141686
13,11,1.00175571626679,0.996091254099482,1.00745239047443
13.2,11,1.00179245568199,0.99617929095821,1.00743724886713
13.4,11,1.00182594183689,0.996262017239115,1.00742093984346
13.6,11,1.00185545401113,0.996339508367128,1.00740193709352
13.8,11,1.00188027144157,0.99641208738103,1.00737846420765
14,11,1.00189967335344,0.996480309084084,1.00734851086859
14.2,11,1.00191293899671,0.996544938770609,1.00730985455347
14.4,11,1.00191934768764,0.996606926971702,1.00726008630214
14.6,11,1.00191817885551,0.99666738170374,1.00719663906844
14.8,11,1.0019087120945,0.996727539571787,1.00711681730207
15,11,1.00189022722077,0.996788736803827,1.0070178266852
15.2,11,1.0018620043347,0.996852380903663,1.00689680333577
15.4,11,1.00182332399348,0.996919923088275,1.00675084252326
15.6,11,1.00177382767588,0.996992664274108,1.00657791955476
15.8,11,1.00171432381642,0.997071281667117,1.00637898712843
16,11,1.00164585650244,0.997156156159478,1.00615577174258
16.2,11,1.00156946979662,0.997247504203968,1.0059101663327
16.4,11,1.00148620764913,0.997345409429404,1.00564419771607
16.6,11,1.00139711382056,0.997449848441158,1.00535999993919
16.8,11,1.00130323181575,0.997560712071495,1.00505979226335
17,11,1.00120560482849,0.997677823100885,1.00474586076734
17.2,11,1.00110527569714,0.997800951277858,1.00442054273966
17.4,11,1.00100328687103,0.997929826315451,1.00408621318215
17.6,11,1.00090068038775,0.998064149430477,1.00374527285879
17.8,11,1.00079849786135,0.998203603912053,1.00340013740302
18,11,1.00069778048127,0.998347865153445,1.00305322704951
18.2,11,1.00059956902222,0.998496610553173,1.00270695658424
18.4,11,1.00050490386478,0.998649529685374,1.00236372511269
18.6,11,1.00041482502693,0.998806335154848,1.00202590523067
18.8,11,1.00033037220632,0.998966774588778,1.00169583114548
19,11,1.00025258483333,0.99913064427559,1.00137578523695
19.2,11,1.00018250213506,0.999297805041918,1.00106798246713
19.4,11,1.00012116320994,0.999468201060729,1.00077455194557
19.6,11,1.00006960711331,0.999641882403453,1.00049751483713
19.8,11,1.00002887295371,0.999819032276838,1.00023875767166
20,11,1,1,1
20.2,11,0.999984027799317,0.999782755279394,1.00018534083867
20.4,11,0.999981996305833,0.999588283933677,1.00037586375127
20.6,11,0.999994946020375,0.999417537834558,1.00057268780071
20.8,11,1.00002391814091,0.999271096159349,1.0007773072768
21,11,1.00006995471648,0.999149093909226,1.00099166423052
21.2,11,1.00013371743058,0.999050584758073,1.00121802439437
21.4,11,1.00021446454187,0.998972267713101,1.00145820601108
21.6,11,1.00031113172777,0.998910594108078,1.00171363299229
21.8,11,1.00042265504801,0.998862379313464,1.00198536801558
22,11,1.00054797078067,0.998824850899207,1.00227406329754
22.2,11,1.00068601526942,0.998795670520481,1.00257993773038
22.4,11,1.00083572478232,0.998772931541593,1.00290277836673
22.6,11,1.00099603538176,0.998755136444123,1.00324196220649
22.8,11,1.00116588280589,0.998741159619379,1.00359649268534
23,11,1.00134420236127,0.998730201540943,1.00396504486945
23.2,11,1.00152992882692,0.998721739668709,1.00434601400466
23.4,11,1.00172199636969,0.998715480182109,1.00473756332275
23.6,11,1.00191933847094,0.998711313222785,1.00513766842463
23.8,11,1.00212088786465,0.998709273057618,1.00554415682962
24,11,1.0023255764868,0.998709503600432,1.00595474225261
24.2,11,1.00253233543622,0.998712229077466,1.00636705382451
24.4,11,1.00274009494674,0.998717729239633,1.00677866085278
24.6,11,1.00294778437087,0.99872631834016,1.00718709390396
24.8,11,1.00315433217475,0.99873832703794,1.00758986304801
25,11,1.00335866594468,0.998754086397342,1.00798447409383
25.2,11,1.00355971240505,0.998773913193222,1.0083684436076
25.4,11,1.00375639744772,0.998798095768004,1.00873931346707
25.6,11,1.00394764617292,0.998826879708602,1.0090946656844
25.8,11,1.00413238294165,0.998860452603237,1.00943213823741
26,11,1.0043095314396,0.998898927094015,1.00974944269361
26.2,11,1.00447801475259,0.998942321353398,1.01004438449891
26.4,11,1.00463675545353,0.99899053597467,1.01031488694082
26.6,11,1.00478467570097,0.999043326070727,1.01055901999192
26.8,11,1.0049209595342,0.999100158161543,1.01077567315113
27,11,1.00504589062629,0.999159889358378,1.01096656603524
27.2,11,1.00516004145375,0.999221217666357,1.0111341623579
27.4,11,1.00526398511573,0.999282847360137,1.01128092255401
27.6,11,1.00535829527291,0.999343518196272,1.01140927365833
27.8,11,1.00544354609077,0.99940203339005,1.01152158050596
28,11,1.00552031218605,0.999457286825473,1.01162011778427
28.2,11,1.00558916857655,0.999508289475101,1.01170704295962
28.4,11,1.00565069063416,0.999554194605239,1.01178437050367
28.6,11,1.00570545404119,0.999594321023969,1.01185394816177
28.8,11,1.00575403474997,0.99962817340466,1.01191743623093
29,11,1.0057970089458,0.999655458602088,1.01197629093026
29.2,11,1.00583495301312,0.999676096885199,1.01203175293997
29.4,11,1.00586844350502,0.999690227141639,1.01208484205364
29.6,11,1.00589805711605,0.999698205349222,1.01213635864875
29.8,11,1.00592437065834,0.99970059592534,1.01218689236427
30,11,1.00594796104099,0.999698155909638,1.01223683803014
30.2,11,1.00596940525284,0.999691812254903,1.01228641857348
30.4,11,1.00598928034844,0.999682632747082,1.01233571438068
30.6,11,1.00600816343746,0.999671791211933,1.01238469845775
30.8,11,1.00602663167729,0.999660527676363,1.01243327672093
31,11,1.00604526226903,0.999650104040947,1.01248133286095
31.2,11,1.00606463245678,0.999641755608017,1.01252877743663
31.4,11,1.00608531953018,0.999636638532306,1.01257560113072
31.6,11,1.00610790083035,0.999635772963113,1.01262193239918
31.8,11,1.0061329537591,0.999639981380944,1.01266810001094
32,11,1.00616105579143,0.999649821461074,1.01271470114573
32.2,11,1.00619278449142,0.999665512802047,1.01276267571218
32.4,11,1.00622848148021,0.999686556903033,1.01281321625313
32.6,11,1.00626736048106,0.999710647879105,1.01286707600614
32.8,11,1.00630829858,0.999734938073811,1.01292487961064
33,11,1.00635017264012,0.999756615816138,1.01298721503939
33.2,11,1.00639185934349,0.999773012747356,1.01305452501626
33.4,11,1.00643223518698,0.999781696272901,1.01312701342651
33.6,11,1.00647017649061,0.999780544820802,1.01320456915533
33.8,11,1.0065045594185,0.999767803227032,1.01328671003439
34,11,1.00653426001227,0.999742116033256,1.01337254911119
34.2,11,1.00655815423707,0.999702537585353,1.01346078435321
34.4,11,1.00657511804016,0.999648519302545,1.01354971141704
34.6,11,1.00658402742197,0.999579876001187,1.01363725759903
34.8,11,1.00658375851976,0.999496734366256,1.01372103387431
35,11,1.00657318770384,0.999399467327812,1.01379840126725
35.2,11,1.00655119168628,0.999288618129295,1.01386654776647
35.4,11,1.00651664764215,0.999164817326687,1.01392257254547
35.6,11,1.00646843334329,0.999028694991964,1.01396357521508
35.8,11,1.00640542730455,0.998880789210605,1.01398674901786
36,11,1.0063265089425,0.998721450750413,1.0139894780867
36.2,11,1.0062305587466,0.998550742689486,1.01396943997902
36.4,11,1.00611645846271,0.998368332943812,1.01392471554535
36.6,11,1.00598309128907,0.998173377141644,1.01385390868415
36.8,11,1.0058293420845,0.997964389300142,1.01375627852576
37,11,1.00565409758894,0.997739098501989,1.01363188584657
37.2,11,1.00545624665615,0.997494291605643,1.01348175367759
37.4,11,1.00523468049862,0.997225645453842,1.01330803864083
37.6,11,1.00498829294452,0.99692755764413,1.01311420394707
37.8,11,1.00471598070662,0.996592993095486,1.01290517681829
38,11,1.00441690440697,0.996213537680636,1.01268782213829
38.2,11,1.00409164858052,0.995780599700696,1.01247206367767
38.4,11,1.00374128066318,0.995286134030259,1.01226825538868
38.6,11,1.00336686896182,0.994723046016558,1.01208580394497
38.8,11,1.00296948200699,0.994085666047114,1.0119326897021
39,11,1.0025501883056,0.99337008629101,1.01181512705342
39.2,11,1.00211005610498,0.992574306065,1.01173741694757
39.4,11,1.00165015316796,0.991698171322361,1.0117020060686
39.6,11,1.00117154655933,0.990743137445593,1.01170972349536
39.8,11,1.00067530244349,0.989711915454377,1.01176013472633
40,11,1.00016248589333,0.988608070722523,1.01185194397335
0,12,1.01081745080169,0.998921386496509,1.02285518425909
0.2,12,1.01047646979851,0.999032625396547,1.02205140258674
0.4,12,1.01013416186913,0.999102065320119,1.02128807495571
0.6,12,1.00979120000856,0.999137097340804,1.02055891061256
0.8,12,1.00944825630197,0.999143756903305,1.01985902940462
1,12,1.00910600192266,0.99912675965417,1.01918491650528
1.2,12,1.00876510713433,0.999089592172382,1.01853432299209
1.4,12,1.00842624129797,0.999034646527778,1.01790612334892
1.6,12,1.00809007288303,0.998963389109402,1.01730013944887
1.8,12,1.00775726948318,0.998876556017793,1.0167169387226
2,12,1.00742849783638,0.998774368542486,1.01615761298913
2.2,12,1.00710442384943,0.998656762228869,1.01562354444324
2.4,12,1.00678571262692,0.998523621581142,1.01511616675091
2.6,12,1.00647302850452,0.998375009847424,1.01463673180468
2.8,12,1.00616703508676,0.998211380399207,1.01418609562477
3,12,1.0058683952891,0.998033754150388,1.01376453895868
3.2,12,1.00557777138442,0.997843847507705,1.01337163808554
3.4,12,1.00529582505388,0.997644138277519,1.01300619839821
3.6,12,1.00502321744213,0.997437862590781,1.01266625769963
3.8,12,1.00476060921685,0.997228942972352,1.01234915908554
4,12,1.00450866063276,0.997021854180441,1.0120516867864
4.2,12,1.00426803103165,0.996821436050321,1.01177025460884
4.4,12,1.004039157248,0.996632077867224,1.01150128685861
4.6,12,1.0038219174576,0.996456286002097,1.01124199437901
4.8,12,1.00361610394482,0.99629551815911,1.01099047997174
5,12,1.00342150955298,0.996150495535109,1.0107455955164
5.2,12,1.00323792766147,0.996021323409179,1.0105068193254
5.4,12,1.00306515216314,0.995907601607822,1.01027414376566
5.6,12,1.00290297744225,0.99580852486414,1.01004797312792
5.8,12,1.00275119835283,0.995722974309706,1.00982903050432
6,12,1.00260961019748,0.995649601833882,1.00961827193906
6.2,12,1.00247800870654,0.995586909046459,1.00941680611566
6.4,12,1.00235619001785,0.995533322240856,1.00922581818314
6.6,12,1.00224395065676,0.995487264181831,1.00904649689682
6.8,12,1.00214108751668,0.995447222817111,1.00887996497392
7,12,1.00204739784002,0.995411816221278,1.00872721335543
7.2,12,1.00196267919957,0.995379852322896,1.00858904082289
7.4,12,1.00188672948027,0.995350381358392,1.00846600102648
7.6,12,1.00181934686144,0.99532273865602,1.00835835932081
7.8,12,1.00176032979937,0.995296575371639,1.00826606178669
8,12,1.0017094770104,0.995271875208309,1.00818871840666
8.2,12,1.00166658745436,0.99524895590636,1.00812560160762
8.4,12,1.0016314603184,0.995228455259427,1.00807566041513
8.6,12,1.00160389500134,0.995211302406686,1.00803754946897
8.8,12,1.00158369109828,0.995198675971147,1.00800967133034
9,12,1.00157064838576,0.995191951093543,1.00799023003109
9.2,12,1.0015645668072,0.995192637458322,1.00797729376862
9.4,12,1.00156524645884,0.995202310011165,1.00796886504706
9.6,12,1.00157248757606,0.995222533280677,1.00796295735236
9.8,12,1.00158609041454,0.995254778734362,1.00795767872382
10,12,1.00160575816938,0.995299964089685,1.00795150305828
10.2,12,1.00163091724529,0.995357651444777,1.00794372045605
10.4,12,1.00166094509701,0.99542688049477,1.00793405180492
10.6,12,1.00169521918197,0.995506418121564,1.00792249438765
10.8,12,1.00173311693204,0.995594822136714,1.00790925710598
11,12,1.00177401572902,0.99569049895191,1.0078947018639
11.2,12,1.00181729288408,0.99579175684907,1.00787928943833
11.4,12,1.00186232562098,0.995896856193568,1.00786352849334
11.6,12,1.00190849106327,0.996004057523821,1.00784792680493
11.8,12,1.0019551662253,0.996111667986801,1.00783294422656
12,12,1.00200172800709,0.996218086098857,1.00781894741626
12.2,12,1.00204755319312,0.996321844328666,1.00780616682844
12.4,12,1.00209201845497,0.996421648570067,1.00779465690276
12.6,12,1.00213450035782,0.996516413251893,1.00778426070296
12.8,12,1.0021743753709,0.996605290674828,1.00777458041586
13,12,1.00221101988169,0.996687693213587,1.00776495507209
13.2,12,1.00224381021415,0.996763307289643,1.00775444658366
13.4,12,1.00227212265072,0.996832098480416,1.00774183473237
13.6,12,1.00229533345823,0.996894307720793,1.00772562115331
13.8,12,1.00231281891773,0.996950439179158,1.00770404173148
14,12,1.00232395535816,0.997001240951372,1.00767508626785
14.2,12,1.00232811919387,0.997047680125731,1.00763652386216
14.4,12,1.0023246869661,0.997090913976045,1.00758593225515
14.6,12,1.00231303538826,0.997132259025462,1.00752072938759
14.8,12,1.00229254139512,0.997173159513291,1.00743820564385
15,12,1.00226258219582,0.997215156435524,1.00733555560914
15.2,12,1.00222253533083,0.99725985786515,1.00720990863423
15.4,12,1.00217177883123,0.997308910663727,1.00705835829477
15.6,12,1.00211002920626,0.997363757566438,1.00687888748441
15.8,12,1.00203809718897,0.997425053737094,1.00667247574749
16,12,1.00195701444558,0.99749311966885,1.00644088565741
16.2,12,1.00186781257958,0.997568106867236,1.00618605083029
16.4,12,1.00177152304301,0.997650031047839,1.00591004174668
16.6,12,1.00166917705821,0.997738799006505,1.00561503799146
16.8,12,1.00156180555026,0.997834230580333,1.00530330549362
17,12,1.00145043908996,0.997936076829196,1.00497717763652
17.2,12,1.00133610784751,0.998044035342039,1.00463903933414
17.4,12,1.0012198415567,0.998157763400465,1.00429131334085
17.6,12,1.00110266948973,0.998276889605132,1.00393644818913
17.8,12,1.00098562044264,0.998401024480638,1.0035769072394
18,12,1.00086972273122,0.998529770516099,1.00321515838462
18.2,12,1.00075600419765,0.998662732067535,1.00285366398344
18.4,12,1.00064549222752,0.998799525542088,1.0024948706016
18.6,12,1.00053921377754,0.99893979030205,1.00214119812354
18.8,12,1.0004381954137,0.999083200769038,1.00179502775365
19,12,1.00034346336005,0.999229480276414,1.00145868835891
19.2,12,1.00025604355791,0.999378417312788,1.00113444050991
19.4,12,1.00017696173572,0.999529884921522,1.00082445745525
19.6,12,1.00010724348932,0.99968386416842,1.00053080211696
19.8,12,1.00004791437284,0.999840472753335,1.00025539903123
20,12,1,1,1
20.2,12,0.999964526156112,0.999766142109754,1.00016294956791
20.4,12,0.999942518920463,0.99955509679437,1.00033009120927
20.6,12,0.99993500479935,0.99936780890837,1.00050252260502
20.8,12,0.99994301086965,0.999204825548127,1.00068174154239
21,12,0.99996756492646,0.999066215894912,1.00086972714743
21.2,12,1.00000935935314,0.998950958097835,1.00106888199805
21.4,12,1.00006784909696,0.998855767847635,1.00128140117021
21.6,12,1.00014220483073,0.998777145029786,1.00150913030138
21.8,12,1.000231597762,0.998711972958312,1.00175353480346
22,12,1.00033519950475,0.998657576885175,1.0020156403252
22.2,12,1.00045218195797,0.998611752484953,1.00229600332042
22.4,12,1.00058171719119,0.998572765753692,1.00259471028295
22.6,12,1.00072297733684,0.998539328749936,1.00291140122003
22.8,12,1.00087513448955,0.998510557844868,1.00324531069716
23,12,1.00103736061227,0.998485921794999,1.00359531914094
23.2,12,1.00120882744933,0.998465186179501,1.00396000785776
23.4,12,1.00138870644628,0.998448359153266,1.00433771281727
23.6,12,1.00157616867663,0.998435641669745,1.0047265740467
23.8,12,1.00177038477554,0.998427383744137,1.00512457906554
24,12,1.00197052488023,0.998424047145933,1.00552959997169
24.2,12,1.0021757585774,0.99842617414655,1.00593942455356
24.4,12,1.00238525485747,0.998434361527903,1.00635178222238
24.6,12,1.00259818207568,0.998449238878731,1.00676436573813
24.8,12,1.0028137079202,0.998471450173038,1.00717484973494
25,12,1.00303099938699,0.99850163766666,1.00758090701012
25.2,12,1.00324922276173,0.998540427214325,1.00798022347469
25.4,12,1.00346754360854,0.998588414169208,1.00837051260353
25.6,12,1.00368512676575,0.998646149061095,1.00874953018935
25.8,12,1.00390113634854,0.998714122246011,1.00911509020761
26,12,1.00411473575856,0.998792746671161,1.00946508264886
26.2,12,1.00432508770053,0.998882337796559,1.00979749427717
26.4,12,1.0045313542058,0.99898308955011,1.01011043343784
26.6,12,1.0047326966629,0.99909504495588,1.01040216027503
26.8,12,1.00492842662335,0.999217817190893,1.01067167264367
27,12,1.00511848760268,0.99934984153962,1.01092043259271
27.2,12,1.00530298896135,0.999489242007416,1.0111505528412
27.4,12,1.00548204023664,0.999634144475881,1.01136414639828
27.6,12,1.00565575113587,0.999782706727489,1.01156329569152
27.8,12,1.00582423153052,0.99993314774701,1.01175002250242
28,12,1.00598759145031,1.00008377683101,1.01192625817688
28.2,12,1.00614594107754,1.00023302249036,1.01209381412576
28.4,12,1.0062993907414,1.00037946066422,1.01225435309732
28.6,12,1.00644805091255,1.00052184137242,1.01240936209471
28.8,12,1.00659203219772,1.00065911263489,1.01256012810992
29,12,1.00673144533445,1.00079044030966,1.01270771802295
29.2,12,1.00686640118595,1.00091522247105,1.01285296404458
29.4,12,1.00699701073613,1.00103309707973,1.01299645595107
29.6,12,1.00712338508466,1.00114394197529,1.01313854108046
29.8,12,1.00724563544223,1.00124786661266,1.01327933266889
30,12,1.0073638731259,1.00134519540684,1.01341872666291
30.2,12,1.00747820955456,1.00143644297317,1.01355642672018
30.4,12,1.00758875624452,1.00152228188579,1.01369197677638
30.6,12,1.00769562480528,1.00160350377044,1.01382480036176
30.8,12,1.00779892693529,1.00168097457617,1.01395424582328
31,12,1.00789877441798,1.00175558473441,1.01407963674351
31.2,12,1.00799527911781,1.00182819464325,1.01420032711857
31.4,12,1.00808855297651,1.00189957555564,1.01431576121657
31.6,12,1.00817870800939,1.00197034556203,1.01442553842583
31.8,12,1.0082658563018,1.00204090001051,1.01452948374996
32,12,1.00835011000574,1.00211133548348,1.01462772483062
32.2,12,1.00843158133651,1.00218136645729,1.01472077637177
32.4,12,1.00851024725055,1.00225002704461,1.01480956983211
32.6,12,1.00858543806351,1.0023149405418,1.01489516391314
32.8,12,1.00865629097865,1.00237331129594,1.01497865302843
33,12,1.00872194297266,1.00242239221746,1.01506108216885
33.2,12,1.00878153087011,1.00245960873769,1.01514332164073
33.4,12,1.0088341913916,1.00248266568111,1.01522595907357
33.6,12,1.00887906120929,1.00248963364891,1.01530921216788
33.8,12,1.00891527700989,1.00247901116312,1.01539286593435
34,12,1.00894197556494,1.00244975958627,1.01547623740965
34.2,12,1.00895829380848,1.00240130947839,1.0155581691874
34.4,12,1.00896336892219,1.0023335391742,1.01563705098159
34.6,12,1.00895633842776,1.00224672843492,1.01571086636842
34.8,12,1.00893634028666,1.00214149156281,1.01577726031838
35,12,1.00890251300734,1.00201869505731,1.01583362243987
35.2,12,1.00885399575962,1.00187936467228,1.01587718107465
35.4,12,1.00878992849646,1.00172458575596,1.0159051043635
35.6,12,1.00870945208306,1.00155539929327,1.01591460586172
35.8,12,1.00861170843314,1.00137269442639,1.01590305392855
36,12,1.00849584065255,1.00117709665914,1.01586808568371
36.2,12,1.00836099318999,1.00096884964496,1.01580772763084
36.4,12,1.00820631199503,1.00074768756242,1.01572052594248
36.6,12,1.0080309446832,1.00051269475473,1.01560568972889
36.8,12,1.00783404070817,1.00026214978937,1.01546325013301
37,12,1.00761475154105,0.999993352772912,1.01529423641447
37.2,12,1.00737223085665,0.999702438224795,1.01510086671701
37.4,12,1.00710563472672,0.999384181820969,1.01488674520567
37.6,12,1.0068141218201,0.99903181853678,1.01465704804183
37.8,12,1.00649685360966,0.99863690214178,1.01441866824017
38,12,1.00615321659545,0.998189392992519,1.01418057772626
38.2,12,1.00578380986643,0.997678953905079,1.01395450733912
38.4,12,1.00538964366019,0.99709607208755,1.01375219888581
38.6,12,1.00497172888319,0.996432696049374,1.01358393784021
38.8,12,1.00453107653925,0.995682806386135,1.01345797804383
39,12,1.00406869749907,0.994842744195431,1.01338021026913
39.2,12,1.00358560227985,0.993911245131835,1.01335412597108
39.4,12,1.00308280083477,0.992889200622628,1.01338105470335
39.6,12,1.00256130235269,0.991779228158549,1.0134605932828
39.8,12,1.00202211506768,0.990585156574127,1.01359112078475
40,12,1.00146624607875,0.989311519520151,1.01377030616354
0,13,1.00783225970584,0.993079980006771,1.02280368565768
0.2,13,1.00749405982726,0.993348800095054,1.02184074767099
0.4,13,1.00716424393148,0.993582331760176,1.02093181594427
0.6,13,1.00684303036235,0.99378637554461,1.02007122731352
0.8,13,1.00653063739126,0.993965589791574,1.01925452391134
1,13,1.00622728323637,0.994123526873092,1.01847840651547
1.2,13,1.00593318608232,0.994262707911483,1.01774065024253
1.4,13,1.00564856410048,0.994384731584998,1.01703998699311
1.6,13,1.00537363546959,0.994490413169081,1.01637595849353
1.8,13,1.00510861839701,0.994579950471864,1.01574874327262
2,13,1.0048537311403,0.994653113232876,1.01515896100168
2.2,13,1.00460919202943,0.994709451442895,1.01460745873688
2.4,13,1.00437521948942,0.994748515724346,1.01409508592216
2.6,13,1.00415203206343,0.994770079577707,1.01362246834481
2.8,13,1.00393984843643,0.994774349624003,1.01318979491129
3,13,1.00373888745928,0.994762147079982,1.01279663400479
3.2,13,1.00354936817337,0.994735042895004,1.01244179699364
3.4,13,1.00337150983572,0.99469543123499,1.01212326420365
3.6,13,1.0032055319446,0.994646531409591,1.0118381832569
3.8,13,1.00305165426563,0.994592315811421,1.01158294220703
4,13,1.00291009685841,0.994537368928867,1.01135331240881
4.2,13,1.00278107963065,0.994486686500739,1.01114465111994
4.4,13,1.00266463780703,0.994444884288385,1.01095233309798
4.6,13,1.0025603418806,0.994414774220236,1.01077263247614
4.8,13,1.00246769102346,0.99439804291294,1.01060282520476
5,13,1.002386185009,0.994395537746996,1.01044104257891
5.2,13,1.00231532415528,0.994407389002536,1.01028614644973
5.4,13,1.00225460927087,0.994433125596604,1.01013761101537
5.6,13,1.00220354160314,0.994471782953412,1.00999541265912
5.8,13,1.00216162278916,0.994522003324626,1.00985992751694
6,13,1.002128354809,0.994582129826617,1.0097318355069
6.2,13,1.00210323994156,0.994650295786847,1.00961202922778
6.4,13,1.00208578072288,0.994724510848612,1.00950152627717
6.6,13,1.00207547990693,0.994802744783116,1.00940138403983
6.8,13,1.00207184042885,0.994883009190257,1.0093126167646
7,13,1.0020743653707,0.994963436330194,1.00923611568763
7.2,13,1.00208255792967,0.995042353339498,1.00917257394798
7.4,13,1.00209592138872,0.995118349205534,1.00912241892194
7.6,13,1.00211395908972,0.995190331277491,1.00908575519757
7.8,13,1.00213617440907,0.995257567943046,1.00906232156049
8,13,1.00216207073576,0.995319714490517,1.00905146497122
8.2,13,1.00219115145185,0.995376820090544,1.00905213360005
8.4,13,1.00222291991551,0.995429315121927,1.00906288969493
8.6,13,1.00225687944642,0.995477979480287,1.00908194164387
8.8,13,1.00229253331372,0.995523893749298,1.00910719335222
9,13,1.00232938472633,0.995568375921664,1.00913630824781
9.2,13,1.00236693682584,0.995612906570815,1.00916678501309
9.4,13,1.00240469268175,0.995659044960273,1.00919604255741
9.6,13,1.00244215528927,0.995708337610993,1.00922151270928
9.8,13,1.00247882763899,0.995762219237527,1.00924074086076
10,13,1.00251427661095,0.99582168707834,1.00925184483326
10.2,13,1.00254825127584,0.995886758194834,1.00925430312791
10.4,13,1.00258053292186,0.99595693645238,1.00924817951901
10.6,13,1.00261090281701,0.996031397566699,1.00923387044154
10.8,13,1.0026391422129,0.996109065669768,1.00921202722063
11,13,1.00266503234926,0.996188682539175,1.00918348573632
11.2,13,1.00268835445876,0.996268871419394,1.00914920159539
11.4,13,1.0027088897724,0.996348196993029,1.00911018925206
11.6,13,1.00272641952532,0.996425222570174,1.00906746400958
11.8,13,1.00274072496317,0.996498565000895,1.00902198639771
12,13,1.00275158734886,0.996566947221502,1.00897460901558
12.2,13,1.00275878796984,0.996629247769435,1.00892602650506
12.4,13,1.00276210814584,0.996684546106484,1.00887672981504
12.6,13,1.00276132923711,0.996732162245798,1.00882696626119
12.8,13,1.00275623265311,0.996771689049874,1.00877670701414
13,13,1.00274659986167,0.996803015697319,1.00872562351824
13.2,13,1.00273221239866,0.996826341207933,1.00867307395137
13.4,13,1.0027128518781,0.996842177521881,1.00861810023025
13.6,13,1.00268830000277,0.996851342356443,1.0085594353375
13.8,13,1.00265833857528,0.996854942793016,1.00849552001798
14,13,1.00262274950959,0.996854351157665,1.00842452728098
14.2,13,1.00258131484305,0.996851175158541,1.00834439274505
14.4,13,1.00253381674892,0.996847224387227,1.0082528487181
14.6,13,1.00248003754924,0.996844475182862,1.00814746001413
14.8,13,1.00241975972834,0.99684503554091,1.00802565982442
15,13,1.00235276594671,0.996851111285398,1.00788478442431
15.2,13,1.00227883905536,0.996864974173559,1.00772210604648
15.4,13,1.00219776217306,0.996888931883599,1.00753486409653
15.6,13,1.002109532645,0.996924884364378,1.00732114441927
15.8,13,1.00201484045306,0.996973288239304,1.00708188707978
16,13,1.00191451526285,0.997034119348139,1.00681880029412
16.2,13,1.0018093865134,0.997107171827913,1.00653377617022
16.4,13,1.00170028337399,0.997192094400165,1.00622885334355
16.6,13,1.00158803470787,0.99728841953459,1.00590618683624
16.8,13,1.00147346904285,0.997395587131444,1.00556802349732
17,13,1.00135741454866,0.997512964014418,1.00521668173235
17.2,13,1.00124069902127,0.997639860256745,1.00485453449967
17.4,13,1.001124149874,0.997775543161392,1.00448399475234
17.6,13,1.00100859413545,0.997919249568752,1.00410750265219
17.8,13,1.0008948584543,0.998070197062111,1.00372751398558
18,13,1.00078376911096,0.998227594575085,1.0033464892766
18.2,13,1.00067615203597,0.998390652871087,1.00296688312727
18.4,13,1.00057283283529,0.998558595360188,1.00259113331943
18.6,13,1.00047463682235,0.998730669742509,1.00222164918885
18.8,13,1.00038238905698,0.9989061610206,1.00186079872893
19,13,1.00029691439105,0.99908440650835,1.00151089379643
19.2,13,1.000219037521,0.99926481358397,1.00117417267127
19.4,13,1.00014958304716,0.999446881092388,1.00085277906525
19.6,13,1.00008937553982,0.999630225498226,1.00054873647815
19.8,13,1.00003923961216,0.99981461311813,1.00026391657261
20,13,1,1,1
20.2,13,0.99997248164831,0.999758427908064,1.00018658121863
20.4,13,0.999957509804594,0.99954034229135,1.0003748514266
20.6,13,0.99995591011908,0.999346513582998,1.00056567826214
20.8,13,0.999968508751763,0.999177254715618,1.00076038938639
21,13,0.999996132481454,0.999032322709884,1.00096087208207
21.2,13,1.00003935896495,0.998910334983835,1.00116965903172
21.4,13,1.00009784654526,0.998807760785202,1.00138959861322
21.6,13,1.00017104244318,0.998720905997539,1.00162328447779
21.8,13,1.00025839438253,0.998646502607621,1.00187288787395
22,13,1.00035935051015,0.998581788152648,1.00214007708312
22.2,13,1.00047335931914,0.998524548965241,1.00242597314667
22.4,13,1.00059986957504,0.998473127068799,1.00273114203163
22.6,13,1.00073833024521,0.998426395249395,1.00305561870869
22.8,13,1.00088819043117,0.998383708502572,1.003398954944
23,13,1.00104889930407,0.998344841427835,1.00376028123178
23.2,13,1.00121990604317,0.998309920370419,1.00413837406839
23.4,13,1.00140065977738,0.998279357036112,1.00453172184177
23.6,13,1.0015906095299,0.998253787854476,1.00493858506121
23.8,13,1.00178920416579,0.99823402118606,1.0053570488318
24,13,1.00199589234272,0.998220992854807,1.00578506709256
24.2,13,1.00221012246465,0.998215729466001,1.00622049915797
24.4,13,1.00243134263865,0.998219318431821,1.00666113964109
24.6,13,1.00265900063465,0.998232883419787,1.00710474304312
24.8,13,1.00289254384835,0.998257563928246,1.00754904430548
25,13,1.00313141926712,0.998294497775873,1.00799177653766
25.2,13,1.00337507343895,0.998344805402054,1.00843068702417
25.4,13,1.00362295244445,0.998409574971327,1.00886355251775
25.6,13,1.00387450187197,0.99848984733467,1.00928819476611
25.8,13,1.00412916679568,0.998586599909606,1.00970249721062
26,13,1.00438639175681,0.998700728490204,1.01010442384609
26.2,13,1.00464562074789,0.998833025877434,1.01049204135122
26.4,13,1.00490629720009,0.998984156018063,1.01086354580196
26.6,13,1.00516786397371,0.999154622040525,1.01121729557939
26.8,13,1.00542979510587,0.999344305900108,1.01155234178887
27,13,1.00569169729166,0.999551150679111,1.01186996714895
27.2,13,1.00595321173953,0.999772579985307,1.01217205239211
27.4,13,1.00621397928536,1.00000600843938,1.01246048880181
27.6,13,1.00647364039426,1.00024887332486,1.01273714554785
27.8,13,1.00673183516396,1.00049866581861,1.01300383754469
28,13,1.00698820332937,1.00075296256726,1.01326229306702
28.2,13,1.00724238426846,1.00100945775512,1.01351412097746
28.4,13,1.00749401700943,1.00126599525544,1.01376077797474
28.6,13,1.00774274023921,1.00152059995846,1.01400353676895
28.8,13,1.00798819231318,1.00177150694706,1.01424345651357
29,13,1.00823001126624,1.00201718688366,1.01448135713059
29.2,13,1.00846783482516,1.00225636582538,1.01471779931218
29.4,13,1.00870130042226,1.00248803773301,1.01495307193336
29.6,13,1.00893004521034,1.00271146819247,1.01518718835751
29.8,13,1.00915370607895,1.00292618829722,1.01541989268613
30,13,1.00937191967193,1.00313197818509,1.01565067645985
30.2,13,1.00958432240634,1.00332884029145,1.01587880574887
30.4,13,1.00979055049259,1.00351696287663,1.01610335807495
30.6,13,1.00999023995591,1.00369667472477,1.0163232682682
30.8,13,1.01018302665919,1.0038683920423,1.0165373822302
31,13,1.01036854632706,1.00403255849687,1.0167445176632
31.2,13,1.01054643457127,1.00418957906031,1.01694353110129
31.4,13,1.01071632691746,1.00433974791623,1.01713339098347
31.6,13,1.01087785883313,1.004483170249,1.01731325695157
31.8,13,1.01103066575702,1.00461967735408,1.01748256593307
32,13,1.01117438312972,1.00474873432766,1.01764112575068
32.2,13,1.01130864642561,1.00486933977057,1.01778921682367
32.4,13,1.01143306182871,1.00497983847043,1.01792772292547
32.6,13,1.01154709531409,1.00507769035911,1.01805814202559
32.8,13,1.01165017106454,1.0051601019298,1.0181821449638
33,13,1.01174171336638,1.00522435073331,1.01830133125884
33.2,13,1.01182114668049,1.00526793701154,1.01841707586269
33.4,13,1.01188789570941,1.00528871246609,1.01853039906459
33.6,13,1.01194138546766,1.00528498096624,1.01864186475555
33.8,13,1.01198104135525,1.00525556615137,1.01875151209881
34,13,1.0120062892345,1.00519984256983,1.01885882396467
34.2,13,1.01201655550999,1.00511772978351,1.01896273270086
34.4,13,1.01201126721181,1.00500965202369,1.01906166065311
34.6,13,1.01198985208197,1.00487646869618,1.01915359013798
34.8,13,1.01195173866395,1.00471938267354,1.01923615593045
35,13,1.0118963563955,1.00453983361519,1.01930675302491
35.2,13,1.01182313570454,1.00433938264194,1.0193626533432
35.4,13,1.01173150810821,1.00411959294236,1.01940112681148
35.6,13,1.01162090631508,1.00388190877831,1.01941956433815
35.8,13,1.01149076433032,1.00362753330647,1.01941560227514
36,13,1.01134051756413,1.00335730394021,1.01938724963708
36.2,13,1.01116960294308,1.00307156282762,1.01933302050134
36.4,13,1.01097745902454,1.00277001954255,1.0192520744906
36.6,13,1.01076352611405,1.00245160341988,1.01914436790481
36.8,13,1.01052724638573,1.00211430433886,1.01901081669684
37,13,1.01026806400555,1.00175500351407,1.01885346972982
37.2,13,1.00998542525756,1.00136930042585,1.01867568618179
37.4,13,1.00967877867294,1.00095134878043,1.01848230420449
37.6,13,1.00934757516195,1.00049372328141,1.0182797790514
37.8,13,1.00899126814854,0.999987348924723,1.01807625895939
38,13,1.00860948610465,0.999421647483521,1.01788178995498
38.2,13,1.00820279933131,0.998785833755893,1.01770855194961
38.4,13,1.00777209746629,0.998070254249719,1.01756824843465
38.6,13,1.00731827069269,0.997267037419086,1.01747080811708
38.8,13,1.00684220927721,0.996370551463086,1.01742392214788
39,13,1.00634480337315,0.995377597327137,1.01743284759031
39.2,13,1.00582694283119,0.994287325519662,1.01750048799665
39.4,13,1.00528951701783,0.993100926402525,1.01762770143296
39.6,13,1.00473341464159,0.991821181803782,1.01781374810067
39.8,13,1.00415952358691,0.990451971280932,1.01805678422369
40,13,1.00356873075585,0.988997806333196,1.01835432889888
0,14,1.00465430536369,0.982406919742352,1.02740550071707
0.2,14,1.0043179433574,0.982746826384596,1.02636254248753
0.4,14,1.00400022930899,0.983064394391333,1.02538192432105
0.6,14,1.00370093310126,0.983362879535217,1.02445962123819
0.8,14,1.00341982589194,0.983644609370867,1.02359260387447
1,14,1.00315668007337,0.983911090558995,1.02277871896342
1.2,14,1.00291126923294,0.984163136208109,1.02201655086352
1.4,14,1.00268336811403,0.984401009698217,1.02130526765785
1.6,14,1.00247275257756,0.984624581317197,1.02064445548987
1.8,14,1.00227919956417,0.984833493542822,1.02003394529688
2,14,1.00210248705691,0.98502732993749,1.01947363696941
2.2,14,1.0019423940445,0.98520578150128,1.01896332708674
2.4,14,1.00179870048525,0.985368803181474,1.01850254752698
2.6,14,1.00167118727138,0.985516752379407,1.01809042310769
2.8,14,1.001559636194,0.985650501064989,1.01772555664426
3,14,1.00146382990858,0.985771513764841,1.01740594915833
3.2,14,1.00138355190099,0.985881885311574,1.01712896134705
3.4,14,1.00131858645401,0.985984334661508,1.01689132000507
3.6,14,1.00126871861445,0.986082153894206,1.01668917028527
3.8,14,1.00123373416067,0.986179114130827,1.01651817206132
4,14,1.00121341957074,0.986279331969152,1.01637363679429
4.2,14,1.00120756154628,0.986387099354661,1.01625070112259
4.4,14,1.00121577343979,0.986506116392891,1.01614476416018
4.6,14,1.0012372317245,0.98663816789745,1.0160523146268
4.8,14,1.00127104567952,0.986783979987385,1.01597079730558
5,14,1.00131632494371,0.986943526088078,1.01589843399945
5.2,14,1.00137217940974,0.987116146885187,1.01583409901656
5.4,14,1.00143771912603,0.987300664227542,1.0157772010343
5.6,14,1.00151205420664,0.987495488659745,1.01572757165963
5.8,14,1.00159429474904,0.987698720909746,1.0156853603595
6,14,1.00168355075987,0.987908247888954,1.01565093520273
6.2,14,1.00177893208856,0.988121833690204,1.01562478892773
6.4,14,1.00187954836888,0.98833720578329,1.01560745013572
6.6,14,1.00198450896841,0.988552136189144,1.01559939982829
6.8,14,1.00209292294594,0.988764516938215,1.01560099398377
7,14,1.00220389901674,0.988972428661187,1.01561239332433
7.2,14,1.00231654552585,0.989174200794313,1.01563350179183
7.4,14,1.00242997042917,0.989368461672363,1.01566391545984
7.6,14,1.00254328128264,0.98955417677659,1.01570288361472
7.8,14,1.00265558523923,0.989730673621174,1.01574928352297
8,14,1.00276598905393,0.989897652180231,1.01580160998323
8.2,14,1.00287359909673,0.990055180321291,1.01585798019747
8.4,14,1.00297752137351,0.990203674332031,1.01591615387527
8.6,14,1.00307686155492,0.990343865200808,1.01597356791103
8.8,14,1.0031707250132,0.990476751737327,1.01602738454823
9,14,1.00325821686704,0.990603541817442,1.01607455174708
9.2,14,1.00333844203435,0.990725582957121,1.01611187455073
9.4,14,1.00341050529308,0.990844283051055,1.01613609661472
9.6,14,1.00347351134993,0.990961021465639,1.01614399170983
9.8,14,1.00352656522566,0.991077049680805,1.01613246663107
10,14,1.00356905615865,0.991193275159882,1.01609935793472
10.2,14,1.00360118318744,0.991309928819556,1.01604483684998
10.4,14,1.00362328894193,0.991426773456038,1.01596984575612
10.6,14,1.00363571638947,0.991543235329083,1.01587567271164
10.8,14,1.00363880880118,0.991658484979586,1.01576386809476
11,14,1.00363290971939,0.991771511617777,1.01563616787978
11.2,14,1.00361836292631,0.991881192562095,1.01549442206994
11.4,14,1.00359551241377,0.991986358894638,1.01534052712114
11.6,14,1.00356470235425,0.992085858110879,1.01517636157939
11.8,14,1.00352627707296,0.992178614108779,1.01500372458694
12,14,1.0034805810212,0.992263684413713,1.01482427736093
12.2,14,1.00342795875079,0.992340314103021,1.01463948818092
12.4,14,1.00336875488979,0.9924079855156,1.01445058179983
12.6,14,1.00330331411929,0.992466462549992,1.01425849447487
12.8,14,1.00323198115146,0.992515828209388,1.01406383596005
13,14,1.00315510070873,0.992556514074676,1.01386685977886
13.2,14,1.0030730175042,0.992589320589038,1.01366744289359
13.4,14,1.00298607622317,0.992615427406246,1.01346507551895
13.6,14,1.00289462150591,0.992636393548925,1.0132588613334
13.8,14,1.00279899793157,0.992654147678874,1.01304752778596
14,14,1.00269955000332,0.992670969322818,1.01282944565481
14.2,14,1.00259662213459,0.992689462348783,1.01260265656222
14.4,14,1.00249055863663,0.992712522290118,1.0123649068485
14.6,14,1.00238170370706,0.992743299229201,1.01211368609266
14.8,14,1.0022704014198,0.992785157869392,1.01184626865096
15,14,1.00215699571605,0.992841636149974,1.01155975685825
15.2,14,1.0020418303965,0.992916403310324,1.01125112498575
15.4,14,1.00192524912519,0.993013217461353,1.01091726392216
15.6,14,1.00180763133796,0.993135073298343,1.01055592254316
15.8,14,1.0016894725387,0.993282227146923,1.01016787774101
16,14,1.00157129146768,0.993454112653204,1.00975479301519
16.2,14,1.00145360662069,0.993649901982537,1.00931859824327
16.4,14,1.00133693625032,0.993868554117028,1.00886143921715
16.6,14,1.00122179836985,0.994108854809463,1.00838563571902
16.8,14,1.00110871075981,0.99436944993608,1.00789364639429
17,14,1.00099819097729,0.994648873686838,1.00738803898277
17.2,14,1.00089075636787,0.994945572784638,1.00687146471628
17.4,14,1.00078692408023,0.995257927730676,1.00634663588533
17.6,14,1.00068721108346,0.995584271925722,1.00581630572475
17.8,14,1.00059213418702,0.995922909411156,1.00528324987412
18,14,1.00050221006336,0.99627213190403,1.00475024873836
18.2,14,1.00041795527327,0.996630235763651,1.00422007011083
18.4,14,1.00033988629379,0.99699553952071,1.00369545142732
18.6,14,1.00026851954892,0.997366402622314,1.00317908099765
18.8,14,1.00020437144289,0.997741246096647,1.00267357751045
19,14,1.00014795839617,0.998118575918697,1.00218146702993
19.2,14,1.0000997968841,0.998497009961873,1.00170515659914
19.4,14,1.00006040347827,0.99887530954528,1.00124690344024
19.6,14,1.00003029489046,0.999252416723426,1.00080877860464
19.8,14,1.00000998801938,0.999627498595455,1.00039262379598
20,14,1,1,1
20.2,14,1.00000084825564,0.999632126566672,1.00036970595032
20.4,14,1.00001305055268,0.999289809596825,1.00073681495777
20.6,14,1.00003712505805,0.998973359028826,1.00110202384838
20.8,14,1.00007359039934,0.998682494893954,1.00146662360435
21,14,1.00012296572488,0.99841624503233,1.00183260393359
21.2,14,1.00018562699191,0.998172415922281,1.00220289850114
21.4,14,1.00026142129528,0.99794683971577,1.00258137118468
21.6,14,1.00035007435263,0.997735384812385,1.00297161601168
21.8,14,1.00045131228643,0.997534510796932,1.00337664253441
22,14,1.00056486158892,0.997341326526821,1.0037988155297
22.2,14,1.00069044908786,0.997153611434994,1.00423983166905
22.4,14,1.00082780191304,0.996969804766317,1.00470072844069
22.6,14,1.00097664746355,0.996788968922737,1.00518191914806
22.8,14,1.00113671337581,0.996610734322488,1.005683246579
23,14,1.00130772749241,0.996435233297699,1.0062040478214
23.2,14,1.00148941783164,0.996263029653359,1.00674322360204
23.4,14,1.00168151255786,0.996095049009556,1.00729930702686
23.6,14,1.00188373995258,0.995932513386989,1.00787052826273
23.8,14,1.00209582838627,0.995776881987399,1.00845487320911
24,14,1.00231750629097,0.995629798925571,1.00905013540325
24.2,14,1.00254850213365,0.995493047823647,1.00965396124844
24.4,14,1.00278854439026,0.995368512642203,1.01026388919117
24.6,14,1.00303736152061,0.995258143824154,1.0108773837715
24.8,14,1.00329468194393,0.995163928691585,1.01149186560694
25,14,1.0035602340152,0.995087864996924,1.01210473840897
25.2,14,1.00383374600224,0.995031936538484,1.01271341412257
25.4,14,1.00411494606349,0.994998089770392,1.01331533725934
25.6,14,1.00440356222662,0.994988210343629,1.01390800948799
25.8,14,1.0046993223678,0.995004098491136,1.01448901556993
26,14,1.00500195419176,0.995047442103149,1.01505605179431
26.2,14,1.00531118521255,0.995119786218581,1.01560695818732
26.4,14,1.00562674273513,0.995222497474718,1.01613975595417
26.6,14,1.00594835383757,0.995356721801196,1.01665269186843
26.8,14,1.0062756660271,0.99552265215862,1.01714482723488
27,14,1.0066079936543,0.995717394877033,1.01761770769695
27.2,14,1.00694456298324,0.995937248708579,1.01807353248035
27.4,14,1.00728459929735,0.996178522573137,1.01851449412987
27.6,14,1.00762732687008,0.996437579132207,1.01894273270944
27.8,14,1.00797196894111,0.996710875753468,1.0193602928261
28,14,1.00831774769855,0.996995003660599,1.01976908268437
28.2,14,1.00866388426718,0.997286725385805,1.02017083505385
28.4,14,1.00900959870268,0.99758301011188,1.02056707056385
28.6,14,1.00935410999186,0.997881066082199,1.02095906414717
28.8,14,1.00969663605895,0.998178368970369,1.02134781574197
29,14,1.01003639377797,0.998472684944937,1.02173402651698
29.2,14,1.0103725989911,0.998762087146371,1.02211808190355
29.4,14,1.01070446653321,0.999044964412104,1.0225000425995
29.6,14,1.01103121026242,0.999320021325217,1.02287964446981
29.8,14,1.01135204309681,0.999586268991522,1.02325630794031
30,14,1.01166617705722,0.999843006323312,1.02362915710651
30.2,14,1.01197282331622,1.00008979197389,1.02399704841436
30.4,14,1.01227119225315,1.00032640737419,1.024358608462
30.6,14,1.01256049351543,1.00055281153053,1.0247122802642
30.8,14,1.01283993608587,1.00076908832596,1.02505637723725
31,14,1.01310872835631,1.00097538702079,1.02538914420922
31.2,14,1.01336607820727,1.00117185648393,1.02570882492407
31.4,14,1.01361119309392,1.00135857343471,1.02601373576022
31.6,14,1.0138432801381,1.00153546467618,1.02630234568231
31.8,14,1.01406154622663,1.00170222300868,1.02657336273738
32,14,1.01426519811564,1.00185821628827,1.02682582763042
32.2,14,1.01445344254124,1.00200238901698,1.02705921499187
32.4,14,1.01462555085103,1.00213312618859,1.0272737039989
32.6,14,1.01478110297647,1.00224817535193,1.02747075253745
32.8,14,1.01491977139548,1.00234503469363,1.02765226216169
33,14,1.01504122925935,1.0024211720116,1.0278201676734
33.2,14,1.01514515043106,1.00247415280606,1.0279763059817
33.4,14,1.01523120954056,1.00250175102032,1.02812230280512
33.6,14,1.01529908204099,1.00250204111232,1.02825947850393
33.8,14,1.01534844426596,1.00247346964216,1.02838877485835
34,14,1.01537897348765,1.00241490458529,1.02851070458432
34.2,14,1.01539034797597,1.00232566108638,1.02862532487225
34.4,14,1.01538224705853,1.00220550324354,1.02873223535981
34.6,14,1.01535435118159,1.00205462257619,1.02883059988579
34.8,14,1.01530634197192,1.00187359487461,1.02891919032701
35,14,1.01523790229951,1.00166331796197,1.02899644998745
35.2,14,1.01514871634119,1.00142493338578,1.02906057352197
35.4,14,1.01503846964507,1.00115973514034,1.02910960029268
35.6,14,1.01490684919586,1.00086906823105,1.02914151834583
35.8,14,1.01475354348107,1.00055421931728,1.02915437677131
36,14,1.01457824255788,1.00021630094246,1.02914640493452
36.2,14,1.01438063812099,0.999856130121915,1.02911613780802
36.4,14,1.01416042357113,0.999474101452079,1.02906254723729
36.6,14,1.0139172940844,0.999070054563062,1.02898517931562
36.8,14,1.01365094668234,0.998643135791201,1.02888429798894
37,14,1.01336108030271,0.998191654534639,1.02876103442382
37.2,14,1.01304739587105,0.997712936016874,1.0286175404102
37.4,14,1.01270959637286,0.997203174258984,1.02845714199394
37.6,14,1.01234738692651,0.996657292042048,1.02828448655317
37.8,14,1.01196047485676,0.996068818484204,1.02810567268907
38,14,1.01154869542146,0.995429802514707,1.02792859991124
38.2,14,1.01111257062467,0.994731271916005,1.02776363761646
38.4,14,1.01065285541406,0.993964425584531,1.0276214800705
38.6,14,1.01017030529378,0.993121209283444,1.02751208629771
38.8,14,1.00966567596718,0.992194681614575,1.02744430716699
39,14,1.0091397231724,0.99117929428232,1.02742559974664
39.2,14,1.00859320252349,0.990071062566012,1.02746185262713
39.4,14,1.008026869357,0.988867614436387,1.02755733377396
39.6,14,1.00744147858411,0.987568122716006,1.02771475650758
39.8,14,1.00683778454826,0.986173139416619,1.0279354444735
40,14,1.00621654088835,0.984684361101917,1.0282195667496
