"value","lag","rr","lo","hi"
0,0,1.0098177496324,0.965672625075655,1.05598094115256
0.2,0,1.01033617612311,0.967830569233592,1.05470856287522
0.4,0,1.01084845945754,0.969891557959861,1.05353490253802
0.6,0,1.01135194489502,0.971855726716731,1.05245328943878
0.8,0,1.01184397261806,0.973722378434882,1.05145804142773
1,0,1.01232187799809,0.975490120153548,1.05054429922086
1.2,0,1.0127829919312,0.977157031205408,1.0497078319948
1.4,0,1.01322464124408,0.978720860413168,1.04894481679975
1.6,0,1.01364414917044,0.980179247598214,1.0482515964964
1.8,0,1.01403883589794,0.98152996194534,1.04762442368163
2,0,1.01440601918568,0.982771146636909,1.04705920120008
2.2,0,1.01474301505247,0.98390155609649,1.04655123291298
2.4,0,1.01504713853574,0.984920769787352,1.04609500079081
2.6,0,1.015315704521,0.98582936549256,1.04568398541456
2.8,0,1.01554602864194,0.986629035939064,1.04531054603395
3,0,1.01573542825079,0.987322635745464,1.04496587321209
3.2,0,1.01588122345881,0.987914150674688,1.04464002208225
3.4,0,1.01598073824654,0.988408587211599,1.04432202820087
3.6,0,1.01603130164343,0.988811786337954,1.04400010212502
3.8,0,1.01603024897647,0.989130169766585,1.04366189444893
4,0,1.01597510196621,0.989370555345297,1.0432950548594
4.2,0,1.01586692171892,0.989541999396611,1.04289216958144
4.4,0,1.01571001180821,0.989654651920933,1.04245135016034
4.6,0,1.0155088000838,0.989717330663414,1.04197238049411
4.8,0,1.01526771710445,0.989737576789761,1.04145640376493
5,0,1.01499119430719,0.989721808956857,1.04090575270536
5.2,0,1.01468366236886,0.989675479036657,1.04032377934682
5.4,0,1.01434954976042,0.989603225423094,1.03971468833812
5.6,0,1.01399328149412,0.989509021624834,1.03908337614434
5.8,0,1.01361927806351,0.989396319025807,1.03843527725435
6,0,1.01323195457611,0.989268183367135,1.03777621785003
6.2,0,1.01283572007842,0.989127424767562,1.03711227712429
6.4,0,1.01243497707305,0.988976721052178,1.03644965647965
6.6,0,1.01203412122728,0.988818733894137,1.03579455710223
6.8,0,1.01163754127277,0.988656216880008,1.03515306679816
7,0,1.01124961909578,0.988492114173288,1.03453105741428
7.2,0,1.01087473001744,0.988329648055685,1.03393409455855
7.4,0,1.01051724326348,0.988172393348095,1.03336736161289
7.6,0,1.01018152262315,0.988024336612964,1.03283560013053
7.8,0,1.00987192729672,0.987889918151988,1.03234306859793
8,0,1.00959281293146,0.987774055138846,1.03189352121583
8.2,0,1.00934853284581,0.987682144728059,1.03149020785274
8.4,0,1.00914343944172,0.987620046584014,1.03113589572287
8.6,0,1.00898188580533,0.987594044877445,1.03083291273756
8.8,0,1.00886822749622,0.987610790287957,1.03058321199042
9,0,1.00880682452578,0.987677222824424,1.03038845656431
9.2,0,1.00880204352542,0.987800476246324,1.03025012387956
9.4,0,1.00885826010566,0.987987764486622,1.03016962918796
9.6,0,1.0089798609382,0.988246249190587,1.03014846817045
9.8,0,1.00916914871773,0.988580489339027,1.03018659755727
10,0,1.00942151928672,0.988986700664576,1.03027856988817
10.2,0,1.0097309508847,0.989458913426218,1.03041832191301
10.4,0,1.01009142471047,0.989990686082673,1.03060028808031
10.6,0,1.01049692168642,0.990575204767212,1.03081928946293
10.8,0,1.01094141958353,0.991205376019991,1.03107043056327
11,0,1.01141889050661,0.991873913942635,1.03134900282575
11.2,0,1.01192329873966,0.99257342275201,1.03165039387519
11.4,0,1.01244859895167,0.99329647541203,1.03197000180031
11.6,0,1.01298873476341,0.994035688656879,1.03230315416952
11.8,0,1.01353763767622,0.994783794324014,1.03264503186278
12,0,1.0140892263639,0.995533706527061,1.03299059819365
12.2,0,1.01463740632881,0.99627858385421,1.03333453414101
12.4,0,1.01517606992378,0.997011885513314,1.03367118077564
12.6,0,1.015699096741,0.997727420193343,1.03399449011892
12.8,0,1.01620035436933,0.998419386397482,1.03429798568558
13,0,1.01667369952124,0.999082403136471,1.03457473382906
13.2,0,1.01711297953053,0.999711530144748,1.03481732673392
13.4,0,1.01751203422155,1.00030227716993,1.03501787751083
13.6,0,1.01786469815073,1.00085060234447,1.03516802739046
13.8,0,1.01816480322044,1.00135290012162,1.03525896453789
14,0,1.01840618166508,1.0018059796863,1.03528145357888
14.2,0,1.01858266940881,1.00220703508206,1.03522587459688
14.4,0,1.01868810979367,1.00255360848321,1.03508227016907
14.6,0,1.01871635767633,1.00284354806079,1.03484039898755
14.8,0,1.01866128389101,1.00307496172455,1.03448979477511
15,0,1.01851678007547,1.00324616766374,1.03401982956092
15.2,0,1.01827676385603,1.00335564203823,1.03341978094902
15.4,0,1.01793569732545,1.00340226861877,1.03267963038972
15.6,0,1.01749588312533,1.00338954483366,1.03180053799407
15.8,0,1.01696572205571,1.00332426048962,1.03079265653517
16,0,1.0163537833883,1.00321293526438,1.02966676036277
16.2,0,1.01566863725313,1.00306178595044,1.02843393612305
16.4,0,1.01491884815952,1.00287678044124,1.02710551130343
16.6,0,1.01411296923313,1.00266368362739,1.02569299273536
16.8,0,1.01325953717018,1.00242809689527,1.02420801336896
17,0,1.01236706790818,1.00217549266275,1.02266228588559
17.2,0,1.01144405301176,1.00191124517689,1.02106756191986
17.4,0,1.01049895677122,1.00164065863455,1.01943559582308
17.6,0,1.00954021401044,1.00136899356384,1.01777811201946
17.8,0,1.00857622860047,1.00110149231914,1.01610677508975
18,0,1.00761537267457,1.00084340449012,1.01443316176655
18.2,0,1.00666598654013,1.00060001300349,1.01276873404686
18.4,0,1.00573637928292,1.00037666170133,1.01112481262094
18.6,0,1.00483483005918,1.00017878520945,1.0095125497874
18.8,0,1.00396959007113,1.00001194195904,1.00794290097476
19,0,1.0031488852221,0.999881851290996,1.00642659392512
19.2,0,1.00238091944771,0.999794435645248,1.00497409452413
19.4,0,1.0016738787206,0.999755868905326,1.00359556819584
19.6,0,1.00103593572659,0.999772632010568,1.00230083574184
19.8,0,1.00047525521169,0.999851576933264,1.00109932252246
20,0,1,1,1
20.2,0,0.999618337684254,0.999011318953523,1.00022572525139
20.4,0,0.999338447992058,0.99814113421528,1.00053719799888
20.6,0,0.999168530832467,0.997396621668789,1.00094358785329
20.8,0,0.999116815029425,0.996784189585476,1.00145489916897
21,0,0.999191566516594,0.996309386351243,1.0020820844158
21.2,0,0.999400238540974,0.995975613124033,1.00283663940612
21.4,0,0.999747974806893,0.995782680510798,1.00372905925395
21.6,0,1.00023957932886,0.995730580901907,1.00476899599665
21.8,0,1.00087992607648,0.995820223211351,1.00596533698859
22,0,1.00167396594814,0.996053457462763,1.00732618971487
22.2,0,1.00262673403466,0.996433062141464,1.00885890482254
22.4,0,1.0037433571854,0.996962704299562,1.01057012739674
22.6,0,1.00502906189027,0.997646881157936,1.01246586775439
22.8,0,1.00648918249218,0.998490851104344,1.01455158387617
23,0,1.00812916974568,0.999500560774769,1.01683226881263
23.2,0,1.00995459973879,1.00068257339501,1.01931253791396
23.4,0,1.01197118319637,1.00204400199296,1.02199671230312
23.6,0,1.01418477518465,1.0035924496742,1.02488889643425
23.8,0,1.01660138523815,1.00533595799895,1.02799304873685
24,0,1.01922718793176,1.00728296363909,1.0313130452105
24.2,0,1.0220685339223,1.00944226290586,1.03485273642788
24.4,0,1.02513196148568,1.01182298337074,1.03861599877735
24.6,0,1.02842420857789,1.01443456159556,1.04260678098892
24.8,0,1.03195222544945,1.01728672588665,1.04682914709411
25,0,1.03572318784586,1.02038948294939,1.05128731701638
25.2,0,1.03974451082796,1.02375310730568,1.05598570600878
25.4,0,1.04402386324928,1.02738813232428,1.06092896417643
25.6,0,1.04856918292948,1.03130534168135,1.06612201736187
25.8,0,1.05338869256588,1.03551576000241,1.07157011074663
26,0,1.05849091642808,1.04003064132376,1.07727885664473
26.2,0,1.06388469788347,1.04486145384102,1.08325428814489
26.4,0,1.06957921780509,1.05001985917186,1.08950292050933
26.6,0,1.07558401391654,1.05551768403888,1.09603182257078
26.8,0,1.08190735369021,1.06136499623868,1.10284730146285
27,0,1.0885379674009,1.06754920998144,1.10993937833917
27.2,0,1.09545122937083,1.07404240979261,1.11728678959873
27.4,0,1.10262175821849,1.08081590570579,1.12486755170661
27.6,0,1.11002357813907,1.0878404745847,1.13265903669843
27.8,0,1.11763005595956,1.09508634095828,1.14063786138645
28,0,1.12541384447212,1.10252316320005,1.14877978404858
28.2,0,1.13334683231842,1.11012002581118,1.15705960838569
28.4,0,1.14140010073654,1.11784543792413,1.16545109526118
28.6,0,1.14954388751644,1.12566733764199,1.17392688331399
28.8,0,1.15774755853974,1.13355310144794,1.1824584199828
29,0,1.16597958730358,1.14146955765277,1.19101590479927
29.2,0,1.17420754284709,1.14938300269658,1.19956824700233
29.4,0,1.18239808651131,1.15725921908167,1.20808303959334
29.6,0,1.19051697796925,1.16506349378108,1.21652655189911
29.8,0,1.1985290909616,1.17276063612658,1.22486374254994
30,0,1.2063984391648,1.18031499440948,1.23305829453384
30.2,0,1.21408821260118,1.18769047069718,1.24107267368397
30.4,0,1.22156082497597,1.19485053364821,1.24886821162463
30.6,0,1.22877797229141,1.20175822936659,1.25640521387101
30.8,0,1.23570070304485,1.20837619054954,1.26364309347333
31,0,1.24228950026494,1.21466664433485,1.27054053033095
31.2,0,1.24850437557672,1.22059141934296,1.27705565607966
31.4,0,1.25430497541415,1.22611195244367,1.28314626426493
31.6,0,1.25965069941533,1.23118929578247,1.28877004533175
31.8,0,1.26450083094367,1.23578412461367,1.29388484575094
32,0,1.26881467957522,1.23985674655777,1.2984489503123
32.2,0,1.27255173528167,1.24336711309219,1.30242138618341
32.4,0,1.27567191722422,1.24627491527332,1.30576233257299
32.6,0,1.27815611482874,1.24855939438509,1.30845441652271
32.8,0,1.28003316295732,1.2502457108255,1.31053030942906
33,0,1.2813395952332,1.25136625420326,1.31203087249442
33.2,0,1.28211290422823,1.25195432613034,1.31299797834431
33.4,0,1.28239137630575,1.25204416616748,1.31347414608963
33.6,0,1.28221393626057,1.25167096020874,1.31350221472474
33.8,0,1.28162000246608,1.25087082953723,1.31312505810758
34,0,1.28064935311395,1.24968079892765,1.31238534435234
34.2,0,1.27934200401503,1.2481387427224,1.31132534165812
34.4,0,1.27773809832141,1.2462833087078,1.30998677146272
34.6,0,1.27587780843019,1.24415382074233,1.3084107084712
34.8,0,1.27380125023994,1.2417901622744,1.30663752573222
35,0,1.27154840985155,1.23923264395928,1.304706881696
35.2,0,1.26915908273621,1.23652185939115,1.30265774523787
35.4,0,1.26667282533532,1.233698533405,1.30052845407433
35.6,0,1.26412891900979,1.23080336743586,1.29835680187164
35.8,0,1.26156634621954,1.2278768860728,1.29618014962728
36,0,1.25902377878839,1.22495928828863,1.2940355575157
36.2,0,1.25653957809392,1.22209030596799,1.29195993422584
36.4,0,1.25415180701713,1.21930907141537,1.28999020176117
36.6,0,1.25189825349184,1.2166539946116,1.2881634746091
36.8,0,1.24981646550875,1.21416265020287,1.2865172530186
37,0,1.24794379745427,1.21187167362939,1.28508963076964
37.2,0,1.2463174676986,1.20981666550055,1.28391951820898
37.4,0,1.24497462739158,1.20803210335503,1.28304688140666
37.6,0,1.2439524404785,1.20655126036246,1.28251299800355
37.8,0,1.2432881750113,1.20540613137294,1.28236072962589
38,0,1.24301930590311,1.20462736804205,1.28263480960022
38.2,0,1.24317996184698,1.204240541356,1.28337849828374
38.4,0,1.24376937837391,1.20423475213644,1.28460191323673
38.6,0,1.24476747704738,1.20457968028946,1.286296039414
38.8,0,1.24615431399813,1.20524580178297,1.28845134494463
39,0,1.24791022981095,1.20620482643862,1.29105762763756
39.2,0,1.25001578778212,1.20742984527731,1.29410373266505
39.4,0,1.25245171571547,1.20889540090107,1.29757735783377
39.6,0,1.25519885111316,1.21057747897677,1.30146494809031
39.8,0,1.25823808964339,1.21245342304164,1.305751676842
40,0,1.26155033679173,1.21450177935135,1.31042150725324
0,1,1.0230926420026,0.996451202719365,1.05044637536019
0.2,1,1.02335099035857,0.997761882759574,1.04959636919724
0.4,1,1.02360118506814,0.998990929323109,1.0488177172768
0.6,1,1.02384055613972,1.000143018633,1.04809958662636
0.8,1,1.02406643138437,1.00122115029,1.04743298279763
1,1,1.02427613673274,1.0022267453463,1.04681062359559
1.2,1,1.02446699662168,1.00315980322869,1.04622675648395
1.4,1,1.02463633445074,1.00401911250186,1.04567692467578
1.6,1,1.02478147310844,1.00480250993777,1.04515768744581
1.8,1,1.02489973556834,1.00550718101405,1.04466630154617
2,1,1.02498844555484,1.00612999231,1.04420037326272
2.2,1,1.02504492827862,1.00666784219769,1.04375749472226
2.4,1,1.0250665112416,1.00711801119878,1.04333488308713
2.6,1,1.02505052511104,1.00747848850663,1.04292904614558
2.8,1,1.02499430466275,1.00774824806275,1.04253550091575
3,1,1.02489518979287,1.00792744786886,1.04214857158769
3.2,1,1.02475052659789,1.00801753089886,1.04176128844333
3.4,1,1.02455766852242,1.00802121474326,1.0413654006235
3.6,1,1.02431397757415,1.00794236817501,1.0409515045523
3.8,1,1.02401682560529,1.0077857833412,1.04050927930951
4,1,1.02366378545663,1.00755702299457,1.04002802991831
4.2,1,1.02325618921206,1.00726487822682,1.03950137783421
4.4,1,1.02279880761174,1.00691992873009,1.03892809249622
4.6,1,1.02229653746103,1.00653139832022,1.03830860343645
4.8,1,1.02175427243088,1.00610720622631,1.03764468316106
5,1,1.0211769010396,1.00565413912213,1.03693926435499
5.2,1,1.02056930486769,1.00517801843135,1.03619626269141
5.4,1,1.01993635700556,1.00468385828672,1.03542040987474
5.6,1,1.01928292073374,1.00417601239209,1.03461709867437
5.8,1,1.01861384843509,1.00365830981438,1.0337922399264
6,1,1.01793398073817,1.00313418067976,1.03295213053084
6.2,1,1.01724814589104,1.00260677309473,1.0321033311242
6.4,1,1.0165611593644,1.00207906253303,1.03125255218496
6.6,1,1.01587782368325,1.00155395455927,1.03040654769872
6.8,1,1.01520292848577,1.00103438120208,1.02957201606647
7,1,1.01454125080853,1.00052339063404,1.02875550859423
7.2,1,1.013897555597,1.00002422914965,1.02796334656781
7.4,1,1.01327659644017,0.99954041384347,1.02720154850504
7.6,1,1.01268311652863,0.999075793964947,1.02647576960325
7.8,1,1.01212184983515,0.99863459873678,1.02579125558991
8,1,1.01159752251714,0.998221469513173,1.02515281309457
8.2,1,1.01111485454055,0.997841474523618,1.02456479829187
8.4,1,1.01067856152484,0.997500105043606,1.02403112497042
8.6,1,1.01029335680909,0.997203252553131,1.02355529246351
8.8,1,1.0099639537393,0.996957167149354,1.0231404331736
9,1,1.00969506817747,0.99676839802316,1.02278937888059
9.2,1,1.00949142123328,0.99664371705947,1.02250474477508
9.4,1,1.00935774221935,0.996590026485536,1.02228903029558
9.6,1,1.00929877133796,0.996614250387066,1.02214473596847
9.8,1,1.00931705423265,0.996720782297123,1.02207251424722
10,1,1.00940786686857,0.996905702813959,1.02206682018179
10.2,1,1.00956499945048,0.997163010890043,1.02212123492799
10.4,1,1.00978225223377,0.997486332354893,1.02222974275654
10.6,1,1.0100534316325,0.997868994010285,1.02238664682076
10.8,1,1.01037234671097,0.998304092196946,1.0225864914083
11,1,1.01073280605741,0.998784556838496,1.02282398966435
11.2,1,1.01112861503874,0.999303211874536,1.02309395586985
11.4,1,1.01155357343601,0.999852832786947,1.02339124156804
11.6,1,1.01200147346047,1.00042620164123,1.02371067511628
11.8,1,1.01246609815074,1.00101615974068,1.02404700456599
12,1,1.01294122015166,1.00161565765633,1.02439484410934
12.2,1,1.01342060087572,1.00221780208128,1.02474862464678
12.4,1,1.01389799004835,1.00281589869799,1.02510254929023
12.6,1,1.01436712563803,1.0034034900728,1.02545055479177
12.8,1,1.01482173417272,1.00397438753058,1.02578627994927
13,1,1.01525553144369,1.00452269602994,1.02610304197278
13.2,1,1.01566222359791,1.00504283125674,1.02639382159857
13.4,1,1.01603550862008,1.0055295284616,1.02665125742878
13.6,1,1.01636907820501,1.00597784295163,1.02686764958995
13.8,1,1.01665662002082,1.00638314255653,1.02703497239284
14,1,1.0168918203631,1.00674109277231,1.02714489529161
14.2,1,1.01706836719974,1.00704763558924,1.02718881113612
14.4,1,1.01717995360563,1.0072989631955,1.02715787052423
14.6,1,1.01722028158578,1.00749148778914,1.02704302101858
14.8,1,1.01718306628509,1.007621808618,1.02683505010299
15,1,1.01706204058178,1.00768667709897,1.02652463101959
15.2,1,1.0168509600614,1.00768296044095,1.02610237105263
15.4,1,1.0165441135608,1.00760797135115,1.02555950746343
15.6,1,1.01614350938407,1.00746460412737,1.02489717994384
15.8,1,1.01565716069282,1.00725988864328,1.02412443868488
16,1,1.01509324633532,1.00700071698748,1.02325080943154
16.2,1,1.01445994632679,1.00669377079134,1.02228603430453
16.4,1,1.01376543597434,1.00634555730992,1.02124002208889
16.6,1,1.01301788065564,1.00596243976512,1.02012280574576
16.8,1,1.01222543125209,1.00555066318668,1.01894450591524
17,1,1.01139622023609,1.00511637678916,1.01771529937218
17.2,1,1.01053835841118,1.00466565376308,1.01644539155428
17.4,1,1.00965993230298,1.00420450923262,1.01514499240504
17.6,1,1.0087690021982,1.00373891703873,1.0138242948656
17.8,1,1.00787360082847,1.00327482594124,1.01249345541381
18,1,1.00698173269534,1.00281817579364,1.01116257608675
18.2,1,1.00610137403275,1.002374914228,1.00984168743905
18.4,1,1.00524047340284,1.00195101439278,1.00854073188356
18.6,1,1.00440695292156,1.00155249431157,1.0072695468355
18.8,1,1.00360871011014,1.00118543847478,1.00603784703797
19,1,1.00285362036927,1.00085602233653,1.00485520538696
19.2,1,1.00214954007319,1.00057054046153,1.00373103150294
19.4,1,1.00150431028135,1.00033543914382,1.00267454722048
19.6,1,1.00092576106635,1.00015735438875,1.00169475809986
19.8,1,1.00042171645741,1.00004315618884,1.00080042002766
20,1,1,1,1
20.2,1,0.999668440933116,0.999301630325356,1.00003538618493
20.4,1,0.999434880987158,0.99871305581514,1.00015722786216
20.6,1,0.999307181806776,0.998241574145141,1.00037392698834
20.8,1,0.999293233004594,0.997893970577018,1.00069445749968
21,1,0.99940095999787,0.997676448391898,1.00112845247032
21.2,1,0.999637737059258,0.997593705165017,1.00168595709779
21.4,1,1.00000935175498,0.997647868934216,1.00237642432467
21.6,1,1.00052137344337,0.997841155318099,1.0032087906796
21.8,1,1.00117944023057,0.998176402298726,1.00419151287491
22,1,1.00198926688681,0.998657103302336,1.0053325487161
22.2,1,1.00295665313086,0.999287412116552,1.00663936707544
22.4,1,1.00408749229683,1.0000721258722,1.00811898072618
22.6,1,1.00538778039892,1.00101665225192,1.00977799590201
22.8,1,1.00686362561115,1.00212696698715,1.01162267255086
23,1,1.00852125818059,1.0034095670621,1.013658989898
23.2,1,1.01036704079441,1.00487142397611,1.01589271300437
23.4,1,1.01240747942259,1.00651994018468,1.0183294572413
23.6,1,1.01464923466014,1.00836291066803,1.02097474877807
23.8,1,1.01709913359451,1.01040849059918,1.02383408016023
24,1,1.01976418222603,1.01266516934998,1.02691296079496
24.2,1,1.02265157847133,1.0151417505727,1.03021696266546
24.4,1,1.02576872578213,1.01784733778602,1.03375176191098
24.6,1,1.0291232474141,1.02079132472563,1.03752317708303
24.8,1,1.03272300138334,1.0239833896435,1.04153720497117
25,1,1.03657609615075,1.02743349271666,1.04580005492136
25.2,1,1.0406909070775,1.03115187572446,1.05031818257896
25.4,1,1.04507609369814,1.03514906315241,1.05509832399719
25.6,1,1.0497406178612,1.03943586386313,1.06014753107722
25.8,1,1.05469376279094,1.04402337243026,1.06547320935999
26,1,1.05994515312762,1.04892296914908,1.07108315928113
26.2,1,1.06550477600804,1.0541463176094,1.07698562213886
26.4,1,1.07138300325242,1.05970535853362,1.08318933221828
26.6,1,1.0775906147286,1.06561229833646,1.08970357677359
26.8,1,1.0841370432135,1.07187765525735,1.09653664548639
27,1,1.09101063712662,1.07848880433423,1.103677855106
27.2,1,1.09818531947247,1.08541739288585,1.11110343708275
27.4,1,1.10563419103075,1.09263422730868,1.11878882596168
27.6,1,1.11332970106626,1.10010950032028,1.12670877118634
27.8,1,1.1212435761018,1.107812752978,1.13483723090388
28,1,1.12934675573991,1.1157128435707,1.14314727310876
28.2,1,1.13760933585067,1.12377792392996,1.1516109842137
28.4,1,1.14600051949001,1.13197542322175,1.16019938571943
28.6,1,1.15448857595425,1.14027203889832,1.16888236012224
28.8,1,1.16304080841249,1.14863373420543,1.17762858755711
29,1,1.17162353058751,1.15702574145295,1.18640549492231
29.2,1,1.1802020529785,1.16541257017115,1.19517921936444
29.4,1,1.18874067913398,1.17375801929083,1.20391458801848
29.6,1,1.19720271249026,1.18202519259465,1.21257511580428
29.8,1,1.20555047428942,1.19017651687356,1.22112302289179
30,1,1.21374533308009,1.19817376245855,1.22951927319028
30.2,1,1.22174774628381,1.2059780660546,1.2377236349189
30.4,1,1.22951731427912,1.21354995604559,1.24569476401131
30.6,1,1.23701284741387,1.22084938063887,1.25339031082297
30.8,1,1.24419244630308,1.2278357393531,1.26076705036557
31,1,1.25101359570539,1.23446791841409,1.26778103610042
31.2,1,1.25743327219429,1.24070433061246,1.27438777717551
31.4,1,1.26340806575151,1.24650296010944,1.28054243887702
31.6,1,1.2688943153092,1.25182141258014,1.28620006595463
31.8,1,1.2738482581545,1.25661697099615,1.29131582833623
32,1,1.27822619298541,1.26084665732054,1.29584528851917
32.2,1,1.28198465627115,1.26446730048015,1.29974468955472
32.4,1,1.28508069906722,1.26743569716203,1.30297135137735
32.6,1,1.28749351170996,1.26972972585482,1.30550581666447
32.8,1,1.28925280365754,1.27137635893742,1.30738060374821
33,1,1.29039645045861,1.27241045433962,1.3086366853378
33.2,1,1.29096339312547,1.27286797636612,1.30931605895838
33.4,1,1.29099345452829,1.27278596562825,1.30946140564349
33.6,1,1.29052716605985,1.27220249487481,1.30911578388499
33.8,1,1.28960560540016,1.27115660915055,1.30832236209736
34,1,1.28827024606783,1.26968824896143,1.30712419230564
34.2,1,1.28656281931,1.26783815582607,1.30556402678418
34.4,1,1.284525188757,1.2656477606373,1.30368417806891
34.6,1,1.28219923815161,1.26315905646611,1.30152642131705
34.8,1,1.27962677235805,1.2604144586062,1.29913193660617
35,1,1.27684943176144,1.25745665558297,1.29654128764675
35.2,1,1.27390862008633,1.25432845539187,1.29379443267374
35.4,1,1.2708454455925,1.25107263132038,1.29093076305144
35.6,1,1.26770067554771,1.24773177135772,1.28798916535995
35.8,1,1.26451470383034,1.24434813448375,1.28500810335246
36,1,1.26132753148055,1.24096351617347,1.2820257170626
36.2,1,1.25817875999518,1.23761912438432,1.27907993736807
36.4,1,1.25510759715035,1.23435546623576,1.27620861535816
36.6,1,1.25215287513496,1.23121224464503,1.27344966680443
36.8,1,1.2493530807892,1.22822826343524,1.2708412328111
37,1,1.24674639776282,1.2254413389529,1.26842185825291
37.2,1,1.2443707604399,1.22288821609606,1.26623068981813
37.4,1,1.24226391951835,1.22060448695049,1.26430769527369
37.6,1,1.24046351918434,1.21862451107662,1.26269390484174
37.8,1,1.23900718588369,1.21698133802901,1.26143167417644
38,1,1.23793262876439,1.21570663507891,1.26056496620176
38.2,1,1.23727400880743,1.21482690246518,1.2601358841856
38.4,1,1.23702977089374,1.21433189110719,1.26015191174974
38.6,1,1.23717864094121,1.21419226774347,1.26060017862386
38.8,1,1.23769950339339,1.21438020230244,1.26146659653689
39,1,1.2385715556269,1.21486981950916,1.26273570531849
39.2,1,1.23977424648909,1.21563730545118,1.26439043567121
39.4,1,1.24128721871336,1.21666088385248,1.26641201323274
39.6,1,1.24309025506236,1.21792066562359,1.26878000008301
39.8,1,1.24516322807597,1.2193983855042,1.27147245968469
40,1,1.24748605332607,1.22107704738207,1.27446622355201
0,2,1.01326651411546,0.984580625811397,1.04278816961443
0.2,2,1.01350903876956,0.985551073501057,1.04226011141015
0.4,2,1.01375332170045,0.986487216190111,1.04177305127961
0.6,2,1.01399667826518,0.987391090482339,1.04131916263346
0.8,2,1.01423642124711,0.98826297182536,1.04089250281646
1,2,1.01446986091609,0.989101612990669,1.04048874775905
1.2,2,1.0146943051599,0.989904506465304,1.0401049052705
1.4,2,1.01490705968704,0.990668164703145,1.03973901302384
1.6,2,1.01510542830106,0.991388413299577,1.03938982616988
1.8,2,1.01528671324647,0.992060692031622,1.03905649964202
2,2,1.01544821562618,0.992680357396248,1.0387382715248
2.2,2,1.01558723589071,0.993242978056712,1.03843415608345
2.4,2,1.01570107439895,0.993744611974853,1.03814265768445
2.6,2,1.01578703205055,0.994182051664113,1.03786151918046
2.8,2,1.01584241098987,0.99455302271971,1.03758751961135
3,2,1.01586451538121,0.99485632122688,1.03731633562728
3.2,2,1.01585065225531,0.99509187811946,1.03704247856764
3.4,2,1.01579813242668,0.995260742827396,1.03675931486075
3.6,2,1.01570427148167,0.995364983813429,1.03645917214571
3.8,2,1.01556639083658,0.995407508659738,1.03613352845362
4,2,1.01538197713884,0.995391937251176,1.03577346863542
4.2,2,1.01515165018873,0.995324479689878,1.03537378403673
4.4,2,1.01487889835888,0.995212740197596,1.03493367471324
4.6,2,1.01456731766738,0.995063255805113,1.03445367525499
4.8,2,1.01422050449897,0.994881546320555,1.03393538210701
5,2,1.01384205429877,0.994672254919624,1.03338130321912
5.2,2,1.01343556039287,0.994439284172448,1.03279471297587
5.4,2,1.01300461293583,0.994185925557401,1.03217951436391
5.6,2,1.01255279798505,0.993914981798923,1.03154010904603
5.8,2,1.01208369670194,0.993628882113074,1.03088127526198
6,2,1.01160088467977,0.99332979077271,1.03020805314703
6.2,2,1.01110793139787,0.993019709420506,1.02952563704127
6.4,2,1.01060839980186,0.992700573352992,1.02883927456633
6.6,2,1.01010584600962,0.992374341650394,1.02815417259373
6.8,2,1.00960381914255,0.992043080606066,1.02747541064901
7,2,1.00910586128174,0.991709039483143,1.02680786272139
7.2,2,1.00861550754854,0.991374717259105,1.02615612881473
7.4,2,1.0081362863092,0.991042918769595,1.02552447782495
7.6,2,1.00767171950311,0.990716798576163,1.02491680341514
7.8,2,1.00722532309429,0.990399890982787,1.02433659445953
8,2,1.0068006076457,0.990096124908395,1.02378692134518
8.2,2,1.00640107901621,0.989809822750671,1.02327043899232
8.4,2,1.0060302391798,0.989545682883955,1.02278940694733
8.6,2,1.00569158716709,0.989308745934223,1.02234572640268
8.8,2,1.00538862012878,0.989104345372889,1.02194099360001
9,2,1.00512483452143,0.988938043182069,1.02157656886269
9.2,2,1.00490372741528,0.98881555130107,1.02125366054811
9.4,2,1.00472879792475,0.988742639228676,1.02097342354611
9.6,2,1.00460354843061,0.988725027129317,1.02073707231785
9.8,2,1.00453000550146,0.988766511725253,1.020544810111
10,2,1.00450531830043,0.988864761629208,1.02039325663846
10.2,2,1.00452563810971,0.989015815631114,1.02027868682344
10.4,2,1.00458712230939,0.989215343037433,1.02019776928559
10.6,2,1.00468593272867,0.989458724513536,1.02014747903621
10.8,2,1.00481823414494,0.989741127185153,1.02012501646936
11,2,1.00498019293024,0.990057575033432,1.02012773160995
11.2,2,1.00516797584454,0.990403015447821,1.02015305275153
11.4,2,1.00537774897573,0.990772382542294,1.02019841887585
11.6,2,1.00560567682605,0.991160657527202,1.02026121556084
11.8,2,1.00584792154505,0.991562926090813,1.02033871442247
12,2,1.00610064230894,0.991974432410985,1.02042801647038
12.2,2,1.00635999484675,0.992390629119128,1.02052600005594
12.4,2,1.00662213111308,0.992807222307204,1.0206292743236
12.6,2,1.00688319910807,0.993220210533152,1.02073413921159
12.8,2,1.00713934284461,0.993625916763219,1.02083655306586
13,2,1.00738670246302,0.994021012302051,1.02093210881838
13.2,2,1.00762141449367,0.994402531997709,1.02101601944489
13.4,2,1.00783961226759,0.994767880346617,1.02108311307936
13.6,2,1.00803742647532,0.995114828523939,1.02112783776143
13.8,2,1.00821098587424,0.995441502778895,1.02114427537917
14,2,1.00835641814431,0.995746365008996,1.02112616399421
14.2,2,1.00846985089235,0.996028186614165,1.02106692744911
14.4,2,1.00854741280472,0.996286016894154,1.02095971099346
14.6,2,1.00858523494812,0.996519147267859,1.02079742164947
14.8,2,1.00857945221832,0.996727072451101,1.02057277217872
15,2,1.00852620493608,0.996909449426765,1.02027832781366
15.2,2,1.0084216405899,0.997066054569927,1.0199065553873
15.4,2,1.0082622291876,0.997196891748589,1.01945035250135
15.6,2,1.00804922176005,0.997304261792741,1.01890994796754
15.8,2,1.00778758993737,0.997392013556208,1.0182915169037
16,2,1.00748240568572,0.997463747119659,1.01760169299117
16.2,2,1.0071387409787,0.997522818101671,1.01684735945236
16.4,2,1.00676166574043,0.997572382453251,1.01603559744894
16.6,2,1.00635624604285,0.997615434421056,1.015173642073
16.8,2,1.00592754255754,0.997654839090734,1.0142688445215
17,2,1.00548060926181,0.997693360701576,1.01332863926304
17.2,2,1.00502049239876,0.997733687744704,1.01236051518379
17.4,2,1.00455222969075,0.997778455716912,1.01137198983877
17.6,2,1.00408084980564,0.997830268297368,1.01037058603834
17.8,2,1.00361137207508,0.997891717641001,1.00936381007301
18,2,1.00314880646413,0.99796540443714,1.00835913092395
18.2,2,1.00269815379123,0.998053958361979,1.00736395982682
18.4,2,1.00226440619789,0.998160059556309,1.00638562955298
18.6,2,1.00185254786721,0.998286461783233,1.00543137274956
18.8,2,1.00146755599066,0.998436017961537,1.00450829863846
19,2,1.00111440198256,0.998611708824972,1.00362336732081
19.2,2,1.00079805294177,0.998816675519649,1.00278336087145
19.4,2,1.00052347336048,0.999054257010524,1.00199485035053
19.6,2,1.00029562708004,0.999328033207005,1.00126415782052
19.8,2,1.00011947949417,0.99964187471105,1.00059731246534
20,2,1,1,1
20.2,2,0.999942164697907,0.9994775047913,1.00040704062621
20.4,2,0.999950959341349,0.999034644552899,1.00086811457392
20.6,2,1.00003138253834,0.998675698220153,1.00138890717362
20.8,2,1.0001884492066,0.998404328739332,1.00197575784699
21,2,1.00042719419529,0.998223503473645,1.00263574981221
21.2,2,1.00075261371246,0.998135075416808,1.00337701631626
21.4,2,1.00116955987423,0.998139699757428,1.00420861715284
21.6,2,1.00168288766164,0.998238435006698,1.00513922550722
21.8,2,1.00229748872139,0.998433045535297,1.00617688926612
22,2,1.00301829611855,0.998726025607238,1.00732901371712
22.2,2,1.00385028934549,0.999120592207037,1.00860237620866
22.4,2,1.00479849959334,0.99962065457169,1.0100031648682
22.6,2,1.00586801529318,1.00023076760096,1.01153703421517
22.8,2,1.00706398793466,1.00095607576952,1.01320917105696
23,2,1.00839163817081,1.00180225321986,1.01502436500274
23.2,2,1.0098562622185,1.00277544446703,1.01698707917998
23.4,2,1.01146323856487,1.00388220882171,1.01910151806448
23.6,2,1.01321803499103,1.00512947042932,1.02137169054707
23.8,2,1.0151262159255,1.00652447483462,1.02380146734986
24,2,1.01719345014053,1.00807475224677,1.0263946326428
24.2,2,1.01942551880593,1.00978808717958,1.02915493021451
24.4,2,1.02182832391602,1.01167249383082,1.03208610486512
24.6,2,1.02440789710663,1.01373619639292,1.03519193986408
24.8,2,1.02717040888035,1.01598761340759,1.03847629139958
25,2,1.03012217825976,1.01843534524923,1.04194312097735
25.2,2,1.03326968288961,1.02108816381833,1.04559652673512
25.4,2,1.03661956961083,1.02395500352307,1.04944077464624
25.6,2,1.04017866553068,1.02704495261009,1.05348033060822
25.8,2,1.04395398961516,1.03036724386207,1.05771989446055
26,2,1.04795276483183,1.03393124360038,1.06216443706108
26.2,2,1.05218243087306,1.03774643780788,1.06681924167963
26.4,2,1.05665065749195,1.04182241401075,1.07168995115002
26.6,2,1.06136535848533,1.04616883732163,1.07678262246534
26.8,2,1.06633330940239,1.05079383445322,1.08210258707193
27,2,1.0715446830135,1.05568646585204,1.0876411177326
27.2,2,1.07697838306512,1.06082296922455,1.09337982984798
27.4,2,1.08261276840051,1.06617902608152,1.09929981516462
27.6,2,1.08842580272205,1.07172997606309,1.10538172346633
27.8,2,1.09439501331642,1.07745081132556,1.11160568313864
28,2,1.10049745436705,1.08331617437203,1.11795122764634
28.2,2,1.10670967500705,1.08930035982152,1.12439722773513
28.4,2,1.11300769228651,1.09537732011244,1.13092182971415
28.6,2,1.11936696924665,1.10152067475237,1.13750240059916
28.8,2,1.12576239830849,1.10770372244274,1.14411548121414
29,2,1.13216829019584,1.11389945521765,1.15073674856454
29.2,2,1.1385583686213,1.12008057364046,1.15734098891148
29.4,2,1.14490577096892,1.12621950209633,1.16390208299361
29.6,2,1.15118305520903,1.13228840329637,1.17039300477011
29.8,2,1.1573622132778,1.13825919125604,1.17678583490743
30,2,1.16341469114772,1.14410354220547,1.18305179002344
30.2,2,1.1693114158037,1.14979290311011,1.18916126846011
30.4,2,1.17502282932422,1.1552984976974,1.19508391310548
30.6,2,1.18051893024592,1.16059133007761,1.20078869155069
30.8,2,1.18576932236503,1.1656421861937,1.20624399366785
31,2,1.19074327109822,1.17042163342544,1.21141774653981
31.2,2,1.19540976749003,1.17490001870651,1.21627754656417
31.4,2,1.19973759991291,1.17904746549673,1.22079080848404
31.6,2,1.20369543346028,1.18283386990573,1.22492493104598
31.8,2,1.20725189698131,1.18622889621714,1.22864747892484
32,2,1.21037567765066,1.18920197205206,1.23192638044511
32.2,2,1.21303562290474,1.19172228348797,1.23473014042263
32.4,2,1.21520091488427,1.19375883424662,1.23702813430278
32.6,2,1.21685715767957,1.19529600457384,1.23880723814844
32.8,2,1.21802745895526,1.19635421024004,1.2400933419805
33,2,1.21874080583402,1.19695941042347,1.24091856321132
33.2,2,1.21902679431866,1.1971381465851,1.24131565726628
33.4,2,1.21891552050055,1.19691757621313,1.24131776125958
33.6,2,1.21843747828159,1.19632549345654,1.24095816448062
33.8,2,1.21762346398737,1.19539033534109,1.24027010777995
34,2,1.21650448818183,1.1941411722403,1.23928661381817
34.2,2,1.21511169493045,1.19260768157774,1.23804034970112
34.4,2,1.21347628870021,1.19082010432989,1.23656352280538
34.6,2,1.21162946903101,1.18880918469762,1.23488780968475
34.8,2,1.20960237306424,1.18660609419713,1.23304431696232
35,2,1.20742602597131,1.18424234225472,1.23106357218842
35.2,2,1.20513129928681,1.18174967605071,1.22897554190521
35.4,2,1.20274887711892,1.17915997275668,1.22680967369414
35.6,2,1.20030923018295,1.17650512740357,1.22459495883537
35.8,2,1.1978425975829,1.17381693941217,1.22236001237356
36,2,1.19537897625026,1.17112700035822,1.22013316781531
36.2,2,1.19294811793907,1.16846658490656,1.21794258430434
36.4,2,1.19057953367184,1.16586654611915,1.21581636484609
36.6,2,1.18830250553099,1.1633572156057,1.21378268489617
36.8,2,1.18614610569642,1.16096830832251,1.21186993130905
37,2,1.1841392226404,1.1587288313003,1.2101068521976
37.2,2,1.1823105944066,1.15666699525818,1.20852271861884
37.4,2,1.1806888489207,1.15481012799453,1.20714749911882
37.6,2,1.17930255130539,1.1531845887021,1.20601204797636
37.8,2,1.17818025820274,1.15181568300376,1.2051483074086
38,2,1.17735057914207,1.15072757962794,1.20458952296454
38.2,2,1.17683935775807,1.14994033148708,1.2043675972104
38.4,2,1.17664483773184,1.14944526551496,1.20448803931584
38.6,2,1.1767499876354,1.14921878184665,1.20494074346297
38.8,2,1.17713783823436,1.14923842248846,1.20571455242742
39,2,1.17779161001824,1.14948325036064,1.20679712052711
39.2,2,1.17869467377219,1.14993396340592,1.20817471106253
39.4,2,1.1798305137229,1.15057291376766,1.20983209708406
39.6,2,1.18118269318292,1.15138403454255,1.21175256284423
39.8,2,1.18273482263215,1.15235268185984,1.21391799809848
40,2,1.18447053018877,1.15346540442866,1.21630907307583
0,3,0.985592064987065,0.961477311989095,1.01031163861356
0.2,3,0.986046074759756,0.962705604269231,1.00995242703211
0.4,3,0.986525252879015,0.963925280235891,1.00965509933492
0.6,3,0.9870268998875,0.965137828709387,1.00941240942166
0.8,3,0.987548312432901,0.966343021762421,1.00921892891657
1,3,0.988086782685991,0.967539098648184,1.00907083908323
1.2,3,0.988639597832952,0.968722978741631,1.00896569592367
1.4,3,0.989204039642154,0.969890501093994,1.00890217085395
1.6,3,0.989777384105611,0.971036689847459,1.00887976770563
1.8,3,0.990356901155353,0.972156044931851,1.00889851663144
2,3,0.990939854454984,0.973242855784054,1.00895864717773
2.2,3,0.991523501266723,0.97429153213636,1.00906024648342
2.4,3,0.992105092394224,0.97529694046217,1.00920291402547
2.6,3,0.99268187220149,0.976254728291254,1.00938543070848
2.8,3,0.993251078708195,0.977161612809735,1.0096054658945
3,3,0.993809943761712,0.978015606862899,1.00985934926712
3.2,3,0.994355693286158,0.978816156431844,1.01014193347088
3.4,3,0.994885547608727,0.979564169625416,1.01044656749666
3.6,3,0.995396721863569,0.980261927359236,1.0107651906526
3.8,3,0.995886426473453,0.98091287767598,1.01108854517626
4,3,0.996351954902732,0.981521387676952,1.01140660866091
4.2,3,0.99679232006278,0.982093287540456,1.01171135363779
4.4,3,0.997208114323672,0.982634579609901,1.01199779033601
4.6,3,0.997599991321032,0.983150030075765,1.0122623325425
4.8,3,0.997968607520188,0.983643251034556,1.01250259232531
5,3,0.998314622057628,0.984116840011679,1.01271723447212
5.2,3,0.9986386965866,0.984572519966244,1.01290583080094
5.4,3,0.998941495126898,0.985011274935085,1.01306871919017
5.6,3,0.999223683918891,0.985433479024344,1.01320686962349
5.8,3,0.999485931281829,0.985839018134781,1.01332175786709
6,3,0.999728907476469,0.98622740477005,1.01341524643308
6.2,3,0.99995328457207,0.986597886685677,1.01348947207408
6.4,3,1.00015973631777,0.986949550128264,1.01354673906203
6.6,3,1.00034893801843,0.987281418102414,1.01358941781561
6.8,3,1.00052156641486,0.987592543583759,1.01361984895985
7,3,1.00067829956866,0.987882096961599,1.01364025353579
7.2,3,1.00081981675145,0.988149446338612,1.01365265073394
7.4,3,1.00094679833874,0.988394228737279,1.01365878510293
7.6,3,1.00105992570831,0.988616409861279,1.01366006558575
7.8,3,1.00115988114319,0.988816329917356,1.01365751887857
8,3,1.00124734773925,0.988994733166782,1.01365175944351
8.2,3,1.00132300931741,0.989152779341344,1.01364297804037
8.4,3,1.00138755034049,0.989292035762258,1.01363094993914
8.6,3,1.00144165583469,0.989414449821942,1.01361506315317
8.8,3,1.00148601131576,0.989522302274247,1.01359436624722
9,3,1.00152130271982,0.989618142369699,1.01356763468357
9.2,3,1.00154821633887,0.989704706136887,1.01353345440476
9.4,3,1.00156743876099,0.989784818967209,1.0134903214953
9.6,3,1.00157965679371,0.989861283017609,1.01343675736548
9.8,3,1.00158546116924,0.989936435397681,1.01337156624869
10,3,1.00158512527502,0.990011237844693,1.01329431911918
10.2,3,1.00157885725558,0.990085994076187,1.01320512895187
10.4,3,1.00156686535817,0.990160632542517,1.01310449316446
10.6,3,1.0015493579206,0.990234788042507,1.01299320975594
10.8,3,1.00152654335961,0.990307877317522,1.01287229964368
11,3,1.00149863015957,0.990379169463575,1.01274293435994
11.2,3,1.0014658268617,0.990447851906181,1.01260636836314
11.4,3,1.00142834205363,0.99051309246546,1.01246387543662
11.6,3,1.00138638435951,0.990574097749074,1.01231668893752
11.8,3,1.00134016243042,0.990630167790053,1.01216594597862
12,3,1.00128988493532,0.990680746534234,1.01201263593866
12.2,3,1.00123576055239,0.990725467515621,1.01185755396272
12.4,3,1.0011779979608,0.990764193872618,1.01170126029975
12.6,3,1.0011168058329,0.990797051782994,1.01154404639931
12.8,3,1.00105239282692,0.990824456448694,1.01138590863638
13,3,1.00098496758,0.990847129945248,1.01122653034933
13.2,3,1.0009147387017,0.990866110547857,1.01106527257893
13.4,3,1.00084191476801,0.990882753522304,1.01090117352008
13.6,3,1.00076670431567,0.990898723775129,1.01073295629164
13.8,3,1.00068931583701,0.990915981139842,1.01055904424759
14,3,1.0006099577752,0.990936759383921,1.01037758274439
14.2,3,1.00052883851994,0.990963540215998,1.01018646608518
14.4,3,1.00044616640357,0.990999023631844,1.00998336830191
14.6,3,1.00036214969764,0.991046095855986,1.00976577651853
14.8,3,1.00027699660987,0.991107795919799,1.00953102585405
15,3,1.0001909152816,0.991187281577588,1.00927633516404
15.2,3,1.00010411378561,0.9912877948028,1.00899884337816
15.4,3,1.00001682678347,0.991412517324721,1.00869581165731
15.6,3,0.999929694597301,0.991562933622345,1.00836705390428
15.8,3,0.999843673195645,0.99173901764843,1.00801456133064
16,3,0.999759726553125,0.991940472435293,1.00764061817508
16.2,3,0.999678818330346,0.992166807994021,1.00724770448517
16.4,3,0.999601911898545,0.992417378176545,1.006838457532
16.6,3,0.99952997037352,0.99269141140046,1.00641563954446
16.8,3,0.999463956658854,0.992988036584167,1.00598211041539
17,3,0.99940483349841,0.99330630539959,1.00554080427203
17.2,3,0.999353563538106,0.993645211761703,1.00509470899138
17.4,3,0.99931110939697,0.994003709331431,1.00464684788337
17.6,3,0.999278433747474,0.99438072770451,1.00420026286907
17.8,3,0.999256499405146,0.994775187888013,1.00375799855176
18,3,0.999246269427482,0.995186017624318,1.00332308662085
18.2,3,0.999248707222141,0.9956121671058,1.0028985300448
18.4,3,0.999264776664467,0.996052625630414,1.00248728650286
18.6,3,0.999295442224319,0.996506439776393,1.00209225047695
18.8,3,0.999341669102254,0.996972733721864,1.00171623337764
19,3,0.999404423375064,0.997450732399361,1.00136194101439
19.2,3,0.99948467215071,0.997939788251336,1.00103194764353
19.4,3,0.999583383732663,0.998439412432204,1.00072866574895
19.6,3,0.999701527793708,0.99894931137023,1.00045431064187
19.8,3,0.999840075559222,0.999469429633662,1.00021085893611
20,3,1,1,1
20.2,3,1.00018227603465,0.999823079668827,1.00054160144532
20.4,3,1.00038788074161,0.999681035904535,1.00109522536771
20.6,3,1.00061779358089,0.999574326822086,1.00166234962626
20.8,3,1.00087299662557,0.999502852686315,1.00224501879299
21,3,1.00115447544531,0.999465875387343,1.00284592839724
21.2,3,1.00146366701827,0.999462128838418,1.00346921350916
21.4,3,1.00180324483209,0.999490597031293,1.00412124369858
21.6,3,1.00217609855236,0.999550810544137,1.00480828179499
21.8,3,1.00258512523352,0.999642895830555,1.00553601444279
22,3,1.00303323031611,0.999767606151967,1.00630952126032
22.2,3,1.00352332870882,0.999926320348353,1.00713327649181
22.4,3,1.00405834595582,1.00012101631094,1.00801117628959
22.6,3,1.00464121949014,1.00035422619777,1.00894658458624
22.8,3,1.00527489997414,1.00062898036007,1.00994239058953
23,3,1.00596235272768,1.00094874616443,1.01100107171639
23.2,3,1.00670655924546,1.00131736660683,1.01212475707093
23.4,3,1.00751051880435,1.00173900215494,1.0133152880319
23.6,3,1.00837725016228,1.00221807789573,1.0145742738744
23.8,3,1.00930979335004,1.00275923695804,1.01590314145859
24,3,1.01031121155754,1.00336730037054,1.01730317882785
24.2,3,1.0113845931164,1.00404723298203,1.01877557309252
24.4,3,1.01253305358068,1.00480411475824,1.02032144328957
24.6,3,1.01375973790785,1.00564311661275,1.02194186906441
24.8,3,1.01506782274225,1.00656947987517,1.02363791607757
25,3,1.01646051880359,1.00758849849975,1.02541065903871
25.2,3,1.01794107338289,1.00870550314156,1.02726120324783
25.4,3,1.01951277294905,1.00992584625083,1.02919070550067
25.6,3,1.02117894586879,1.01125488734477,1.03120039520775
25.8,3,1.02294296524352,1.01269797759812,1.03329159659532
26,3,1.02480825186654,1.01426044284169,1.03546575290985
26.2,3,1.02677827730441,1.01594756396334,1.03772445364341
26.4,3,1.02885656710664,1.01776455356238,1.04006946594213
26.6,3,1.03104670414788,1.01971652750575,1.04250277156384
26.8,3,1.03335162602344,1.02180759542666,1.04502607710546
27,3,1.03576583331731,1.0240312158876,1.04763492052106
27.2,3,1.03827818051064,1.02637379585397,1.05032063803571
27.4,3,1.04087733723435,1.02882153479117,1.05307441041073
27.6,3,1.04355187692109,1.03136057156888,1.05588729087148
27.8,3,1.04629026765663,1.03397700712249,1.0587501623847
28,3,1.04908086430057,1.03665692687002,1.06165369787725
28.2,3,1.05191190189546,1.03938642325434,1.06458832306544
28.4,3,1.05477149038621,1.04215161832618,1.06754418202452
28.6,3,1.057647610673,1.04493868592887,1.07051110598699
28.8,3,1.06052811202285,1.04773387277863,1.07347858612984
29,3,1.06340071086582,1.05052351755189,1.07643575129585
29.2,3,1.06625299100244,1.05329406699558,1.0793713516915
29.4,3,1.06907240524917,1.05603208806833,1.08227374961289
29.6,3,1.07184627854834,1.05872427519549,1.08513091817584
29.8,3,1.07456181256842,1.06135745186683,1.08793044887878
30,3,1.07720609181883,1.06391856600386,1.09065956862659
30.2,3,1.07976609130217,1.06639467874796,1.09330516661507
30.4,3,1.0822286857242,1.06877294654385,1.09585383124803
30.6,3,1.08458066027914,1.07104059658778,1.09829189705708
30.8,3,1.08680872302474,1.07318489585707,1.10060550144005
31,3,1.08889951885737,1.07519311402367,1.10278065093869
31.2,3,1.09083964509351,1.07705248058121,1.10480329673964
31.4,3,1.09261566865847,1.07875013649267,1.10665941909348
31.6,3,1.09421414487842,1.08027308062069,1.10833512037908
31.8,3,1.09562163786526,1.08160811117002,1.10981672655917
32,3,1.09682474247773,1.08274176240161,1.11109089672772
32.2,3,1.09781010783508,1.08366023703204,1.11214474027918
32.4,3,1.09856449419337,1.08434936638429,1.1129659732513
32.6,3,1.09908257159683,1.08480220877187,1.11355092146751
32.8,3,1.09937711417271,1.08502925282411,1.11391470416204
33,3,1.09946356970323,1.0850435175018,1.11407526205746
33.2,3,1.09935751517144,1.08485820730541,1.11405060866511
33.4,3,1.09907462834195,1.08448681443845,1.11385866806549
33.6,3,1.09863066147345,1.08394320230514,1.11351713610342
33.8,3,1.09804141720829,1.08324166818642,1.11304336725099
34,3,1.09732272667421,1.08239698318263,1.11245428912338
34.2,3,1.09649042982405,1.08142440823299,1.11176634588842
34.4,3,1.09556035803132,1.08033968610776,1.11099547070604
34.6,3,1.09454831895167,1.07915901052493,1.11015708606017
34.8,3,1.09347008365427,1.07789897474826,1.10926612962604
35,3,1.09234137602101,1.07657650297246,1.10833710235454
35.2,3,1.09117786440714,1.07520876835275,1.10738413489342
35.4,3,1.08999515555296,1.07381310163466,1.10642106835938
35.6,3,1.08880879073332,1.07240689401585,1.10546154579329
35.8,3,1.08763424412975,1.07100749721977,1.10451911128028
36,3,1.08648692340894,1.0696321229104,1.10360731456595
36.2,3,1.08538217249095,1.06829774266263,1.10273981991666
36.4,3,1.08433527649145,1.06702098884052,1.10193051883773
36.6,3,1.0833614688236,1.06581805602091,1.10119364698452
36.8,3,1.08247594044761,1.06470460210038,1.10054390610914
37,3,1.08169385125935,1.06369564799709,1.09999659212246
37.2,3,1.08103034361337,1.06280547495789,1.09956773026517
37.4,3,1.08050055798059,1.06204751896687,1.09927421791076
37.6,3,1.08011965074692,1.06143426269683,1.09913397459535
37.8,3,1.07990281416527,1.0609771269277,1.09916609740591
38,3,1.07986529848138,1.06068636543602,1.09939101780093
38.2,3,1.08002081677598,1.06056933181072,1.09982905377622
38.4,3,1.08036758890138,1.06061676554294,1.10048621242668
38.6,3,1.08089521467588,1.06081129457934,1.1013593756772
38.8,3,1.08159327248221,1.06113684614125,1.10244405453719
39,3,1.08245139720629,1.06157897642208,1.1037342047437
39.2,3,1.08345926415063,1.06212498013818,1.10522207746314
39.4,3,1.08460657398879,1.06276387727558,1.10689819770255
39.6,3,1.08588303874436,1.06348628600442,1.10875146144366
39.8,3,1.08727836878102,1.06428419953613,1.11076933373094
40,3,1.0887822607948,1.06515069022821,1.11293812443331
0,4,0.971650101819555,0.945091765064732,0.998954763193061
0.2,4,0.972113385619032,0.94629078353665,0.998640640848107
0.4,4,0.972607602727325,0.947487085204255,0.998394135028307
0.6,4,0.973131047414334,0.948681627503679,0.998210577697782
0.8,4,0.973682012922007,0.949873990109982,0.998086769570436
1,4,0.974258790959876,0.951062578964993,0.998020753582333
1.2,4,0.97485967123087,0.952244852463904,0.998011568278217
1.4,4,0.975482940987392,0.953417566995328,0.998058983910116
1.6,4,0.976126884617656,0.954577038848776,0.998163224230158
1.8,4,0.976789783262338,0.955719418158164,0.998324678308238
2,4,0.977469914461574,0.95684096811954,0.998543609138348
2.2,4,0.978165551832385,0.957938339544447,0.998819868976713
2.4,4,0.978874964776616,0.959008827512883,0.9991526346545
2.6,4,0.979596418219482,0.960050594329026,0.999540178670588
2.8,4,0.980328172378858,0.961062842071475,0.999979692782876
3,4,0.981068482565412,0.96204591944986,1.00046717939784
3.2,4,0.981815599013751,0.963001351576376,1.00099742216227
3.4,4,0.982567766744706,0.963931787057207,1.00156404136549
3.6,4,0.983323225458923,0.964840863268822,1.00215963330062
3.8,4,0.98408020946192,0.965732996242708,1.00277598717486
4,4,0.984836958010065,0.966613076882858,1.00340442009152
4.2,4,0.985591910284868,0.967485438529465,1.00403724431806
4.4,4,0.986343688997384,0.968352961248169,1.00466866086822
4.6,4,0.987090919660593,0.969217336745481,1.00529411385494
4.8,4,0.987832223701754,0.970079225278035,1.00591011203634
5,4,0.988566218535275,0.970938398388286,1.00651407962786
5.2,4,0.989291517654887,0.971793876330586,1.0071042128804
5.4,4,0.990006730745204,0.972644058369618,1.00767934424409
5.6,4,0.990710463812782,0.973486845515247,1.00823881455599
5.8,4,0.99140131933674,0.974319756034539,1.0087823529135
6,4,0.992077896439026,0.975140034396304,1.00930996358097
6.2,4,0.992738791074414,0.975944754278065,1.00982181930258
6.4,4,0.993382596240273,0.976730916000421,1.01031816065976
6.6,4,0.99400790220619,0.977495538333777,1.01079920153146
6.8,4,0.994613296763481,0.978235744123962,1.0112650412142
7,4,0.99519736549463,0.978948838679541,1.01171558426218
7.2,4,0.995758692062693,0.979632379426179,1.01215046954573
7.4,4,0.996295858520676,0.980284235028317,1.01256901033074
7.6,4,0.996807445640906,0.980902632058232,1.0129701473022
7.8,4,0.997292033264367,0.981486187386748,1.01335241636025
8,4,0.997748200670014,0.982033924775254,1.01371393271172
8.2,4,0.998174526963998,0.982545274625547,1.01405239230275
8.4,4,0.998569591488776,0.983020056418377,1.01436509106349
8.6,4,0.998931974252035,0.983458443945627,1.01464896186121
8.8,4,0.999260256375351,0.983860913909455,1.01490062858948
9,4,0.999553020562477,0.984228178728698,1.01511647655332
9.2,4,0.999808851587166,0.984561104387109,1.01529273831543
9.4,4,1.00002633680037,0.984860613840898,1.01542559448511
9.6,4,1.00020406682429,0.98512757596998,1.01551128980104
9.8,4,1.00034138575994,0.985363119023148,1.01554733351108
10,4,1.00044011542385,0.985569464251458,1.01553514070107
10.2,4,1.00050259214496,0.985748685215693,1.01547732388783
10.4,4,1.0005311569553,0.985902482731565,1.01537688926874
10.6,4,1.00052815476793,0.986032268793308,1.01523714807873
10.8,4,1.00049593360921,0.986139244579678,1.01506163421699
11,4,1.00043684390556,0.986224473501425,1.01485402718741
11.2,4,1.00035323782505,0.986288950089114,1.01461807955634
11.4,4,1.00024746867396,0.98633366526576,1.0143575483851
11.6,4,1.0001218903484,0.986359668237361,1.01407613040537
11.8,4,0.999978856841192,0.986368124898951,1.01377740104067
12,4,0.999820721803973,0.986360372326477,1.01346475770394
12.2,4,0.999649838164677,0.986337968638951,1.01314136808664
12.4,4,0.999468557800298,0.986302737304207,1.0128101243658
12.6,4,0.99927923126498,0.986256804855164,1.01247360436126
12.8,4,0.9990842075734,0.986202631003123,1.0121340406558
13,4,0.998885834039372,0.986143030288502,1.01179329853665
13.2,4,0.998686456169638,0.986081184687679,1.0114528633386
13.4,4,0.998488417612756,0.986020646969218,1.01111383739407
13.6,4,0.998294060163025,0.985965335019547,1.01077694636903
13.8,4,0.998105723819364,0.985919517783316,1.01044255433832
14,4,0.997925746899076,0.985887793832445,1.01011068658522
14.2,4,0.997756466206417,0.985875063842919,1.00978105884554
14.4,4,0.997600217255931,0.985886498386311,1.00945311158843
14.6,4,0.997459334550489,0.985927502416655,1.00912604795301
14.8,4,0.997336151914007,0.986003677649124,1.00879887414436
15,4,0.997233002878835,0.986120783687823,1.00847044143181
15.2,4,0.997152221127829,0.986284698263299,1.00813948938983
15.4,4,0.997096012137383,0.986501093401955,1.00780471919374
15.6,4,0.997064621374065,0.98677130959218,1.00746530582316
15.8,4,0.997056769184591,0.987093079445307,1.00712103212744
16,4,0.997071137400743,0.987463760533108,1.00677198776479
16.2,4,0.997106409324445,0.98788047410755,1.00641850666607
16.4,4,0.997161269442917,0.988340147728607,1.00606112132768
16.6,4,0.997234403161335,0.988839550931069,1.00570052432891
16.8,4,0.997324496552958,0.98937532543363,1.00533753556939
17,4,0.99743023612666,0.989944011144325,1.0049730739718
17.2,4,0.997550308611851,0.990542069016861,1.00460813259478
17.4,4,0.99768340076074,0.991165901657649,1.00424375625597
17.6,4,0.99782819916795,0.991811872468353,1.00388102088032
17.8,4,0.997983390107441,0.992476324028372,1.00352101386941
18,4,0.998147659386761,0.993155596371964,1.00316481483746
18.2,4,0.99831969221862,0.993846045792248,1.00281347608221
18.4,4,0.998498173109774,0.994544064806452,1.00246800215693
18.6,4,0.998681785767263,0.995246103941126,1.00212932788561
18.8,4,0.998869213021984,0.995948696039957,1.00179829411929
19,4,0.999059136769635,0.996648483856606,1.00147562047212
19.2,4,0.999250237929048,0.997342251764507,1.00116187420587
19.4,4,0.999441196417922,0.99802696248465,1.0008574343628
19.6,4,0.99963069114599,0.998699799784007,1.00056245019487
19.8,4,0.999817400025639,0.999358218104144,1.00027679293058
20,4,1,1,1
20.2,4,1.00017716708854,0.99973121106557,1.00062332204176
20.4,4,1.00034757645019,0.999469095663781,1.00122682937503
20.6,4,1.00050990246396,0.999211773055421,1.00180971834178
20.8,4,1.00066281882717,0.998956726121858,1.00237182532469
21,4,1.00080499944555,0.998700713143627,1.00291371952907
21.2,4,1.00093565818201,0.998439920356242,1.00343763444753
21.4,4,1.00105549426278,0.998170892424022,1.00394843227706
21.6,4,1.00116546060307,0.997890815158993,1.00445085201516
21.8,4,1.00126651085016,0.997597553327608,1.00494896203983
22,4,1.00135959929379,0.997289679632277,1.00544612821778
22.2,4,1.00144568078562,0.9969664692787,1.0059450166762
22.4,4,1.00152571066776,0.996627867776125,1.00644762359171
22.6,4,1.00160064471044,0.996274439388086,1.00695532457958
22.8,4,1.00167143905881,0.995907303410712,1.00746893650639
23,4,1.00173905018877,0.995528064624642,1.0079887853804
23.2,4,1.00180443487205,0.995138742982908,1.00851477525736
23.4,4,1.00186855015034,0.994741706152492,1.00904645454412
23.6,4,1.00193235331859,0.994339607169004,1.00958307744036
23.8,4,1.00199680191747,0.993935328337468,1.01012365938556
24,4,1.00206285373494,0.993531931668047,1.01066702622186
24.2,4,1.002131466817,0.993132615559474,1.01121185736011
24.4,4,1.00220359948763,0.992740677087197,1.01175672359172
24.6,4,1.00228021037781,0.992359479060074,1.01230012038226
24.8,4,1.00236225846378,0.991992420924769,1.01284049756747
25,4,1.00245070311443,0.991642912576274,1.01337628639313
25.2,4,1.00254650414793,0.991314350142672,1.01390592483058
25.4,4,1.00265062189746,0.991010092828279,1.01442788208371
25.6,4,1.00276401728625,0.990733439904895,1.01494068319788
25.8,4,1.00288765191172,0.990487606924392,1.01544293469769
26,4,1.00302248813893,0.990275700178482,1.01593335222815
26.2,4,1.00316948920325,0.990100688346428,1.01641079125904
26.4,4,1.00332961932231,0.989965370142139,1.01687428204172
26.6,4,1.00350384381716,0.989872336592795,1.01732307018706
26.8,4,1.00369298618548,0.989823589317638,1.01775672088437
27,4,1.00389615374456,0.989816838104253,1.0181757358597
27.2,4,1.00411131920876,0.989847041328511,1.01858115372044
27.4,4,1.0043364339038,0.989909125464531,1.01897401137025
27.6,4,1.00456944765238,0.989998076166254,1.0193552891179
27.8,4,1.00480830859174,0.990108977471635,1.01972586855362
28,4,1.0050509630331,0.99023704796194,1.02008649380747
28.2,4,1.00529535536302,0.990377674253261,1.02043773581271
28.4,4,1.00553942798685,0.99052644173007,1.02077995966478
28.6,4,1.0057811213142,0.990679162088232,1.02111329550904
28.8,4,1.00601837378658,0.99083189702006,1.0214376136255
29,4,1.00624912194727,0.990980977238918,1.02175250451406
29.2,4,1.0064713005535,0.991123016000666,1.02205726482409
29.4,4,1.00668284273092,0.991254916327133,1.02235088992423
29.6,4,1.0068816801706,0.991373871260659,1.02263207378462
29.8,4,1.00706574336837,0.991477356660316,1.02289921666214
30,4,1.00723296190667,0.991563116265551,1.02315044086371
30.2,4,1.00738126477899,0.991629138974342,1.02338361464183
30.4,4,1.0075085807567,0.991673628483068,1.02359638407559
30.6,4,1.00761283879844,0.991694965590353,1.02378621263551
30.8,4,1.0076919685019,0.991691663560254,1.02395042803699
31,4,1.00774390059805,0.991662316963494,1.02408627596359
31.2,4,1.00776656748757,0.991605544371098,1.02419098028521
31.4,4,1.00775790381949,0.991519925174915,1.02426180949566
31.6,4,1.00771584711181,0.991403930675322,1.02429614922803
31.8,4,1.00763833841392,0.99125584943767,1.0242915808442
32,4,1.00752332301068,0.991073706813886,1.02424596619947
32.2,4,1.00736875116769,0.990855178501444,1.02415753870702
32.4,4,1.00717258678632,0.990597505339838,1.02402500925524
32.6,4,1.00693472749739,0.990299182388073,1.02384972488336
32.8,4,1.00665950967067,0.989962404830263,1.02363823460967
33,4,1.00635189063223,0.989589803102562,1.02339790143745
33.2,4,1.00601682515453,0.989184011745447,1.02313608032157
33.4,4,1.00565926398742,0.988747786259659,1.02285999452859
33.6,4,1.00528415263249,0.988284103858903,1.02257662911707
33.8,4,1.00489643036072,0.987796246989431,1.02229264266736
34,4,1.00450102947287,0.987287868287801,1.02201429858744
34.2,4,1.00410287480213,0.986763035802989,1.0217474171653
34.4,4,1.0037068834586,0.986226257783342,1.02149734906317
34.6,4,1.00331796481475,0.985682487035496,1.02126897024169
34.8,4,1.00294102073131,0.985137105676571,1.0210666974875
35,4,1.00258094602296,0.984595891883674,1.02089452293496
35.2,4,1.00224262916317,0.984064970870185,1.02075606534765
35.4,4,1.00193095322767,0.98355075269634,1.02065463554746
35.6,4,1.00165079707626,0.983059859611405,1.0205933132903
35.8,4,1.0014070367725,0.982599045435283,1.02057503307795
36,4,1.00120454724142,0.982175109068221,1.02060267681581
36.2,4,1.00104820416517,0.981794803643051,1.02067917180242
36.4,4,1.00094288611719,0.981464742188826,1.02080759318388
36.6,4,1.00089347693536,0.98119130003851,1.0209912706446
36.8,4,1.0009048683352,0.980980513657981,1.02123389966376
37,4,1.00098196276442,0.980837975161266,1.02153965808163
37.2,4,1.00112967650043,0.980768721565549,1.02191332893447
37.4,4,1.00135294299291,0.980777117890318,1.02236043046907
37.6,4,1.00165671645405,0.980866733590263,1.02288735386618
37.8,4,1.00204597569934,0.981040212619006,1.02350150839862
38,4,1.00252572824255,0.981299138750764,1.02421147242393
38.2,4,1.0031003933756,0.981643202624341,1.02502660488075
38.4,4,1.00376843984199,0.982064462459768,1.02595208292053
38.6,4,1.0045250110722,0.982551524842642,1.02698990572652
38.8,4,1.00536522307328,0.983093846814117,1.02814114343277
39,4,1.00628419662089,0.983682019810799,1.02940570629085
39.2,4,1.00727705323444,0.984307926468977,1.03078217160394
39.4,4,1.00833891139596,0.984964807587875,1.03226770378238
39.6,4,1.00946488301114,0.985647238993704,1.03385806779418
39.8,4,1.01065007011175,0.986351023946455,1.03554773039129
40,4,1.01188956179897,0.987073012051902,1.03733003817945
0,5,0.997360424410572,0.973579447376325,1.02172228353947
0.2,5,0.997326770901388,0.974358704694441,1.02083625174623
0.4,5,0.997288972753941,0.975096134221071,1.01998691233773
0.6,5,0.997248147867099,0.975796653250407,1.01917122293014
0.8,5,0.997205413992342,0.976463623445077,1.01838779634946
1,5,0.997161888706113,0.977099017778729,1.01763671254976
1.2,5,0.997118689394678,0.977703618480602,1.01691930145995
1.4,5,0.997076933251525,0.978277243766063,1.01623789897744
1.6,5,0.997037737287273,0.978819002187597,1.01559557727548
1.8,5,0.997002218352097,0.97932757310979,1.01499585092104
2,5,0.996971493170668,0.979801509731439,1.01444236237949
2.2,5,0.996946678389599,0.980239557146581,1.01393855441342
2.4,5,0.996928890637407,0.980640972504347,1.01348734231388
2.6,5,0.996919246596975,0.98100582835864,1.01309080487149
2.8,5,0.996918863090537,0.981335275362677,1.01274991793037
3,5,0.996928857177175,0.981631738421433,1.01246435641011
3.2,5,0.996950346262844,0.981899022767303,1.01223238832894
3.4,5,0.996984448222931,0.982142313529108,1.01205087725703
3.6,5,0.997032281537377,0.982368062943278,1.01191539905041
3.8,5,0.99709496543836,0.982583770674985,1.01182046739848
4,5,0.997173565102443,0.982797590219648,1.01175982606641
4.2,5,0.997268061059216,0.983016210664321,1.01172653596088
4.4,5,0.997377439633821,0.983243873873294,1.01171416728166
4.6,5,0.997500650636829,0.98348349615865,1.01171758540663
4.8,5,0.997636643963403,0.983736853501411,1.01173283265344
5,5,0.997784369452869,0.984004725409863,1.01175697861591
5.2,5,0.997942776759374,0.984287037188849,1.01178797247041
5.4,5,0.998110815233627,0.984582996320541,1.01182450154969
5.6,5,0.99828743381571,0.984891221125669,1.01186585801357
5.8,5,0.998471580938981,0.985209861450022,1.01191181387029
6,5,0.998662204445048,0.9855367119831,1.01196250374095
6.2,5,0.998858251509839,0.985869319135043,1.01201831444014
6.4,5,0.99905866858077,0.986205082316246,1.01207978052816
6.6,5,0.999262401325019,0.986541350096301,1.01214748535819
6.8,5,0.999468394588929,0.986875511162511,1.01222196769829
7,5,0.999675592368534,0.987205079345493,1.01230363466114
7.2,5,0.999882937791254,0.987527771325061,1.01239268232891
7.4,5,1.00008937310874,0.987841575072224,1.01248902601807
7.6,5,1.0002938397009,0.988144806717231,1.01259224249499
7.8,5,1.00049527809117,0.98843615343491,1.01270152655201
8,5,1.0006926279729,0.988714700145457,1.01281566414658
8.2,5,1.00088482824709,0.988979938326571,1.01293302380863
8.4,5,1.00107081707127,0.989231755947639,1.01305156730612
8.6,5,1.00124953191971,0.989470408344091,1.01316887975171
8.8,5,1.00141990965486,0.989696470596519,1.01328221858637
9,5,1.00158088661004,0.989910772513089,1.01338858034227
9.2,5,1.00173139868351,0.990114317514266,1.01348478388605
9.4,5,1.00187038144373,0.990308186516209,1.01356756904663
9.6,5,1.00199677031638,0.990493427312419,1.01363371026972
9.8,5,1.00210981564256,0.990671014473164,1.01368069514097
10,5,1.00220980693217,0.990841864228075,1.01370817420348
10.2,5,1.00229724823874,0.991006513753233,1.01371662030982
10.4,5,1.00237264427751,0.991165132787895,1.01370688370541
10.6,5,1.00243650036328,0.991317604198024,1.01368010918512
10.8,5,1.00248932235084,0.991463598487062,1.01363765947737
11,5,1.00253161657783,0.991602643158999,1.01358104395149
11.2,5,1.00256388981025,0.991734187723361,1.01351185185908
11.4,5,1.00258664919045,0.991857664899317,1.01343168955292
11.6,5,1.00260040218763,0.99197254827472,1.01334212142775
11.8,5,1.002605656551,0.992078406345932,1.01324461465755
12,5,1.0026029202654,0.992174952543629,1.01314048812425
12.2,5,1.00259270150953,0.992262090575609,1.01303086620699
12.4,5,1.00257550861674,0.992339954225063,1.01291663829364
12.6,5,1.00255185003841,0.9924089406617,1.01279842495702
12.8,5,1.00252223430984,0.99246973637221,1.01267655168949
13,5,1.00248717001879,0.992523334998702,1.0125510309071
13.2,5,1.00244716577657,0.992571046672739,1.01242155263552
13.4,5,1.00240273019166,0.992614498813195,1.0122874839095
13.6,5,1.002354371846,0.992655628769486,1.012147876504
13.8,5,1.00230259927376,0.992696669082312,1.01200148222481
14,5,1.00224792094278,0.992740126450254,1.01184677466996
14.2,5,1.00219084523855,0.992788755692422,1.0116819761717
14.4,5,1.0021318804507,0.992845530061849,1.01150508856408
14.6,5,1.00207153476223,0.992913609185919,1.01131392649964
14.8,5,1.00201031624115,0.992996305696003,1.01110615225295
15,5,1.00194873283478,0.993097051270516,1.01087931128673
15.2,5,1.00188729236665,0.993219362358543,1.01063086831308
15.4,5,1.0018264739531,0.993366642751982,1.01035835180937
15.6,5,1.00176632156212,0.993539788584364,1.01006097042774
15.8,5,1.00170654047099,0.993737554238192,1.0097394316466
16,5,1.00164682709343,0.993958406401113,1.00939471889879
16.2,5,1.00158687791569,0.994200618001235,1.0090280129072
16.4,5,1.00152638949679,0.994462304491811,1.0086406536757
16.6,5,1.0014650584697,0.994741454050628,1.00823410872416
16.8,5,1.00140258154344,0.995035953037373,1.00780994622433
17,5,1.0013386555061,0.995343607811055,1.00736981193444
17.2,5,1.00127297722875,0.995662163820705,1.00691540901926
17.4,5,1.00120524367029,0.995989322738942,1.00644847998598
17.6,5,1.00113515188322,0.996322758303037,1.00597079007141
17.8,5,1.00106239902033,0.996660131456213,1.00548411148758
18,5,1.00098668234231,0.996999105338819,1.00499020797631
18.2,5,1.0009076992262,0.997337360661513,1.00449081914047
18.4,5,1.0008251471749,0.997672611998486,1.003987644014
18.6,5,1.00073872382746,0.998002625566217,1.00348232330514
18.8,5,1.00064812697037,0.998325239100912,1.00297641969972
19,5,1.00055305454967,0.998638384513178,1.00247139554595
19.2,5,1.00045320468411,0.998940114077719,1.00196858716281
19.4,5,1.00034827567908,0.999228631001268,1.00146917492883
19.6,5,1.0002379660415,0.999502325289825,1.00097414822995
19.8,5,1.00012197449569,0.999759815882976,1.00048426429877
20,5,1,1,1
20.2,5,0.999871741764486,0.999521495769785,1.00022211049017
20.4,5,0.999736899269391,0.99904849128366,1.00042578161203
20.6,5,0.999595172284571,0.998580253125783,1.00061112296876
20.8,5,0.999446260889814,0.998115495894313,1.00077880016442
21,5,0.999289865663312,0.99765229960173,1.00093011965796
21.2,5,0.999125804234916,0.997187872198508,1.00106750244286
21.4,5,0.998954215210957,0.996718712195261,1.00119473215252
21.6,5,0.998775291878453,0.996241683578763,1.00131534356545
21.8,5,0.998589227553065,0.995754228891376,1.00143229770185
22,5,0.998396215565234,0.99525440384267,1.00154794533575
22.2,5,0.998196449246678,0.994740879419577,1.00166402316759
22.4,5,0.997990121917267,0.994212917712122,1.00178167644049
22.6,5,0.997777426872261,0.993670328185903,1.00190150126891
22.8,5,0.997558557369924,0.993113411339463,1.00202359974153
23,5,0.997333706619501,0.992542896089858,1.00214764145503
23.2,5,0.997103067769572,0.991959876030116,1.00227292633488
23.4,5,0.996866833896775,0.991365748253659,1.00239844504807
23.6,5,0.996625197994894,0.990762157044878,1.0025229347081
23.8,5,0.996378352964329,0.990150943572103,1.00264492873618
24,5,0.996126491601928,0.989534101854836,1.00276280060607
24.2,5,0.99586980659119,0.988913740698791,1.00287480177915
24.4,5,0.995608490492846,0.988292050947659,1.00297909448018
24.6,5,0.995342735735805,0.987671277225782,1.00307378013946
24.8,5,0.995072734608469,0.987053693281923,1.0031569243907
25,5,0.994798679250422,0.986441580043592,1.00322657951488
25.2,5,0.994520761644489,0.985837205518874,1.00328080519274
25.4,5,0.994239173609163,0.985242805714226,1.00331768839706
25.6,5,0.993954106791398,0.9846605657559,1.00333536323663
25.8,5,0.993665752659779,0.984092600398487,1.00333203156808
26,5,0.993374302498051,0.983540933068496,1.00330598522712
26.2,5,0.993079947399025,0.98300747251712,1.00325563080486
26.4,5,0.992782878258843,0.982493986037859,1.00317951801278
26.6,5,0.992483285771615,0.98200206803454,1.00307637285075
26.8,5,0.99218136055801,0.981532936057897,1.0029453073602
27,5,0.991877294629844,0.981085602191131,1.00278769294441
27.2,5,0.991571280839176,0.980657685160176,1.00260633232528
27.4,5,0.991263511833509,0.980246784804391,1.00240405286163
27.6,5,0.990954180033416,0.979850542622276,1.00218364353578
27.8,5,0.990643477629337,0.979466675156865,1.00194781982999
28,5,0.990331596578744,0.979093004912248,1.00169919125314
28.2,5,0.990018728603676,0.978727489176758,1.00144023114183
28.4,5,0.989705065188653,0.978368246700917,1.00117324878749
28.6,5,0.989390797578954,0.978013581853282,1.00090036426587
28.8,5,0.989076116779266,0.977662005641188,1.00062348658171
29,5,0.988761213552709,0.977312252832611,1.00034429589176
29.2,5,0.988446278420214,0.97696329435008,1.00006423063492
29.4,5,0.988131501660287,0.976614344126415,0.999784480379314
29.6,5,0.987817073309125,0.976264859708245,0.999505985099798
29.8,5,0.987503183161108,0.975914536052865,0.999229441440041
30,5,0.987190020769647,0.975563292165769,0.998955316311327
30.2,5,0.986877775448401,0.975211250443578,0.998683867962957
30.4,5,0.986566636272863,0.974858708791801,0.998415174454394
30.6,5,0.986256792082294,0.974506105753038,0.998149169293109
30.8,5,0.985948431482035,0.97415397898959,0.997885683893791
31,5,0.985641742846167,0.973802917505395,0.997624496473587
31.2,5,0.98533691432054,0.973453507967803,0.997365387022505
31.4,5,0.985034133826157,0.973106275413834,0.997108198063988
31.6,5,0.984733589062919,0.972761618523765,0.996852901022481
31.8,5,0.984435467513727,0.972419739553828,0.996599668105899
32,5,0.984139956448939,0.972080568986729,0.996348949644052
32.2,5,0.98384724293119,0.971743685042225,0.996101556740492
32.4,5,0.983557515173276,0.971408229715394,0.995858750277683
32.6,5,0.983271292471657,0.971073155130288,0.995622656739147
32.8,5,0.982989855665179,0.970737793023635,0.995396556397515
33,5,0.982714590963868,0.970401491735978,0.995183926980229
33.2,5,0.982446883120791,0.970063657541292,0.994988185208527
33.4,5,0.982188115528969,0.969723871175311,0.994812567743778
33.6,5,0.98193967033779,0.969381985918122,0.994660031019524
33.8,5,0.981702928588895,0.969038205357998,0.9945331718309
34,5,0.981479270371515,0.968693139102687,0.994434170413677
34.2,5,0.981270074997242,0.968347835323268,0.994364757126397
34.4,5,0.98107672119423,0.968003789995257,0.99432620286945
34.6,5,0.980900587320808,0.96766293385108,0.994319332225636
34.8,5,0.980743051598535,0.967327599158402,0.99434455720652
35,5,0.980605492364686,0.967000469293713,0.994401928634141
35.2,5,0.980489288344209,0.966684514559089,0.994491201709396
35.4,5,0.980395818941184,0.966382917746419,0.994611912262267
35.6,5,0.980326464549828,0.966098992624487,0.99476346050835
35.8,5,0.980282606885102,0.965836097905529,0.994945199755253
36,5,0.980265629332991,0.965597548463075,0.995156528287677
36.2,5,0.980276917320548,0.965386524745271,0.995396983488074
36.4,5,0.980317858705786,0.965205980562068,0.995666338016125
36.6,5,0.98038984418754,0.965058548799727,0.995964698495753
36.8,5,0.980494267735434,0.96494644418977,0.996292607585359
37,5,0.98063252704008,0.964871362077564,0.99665115048954
37.2,5,0.98080602398369,0.964834372244734,0.997042066862316
37.4,5,0.981016165131273,0.96483580729727,0.997467868594924
37.6,5,0.981264362242628,0.964875146011952,0.997931963101372
37.8,5,0.981552032805332,0.964950893424394,0.998438780325113
38,5,0.981880600589001,0.965060461422598,0.998993899710542
38.2,5,0.982251316952608,0.965199826112552,0.999604044212318
38.4,5,0.982663713418473,0.965361896906314,1.00027562385041
38.6,5,0.983116360678808,0.965538877081792,1.00101383960376
38.8,5,0.983607821224764,0.965724131838416,1.00182268836211
39,5,0.984136659280555,0.965912433644403,1.00270472809386
39.2,5,0.984701440236172,0.966100080309456,1.00366095207507
39.4,5,0.985300730101813,0.966284899284554,1.00469077955991
39.6,5,0.985933094983904,0.966466145426587,1.00579215566364
39.8,5,0.986597100582602,0.966644307799583,1.00696174489842
40,5,0.987291311710691,0.966820846562627,1.00819519732633
0,6,1.04838040285141,1.01998363408949,1.07756774947082
0.2,6,1.04783266679647,1.02025234908033,1.07615855880705
0.4,6,1.04723447008844,1.02043433523145,1.07473846917615
0.6,6,1.04659059695682,1.02053710180033,1.07330921698596
0.8,6,1.04590582647952,1.02056671554913,1.07187406878659
1,6,1.04518493062342,1.02052801778444,1.07043757757274
1.2,6,1.04443267250165,1.02042486516419,1.06900531791081
1.4,6,1.04365380484756,1.02026039034278,1.06758360383554
1.6,6,1.04285306870481,1.02003727844568,1.06617919353322
1.8,6,1.04203519233284,1.01975805411325,1.06479898607357
2,6,1.04120489032703,1.0194253715239,1.06344971777613
2.2,6,1.04036686295246,1.01904229676125,1.06213766883821
2.4,6,1.03952579569033,1.01861256877365,1.06086839396318
2.6,6,1.03868635899587,1.01814082285633,1.05964649304347
2.8,6,1.03785320826661,1.01763275997033,1.05847543856656
3,6,1.03703098401976,1.01709524695094,1.05735747467204
3.2,6,1.03622431227762,1.01653633685298,1.05629359859324
3.4,6,1.03543780515989,1.01596520470514,1.05528362919229
3.6,6,1.03467606168166,1.01539200052845,1.05432636071576
3.8,6,1.0339436687563,1.0148276270361,1.05341979433833
4,6,1.0332450382168,1.01428325451407,1.05256130794658
4.2,6,1.03258133228512,1.01376608874642,1.05174578200989
4.4,6,1.03195074595112,1.01327875249224,1.05096681387012
4.6,6,1.03135137217597,1.01282252501687,1.05021919103897
4.8,6,1.03078131116138,1.01239762523695,1.04949881840241
5,6,1.03023866979996,1.01200336543065,1.04880255640209
5.2,6,1.02972156116086,1.01163829808219,1.04812806665157
5.4,6,1.02922810401038,1.01130035411302,1.04747366672672
5.6,6,1.02875642236713,1.01098697215597,1.0468381944672
5.8,6,1.0283046450918,1.01069521930319,1.04622088135173
6,6,1.02787090551101,1.01042190405908,1.04562123421094
6.2,6,1.02745334107536,1.01016368218438,1.04503892458712
6.4,6,1.0270500930513,1.00991715583673,1.04447368533189
6.6,6,1.0266593062467,1.0096789659853,1.043925214461
6.8,6,1.02627912877014,1.00944587758401,1.04339308677948
7,6,1.02590771182355,1.00921485650324,1.04287667427501
7.2,6,1.02554320952828,1.0089831368162,1.04237507668194
7.4,6,1.02518377878448,1.0087482767733,1.04188706388147
7.6,6,1.0248275791635,1.00850820172354,1.04141103187778
7.8,6,1.02447277283353,1.00826123237628,1.04094497395645
8,6,1.02411752451813,1.00800609712751,1.04048646830008
8.2,6,1.02376000148772,1.00774192765675,1.04003268285481
8.4,6,1.02339837358385,1.00746823755484,1.03958039768679
8.6,6,1.02303081327633,1.00718488427506,1.03912604453564
8.8,6,1.02265549575288,1.00689201510875,1.03866576286297
9,6,1.02227059904148,1.00658999808654,1.03819547149403
9.2,6,1.02187430416517,1.00627933863506,1.03771095502117
9.4,6,1.02146479532924,1.00596058244688,1.03720796450999
9.6,6,1.02104026027705,1.00563420441646,1.03668233292798
9.8,6,1.02059949996994,1.00530077329396,1.03613104357408
10,6,1.02014332768415,1.0049614459336,1.03555456105255
10.2,6,1.01967296948763,1.00461712400971,1.03495445165601
10.4,6,1.01918964985119,1.00426833344245,1.03433266565636
10.6,6,1.01869459148689,1.00391531037969,1.0336914478694
10.8,6,1.01818901520087,1.00355808077956,1.03303325490678
11,6,1.01767413976096,1.00319653467284,1.03236067803599
11.2,6,1.01715118177881,1.00283049599151,1.03167637076206
11.4,6,1.01662135560658,1.0024597885694,1.03098298052462
11.6,6,1.0160858732481,1.00208429858911,1.0302830842355
11.8,6,1.01554594428458,1.00170403339818,1.02957912773313
12,6,1.01500277581465,1.00131917627829,1.02887336956895
12.2,6,1.01445757240883,1.00093013645697,1.02816782983521
12.4,6,1.01391153607827,1.00053759343494,1.02746424495987
12.6,6,1.01336586625778,1.00014253459284,1.02676402950349
12.8,6,1.01282175980307,0.999746285060704,1.02606824597332
13,6,1.01228041100215,0.999350528988901,1.0253775835146
13.2,6,1.01174301160083,0.998957321640526,1.02469234605746
13.4,6,1.01121075084226,0.99856909210369,1.02401245011977
13.6,6,1.01068481552052,0.998188636852664,1.02333743203543
13.8,6,1.01016639004808,0.997819104815362,1.02266646394949
14,6,1.00965665653725,0.99746397497571,1.02199837755024
14.2,6,1.00915679489544,0.997127027805636,1.02133169424241
14.4,6,1.00866798293421,0.996812311949211,1.02066466033819
14.6,6,1.0081913964922,0.996524107554106,1.0199952858699
14.8,6,1.00772820957168,0.996266887459817,1.0193213858144
15,6,1.00727959448886,0.996045277111647,1.01864062285987
15.2,6,1.00684672203792,0.995864013572306,1.01795055134293
15.4,6,1.00643069346413,0.995727678949352,1.0172487540122
15.6,6,1.00603157123739,0.995637406254474,1.01653424828003
15.8,6,1.00564861091127,0.995591409910186,1.01580740709584
16,6,1.00528104864626,0.995587546401049,1.01506893132653
16.2,6,1.00492812242386,0.995623435938543,1.01431976667601
16.4,6,1.00458907193401,0.995696506133515,1.01356105724238
16.6,6,1.00426313846825,0.995804028556521,1.01279410643483
16.8,6,1.0039495648188,0.995943149702754,1.01202034373214
17,6,1.00364759518325,0.996110917625721,1.0112412960176
17.2,6,1.00335647507508,0.996304305301333,1.01045856242747
17.4,6,1.00307545123982,0.996520231626795,1.00967379180796
17.6,6,1.00280377157694,0.996755580841262,1.00888866199294
17.8,6,1.00254068506733,0.997007221072845,1.00810486019723
18,6,1.00228544170649,0.997272022664937,1.00732406387208
18.2,6,1.00203729244332,0.997546876910869,1.00654792139343
18.4,6,1.00179548912454,0.997828715826792,1.00577803195281
18.6,6,1.00155928444464,0.998114533616405,1.00501592399694
18.8,6,1.00132793190152,0.998401410525175,1.00426303151832
19,6,1.0011006857576,0.998686539842836,1.00352066743791
19.2,6,1.00087680100655,0.99896725888568,1.00278999324817
19.4,6,1.00065553334556,0.99924108486522,1.0020719840099
19.6,6,1.00043613915313,0.999505756611325,1.00136738773464
19.8,6,1.00021787547239,0.999759283140161,1.00067667816219
20,6,1,1,1
20.2,6,0.999781771080458,0.999337105887716,1.00022663413149
20.4,6,0.999562447706013,0.998687284768761,1.00043837756018
20.6,6,0.99934128952201,0.998049282098767,1.0006349694911
20.8,6,0.999117556837752,0.997421213517658,1.00081678517836
21,6,0.998890511127103,0.99680047527258,1.00098492925268
21.2,6,0.998659752404499,0.996183676339835,1.00114198290917
21.4,6,0.99842580939827,0.995567178666243,1.00129264828524
21.6,6,0.998189368427447,0.994947870475887,1.00144142704181
21.8,6,0.997951115185568,0.99432330701063,1.00159215949011
22,6,0.997711734725896,0.993691741922809,1.0017479904619
22.2,6,0.997471911451332,0.993052124650878,1.00191136944011
22.4,6,0.997232329109036,0.992404070918875,1.00208407780859
22.6,6,0.996993670789734,0.991747813443158,1.00226727613729
22.8,6,0.996756618931706,0.991084139863217,1.00246156448562
23,6,0.996521855329454,0.990414324226738,1.00266704939328
23.2,6,0.996290061147032,0.989740057171149,1.00288341241575
23.4,6,0.996061916936034,0.989063378545645,1.00310997645992
23.6,6,0.995838102658241,0.988386614867174,1.00334576752563
23.8,6,0.995619297712909,0.987712322861421,1.00358957060154
24,6,0.995406180968695,0.987043239469093,1.00383997933427
24.2,6,0.995199430800219,0.98638223809378,1.00409543969395
24.4,6,0.994999725129253,0.985732290487475,1.00435428823955
24.6,6,0.994807741470535,0.985096433457967,1.00461478579897
24.8,6,0.994624156982201,0.984477739484429,1.00487514747732
25,6,0.994449648520838,0.983879290298406,1.00513356993548
25.2,6,0.99428489270115,0.983304152492298,1.00538825687658
25.4,6,0.99413056596024,0.982755354231005,1.00563744366446
25.6,6,0.993987344626514,0.982235862147237,1.00587942199321
25.8,6,0.993855904993192,0.98174855748435,1.00611256554414
26,6,0.993736923396453,0.981296210503639,1.00633535761299
26.2,6,0.993631076298197,0.980881452088142,1.00654642177574
26.4,6,0.993539040373446,0.98050674134595,1.00674455679026
26.6,6,0.99346149260238,0.980174327836519,1.00692877711072
26.8,6,0.993399030213073,0.97988593501625,1.00709847744871
27,6,0.993351288926238,0.9796397762307,1.00725471459322
27.2,6,0.993317269870044,0.979431831693764,1.00739956237259
27.4,6,0.993295963638043,0.979258061193333,1.00753510282806
27.6,6,0.993286361425211,0.979114486378062,1.00766336268093
27.8,6,0.993287454904009,0.978997230221815,1.00778627110737
28,6,0.993298236110704,0.978902553345791,1.0079056209307
28.2,6,0.993317697341946,0.97882688758185,1.00802303284727
28.4,6,0.99334483106158,0.978766866687161,1.00813992277504
28.6,6,0.993378629817692,0.978719353773515,1.00825747276152
28.8,6,0.993418086169886,0.978681464777085,1.00837660612508
29,6,0.993462192626772,0.97865058715892,1.00849796763932
29.2,6,0.993509941593684,0.978624392988251,1.00862190960872
29.4,6,0.993560325330614,0.978600845612939,1.00874848463142
29.6,6,0.993612335920369,0.978578199251511,1.00887744571488
29.8,6,0.993664965246949,0.978554991029991,1.00900825422182
30,6,0.993717204984159,0.978530025208844,1.00914009590127
30.2,6,0.99376804659444,0.978502349572105,1.00927190503323
30.4,6,0.993816481337945,0.978471224153491,1.00940239651238
30.6,6,0.993861500291851,0.978436082628535,1.00953010554229
30.8,6,0.993902094379903,0.978396486790249,1.00965343452274
31,6,0.993937254412212,0.978352074541102,1.00977070669765
31.2,6,0.993965971135295,0.978302501779146,1.00988022618587
31.4,6,0.993987235292357,0.978247378444259,1.00998034412871
31.6,6,0.99400003769382,0.978186198844523,1.01006953083414
31.8,6,0.994003369298091,0.978118266233987,1.01014645394588
32,6,0.993996221302569,0.978042611501523,1.01021006277726
32.2,6,0.993977585244871,0.977957905805435,1.01025967897414
32.4,6,0.993946455451967,0.977862368876887,1.01029509647682
32.6,6,0.993902399466855,0.977754129347557,1.01031736917864
32.8,6,0.993846303072791,0.977631943236172,1.01032958360777
33,6,0.993779236975385,0.977494577487609,1.01033519222351
33.2,6,0.993702271979747,0.977340812095295,1.01033763567159
33.4,6,0.993616478878177,0.977169559525003,1.0103402193353
33.6,6,0.993522928349369,0.976979967900593,1.01034600666074
33.8,6,0.993422690869145,0.976771506673614,1.01035773053468
34,6,0.993316836632722,0.976544033288365,1.01037772420312
34.2,6,0.993206435488489,0.976297839528385,1.01040787304443
34.4,6,0.993092556883329,0.976033676749712,1.01044958799098
34.6,6,0.992976269819437,0.975752759973454,1.01050380062604
34.8,6,0.992858642822662,0.975456751687828,1.01057097910491
35,6,0.992740743922345,0.975147727046663,1.01065116321225
35.2,6,0.992623640642647,0.974828122812693,1.01074401620642
35.4,6,0.992508400005369,0.974500672786317,1.01084889070899
35.6,6,0.992396088544237,0.974168332544636,1.01096490581393
35.8,6,0.992287772330658,0.973834196106584,1.01109103279957
36,6,0.992184517010931,0.973501406695177,1.01122618727192
36.2,6,0.992087387854901,0.973173063169449,1.01136932616618
36.4,6,0.991997449816066,0.972852123036082,1.01151954869618
36.6,6,0.991915767603111,0.97254130230786,1.01167620098484
36.8,6,0.991843405762886,0.972242971925196,1.0118389846597
37,6,0.991781428774809,0.971959050059269,1.01200807009577
37.2,6,0.991730901156715,0.971690889426382,1.01218421517744
37.4,6,0.991692887582141,0.971439158821482,1.01236889037302
37.6,6,0.991668453009062,0.971203718493309,1.01256441050185
37.8,6,0.991658662820095,0.97098348981884,1.01277407273898
38,6,0.991664582974176,0.970776321087171,1.01300229905076
38.2,6,0.991687242716608,0.970578723373178,1.01325483825668
38.4,6,0.991727311531628,0.970385032745942,1.01353898426754
38.6,6,0.991785258387612,0.970189193162014,1.01386204431853
38.8,6,0.991861551112555,0.969986045773022,1.01423040141921
39,6,0.991956658678535,0.969771581128487,1.01464925539648
39.2,6,0.992071051289175,0.969543095611989,1.01512245846562
39.4,6,0.992205200469419,0.969299256671364,1.01565244485929
39.6,6,0.992359579157654,0.969040077297186,1.01624025405911
39.8,6,0.9925346618002,0.968766806163095,1.01688564121693
40,6,0.992730924448186,0.968481745127721,1.01758726306791
0,7,1.10097904878227,1.07492917287686,1.1276602184062
0.2,7,1.10051512045623,1.07536954207805,1.12624868285965
0.4,7,1.09998043148678,1.07569796098572,1.12481104690865
0.6,7,1.09938224108674,1.07592579435816,1.12335006591966
0.8,7,1.09872780476629,1.07606269684579,1.12187030784094
1,7,1.09802437040919,1.07611679147645,1.12037794369728
1.2,7,1.09727917482498,1.07609488405919,1.11888050518634
1.4,7,1.0964994407769,1.07600271028978,1.11738661262318
1.6,7,1.09569237448497,1.07584521363605,1.1159056751733
1.8,7,1.09486516360271,1.07562685188286,1.11444756550326
2,7,1.09402497566601,1.07535192810562,1.11302227307994
2.2,7,1.09317895701199,1.07502493769303,1.11163954449125
2.4,7,1.09233423216567,1.07465091722304,1.11030852497129
2.6,7,1.09149790369201,1.0742357745552,1.10903742174977
2.8,7,1.09067705251089,1.07378657415469,1.10783321519018
3,7,1.08987873867242,1.07331174945923,1.10670144588342
3.2,7,1.08911000259041,1.07282121670886,1.10564610325411
3.4,7,1.08837786673166,1.07232637249943,1.10466963339745
3.6,7,1.08768933775921,1.07183996899917,1.10377307218703
3.8,7,1.08705140912796,1.0713758732709,1.10295629719515
4,7,1.08647070548689,1.07094834608162,1.10221804646329
4.2,7,1.0859467657471,1.07056426178726,1.10155029467155
4.4,7,1.08547265405603,1.07022254244803,1.10094007178012
4.6,7,1.08504121458157,1.06992048173759,1.10037564233619
4.8,7,1.08464530840684,1.0696541431055,1.09984657436411
5,7,1.08427781096621,1.06941851703456,1.09934357094705
5.2,7,1.08393160995069,1.0692076763425,1.09885830512307
5.4,7,1.08359960368075,1.06901492494717,1.09838326266128
5.6,7,1.08327469994516,1.06883293819258,1.09791159460866
5.8,7,1.08294981530452,1.06865389452596,1.0974369798075
6,7,1.08261787485842,1.06846959922615,1.09695349667586
6.2,7,1.08227181247524,1.06827160120018,1.09645550322831
6.4,7,1.08190457148352,1.06805130374933,1.09593752443157
6.6,7,1.08150910582392,1.06780006978754,1.09539414640868
6.8,7,1.08107838166041,1.067509321384,1.09481991761745
7,7,1.08060537944926,1.06717063280175,1.09420925782879
7.2,7,1.08008309646395,1.06677581551799,1.09355637641702
7.4,7,1.07950454977373,1.06631699314478,1.09285520204023
7.6,7,1.07886277967305,1.06578666381806,1.09209932613921
7.8,7,1.07815085355865,1.06517774756158,1.09128196274307
8,7,1.07736187025004,1.06448361639462,1.09039592680622
8.2,7,1.07648896474889,1.06369810551299,1.08943363273855
8.4,7,1.07552531343158,1.06281550464956,1.0883871140114
8.6,7,1.07446413966852,1.06183052958033,1.08724806385996
8.8,7,1.07329871986275,1.06073827452584,1.08600789631539
9,7,1.07202238989939,1.05953414675381,1.08465782624052
9.2,7,1.07062855199628,1.05821378489949,1.08318896682916
9.4,7,1.06911068194516,1.05677296232132,1.08159244322312
9.6,7,1.06746233751449,1.05520747691945,1.07985952235522
9.8,7,1.06568066334373,1.05351623790445,1.07798554532363
10,7,1.06377439123498,1.05170842859885,1.07597878335439
10.2,7,1.06175460689004,1.04979493283349,1.07385053022639
10.4,7,1.05963235547958,1.04778621315101,1.07161242883942
10.6,7,1.05741863073193,1.04569238860717,1.06927636922776
10.8,7,1.05512436514744,1.04352330660345,1.06685439499327
11,7,1.0527604213337,1.04128860960663,1.06435861729574
11.2,7,1.05033758445385,1.03899779750778,1.06180113563531
11.4,7,1.04786655577851,1.03666028615096,1.05919396487735
11.6,7,1.04535794732946,1.03428546227177,1.05654896825546
11.8,7,1.04282227760165,1.03188273477152,1.05387779639814
12,7,1.04026996834895,1.02946158195254,1.05119183272116
12.2,7,1.0377113424177,1.02703159409242,1.04850214577278
12.4,7,1.03515662261174,1.02460251057373,1.04581944927788
12.6,7,1.03261593157176,1.02218425073907,1.04315407067252
12.8,7,1.03009929265186,1.01978693772556,1.04051592883554
13,7,1.02761663177645,1.01742091474635,1.03791452151034
13.2,7,1.02517778026049,1.01509675361069,1.0353589225869
13.4,7,1.02279247857734,1.01282525566896,1.03285778902052
13.6,7,1.02047038105893,1.01061744578462,1.03041937675049
13.8,7,1.01822106151421,1.00848456031428,1.02805156460503
14,7,1.01605401975342,1.00643803037058,1.02576188488918
14.2,7,1.0139786890071,1.00448946181145,1.02355755918677
14.4,7,1.01200444423079,1.00265061342609,1.02144553788614
14.6,7,1.01014061128839,1.00093337466953,1.01943254206202
14.8,7,1.00839647700958,0.999349744046521,1.01752510660371
15,7,1.00678130011925,0.997911808875759,1.01572962385496
15.2,7,1.00530432303953,0.996631726684761,1.0140523875191
15.4,7,1.00397420283879,0.995520997219122,1.01249918663837
15.6,7,1.00279076513635,0.994580304779129,1.01106900449437
15.8,7,1.00174701927532,0.993801790541759,1.00975576838109
16,7,1.00083588051519,0.993177241022339,1.00855357770335
16.2,7,1.00005034281037,0.99269834226746,1.00745679283675
16.4,7,0.999383470003139,0.992356704889694,1.00645999084224
16.6,7,0.998828387531011,0.992143883285087,1.00555792818523
16.8,7,0.998378274635293,0.992051390488003,1.00474550897351
17,7,0.998026357059592,0.992070709847996,1.00401775750264
17.2,7,0.997765900228123,0.992193304503278,1.00336979411127
17.4,7,0.99759020289518,0.992410625466028,1.00279681351166
17.6,7,0.997492591258342,0.992714119018193,1.00229406488077
17.8,7,0.997466413529124,0.993095234035978,1.00185683308053
18,7,0.997505034955866,0.993545429811894,1.00148042042797
18.2,7,0.997601833294617,0.994056184921085,1.00116012846073
18.4,7,0.997750194724669,0.994619007681251,1.00089123914285
18.6,7,0.997943510206183,0.995225448780692,1.00066899493252
18.8,7,0.998175172278089,0.995867116695246,1.00048857708924
19,7,0.998438572295059,0.996535696579857,1.00034508153388
19.2,7,0.998727098102926,0.997222973400349,1.00023349149684
19.4,7,0.999034132152375,0.997920860158367,1.00014864610312
19.6,7,0.999353050051137,0.998621432144136,1.00008520396182
19.8,7,0.999677219555231,0.999316968204533,1.00003760077567
20,7,1,1,1
20.2,7,1.00031474217187,0.999966235721033,1.00066337008356
20.4,7,1.00061478862182,0.999929747276451,1.0013002992818
20.6,7,1.00089347442144,0.99988350582519,1.00190446317309
20.8,7,1.0011441283626,0.999819934230081,1.00247007630102
21,7,1.00136007758162,0.999730825851359,1.00299198448779
21.2,7,1.00153672669326,0.999609052390484,1.00346811837755
21.4,7,1.00167519892247,0.999452128860877,1.00390321373365
21.6,7,1.00177759636267,0.999258836151919,1.00430270543197
21.8,7,1.00184602602779,0.999028523514772,1.00467147458061
22,7,1.00188259911373,0.9987611464127,1.00501380736743
22.2,7,1.00188943030376,0.998457271827027,1.00533338669327
22.4,7,1.00186863711785,0.998118056828171,1.00563331078296
22.6,7,1.00182233930639,0.997745206896966,1.00591613229066
22.8,7,1.00175265828841,0.997340920851456,1.00618391104537
23,7,1.00166171663433,0.99690782877173,1.00643827404487
23.2,7,1.00155163759357,0.996448928199116,1.00668047742224
23.4,7,1.00142454466695,0.995967522471994,1.00691146652285
23.6,7,1.00128256122401,0.995467163662253,1.0071319316279
23.8,7,1.00112781016527,0.994951601389366,1.00734235804711
24,7,1.00096241362947,0.994424737892075,1.00754307020033
24.2,7,1.00078849274572,0.993890589126808,1.00773426991818
24.4,7,1.00060816743066,0.993353251289606,1.00791606956451
24.6,7,1.00042355623049,0.992816871961873,1.00808852077938
24.8,7,1.00023677620786,0.992285625000554,1.00825163972132
25,7,1.00004994287366,0.991763688281409,1.00840542969933
25.2,7,0.99986517016345,0.991255223423813,1.00854990206548
25.4,7,0.999684570458727,0.990764356651301,1.00868509621302
25.6,7,0.999510254652761,0.990295159956699,1.00881109951068
25.8,7,0.999344332261066,0.989851631732077,1.00892806801235
26,7,0.999188911576405,0.98943767598343,1.00903624882176
26.2,7,0.999046099868309,0.989057079170415,1.00913600507186
26.4,7,0.998918003627062,0.988713483585839,1.00922784460403
26.6,7,0.998806728852152,0.988410356010473,1.00931245361189
26.8,7,0.998714235248643,0.988150639633422,1.00939075853688
27,7,0.99864072886404,0.987933341201426,1.00946416499448
27.2,7,0.998585258485148,0.987754933803893,1.00953433320114
27.4,7,0.998546853578352,0.987611854311257,1.00960292693791
27.6,7,0.998524544667829,0.987500584330117,1.00967157095958
27.8,7,0.998517363174731,0.987417683806909,1.00974181535561
28,7,0.998524341265834,0.987359822243441,1.00981510249719
28.2,7,0.998544511711619,0.987323807886636,1.00989273620745
28.4,7,0.998576907753785,0.987306614811345,1.00997585323547
28.6,7,0.99862056298215,0.987305407477864,1.01006539745215
28.8,7,0.998674511220938,0.987317562101548,1.01016209743041
29,7,0.998737786424446,0.987340684018075,1.01026644822603
29.2,7,0.998809422582064,0.987372620164759,1.01037869823881
29.4,7,0.998888453632657,0.987411465824317,1.01049884200774
29.6,7,0.998973913388301,0.987455564884946,1.01062661968654
29.8,7,0.999064835467368,0.987503503043693,1.01076152377282
30,7,0.999160253236961,0.98755409359564,1.01090281344863
30.2,7,0.999259199764706,0.987606355680463,1.01104953666121
30.4,7,0.999360707779901,0.987659485070276,1.01120055986025
30.6,7,0.999463809644023,0.987712817751337,1.01135460513952
30.8,7,0.999567537330602,0.987765786657649,1.01151029442515
31,7,0.999670922414475,0.987817871947946,1.01166620031923
31.2,7,0.999772996070411,0.987868545182779,1.01182090324241
31.4,7,0.999872789081125,0.987917207671595,1.01197305460561
31.6,7,0.999969331854689,0.987963123149411,1.01212144585147
31.8,7,1.00006165445134,0.988005344848842,1.01226508329968
32,7,1.00014878661968,0.988042637007123,1.01240326875651
32.2,7,1.00022975784232,0.988073390952692,1.01253568574362
32.4,7,1.00030359897633,0.988095537661833,1.01266249262978
32.6,7,1.00036972914606,0.988106836371409,1.01278481046315
32.8,7,1.00042846134704,0.988105516920295,1.01290508871224
33,7,1.00048023409988,0.988089847527816,1.01302599285776
33.2,7,1.00052548616775,0.988058169947027,1.01315011496224
33.4,7,1.00056465652684,0.988009022667138,1.01327984757478
33.6,7,1.00059818433865,0.987941244672673,1.01341727749561
33.8,7,1.00062650892427,0.987854057531909,1.01356410162807
34,7,1.00065006974051,0.98774712378034,1.01372156695276
34.2,7,1.00066930635805,0.987620580302953,1.01389043592018
34.4,7,1.00068465844144,0.987475046559072,1.01407097741802
34.6,7,1.00069656573108,0.987311608810835,1.01426298215222
34.8,7,1.00070546802711,0.987131782757775,1.01446580003907
35,7,1.00071180517522,0.986937457923712,1.01467839626212
35.2,7,1.00071601705442,0.986730827646029,1.01489942214363
35.4,7,1.00071854356673,0.986514308540424,1.01512729695728
35.6,7,1.00071982462881,0.986290452908722,1.01536029721439
35.8,7,1.0007203001655,0.98606185684002,1.01559665067322
36,7,1.00072041010534,0.985831065869727,1.01583463320656
36.2,7,1.00072059437796,0.985600479145206,1.01607266757897
36.4,7,1.00072129291347,0.985372252213654,1.01630942401783
36.6,7,1.00072294564374,0.985148197879826,1.01654392313068
36.8,7,1.00072599250562,0.984929684135522,1.01677564216713
37,7,1.00073087344613,0.984717527984084,1.01700462580214
37.2,7,1.00073802842953,0.984511884118138,1.01723160248297
37.4,7,1.00074789744635,0.984312127917928,1.01745810687278
37.6,7,1.00076092052438,0.984116733201653,1.01768660796014
37.8,7,1.00077753774154,0.983923146674557,1.01792064088852
38,7,1.00079818924073,0.983727663180807,1.0181649384027
38.2,7,1.0008233492728,0.983525281168731,1.01842565272888
38.4,7,1.00085381985797,0.983309834477125,1.01871082094583
38.6,7,1.00089058626395,0.983075548455996,1.01902846352468
38.8,7,1.00093463600887,0.982817860383493,1.01938536726559
39,7,1.00098695693019,0.982533668266979,1.01978682288993
39.2,7,1.00104853726144,0.98222145971737,1.02023648947928
39.4,7,1.00112036571864,0.981881321673315,1.02073638079663
39.6,7,1.00120343159662,0.98151483801892,1.02128696644474
39.8,7,1.001298724875,0.981124891282776,1.02188737167339
40,7,1.00140723633408,0.98071539076412,1.02253565348955
0,8,1.1384881992992,1.10766551533236,1.17016857706781
0.2,8,1.13856735136266,1.10861631294686,1.1693275648661
0.4,8,1.13857953076881,1.10946179246526,1.16846146184554
0.6,8,1.13853218738314,1.11021223101628,1.16757454610354
0.8,8,1.13843277999465,1.11087636766542,1.1666727570144
1,8,1.13828877266263,1.1114616310577,1.16576343596924
1.2,8,1.13810763155062,1.11197439436636,1.16485504302628
1.4,8,1.13789682224887,1.11242025328043,1.16395685377517
1.6,8,1.13766380758588,1.1128043226898,1.16307864078238
1.8,8,1.13741604592911,1.11313154638046,1.16223034532059
2,8,1.13716098997468,1.11340701152241,1.16142174760695
2.2,8,1.13690608602564,1.11363625639807,1.16066214710246
2.4,8,1.13665877375813,1.11382555637519,1.15996006786375
2.6,8,1.13642648647471,1.11398217051885,1.15932300654304
2.8,8,1.13621665184406,1.11411453045882,1.15875724140863
3,8,1.13603669312656,1.11423235491298,1.15826771897207
3.2,8,1.13589403088514,1.11434667775021,1.15785803032629
3.4,8,1.1357960851813,1.1144697839981,1.15753048277831
3.6,8,1.13575027825642,1.11461505538457,1.15728626518011
3.8,8,1.13576403769903,1.11479673311637,1.15712569925135
4,8,1.13584428835514,1.11502906741441,1.15704808519536
4.2,8,1.13598785979315,1.11531559196333,1.15704328613014
4.4,8,1.13618232715555,1.11564895916313,1.15709360900487
4.6,8,1.13641492281262,1.11602013038418,1.15718242138397
4.8,8,1.1366728735011,1.11641889420542,1.15729429881498
5,8,1.13694339675343,1.11683402773574,1.15741484886694
5.2,8,1.13721369876403,1.11725345247325,1.15753054402625
5.4,8,1.13747097369442,1.11766438291517,1.15762856522515
5.6,8,1.13770240441927,1.11805346760211,1.15769665631234
5.8,8,1.1378951647157,1.1184069230746,1.15772298898492
6,8,1.13803642289766,1.1187106615003,1.15769603742295
6.2,8,1.13811334689609,1.1189504126377,1.15760446196147
6.4,8,1.13811311078438,1.11911184045411,1.15743700148297
6.6,8,1.13802290274683,1.11918065421125,1.15718237471594
6.8,8,1.13782993448541,1.11914271326077,1.15682919119306
7,8,1.13752145205741,1.11898412423936,1.15636587317125
7.2,8,1.13708474813352,1.11869132889745,1.15578059026539
7.4,8,1.13650717566197,1.11825118050771,1.15506120882852
7.6,8,1.13577616292072,1.11765100672927,1.15419525817274
7.8,8,1.13487922993471,1.11687865697542,1.15316991554397
8,8,1.13380400623081,1.11592253273052,1.15197201135418
8.2,8,1.13253824989726,1.11477159983525,1.15058805558907
8.4,8,1.13106986790935,1.11341538242112,1.14900428563381
8.6,8,1.12938693767646,1.11184393881966,1.14720673510016
8.8,8,1.12747772975973,1.11004782028922,1.14518132270459
9,8,1.12533073170271,1.10801801369998,1.14291395993265
9.2,8,1.12293467291048,1.10574586933006,1.14039067619449
9.4,8,1.12027855050571,1.10322301462428,1.13759776045878
9.6,8,1.1173516576107,1.1004412555909,1.13452192056813
9.8,8,1.11415042441211,1.09739883333392,1.1311577254429
10,8,1.11069395249302,1.09411476650916,1.12752436386594
10.2,8,1.10700591618175,1.09061185471635,1.12364641293957
10.4,8,1.10310986072892,1.08691237275054,1.1195487284389
10.6,8,1.09902915780375,1.08303812781706,1.1152562949352
10.8,8,1.09478696580575,1.07901051343598,1.11079408918963
11,8,1.09040619496496,1.07485056083837,1.10618695597141
11.2,8,1.08590947718265,1.07057898851645,1.10145949554752
11.4,8,1.08131914054647,1.06621625035381,1.09663596228641
11.6,8,1.07665718843808,1.06178258247272,1.091740174072
11.8,8,1.07194528313886,1.05729804863106,1.08679543250025
12,8,1.06720473382839,1.05278258371535,1.08182445409229
12.2,8,1.06245648886287,1.04825603464396,1.07684931297364
12.4,8,1.05772113221523,1.04373819784611,1.0718913956042
12.6,8,1.05301888395528,1.0392488524452,1.06697136817372
12.8,8,1.04836960464777,1.03480778836468,1.0621091571858
13,8,1.04379280354721,1.03043482879172,1.05732394353799
13.2,8,1.03930765047201,1.02614984676305,1.0526341700844
13.4,8,1.03493299124532,1.0219727760421,1.04805756227293
13.6,8,1.03068736659781,1.01792361689065,1.04361116103119
13.8,8,1.02658903443608,1.01402243774559,1.03931136668676
14,8,1.02265599539148,1.01028937413995,1.03517399240237
14.2,8,1.01890602157639,1.00674462641508,1.03121432542575
14.4,8,1.01535668848913,1.00340845783143,1.02744719442341
14.6,8,1.01202541002427,1.00030119459023,1.02388704129695
14.8,8,1.00892947656228,0.997443229031675,1.02054799616461
15,8,1.00608609613127,0.99485502688592,1.01744395462026
15.2,8,1.00351243865389,0.992557138924121,1.01458865695597
15.4,8,1.00122455288196,0.990568942602165,1.01199478620872
15.6,8,0.999221384307259,0.988890524504853,1.00966016977142
15.8,8,0.997488767460815,0.987506932017355,1.00757150046316
16,8,0.996012498696444,0.986402870946436,1.00571574432634
16.2,8,0.994778654742071,0.985563115768885,1.00408036390284
16.4,8,0.993773559244279,0.984972514409074,1.00265324423346
16.6,8,0.992983751431364,0.984615987615681,1.00142262872901
16.8,8,0.992395956803376,0.984478524608444,1.00037706304603
17,8,0.991997059769178,0.984545176364881,0.999505345426621
17.2,8,0.991774078161238,0.984801047680814,0.998796482222443
17.4,8,0.991714139568706,0.98523128895848,0.998239647524984
17.6,8,0.991804459438423,0.985821088543846,0.997824145976556
17.8,8,0.99203232090187,0.986555666343291,0.997539377946772
18,8,0.992385056293764,0.987420269393317,0.997374806332736
18.2,8,0.992850030334988,0.988400170030783,0.99731992428278
18.4,8,0.993414624958949,0.989480667311871,0.997364223156955
18.6,8,0.99406622576622,0.990647092352556,0.997497160025404
18.8,8,0.994792210097465,0.991884818308857,0.997708123971356
19,8,0.995579936719241,0.993179275777892,0.997986400412516
19.2,8,0.996416737121238,0.994515974474735,0.998321132588863
19.4,8,0.997289908426938,0.995880532115704,0.998701279296276
19.6,8,0.998186707922488,0.997258711499519,0.999115567890042
19.8,8,0.999094349210858,0.998636466797378,0.999552441566907
20,8,1,1,1
20.2,8,1.00089078153483,1.00044593260923,1.00133582826278
20.4,8,1.00175376968332,1.00087744418653,1.00263086245326
20.6,8,1.00257599768704,1.00128117337152,1.00387249642734
20.8,8,1.00334446058542,1.00164310571572,1.00504870531516
21,8,1.00404612684007,1.00194848981662,1.00614815538776
21.2,8,1.00467179321833,1.00218526510711,1.00716449066996
21.4,8,1.00522284417643,1.00235072858914,1.00810318946588
21.6,8,1.00570248941457,1.00244434285603,1.00897122560741
21.8,8,1.00611396069101,1.00246624418899,1.00977495029399
22,8,1.00646050954438,1.00241727752974,1.01052004986244
22.2,8,1.00674540511561,1.00229899674197,1.0112115386885
22.4,8,1.00697193207143,1.00211363706847,1.0118537803217
22.6,8,1.00714338863102,1.00186406676863,1.01245052987555
22.8,8,1.00726308469729,1.00155372497875,1.01300499063636
23,8,1.00733434009415,1.00118655224559,1.01351987844519
23.2,8,1.00736048291068,1.00076691905154,1.01399748853787
23.4,8,1.00734484795346,1.00029955627192,1.01443976090551
23.6,8,1.00729077530756,0.9997894901466,1.01484834159532
23.8,8,1.00720160900713,0.999241983181468,1.01522463853716
24,8,1.00708069581596,0.998662481493232,1.01556987138304
24.2,8,1.00693138411849,0.99805656847465,1.01588511548234
24.4,8,1.00675702292167,0.9974299242485,1.01617134052376
24.6,8,1.00656096096774,0.996788290142666,1.01642944461084
24.8,8,1.0063465459582,0.996137437301992,1.01666028465405
25,8,1.00611712388895,0.995483138509028,1.01686470400562
25.2,8,1.00587603849665,0.994831142279812,1.01704355826963
25.4,8,1.00562663081615,0.994187148306102,1.01719774021387
25.6,8,1.00537223884899,0.993556783313684,1.0173282047123
25.8,8,1.00511619734272,0.992945576384105,1.01743599466914
26,8,1.00486183768089,0.992358932734883,1.01752226892804
26.2,8,1.00461248788361,0.99180210486292,1.01758833326048
26.4,8,1.00437147271835,0.99128015982074,1.01763567566293
26.6,8,1.0041421139209,0.990797941208943,1.01766600737909
26.8,8,1.0039275512486,0.990359653442502,1.01768132885123
27,8,1.00372877093066,0.989964791274635,1.01768411813596
27.2,8,1.00354533853024,0.989609829985358,1.01767708441283
27.4,8,1.00337679544612,0.989291213078954,1.01766292910495
27.6,8,1.00322268405586,0.98900544981972,1.01764429507208
27.8,8,1.0030825476495,0.988749155860271,1.01762372330278
28,8,1.00295593036536,0.988519090598121,1.01760361314457
28.2,8,1.00284237712795,0.988312191639529,1.01758618569226
28.4,8,1.00274143358801,0.988125606263434,1.01757345044055
28.6,8,1.00265264606465,0.987956719423464,1.01756717566242
28.8,8,1.00257556148952,0.987803177585283,1.0175688632154
29,8,1.00250972735311,0.987662907562674,1.01757972861184
29.2,8,1.00245469165313,0.987534129483829,1.01760068722144
29.4,8,1.00241000284489,0.987415363081688,1.017632347412
29.6,8,1.00237520979378,0.987305426644886,1.01767501129163
29.8,8,1.0023498617298,0.987203428168127,1.01772868351368
30,8,1.00233350820409,0.987108748475125,1.01779308837119
30.2,8,1.00232569904758,0.98702101632324,1.01786769517196
30.4,8,1.00232598433158,0.986940075706419,1.0179517516777
30.6,8,1.00233391433045,0.986865945726703,1.0180443252373
30.8,8,1.00234903948632,0.986798773487245,1.01814435116151
31,8,1.00237091037575,0.986738780464572,1.01825068788162
31.2,8,1.00239907767854,0.986686202749187,1.01836217850327
31.4,8,1.00243309214839,0.986641225416209,1.01847771849417
31.6,8,1.00247250458578,0.986603911126437,1.01859632940548
31.8,8,1.00251686581265,0.986574122895883,1.01871723868931
32,8,1.0025657266493,0.986551440850552,1.01883996579565
32.2,8,1.00261863789313,0.986535072754257,1.01896441476143
32.4,8,1.00267515089464,0.98652375822211,1.01909097458882
32.6,8,1.00273496274306,0.986515696388925,1.01922088942711
32.8,8,1.00279810601531,0.98650870848335,1.01935647681599
33,8,1.00286466035714,0.986500487274633,1.01950028405131
33.2,8,1.00293470546959,0.986488743009135,1.01965484204827
33.4,8,1.00300832111165,0.986471326409705,1.0198225384621
33.6,8,1.00308558710312,0.986446335139621,1.02000550786333
33.8,8,1.00316658332741,0.986412202343993,1.02020554035467
34,8,1.00325138973451,0.986367765652995,1.02042401024519
34.2,8,1.00334008634394,0.986312315216806,1.02066182621209
34.4,8,1.00343275324784,0.98624561989811,1.02091940382413
34.6,8,1.00352947061406,0.986167931569097,1.02119666048011
34.8,8,1.00363031868936,0.986079968397141,1.02149303187835
35,8,1.00373537780263,0.985982878893934,1.02180750824271
35.2,8,1.00384472836822,0.985878189202562,1.02213868783096
35.4,8,1.00395845088935,0.985767736506887,1.02248484484164
35.6,8,1.00407662596148,0.985653591528096,1.02284400875482
35.8,8,1.00419933427587,0.985537972842945,1.02321405237301
36,8,1.00432665662318,0.985423155280318,1.02359278630606
36.2,8,1.00445867389702,0.985311374015926,1.02397805828096
36.4,8,1.00459546709777,0.985204725284348,1.02436785635809
36.6,8,1.00473711733627,0.985105063950585,1.02476041581269
36.8,8,1.00488370583768,0.985013897604234,1.02515433001921
37,8,1.00503531394545,0.984932276419447,1.02554866609658
37.2,8,1.0051920231252,0.984860677818574,1.0259430862775
37.4,8,1.00535391496884,0.984798885044447,1.02633797589804
37.6,8,1.00552107119864,0.984745859155435,1.0267345784948
37.8,8,1.00569357367143,0.984699604795125,1.02713513765901
38,8,1.00587150438286,0.984657031456581,1.02754304392945
38.2,8,1.00605495923248,0.984613729721337,1.02796309907512
38.4,8,1.00624416681203,0.984563525277813,1.02840222824376
38.6,8,1.00643943004041,0.984500078734083,1.02886769459941
38.8,8,1.00664105298347,0.984417939398758,1.02936585061683
39,8,1.00684934006469,0.984312799409186,1.02990187082519
39.2,8,1.00706459608478,0.984181654938584,1.03047958229894
39.4,8,1.00728712624214,0.984022876091282,1.03110138935331
39.6,8,1.00751723615435,0.983836185512899,1.03176829242045
39.8,8,1.00775523188042,0.983622551661128,1.03247999516409
40,8,1.0080014199442,0.983384008033451,1.03323508854027
0,9,1.14702759102786,1.11968829423981,1.17503442819541
0.2,9,1.14771473846008,1.12129761516248,1.17475423390392
0.4,9,1.14834952035439,1.12281315940431,1.17446665979384
0.6,9,1.14893704639937,1.1242441736936,1.17417227278304
0.8,9,1.14948244319789,1.1255981678123,1.17387352343356
1,9,1.1499908522591,1.12688109391028,1.17357453898762
1.2,9,1.15046742821907,1.12809756330148,1.17328088141547
1.4,9,1.15091733729126,1.12925109802632,1.17299927322871
1.6,9,1.15134575594825,1.13034441570798,1.17273729256208
1.8,9,1.15175786983568,1.13137974593256,1.1725030393177
2,9,1.15215887291924,1.13235917410073,1.17230477644228
2.2,9,1.15255396686559,1.1332850042805,1.1721505548209
2.4,9,1.15294836065782,1.13416012639845,1.17204783645917
2.6,9,1.15334727044608,1.13498836620423,1.17200313752474
2.8,9,1.15375591963393,1.13577479060968,1.17202171865055
3,9,1.15417953920101,1.1365259383907,1.1721073525137
3.2,9,1.15462336826272,1.13724994863555,1.17226219630771
3.4,9,1.15509265486731,1.13795656724047,1.17248678880945
3.6,9,1.15559265703144,1.13865702382162,1.17278017967436
3.8,9,1.15612864401486,1.13936378453689,1.17314018547195
4,9,1.15670542816609,1.14008970498936,1.17356330970587
4.2,9,1.15731855452786,1.14083812192834,1.17403706179674
4.4,9,1.15795505353321,1.14160234891595,1.17454199991473
4.6,9,1.15860161450842,1.1423738875338,1.17505986069015
4.8,9,1.15924489762975,1.14314289992858,1.17557370365907
5,9,1.15987153353315,1.14389837003222,1.17606774303093
5.2,9,1.1604681244634,1.14462826541279,1.17652718230749
5.4,9,1.16102124696823,1.14531969484931,1.17693805666112
5.6,9,1.16151745614257,1.1459590594958,1.17728708521008
5.8,9,1.16194329142701,1.14653219726479,1.17756153356452
6,9,1.16228528396272,1.14702452101255,1.17774908606468
6.2,9,1.16252996550316,1.14742115143759,1.17783772680112
6.4,9,1.16266387888007,1.14770704547497,1.17781562863284
6.6,9,1.16267359001844,1.14786712051493,1.17767104986852
6.8,9,1.16254570149108,1.14788637411294,1.17739223893114
7,9,1.1622668675996,1.14774999809995,1.17696734807761
7.2,9,1.16182381096402,1.14744348525911,1.17638435797834
7.4,9,1.16120334059794,1.14695272612345,1.17563101556347
7.6,9,1.16039237144075,1.14626409307427,1.17469478790577
7.8,9,1.15937794531259,1.14536450886401,1.1735628349532
8,9,1.15814725325099,1.14424149698763,1.17222200361023
8.2,9,1.15668765918164,1.14288321195766,1.17065884501999
8.4,9,1.15498672486839,1.1412784484123,1.16885965600946
8.6,9,1.15303223608026,1.13941662895898,1.16681054466873
8.8,9,1.15081222990516,1.13728777155697,1.1644975191162
9,9,1.14831502313231,1.1348824379068,1.16190659781772
9.2,9,1.14552924161683,1.13219166461474,1.15902393950742
9.4,9,1.14244385053163,1.12920687876857,1.15583599086898
9.6,9,1.13904818708392,1.12591980060106,1.15232965243754
9.8,9,1.13533948320814,1.12232947681521,1.14850030116742
10,9,1.13133992261936,1.1184583565623,1.14436984891094
10.2,9,1.12707670309339,1.11433317677592,1.1399659645163
10.4,9,1.12257685454713,1.10998010466826,1.13531656023831
10.6,9,1.11786718228839,1.10542478022617,1.13044963310999
10.8,9,1.11297421646334,1.10069235673438,1.12539312091464
11,9,1.1079241676624,1.09580753995931,1.12017477205532
11.2,9,1.10274288861547,1.0907946265583,1.1148220286241
11.4,9,1.09745584188189,1.0856775420813,1.10936192211527
11.6,9,1.09208807341791,1.08047987866388,1.10382098144805
11.8,9,1.08666419188644,1.07522493221938,1.09822515321591
12,9,1.08120835355915,1.06993573866585,1.09259973432028
12.2,9,1.0757442526498,1.06463510851006,1.08696931733596
12.4,9,1.0702951169102,1.05934565898945,1.08135774906048
12.6,9,1.06488370831576,1.05408984296949,1.0757881026932
12.8,9,1.05953232866653,1.04888997392122,1.07028266396016
13,9,1.05426282993143,1.04376824655547,1.06486293125221
13.2,9,1.04909662916819,1.03874675304335,1.05954962950062
13.4,9,1.04405472785874,1.03384749516366,1.05436273711882
13.6,9,1.03915773551027,1.02909239313464,1.04932152494257
13.8,9,1.03442589738415,1.02450329225393,1.04444460576101
14,9,1.02987912623029,1.02010196873854,1.03974999279382
14.2,9,1.02553703792112,1.0159101362929,1.03525516536907
14.4,9,1.02141899089911,1.01194945492387,1.03097714010612
14.6,9,1.0175441293728,1.00824154337096,1.02693254610329
14.8,9,1.01393143021988,1.0048079962431,1.02313770295574
15,9,1.01059975358148,1.00167040656916,1.01960870086704
15.2,9,1.00756789715933,0.998850393986309,1.01636148265862
15.4,9,1.00485341086819,0.996368271357128,1.01341081040057
15.6,9,1.00245503322989,0.994223653688229,1.01075456203445
15.8,9,1.00035711919821,0.992400128063462,1.00837790890182
16,9,0.998544028398401,0.990881044049052,1.00626627448203
16.2,9,0.997000471886221,0.989649938027864,1.0044056011585
16.4,9,0.995711471830858,0.988690524164281,1.00278227706654
16.6,9,0.994662323768814,0.987986681357274,1.00138307225562
16.8,9,0.993838561305231,0.987522437658562,1.0001950824319
17,9,0.993225923154316,0.987281953341725,0.999205678870836
17.2,9,0.992810322424474,0.987249503585297,0.998402463341859
17.4,9,0.992577818066584,0.987409461566789,0.997773227081013
17.6,9,0.99251458841573,0.987746282645548,0.997305912991772
17.8,9,0.99260690676762,0.988244490232282,0.996988580357479
18,9,0.992841118940905,0.988888663896032,0.99680937141723
18.2,9,0.993203622785836,0.989663430240776,0.996756479195067
18.4,9,0.993680849608012,0.990553457090596,0.996818115983208
18.6,9,0.994259247483561,0.991543451552052,0.996982481866234
18.8,9,0.994925266448908,0.99261816257324,0.997237732636584
19,9,0.995665345554361,0.993762388688487,0.997571946394766
19.2,9,0.996465901776085,0.994960991721945,0.99797308805441
19.4,9,0.997313320785643,0.996198917315225,0.998428970889713
19.6,9,0.998193949580214,0.997461223230645,0.998927214184194
19.8,9,0.999094090979775,0.998733116439864,0.999455195987593
20,9,1,1,1
20.2,9,1.00089788211141,1.00054835573784,1.00124753058671
20.4,9,1.00177389339633,1.00108657148255,1.00246168720877
20.6,9,1.00261414261549,1.00160046018883,1.00362885095229
20.8,9,1.00340469519579,1.00207525968172,1.00473589444843
21,9,1.00413158501159,1.00249555558028,1.00577028437224
21.2,9,1.00478490963519,1.00284899027097,1.00672456613614
21.4,9,1.00536601246402,1.00313333923768,1.00760365494972
21.6,9,1.00587817403425,1.00334858232491,1.00841414322229
21.8,9,1.00632469647936,1.0034952718321,1.00916209888601
22,9,1.00670890128628,1.00357457211456,1.00985301948578
22.2,9,1.00703412715628,1.00358826676735,1.01049181904446
22.4,9,1.00730372797231,1.00353873887733,1.01108284222494
22.6,9,1.00752107087463,1.00342893058441,1.01162989955368
22.8,9,1.00768953444586,1.00326228867123,1.01213631699105
23,9,1.00781250700694,1.00304270254675,1.01260499348708
23.2,9,1.00789338502488,1.0027744399565,1.01303846119272
23.4,9,1.0079355716334,1.00246208438897,1.01343894435986
23.6,9,1.00794247526703,1.00211047676782,1.01380841434193
23.8,9,1.00791750840956,1.00172466282826,1.014148639298
24,9,1.00786408645714,1.0013098466613,1.01446122811742
24.2,9,1.00778562669658,1.0008713502757,1.01474766871532
24.4,9,1.00768554739902,1.00041457863202,1.01500936124439
24.6,9,1.0075672670294,0.999944989387137,1.01524764698435
24.8,9,1.00743420357155,0.999468066491122,1.01546383376608
25,9,1.00728977396932,0.998989296754437,1.01565921881201
25.2,9,1.00713739368344,0.998514148513208,1.01583510986379
25.4,9,1.00698047636421,0.998048051538987,1.01599284544977
25.6,9,1.00682243364004,0.997596377347798,1.01613381513659
25.8,9,1.00666667502148,0.99716441904923,1.01625948062309
26,9,1.00651660792084,0.996757369830401,1.01637139858103
26.2,9,1.00637563778722,0.99638029908392,1.01647124623278
26.4,9,1.00624716835672,0.996038125056202,1.0165608507895
26.6,9,1.00613460201795,0.995735582704921,1.016642224061
26.8,9,1.00604112822863,0.995476808628985,1.0167175597807
27,9,1.00596739105928,0.995261201875533,1.01678874848893
27.2,9,1.00591235471252,0.995085101066776,1.01685741679633
27.4,9,1.00587495488804,0.994944798831599,1.01692518626079
27.6,9,1.0058541284094,0.994836633139807,1.0169936388903
27.8,9,1.00584881304331,0.994757022006333,1.01706428034061
28,9,1.0058579473304,0.994702495839814,1.01713850567301
28.2,9,1.00588047042706,0.994669727785053,1.01721756732222
28.4,9,1.00591532195868,0.994655561947078,1.01730254538613
28.6,9,1.00596144188399,0.994657039032375,1.0173943207015
28.8,9,1.00601777037068,0.994671418688147,1.01749355142464
29,9,1.00608324768217,0.994696197661899,1.01760065399462
29.2,9,1.0061568140756,0.994729122842542,1.01771578941799
29.4,9,1.00623740971093,0.994768198279384,1.01783885577873
29.6,9,1.00632397457127,0.994811685398333,1.01796948775428
29.8,9,1.00641544839436,0.994858095828023,1.01810706372531
30,9,1.00651077061523,0.994906176486303,1.01825072082906
30.2,9,1.00660888032002,0.994954886827785,1.01839937805593
30.4,9,1.00670871621099,0.995003368382769,1.01855176725926
30.6,9,1.00680921658274,0.995050906897582,1.01870647176876
30.8,9,1.00690931930954,0.995096887495594,1.01886197218851
31,9,1.00700796184403,0.995140743308185,1.01901669893061
31.2,9,1.00710408122689,0.995181897980705,1.01916909107959
31.4,9,1.00719661410798,0.995219702358173,1.01931766128309
31.6,9,1.00728449677851,0.995253365530248,1.01946106648911
31.8,9,1.00736666521454,0.995281880307074,1.01959818445842
32,9,1.00744205513167,0.995303943160932,1.01972819601681
32.2,9,1.00750960205102,0.995317868768632,1.01985067291198
32.4,9,1.00756824370086,0.995321501716822,1.01996567336617
32.6,9,1.00761748723872,0.9953126698581,1.02007442619416
32.8,9,1.00765815044745,0.995290047813975,1.02017994693438
33,9,1.00769123514704,0.995252402076045,1.02028553086033
33.2,9,1.00771774347629,0.995198575723514,1.02039439694603
33.4,9,1.00773867782234,0.99512761413747,1.02050955912758
33.6,9,1.00775504076026,0.995038870774343,1.02063371794451
33.8,9,1.00776783500259,0.994932090721835,1.02076917483783
34,9,1.00777806335877,0.994807469964152,1.02091777117813
34.2,9,1.0077867287047,0.99466568905263,1.02108085332738
34.4,9,1.00779483396215,0.994507921061421,1.02125926385464
34.6,9,1.00780338208818,0.994335815070406,1.02145335766313
34.8,9,1.0078133760746,0.994151457694993,1.02166304050876
35,9,1.00782581895735,0.993957316145841,1.02188782642656
35.2,9,1.00784171383586,0.993756166805914,1.02212691007731
35.4,9,1.00786206390245,0.993551013318606,1.02237925002041
35.6,9,1.00788787248165,0.99334499774674,1.02264365935286
35.8,9,1.00792014307957,0.993141307611011,1.02291890090574
36,9,1.00795987944321,0.992943080697367,1.02320378510883
36.2,9,1.00800808562977,0.992753308577728,1.02349726957918
36.4,9,1.00806576608604,0.992574738932218,1.02379856034603
36.6,9,1.00813392573769,0.992409776075512,1.02410721531018
36.8,9,1.00821357008869,0.992260378630887,1.02442325099541
37,9,1.0083057053307,0.992127953105475,1.0247472538397
37.2,9,1.00841133846254,0.992013242243273,1.02508049715171
37.4,9,1.00853147741978,0.99191620752711,1.02542506436333
37.6,9,1.00866713121435,0.991835906146281,1.02578397826438
37.8,9,1.00881931008437,0.991770364239403,1.02616133441293
38,9,1.00898902565406,0.991716450354881,1.02656243478266
38.2,9,1.00917715990206,0.99166956480848,1.02699384574202
38.4,9,1.00938333277017,0.991622357681937,1.02746242516752
38.6,9,1.00960645869654,0.991566979436777,1.02797412840507
38.8,9,1.00984544433238,0.991496770160934,1.02853367971471
39,9,1.01009919606659,0.99140651675904,1.02914432036394
39.2,9,1.01036661985904,0.991292581764314,1.02980767263331
39.4,9,1.01064662108585,0.991152914110355,1.03052372461523
39.6,9,1.01093810439647,0.990986948563225,1.03129092911108
39.8,9,1.01123997358268,0.990795409445857,1.03210640100102
40,9,1.01155113145953,0.990580040374357,1.03296619137445
0,10,1.12041304829034,1.08981962679933,1.15186528844778
0.2,10,1.12150554178575,1.09174658790379,1.15207566865049
0.4,10,1.12256612443977,1.09360558590226,1.15229358736318
0.6,10,1.12359636617109,1.09540101277445,1.15251746104861
0.8,10,1.1245978455461,1.09713571120034,1.15274737782735
1,10,1.12557214935284,1.09881120062749,1.15298484641882
1.2,10,1.1265208721969,1.10042793026697,1.15323252035905
1.4,10,1.12744561611959,1.10198555551388,1.15349390102898
1.6,10,1.12834799023846,1.10348323416691,1.15377302314554
1.8,10,1.1292296104106,1.1049199373896,1.1540741277967
2,10,1.13009209891881,1.10629476768037,1.15440133077418
2.2,10,1.13093708418087,1.10760727255866,1.1547582975154
2.4,10,1.13176620048208,1.10885773891518,1.15514793972289
2.6,10,1.13258108773136,1.11004744997729,1.15557215172468
2.8,10,1.13338339124086,1.11117888565109,1.1560316058273
3,10,1.13417476152946,1.11225584843189,1.15652562448105
3.2,10,1.1349568541502,1.11328350135081,1.15705214280062
3.4,10,1.1357313295418,1.11426831095484,1.15760776845341
3.6,10,1.13649985290433,1.11521789573888,1.15818793850666
3.8,10,1.13726409409937,1.11614078697944,1.15878716629275
4,10,1.13802544763522,1.11704579931469,1.15939912245307
4.2,10,1.13877977939334,1.11793556293756,1.16001264200552
4.4,10,1.13951787172435,1.11880594321385,1.16061323043132
4.6,10,1.14023029610205,1.11965124243293,1.16118759027488
4.8,10,1.14090760190609,1.12046456690198,1.16172362298447
5,10,1.14154031893452,1.12123799135967,1.16221026204518
5.2,10,1.14211896070074,1.12196271893335,1.16263731261256
5.4,10,1.14263402851663,1.12262923441558,1.16299529987193
5.6,10,1.14307601636318,1.12322745018543,1.16327532679958
5.8,10,1.14343541654857,1.12374684496595,1.16346894113614
6,10,1.14370272615257,1.12417659595045,1.16356801104092
6.2,10,1.1438684542547,1.12450570478746,1.16356460893753
6.4,10,1.14392312994208,1.1247231176048,1.16345090336827
6.6,10,1.14385731109095,1.12481783878,1.16321905914591
6.8,10,1.14366159391422,1.12477903761789,1.16286114663416
7,10,1.1433266232649,1.12459614656388,1.16236906151631
7.2,10,1.1428431036834,1.12425894914459,1.16173445684419
7.4,10,1.14220181117394,1.12375765555597,1.16094868942501
7.6,10,1.14139360569284,1.12308296376653,1.16000278265047
7.8,10,1.14040944432878,1.12222610419099,1.15888740767782
8,10,1.13924039515211,1.12117886640538,1.15759288444978
8.2,10,1.1378776517074,1.11993360696297,1.15610920344312
8.4,10,1.13631254812015,1.11848323804671,1.15442606835149
8.6,10,1.1345365747856,1.11682119734894,1.15253295924333
8.8,10,1.13254139460394,1.11494140009304,1.15041921520216
9,10,1.13031885972301,1.11283817441031,1.14807413514776
9.2,10,1.12786102874622,1.11050618129222,1.14548709551914
9.4,10,1.1251601843596,1.10794032002516,1.14264768380249
9.6,10,1.12220885262322,1.10513562058834,1.13954584889363
9.8,10,1.11900559352683,1.10209246202245,1.13617828040168
10,10,1.11556815734766,1.09882856181645,1.13256276450516
10.2,10,1.11191815148467,1.09536470734955,1.12872175569059
10.4,10,1.10807705782523,1.09172116031418,1.12467799536401
10.6,10,1.10406619560827,1.08791772116732,1.12045436945083
10.8,10,1.09990668828462,1.08397378939999,1.11607377850242
11,10,1.09561943434899,1.07990842047377,1.11155901941812
11.2,10,1.09122508210178,1.07574038013321,1.10693267799484
11.4,10,1.08674400828546,1.07148819656749,1.10221703172067
11.6,10,1.08219630052804,1.06717021060439,1.0974339624916
11.8,10,1.07760174351648,1.062804623813,1.09260487921443
12,10,1.07297980881494,1.05840954410158,1.08775065053084
12.2,10,1.06834964823671,1.05400302815721,1.08289154812301
12.4,10,1.06373009067436,1.04960311991617,1.07804720120922
12.6,10,1.05913964229043,1.04522788420413,1.07323656288146
12.8,10,1.05459648996992,1.04089543476067,1.06847788885979
13,10,1.05011850793704,1.03662395606514,1.06378872903707
13.2,10,1.04572326744095,1.03243171869607,1.05918593187787
13.4,10,1.04142804941905,1.02833708835105,1.05468566134854
13.6,10,1.03724986005212,1.02435852908228,1.05030342563948
13.8,10,1.03320544913191,1.02051460171044,1.04605411654735
14,10,1.02931133117023,1.01682395871333,1.0419520580692
14.2,10,1.02558380918753,1.0133053371031,1.03801106256345
14.4,10,1.02203900113007,1.00997755087863,1.03424449278327
14.6,10,1.01869286887589,1.00685948455647,1.03066532819694
14.8,10,1.01556124980327,1.00397008904689,1.02728623427526
15,10,1.01265989090931,1.00132838075897,1.02411963383997
15.2,10,1.01000448548152,0.99895344428982,1.02117778012969
15.4,10,1.00760969280185,0.99686327381485,1.01847196069619
15.6,10,1.00547472245936,0.995058200825739,1.0160002868835
15.8,10,1.00358694175854,0.993524765453303,1.01375102532922
16,10,1.00193367170739,0.992249154120016,1.01171271180508
16.2,10,1.00050247775013,0.991217583455424,1.00987434514085
16.4,10,0.999281142738968,0.990416312548898,1.00822531856713
16.6,10,0.998257641576181,0.98983164931719,1.00675536052283
16.8,10,0.997420117456722,0.989449952660531,1.00545448310179
17,10,0.996756859650197,0.989257631783208,1.00431293662989
17.2,10,0.996256282768436,0.989241143819371,1.00332116911709
17.4,10,0.995906907472052,0.989386990724322,1.00246978952537
17.6,10,0.995697342575904,0.989681716257981,1.00174953394237
17.8,10,0.995616268519369,0.990111903793858,1.00115123385772
18,10,0.995652422172932,0.990664175628027,1.00066578581019
18.2,10,0.995794582957607,0.99132519443403,1.00028412171431
18.4,10,0.996031560258408,0.992081667507799,0.999997179186864
18.6,10,0.996352182117238,0.992920354468806,0.999795871181296
18.8,10,0.996745285194379,0.993828079126836,0.999671054202956
19,10,0.997199705991131,0.994791746284395,0.999613494324783
19.2,10,0.997704273329103,0.995798364317177,0.999613830156985
19.4,10,0.998247802084257,0.996835074449656,0.999662531854839
19.6,10,0.998819088175938,0.997889187703929,0.999749855191946
19.8,10,0.999406904812937,0.998948230521558,0.999865789707929
20,10,1,1,1
20.2,10,1.00058709530916,1.00014175942703,1.00103262948722
20.4,10,1.00115688592088,1.00027987591712,1.00203466485598
20.6,10,1.00169804194022,1.00040261032408,1.00299515102406
20.8,10,1.00219921099292,1.00049758899003,1.00390372707318
21,10,1.0026490270829,1.00055171833464,1.00475073210965
21.2,10,1.00303958511786,1.0005542332545,1.00553111053351
21.4,10,1.00337252947468,1.00050269120219,1.00625059958082
21.6,10,1.00365114407025,1.00039662842857,1.00691624738462
21.8,10,1.00387872572949,1.000236242513,1.00753447349632
22,10,1.00405858244322,1.00002242662214,1.00811102845277
22.2,10,1.00419403173257,0.999756769647487,1.00865098790267
22.4,10,1.00428839912121,0.999441529038485,1.00915877448054
22.6,10,1.00434501671598,0.999079583196223,1.00963820056776
22.8,10,1.00436722189699,0.99867437034533,1.01009252502621
23,10,1.0043583561175,0.998229820225251,1.01052451756594
23.2,10,1.00432176381433,0.997750283836388,1.01093652551297
23.4,10,1.004260791429,0.997240465125742,1.01133053909363
23.6,10,1.00417878654002,0.996705357161874,1.01170825268598
23.8,10,1.00407909710655,0.996150184199164,1.0120711206381
24,10,1.00396507082337,0.995580350139618,1.01242040714447
24.2,10,1.00384005458759,0.995001393269698,1.01275723030196
24.4,10,1.00370739407667,0.994418946742669,1.01308260087373
24.6,10,1.00357043343815,0.993838704040782,1.01339745652521
24.8,10,1.0034325150907,0.993266388533488,1.01370269241452
25,10,1.00329697963658,0.992707726202358,1.01399918906514
25.2,10,1.00316716588538,0.992168420595087,1.01428783845681
25.4,10,1.00304641098884,0.991654129073963,1.01456956926819
25.6,10,1.00293805068683,0.991170439419819,1.01484537220892
25.8,10,1.00284541966421,0.9907228458276,1.01511632640447
26,10,1.00277185201873,0.990316723274428,1.01538362785217
26.2,10,1.0027206818397,0.989957299147482,1.01564862106167
26.4,10,1.00269524389778,0.989649620880299,1.01591283513141
26.6,10,1.00269887444569,0.98939851815601,1.01617802570443
26.8,10,1.00273464810892,0.989208104814837,1.01644615488299
27,10,1.00280247364323,0.989076801219022,1.01671862074368
27.2,10,1.00290016961748,0.988999358247407,1.0169963628704
27.4,10,1.00302551942052,0.988970485185525,1.01728030075646
27.6,10,1.00317630774393,0.988984958088865,1.01757129487942
27.8,10,1.00335031999445,0.989037659880612,1.01787010289829
28,10,1.00354534175538,0.989123617386046,1.01817733926967
28.2,10,1.00375915829722,0.989238035658053,1.01849343792703
28.4,10,1.00398955413724,0.989376329453078,1.01881861816313
28.6,10,1.00423431264803,0.989534151355019,1.019152854218
28.8,10,1.0044912157151,0.989707415799567,1.01949584931991
29,10,1.00475804344347,0.989892318116634,1.01984701506229
29.2,10,1.00503257391331,0.990085347679105,1.02020545702913
29.4,10,1.0053125829847,0.990283294314371,1.0205699675133
29.6,10,1.00559584415163,0.990483247286437,1.0209390260213
29.8,10,1.00588012844517,0.990682586368896,1.02131080804534
30,10,1.00616320438611,0.990878964774097,1.02168320233877
30.2,10,1.00644283798703,0.991070283949763,1.02205383668505
30.4,10,1.00671679280392,0.991254660469987,1.02242011193459
30.6,10,1.00698283003741,0.991430385407179,1.02277924392412
30.8,10,1.00723870868388,0.991595876657822,1.02312831280687
31,10,1.00748218573623,0.991749624701634,1.02346431931469
31.2,10,1.00771101643468,0.991890132205758,1.0237842475412
31.4,10,1.00792295456746,0.992015847759064,1.02408513396123
31.6,10,1.00811575282153,0.992125093861941,1.02436414256079
31.8,10,1.0082871631833,0.992215989138238,1.02461864611072
32,10,1.00843493738937,0.992286364621024,1.0248463137311
32.2,10,1.00855682742726,0.992333673944267,1.02504520491286
32.4,10,1.00865059077929,0.992354901401296,1.02521387544192
32.6,10,1.00871513611436,0.992347464180521,1.02535277466191
32.8,10,1.00875202023487,0.992310653708308,1.02546579997421
33,10,1.00876317337357,0.992243956992863,1.02555740731211
33.2,10,1.00875052792005,0.992146889535759,1.02563202919995
33.4,10,1.00871601794623,0.992019119688087,1.02569394547681
33.6,10,1.00866157876871,0.99186057571147,1.02574717192929
33.8,10,1.00858914654809,0.991671534124275,1.02579536825459
34,10,1.00850065792529,0.991452687728078,1.02584176695953
34.2,10,1.00839804969498,0.99120519194411,1.02588912456583
34.4,10,1.00828325851615,0.990930688692573,1.02593969588861
34.6,10,1.00815822065977,0.990631307905676,1.02599523129613
34.8,10,1.00802487179367,0.990309647723159,1.02605699590104
35,10,1.00788514680456,0.989968735311018,1.02612580874092
35.2,10,1.00774097965718,0.989611970926942,1.02620209932301
35.4,10,1.00759430329055,0.989243058234586,1.02628597852927
35.6,10,1.00744704955138,0.988865923909821,1.02637732083722
35.8,10,1.00730114916443,0.98848462931008,1.02647585508352
36,10,1.00715853173997,0.988103276461716,1.02658126151443
36.2,10,1.0070211258182,0.987725909952046,1.02669327353515
36.4,10,1.00689085895058,0.987356415589674,1.02681178329382
36.6,10,1.00676965781812,0.986998416007174,1.02693695092601
36.8,10,1.00665944838653,0.986655162798792,1.02706931786716
37,10,1.00656215609823,0.986329424374811,1.02720992505248
37.2,10,1.00647970610123,0.986023368530453,1.02736043700807
37.4,10,1.00641402351485,0.985738438831696,1.02752327273329
37.6,10,1.00636703373232,0.985475224387111,1.027701743809
37.8,10,1.0063406627603,0.985233323495251,1.02790019924627
38,10,1.00633683759524,0.985011203137121,1.02812417511176
38.2,10,1.00635724603758,0.984805724081531,1.02838040223302
38.4,10,1.00640126074432,0.984609545665647,1.02867527751117
38.6,10,1.00646696138768,0.984413817802426,1.02901414633359
38.8,10,1.00655241449453,0.984210580713529,1.02940141365911
39,10,1.00665568717642,0.983993042043612,1.0298402826305
39.2,10,1.00677484676844,0.983755744933317,1.03033257727437
39.4,10,1.00690796050511,0.98349464254554,1.03087866173263
39.6,10,1.0070530952336,0.983207078567957,1.03147745650561
39.8,10,1.00720831716404,0.982891679595824,1.03212654580775
40,10,1.00737169165692,0.982548171120733,1.03282236431645
0,11,1.06364835355028,1.03772195840734,1.09022249249364
0.2,11,1.0648258204613,1.03970699199081,1.09055150793013
0.4,11,1.06599332394851,1.04164894407489,1.09090665638028
0.6,11,1.06714927009054,1.04355058789118,1.09128160902682
0.8,11,1.06829205855569,1.04541285283748,1.09167198325098
1,11,1.06942008278503,1.04723501756274,1.0920751257207
1.2,11,1.07053173019958,1.04901493441144,1.09248986622587
1.4,11,1.07162538243161,1.05074928246442,1.09291624504209
1.6,11,1.07269941558035,1.05243384833135,1.09335521468721
1.8,11,1.07375220049207,1.05406383423011,1.09380831655576
2,11,1.07478210306473,1.05563419131133,1.0942773344934
2.2,11,1.07578748457733,1.05713997245115,1.09476393110912
2.4,11,1.07676670204387,1.05857669304463,1.09526927831345
2.6,11,1.07771810859232,1.05994068150052,1.09579370040175
2.8,11,1.07864005386826,1.06122939468404,1.0963363544555
3,11,1.07953088446355,1.06244166950081,1.0968949768868
3.2,11,1.08038894436993,1.0635778821102,1.09746572465469
3.4,11,1.08121257545745,1.064639991912,1.09804313402492
3.6,11,1.08200011797794,1.0656314578033,1.09862020938986
3.8,11,1.08274991109335,1.06655702677317,1.09918864209217
4,11,1.08346023681374,1.06742232998319,1.09973911148642
4.2,11,1.08412825822565,1.06823178881753,1.10026128466408
4.4,11,1.08475011058591,1.06898744782658,1.10074520033749
4.6,11,1.08532188813972,1.06968993807751,1.10118227623248
4.8,11,1.08583968366555,1.07033865597272,1.10156520279218
5,11,1.08629959032888,1.07093191050498,1.10188779358741
5.2,11,1.08669770367462,1.07146707293596,1.10214483393861
5.4,11,1.0870301237575,1.07194072344653,1.10233193320338
5.6,11,1.08729295740944,1.07234879200259,1.10244538348798
5.8,11,1.08748232064312,1.07268669246914,1.1024820257527
6,11,1.08759434119026,1.0729494500375,1.10243912324829
6.2,11,1.08762516117315,1.07313182246882,1.10231424178205
6.4,11,1.08757093990768,1.07322841564849,1.10210513632084
6.6,11,1.08742785683579,1.07323379361595,1.10180964376679
6.8,11,1.08719211458499,1.07314258269489,1.10142558228149
7,11,1.08685994215241,1.07294956870487,1.10095065817624
7.2,11,1.08642759821032,1.07264978559548,1.10038238202583
7.4,11,1.08589137453007,1.07223859331429,1.09971799619152
7.6,11,1.08524759952067,1.07171174240105,1.09895441625632
7.8,11,1.08449264187839,1.07106542276674,1.09808818890843
8,11,1.08362291434286,1.07029629440239,1.09711546852038
8.2,11,1.08263487755535,1.06940149834494,1.09603201408758
8.4,11,1.08152504401419,1.06837864702417,1.09483320739134
8.6,11,1.08028998212203,1.06722579399263,1.09351409237141
8.8,11,1.07892632031935,1.06594138384197,1.0920694348897
9,11,1.07743075129821,1.06452418368083,1.09049380149271
9.2,11,1.07580003628986,1.06297319777329,1.08878165555411
9.4,11,1.07403100941934,1.06128756674748,1.0869274693659
9.6,11,1.07212058281149,1.05946645280679,1.08492585210497
9.8,11,1.07006883604988,1.05751171063823,1.08277506751588
10,11,1.06788606561099,1.05543409796213,1.08048494105695
10.2,11,1.06558462728388,1.05324577223029,1.07806803297137
10.4,11,1.06317681941214,1.05095844695914,1.07553724184421
10.6,11,1.06067487030444,1.04858346927866,1.0729056994092
10.8,11,1.05809092703533,1.04613189160636,1.07018667422076
11,11,1.05543704562763,1.04361453826643,1.06739348335794
11.2,11,1.05272518260454,1.04104206778606,1.0645394114059
11.4,11,1.04996718789641,1.03842503139304,1.06163763616156
11.6,11,1.04717479908533,1.03577392796236,1.05870116077999
11.8,11,1.0443596369679,1.03309925535783,1.0557427523747
12,11,1.04153320241582,1.03041155782609,1.05277488736945
12.2,11,1.03870687451196,1.02772146886121,1.04980970413503
12.4,11,1.03589190993958,1.02503974880233,1.0468589635983
12.6,11,1.03309944360121,1.0223773163802,1.04393401855585
12.8,11,1.03034049044443,1.01974527350737,1.04104579234571
13,11,1.02762594847163,1.0171549228098,1.03820476732793
13.2,11,1.02496660291177,1.01461777770716,1.03542098331703
13.4,11,1.02237313153332,1.01214556522781,1.03270404573278
13.6,11,1.01985611107877,1.00975022214477,1.03006314283889
13.8,11,1.01742602480297,1.00744388538685,1.02750707107511
14,11,1.01509327109972,1.00523887796549,1.0250442672068
14.2,11,1.01286817320323,1.00314769182681,1.02268284585274
14.4,11,1.01076098995392,1.00118296906854,1.02043064092782
14.6,11,1.00878192762101,0.999357482851702,1.01829524965469
14.8,11,1.00694115277766,0.997684119094116,1.01628407804851
15,11,1.00524880622819,0.996175859671791,1.0144043871492
15.2,11,1.00371501799048,0.994845767378272,1.01266333976026
15.4,11,1.00234924985062,0.99370616992569,1.01106750575096
15.6,11,1.00115075016584,0.992757203124328,1.00961526282886
15.8,11,1.00011088795474,0.991989397689933,1.00829886945854
16,11,0.999220933782617,0.991392923862498,1.00711075344319
16.2,11,0.99847225752112,0.99095787015645,1.00604362613511
16.4,11,0.997856316061106,0.990674264544895,1.00509043500839
16.6,11,0.997364641804698,0.990532090110225,1.00424432348428
16.8,11,0.996988831916495,0.990521296612957,1.00349859651187
17,11,0.99672053831649,0.990631809162632,1.00284669068083
17.2,11,0.996551458399717,0.990853534965692,1.0022821478585
17.4,11,0.996473326469897,0.991176368966452,1.00179859150737
17.6,11,0.996477905876449,0.991590199080886,1.00138970496109
17.8,11,0.996556981846158,0.992084911642312,1.00104921102196
18,11,0.996702355002517,0.992650397628048,1.00077085229739
18.2,11,0.996905835567354,0.993276560213069,1.00054837171941
18.4,11,0.997159238240786,0.993953324197739,1.00037549269379
18.6,11,0.99745437775677,0.994670647879878,1.00024589830492
18.8,11,0.997783065112666,0.995418537984917,1.00015320896175
19,11,0.998137104472134,0.996187068329385,1.00009095781055
19.2,11,0.998508290741514,0.996966402968546,1.00005256316646
19.4,11,0.998888407820445,0.997746824661511,1.00003129713448
19.6,11,0.999269227527976,0.998518769563786,1.00002024951477
19.8,11,0.999642509205751,0.99927286910576,1.00001228603897
20,11,1,1,1
20.2,11,1.0003334358241,0.999975656473527,1.00069134318385
20.4,11,1.00063454300333,0.999931128667878,1.00133845216458
20.6,11,1.00089504060309,0.999857826591854,1.0019333305802
20.8,11,1.00110664344153,0.999746619331896,1.00246851768553
21,11,1.00126106994163,0.999587757545068,1.00293718346732
21.2,11,1.00135294185833,0.999373393384645,1.00333641140114
21.4,11,1.00138485932576,0.999102559598951,1.00367237262348
21.6,11,1.00136079101177,0.998775934542771,1.00395233715234
21.8,11,1.00128471505234,0.998394761392357,1.00418303397272
22,11,1.00116061690753,0.997960883805521,1.00437060922119
22.2,11,1.00099248737372,0.997476750084008,1.00452061633943
22.4,11,1.00078432075298,0.996945391470882,1.00463803256796
22.6,11,1.00054011318032,0.996370380763357,1.00472729560258
22.8,11,1.00026386110952,0.995755777772118,1.00479235388448
23,11,0.999959559957741,0.995106067756828,1.00483672439552
23.2,11,0.999631202909258,0.994426097950351,1.00486355284664
23.4,11,0.99928277987831,0.99372101596937,1.00487567246148
23.6,11,0.998918276631102,0.99299621258737,1.00487565887856
23.8,11,0.998541674066736,0.992257270205573,1.0048658798352
24,11,0.998156947656864,0.99150991747998,1.00484853917337
24.2,11,0.99776806704374,0.990759989952171,1.00482571531806
24.4,11,0.997378995796297,0.990013396148024,1.00479939476182
24.6,11,0.996993691323856,0.989276088396109,1.00477150130164
24.8,11,0.996616104947045,0.988554037520864,1.00474392187069
25,11,0.996250182125489,0.987853210538314,1.00471852983523
25.2,11,0.99589986284189,0.987179550488571,1.00469720662024
25.4,11,0.995569082142097,0.986538957554112,1.00468186251316
25.6,11,0.995261770830875,0.985937270618236,1.00467445748986
25.8,11,0.99498185632309,0.985380248401492,1.00467702292402
26,11,0.994733263650171,0.984873549266175,1.00469168508931
26.2,11,0.994519916621758,0.984422708692258,1.004720691451
26.4,11,0.994345739142622,0.984033113295143,1.00476644087742
26.6,11,0.994214656685027,0.983709970068997,1.0048315190889
26.8,11,0.99413027485284,0.983457783844656,1.00491858381091
27,11,0.994092326743593,0.983275022504247,1.00502863540015
27.2,11,0.994097991179679,0.983156241150837,1.00516151421741
27.4,11,0.994144407491443,0.983095943821813,1.00531703864465
27.6,11,0.994228719729435,0.983088688543291,1.00549498601143
27.8,11,0.994348075533595,0.983129120561226,1.00569505534832
28,11,0.994499625085196,0.983212003331303,1.00591683273148
28.2,11,0.99468052014122,0.983332247603546,1.00615975888071
28.4,11,0.994887913150864,0.983484938474024,1.00642309913709
28.6,11,0.995118956453991,0.983665359924455,1.00670591629874
28.8,11,0.995370801561384,0.983869016118645,1.00700704704525
29,11,0.995640598516737,0.984091648570754,1.00732508283602
29.2,11,0.995925495340359,0.984329248244984,1.00765835622318
29.4,11,0.996222637554631,0.984578061687227,1.0080049334794
29.6,11,0.996529167791271,0.984834590416811,1.0083626143132
29.8,11,0.996842225480539,0.985095583002703,1.0087289392488
30,11,0.997158946622484,0.985358019486536,1.00910120500912
30.2,11,0.997476463640428,0.985619088063046,1.00947648799287
30.4,11,0.997791905316822,0.985876154154251,1.00985167571058
30.6,11,0.99810239681168,0.98612672218883,1.01022350586952
30.8,11,0.998405059763762,0.986368390503388,1.01058861269182
31,11,0.998697012474688,0.986598799810239,1.0109435800223
31.2,11,0.998975370176139,0.986815575632966,1.01128500082545
31.4,11,0.999237245380311,0.987016265015354,1.01160954276645
31.6,11,0.999479748313722,0.987198267692574,1.01191401968743
31.8,11,0.999699987434487,0.987358761817869,1.01219546888557
32,11,0.999895070033086,0.987494624316623,1.01245123412024
32.2,11,1.00006210291667,0.987602346056776,1.01267905415912
32.4,11,1.00019819802621,0.987677946928247,1.01287716147372
32.6,11,1.0003016565392,0.987718031341504,1.0130455983638
32.8,11,1.00037351622654,0.987721442917146,1.01318765441786
33,11,1.00041520144334,0.987687322607207,1.01330709868485
33.2,11,1.00042813960207,0.987614899931447,1.01340761725763
33.4,11,1.00041376075167,0.987503618735127,1.01349268368579
33.6,11,1.00037349717665,0.987353242387149,1.01356545042978
33.8,11,1.00030878301646,0.987163936139518,1.01362866363714
34,11,1.00022105390508,0.986936324622458,1.01368460326728
34.2,11,1.00011174663091,0.9866715232616,1.013735049779
34.4,11,0.999982298817226,0.986371143614966,1.01378127738307
34.6,11,0.999834148623033,0.986037273998271,1.01382407249089
34.8,11,0.9996687344645,0.985672438034767,1.0138637747225
35,11,0.999487494756989,0.985279534706457,1.01390033689599
35.2,11,0.999291867677689,0.984861763959739,1.01393339994422
35.4,11,0.999083290948891,0.984422541898778,1.01396237872406
35.6,11,0.998863201641899,0.983965409147457,1.01398655513589
35.8,11,0.998633036001582,0.983493935201924,1.01400517572992
36,11,0.998394229291566,0.983011620680926,1.01401755189041
36.2,11,0.998148215660044,0.982521798452483,1.01402316161794
36.4,11,0.997896428026187,0.982027533787561,1.01402175275754
36.6,11,0.997640297987134,0.981531523046698,1.01401344816564
36.8,11,0.997381255745529,0.981035990000642,1.01399885371369
37,11,0.997120730057575,0.980542578764747,1.01397917014789
37.2,11,0.996860148201568,0.980052242532942,1.01395630961892
37.4,11,0.996600935966882,0.979565127886116,1.01393301710668
37.6,11,0.996344517663356,0.979080455491323,1.01391299592398
37.8,11,0.996092316151057,0.978596399579126,1.01390103491276
38,11,0.995845752890378,0.978109970744527,1.01390313278877
38.2,11,0.995606085294718,0.977616692656223,1.01392650567643
38.4,11,0.995373003167386,0.977109117625332,1.01397827280777
38.6,11,0.99514532171627,0.97657920468536,1.0140644062279
38.8,11,0.994921847782687,0.976020148349988,1.01418959933229
39,11,0.9947013893415,0.975426633603973,1.01435702068355
39.2,11,0.994482755457898,0.974794958000144,1.01456818460789
39.4,11,0.994264756258442,0.974123034151688,1.01482294420699
39.6,11,0.994046202916359,0.973410281073807,1.01511959832845
39.8,11,0.993825907651053,0.972657421718902,1.01545509514848
40,11,0.993602683741832,0.97186620980567,1.01582530926389
0,12,1.00781365790205,0.979448455254371,1.03700032768966
0.2,12,1.00897840427467,0.981288958930917,1.03744917440198
0.4,12,1.01015022428223,0.983105874555706,1.03793853950735
0.6,12,1.01132515067418,0.984899627979435,1.03845968800337
0.8,12,1.01249919772903,0.98666884457578,1.03900577284642
1,12,1.0136683612106,0.988410590100509,1.03957156753542
1.2,12,1.01482861848199,0.990120633968627,1.04015317887285
1.4,12,1.01597592877868,0.991793729789751,1.04074774507449
1.6,12,1.01710623364194,0.993423909211008,1.04135312319482
1.8,12,1.01821545751381,0.995004784978923,1.04196756997708
2,12,1.01929950849471,0.9965298576936,1.04258942167793
2.2,12,1.02035427926492,0.997992818252714,1.0432167808953
2.4,12,1.02137564817069,0.999387834970221,1.04384722144149
2.6,12,1.0223594804761,1.00070981152434,1.0444775251351
2.8,12,1.02330162978119,1.00195460007847,1.0451034661958
3,12,1.02419793960712,1.00311915388359,1.04571965896008
3.2,12,1.02504424514868,1.00420160583073,1.04631948247406
3.4,12,1.02583637519441,1.005201263638,1.04689509130082
3.6,12,1.02657015421439,1.00611851785912,1.04743751637352
3.8,12,1.02724140461554,1.00695466444077,1.04793685418057
4,12,1.02784608125997,1.00771175201176,1.04838269937053
4.2,12,1.02838275245916,1.00839401695669,1.04876771160068
4.4,12,1.0288523899769,1.00900670268718,1.04908841293333
4.6,12,1.02925606924121,1.00955398750269,1.0493426495104
4.8,12,1.0295948803476,1.01003904540359,1.04952934489221
5,12,1.0298699273417,1.01046418401093,1.04964835372268
5.2,12,1.03008232750971,1.01083097935893,1.0497003189601
5.4,12,1.030233210677,1.01114040527843,1.04968653496699
5.6,12,1.03032371851563,1.0113929564056,1.04960881743588
5.8,12,1.03035500386097,1.01158876462454,1.04946938035178
6,12,1.03032823003805,1.01172770910513,1.04927071983855
6.2,12,1.03024457019795,1.01180952013352,1.04901550469925
6.4,12,1.03010520666468,1.01183387674693,1.04870647364487
6.6,12,1.02991133029293,1.01180049785841,1.04834633953123
6.8,12,1.02966413983701,1.01170922616594,1.04793770131379
7,12,1.02936484133141,1.01156010375281,1.04748296481667
7.2,12,1.02901464748318,1.01135343796855,1.0469842737291
7.4,12,1.0286147770765,1.011089855986,1.04644345243515
7.6,12,1.02816645438978,1.01077034640099,1.04586196231074
7.8,12,1.0276709086254,1.01039628639448,1.04524087296836
8,12,1.02712937335253,1.00996945329877,1.04458084960662
8.2,12,1.02654308596309,1.00949201986055,1.04388215717068
8.4,12,1.02591328714114,1.00896653300322,1.04314468151876
8.6,12,1.02524122034594,1.00839587637604,1.0423679673046
8.8,12,1.02452813130874,1.00778321734966,1.04155127191287
9,12,1.02377526754359,1.00713193929903,1.04069363460308
9.2,12,1.02298387787218,1.0064455599488,1.03979396008229
9.4,12,1.02215521196299,1.00572763621396,1.03885111606978
9.6,12,1.02129052000664,1.00498165539689,1.03786404523326
9.8,12,1.02039159694442,1.00421113582446,1.03683276750358
10,12,1.01946203035996,1.00341996719071,1.03576056419866
10.2,12,1.01850576726307,1.00261173649277,1.03465176018875
10.4,12,1.01752674247383,1.00178964958523,1.03351104902917
10.6,12,1.016528877676,1.00095661476844,1.03234340420268
10.8,12,1.01551608062182,1.00011532018781,1.03115399712889
11,12,1.01449224448715,0.999268306026988,1.02994812095719
11.2,12,1.01346124737634,0.998418032323167,1.02873111931251
11.4,12,1.01242695197564,0.997566942996064,1.02750831939981
11.6,12,1.01139320535432,0.996717526394567,1.02628496915981
11.8,12,1.01036383891236,0.995872372355956,1.02506617847697
12,12,1.00934266847376,0.99503422546871,1.02385686474436
12.2,12,1.00833349452442,0.994206033959897,1.02266170335961
12.4,12,1.00734010259352,0.99339099342052,1.02148508393368
12.6,12,1.00636626377748,0.992592584463666,1.02033107311262
12.8,12,1.00541573540551,0.991814603401253,1.01920338492138
13,12,1.00449226184598,0.991061185135405,1.01810535942904
13.2,12,1.0035995754526,0.990336817685388,1.01703995030973
13.4,12,1.00274139765003,0.989646348089751,1.01600972155555
13.6,12,1.00192144015797,0.988994979800217,1.01501685322103
13.8,12,1.00114340635353,0.98838826207288,1.01406315569057
14,12,1.00041099277141,0.987832072213767,1.0131500916092
14.2,12,0.999727890741746,0.987332591803939,1.01227880434986
14.4,12,0.999097788165502,0.986896278178302,1.01145015174214
14.6,12,0.998524371427757,0.986529832439478,1.01066474378144
14.8,12,0.99801132744904,0.98624016514257,1.00992298318393
15,12,0.997562345875383,0.986034360483999,1.00922510795662
15.2,12,0.997181121407824,0.98591963935856,1.00857123562231
15.4,12,0.996871064555031,0.985902879124,1.00796127122588
15.6,12,0.996631157065498,0.985984227822857,1.00739305478238
15.8,12,0.996456940967523,0.986158359717563,1.00686307165386
16,12,0.996343883807597,0.986419537612126,1.00636807864115
16.2,12,0.996287467007934,0.986761797262491,1.00590509246584
16.4,12,0.996283183201265,0.987178986403061,1.00547134288815
16.6,12,0.996326533772813,0.987664797163051,1.00506423307894
16.8,12,0.996413026607952,0.988212793341758,1.00468130577081
17,12,0.996538174044361,0.988816433777331,1.00432021394913
17.2,12,0.996697491027739,0.989469092853359,1.00397869503562
17.4,12,0.996886493470408,0.990164079038263,1.00365454766747
17.6,12,0.997100696812341,0.990894652239754,1.00334561028905
17.8,12,0.997335614784351,0.991654040676438,1.00304974085396
18,12,0.997586758373353,0.992435457917221,1.0027647969878
18.2,12,0.997849634989735,0.993232120713407,1.00248861598834
18.4,12,0.998119747837015,0.994037268245709,1.00221899404276
18.6,12,0.998392595484035,0.994844183426357,1.00195366402435
18.8,12,0.998663671640021,0.995646216932401,1.00169027119524
19,12,0.998928465132874,0.99643681469647,1.00142634609168
19.2,12,0.999182460091072,0.997209549639718,1.00115927380995
19.4,12,0.999421136329562,0.997958158488897,1.00088625885349
19.6,12,0.999639969939966,0.998676584559654,1.00060428466157
19.8,12,0.999834434085389,0.999359027386634,1.00031006694063
20,12,1,1,1
20.2,12,1.00013213819348,0.999670095507411,1.00059439443344
20.4,12,1.00022631986023,0.999315913501081,1.0011375556265
20.6,12,1.00027801849318,0.998932486216254,1.00162536316196
20.8,12,1.00028271170169,0.998514236406041,1.00205431915586
21,12,1.0002358859542,0.998054895595666,1.00242164230202
21.2,12,1.00013493471257,0.997549003690785,1.00272756920378
21.4,12,0.999982478429226,0.996995172936797,1.00297873481164
21.6,12,0.999782032535252,0.996393272828419,1.00318231750291
21.8,12,0.999537116918002,0.995743830274695,1.00334485408876
22,12,0.999251254300126,0.995048055469314,1.00347220793214
22.2,12,0.99892796874128,0.994307835615441,1.00356956969563
22.4,12,0.998570784262983,0.99352570363187,1.00364148359574
22.6,12,0.99818322359695,0.992704788586272,1.00369189241985
22.8,12,0.997768807057093,0.99184875437499,1.00372419478761
23,12,0.997331051535267,0.990961732473564,1.00374130883301
23.2,12,0.99687346962075,0.990048253486787,1.0037457375778
23.4,12,0.996399568843306,0.989113180965227,1.00373963252849
23.6,12,0.995912851039677,0.988161649739424,1.00372485324392
23.8,12,0.995416811843196,0.987199009988326,1.00370302165497
24,12,0.994914940296224,0.986230777459788,1.003675570716
24.2,12,0.99441071858503,0.985262589695949,1.00364378753278
24.4,12,0.993907621896726,0.984300167750019,1.00360885147719
24.6,12,0.993409118397828,0.983349282666368,1.00357186801424
24.8,12,0.992918669334021,0.982415725886147,1.00353389907594
25,12,0.992439729250703,0.981505282695927,1.00349599086197
25.2,12,0.991975746333908,0.980623707825725,1.00345919995807
25.4,12,0.991530162871206,0.979776702301941,1.00342461866421
25.6,12,0.991106415832271,0.978969890653559,1.00339340043248
25.8,12,0.990707937568798,0.978208797544268,1.00336678634032
26,12,0.99033815663356,0.977498822850174,1.0033461335786
26.2,12,0.990000498718433,0.97684521411525,1.00333294702216
26.4,12,0.989698387711348,0.976253035188712,1.00332891507897
26.6,12,0.989435246872162,0.975727129674965,1.00333595118862
26.8,12,0.989214233211964,0.975271624759783,1.00335616698595
27,12,0.989035302853312,0.974884961162352,1.00339103510618
27.2,12,0.988896302143284,0.974561923372656,1.00344151863475
27.4,12,0.988795046127842,0.974297266458576,1.00350855627545
27.6,12,0.988729355233415,0.974085823380829,1.00359302479869
27.8,12,0.988697054461032,0.973922543840751,1.00369569600984
28,12,0.988695972629092,0.973802529820326,1.00381719738739
28.2,12,0.988723941664478,0.973721068177982,1.00395797602467
28.4,12,0.98877879594174,0.97367366019301,1.00411826598061
28.6,12,0.988858371670154,0.973656047613723,1.00429805948279
28.8,12,0.988960506328474,0.973664234541515,1.00449708264987
29,12,0.98908303814724,0.973694504365597,1.00471477651809
29.2,12,0.98922380563854,0.973743430944261,1.00495028417605
29.4,12,0.989380647173154,0.973807883298367,1.00520244474222
29.6,12,0.989551400605027,0.973885023225952,1.00546979477698
29.8,12,0.989733902943055,0.97397229544229,1.00575057752547
30,12,0.989925990070185,0.974067410071043,1.00604276016684
30.2,12,0.990125496509841,0.974168317530905,1.00634405902629
30.4,12,0.990330255239713,0.974273176051548,1.00665197251747
30.6,12,0.990538097552963,0.974380312190471,1.00696382144475
30.8,12,0.99074685296689,0.974488174794607,1.00727679622247
31,12,0.990954349179131,0.97459528285241,1.00758801056679
31.2,12,0.991158412071465,0.974700167618929,1.00789456127816
31.4,12,0.99135686576128,0.974801309282564,1.00819359384667
31.6,12,0.991547532700782,0.974897068300347,1.00848237375365
31.8,12,0.991728233824003,0.974985611388783,1.00875836348265
32,12,0.991896788741661,0.975064832056272,1.00901930535347
32.2,12,0.992051015983929,0.975132265545789,1.00926331030991
32.4,12,0.992188735612642,0.975184999842893,1.00948895567017
32.6,12,0.992308336017612,0.975220015069036,1.00969608756475
32.8,12,0.992409514735526,0.975234873594514,1.00988661460347
33,12,0.992492153669958,0.975227151612688,1.01006280789815
33.2,12,0.992556135721888,0.975194446511685,1.01022692047023
33.4,12,0.992601344811214,0.975134493465891,1.01038106673794
33.6,12,0.992627665898297,0.975045265806385,1.01052711875056
33.8,12,0.992634985005544,0.974925058058425,1.01066662028284
34,12,0.992623189239013,0.974772550350682,1.01080072008651
34.2,12,0.99259216681005,0.974586853070118,1.01093012542596
34.4,12,0.992541807056947,0.974367531115934,1.0110550765455
34.6,12,0.992472000466611,0.974114607804937,1.01117534201626
34.8,12,0.992382638696248,0.973828549275039,1.01129023411654
35,12,0.992273614595057,0.973510230989761,1.01139864264241
35.2,12,0.992144822225922,0.973160888546455,1.01149908494572
35.4,12,0.991996156887107,0.972782055352563,1.01158976963462
35.6,12,0.991827515133938,0.972375489822927,1.01166867128243
35.8,12,0.991638794800483,0.971943094578976,1.01173361366317
36,12,0.991429895021206,0.971486829746684,1.01178235941506
36.2,12,0.991200716252612,0.971008621925863,1.01181270455774
36.4,12,0.990951160294852,0.970510269817567,1.01182257687423
36.6,12,0.990681130313313,0.969993346923947,1.01181013774089
36.8,12,0.990390530860159,0.969459101241446,1.01177388748159
37,12,0.99007926789584,0.968908351509083,1.01171277468132
37.2,12,0.989747248810552,0.968341379398602,1.01162631006892
37.4,12,0.989394382445651,0.967757817092249,1.0115146855194
37.6,12,0.989020579115001,0.967156530043434,1.01137889837651
37.8,12,0.988625750626274,0.966535495421871,1.01122088058934
38,12,0.988209810302173,0.965891677882261,1.01104363101935
38.2,12,0.987772693794878,0.965220841365167,1.01085145781437
38.4,12,0.98731453841106,0.964517265558383,1.01065064625205
38.6,12,0.986835594365593,0.963775193982642,1.01044776456908
38.8,12,0.986336113986483,0.96298973887246,1.01024849017919
39,12,0.985816350443607,0.96215710518204,1.01005737167849
39.2,12,0.985276557699541,0.961274726615445,1.00987768457228
39.4,12,0.984716990460909,0.960341316627011,1.00971137502251
39.6,12,0.984137904130249,0.9593568361941,1.00955908980454
39.8,12,0.983539554758409,0.95832238491128,1.00942028591341
40,12,0.982922198997482,0.957240026099433,1.00929340911376
0,13,0.97723255539236,0.952124549934275,1.0030026716406
0.2,13,0.978487259432243,0.954299891664737,1.00328767218134
0.4,13,0.979758465651102,0.956429837242194,1.00365611112979
0.6,13,0.981040609745042,0.958515812596179,1.00409473200251
0.8,13,0.982328098525438,0.96055747180375,1.00459214724609
1,13,0.983615309453423,0.962552805558422,1.00513870138258
1.2,13,0.984896590494956,0.964498305359993,1.00572628129869
1.4,13,0.986166260299379,0.966389178083614,1.0063480790228
1.6,13,0.987418608704434,0.968219605946088,1.00699831198222
1.8,13,0.988647897570608,0.969983046325208,1.00767190630163
2,13,0.989848361947602,0.971672563830877,1.00836415076642
2.2,13,0.991014211575522,0.973281183265456,1.00907033284007
2.4,13,0.99213963272321,0.974802246987101,1.00978537325137
2.6,13,0.993218790365838,0.976229754717385,1.01050348114145
2.8,13,0.994245830703568,0.977558659621038,1.01121785597464
3,13,0.995214884022709,0.978785093343827,1.01192046355819
3.2,13,0.996120067900349,0.979906495959754,1.01260191024854
3.4,13,0.996955490752959,0.980921634576219,1.01325143162111
3.6,13,0.997715255728914,0.981830505212922,1.01385700100889
3.8,13,0.998393464944266,0.982634123751154,1.01440555212781
4,13,0.998984482659727,0.983334453006683,1.01488358670185
4.2,13,0.999487791950572,0.98393816455846,1.01528315725665
4.4,13,0.999907582360166,0.984455089070314,1.01560262561652
4.6,13,1.00024824549377,0.984893851803565,1.01584201259986
4.8,13,1.00051419859849,0.98526185977549,1.01600265113813
5,13,1.00070988113584,0.985565458594316,1.01608701631163
5.2,13,1.00083975154395,0.985810087215428,1.01609855819182
5.4,13,1.00090828419242,0.986000425717351,1.01604154241226
5.6,13,1.00091996653219,0.986140533982793,1.01592090060084
5.8,13,1.00087929644254,0.986233980928914,1.01574209104393
6,13,1.00079077977698,0.986283964892978,1.01551096898883
6.2,13,1.00065892810943,0.986293426154235,1.01523366561356
6.4,13,1.00048825668191,0.986265152528901,1.01491647473479
6.6,13,1.00028328255443,0.986201878643374,1.01456574665447
6.8,13,1.00004852295793,0.986106378976309,1.01418778905836
7,13,0.999788493850449,0.985981554154976,1.01378877548315
7.2,13,0.999507708676882,0.985830509383814,1.01337466247513
7.4,13,0.999210677332244,0.985656623360911,1.01295111708409
7.6,13,0.998901905328432,0.985463605683292,1.01252345669014
7.8,13,0.998585893164174,0.985255540620182,1.01209660328204
8,13,0.998267135897901,0.985036915279466,1.01167505415883
8.2,13,0.997950122923112,0.984812630597325,1.01126287062159
8.4,13,0.997639337945845,0.984587994185635,1.01086368561729
8.6,13,0.997339259163772,0.984368694772325,1.01048073059597
8.8,13,0.997054359646509,0.984160758634107,1.01011688117887
9,13,0.99678910791674,0.983970488911483,1.00977472074453
9.2,13,0.996547968731801,0.983804388894978,1.00945662084203
9.4,13,0.996335404065487,0.983669070199845,1.00916483751254
9.6,13,0.996155874007074,0.983571145837038,1.00890162294697
9.8,13,0.996012573420324,0.983515603999515,1.00866833467328
10,13,0.995904527444238,0.983502158884844,1.00846329499523
10.2,13,0.995829906733815,0.983529073827103,1.00828458409132
10.4,13,0.995786885979882,0.98359424551811,1.0081306664896
10.6,13,0.995773643314362,0.983695279734989,1.00800031183101
10.8,13,0.995788359749404,0.983829561168687,1.00789252178446
11,13,0.995829218650208,0.983994318338333,1.00780646212686
11.2,13,0.995894405241352,0.984186684487991,1.00774139908934
11.4,13,0.995982106146511,0.984403755167914,1.00769663926651
11.6,13,0.996090508961436,0.984642642938764,1.00767147264894
11.8,13,0.996217801860107,0.984900529334326,1.00766511864275
12,13,0.996362173233995,0.985174713904068,1.00767667525441
12.2,13,0.996521811364375,0.985462659860106,1.00770507191608
12.4,13,0.996694904127665,0.985762035604174,1.00774902667579
12.6,13,0.996879638733763,0.986070751238709,1.0078070086488
12.8,13,0.997074201497396,0.98638698909795,1.00787720669433
13,13,0.997276777642469,0.986709227386328,1.00795750523122
13.2,13,0.997485551139456,0.987036256184792,1.00804546793234
13.4,13,0.997698704575846,0.987367185366369,1.0081383297572
13.6,13,0.997914419059691,0.987701444318581,1.00823299742593
13.8,13,0.998130874156296,0.98803877375737,1.0083260580507
14,13,0.998346247858093,0.988379210283768,1.00841379527416
14.2,13,0.998558716587758,0.988723064631184,1.00849221196771
14.4,13,0.998766455234617,0.989070894737778,1.00855705835565
14.6,13,0.998967637224378,0.989423474828416,1.00860386438144
14.8,13,0.999160434622262,0.989781761591362,1.00862797523108
15,13,0.999343018269546,0.990146858281857,1.0086245891817
15.2,13,0.999513557953574,0.990519977172584,1.00858879735542
15.4,13,0.999670299217709,0.99090234769022,1.00851583354048
15.6,13,0.999812653227687,0.991294375433622,1.00840412931519
15.8,13,0.999940939496526,0.991695614842765,1.00825481883342
16,13,1.00005550226714,0.992105347315326,1.00806936513459
16.2,13,1.00015668651743,0.992522641982898,1.00784944874111
16.4,13,1.0002448379132,0.992946393605911,1.00759692790533
16.6,13,1.00032030276224,0.993375354484322,1.0073138049995
16.8,13,1.00038342796962,0.993808161613471,1.00700219782003
17,13,1.0004345609941,0.994243360118114,1.00666431477355
17.2,13,1.00047404980572,0.994679423837188,1.00630243307264
17.4,13,1.00050224284459,0.995114773805732,1.00591887919502
17.6,13,1.0005194889809,0.995547795285118,1.00551601095547
17.8,13,1.00052613747602,0.995976853925364,1.00509620060679
18,13,1.00052253794494,0.99640031160082,1.00466181842867
18.2,13,1.00050904031977,0.996816542440699,1.00421521628303
18.4,13,1.00048599481458,0.997223949576953,1.00375871061336
18.6,13,1.00045375189135,0.997620983152425,1.00329456434513
18.8,13,1.00041266222715,0.998006160170461,1.00282496710588
19,13,1.0003630766826,0.998378086821188,1.00235201312977
19.2,13,1.00030534627148,0.99873548398554,1.00187767614532
19.4,13,1.00023982213159,0.999077216689244,1.00140378047379
19.6,13,1.00016685549685,0.999402328343436,1.00093196750158
19.8,13,1.00008679767057,0.999710080646371,1.00046365665163
20,13,1,1,1
20.2,13,0.999906813852123,0.999541829811546,1.00027193116711
20.4,13,0.999807590590604,0.999089598573813,1.00052609858968
20.6,13,0.999702681554038,0.998643311683154,1.00076317521408
20.8,13,0.999592438035397,0.998202453891754,1.00098435771417
21,13,0.999477211256946,0.997765911560853,1.00119144605697
21.2,13,0.999357348330002,0.997331613144042,1.0013871980983
21.4,13,0.999233185198973,0.996896446344734,1.00157540140093
21.6,13,0.999105055815836,0.996457577809393,1.00175956787967
21.8,13,0.998973294012064,0.996012712775663,1.00194267537837
22,13,0.998838233485959,0.995560125148494,1.00212713574134
22.2,13,0.998700207791096,0.995098659466215,1.00231479115548
22.4,13,0.998559550325889,0.994627710195897,1.00250693332348
22.6,13,0.998416594324264,0.994147183912925,1.00270433991329
22.8,13,0.998271672847444,0.993657450042369,1.00290732260614
23,13,0.998125118776852,0.993159285418807,1.00311578148634
23.2,13,0.997977264808113,0.992653817033174,1.00332926140413
23.4,13,0.997828443446176,0.992142466220182,1.00354700705781
23.6,13,0.99767898700154,0.991626896423854,1.00376801465757
23.8,13,0.997529227587585,0.991108965710366,1.00399107900137
24,13,0.997379497119013,0.990590684443609,1.00421483554745
24.2,13,0.997230127311389,0.990074178004849,1.00443779760168
24.4,13,0.997081449681793,0.989561654093484,1.00465838908267
24.6,13,0.996933795550569,0.989055373946767,1.00487497352636
24.8,13,0.996787496044176,0.988557626717525,1.00508588009096
25,13,0.996642882099139,0.98807070621164,1.00528942736019
25.2,13,0.996500284467104,0.987596889181209,1.00548394574865
25.4,13,0.996360033720983,0.987138414372716,1.00566779930991
25.6,13,0.996222460262206,0.986697461526513,1.00583940775064
25.8,13,0.99608789432906,0.986276129503433,1.00599726947508
26,13,0.995956666006129,0.985876412668521,1.00613998652949
26.2,13,0.995829105234824,0.985500174584609,1.00626629239389
26.4,13,0.995705541825017,0.985149117955012,1.00637508368182
26.6,13,0.995586305467753,0.984824749601431,1.00646545696184
26.8,13,0.995471716497474,0.984528173271412,1.00653690290409
27,13,0.99536198412985,0.98425827198928,1.00659096057026
27.2,13,0.995257244235174,0.984012542421198,1.00663044371908
27.4,13,0.995157631399282,0.983788477048407,1.00665817341495
27.6,13,0.995063280231341,0.983583630001651,1.0066769123263
27.8,13,0.994974325370919,0.983395655195328,1.0066893248076
28,13,0.994890901495237,0.98322234129781,1.00669794033718
28.2,13,0.9948131433266,0.98306164374754,1.00670512010079
28.4,13,0.994741185640023,0.982911713585646,1.0067130269501
28.6,13,0.994675163271033,0.982770922568512,1.00672359927222
28.8,13,0.994615211123659,0.982637883834494,1.00673852949596
29,13,0.994561464178613,0.982511467320972,1.00675924803834
29.2,13,0.994514057501651,0.982390809153822,1.00678691346911
29.4,13,0.994473126252122,0.982275314348678,1.00682240955372
29.6,13,0.994438805691712,0.982164652351894,1.00686634964669
29.8,13,0.994411231193361,0.982058745181731,1.00691908867479
30,13,0.994390538250385,0.981957748175037,1.00698074270466
30.2,13,0.994376862485777,0.981862023569014,1.00705121586522
30.4,13,0.994370339661698,0.981772107323212,1.00713023421983
30.6,13,0.994371105689163,0.981688669692962,1.00721738607693
30.8,13,0.994379296637915,0.981612470092439,1.00731216820116
31,13,0.994395048746492,0.981544306734776,1.00741403743757
31.2,13,0.994418498432486,0.981484961420592,1.00752246737784
31.4,13,0.994449782302996,0.981435139686257,1.00763700985744
31.6,13,0.994489037165272,0.981395406348091,1.00775736124764
31.8,13,0.994536400037564,0.981366116323491,1.00788343366202
32,13,0.994592008160152,0.981347340516466,1.00801543129004
32.2,13,0.994655999006589,0.981338786572626,1.00815393205349
32.4,13,0.994728508012148,0.981339711732616,1.0082999728046
32.6,13,0.994809111552635,0.98134819065835,1.00845467271329
32.8,13,0.994896098882689,0.981360419149786,1.00861847314928
33,13,0.994987578386915,0.981372311076359,1.00879173986317
33.2,13,0.995081657835184,0.981379857779446,1.00897475927466
33.4,13,0.995176444315176,0.981379244231831,1.0091676190839
33.6,13,0.995270044200922,0.98136694700144,1.00937010759366
33.8,13,0.99536056315737,0.98133981249439,1.00958163326796
34,13,0.995446106180994,0.981295113944139,1.00980116606115
34.2,13,0.995524777676473,0.981230586063792,1.01002720160148
34.4,13,0.995594681569454,0.981144437084391,1.01025774850734
34.6,13,0.99565392145542,0.981035338898943,1.01049033811785
34.8,13,0.995700600784661,0.980902397028222,1.01072205492267
35,13,0.995732823083355,0.980745102941436,1.01094958515919
35.2,13,0.995748692210743,0.980563271773237,1.01116928053644
35.4,13,0.995746312652366,0.980356968618648,1.01137723390476
35.6,13,0.99572378984934,0.980126426370873,1.0115693639065
35.8,13,0.995679230563595,0.979871957561467,1.01174150614829
36,13,0.995610743279013,0.979593861967592,1.01188950912943
36.2,13,0.99551643863837,0.979292330974987,1.01200933393661
36.4,13,0.995394429915956,0.978967348925975,1.01209715747387
36.6,13,0.995242833525742,0.978618591020197,1.0121494796576
36.8,13,0.995059769564914,0.978245316836469,1.01216323550476
37,13,0.994843362392594,0.977846258264343,1.01213591332172
37.2,13,0.994591741243503,0.977419500635109,1.01206568019874
37.4,13,0.994303040876326,0.976962356203219,1.01195151565314
37.6,13,0.993975402256481,0.976471229956911,1.01179335343503
37.8,13,0.99360697327296,0.975941479167206,1.01159223007828
38,13,0.9931959094889,0.975367270269517,1.01135043659288
38.2,13,0.99274056685694,0.974741564451877,1.01107192821682
38.4,13,0.992241157487325,0.974057510666681,1.01076425552936
38.6,13,0.991698930574774,0.973309253140648,1.01043606205297
38.8,13,0.991115149626769,0.972491911102164,1.010095023522
39,13,0.990491080664894,0.971601826680832,1.00974756730155
39.2,13,0.989827991717195,0.970636717147347,1.00939871311108
39.4,13,0.989127152325696,0.969595718782734,1.00905202499886
39.6,13,0.988389833069179,0.968479323007402,1.00870967392564
39.8,13,0.987617305101392,0.967289214125707,1.00837260158778
40,13,0.986810839704764,0.966028025447783,1.00804076870072
0,14,0.963259099277968,0.92190139321995,1.00647216629212
0.2,14,0.964605666252921,0.924704026750012,1.00622909001216
0.4,14,0.965973429242467,0.927447550909978,1.00609966039257
0.6,14,0.967356433719368,0.930128865501405,1.00607400175007
0.8,14,0.968748691560214,0.932743945767145,1.00614325255981
1,14,0.970144180283783,0.935287975983916,1.00629940158097
1.2,14,0.9715368426622,0.937755514216334,1.00653509613199
1.4,14,0.97292058670868,0.940140686011548,1.0068434247403
1.6,14,0.974289286045617,0.942437402862392,1.00721767835214
1.8,14,0.975636780656804,0.944639598710762,1.00765109685162
2,14,0.976956878027421,0.946741474774582,1.00813661063316
2.2,14,0.978243354675304,0.948737739942666,1.00866659001488
2.4,14,0.979489958076744,0.950623831467129,1.00923261779847
2.6,14,0.980690408989774,0.952396099365968,1.00982530159961
2.8,14,0.981838404177518,0.954051938422967,1.01043414209854
3,14,0.982927619533739,0.955589854232072,1.01104747079873
3.2,14,0.983951713612193,0.957009454189833,1.01165246642206
3.4,14,0.984904331560824,0.958311359969566,1.01223525343379
3.6,14,0.98577910946114,0.959497043690464,1.01278108050481
3.8,14,0.986569679072427,0.960568594489157,1.01327457221594
4,14,0.987269971303237,0.961528669845284,1.01370039896359
4.2,14,0.987879819611655,0.962384587442838,1.01405046457472
4.4,14,0.988404487304192,0.963147020481755,1.01432430329734
4.6,14,0.988849472006405,0.963825503873778,1.01452314174849
4.8,14,0.989220301694278,0.964428397895223,1.01464951407458
5,14,0.989522530353095,0.964963030027207,1.01470710028009
5.2,14,0.989761733940415,0.965435839361898,1.01470056324014
5.4,14,0.989943506657066,0.965852519648412,1.01463538836056
5.6,14,0.990073457529473,0.966218158693726,1.01451772820085
5.8,14,0.990157207306063,0.966537372921285,1.01435425328348
6,14,0.990200385669964,0.966814436504009,1.01415200969321
6.2,14,0.990208628769776,0.967053404722367,1.01391828383213
6.4,14,0.990187577069739,0.967258231145138,1.01366047474464
6.6,14,0.990142873520278,0.967432877979808,1.01338597467374
6.8,14,0.990080162049582,0.967581418577749,1.01310205886861
7,14,0.990005086376604,0.967708130690157,1.01281578604961
7.2,14,0.989923289145659,0.967817578733845,1.01253391127178
7.4,14,0.989840411382629,0.967914683111736,1.01226281313993
7.6,14,0.989762092272678,0.968004774594472,1.0120084373658
7.8,14,0.989693969259308,0.9680936319338,1.01177625849234
8,14,0.989641678464598,0.96818750123873,1.01157126124967
8.2,14,0.989610855430472,0.968293096158538,1.01139794249394
8.4,14,0.989607136180981,0.968417578506515,1.01126033409123
8.6,14,0.989636158605693,0.968568519526505,1.01116204654123
8.8,14,0.989703564164496,0.968753842445169,1.01110633269601
9,14,0.989814999914351,0.968981747170135,1.01109617071396
9.2,14,0.989976120858862,0.969260617914163,1.0111343654711
9.4,14,0.990192592621834,0.96959891410477,1.01122366807561
9.6,14,0.990470093969145,0.970005043621834,1.0113669135
9.8,14,0.990812185103357,0.97048477124933,1.0115653694241
10,14,0.991215397368024,0.971035374256146,1.01181480101288
10.2,14,0.99167481695704,0.971651926933767,1.01211031988599
10.4,14,0.992185530972139,0.972329044087856,1.01244751851876
10.6,14,0.992742624739134,0.973060977403144,1.01282236351117
10.8,14,0.993341179369651,0.973841705033299,1.01323109652379
11,14,0.993976269568011,0.974665015621302,1.01367014166867
11.2,14,0.994642961683203,0.975524587769104,1.01413601833283
11.4,14,0.995336312006197,0.976414065686089,1.0146252587031
11.6,14,0.996051365313099,0.977327131392981,1.01513432961594
11.8,14,0.996783153654864,0.978257573475299,1.01565955874015
12,14,0.997526695394492,0.979199352000948,1.0161970654814
12.2,14,0.99827699449274,0.980146658873535,1.01674269734162
12.4,14,0.999029040043564,0.981093972620571,1.01729197273986
12.6,14,0.999777806060521,0.982036106445314,1.01784003147225
12.8,14,1.00051825151546,0.982968248327631,1.01838159403284
13,14,1.00124532063084,0.983885992055957,1.01891093092028
13.2,14,1.00195394342688,0.984785358306304,1.01942184282195
13.4,14,1.00263903652497,0.985662805234166,1.01990765221671
13.6,14,1.00329550420823,0.986515228472602,1.02036120650966
13.8,14,1.00391823974052,0.987339950883884,1.02077489235744
14,14,1.00450212694441,0.988134702835956,1.021140660418
14.2,14,1.00504204203914,0.988897594114514,1.02145005941762
14.4,14,1.00553285573858,0.989627078791845,1.02169427821655
14.6,14,1.00596943560955,0.990321914422935,1.02186419450315
14.8,14,1.0063466486903,0.990981116808219,1.02195042887603
15,14,1.00665936436842,0.991603911237363,1.02194340339593
15.2,14,1.00690245751742,0.992189680590195,1.02183340422522
15.4,14,1.00707115504753,0.992738053082555,1.02161119761612
15.6,14,1.00716592019144,0.993250804271403,1.02127598229248
15.8,14,1.00719129980328,0.993731084317334,1.02083383564106
16,14,1.00715196348171,0.994181726157489,1.02029141238146
16.2,14,1.00705259319203,0.994605263503098,1.01965569926992
16.4,14,1.00689788036893,0.995003984961183,1.01893395083337
16.6,14,1.00669252323412,0.995379980052141,1.01813363403431
16.8,14,1.00644122433032,0.995735178757154,1.01726238024031
17,14,1.00614868827267,0.996071385983856,1.01632794311513
17.2,14,1.0058196197185,0.996390312137341,1.01533816124782
17.4,14,1.00545872155591,0.996693600824793,1.01430092449301
17.6,14,1.00507069331154,0.996982854602454,1.01322414311381
17.8,14,1.00466022977749,0.997259659589696,1.01211571890097
18,14,1.0042320198575,0.997525609723225,1.01098351749275
18.2,14,1.00379074563183,0.997782331402054,1.00983534114125
18.4,14,1.00334108164063,0.998031509278341,1.00867890116586
18.6,14,1.0028876943852,0.998274913978171,1.00752178930468
18.8,14,1.00243524204659,0.99851443258703,1.00637144712421
19,14,1.00198837442077,0.998752102803122,1.00523513257853
19.2,14,1.00155173306982,0.998990151741191,1.00411988273037
19.4,14,1.00112995168843,0.999231040449181,1.00303247156647
19.6,14,1.00072765668505,0.999477515261916,1.00197936177875
19.8,14,1.00034946797713,0.9997326671315,1.00096664936778
20,14,1,1,1
20.2,14,0.999683862928936,0.999084576277886,1.00028350905355
20.4,14,0.999405664114298,0.998224955547308,1.00058776923295
20.6,14,0.999170009729602,0.997425038676677,1.00091803356731
20.8,14,0.998981506632716,0.996687951515027,1.00128033962606
21,14,0.998844761746434,0.996015939175568,1.00168161856336
21.2,14,0.998762507298355,0.995408002010102,1.00212831720311
21.4,14,0.998732317067025,0.994856565564574,1.00262316768047
21.6,14,0.998750893726315,0.994353656532689,1.0031675764108
21.8,14,0.99881494718133,0.993892134986315,1.00376214238437
22,14,0.998921193015448,0.99346572232046,1.00440662162427
22.2,14,0.999066351046977,0.993068991875859,1.00509992957176
22.4,14,0.999247143994814,0.992697330724311,1.00584017290875
22.6,14,0.999460296252608,0.992346880402106,1.00662470302782
22.8,14,0.999702532771063,0.992014464037141,1.00745018370162
23,14,0.99997057804811,0.991697506510264,1.00831266630952
23.2,14,1.00026115522679,0.99139395305393,1.00920766721804
23.4,14,1.00057098530074,0.991102190264997,1.0101302433385
23.6,14,1.00089678642735,0.990820972126741,1.01107506326829
23.8,14,1.00123527334854,0.990549352449507,1.0120364726082
24,14,1.00158315691944,0.990286624215472,1.01300855297268
24.2,14,1.00193714374498,0.990032265651708,1.01398517487209
24.4,14,1.00229393592475,0.989785892420855,1.01496004508052
24.6,14,1.00265023090627,0.989547215058695,1.01592674936361
24.8,14,1.00300272144695,0.989316000650514,1.01687879157771
25,14,1.0033480956851,0.989092037677691,1.01780963021256
25.2,14,1.00368303732007,0.988875102946257,1.01871271346872
25.4,14,1.00400422590198,0.988664929502795,1.0195815139675
25.6,14,1.00430833723112,0.988461174430213,1.02040956420302
25.8,14,1.00459204386731,0.988263385382114,1.02119049387962
26,14,1.00485201574935,0.988070964649185,1.02191807034227
26.2,14,1.00508492092461,0.987883129445769,1.02258624341199
26.4,14,1.00528742638897,0.987698866953193,1.0231891960889
26.6,14,1.00545619903687,0.987516882453207,1.02372140278783
26.8,14,1.00558817876878,0.987335562939874,1.02417822596054
27,14,1.00568357334561,0.987153251617095,1.02456173652913
27.2,14,1.00574475147107,0.9869683712501,1.02487833914111
27.4,14,1.00577412434427,0.986779364788575,1.02513451871506
27.6,14,1.00577410662275,0.986584753251739,1.02533669836135
27.8,14,1.00574711568746,0.986383190236721,1.02549117901218
28,14,1.00569557096548,0.98617351148235,1.02560408455839
28.2,14,1.00562189331049,0.985954779943955,1.02568131204035
28.4,14,1.00552850444129,0.985726326241658,1.02572848703247
28.6,14,1.00541782643847,0.985487783925198,1.0257509247796
28.8,14,1.00529228129932,0.985239118728848,1.02575359791224
29,14,1.00515429055089,0.984980650857504,1.02574111169928
29.2,14,1.00500627492144,0.984713069338929,1.02571768780275
29.4,14,1.00485065407015,0.984437437583124,1.02568715739232
29.6,14,1.00468984637505,0.984155189486664,1.02565296428058
29.8,14,1.00452626877917,0.983868115678995,1.02561817848016
30,14,1.00436233669491,0.98357833979478,1.02558552029697
30.2,14,1.00420046396647,0.983288284935114,1.02555739479498
30.4,14,1.00404306289032,0.983000630716825,1.02553593623134
30.6,14,1.00389254429365,0.982718261476456,1.02552306189389
30.8,14,1.00375131767077,0.982444206277166,1.02552053469139
31,14,1.00362179137734,0.982181571358922,1.02553003385498
31.2,14,1.00350637288237,0.981933465583166,1.02555323319942
31.4,14,1.00340746907814,0.981702919273095,1.02559188654272
31.6,14,1.00332748664774,0.981492796669945,1.02564792006456
31.8,14,1.00326883249056,0.981305702053403,1.02572353155672
32,14,1.00323391420544,0.98114387945788,1.025821296636
32.2,14,1.0032251406319,0.981009105911815,1.02594428199565
32.4,14,1.00324491627656,0.980902571602648,1.02609615997875
32.6,14,1.00329413592307,0.980823163756207,1.02627992524432
32.8,14,1.00337021694226,0.980765539412348,1.02649588692724
33,14,1.00347009042705,0.980723678707043,1.02674407097951
33.2,14,1.00359068809395,0.980691589882266,1.02702447907175
33.4,14,1.00372894160163,0.980663455662214,1.02733693439041
33.6,14,1.00388178196357,0.980633758268793,1.02768094985582
33.8,14,1.00404613905456,0.980597381755876,1.02805562008052
34,14,1.00421894121111,0.98054969015091,1.02845953857979
34.2,14,1.00439711492586,0.980486580147338,1.02889074149265
34.4,14,1.00457758463601,0.980404507726819,1.02934667843686
34.6,14,1.00475727260591,0.980300488982507,1.02982421022998
34.8,14,1.00493309890383,0.980172076404259,1.03031963221928
35,14,1.00510198147314,0.980017312808054,1.03082872104229
35.2,14,1.00526083629799,0.979834665805162,1.03134680192616
35.4,14,1.00540657766351,0.979622946120501,1.03186883322015
35.6,14,1.00553611851066,0.979381213152615,1.03238950477185
35.8,14,1.00564637088591,0.979108670945344,1.03290334697941
36,14,1.00573424648556,0.978804557282009,1.03340484781013
36.2,14,1.00579665729481,0.978468028009965,1.03388857567772
36.4,14,1.00583051632154,0.978098038056173,1.03434930671597
36.6,14,1.00583273842458,0.977693219995711,1.03478215558365
36.8,14,1.00580024123633,0.977251760563868,1.03518270940474
37,14,1.00572994617945,0.976771275222936,1.03554716472518
37.2,14,1.00561877957726,0.976248680859806,1.03587246740022
37.4,14,1.00546367385743,0.975680066945301,1.03615645506833
37.6,14,1.00526156884836,0.975060566071966,1.03639800127952
37.8,14,1.0050094131677,0.974384225738728,1.0365971593905
38,14,1.00470416570211,0.973643884589678,1.03675530299722
38.2,14,1.00434308166325,0.972831204726451,1.03687568900348
38.4,14,1.00392616759727,0.97193819136771,1.03696691717429
38.6,14,1.00345496862216,0.970957649427513,1.03703995189306
38.8,14,1.0029310527348,0.969882950826955,1.03710524623832
39,14,1.00235599328319,0.968708277706839,1.0371724495316
39.2,14,1.00173136817316,0.967428806771536,1.03725021103186
39.4,14,1.00105875909763,0.966040823326559,1.03734605719383
39.6,14,1.00033975078895,0.964541763498634,1.03746634399612
39.8,14,0.999575930294469,0.962930186939056,1.03761628202782
40,14,0.998768886275702,0.961205686408859,1.03780002792045
