"value","lag","rr","lo","hi"
0,0,1.09014864232018,1.05353869637586,1.12803076568584
0.2,0,1.09077971085085,1.05522213909607,1.12753545772181
0.4,0,1.09123996261848,1.05675028759891,1.12685529399879
0.6,0,1.09154159621603,1.05811501229011,1.1260241490111
0.8,0,1.09169689687002,1.05930284207898,1.12508157940614
1,0,1.09171821919024,1.06029817381332,1.12406934157538
1.2,0,1.09161797127014,1.0610866301215,1.12302781071088
1.4,0,1.09140860016077,1.06165847647034,1.12199239106077
1.6,0,1.09110257873655,1.06201182068807,1.12099019439747
1.8,0,1.0907123939665,1.06215515168424,1.12003742999856
2,0,1.09025053660097,1.06210872548759,1.11913799786649
2.2,0,1.08972949227993,1.06190444235681,1.11828364114298
2.4,0,1.08916092324261,1.06158297176415,1.11745529861632
2.6,0,1.08854896223754,1.06117874164406,1.11662512325928
2.8,0,1.08789366885558,1.06071613789771,1.11576753897769
3,0,1.08719506771001,1.06021363625383,1.11486315100552
3.2,0,1.08645318872045,1.05968448305481,1.11389809906256
3.4,0,1.08566806711761,1.05913740236247,1.11286330680967
3.6,0,1.08483974344685,1.05857729399247,1.11175374310475
3.8,0,1.08396826357069,1.05800587913823,1.11056773841891
4,0,1.08305367867028,1.0574222777198,1.10930637229495
4.2,0,1.08209604524566,1.05682351818319,1.10797293113734
4.4,0,1.08109542511505,1.05620498932651,1.10657242676912
4.6,0,1.08005188541287,1.05556084751929,1.10511116239804
4.8,0,1.07896549858684,1.0548843932508,1.10359633206173
5,0,1.0778363423938,1.05416842937064,1.10203564119106
5.2,0,1.07666449989455,1.05340561021289,1.10043693909975
5.4,0,1.07545005944749,1.05258878628694,1.09880785871333
5.6,0,1.07419311470119,1.05171134360984,1.09715546445556
5.8,0,1.07289376458581,1.05076753047272,1.09548591549004
6,0,1.07155211330347,1.0497527582418,1.09380415770306
6.2,0,1.0701682703174,1.04866385780038,1.09211366280552
6.4,0,1.0687423503401,1.04749927069557,1.09041623547099
6.6,0,1.06727447332023,1.04625915497389,1.0887119085036
6.8,0,1.06576476442858,1.04494539037367,1.08699894134308
7,0,1.06421335404273,1.0435614752534,1.08527392949982
7.2,0,1.06262037773072,1.04211231664315,1.08353202350188
7.4,0,1.06098597623359,1.04060392284107,1.08176724789866
7.6,0,1.05931029544675,1.03904301294757,1.07997290589172
7.8,0,1.05759351961004,1.03743658065824,1.07814209906833
8,0,1.05583794224414,1.03579266562053,1.07627114700071
8.2,0,1.05404917154555,1.03412019282514,1.07436221025782
8.4,0,1.05223307602127,1.03242670063079,1.07241942270256
8.6,0,1.05039548733185,1.03071841684031,1.0704482056209
8.8,0,1.04854219895408,1.02900052968579,1.06845498254815
9,0,1.04667896516432,1.02727743682467,1.06644691769321
9.2,0,1.04481150033916,1.02555297377435,1.06443167652611
9.4,0,1.04294547856964,1.02383062377565,1.06241720652732
9.6,0,1.04108653358517,1.02211371075598,1.06041153641382
9.8,0,1.03924025898346,1.0204055762326,1.05842259298456
10,0,1.03741220876263,1.01870973994808,1.05645803577436
10.2,0,1.03560789815162,1.01703004300899,1.05452511072431
10.4,0,1.03383280473552,1.01537077150971,1.05263052486546
10.6,0,1.03209236987209,1.01373675822771,1.05078034440664
10.8,0,1.03039200039625,1.01213346007558,1.04897991851915
11,0,1.02873707060956,1.01056700960396,1.04723383050183
11.2,0,1.02713292455171,1.0090442398933,1.04554587696741
11.4,0,1.02558487855172,1.00757268348736,1.04391907437727
11.6,0,1.02409822405664,1.00616054738904,1.04235569088603
11.8,0,1.02267823073605,1.00481666732631,1.04085730027186
12,0,1.02133014986109,1.00355044530832,1.03942485391933
12.2,0,1.02005921795719,1.00237177480047,1.03805876651561
12.4,0,1.01887066073032,1.00129095761066,1.0367590113609
12.6,0,1.01776969726688,1.00031861582235,1.03552522195456
12.8,0,1.01676154450831,0.999465600898371,1.03435679773439
13,0,1.01585142200177,0.998742900468954,1.03325301346169
13.2,0,1.01504455692926,0.998161541310648,1.03221313375674
13.4,0,1.01434441617314,0.99772979781684,1.03123570817768
13.6,0,1.01374546962934,0.997441988730882,1.03031543568925
13.8,0,1.0132393702639,0.997287587774751,1.02944630419351
14,0,1.01281781327549,0.997255617232905,1.02862285773274
14.2,0,1.0124725300519,0.99733473538403,1.02784008993227
14.4,0,1.01219528164632,0.997513305791802,1.02709335528494
14.6,0,1.01197785293278,0.997779455025048,1.02637829398955
14.8,0,1.0118120474347,0.998121122877731,1.02569076624922
15,0,1.01168968282194,0.998526108641554,1.02502679245994
15.2,0,1.01160258707263,0.998982116658862,1.02438249604972
15.4,0,1.01154259529705,0.999476804213,1.02375404590403
15.6,0,1.01150154722181,0.999997834751678,1.02313759537908
15.8,0,1.01147128533295,1.00053293942501,1.02252921492124
16,0,1.01144365367723,1.00106998986747,1.02192481536619
16.2,0,1.01141049732125,1.00159708493914,1.02132005920702
16.4,0,1.0113636624681,1.00210265360075,1.0207102576623
16.6,0,1.01129499723147,1.00257557502579,1.02009025244714
16.8,0,1.01119635306681,1.00300531524114,1.01945428296138
17,0,1.01105958685919,1.00338207689099,1.01879584230498
17.2,0,1.01087656366684,1.00369695517147,1.01810752907614
17.4,0,1.01063916011886,1.00394208894773,1.0173809059408
17.6,0,1.01033926846511,1.0041107923291,1.01660637969523
17.8,0,1.00996880127514,1.00419764971655,1.01577311980074
18,0,1.00951969678228,1.00419855780423,1.01486903189724
18.2,0,1.00898392486766,1.00411070196751,1.0138807988467
18.4,0,1.00835349367796,1.00393246146009,1.01279399486075
18.6,0,1.007620456869,1.00366324566607,1.01159327043713
18.8,0,1.00677743610353,1.0033036708464,1.01026322867146
19,0,1.00582817653289,1.00286326881819,1.00880184982714
19.2,0,1.00478708980075,1.00235885201848,1.00722121004588
19.4,0,1.0036689887158,1.00180618385239,1.00553525736494
19.6,0,1.00248864151143,1.00121986122424,1.0037590296407
19.8,0,1.00126076168537,1.00061351822818,1.00190842380979
20,0,1,1,1
20.2,0,0.998720938630925,0.998050818596124,0.999391508603598
20.4,0,0.997438087448355,0.996078306768195,0.998799724411787
20.6,0,0.996165882414179,0.99410015048779,0.9982359069145
20.8,0,0.99491868607635,0.99213420816838,0.997710978771026
21,0,0.99371079014202,0.99019844244504,0.997235596540019
21.2,0,0.992556420111502,0.988310867073944,0.996820211054961
21.4,0,0.991469741956576,0.986489506386529,0.996475119959636
21.6,0,0.990464870828931,0.984752365132308,0.996210514522972
21.8,0,0.989555881787645,0.983117406870591,0.99603652253247
22,0,0.98875682253851,0.981602539321624,0.995963248823794
22.2,0,0.988081728182727,0.980225605263784,0.996000814838779
22.4,0,0.987544637978012,0.979004377668662,0.996159398512095
22.6,0,0.98715961412152,0.977956557801668,0.996449275766476
22.8,0,0.986940762571116,0.977099774980655,0.996880864949274
23,0,0.98690225592956,0.976451586573463,0.997464775674853
23.2,0,0.987058358424976,0.9760294766166,0.998211863758417
23.4,0,0.987423453030774,0.975850851135342,0.999133294253787
23.6,0,0.988012070778773,0.97593302781701,1.00024061506359
23.8,0,0.988838922330959,0.976293217103905,1.00154584420572
24,0,0.989918931887875,0.976948490992605,1.00306157463265
24.2,0,0.991267268767183,0.977915728485783,1.00480109840409
24.4,0,0.992894360527729,0.979204911189475,1.00677519066998
24.6,0,0.994796328330128,0.980806698662628,1.00898549755879
24.8,0,0.996966851144001,0.982708531243507,1.01143204793619
25,0,0.99939976100035,0.984898162381876,1.01411488053959
25.2,0,1.00208902423469,0.987363699930735,1.01703395877534
25.4,0,1.00502872334404,0.990093653772757,1.0201890810002
25.6,0,1.00821303941678,0.99307698940079,1.02357978656153
25.8,0,1.011636235098,0.996303185619285,1.02720525933793
26,0,1.01529263805698,0.999762293302518,1.03106423176612
26.2,0,1.01917662492667,1.00344499120235,1.03515489329645
26.4,0,1.02328260568861,1.00734263424764,1.0394748077817
26.6,0,1.02760500847979,1.01144728971505,1.0440208443786
26.8,0,1.03213826480119,1.015751757116,1.04878912608679
27,0,1.03687679511064,1.02024956859324,1.05377499911255
27.2,0,1.04181499478563,1.02493496791573,1.0589730249592
27.4,0,1.04694722044425,1.02980286759536,1.06437699572092
27.6,0,1.05226777661551,1.03484878498885,1.06997997172628
27.8,0,1.05777090275262,1.0400687592803,1.07577433965455
28,0,1.06345076058544,1.04545925181813,1.08175188867762
28.2,0,1.06930142181091,1.0510170323442,1.08790390212476
28.4,0,1.07531685612251,1.05673905322772,1.09422126259965
28.6,0,1.08149091958233,1.06262231298724,1.10069456931597
28.8,0,1.08781734334151,1.06866370926838,1.10731426753953
29,0,1.09428972271712,1.0748598801647,1.11407079131172
29.2,0,1.10090150663566,1.08120703143497,1.12095472196858
29.4,0,1.10764598745564,1.08770074588034,1.12795696626428
29.6,0,1.11451629118358,1.0943357700053,1.1350689590523
29.8,0,1.1215022658868,1.10110253794687,1.14227993219821
30,0,1.12856161999701,1.10795698037266,1.14954944342864
30.2,0,1.13563221779156,1.11483374022774,1.15681871435172
30.4,0,1.14265011915101,1.1216653388559,1.16402749515964
30.6,0,1.14954982342497,1.12838269087116,1.17111402649764
30.8,0,1.15626431816507,1.13491539650767,1.17801483491699
31,0,1.16272516619367,1.14119205429562,1.18466458560698
31.2,0,1.16886263237229,1.14714059076449,1.19099599853387
31.4,0,1.1746058512622,1.15268860126908,1.19693983639674
31.6,0,1.17988303663097,1.15776369470469,1.20242497367705
31.8,0,1.18462173345286,1.16229383490651,1.20737855542504
32,0,1.18874911267535,1.16620767279237,1.21172625241168
32.2,0,1.19219230857999,1.16943486546811,1.21539261621752
32.4,0,1.19487879805317,1.17190638107487,1.21830153422961
32.6,0,1.19673682050558,1.17355479056764,1.2203767809265
32.8,0,1.19769583654073,1.17431454940407,1.22154265873224
33,0,1.1976870227814,1.17412227299261,1.22172471942197
33.2,0,1.19664379952477,1.17291700962426,1.2208505556585
33.4,0,1.19450238712391,1.17064051362469,1.21885065162042
33.6,0,1.19120238619753,1.16723751989722,1.2156592815896
33.8,0,1.18668737596617,1.16265601926059,1.21121544545312
34,0,1.18090552421827,1.15684753243434,1.20546382996099
34.2,0,1.17381020164249,1.14976737963705,1.19835578385857
34.4,0,1.16536059254378,1.14137494302754,1.18985029323641
34.6,0,1.15552229331154,1.13163392120767,1.17991494008505
34.8,0,1.14426788945107,1.12051257939278,1.16852682148234
35,0,1.13157750154862,1.10798400637228,1.15567339839451
35.2,0,1.11744094610169,1.09402801719981,1.1413549272903
35.4,0,1.10198534733352,1.07875623384042,1.12571465882942
35.6,0,1.08555540707623,1.06249432601427,1.1091170211262
35.8,0,1.06850252080269,1.04557912651498,1.09192849016324
36,0,1.05116026001102,1.02833516665212,1.07449198282666
36.2,0,1.03384299091063,1.01107295256967,1.0571258257266
36.4,0,1.01684547052304,0.994087561634157,1.04012438222594
36.6,0,1.0004433248695,0.97765765320051,1.02376004831485
36.8,0,0.984894314056147,0.962045002238305,1.00828631467684
37,0,0.970440295821333,0.947494635477431,0.993941635647634
37.2,0,0.957309811462391,0.934235592430147,0.98095392912434
37.4,0,0.945721235135845,0.922482272648614,0.969545628252472
37.6,0,0.935886448672044,0.912436289895556,0.959939290564857
37.8,0,0.928015028887152,0.904288751886128,0.952363824103906
38,0,0.922318962870143,0.898222934700616,0.947061399131822
38.2,0,0.919017939212806,0.894417434251355,0.944295068780601
38.4,0,0.918345300425786,0.893050052900383,0.944357024642829
38.6,0,0.920554785157959,0.894302884210245,0.94757730008393
38.8,0,0.925928240260087,0.898369197905234,0.954332704316049
39,0,0.934784544949503,0.905462647992435,0.96505598261161
39.2,0,0.947490066098537,0.91582891942505,0.980245771141408
39.4,0,0.964471060076803,0.929759309254557,1.00047874376377
39.6,0,0.986228559500053,0.947605319759481,1.02642603549379
39.8,0,1.01335644196808,0.969793553036484,1.05887616520335
40,0,1.04656358502,0.996841037501529,1.0987662990231
0,1,1.08335820160265,1.05984800388585,1.10738991692825
0.2,1,1.08329413617936,1.0606278923759,1.1064447709854
0.4,1,1.0830911943856,1.06135326775054,1.10527434267188
0.6,1,1.08276361269613,1.06201836949704,1.10391408910751
0.8,1,1.08232565692691,1.06260859118946,1.1024085795608
1,1,1.08179160681391,1.06310300439235,1.10080874170978
1.2,1,1.08117574245543,1.06347705798806,1.09916897341022
1.4,1,1.08049233262677,1.06370590807872,1.09754366502855
1.6,1,1.0797556249709,1.06376869334915,1.09598281745412
1.8,1,1.07897983806519,1.06365363942432,1.09452687209464
2,1,1.07817915536076,1.06336313762449,1.09320160716814
2.2,1,1.07736772098864,1.06291723502294,1.09201466302614
2.4,1,1.07655859399797,1.0623528791151,1.0909542667934
2.6,1,1.07575512829617,1.06170841880155,1.08998767982061
2.8,1,1.07495543252448,1.06101472601918,1.08907930641954
3,1,1.07415756928245,1.06029663901882,1.08819969920352
3.2,1,1.07335960692233,1.05957294306332,1.08732565635512
3.4,1,1.07255961953346,1.05885686210993,1.08643970551548
3.6,1,1.07175568696134,1.05815680190596,1.08552933786846
3.8,1,1.07094589486112,1.05747714508384,1.0845861918169
4,1,1.07012833478534,1.0568189909962,1.08360529349588
4.2,1,1.06930110430582,1.05618079709217,1.08258439730927
4.4,1,1.06846230716937,1.0555589159939,1.08152343231999
4.6,1,1.06761005348724,1.05494804120331,1.08042404155463
4.8,1,1.06674245995803,1.05434158220355,1.07928919345004
5,1,1.0658576501239,1.05373199180438,1.07812284258571
5.2,1,1.06495375465978,1.05311106776478,1.07692961766239
5.4,1,1.0640289116954,1.0524702481591,1.07571451725499
5.6,1,1.06308126716987,1.05180091570019,1.07448259812092
5.8,1,1.0621089752185,1.05109471980543,1.07323864727292
6,1,1.06111019859156,1.05034391610978,1.0719868381066
6.2,1,1.06008310910482,1.04954171158458,1.0707303824187
6.4,1,1.05902588812124,1.04868259091256,1.06947120265917
6.6,1,1.05793672706379,1.04776258935329,1.068209659176
6.8,1,1.05681382795871,1.0467794729696,1.0669443715746
7,1,1.05565540400905,1.04573279192631,1.06567216847116
7.2,1,1.05445968019793,1.04462378685805,1.06438818563319
7.4,1,1.05322489392101,1.04345514826369,1.06308611253752
7.6,1,1.05194929564784,1.04223064784555,1.06175856841428
7.8,1,1.05063119036521,1.040954705769,1.06039762542095
8,1,1.04927148070801,1.03963384629642,1.05899845811029
8.2,1,1.04787515271514,1.03827686665194,1.05756216953822
8.4,1,1.04644753151378,1.03689143136299,1.05609170168552
8.6,1,1.0449939171284,1.0354839980322,1.05459117563436
8.8,1,1.04351958304684,1.03406004780211,1.05306565369851
9,1,1.0420297750531,1.03262429690442,1.05152092135763
9.2,1,1.04052971032464,1.03118088923033,1.04996328905629
9.4,1,1.03902457679183,1.02973357184656,1.04839941193868
9.6,1,1.03751953275716,1.02828585578982,1.04683612518021
9.8,1,1.03601970677155,1.02684116390522,1.04528029314384
10,1,1.03453019776534,1.02540296639783,1.04373867168351
10.2,1,1.0330560754313,1.02397490349346,1.04221778419038
10.4,1,1.03160238085713,1.02256089345136,1.04072381312978
10.6,1,1.03017412740507,1.02116522339415,1.03926250959408
10.8,1,1.02877630183622,1.01979262021039,1.03783912360678
11,1,1.0274138656773,1.01844829923087,1.03645835746708
11.2,1,1.02609175682787,1.01713798943461,1.03512434336993
11.4,1,1.02481489140621,1.0158679354158,1.03384064506186
11.6,1,1.02358816583212,1.01464487794926,1.0326102816871
11.8,1,1.0224164591454,1.0134760164094,1.03143577056207
12,1,1.02130463555898,1.01236895725852,1.0303191846566
12.2,1,1.02025754724594,1.01133165317278,1.02926222020904
12.4,1,1.0192800373601,1.0103723370979,1.02826627018009
12.6,1,1.01837694329022,1.00949945471299,1.02733250006558
12.8,1,1.01755310014836,1.00872159757248,1.0264619237987
13,1,1.01681334449321,1.00804743772903,1.02565547894126
13.2,1,1.01616251828996,1.00748566298238,1.02491410202374
13.4,1,1.01560380425505,1.00704265695289,1.02423773223103
13.6,1,1.01513191246593,1.00671314759946,1.02362108030869
13.8,1,1.01473889265043,1.00648789294948,1.02305753250538
14,1,1.01441682523391,1.00635735880813,1.02254083632516
14.2,1,1.01415781662338,1.00631177758327,1.0220650298741
14.4,1,1.01395399401519,1.00634119306427,1.02162438451796
14.6,1,1.01379750081896,1.00643549629354,1.02121335788718
14.8,1,1.0136804926939,1.0065844555153,1.02082655423297
15,1,1.01359513419461,1.00677774272517,1.02045868960319
15.2,1,1.01353359602401,1.00700495906566,1.02010455958677
15.4,1,1.01348805289206,1.00725566118839,1.01975900750269
15.6,1,1.01345068197901,1.00751939070123,1.01941689091351
15.8,1,1.01341366200287,1.0077857089,1.01907304426359
16,1,1.01336917289047,1.00804423909354,1.0187222353338
16.2,1,1.01330939605213,1.00828471887685,1.01835911315933
16.4,1,1.01322651525955,1.00849706455261,1.01797814521201
16.6,1,1.01311271812677,1.00867144935036,1.01757354219877
16.8,1,1.01296019819349,1.00879839590634,1.01713917001456
17,1,1.01276115760982,1.00886888141593,1.01666845043693
17.2,1,1.01250781042105,1.00887445086131,1.01615425515871
17.4,1,1.01219238645018,1.00880732996766,1.01558880150142
17.6,1,1.01180713577545,1.00866052577296,1.01496356191949
17.8,1,1.01134433379896,1.00842790015331,1.01426920194471
18,1,1.01079628690171,1.00810420180061,1.0134955610634
18.2,1,1.01015533867882,1.00768504599167,1.01263168717277
18.4,1,1.00941387674804,1.00716683866182,1.01166592808526
18.6,1,1.00856434012261,1.00654664956535,1.01058607527651
18.8,1,1.0075997377979,1.00582248841698,1.00938012750963
19,1,1.0065241210814,1.00500203773125,1.00804850963855
19.2,1,1.00535212313985,1.00410146335422,1.00660434068629
19.4,1,1.00409876941199,1.00313639797656,1.00506206411047
19.6,1,1.00277903435907,1.00212171664292,1.00343678322702
19.8,1,1.00140783055581,1.00107167073807,1.001744103256
20,1,1,1,1
20.2,1,0.998570307626626,0.998220713024483,0.998920024663
20.4,1,0.997133437009202,0.996422660216912,0.997844720818913
20.6,1,0.995703988228793,0.99462237046211,0.996786782217757
20.8,1,0.994296477889894,0.992836431435238,0.995758671461218
21,1,0.992925341261877,0.991081449925751,0.994772663128621
21.2,1,0.991604936525186,0.989374022534417,0.99384088094643
21.4,1,0.99034955110274,0.987730714971009,0.992975330728868
21.6,1,0.989173410059172,0.986168048500996,0.992187930500673
21.8,1,0.988090686553516,0.984702492341797,0.991490538966677
22,1,0.987115514334798,0.983350460997447,0.99089498331255
22.2,1,0.986262002274635,0.98212831565081,0.990413087200527
22.4,1,0.985544250936418,0.981052368810166,0.99005669975786
22.6,1,0.984976371186997,0.9801388914351,0.989837726341201
22.8,1,0.984572504863902,0.979404121744849,0.989768161897239
23,1,0.984346847519135,0.978864274837024,0.989860127832516
23.2,1,0.984313673269433,0.978535552107519,0.990125913461656
23.4,1,0.984487361792646,0.978434149250305,0.99057802333665
23.6,1,0.984882427520547,0.978576261309115,0.991229232089824
23.8,1,0.98551355109001,0.978978082824833,0.992092648876823
24,1,0.986395613127177,0.979655800537761,0.993181794118347
24.2,1,0.987543725355755,0.98062556928221,0.994510687910547
24.4,1,0.988967886656776,0.981897129986616,0.996089560676994
24.6,1,0.990662743502229,0.983461841759885,0.997916370204201
24.8,1,0.992620304323391,0.985307937522936,0.999986939141172
25,1,0.994832717602986,0.987423865155995,1.00229716025447
25.2,1,0.997292249384506,0.989798303383728,1.00484293343633
25.4,1,0.999991261620295,0.992420184246178,1.00762009800971
25.6,1,1.00292219131287,0.995278721988235,1.01062436039872
25.8,1,1.00607753040944,0.998363447070843,1.01385121837593
26,1,1.00944980641477,1.00166424293524,1.01729588418252
26.2,1,1.0130315636925,1.00517138223098,1.02095320974971
26.4,1,1.01681534542978,1.00887555858998,1.02481761788986
26.6,1,1.02079367624454,1.01276790983462,1.02888304353068
26.8,1,1.02495904541916,1.01684002883556,1.03314288874876
27,1,1.02930389074825,1.02108395907664,1.03758999452656
27.2,1,1.03382058299263,1.02549217321546,1.04221663093537
27.4,1,1.03850141093482,1.03005753432882,1.04701450605509
27.6,1,1.04333856703578,1.03477324083861,1.05197479264353
27.8,1,1.0483241336954,1.03963275708805,1.0570881706021
28,1,1.05345007012337,1.04462973202382,1.06234488280641
28.2,1,1.05870819982963,1.04975790838775,1.06773480192967
28.4,1,1.0640901987473,1.05501102428507,1.07324750642996
28.6,1,1.06958758400355,1.06038270808956,1.0788723647858
28.8,1,1.07519170335699,1.0658663665099,1.08459862820615
29,1,1.08089372532257,1.07145506440679,1.09041553328094
29.2,1,1.08668463000779,1.07714139372492,1.0963124172691
29.4,1,1.0925552006863,1.08291732778474,1.10227884984397
29.6,1,1.09849601613699,1.08877405628157,1.10830478601776
29.8,1,1.10449519306243,1.0946994411211,1.11437860080451
30,1,1.11051747390071,1.10065607918199,1.12046722238191
30.2,1,1.11651323534565,1.1065911111662,1.12652432513059
30.4,1,1.1224316155213,1.11245027385894,1.13250251370922
30.6,1,1.12822070607131,1.11817832907993,1.13835327380687
30.8,1,1.13382759941627,1.12371932770241,1.14402679877951
31,1,1.13919846040459,1.12901688142266,1.14947185781038
31.2,1,1.14427862305379,1.13401443417439,1.15463571513634
31.4,1,1.14901271297072,1.13865552303716,1.15946411171559
31.6,1,1.15334479589717,1.14288401874889,1.16390132017006
31.8,1,1.15721855265169,1.14664433842846,1.16789028098865
32,1,1.16057748052822,1.14988162721515,1.1713728234543
32.2,1,1.16336512096825,1.15254191017774,1.17428996961746
32.4,1,1.16552531304551,1.15457221987097,1.17658231505141
32.6,1,1.16700247199355,1.15592070740653,1.17819047700482
32.8,1,1.16774189166715,1.15653674545172,1.17905559932881
33,1,1.16769006946348,1.1563710302949,1.17911990408123
33.2,1,1.16679505184025,1.15537568753774,1.17832728149251
33.4,1,1.16500679816151,1.15350438276943,1.1766239123461
33.6,1,1.16227756018299,1.15071243541477,1.17395891912647
33.8,1,1.15856227406315,1.14695693140834,1.17028504395036
34,1,1.1538189613631,1.14219682897613,1.16555935179263
34.2,1,1.14800913508376,1.13639305225709,1.15974395621139
34.4,1,1.14109820639385,1.12950857071444,1.15280676074167
34.6,1,1.13305588733456,1.1215084696724,1.14472220098213
34.8,1,1.12385658445841,1.11236003068874,1.1354719583447
35,1,1.11347977807959,1.10203286152348,1.12504559480938
35.2,1,1.10191176659872,1.09050052041718,1.11344242266314
35.4,1,1.0892526283551,1.07784772743772,1.10077820658304
35.6,1,1.07578509205444,1.06434425519941,1.08734890861956
35.8,1,1.06179951025304,1.05027489933939,1.07345058011261
36,1,1.04757372846876,1.0359195501341,1.05935901724789
36.2,1,1.03337211870734,1.02155089743589,1.04533013323374
36.4,1,1.01944530304464,1.00743196165089,1.03160190013896
36.6,1,1.00603051006856,0.993813921063266,1.01839727310922
36.8,1,0.993352507187009,0.980934583536593,1.00592763278583
37,1,0.981625056091292,0.969017621130781,0.994396520490295
37.2,1,0.971052846510151,0.958272471056986,0.98400367243712
37.4,1,0.961833874356138,0.948894673875658,0.974949514765815
37.6,1,0.954162244134399,0.941066389710071,0.967440340114666
37.8,1,0.948231391890025,0.934956922837899,0.96169433115325
38,1,0.944237744040022,0.930723346933652,0.957948374462931
38.2,1,0.942384849419164,0.928511830288222,0.956465147179768
38.4,1,0.942888047277053,0.928460969957141,0.957539302636462
38.6,1,0.945979763619934,0.93070891365448,0.961501174050905
38.8,1,0.951915563395472,0.935405332841923,0.968717205279875
39,1,0.960981128240029,0.942726867160665,0.979588851238388
39.2,1,0.97350038110679,0.952892038907578,0.994554423081903
39.4,1,0.989845043097367,0.966171846582012,1.01409828159515
39.6,1,1.01044598826547,0.982895683754862,1.0387685204816
39.8,1,1.03580686442815,1.00345550259334,1.06920123276386
40,1,1.06652057929499,1.02831166139925,1.10614922377906
0,2,1.07365576622015,1.05196633379317,1.0957923911702
0.2,2,1.07299156971897,1.05185292694199,1.09455502684689
0.4,2,1.07222063617497,1.05172126650275,1.09311956433322
0.6,2,1.0713586236722,1.05156761450523,1.09152210916731
0.8,2,1.07042116670287,1.05138137743396,1.08980575338133
1,2,1.06942386409917,1.05114759305323,1.08801790411072
1.2,2,1.06838226923516,1.05084943790513,1.08620762598641
1.4,2,1.06731188249183,1.05047102945257,1.08442272330148
1.6,2,1.06622814597511,1.05000062379825,1.08270646083726
1.8,2,1.06514644047367,1.04943400933248,1.08109412270276
2,2,1.06408208464209,1.04877752259837,1.07960998253571
2.2,2,1.06305033639367,1.04804985388951,1.07826551715338
2.4,2,1.06206515542579,1.04728074204713,1.0770582796784
2.6,2,1.06112895898762,1.04649667960528,1.07596582917671
2.8,2,1.06023793642101,1.04571654001273,1.07496098494588
3,2,1.0593882340801,1.04495490769549,1.07402091922076
3.2,2,1.05857601545778,1.04422223513816,1.07312710148737
3.4,2,1.05779745977683,1.04352520829297,1.072264912259
3.6,2,1.05704876072013,1.04286723077914,1.07142313955457
3.8,2,1.05632612529869,1.0422489347465,1.07059345017218
4,2,1.05562577285647,1.04166866672052,1.06976988741258
4.2,2,1.05494393421115,1.04112292581704,1.06894841783983
4.4,2,1.05427685092985,1.04060674973502,1.0681265316505
4.6,2,1.0536207747392,1.04011405364137,1.06730289152001
4.8,2,1.05297196706891,1.03963793126662,1.06647702059327
5,2,1.05232669872838,1.03917092831761,1.06564901950193
5.2,2,1.05168124971552,1.03870529699328,1.0648193036127
5.4,2,1.05103190915743,1.03823323770534,1.06398835439771
5.6,2,1.05037497538216,1.03774713050819,1.06315648241666
5.8,2,1.04970675612115,1.03723975461641,1.0623236035278
6,2,1.0490235688417,1.03670449022642,1.06148903410753
6.2,2,1.04832174120881,1.03613549331498,1.06065131460272
6.4,2,1.04759761167583,1.03552783191538,1.05980807291192
6.6,2,1.04684753020319,1.03487757221507,1.05895593924879
6.8,2,1.04606785910442,1.0341818049399,1.0580905220189
7,2,1.04525497401866,1.03343860656128,1.05720645016949
7.2,2,1.0444052650087,1.0326469349413,1.0562974823916
7.4,2,1.04351513778351,1.03180646379742,1.05535667878616
7.6,2,1.04258101504416,1.03091736353426,1.05437662743799
7.8,2,1.0415993883629,1.02998007936741,1.05334977595324
8,2,1.04056996568759,1.02899762801793,1.05227244845719
8.2,2,1.0394975158449,1.02797657010108,1.05114758144873
8.4,2,1.03838724075637,1.02692294987946,1.049979515885
8.6,2,1.03724432519507,1.02584207191596,1.04877331472666
8.8,2,1.03607393504631,1.02473865467791,1.04753460209789
9,2,1.03488121582575,1.02361697091051,1.04626941649506
9.2,2,1.03367129145329,1.02248097601605,1.04498407680686
9.4,2,1.0324492632813,1.0213344258758,1.04368505970612
9.6,2,1.03122020937527,1.02018098528592,1.04237888723826
9.8,2,1.029989184045,1.01902432764736,1.04107202396133
10,2,1.02876121762442,1.01786822590975,1.03977078363178
10.2,2,1.02754131649794,1.01671663414758,1.03848124605096
10.4,2,1.02633446337129,1.01557375865444,1.03720918517948
10.6,2,1.02514561778487,1.01444411716518,1.03596000990205
10.8,2,1.0239797168676,1.01333258481521,1.03473871882591
11,2,1.02284167632941,1.01224442573627,1.03354987020588
11.2,2,1.02173639169061,1.01118530973438,1.03239756754296
11.4,2,1.02066873974651,1.01016131421451,1.03128546068486
11.6,2,1.01964358026582,1.00917891229046,1.03021676148349
11.8,2,1.01866575792174,1.00824494871704,1.02919427236674
12,2,1.0177401044546,1.00736660578953,1.02822042567457
12.2,2,1.01687144106553,1.00655136159322,1.02729733137311
12.4,2,1.01606458104057,1.00580694291756,1.02642683082947
12.6,2,1.01532433260538,1.00514127478201,1.02561055469952
12.8,2,1.01465550201072,1.0045624278822,1.02484998362029
13,2,1.0140628968495,1.0040785643881,1.02414651127769
13.2,2,1.01355132960645,1.00369788141135,1.0235015105367
13.4,2,1.01312401497473,1.00342641464289,1.02291533762723
13.6,2,1.01277600914883,1.00325917551296,1.02238311868217
13.8,2,1.01249980136475,1.00318743014031,1.02189861731051
14,2,1.01228790428893,1.00320217677153,1.02145591875351
14.2,2,1.01213285006156,1.0032941964236,1.02104936899408
14.4,2,1.01202718583935,1.00345409296119,1.02067352364422
14.6,2,1.01196346989085,1.00367232666652,1.02032310464787
14.8,2,1.01193426824157,1.00393924355512,1.01999296253765
15,2,1.0119321518668,1.00424510240339,1.01967804227383
15.2,2,1.01194969443093,1.00458010127051,1.01937335087935
15.4,2,1.01197947057216,1.00493440519883,1.01907392518509
15.6,2,1.0120140547324,1.00529817674064,1.01877479803701
15.8,2,1.01204602053195,1.00566161095425,1.01847096132334
16,2,1.01206794068919,1.00601497649556,1.01815732419703
16.2,2,1.01207238748527,1.00634866434021,1.01782866496046
16.4,2,1.01205193377392,1.0066532454203,1.01747957533071
16.6,2,1.01199915453617,1.00691953794025,1.01710439632236
16.8,2,1.01190662897979,1.0071386842312,1.01669714588996
17,2,1.0117669431826,1.00730223561748,1.01625143985661
17.2,2,1.01157269327846,1.00740224189003,1.01576040953295
17.4,2,1.01131648918415,1.00743133975632,1.01521662165398
17.6,2,1.01099095886457,1.00738283243895,1.01461200845691
17.8,2,1.01058875313292,1.00725075103062,1.01393781728509
18,2,1.0101025509817,1.00702988799113,1.01318458932247
18.2,2,1.00952506543901,1.00671579481364,1.01234217541834
18.4,2,1.00884904994389,1.00630473932849,1.01139979351768
18.6,2,1.00806730523297,1.00579362230239,1.01034612801925
18.8,2,1.00717316122124,1.00518026887285,1.00917000472151
19,2,1.00617020851184,1.00447158604053,1.00787170345694
19.2,2,1.00507187430035,1.00368244766321,1.00646322436095
19.4,2,1.0038919562711,1.00282727029349,1.00495777260911
19.6,2,1.00264421096257,1.00191978278297,1.00336916293279
19.8,2,1.00134234363322,1.00097313640928,1.00171168703861
20,2,1,1,1
20.2,2,0.998630759839021,0.998249025046623,0.999012640608473
20.4,2,0.997248132435472,0.996473875120756,0.998022991345878
20.6,2,0.995865553867534,0.994689789173651,0.997042708364178
20.8,2,0.994496386107798,0.992912081147431,0.996083219008208
21,2,0.99315391792498,0.99115609974138,0.995155762999497
21.2,2,0.991851367568715,0.989437197284732,0.99427142829039
21.4,2,0.990601887220906,0.987770706270359,0.993441182995596
21.6,2,0.989418569198419,0.98617192231451,0.99267590459997
21.8,2,0.988314453893922,0.984656092483472,0.991986407469506
22,2,0.987302539444293,0.983238408064404,0.991383469561637
22.2,2,0.986395793119325,0.981934000953908,0.990877859141546
22.4,2,0.985607164427352,0.980757942895134,0.990480362262428
22.6,2,0.984949599939016,0.979725246812268,0.990201811759496
22.8,2,0.984436059835561,0.978850869469187,0.990053118541027
23,2,0.984079536193945,0.97814971461337,0.990045306038321
23.2,2,0.98389307302752,0.977636635651183,0.990189548805874
23.4,2,0.98388978810826,0.977326436727433,0.990497216452248
23.6,2,0.984082896604368,0.977233870838792,0.990979924343
23.8,2,0.984485736575723,0.977373633281788,0.991649592865178
24,2,0.985111796378937,0.97776034830401,0.992518517495864
24.2,2,0.985974739274715,0.978408540625538,0.993599448617148
24.4,2,0.987083400043231,0.979326665058457,0.994901572074263
24.6,2,0.988432214110575,0.980505948402588,0.996422554583407
24.8,2,0.990013125386905,0.98193469837347,0.998158014032789
25,2,0.991818187862927,0.983601438504951,1.00010357779763
25.2,2,0.993839546023101,0.985494928189816,1.00225482139585
25.4,2,0.996069416048949,0.987604186417817,1.00460720522741
25.6,2,0.998500067778051,0.989918518677632,1.00715600985483
25.8,2,1.0011238073889,0.992427545610231,1.00989627117269
26,2,1.00393296078617,0.995121231299556,1.01282271752626
26.2,2,1.00691985766519,0.997989908609383,1.0159297113267
26.4,2,1.01007681623815,1.00102429878314,1.01921119791201
26.6,2,1.0133961286087,1.00421552265811,1.02266066427728
26.8,2,1.0168700467848,1.00755510130339,1.02627110984848
27,2,1.02049076932349,1.01103494461275,1.03003503076082
27.2,2,1.02425042860417,1.01464732725669,1.03394441823668
27.4,2,1.02814107873036,1.01838485228047,1.03799077078349
27.6,2,1.03215468406286,1.02224040338457,1.04216511918881
27.8,2,1.03628310838969,1.02620708743066,1.04645806278975
28,2,1.04051810474155,1.03027816891966,1.05085981529652
28.2,2,1.04485130586323,1.0344469980855,1.05536025855803
28.4,2,1.04927421535452,1.0387069338798,1.05994900303154
28.6,2,1.05377819949594,1.04305126255784,1.06461545428725
28.8,2,1.05835447977682,1.04747311189122,1.06934888556832
29,2,1.06299412614517,1.05196536029699,1.07413851716573
29.2,2,1.0676880510006,1.05652053944413,1.07897360409977
29.4,2,1.07242700395297,1.06113072822294,1.08384353427744
29.6,2,1.07720156737094,1.06578743539213,1.08873793986836
29.8,2,1.08200056202471,1.07047977650692,1.09364533727295
30,2,1.08679629176577,1.07517874149441,1.09853937230397
30.2,2,1.09155098352703,1.07984429805176,1.10338458219254
30.4,2,1.09622609123078,1.08443550134462,1.10814487501109
30.6,2,1.10078243613399,1.08891079552806,1.11278350501931
30.8,2,1.10518024181423,1.0932281888753,1.11726296424276
31,2,1.10937918332454,1.09734542922989,1.12154490246297
31.2,2,1.11333845082909,1.10122017750181,1.12559007854947
31.4,2,1.11701682797563,1.10481017573732,1.12935834714596
31.6,2,1.12037278518957,1.10807340589074,1.13280868498455
31.8,2,1.12336458798949,1.11096823580456,1.13589926055348
32,2,1.12595042032266,1.11345354992958,1.13858754961529
32.2,2,1.12808852280422,1.11548886374856,1.14083049740734
32.4,2,1.12973734561339,1.11703442239021,1.14258472656784
32.6,2,1.13085571565633,1.11805128522652,1.14380678823108
32.8,2,1.13140301744849,1.11850139909129,1.14445345256746
33,2,1.13133938700017,1.11834766301913,1.14448203443515
33.2,2,1.13062591780972,1.11755398708559,1.14385074975815
33.4,2,1.12922487788073,1.11608534714599,1.14251909863838
33.6,2,1.12709993648466,1.11390783621419,1.14044827186175
33.8,2,1.12421639919111,1.11098871212456,1.13760157814145
34,2,1.12054144948746,1.10729644024181,1.13394488990254
34.2,2,1.11604439511045,1.10280072961934,1.12944710535999
34.4,2,1.11069691701788,1.09747256152222,1.12408062372141
34.6,2,1.10447331874306,1.09128421110464,1.11782182808318
34.8,2,1.09735077370096,1.08420926688217,1.11065156637604
35,2,1.0893095678583,1.07622265918272,1.10255561384364
35.2,2,1.08033445575922,1.06730182680951,1.09352622377633
35.4,2,1.07050138943437,1.05751288320809,1.08364942212757
35.6,2,1.06003466485767,1.0470704127994,1.07315943318053
35.8,2,1.04916641688385,1.03620103365384,1.06229402844295
36,2,1.03812065143002,1.02512789130124,1.05127808546651
36.2,2,1.02711263942454,1.01406957826065,1.04032346170481
36.4,2,1.01634876981293,1.00323895414184,1.02962989787795
36.6,2,1.00602683075509,0.992842027266191,1.0193867265933
36.8,2,0.99633668850129,0.983077046418699,1.0097751752724
37,2,0.987461336100805,0.974133884012682,1.00097112552682
37.2,2,0.979578288848804,0.966193699018125,0.993148294135118
37.4,2,0.97286131002372,0.959428782156646,0.986481900630057
37.6,2,0.967482458883057,0.95400243561788,0.981152954436821
37.8,2,0.963614463022341,0.950068758609457,0.977353296728635
38,2,0.961433429111736,0.947772355841952,0.975291411398472
38.2,2,0.961121919877193,0.947248343252989,0.975198691502706
38.4,2,0.962872441297691,0.948623636682967,0.977335270131398
38.6,2,0.966891402824293,0.952021157245957,0.98199391656377
38.8,2,0.973403635670344,0.957568529608326,0.989500603496029
39,2,0.982657580805055,0.965411155524456,1.00021210195057
39.2,2,0.994931290447956,0.975726637154804,1.01451393763209
39.4,2,1.01053942625141,0.988736113598971,1.03282353902442
39.6,2,1.02984148613017,1.00471029497561,1.05560129308772
39.8,2,1.0532515526816,1.02397184279583,1.08336849399812
40,2,1.081249933057,1.04689758739572,1.11672949848326
0,3,1.06020577263554,1.03942406228744,1.08140298181675
0.2,3,1.05908770146152,1.03880713770014,1.0797642013419
0.4,3,1.05789445408452,1.03818984204382,1.07797305527437
0.6,3,1.05664224217894,1.0375709033665,1.07606412663884
0.8,3,1.05534721367103,1.03694363064689,1.07407742184443
1,3,1.05402544500812,1.0362980894741,1.07205605221983
1.2,3,1.05269293588331,1.0356232779688,1.07004394438882
1.4,3,1.05136560639692,1.03490947691527,1.06808340533234
1.6,3,1.05005929663453,1.03415080307668,1.06621251288324
1.8,3,1.04878976864053,1.03334777903959,1.06446251796019
2,3,1.04757271076662,1.03250949799404,1.062855679754
2.2,3,1.04642374437596,1.03165482752456,1.06140408940967
2.4,3,1.04535705572501,1.0308108976171,1.06010848011036
2.6,3,1.04437403434294,1.02999871616048,1.05894998362289
2.8,3,1.04346917582777,1.02923122997818,1.0579040833475
3,3,1.04263694422765,1.02851785902252,1.0569498506341
3.2,3,1.04187183655854,1.02786469228686,1.05606986207374
3.4,3,1.04116837917345,1.02727479301479,1.05524987195424
3.6,3,1.0405211244246,1.02674857945774,1.05447841081566
3.8,3,1.03992464761481,1.02628422108754,1.05374637015348
4,3,1.03937354423519,1.0258780161482,1.0530466073463
4.2,3,1.03886242748627,1.02552473532571,1.05237358599635
4.4,3,1.03838592608044,1.02521792834683,1.05172305484416
4.6,3,1.03793868232352,1.02495019705537,1.05109176168614
4.8,3,1.03751535047405,1.02471344160541,1.0504771956371
5,3,1.03711059537866,1.02449908711405,1.04987735038063
5.2,3,1.03671909138242,1.02429829724307,1.04929050192664
5.4,3,1.03633552151319,1.02410217920915,1.04871499636823
5.6,3,1.03595457693901,1.02390198195815,1.04814904589642
5.8,3,1.03557095669775,1.02368928596249,1.04759053460991
6,3,1.03517936769833,1.02345617968595,1.0470368390732
6.2,3,1.03477452499284,1.02319541472851,1.04648467160916
6.4,3,1.03435115231867,1.02290052963531,1.04592995634131
6.6,3,1.03390398291006,1.02256593189664,1.04536774845862
6.8,3,1.03342776057805,1.02218692908117,1.04479220575962
7,3,1.03291724105788,1.02175970317318,1.04419661840372
7.2,3,1.03236719362261,1.02128122635055,1.04357349863043
7.4,3,1.03177240296157,1.02074912059486,1.04291472805062
7.6,3,1.03112767132203,1.02016146655981,1.04221175707744
7.8,3,1.03042788141042,1.01951662286286,1.04145591643854
8,3,1.02967177551094,1.01881630645584,1.04064290938967
8.2,3,1.02886417574567,1.01806705884133,1.03977580154453
8.4,3,1.02801043387827,1.01727509547416,1.03885906267076
8.6,3,1.02711589100405,1.01644595675265,1.03789783071543
8.8,3,1.02618587531514,1.01558464520009,1.03689776689055
9,3,1.02522570014135,1.01469575253924,1.03586492167727
9.2,3,1.02424066226592,1.01378357721307,1.03480561119648
9.4,3,1.02323604051507,1.01285223319448,1.03372630310221
9.6,3,1.02221709461998,1.01190575077379,1.03263351130702
9.8,3,1.0211890643497,1.01094816959549,1.03153369926441
10,3,1.02015716891335,1.00998362368401,1.03043319206423
10.2,3,1.01912660662981,1.00901641767614,1.02933809811818
10.4,3,1.01810255486305,1.00805109307298,1.02825424161674
10.6,3,1.01709017022141,1.00709248312351,1.02718710713895
10.8,3,1.01609458901869,1.00614575500838,1.0261417977403
11,3,1.01512092799551,1.00521643831828,1.02512300751711
11.2,3,1.0141742852991,1.00431043937847,1.02413500908989
11.4,3,1.01325974171991,1.00343404167459,1.0231816557438
11.6,3,1.01238236218371,1.00259389337145,1.02226639722904
11.8,3,1.01154719749776,1.00179698356165,1.02139230757886
12,3,1.01075928635021,1.00105060933108,1.02056212285397
12.2,3,1.01002365756184,1.00036233591219,1.0197782865389
12.4,3,1.00934533258976,0.999739952089439,1.01904300042376
12.6,3,1.00872932828295,0.999191422633862,1.01835827919334
12.8,3,1.00818065988982,0.998724838908281,1.01772600758278
13,3,1.00770434431859,0.998348367929163,1.01714799981584
13.2,3,1.00730540365137,0.998070199096249,1.01662606211871
13.4,3,1.00698733188519,0.997896453074068,1.01616102898603
13.6,3,1.0067458165444,0.997822745734324,1.015748682281
13.8,3,1.0065740858984,0.997841125961767,1.01538347542615
14,3,1.00646538727909,0.997943388076058,1.0150601606207
14.2,3,1.00641298364813,0.998121120081164,1.01477373164207
14.4,3,1.00641014960898,0.998365741919091,1.01451937572399
14.6,3,1.00645016787189,0.998668537592745,1.01429243265339
14.8,3,1.0065263261695,0.999020683308534,1.01408835892878
15,3,1.00663191462177,0.999413273521279,1.01390269509315
15.2,3,1.00676022354911,0.999837346594207,1.01373103452597
15.4,3,1.00690454173311,1.00028391169596,1.01356899207126
15.6,3,1.00705815512498,1.00074397852063,1.01341217091601
15.8,3,1.00721434600143,1.00120859140375,1.01325612614723
16,3,1.00736639256869,1.00166886937145,1.01309632345231
16.2,3,1.00750756901476,1.0021160535382,1.01292809154998
16.4,3,1.00763114601068,1.00254156297434,1.01274656723313
16.6,3,1.00773039166088,1.00293705959516,1.01254663247454
16.8,3,1.00779857290323,1.00329452167186,1.01232284399733
17,3,1.00782895735859,1.00360632416033,1.012069357116
17.2,3,1.00781481562971,1.00386532220744,1.0117798474892
17.4,3,1.00774942404892,1.00406493211253,1.01144743650614
17.6,3,1.00762606787334,1.00419920209595,1.01106462795304
17.8,3,1.00743804492603,1.00426286405038,1.01062326478048
18,3,1.00717866968089,1.00425135765969,1.01011451458144
18.2,3,1.00684127778804,1.00416082024757,1.00952889041013
18.4,3,1.0064192310361,1.00398803924496,1.00885631004231
18.6,3,1.00590592274655,1.00373036811687,1.00808619282382
18.8,3,1.00529517374729,1.00338593857921,1.00720804179358
19,3,1.00458923683716,1.00296013017489,1.00622098965499
19.2,3,1.00379846062954,1.00246459262151,1.0051341034672
19.4,3,1.00293351260375,1.00191050856852,1.00395756118063
19.6,3,1.00200504223543,1.00130843205891,1.00270213704358
19.8,3,1.00102367375,1.00066839534768,1.00137907829075
20,3,1,1,1
20.2,3,0.998944577463057,0.998576797133692,0.999312493247573
20.4,3,0.997867922355538,0.997121571938028,0.998614831420018
20.6,3,0.99678050785569,0.995646574614552,0.997915732523555
20.8,3,0.99569276242911,0.994164155230338,0.997223719984163
21,3,0.994615069248667,0.992686725028986,0.996547159374621
21.2,3,0.993557766700757,0.991226725546747,0.995894289701374
21.4,3,0.992531149969661,0.989796604175972,0.995273250588924
21.6,3,0.99154547369218,0.988408795027306,0.994692106490502
21.8,3,0.990610955675252,0.987075704113228,0.994158868883749
22,3,0.989737781670251,0.985809698006552,0.993681517281076
22.2,3,0.988936111198848,0.984623095219195,0.993268019795312
22.4,3,0.988216084426896,0.983528159600513,0.992926353950748
22.6,3,0.987587830084606,0.982537095071569,0.992664528416788
22.8,3,0.98706147443346,0.981662040991194,0.992490606366939
23,3,0.986647151282733,0.980915067388708,0.992412731232493
23.2,3,0.986355013061256,0.980308169191718,0.992439155733285
23.4,3,0.986195242953136,0.979853258417041,0.992578275235423
23.6,3,0.986178068109512,0.979562153067401,0.992838666719385
23.8,3,0.986313773952135,0.979446561171173,0.993229134956031
24,3,0.986612719588618,0.97951805799914,0.993758767901044
24.2,3,0.987085350797429,0.979788049540916,0.994437001161031
24.4,3,0.987738454825433,0.980263077694919,0.99527083834996
24.6,3,0.988568014902711,0.980936100159839,0.996259307746392
24.8,3,0.989568128520859,0.98179775790569,0.997399997198139
25,3,0.990732958016325,0.982838848165487,0.998690472941609
25.2,3,0.992056720244737,0.98405035118827,1.00012823022148
25.4,3,0.993533676662064,0.985423459840415,1.00171064206397
25.6,3,0.995158123798658,0.986949611725337,1.00343490650065
25.8,3,0.996924384113963,0.988620522689987,1.00529799334609
26,3,0.998826797221312,0.990428219927431,1.0072965922967
26.2,3,1.0008597114738,0.992365072406349,1.00942706460072
26.4,3,1.00301747590375,0.994423816116525,1.01168540079538
26.6,3,1.00529443250963,0.996597571660485,1.01406718696997
26.8,3,1.00768490888582,0.998879852057502,1.01656758168126
27,3,1.01018321119167,1.00126455922034,1.019181305057
27.2,3,1.01278361745772,1.00374596833096,1.02190264086075
27.4,3,1.01548037122811,1.00631870015717,1.02472545147826
27.6,3,1.01826767553921,1.00897768208693,1.02764320505427
27.8,3,1.02113968723567,1.01171809919792,1.0306490134697
28,3,1.024090511626,1.01453533695692,1.03373567957539
28.2,3,1.02711419748089,1.01742491713385,1.03689575210986
28.4,3,1.03020473237815,1.02038242824563,1.04012158700056
28.6,3,1.03335603839911,1.0234034513708,1.04340541422409
28.8,3,1.03656196818222,1.02648348156828,1.04673941001001
29,3,1.03981630133988,1.02961784446338,1.05011577484427
29.2,3,1.04311274124577,1.03280160689294,1.0535268184009
29.4,3,1.04644491219998,1.03602947988484,1.05696505314785
29.6,3,1.04980635698021,1.0392957117418,1.06042329887902
29.8,3,1.0531893460548,1.04259269674886,1.0638936970326
30,3,1.05657387211784,1.04589915830562,1.06735753478434
30.2,3,1.05993252409247,1.0491855954553,1.07078953475481
30.4,3,1.06323745492848,1.05242194015468,1.07416411843015
30.6,3,1.06646048118724,1.05557780660653,1.07745535271382
30.8,3,1.06957310085764,1.05862263834858,1.08063683567433
31,3,1.0725465187131,1.06152584849671,1.08368160458144
31.2,3,1.07535167933532,1.0642569512013,1.08656206844034
31.4,3,1.07795930790934,1.0667856814361,1.0892499681324
31.6,3,1.0803399588668,1.06908210000979,1.09171636744608
31.8,3,1.08246407242148,1.07111668114522,1.09393167776129
32,3,1.08430203900174,1.07286038097309,1.09586571806944
32.2,3,1.08582427154002,1.07428468660627,1.09748781060074
32.4,3,1.08700128552878,1.07536164681633,1.09876691087071
32.6,3,1.08780378669606,1.07606388645589,1.0996717697196
32.8,3,1.08820276609257,1.07636460746026,1.10017112410047
33,3,1.08816960231535,1.07623757942837,1.10023391306601
33.2,3,1.08767617052245,1.07565712244482,1.09982951559276
33.4,3,1.0866949578172,1.07459808407586,1.0989280074521
33.6,3,1.08519918450257,1.0730358115181,1.09750043512428
33.8,3,1.0831629306243,1.0709461188995,1.09551910555897
34,3,1.08056126713801,1.06830524893626,1.09295789120341
34.2,3,1.07737039095121,1.06508982777244,1.0897925499166
34.4,3,1.07356776300644,1.06127681215437,1.0860010588821
34.6,3,1.06913224848845,1.05684342949105,1.08156396005454
34.8,3,1.06404425815702,1.05176711431552,1.07646471153812
35,3,1.05828588972982,1.0460254497738,1.07069003401727
35.2,3,1.05184194038643,1.03959699312611,1.064231115395
35.4,3,1.04476754054664,1.03252845212986,1.05715170514506
35.6,3,1.03723372346388,1.02498242964803,1.04963145315592
35.8,3,1.02941894252216,1.0171322332064,1.04185407228994
36,3,1.02149689868778,1.00915015287999,1.03399470440634
36.2,3,1.01363621694279,1.00120685430632,1.02621988241377
36.4,3,1.00600040714032,0.993470596389538,1.01868824587705
36.6,3,0.998748094869446,0.986106389386188,1.01155186472958
36.8,3,0.992033508345416,0.979275210214251,1.00495802550215
37,3,0.986007208953828,0.973133352481909,0.999051377315724
37.2,3,0.980817055792766,0.967831926632684,0.993976402784129
37.4,3,0.976609398311112,0.96351646408052,0.989880248470656
37.6,3,0.973530495899941,0.960326540593737,0.986915998240781
37.8,3,0.97172816905869,0.958395342962729,0.985246476285178
38,3,0.97135369357704,0.95784919477739,0.985048589245867
38.2,3,0.972563957150388,0.958807279840838,0.986518011111719
38.4,3,0.975523907151386,0.961382179796434,0.989873656307433
38.6,3,0.980409329161397,0.965682268254011,0.995360983944119
38.8,3,0.987410008669165,0.971817094716912,1.00325311266936
39,3,0.996733343532309,0.979906089377242,1.01384956056399
39.2,3,1.0086084929785,0.990089184280872,1.02747419955633
39.4,3,1.02329117088794,1.00253650342995,1.04447550471699
39.6,3,1.04106921786847,1.01745475600721,1.06523175600113
39.8,3,1.06226911952714,1.03509021671828,1.09016167293956
40,3,1.08726367905539,1.05573015293403,1.11973907774416
0,4,1.04545010271773,1.02505570850062,1.0662502615309
0.2,4,1.04406208448514,1.02418451833224,1.06432543818813
0.4,4,1.0426272746684,1.02331958383631,1.06229925729277
0.6,4,1.04116128840549,1.02246131119837,1.06020327282963
0.8,4,1.03967965794772,1.02160581507924,1.05807325604001
1,4,1.0381978291789,1.02074683174124,1.05594717416181
1.2,4,1.03673116043857,1.01987765012735,1.05386317553884
1.4,4,1.03529492362701,1.01899315049477,1.05185749125735
1.6,4,1.03390430756952,1.01809191877023,1.04996228484166
1.8,4,1.03257442361855,1.01717824660217,1.04820363969913
2,4,1.031320313474,1.01626368236472,1.04660001871678
2.2,4,1.03015695920492,1.01536774829379,1.04516158050283
2.4,4,1.02909789728146,1.01451620252896,1.04388917549978
2.6,4,1.02814368616257,1.01372679811175,1.0427656064385
2.8,4,1.02728789958008,1.01300891024674,1.04176816013061
3,4,1.02652409195041,1.01236875281061,1.04087735662436
3.2,4,1.025845862004,1.01180962638209,1.04007681400861
3.4,4,1.02524684733653,1.01133221642091,1.03935292568196
3.6,4,1.02472071936547,1.01093493605076,1.03869449481976
3.8,4,1.02426117868617,1.0106142713566,1.03809236807561
4,4,1.02386195082215,1.01036510633154,1.03753909133651
4.2,4,1.02351678236537,1.01018101816895,1.03702859679783
4.4,4,1.0232194375026,1.01005454206475,1.0365559221613
4.6,4,1.02296369492506,1.00997740932262,1.03611695813728
4.8,4,1.0227433451185,1.00994076452778,1.03570821846494
5,4,1.02255218803208,1.00993536775008,1.03532662647373
5.2,4,1.02238403112405,1.00995178671803,1.03496931323247
5.4,4,1.02223268778336,1.00998058201871,1.03463342422305
5.6,4,1.02209197612609,1.01001248587508,1.03431593398196
5.8,4,1.02195571816593,1.01003857219599,1.03401347101167
6,4,1.02181773935849,1.01005041274313,1.0337221581169
6.2,4,1.02167186851861,1.01004021187797,1.03343747570361
6.4,4,1.02151193811071,1.0100009109525,1.03315415697855
6.6,4,1.02133178491149,1.00992625341052,1.03286612398468
6.8,4,1.02112525104473,1.0098108032294,1.03256647184462
7,4,1.02088618538736,1.00964991221897,1.03224750569655
7.2,4,1.02060844534628,1.00943963527196,1.03190083122851
7.4,4,1.02028589900449,1.00917659604189,1.03151749633341
7.6,4,1.0199124276355,1.00885780782926,1.03108817909986
7.8,4,1.01948199240341,1.00848051294951,1.03060348662073
8,4,1.01899262247376,1.00804549188462,1.03005863625726
8.2,4,1.01844876392958,1.00755870551289,1.02945652603111
8.4,4,1.01785542879826,1.00702587240087,1.02880144624692
8.6,4,1.01721762533843,1.00645208537704,1.0280983191679
8.8,4,1.01654035574839,1.00584194234969,1.02735256043421
9,4,1.01582861411917,1.00519966772331,1.0265699506253
9.2,4,1.0150873846323,1.00452922498032,1.02575651640182
9.4,4,1.01432164000171,1.00383442117672,1.02491842047986
9.6,4,1.01353634015929,1.00311900389622,1.02406185989252
9.8,4,1.01273643118308,1.0023867507816,1.02319297241879
10,4,1.01192684446719,1.00164155124918,1.02231775157118
10.2,4,1.0111124961324,1.00088747950872,1.02144197101647
10.4,4,1.01029828667598,1.00012885765616,1.02057111965799
10.6,4,1.0094891008597,0.999370307458324,1.01971034875581
10.8,4,1.00868980783453,0.998616789552393,1.0188644323568
11,4,1.00790526150079,0.997873629141729,1.01803774194807
11.2,4,1.00714030110238,0.997146527839524,1.01723423567679
11.4,4,1.00639975205404,0.99644156200663,1.01645746178509
11.6,4,1.00568842700023,0.995765168637613,1.01571057520116
11.8,4,1.00501112710496,0.995124120453463,1.01499636562373
12,4,1.00437264357143,0.994525492264421,1.01431729503265
12.2,4,1.00377775939102,0.993976620811475,1.01367554241415
12.4,4,1.00323125132111,0.993485060161188,1.01307305362399
12.6,4,1.00273789209156,0.993058534330162,1.01251159471122
12.8,4,1.00230245283998,0.992704888184469,1.01199280765741
13,4,1.00192970577615,0.992432036822511,1.01151826832472
13.2,4,1.00162442707637,0.992247912604616,1.01108954745248
13.4,4,1.00139007432387,0.992158583735118,1.01070745886132
13.6,4,1.00122337041885,0.992160675171236,1.01036884706187
13.8,4,1.00111891402791,0.992247579816521,1.01006956369673
14,4,1.00107131749327,0.992412433865856,1.00980575062321
14.2,4,1.00107520450534,0.992648165969985,1.00957378397626
14.4,4,1.0011252071954,0.992947536542848,1.00937022712357
14.6,4,1.00121596351875,0.993303170887161,1.00919179056829
14.8,4,1.00134211492679,0.99370758824578,1.00903529668736
15,4,1.00149830432723,0.994153228623335,1.00889764745746
15.2,4,1.0016791743316,0.994632479054197,1.00877579349082
15.4,4,1.00187936578988,0.99513770089964,1.0086667027971
15.6,4,1.00209351661198,0.995661259715504,1.00856732773022
15.8,4,1.00231626087629,0.996195559210365,1.00847456860112
16,4,1.00254222822538,0.996733080769531,1.00838523248282
16.2,4,1.00276604354935,0.997266429891639,1.00829598586295
16.4,4,1.00298232695716,0.997788390592311,1.00820330009174
16.6,4,1.00318569403638,0.998291988277343,1.00810338912552
16.8,4,1.00337075640181,0.99877056068018,1.0079921399733
17,4,1.00353212253338,0.999217835131586,1.00786503758086
17.2,4,1.00366439890346,0.999628008706107,1.00771708760954
17.4,4,1.00376219139381,0.99999582584239,1.00754274251391
17.6,4,1.00382010700209,1.00031664622932,1.00733583812689
17.8,4,1.00383275583754,1.00058649462767,1.00708954908227
18,4,1.00379475340525,1.00080208443546,1.00679637126483
18.2,4,1.00370072317822,1.00096080856061,1.00644813772194
18.4,4,1.00354529945578,1.00106069434783,1.00603607128527
18.6,4,1.00332313050681,1.00110032288667,1.00555087357009
18.8,4,1.00302915159268,1.00107892462561,1.00498317784583
19,4,1.00266411781657,1.00100039030386,1.00433061055222
19.2,4,1.0022343816844,1.00087240267359,1.00359821406515
19.4,4,1.00174652488151,1.0007020932036,1.00279204663162
19.6,4,1.00120712734264,1.00049598174382,1.00191877841881
19.8,4,1.00062276367316,1.00026008344094,1.00098557540813
20,4,1,1,1
20.2,4,0.999345391252294,0.998969927426898,0.999720996196136
20.4,4,0.998665478871224,0.997903476251158,0.999428063359182
20.6,4,0.997966788948116,0.996808950960954,0.999125971815662
20.8,4,0.997255830789422,0.995694794715582,0.998819314233316
21,4,0.996539095906937,0.994569550470623,0.998512541632801
21.2,4,0.995823057431392,0.993441828941171,0.998209993602684
21.4,4,0.995114169947395,0.992320282087265,0.997915924027248
21.6,4,0.994418869747641,0.991213581005822,0.997634523436142
21.8,4,0.993743575504304,0.990130397277696,0.997369938920392
22,4,0.993094689355636,0.98907938694451,0.997126292433489
22.2,4,0.992478598405911,0.988069176378054,0.996907698208446
22.4,4,0.991901676637146,0.987108349356598,0.996718279970857
22.6,4,0.991370287231277,0.986205434678204,0.996562188613081
22.8,4,0.990890785301909,0.98536889362035,0.996443621016652
23,4,0.990469521035159,0.984607106495408,0.996366840771113
23.2,4,0.9901128432397,0.983928357447959,0.996336201642663
23.4,4,0.98982710330667,0.983340816485308,0.996356174802505
23.6,4,0.989618659580812,0.982852517516493,0.996431381042974
23.8,4,0.989493882144967,0.98247133088455,0.996566629502365
24,4,0.989459158020868,0.982204928496171,0.996766964802685
24.2,4,0.989520894872419,0.982060736367833,0.997037723970637
24.4,4,0.989683504575152,0.982042951169905,0.997383503502887
24.6,4,0.989945567097306,0.982147101420248,0.997805954320361
24.8,4,0.990304635095173,0.982367246245217,0.998306156927978
25,4,0.990758286579758,0.982697562717825,0.998885129735809
25.2,4,0.991304122522992,0.983132383292251,0.999543784775281
25.4,4,0.991939764535434,0.983666234974719,1.00028288202034
25.6,4,0.992662852613355,0.984293879866757,1.00110298267005
25.8,4,0.993471042953256,0.985010355945286,1.00200440252169
26,4,0.994362005832025,0.98581101632857,1.00298716718006
26.2,4,0.995333423551125,0.986691564850383,1.00405097127614
26.4,4,0.996382988443291,0.987648085575097,1.00519514405893
26.6,4,0.997508400940438,0.988677063970784,1.00641862364085
26.8,4,0.998707367701551,0.989775397819942,1.00771994181533
27,4,0.999977599799493,0.990940396546226,1.00909722076721
27.2,4,1.00131681096581,0.9921697683843,1.01054818224857
27.4,4,1.00272271589268,0.993461595601595,1.01207016901175
27.6,4,1.00419302859135,0.994814298672731,1.01366017759985
27.8,4,1.00572546080649,0.996226590806585,1.01531490109643
28,4,1.00731772048587,0.997697424469093,1.01703078019351
28.2,4,1.00896751030525,0.999225931515552,1.01880406096699
28.4,4,1.01067252624788,1.00081135827038,1.02063085802461
28.6,4,1.01243045623883,1.00245299642463,1.02250722215985
28.8,4,1.01423897883374,1.00415011002917,1.02442921223783
29,4,1.01609576196225,1.00590185820942,1.02639297169158
29.2,4,1.0179984617261,1.00770721257328,1.02839481066168
29.4,4,1.01994472125219,1.00956486767529,1.03043129542104
29.6,4,1.02193216960078,1.01147314238612,1.03249934724049
29.8,4,1.02395744885787,1.01342881074426,1.03459547030395
30,4,1.02600723352682,1.01541727615331,1.03670763534499
30.2,4,1.02806226415682,1.01741717416691,1.03881873219672
30.4,4,1.03010305329249,1.0194067756901,1.04091156318259
30.6,4,1.03210995932263,1.02136420048264,1.04296877414499
30.8,4,1.03406319106082,1.02326754132029,1.04497273677539
31,4,1.03594281609854,1.02509497877233,1.0469054482263
31.2,4,1.03772877297697,1.02682488522102,1.04874844948123
31.4,4,1.03940088721792,1.02843591579104,1.05048276490657
31.6,4,1.04093889124714,1.0299070835076,1.05208886574556
31.8,4,1.04232244823325,1.03121781625706,1.0535466600396
32,4,1.04353117985396,1.03234799389379,1.05483551066932
32.2,4,1.04454469798747,1.03327796494486,1.05593428207091
32.4,4,1.04534264031072,1.03398854357669,1.0568214149374
32.6,4,1.04590470976839,1.03446098856461,1.05747502709946
32.8,4,1.04621071785636,1.03467696675085,1.05787303799243
33,4,1.04624063164126,1.03461850377717,1.0579933137682
33.2,4,1.04597462441402,1.03426792471828,1.05781383021819
33.4,4,1.04539312984939,1.03360778669453,1.05731285116497
33.6,4,1.04447689951636,1.03262080473776,1.05646912072466
33.8,4,1.04320706355541,1.03128977128829,1.0552620686739
34,4,1.04156519430861,1.02959746889485,1.05367202889455
34.2,4,1.03953337265719,1.02752657517035,1.05168047131908
34.4,4,1.03709425678963,1.02505955905395,1.0492702477295
34.6,4,1.03423115309041,1.02217856824148,1.04642585087934
34.8,4,1.03092808880714,1.01886530966051,1.04313368431954
35,4,1.02716988612084,1.01510092857527,1.03938233652722
35.2,4,1.02294289170999,1.01086654403235,1.03516350983965
35.4,4,1.01828581837281,1.00619363229937,1.03052332534606
35.6,4,1.01332468724753,1.00120067789507,1.02559551192484
35.8,4,1.00819201900987,0.996015129533831,1.02051777835034
36,4,1.00301787676718,0.990764904883634,1.01542238340861
36.2,4,0.997929729342279,0.985578142120436,1.0104361106899
36.4,4,0.993052478994876,0.980582744316261,1.00568078701557
36.6,4,0.98850864791618,0.975905789250705,1.00127426004443
36.8,4,0.98441871820861,0.971672887820696,0.997331740862886
37,4,0.980901620985524,0.9680075575537,0.993967436043136
37.2,4,0.978075371672747,0.965030641808838,0.991296432701544
37.4,4,0.976057850549987,0.962859764655097,0.989436844898718
37.6,4,0.974967730033122,0.961608782364792,0.988512264070959
37.8,4,0.974925553180198,0.961387192353098,0.988654562702582
38,4,0.976054971435857,0.962299510952941,0.990007057492145
38.2,4,0.978484153764687,0.964444758934165,0.992727919665071
38.4,4,0.982347384144676,0.967916413121455,0.996993511065503
38.6,4,0.987786870011126,0.97280344913748,1.00300107018688
38.8,4,0.994954790811739,0.97919323892445,1.01097004800256
39,4,1.00401562355518,0.987176776849905,1.02114170023285
39.2,4,1.01514879136601,0.99685581938904,1.03377745163134
39.4,4,1.02855169192754,1.0083504289606,1.04915766640523
39.6,4,1.04444317571819,1.02180503692358,1.0675828635457
39.8,4,1.0630675596545,1.03739200315548,1.08937858876129
40,4,1.08469928081289,1.05531309666759,1.11490375085017
0,5,1.03227880277783,1.01331202326009,1.05160059508237
0.2,5,1.03083100769413,1.01240623285288,1.04959109490006
0.4,5,1.02935950227238,1.01151631328689,1.04751744583868
0.6,5,1.02787794673091,1.0106424576158,1.04540736975191
0.8,5,1.02639992387972,1.00978099930555,1.04329236187333
1,5,1.0249389386888,1.00892612326312,1.04120589587169
1.2,5,1.02350841964098,1.008071629164,1.03918159659422
1.4,5,1.02212172185181,1.00721281854604,1.03725130880426
1.6,5,1.0207921319396,1.00634846542511,1.03544310189772
1.8,5,1.01953287463008,1.00548268182821,1.0337793989266
2,5,1.01835712108272,1.00462635471768,1.03227555318446
2.2,5,1.01727799892782,1.00379778890964,1.03093923749989
2.4,5,1.0163073422377,1.00302107533325,1.0297696023417
2.6,5,1.01544528337742,1.00231300542563,1.02874962008059
2.8,5,1.01468565779302,1.00168259955594,1.02785751153837
3,5,1.01402228828699,1.00113583124641,1.0270746176996
3.2,5,1.01344904178767,1.00067586126081,1.02638526626022
3.4,5,1.0129598237983,1.00030332656364,1.025776459381
3.6,5,1.01254857322522,1.00001667268663,1.02523751967654
3.8,5,1.01220925757907,0.999812487348119,1.02475973654452
4,5,1.01193586854386,0.999685812711034,1.02433603540758
4.2,5,1.0117224179094,0.999630427361529,1.02396067875018
4.4,5,1.01156293386342,0.999639097595262,1.02362899933379
4.6,5,1.01145145764022,0.999703802239942,1.02333716133749
4.8,5,1.0113820405234,0.99981593725143,1.02308194316775
5,5,1.01134874120069,0.999966506582634,1.02286053542303
5.2,5,1.01134562346921,1.000146304881,1.02267034844671
5.4,5,1.01136675429035,1.00034609572374,1.02250882575172
5.6,5,1.01140620219313,1.00055678654284,1.02237326216061
5.8,5,1.0114580360259,1.00076959833781,1.02226062856082
6,5,1.01151632405588,1.00097622505925,1.0221674083927
6.2,5,1.01157513341671,1.00116897466955,1.02208945386544
6.4,5,1.01162852990381,1.00134088196268,1.02202187182194
6.6,5,1.01167057811791,1.00148578282668,1.02195894957258
6.8,5,1.01169534195672,1.00159834106684,1.02189412958366
7,5,1.01169688545482,1.00167402202203,1.0218200387915
7.2,5,1.01166927397182,1.00170901132475,1.02172857419454
7.4,5,1.01160657572848,1.00170008123272,1.02161104229695
7.6,5,1.01150286369046,1.00164440989697,1.0214583470388
7.8,5,1.01135227266517,1.00153940936641,1.02126128024463
8,5,1.0111524287518,1.00138550425759,1.0210146140758
8.2,5,1.01090647479256,1.00118745870663,1.02071983811872
8.4,5,1.01061804424883,1.00094972325613,1.02037975297983
8.6,5,1.01029077214241,1.00067612433141,1.01999779894626
8.8,5,1.00992829360034,1.00036999356688,1.01957792094282
9,5,1.0095342425295,1.0000342880482,1.01912444305158
9.2,5,1.00911225042134,0.999671701942686,1.0186419521244
9.4,5,1.00866594528684,0.999284770258334,1.01813518975014
9.6,5,1.00819895072156,0.998875965299294,1.01760895200987
9.8,5,1.00771488510079,0.998447785954074,1.01706799688412
10,5,1.0072173609045,0.998002839410083,1.01651695971836
10.2,5,1.00670998417194,0.997543914364622,1.01596027767557
10.4,5,1.00619635408534,0.99707404440911,1.01540212449781
10.6,5,1.00568006268261,0.996596560089827,1.01484635707165
10.8,5,1.00516469469828,0.996115128248307,1.0142964751922
11,5,1.00465382753257,0.995633777623995,1.01375559554089
11.2,5,1.00415103134785,0.995156910313633,1.01322644027982
11.4,5,1.00365986929226,0.994689299430658,1.01271133991724
11.6,5,1.00318389784991,0.994236074068926,1.01221224933705
11.8,5,1.0027266673173,0.993802693320448,1.01173077524057
12,5,1.00229172240562,0.993394911522457,1.01126821282305
12.2,5,1.00188260296858,0.993018737053242,1.01082558936376
12.4,5,1.00150284485554,0.992680386844214,1.01040371256086
12.6,5,1.00115598088979,0.992386238351053,1.01000322186736
12.8,5,1.00084554197183,0.992142780071684,1.00962464174009
13,5,1.00057505830782,0.991956560848806,1.00926843656443
13.2,5,1.00034806076316,0.991834137154345,1.00893506805855
13.4,5,1.000167201108,0.991780657940848,1.00862466127251
13.6,5,1.00003065088212,0.991794193565181,1.00833550870953
13.8,5,0.999935165708438,0.991870335926957,1.00806557006862
14,5,0.99987750719739,0.992004423755924,1.00781307568569
14.2,5,0.999854442251154,0.992191592023383,1.00757647386494
14.4,5,0.999862741893974,0.992426811686025,1.00735438710015
14.6,5,0.999899180207479,0.992704923082703,1.00714557501625
14.8,5,0.999960533370661,0.993020665038055,1.00694890197539
15,5,1.0000435788042,0.993368701463413,1.0067633075556
15.2,5,1.00014509441895,0.993743647080353,1.00658777827578
15.4,5,1.00026185796836,0.994140093806603,1.00642131902685
15.6,5,1.0003906465049,0.994552639314989,1.00626292269839
15.8,5,1.00052823594032,0.994975919273246,1.00611153649331
16,5,1.00067140070981,0.995404644753184,1.00596602344247
16.2,5,1.00081691354017,0.995833646200707,1.00582511772874
16.4,5,1.00096154532202,0.996257925101115,1.0056873726869
16.6,5,1.00110206508612,0.996672713954701,1.00555110086544
16.8,5,1.00123524008396,0.997073544289773,1.00541430642416
17,5,1.00135783597269,0.997456321107786,1.00527461147399
17.2,5,1.0014666171045,0.997817400390879,1.00512917972953
17.4,5,1.0015583469205,0.998153664278487,1.00497464286846
17.6,5,1.00162978844908,0.998462586624508,1.00480703688685
17.8,5,1.00167770490892,0.998742280463315,1.00462175692227
18,5,1.00169886041639,0.99899151907381,1.00441353885543
18.2,5,1.00169002079732,0.999209724227546,1.00417647410368
18.4,5,1.00164795450302,0.999396918638234,1.00390406058803
18.6,5,1.00156943363018,0.999553643502009,1.00358928898274
18.8,5,1.00145136854873,0.999680921481942,1.00322495109881
19,5,1.00129354786606,0.999781561793076,1.00280782054042
19.2,5,1.00109853107312,0.999859436945329,1.002339160771
19.4,5,1.00086899229516,0.999917788033263,1.00182110142099
19.6,5,1.00060760698573,0.999959274697823,1.00125635962552
19.8,5,1.00031705104348,0.999986080107104,1.00064813152314
20,5,1,1,1
20.2,5,0.999659128278906,0.999315857605279,1.00000251686796
20.4,5,0.999297108526094,0.99859984279993,0.999994861113433
20.6,5,0.998916611011293,0.997856287488444,0.999978061235439
20.8,5,0.998520303100858,0.997089673861093,0.999952985014596
21,5,0.99811084880173,0.996304598781384,0.999920373462321
21.2,5,0.997690908376471,0.995505744199121,0.999880869052996
21.4,5,0.997263138029235,0.994697852306375,0.999835039520718
21.6,5,0.996830189662515,0.993885704359864,0.999783398295887
21.8,5,0.99639471070448,0.993074102260887,0.999726422489114
22,5,0.995959344006713,0.992267852111691,0.999664569202055
22.2,5,0.995526727812134,0.991471749056658,0.999598290855284
22.4,5,0.995099495792905,0.990690562769901,0.999528050170076
22.6,5,0.994680277158097,0.989929022969077,0.999454335422807
22.8,5,0.994271696830916,0.989191804318303,0.999377676607724
23,5,0.993876375695292,0.98848351002886,0.999298663198103
23.2,5,0.993496930911651,0.98780865337072,0.999217964291753
23.4,5,0.993135976301708,0.987171636163722,0.999136352071167
23.6,5,0.992796122802149,0.9865767231149,0.999054729711263
23.8,5,0.992479978987102,0.986028010595276,0.998974165141185
24,5,0.992190151659325,0.985529388090117,0.998895932426256
24.2,5,0.991929246143415,0.985084488887703,0.998821563483991
24.4,5,0.991699480454198,0.984695379590418,0.998753401221601
24.6,5,0.991501952900619,0.984360291927684,0.998695427545712
24.8,5,0.991337562328979,0.984076826238183,0.998651869733695
25,5,0.991207210238489,0.983842665546775,0.998626882157773
25.2,5,0.99111180108952,0.983655615412829,0.998624505230574
25.4,5,0.991052242620671,0.983513645177619,0.998648623147555
25.6,5,0.991029446174783,0.983414930266143,0.998702920769872
25.8,5,0.991044327033991,0.983357894459823,0.998790840730251
26,5,0.991097804763961,0.983341250459526,0.998915542441563
26.2,5,0.991190803567429,0.983364036638178,0.999079865108118
26.4,5,0.991324252647204,0.983425647690562,0.999286297031532
26.6,5,0.991499086578771,0.983525856965582,0.999536953425455
26.8,5,0.991716245692666,0.983664828621693,0.999833564598252
27,5,0.991976676466798,0.983843118340671,1.00017747576843
27.2,5,0.992281331928895,0.984061662083386,1.0005696590293
27.4,5,0.992631172069274,0.984321753155805,1.00101073719505
27.6,5,0.993027164264143,0.984625008548731,1.00150101856536
27.8,5,0.993470283709637,0.984973326014825,1.00204054114583
28,5,0.993961513866844,0.985368833585867,1.00262912462248
28.2,5,0.994501846918031,0.985813833195487,1.0032664284264
28.4,5,0.995092284234351,0.986310739784947,1.00395201451283
28.6,5,0.995733836855278,0.986862016789524,1.00468541395894
28.8,5,0.996427525980063,0.987470108299818,1.00546619708846
29,5,0.997174383471499,0.988137367533589,1.00629404749028
29.2,5,0.997975452372302,0.988865980597297,1.00716884095469
29.4,5,0.998831787434437,0.989657883911284,1.00809073095699
29.6,5,0.999744455661718,0.990514673167893,1.00906024282281
29.8,5,1.00071369731407,0.991436580839001,1.0100776220548
30,5,1.00173118117919,0.992413948018298,1.01113588875935
30.2,5,1.00278352431084,0.993431285847142,1.01222380546609
30.4,5,1.0038572283563,0.994472867492126,1.01333014490832
30.6,5,1.00493873887652,0.995522921258365,1.01444361282831
30.8,5,1.00601444337371,0.996565743203404,1.01555272913887
31,5,1.00707067115704,0.997585798809865,1.01664572402157
31.2,5,1.00809369506002,0.998567812267651,1.01771045044198
31.4,5,1.00906973502313,0.999496840971015,1.01873431550863
31.6,5,1.00998496355392,1.00035833252889,1.01970423340833
31.8,5,1.01082551307548,1.0011381619189,1.02060660231536
32,5,1.01157748517124,1.00182264728443,1.02142730679839
32.2,5,1.01222696173144,1.00239854408159,1.02215174603512
32.4,5,1.01276001800223,1.00285301856848,1.02276488685051
32.6,5,1.01316273753411,1.00317360272825,1.02325133948493
32.8,5,1.01342122902077,1.00334813342497,1.02359545327919
33,5,1.01352164501369,1.00336467879873,1.02378142924175
33.2,5,1.01345020249068,1.00321145461683,1.0237934467372
33.4,5,1.01319320524948,1.00287673260532,1.02361580221019
33.6,5,1.01273706808917,1.00234874184119,1.02323305878339
33.8,5,1.01206834273353,1.00161556326703,1.0226302065659
34,5,1.01117374544115,1.00066501647967,1.02179283439579
34.2,5,1.01004018623696,0.999484537333858,1.02070731432718
34.4,5,1.0086547996898,0.998061044816231,1.01936100023281
34.6,5,1.0070049771494,0.996380796377139,1.01774244113375
34.8,5,1.005078400345,0.994429232866087,1.01584160788252
35,5,1.00286307623633,0.992190817927452,1.01365012808629
35.2,5,1.00034784835602,0.989649352404726,1.01116199922624
35.4,5,0.997559374897228,0.986824661084363,1.00841086130931
35.6,5,0.994587946639943,0.983800103520827,1.00549408366729
35.8,5,0.991529145852431,0.980666583780655,1.00251202940422
36,5,0.988477444539928,0.97751659263949,0.999561200005675
36.2,5,0.985526166167647,0.974444111754337,0.996734253391395
36.4,5,0.982767536306027,0.971544257233289,0.994120466696455
36.6,5,0.980292820376198,0.968912727650474,0.991806574789656
36.8,5,0.978192546921703,0.966645135678512,0.989877901968154
37,5,0.976556815306988,0.964836290286788,0.988419717545097
37.2,5,0.975475687439618,0.963579464869644,0.98751877917461
37.4,5,0.975039664030516,0.962965649558876,0.987265066898542
37.6,5,0.975340247047624,0.963082758772969,0.987753740626533
37.8,5,0.97647059139154,0.964014763701932,0.989087358155191
38,5,0.978526250441746,0.96584076282201,0.991378351029526
38.2,5,0.981606022011737,0.968634113783656,0.994751649501491
38.4,5,0.985812903442796,0.972461939197333,0.999347163547047
38.6,5,0.991255167102738,0.977385548966343,1.00532160245978
38.8,5,0.998047570494183,0.98346244592722,1.01284899804202
39,5,1.00631271858943,0.990750345507201,1.02211954019196
39.2,5,1.01618259998719,0.999312887259284,1.03333709560057
39.4,5,1.02780032314506,1.00922575094448,1.04671675615539
39.6,5,1.04132208442284,1.02058148771129,1.06248417844464
39.8,5,1.05691940615305,1.03349203730486,1.08087783048241
40,5,1.07478169065396,1.04808914772202,1.10215403439266
0,6,1.02264565563926,1.00375950419192,1.04188715786037
0.2,6,1.02136357039853,1.00299715667915,1.04006630127561
0.4,6,1.02007549635562,1.00225454847256,1.03821331601934
0.6,6,1.01879177592486,1.00153032884327,1.03635072528548
0.8,6,1.01752269959426,1.00081992736238,1.0345042258683
1,6,1.0162785068852,1.00011718139205,1.0327009902172
1.2,6,1.01506938834643,0.999415996936193,1.03096795160042
1.4,6,1.01390548857377,0.998712061890582,1.02933005316264
1.6,6,1.01279691024755,0.998004534803112,1.02780853757278
1.8,6,1.01175371918102,0.997297525088036,1.02641946111946
2,6,1.01078595037386,0.996601106826446,1.02517268993071
2.2,6,1.00990361506691,0.995931617922331,1.02407162637622
2.4,6,1.00911572850413,0.995310112165271,1.02311283796676
2.6,6,1.00842222019067,0.994751497518834,1.02228081758181
2.8,6,1.00781812614982,0.994263951965273,1.02155707585344
3,6,1.00729846991383,0.993852809807457,1.02092603399422
3.2,6,1.00685830700926,0.993520840416,1.02037482169883
3.4,6,1.00649272098592,0.993268549343341,1.01989295650946
3.6,6,1.00619681969458,0.993094497655212,1.01947200629339
3.8,6,1.00596573180954,0.992995610858225,1.01910526341651
4,6,1.00579460359309,0.992967463561701,1.0187874444429
4.2,6,1.00567859589888,0.993004535806071,1.01851441940106
4.4,6,1.00561288141209,0.993100442767602,1.01828296888453
4.6,6,1.0055926421243,0.993248142448973,1.01809056435913
4.8,6,1.00561306704153,0.993440126919241,1.01793516609873
5,6,1.00566935012424,0.993668602309945,1.01781503353151
5.2,6,1.00575668845822,0.993925661496727,1.0177285440595
5.4,6,1.00587028065578,0.994203451443054,1.01767401836916
5.6,6,1.00600532548668,0.994494334760094,1.01764955267613
5.8,6,1.00615702073852,0.994791042399861,1.01765286098595
6,6,1.00632056230654,0.995086811902044,1.01768113295089
6.2,6,1.00649114351284,0.995375503703584,1.0177309148161
6.4,6,1.00666395465505,0.995651687146242,1.01779802182256
6.6,6,1.00683418278484,0.99591068830066,1.01787748995217
6.8,6,1.00699701171637,0.996148593601074,1.01796357302472
7,6,1.00714762226503,0.996362206218239,1.01804978822323
7.2,6,1.00728119271668,0.996548955423468,1.01812900979821
7.4,6,1.0073928995276,0.996706762087812,1.01819360780982
7.6,6,1.00747791825534,0.99683386517315,1.01823562705287
7.8,6,1.0075314634059,0.996928646709122,1.01824704616902
8,6,1.00755120664162,0.996991381463609,1.01822287823061
8.2,6,1.00753870797858,0.99702499860863,1.01816328526545
8.4,6,1.00749587420172,0.997032003332128,1.01806956360593
8.6,6,1.00742461463025,0.997014315856214,1.01794361226531
8.8,6,1.00732684056142,0.996973398233076,1.01778780207557
9,6,1.0072044647502,0.996910371704329,1.01760485456521
9.2,6,1.0070594009249,0.996826125438135,1.01739772976502
9.4,6,1.00689356333899,0.996721417524825,1.0171695220628
9.6,6,1.00670886635904,0.996596968830618,1.01692336350879
9.8,6,1.00650722408897,0.996453549833565,1.01666233444851
10,6,1.00629055003059,0.99629206002275,1.01638938190248
10.2,6,1.00606075678038,0.996113598940746,1.01610724661307
10.4,6,1.00581975576267,0.995919527585844,1.01581840004163
10.6,6,1.00556945699903,0.99571151873891,1.0155249927509
10.8,6,1.00531176891402,0.995491594883269,1.0152288155035
11,6,1.00504859817707,0.995262152745828,1.01493127404762
11.2,6,1.00478184958062,0.99502597405829,1.01463337799009
11.4,6,1.00451342595429,0.99478622283191,1.01433574346247
11.6,6,1.00424522811526,0.994546430145582,1.01403860857923
11.8,6,1.00397915485446,0.994310468049878,1.01374186008439
12,6,1.00371710295884,0.994082514594505,1.01344506917823
12.2,6,1.00346096726947,0.993867012134609,1.0131475343675
12.4,6,1.00321264077535,0.993668620945139,1.01284832930938
12.6,6,1.00297401474309,0.993492169787899,1.01254635400361
12.8,6,1.0027469788822,0.993342604465628,1.01224038829814
13,6,1.00253342154602,0.993224934589263,1.011929147482
13.2,6,1.00233522996829,0.99314417777757,1.01161134074594
13.4,6,1.00215392594591,0.993104434094091,1.01128587972215
13.6,6,1.00198917569832,0.993105225271706,1.01095259864523
13.8,6,1.00184005782428,0.993144375039984,1.01061187747346
14,6,1.00170565198772,0.993219439938517,1.01026437147288
14.2,6,1.00158503901854,0.993327761482194,1.00991095717377
14.4,6,1.00147730078233,0.99346650889689,1.00955268748406
14.6,6,1.00138152005844,0.993632715369137,1.00919075348885
14.8,6,1.0012967804265,0.99382330983215,1.0088264509129
15,6,1.0012221661614,0.994035146059861,1.00846114947384
15.2,6,1.00115676213664,0.994265030682071,1.00809626351268
15.4,6,1.00109965373606,0.994509751649978,1.00773322237184
15.6,6,1.00104992677398,0.994766108650751,1.00737343902215
15.8,6,1.00100666742365,0.995030946963401,1.00701827544612
16,6,1.00096896215409,0.995301196225545,1.0066690033082
16.2,6,1.00093589767525,0.995573915483825,1.00632675853913
16.4,6,1.00090656089151,0.99584634565209,1.00599248871037
16.6,6,1.00088003886355,0.996115970004824,1.0056668925714
16.8,6,1.00085541877846,0.996380582488055,1.00535035196776
17,6,1.00083178792831,0.996638362361976,1.00504285762579
17.2,6,1.00080823369688,0.996887952003447,1.00474393197603
17.4,6,1.0007838435549,0.99712853274256,1.00445255414139
17.6,6,1.00075770506341,0.997359891733683,1.00416709408966
17.8,6,1.00072890588562,0.997582471605494,1.00388526420608
18,6,1.00069653380697,0.997797394598679,1.0036040965772
18.2,6,1.00065967676355,0.99800645449233,1.00331995268497
18.4,6,1.00061742287883,0.998212072714847,1.00302856911519
18.6,6,1.00056886050871,0.998417218645101,1.00272513927424
18.8,6,1.00051309022202,0.998625250964796,1.00240449832258
19,6,1.000449469568,0.998838700357411,1.00206283637262
19.2,6,1.00037760360318,0.999058609340659,1.00169833925089
19.4,6,1.00029710772961,0.999285259695232,1.00130998033273
19.6,6,1.00020759769052,0.999518326417213,1.00089734428766
19.8,6,1.0001086896043,0.999756984483411,1.00046051845176
20,6,1,1,1
20.2,6,0.999881145854148,0.99951661805263,1.00024580660045
20.4,6,0.999751744629174,0.999011469013165,1.00049256879543
20.6,6,0.999611414313196,0.998485863161947,1.00073823425096
20.8,6,0.99945977346127,0.997941280562463,1.00098057693759
21,6,0.999296441238086,0.997379334515673,1.00121723291572
21.2,6,0.999121037462081,0.996801741025913,1.00144573029328
21.4,6,0.998933182650993,0.996210292969624,1.00166351466484
21.6,6,0.998732498068816,0.995606837860417,1.00186797113844
21.8,6,0.998518605774176,0.994993258270695,1.00205644388995
22,6,0.998291128670097,0.99437145409852,1.00222625405604
22.2,6,0.99804969055517,0.993743325959222,1.00237471668629
22.4,6,0.997793916176095,0.993110759035918,1.00249915741978
22.6,6,0.997523431281599,0.992475606742562,1.00259692953232
22.8,6,0.997237862677718,0.991839673537216,1.00266543201622
23,6,0.99693683828442,0.991204696169764,1.0027021294079
23.2,6,0.996619987193581,0.990572322553466,1.0027045741732
23.4,6,0.996286939728275,0.989944087306871,1.00267043260337
23.6,6,0.99593732750338,0.989321382813021,1.00259751537387
23.8,6,0.995570783487492,0.988705424375089,1.00248381418597
24,6,0.995186942066112,0.988097207698709,1.00232754625989
24.2,6,0.994785439847999,0.987497456349822,1.00212721052621
24.4,6,0.994366697707984,0.986906434777686,1.00188335455875
24.6,6,0.993933402744726,0.986323824871888,1.00160168920185
24.8,6,0.993488645827844,0.985749258971651,1.00128879672557
25,6,0.993035512803445,0.985182449856407,1.00095117389934
25.2,6,0.992577084186737,0.984623233861081,1.00059518623105
25.4,6,0.992116434950321,0.984071614950647,1.00022702163592
25.6,6,0.99165663440786,0.983527809312056,0.999852643976552
25.8,6,0.991200746192843,0.982992289279615,0.999477747656858
26,6,0.990751828332117,0.982465824833297,0.999107715029158
26.2,6,0.99031293341391,0.981949520530818,0.998747578752022
26.4,6,0.989887108850024,0.981444845599396,0.998401991371222
26.6,6,0.989477397231946,0.980953655053746,0.998075204255459
26.8,6,0.989086836780616,0.98047820012004,0.997771057605272
27,6,0.988718461889643,0.980021126882534,0.997492982616683
27.2,6,0.9883753037618,0.979585462838222,0.99724401611252
27.4,6,0.988060391138676,0.979174591826006,0.997026827173422
27.6,6,0.98777675112343,0.97879221846901,0.996843754628655
27.8,6,0.987527410096648,0.97844232373388,0.996696853801914
28,6,0.98731539472538,0.978129113413028,0.996587950705558
28.2,6,0.987143733065543,0.977856961266245,0.996518701946693
28.4,6,0.987015455757912,0.977630348249494,0.996490658917618
28.6,6,0.986933597318091,0.977453798770088,0.99650533533231
28.8,6,0.986901197520894,0.977331814307467,0.996564277771238
29,6,0.986921302879739,0.97726880409184,0.996669139544444
29.2,6,0.986996968221742,0.977269011892699,0.996821758823833
29.4,6,0.987131258359348,0.977336437378486,0.997024242587151
29.6,6,0.987327249859491,0.977474750008573,0.997279058417168
29.8,6,0.987587323699782,0.977686397207581,0.997588515824894
30,6,0.987906631391545,0.977965235930454,0.997949084988532
30.2,6,0.988276090248702,0.978300082461223,0.998353826261661
30.4,6,0.988686559137109,0.978679568576941,0.998795871093664
30.6,6,0.989128887602013,0.979092318310085,0.99926834067851
30.8,6,0.989593912487036,0.979527052518725,0.999764232251951
31,6,0.990072455401773,0.979972681961734,1.00027631891026
31.2,6,0.990555321039861,0.980418388051073,1.00079706378301
31.4,6,0.991033296349971,0.980853689540445,1.00131855030739
31.6,6,0.991497150562464,0.981268493020302,1.00183243074243
31.8,6,0.991937636074591,0.981653125228569,1.00232989492306
32,6,0.992345490196959,0.981998345787518,1.00280166065302
32.2,6,0.992711437763685,0.982295339897583,1.00323798621461
32.4,6,0.993026194608054,0.982535691562042,1.00362870442909
32.6,6,0.993280471904722,0.982711338870447,1.00396327674543
32.8,6,0.993464981378487,0.982814513552572,1.00423086514846
33,6,0.993570441378391,0.982837667314162,1.00442041937461
33.2,6,0.993587583814455,0.982773387349868,1.00452077703524
33.4,6,0.993507161952651,0.982614302943774,1.0045207747273
33.6,6,0.993319959061789,0.982352984315734,1.00440936895794
33.8,6,0.993016797903885,0.981981833984446,1.00417576659051
34,6,0.992588551057184,0.981492970039955,1.00380956539067
34.2,6,0.992026152058505,0.980878099999912,1.0033009059618
34.4,6,0.991320607348762,0.980128383536555,1.00264063673825
34.6,6,0.9904630090026,0.979234282522941,1.00182049353394
34.8,6,0.989444548219914,0.978185397858697,1.00083329412318
35,6,0.988256529553723,0.976970294812038,0.999673146043268
35.2,6,0.98689071647558,0.975576646847879,0.998335998932078
35.4,6,0.985365075053301,0.974016557236818,0.996845817374259
35.6,6,0.983741945869583,0.972346018862821,0.995271433511987
35.8,6,0.982087638819613,0.970626697344039,0.993683908511345
36,6,0.980468031862232,0.968921982385665,0.992151668534611
36.2,6,0.978948572154954,0.967297026973968,0.990740465648112
36.4,6,0.977594321094557,0.965818547854023,0.989513670823366
36.6,6,0.976470042809503,0.964554420572179,0.988532864676287
36.8,6,0.975640335775227,0.963573117288975,0.987858676951997
37,6,0.975169807428831,0.962943034708315,0.987551827101422
37.2,6,0.975123291945625,0.962731744054196,0.987674334379633
37.4,6,0.975566111706835,0.963005172353039,0.98829088943033
37.6,6,0.976564383437477,0.963826705032962,0.989470399625423
37.8,6,0.978185370529101,0.965256196674678,0.991287724868803
38,6,0.980497883689085,0.967348904649764,0.993825594155036
38.2,6,0.983572732783597,0.970154436275498,0.997176619002414
38.4,6,0.98748323357523,0.973715934904271,1.00144518707919
38.6,6,0.992305774011514,0.978069904826796,1.00674884717055
38.8,6,0.998120445813554,0.983247200529494,1.0132186736098
39,6,1.00501174836546,0.989275610753984,1.02099819643061
39.2,6,1.01306937334074,0.996183995998414,1.03024095882247
39.4,6,1.02238908015244,1.00400718830641,1.04110751734572
39.6,6,1.03307367421821,1.01279031806937,1.05376324923519
39.8,6,1.04523410223556,1.02259141433489,1.06837815491222
40,6,1.0589906812227,1.0334819824802,1.08512899298466
0,7,1.01750336256118,0.999443634591982,1.03588942586639
0.2,7,1.01659685209736,0.99905582332751,1.03444585934361
0.4,7,1.01569770104717,0.998698850436702,1.03298588905093
0.6,7,1.01481172020234,0.998367649735935,1.03152664024363
0.8,7,1.01394470039186,0.998053812453265,1.03008860106016
1,7,1.01310241340144,0.997747187448716,1.02869395469238
1.2,7,1.01229061322246,0.997437532353215,1.02736487487161
1.4,7,1.01151503762868,0.99711624185716,1.02612175832507
1.6,7,1.0107814100792,0.99677808071065,1.02498146651989
1.8,7,1.01009544194642,0.996422732972893,1.02395576503641
2,7,1.00946283506832,0.996055893340918,1.02305023462714
2.2,7,1.00888928462432,0.995689628618145,1.02226392580025
2.4,7,1.00837989874865,0.995341247428775,1.02158935222174
2.6,7,1.00793437880618,0.995025632339816,1.02101059405919
2.8,7,1.00754950864004,0.994752906610386,1.02051072745284
3,7,1.00722205927255,0.994530337936357,1.0200757462968
3.2,7,1.00694881602286,0.994362586301332,1.0196943570266
3.4,7,1.00672657674092,0.994252002668851,1.01935766545702
3.6,7,1.00655215014591,0.994198950260275,1.01905884199347
3.8,7,1.00642235426825,0.994202116707617,1.01879279690644
4,7,1.00633401499394,0.994258801478275,1.01855588125356
4.2,7,1.00628396471064,0.994365173719793,1.01834561828601
4.4,7,1.00626904105476,0.994516502070866,1.01816046377993
4.6,7,1.00628608575883,0.99470736128363,1.01799959043742
4.8,7,1.00633194359883,0.994931821730288,1.01786269027581
5,7,1.00640346144105,0.995183627714559,1.01774978907815
5.2,7,1.00649748738812,0.995456369376104,1.01766106811242
5.4,7,1.00661087002412,0.995743651082907,1.01759669022118
5.6,7,1.00674045775853,0.996039256708661,1.01755662988321
5.8,7,1.00688309826892,0.996337309295182,1.01754050974645
6,7,1.00703563804254,0.996632419639165,1.01754744909353
6.2,7,1.00719492201651,0.996919815805914,1.01757593223862
6.4,7,1.00735779331699,0.997195444032572,1.01762370639485
6.6,7,1.00752109309717,0.997456031438279,1.01768771859748
6.8,7,1.00768166047431,0.997699102625046,1.01776409960136
7,7,1.0078363325659,0.99792294539974,1.01784819952508
7.2,7,1.00798194462504,0.998126524775467,1.01793467608591
7.4,7,1.00811533027511,0.99830934812134,1.01801763255869
7.6,7,1.00823332184395,0.998471286830911,1.01809080008991
7.8,7,1.0083327724896,0.998612376997011,1.01814778536398
8,7,1.00841191200362,0.998733552332293,1.01818406110027
8.2,7,1.00847114966719,0.998836782804881,1.01819844565109
8.4,7,1.00851108878905,0.998923450628379,1.01819074882131
8.6,7,1.00853233390552,0.998994331303862,1.01816140158211
8.8,7,1.00853549066648,0.999049721126886,1.01811132561709
9,7,1.00852116572478,0.999089555620579,1.01804181216076
9.2,7,1.00848996662926,0.99911351951605,1.01795440950946
9.4,7,1.00844250172134,0.999121149095989,1.01785081838988
9.6,7,1.00837938003519,0.999111927496864,1.01773279459057
9.8,7,1.0083012112015,0.999085373102434,1.01760205872435
10,7,1.00820860535493,0.999041120599638,1.01746021355119
10.2,7,1.00810217304509,0.998978993732381,1.01730866982623
10.4,7,1.00798252515132,0.998899068388618,1.01714858203787
10.6,7,1.00785027280099,0.998801724478555,1.01698079557814
10.8,7,1.00770602729153,0.998687685159236,1.01680580679011
11,7,1.0075504000162,0.998558042338879,1.01662373695878
11.2,7,1.00738400239336,0.998414268004788,1.01643432070144
11.4,7,1.00720744579967,0.998258211666773,1.01623690846525
11.6,7,1.00702134150675,0.998092084968864,1.01603048207891
11.8,7,1.00682630062172,0.997918435168908,1.0158136816583
12,7,1.00662293403128,0.997740109614938,1.0155848417368
12.2,7,1.00641185234963,0.997560213497761,1.01534203434036
12.4,7,1.00619366586998,0.997382063016791,1.01508311686955
12.6,7,1.00596898451978,0.997209135684049,1.01480578306333
12.8,7,1.00573841781969,0.997045018851088,1.01450761595904
13,7,1.00550257484618,0.996893356711474,1.0141861425955
13.2,7,1.00526206419785,0.996757795011834,1.01383889122564
13.4,7,1.00501752448838,0.996641467035973,1.01346397670235
13.6,7,1.00476974907541,0.996545016639555,1.01306236226177
13.8,7,1.00451957984722,0.996468058080835,1.01263615839313
14,7,1.0042678578977,0.996409944388321,1.01218774068495
14.2,7,1.00401542348976,0.996369818729151,1.0117196964989
14.4,7,1.00376311604587,0.996346656580307,1.01123478106729
14.6,7,1.0035117741456,0.996339301365085,1.01073588030615
14.8,7,1.0032622355302,0.996346495557366,1.01022597834099
15,7,1.00301533711414,0.996366909001709,1.00970812799693
15.2,7,1.00277191500369,0.996399166039056,1.00918542266298
15.4,7,1.00253280452239,0.99644187294826,1.00866096801988
15.6,7,1.00229884024361,0.996493647191199,1.0081378521432
15.8,7,1.00207085602992,0.996553149955343,1.00761911248741
16,7,1.00184968507953,0.996619123481158,1.00710769826295
16.2,7,1.00163615997956,0.996690434583678,1.00660642679658
16.4,7,1.00143111276635,0.996766125546532,1.00611793269616
16.6,7,1.00123537499254,0.996845473080697,1.0056446091272
16.8,7,1.00104977780125,0.99692805519015,1.00518854135848
17,7,1.00087515200701,0.997013824489684,1.00475143403131
17.2,7,1.00071232818368,0.997103184777617,1.00433453534917
17.4,7,1.00056213675931,0.997197065636879,1.00393856341422
17.6,7,1.00042540811784,0.997296987898396,1.00356364187647
17.8,7,1.00030297270777,0.99740511153398,1.00320925332846
18,7,1.00019566115774,0.997524257602039,1.00287421882213
18.2,7,1.00010430439909,0.997657897674911,1.00255671007929
18.4,7,1.00002973379529,0.997810107569279,1.00225429757459
18.6,7,0.99997278127842,0.99798548610895,1.00196403376205
18.8,7,0.999934211814019,0.998188919359441,1.00168255584099
19,7,0.999913334938353,0.998422785149111,1.00140610997596
19.2,7,0.999908058543154,0.998686384509646,1.00113122702724
19.4,7,0.999916234416206,0.998978218423368,1.00085513118301
19.6,7,0.999935714880393,0.999296204862139,1.00057563415975
19.8,7,0.999964352527807,0.99963778274536,1.00029102899672
20,7,1,1,1
20.2,7,1.00004050981437,0.99970154774402,1.0003795868143
20.4,7,1.00008373423665,0.999394927266939,1.00077301594866
20.6,7,1.00012752519957,0.999079597382204,1.00117655218132
20.8,7,1.00016973426757,0.998755179108606,1.00158629288678
21,7,1.00020821264774,0.998421421432348,1.00199820153375
21.2,7,1.00024081124688,0.998078172864818,1.00240813563942
21.4,7,1.00026538077474,0.99772535750108,1.00281187047543
21.6,7,1.00027977189341,0.997362954494205,1.00320511961119
21.8,7,1.00028183541295,0.996990980031652,1.00358355320861
22,7,1.00026942253312,0.99660947103059,1.00394281485212
22.2,7,1.00024038513125,0.996218469861221,1.0042785376052
22.4,7,1.0001925760963,0.995818009462724,1.00458635992926
22.6,7,1.00012384970883,0.995408098237089,1.00486194207972
22.8,7,1.000032062067,0.994988704091615,1.00510098360866
23,7,0.999915071558471,0.994559736949485,1.00529924265431
23.2,7,0.999770739377891,0.994121028955417,1.00545255779017
23.4,7,0.999596930090082,0.993672311463336,1.00555687334595
23.6,7,0.999391512238514,0.993213187695869,1.00560826930967
23.8,7,0.999152358998936,0.992743099699054,1.00560299718605
24,7,0.998877348877882,0.992261287865389,1.0055375235365
24.2,7,0.998564367653713,0.991766741194632,1.0054085854367
24.4,7,0.998212571965482,0.991258521904475,1.00521540729409
24.6,7,0.997824783623056,0.990736597390687,1.00496368200656
24.8,7,0.997404482642263,0.990201144180134,1.00466022266473
25,7,0.996955146658259,0.989652407745584,1.0043117731735
25.2,7,0.996480249858755,0.989090743206927,1.00392496358732
25.4,7,0.995983262037982,0.988516657363436,1.00350626453339
25.6,7,0.995467647771305,0.987930851682179,1.00306194109841
25.8,7,0.994936865710294,0.987334265125833,1.00259800729519
26,7,0.994394367997999,0.986728115101566,1.00212018282702
26.2,7,0.993843599804097,0.986113934389361,1.00163385429008
26.4,7,0.993287998979554,0.985493601717887,1.00114404314442
26.6,7,0.992730995830377,0.984869363742542,1.00065538269703
26.8,7,0.992176013010023,0.984243846553361,1.00017210596713
27,7,0.991626465530009,0.983620055461166,0.999698045683414
27.2,7,0.991085760888264,0.983001362590558,0.999236646882045
27.4,7,0.990557299314764,0.982391482625718,0.998790991757395
27.6,7,0.99004447413402,0.981794437778799,0.998363835693422
27.8,7,0.989550672244019,0.981214513570787,0.997957652883766
28,7,0.989079274711233,0.980656207263381,0.997574689700155
28.2,7,0.988633657481405,0.980124170741659,0.997217024007749
28.4,7,0.988217192205844,0.979623149351301,0.99688662892244
28.6,7,0.987833247183061,0.979157917702319,0.996585439997326
28.8,7,0.987485188415648,0.978733212837773,0.996315425439555
29,7,0.987176380782408,0.978353664502268,0.996078659622983
29.2,7,0.986910189325844,0.978023721591552,0.995877400816191
29.4,7,0.986689980655239,0.977747573271643,0.995714174638977
29.6,7,0.98651912446568,0.977529062772064,0.995591865245098
29.8,7,0.986400469734296,0.977370986976337,0.995513371746523
30,7,0.986331507155147,0.977269496784451,0.995477547603757
30.2,7,0.986306597694998,0.977216857654561,0.995480887416865
30.4,7,0.986320069789585,0.977205187613931,0.995519971036083
30.6,7,0.98636625651953,0.977226623905883,0.99559136867525
30.8,7,0.986439493567612,0.97727343077163,0.995691526885799
31,7,0.986534117502034,0.977338094426331,0.995816668301246
31.2,7,0.986644464385252,0.977413404110825,0.995962706269253
31.4,7,0.986764868708144,0.977492517237442,0.996125176352708
31.6,7,0.986889662649523,0.977569006380144,0.996299186950442
31.8,7,0.98701317566113,0.977636886177639,0.996479390970581
32,7,0.987129734378339,0.977690619023115,0.99665997968506
32.2,7,0.987233662856843,0.977725099518618,0.996834698789667
32.4,7,0.987319283135584,0.977735618834863,0.996996885531287
32.6,7,0.987380916126132,0.977717811097022,0.997139524783941
32.8,7,0.987412882828568,0.977667584526554,0.997255321345209
33,7,0.987409505873811,0.977581040211858,0.997336785581143
33.2,7,0.987365111392056,0.97745438105916,0.997376329868066
33.4,7,0.987274031206735,0.977283812773562,0.997366373979878
33.6,7,0.987130605353111,0.977065437771691,0.997299458516402
33.8,7,0.986929184920182,0.976795141882602,0.997168366511266
34,7,0.986664135214196,0.976468472702239,0.996966254347092
34.2,7,0.986329839241562,0.976080507678459,0.996686793891762
34.4,7,0.985920701508428,0.975625709587977,0.996324328182556
34.6,7,0.985431152133594,0.97509776725129,0.995874042797484
34.8,7,0.984855651270841,0.974489420447772,0.995332153933934
35,7,0.984188693836014,0.973792270514591,0.994696111689999
35.2,7,0.983425027852214,0.972996790625229,0.993965031256344
35.4,7,0.982576271380206,0.97210860363219,0.993156654999343
35.6,7,0.981682713142675,0.971161658407948,0.99231774745204
35.8,7,0.9807873077108,0.970194308870581,0.991495965469448
36,7,0.97993285528614,0.969246951297945,0.990736570884567
36.2,7,0.979162010224399,0.968362083695113,0.990082385927606
36.4,7,0.978517308175539,0.967584090395336,0.989574065865313
36.6,7,0.97804121175065,0.966958784872841,0.989250655609353
36.8,7,0.97777617467042,0.966532761947226,0.989150378955619
37,7,0.977764724417007,0.96635261125283,0.98931160860095
37.2,7,0.978049563500718,0.966464028455798,0.989773980716443
37.4,7,0.978673689565309,0.966910837708927,0.990579641155813
37.6,7,0.979680534691514,0.967733920385237,0.991774629199091
37.8,7,0.98111412441828,0.968970045061837,0.993410405242835
38,7,0.983019257186323,0.970650627584352,0.9955454955034
38.2,7,0.985441705120577,0.972800533770127,0.998247143664109
38.4,7,0.988428437308899,0.975437177256156,1.00159272012691
38.6,7,0.992027867006725,0.978570331228783,1.00567047407023
38.8,7,0.996290124504424,0.982203161871304,1.01057912529414
39,7,1.00126735773993,0.986334828218421,1.0164259569809
39.2,7,1.0070140631288,0.99096445872907,1.02332360601484
39.4,7,1.01358744952291,0.996095584273029,1.0313864794212
39.6,7,1.02104783870478,1.00173969978176,1.04072813441539
39.8,7,1.02945910638509,1.00791797035146,1.05146061772233
40,7,1.03888916830682,1.01466099296714,1.06369586640864
0,8,1.01483130523587,0.996146643770059,1.03386643375015
0.2,8,1.01437013808171,0.996178803206899,1.03289366699987
0.4,8,1.01392749117717,0.996253465825987,1.03191506241082
0.6,8,1.01350416816149,0.996360968194421,1.03094233081226
0.8,8,1.01310097236495,0.996488259814034,1.0299906397275
1,8,1.0127187069675,0.996620548558017,1.02907689483809
1.2,8,1.01235817516402,0.996742974477541,1.02821800711325
1.4,8,1.01202018033601,0.996842330739838,1.02742912677795
1.6,8,1.01170552622977,0.996908756674608,1.02672191908326
1.8,8,1.01141501714119,0.996937223043778,1.02610306171083
2,8,1.01114945810707,0.996928557186869,1.02557321611419
2.2,8,1.01090965510301,0.996889763920486,1.0251267168814
2.4,8,1.01069627551386,0.9968333411529,1.02475200132869
2.6,8,1.01050869299402,0.996773337592698,1.024433319096
2.8,8,1.01034558175346,0.996721264552822,1.02415613158079
3,8,1.01020561175775,0.996685845959689,1.0239087694119
3.2,8,1.01008745535531,0.996673252311757,1.02368219985803
3.4,8,1.00998978698302,0.99668739746458,1.02346971819341
3.6,8,1.00991128288946,0.996730253949104,1.02326662130144
3.8,8,1.00985062087562,0.996802158849876,1.02306989148131
4,8,1.00980648005309,0.996902096612088,1.02287790408168
4.2,8,1.00977754061952,0.997027954666197,1.02269016306668
4.4,8,1.00976248365155,0.997176753388273,1.02250706299121
4.6,8,1.00975999091494,0.997344854755068,1.02232967302261
4.8,8,1.00976874469194,0.997528155001177,1.022159537698
5,8,1.009787427626,0.997722266251402,1.02199848944196
5.2,8,1.00981472258358,0.997922690859144,1.02184846911201
5.4,8,1.0098493125332,0.998124990267695,1.02171135275379
5.6,8,1.0098898804417,0.99832494782792,1.02158878513206
5.8,8,1.00993510918766,0.998518722405976,1.02148202320357
6,8,1.00998368149201,0.998702987152956,1.02139179516034
6.2,8,1.01003427986578,0.998875045928864,1.02131818255137
6.4,8,1.01008558657513,0.999032919028249,1.02126053383631
6.6,8,1.01013628362348,0.999175390362976,1.02121741721639
6.8,8,1.01018505275085,0.999302010153707,1.02118661869225
7,8,1.01023057545045,0.999413050129963,1.02116518834953
7.2,8,1.01027153300243,0.999509411571419,1.02114953454058
7.4,8,1.01030660652487,0.999592489412278,1.02113556274111
7.6,8,1.01033447704193,0.999663997329785,1.0211188541612
7.8,8,1.01035383234492,0.999725759869522,1.02109489173041
8,8,1.01036379038537,0.999779493926418,1.021060138884
8.2,8,1.01036414982002,0.999826404567179,1.02101295842797
8.4,8,1.01035476976587,0.999866988073992,1.02095255965496
8.6,8,1.01033550962408,0.999901151329581,1.02087875451489
8.8,8,1.01030622909369,0.999928339271697,1.02079182723129
9,8,1.01026678818541,0.999947652843313,1.02069241365617
9.2,8,1.0102170472357,0.999957958288704,1.02058138951375
9.4,8,1.01015686692092,0.999957988705632,1.02045976662314
9.6,8,1.01008610827176,0.999946438474841,1.02032859647937
9.8,8,1.01000463268774,0.99992205070366,1.02018888105611
10,8,1.00991230195199,0.999883697267833,1.02004149124633
10.2,8,1.00980897824613,0.99983045052516,1.01988709386765
10.4,8,1.00969452416531,0.999761645401858,1.01972608853145
10.6,8,1.00956880273348,0.999676930393224,1.01955855583443
10.8,8,1.00943167741881,0.999576306117819,1.0193842182334
11,8,1.00928301214919,0.999460150420652,1.01920241460775
11.2,8,1.00912267132804,0.999329229590757,1.01901208894417
11.4,8,1.00895051985013,0.999184695954741,1.01881179288194
11.6,8,1.00876642311766,0.999028072818275,1.01859970114644
11.8,8,1.00857024705647,0.998861228335961,1.01837363829023
12,8,1.00836185813236,0.998686340301457,1.01813111474942
12.2,8,1.00814112336764,0.998505854004825,1.01786937006787
12.4,8,1.00790791035775,0.998322435184687,1.01758542126102
12.6,8,1.00766208728809,0.998138919724658,1.01727611466938
12.8,8,1.00740352295093,0.997958261139381,1.01693818025542
13,8,1.00713208676253,0.997783476093271,1.01656828810004
13.2,8,1.00684764878034,0.997617587194822,1.0161631078548
13.4,8,1.00655031469587,0.997463288061023,1.01572012538307
13.6,8,1.00624138612699,0.997321702597807,1.01524084407005
13.8,8,1.00592254281241,0.997193207577491,1.01472829382419
14,8,1.00559546285784,0.997077908522752,1.01418577854008
14.2,8,1.0052618224305,0.996975692693748,1.01361682039195
14.4,8,1.00492329563608,0.996886272967472,1.01302511379353
14.6,8,1.00458155442356,0.996809225136682,1.01241448618182
14.8,8,1.00423826851793,0.99674402062864,1.01178886362402
15,8,1.00389510538068,0.996690056395869,1.0111522394952
15.2,8,1.00355373019797,0.996646683574143,1.01050864463077
15.4,8,1.00321580589651,0.996613236419873,1.00986211744087
15.6,8,1.00288299318692,0.996589063009273,1.00921667250346
15.8,8,1.00255695063477,0.99657355917716,1.0085762661574
16,8,1.00223933475889,0.996566207154517,1.00794475763535
16.2,8,1.00193180015723,0.996566620274893,1.0073258643656
16.4,8,1.00163599966,0.996574594884358,1.00672311030697
16.6,8,1.00135358451011,0.996590170113585,1.0061397666575
16.8,8,1.00108620457089,0.996613695353743,1.00557878509429
17,8,1.00083550856106,0.99664590404463,1.00504272493536
17.2,8,1.00060314431687,0.996687990733333,1.00453367726459
17.4,8,1.00039075908149,0.996741686435332,1.00405319098747
17.6,8,1.00019999982156,0.996809325462763,1.00360220765252
17.8,8,1.00003251357106,0.996893895601905,1.00318101315631
18,8,0.999889947802372,0.996999063422051,1.00278921455015
18.2,8,0.999773950824653,0.997129167998197,1.00242574866624
18.4,8,0.999686172209663,0.99728917932952,1.00208892628223
18.6,8,0.999628263245008,0.997484621277624,1.0017765120011
18.8,8,0.999601779714359,0.997721306852463,1.00148579683071
19,8,0.999606177743331,0.998001889712526,1.00121304466714
19.2,8,0.999638891329809,0.99832528781341,1.00095422329506
19.4,8,0.999697274474797,0.998689571815558,1.00070599393113
19.6,8,0.999778682681077,0.999092208445416,1.0004656285918
19.8,8,0.999880472308599,0.999530165267322,1.00023090212258
20,8,1,1,1
20.2,8,1.00013462217615,0.999771441039289,1.0004979352437
20.4,8,1.00028169460165,0.999544013304898,1.00101992032034
20.6,8,1.00043857202033,0.999316721245997,1.00156168220435
20.8,8,1.00060260786067,0.999088742111098,1.00211876749006
21,8,1.00077115401124,0.99885938987299,1.00268657716512
21.2,8,1.00094156066622,0.998628085123167,1.00326039573117
21.4,8,1.00111117624102,0.998394329622584,1.00383541598592
21.6,8,1.0012773473581,0.99815768439809,1.00440676057815
21.8,8,1.00143741890316,0.997917750440891,1.00496950128039
22,8,1.00158873415159,0.997674151192131,1.00551867679509
22.2,8,1.00172863496541,0.997426516091696,1.00604930981945
22.4,8,1.00185446206078,0.997174464521064,1.00655642403876
22.6,8,1.00196355534594,0.996917589490317,1.00703506169927
22.8,8,1.00205325432983,0.996655440403132,1.00748030242713
23,8,1.00212089860121,0.996387504179424,1.00788728401442
23.2,8,1.00216382837837,0.996113183919406,1.00825122598844
23.4,8,1.0021793851292,0.995831774148442,1.00856745692495
23.6,8,1.00216491226172,0.995542431480294,1.00883144666688
23.8,8,1.00211775588462,0.995244139265626,1.00903884488105
24,8,1.0020352656379,0.994935664439831,1.00918552773695
24.2,8,1.00191479672086,0.994615504575798,1.00926765696894
24.4,8,1.00175489990499,0.994282098497272,1.00928386521323
24.6,8,1.0015575778239,0.993934458126739,1.0092391641065
24.8,8,1.00132545609958,0.993571753608227,1.00913966745917
25,8,1.00106116175509,0.993193235757604,1.00899141626759
25.2,8,1.00076732234006,0.992798279775178,1.00880033121178
25.4,8,1.00044656512456,0.992386430011758,1.00857216443163
25.6,8,1.00010151636162,0.991957445324298,1.00831245104654
25.8,8,0.999734800618283,0.991511343798087,1.00802646164259
26,8,0.999349040175418,0.991048445018032,1.00771915754467
26.2,8,0.998946854496157,0.990569407677593,1.00739515108522
26.4,8,0.998530859762922,0.990075260169199,1.00705867322499
26.6,8,0.998103668482968,0.989567421939328,1.00671355074201
26.8,8,0.997667889162298,0.989047713813841,1.00636319478202
27,8,0.997226126047793,0.988518356155293,1.00601060190739
27.2,8,0.996780978937404,0.987981954509652,1.00565836798561
27.4,8,0.996335043058192,0.987441473211317,1.00530871444705
27.6,8,0.995890909012031,0.986900198116507,1.00496352574014
27.8,8,0.99545116278876,0.986361690123445,1.00462439632411
28,8,0.995018385846567,0.98582973135447,1.00429268532247
28.2,8,0.994595155259421,0.985308265811071,1.00396957702493
28.4,8,0.994184043931321,0.984801336001652,1.00365614573656
28.6,8,0.993787620877214,0.98431301654554,1.00335342396958
28.8,8,0.993408451570382,0.983847345147062,1.00306247358319
29,8,0.993049098356176,0.98340825067859,1.00278446013193
29.2,8,0.992712120931975,0.982999477467528,1.00252073132746
29.4,8,0.992400076893278,0.982624504295656,1.00227290110552
29.6,8,0.992115522345896,0.982286456133348,1.00204294127624
29.8,8,0.991860695064544,0.981987598957726,1.00183305721794
30,8,0.991634591586927,0.981725555094798,1.00164364483393
30.2,8,0.991434316144581,0.981495228476805,1.00147405174298
30.4,8,0.991256953589862,0.98129138175526,1.00132373147176
30.6,8,0.991099592581551,0.981108790114092,1.00119213313856
30.8,8,0.990959324955939,0.980942350634696,1.00107858844279
31,8,0.99083324518345,0.980787178658027,1.00098221216968
31.2,8,0.990718449910597,0.98063869029045,1.00090181706225
31.4,8,0.990612037587112,0.980492669326429,1.00083584478671
31.6,8,0.990511108178118,0.980345316527622,1.00078231505133
31.8,8,0.990412762961253,0.980193279404209,1.00073879473319
32,8,0.990314104408654,0.980033661312201,1.00070238819919
32.2,8,0.990212236153731,0.979864009655292,1.00066974903335
32.4,8,0.990104263042692,0.979682284052692,1.00063711230955
32.6,8,0.989987291270723,0.979486806286508,1.00060034559655
32.8,8,0.989858428602789,0.979276194491574,1.00055501623287
33,8,0.989714784678939,0.979049284288355,1.00049647217104
33.2,8,0.989553471404036,0.978805039363863,1.0004199338861
33.4,8,0.989371603421763,0.978542453431536,1.0003205954169
33.6,8,0.989166298672733,0.978260444656869,1.00019373345215
33.8,8,0.988934679036505,0.97795774265326,1.00003482435517
34,8,0.988673871057232,0.977632767169173,0.999839670003763
34.2,8,0.988381006752631,0.977283496740311,0.999604534168177
34.4,8,0.988053224505898,0.976907325019761,0.999326291710173
34.6,8,0.987687670040105,0.976500902418248,0.999002592965777
34.8,8,0.987281497474577,0.976059961362954,0.998632044997066
35,8,0.986831870462625,0.975579125318696,0.998214409561742
35.2,8,0.986336078407168,0.975051814513195,0.997750934962714
35.4,8,0.985800495947011,0.974478807271124,0.997253722254621
35.6,8,0.985246963973697,0.9738758374869,0.996750861510562
35.8,8,0.984698787852248,0.973261627917549,0.99627035011374
36,8,0.984179221503305,0.972656831208724,0.995838109557262
36.2,8,0.983711471413166,0.97208411292595,0.99547790785011
36.4,8,0.983318706124751,0.971567971156663,0.995211561640643
36.6,8,0.983024071194288,0.971134313370183,0.995059397287549
36.8,8,0.982850709606551,0.970809828160172,0.995040933201928
37,8,0.982821787653192,0.970621193972776,0.995175741354057
37.2,8,0.982960526294003,0.970594158639592,0.995484454188811
37.4,8,0.983290238039871,0.970752508387767,0.995989898424547
37.6,8,0.983834369418837,0.971116933047244,0.996718349264611
37.8,8,0.984616549113012,0.971703797881084,0.99770089496538
38,8,0.985660641884375,0.972523865805671,0.998974868503688
38.2,8,0.986990808441706,0.97358108977464,1.00058522723968
38.4,8,0.988631571439331,0.974871716305308,1.002585640448
38.6,8,0.990607887841233,0.976384077573753,1.00503890834818
38.8,8,0.992945227931618,0.978099511473424,1.00801627452706
39,8,0.995669661305662,0.979994694334691,1.01159534860294
39.2,8,0.998807950232265,0.982045209907069,1.01585681736749
39.4,8,1.0023876508447,0.984229556404642,1.02088074476891
39.6,8,1.00643722268566,0.986532429136732,1.02674362574537
39.8,8,1.01098614721119,0.988946369125201,1.03351710645041
40,8,1.01606505594357,0.99147161286516,1.04126853912257
0,9,1.01212701576362,0.993587237957337,1.03101273537348
0.2,9,1.01201420336058,0.99396843698424,1.03038759551656
0.4,9,1.0119313559778,0.994416418169254,1.02975478934296
0.6,9,1.01187471686137,0.994916143647112,1.02912235283463
0.8,9,1.01184053234136,0.995448430893058,1.02850256338276
1,9,1.01182505092974,0.995991687590776,1.0279101185728
1.2,9,1.01182452255755,0.996523686838738,1.0273602905482
1.4,9,1.01183519795134,0.997023454414816,1.02686698420162
1.6,9,1.01185332814853,0.997473232223824,1.02644073505875
1.8,9,1.01187516415172,0.997860339105341,1.0260868256825
2,9,1.01189695672194,0.998178619490082,1.02580383012631
2.2,9,1.0119149563108,0.998429126617001,1.02558293974759
2.4,9,1.01192567614286,0.998620076172419,1.02540855974178
2.6,9,1.01192806770495,0.998766392398576,1.02526318666961
2.8,9,1.01192240425866,0.99888289357201,1.02513213393699
3,9,1.01190897231449,0.998981490131159,1.02500374468013
3.2,9,1.01188805855112,0.999071333600445,1.02486920463263
3.4,9,1.01185994979382,0.999159092766891,1.02472225435236
3.6,9,1.01182493299369,0.999249273522251,1.02455885849076
3.8,9,1.01178329520765,0.999344541992045,1.02437687248548
4,9,1.01173532357929,0.999446029039544,1.02417572859014
4.2,9,1.01168130532054,0.999553607221054,1.02395615016646
4.4,9,1.01162152769406,0.9996661393958,1.02371989503674
4.6,9,1.01155627799656,0.999781702686804,1.02346952420152
4.8,9,1.01148584354286,0.999897793486294,1.02320819022953
5,9,1.0114105116508,1.00001151951757,1.02293943930889
5.2,9,1.01133056962692,1.00011978410501,1.02266702180798
5.4,9,1.011246304753,1.00021946604262,1.02239470795604
5.6,9,1.01115800427338,1.00030759597068,1.02212610773386
5.8,9,1.01106595538315,1.0003815271785,1.02186449705646
6,9,1.01097044521705,1.00043909558373,1.02161265549706
6.2,9,1.01087176083933,1.00047876080083,1.0213727236393
6.4,9,1.01077018923428,1.00049971832255,1.02114609003352
6.6,9,1.01066601729767,1.00050197248096,1.02093331808976
6.8,9,1.01055953182896,1.00048636134184,1.02073412175325
7,9,1.01045101952435,1.00045452786183,1.02054739563216
7.2,9,1.01034076697063,1.00040883581451,1.02037130107082
7.4,9,1.01022906063983,1.00035223310766,1.02020340554525
7.6,9,1.01011618688472,1.0002880680518,1.02004086982039
7.8,9,1.01000242830348,1.00021985678023,1.01988067749695
8,9,1.00988783689225,1.00015045212072,1.01972002406274
8.2,9,1.0097720999825,1.00008123715921,1.01955686799947
8.4,9,1.00965487280267,1.00001276127034,1.01938995346339
8.6,9,1.00953581074715,0.999944944311878,1.01921866696597
8.8,9,1.00941456938206,0.999877207384095,1.01904290382466
9,9,1.00929080445203,0.999808594317039,1.0188629441091
9.2,9,1.00916417188826,0.99973788442748,1.0186793375407
9.4,9,1.00903432781771,0.999663697348139,1.01849279654292
9.6,9,1.00890092857348,0.999584590546919,1.01830409682437
9.8,9,1.00876363070636,0.999499149705557,1.01811398532521
10,9,1.00862209099753,0.99940607156604,1.01792309591849
10.2,9,1.00847596647246,0.999304238309775,1.01773187380127
10.4,9,1.00832491441591,0.999192782122577,1.01754050992247
10.6,9,1.00816859238822,0.999071138408275,1.01734888698455
10.8,9,1.00800665824261,0.998939086200619,1.01715653846922
11,9,1.00783877014374,0.998796774694152,1.01696262176647
11.2,9,1.00766458658742,0.998644735423184,1.01676590587755
11.4,9,1.00748376642141,0.998483880368451,1.01656477341238
11.6,9,1.00729596886745,0.99831548703829,1.0163572358341
11.8,9,1.00710085354439,0.998141172226148,1.0161409602489
12,9,1.00689808049251,0.997962856584079,1.01591330560115
12.2,9,1.0066873101989,0.997782722309429,1.01567136597623
12.4,9,1.0064682036241,0.997603166103941,1.01541201885158
12.6,9,1.00624042222976,0.997426749153951,1.01513197654662
12.8,9,1.00600362800749,0.997256145239227,1.01482783976374
13,9,1.00575748350886,0.99709408724263,1.01449615294723
13.2,9,1.00550165187644,0.996943311309092,1.01413346221127
13.4,9,1.00523602821373,0.996806237228273,1.01373710825558
13.6,9,1.00496168509815,0.996683787504353,1.01330833427537
13.8,9,1.00468006761864,0.99657616793784,1.01284986611595
14,9,1.00439261958476,0.9964833213081,1.0123646956299
14.2,9,1.00410078328058,0.996404979020064,1.01185602662909
14.4,9,1.00380599939138,0.996340703612245,1.01132723049552
14.6,9,1.00350970695113,0.996289924664903,1.01078180860239
14.8,9,1.00321334331053,0.996251970112247,1.01022335954116
15,9,1.00291834412575,0.996226094705099,1.00965554940788
15.2,9,1.00262614336765,0.996211507209518,1.00908208356287
15.4,9,1.00233817335153,0.996207397845159,1.0085066783592
15.6,9,1.00205586478743,0.996212967443476,1.00793303135943
15.8,9,1.00178064685077,0.996227459812398,1.00736478855314
16,9,1.00151394727349,0.99625019879097,1.00680550709108
16.2,9,1.00125719245549,0.996280631407067,1.00625861212214
16.4,9,1.0010118075964,0.996318378334297,1.00572734653621
16.6,9,1.00077921684775,0.996363292379969,1.0052147128805
16.8,9,1.00056084348534,0.996415524915484,1.00472340753725
17,9,1.00035811010193,0.996475598897928,1.00425574851353
17.2,9,1.00017243882019,0.996544485420033,1.00381359990558
17.4,9,1.00000525152598,0.996623678710152,1.00339829811566
17.6,9,0.999857970121801,0.996715262543611,1.0030105868599
17.8,9,0.999732016800707,0.996821959691421,1.00265056934119
18,9,0.999628814340424,0.996947155972234,1.00231768602134
18.2,9,0.999549786417931,0.997094892138702,1.00201072476174
18.4,9,0.999496357944449,0.997269820101615,1.00172786682989
18.6,9,0.999469955420943,0.997477123847792,1.00146676841641
18.8,9,0.999471927507196,0.997722273502592,1.00122464978963
19,9,0.999501907853058,0.998007990296481,1.00099806165392
19.2,9,0.999557878221195,0.998333681439517,1.00078357616204
19.4,9,0.999637754892616,0.998697944872817,1.00057844930682
19.6,9,0.999739455300449,0.999098795039725,1.00038052637697
19.8,9,0.999860897552943,0.999533766187198,1.00018813598354
20,9,1,1,1
20.2,9,1.00015468084316,0.999815158425343,1.00049431855776
20.4,9,1.00032285778904,0.999632907374916,1.00101328440955
20.6,9,1.00050244774613,0.99945274816439,1.00155324980041
20.8,9,1.00069136656506,0.999274345513592,1.00211039702332
21,9,1.00088752882223,0.999097493095957,1.00268077167086
21.2,9,1.00108884764696,0.998922084901698,1.00326031031914
21.4,9,1.00129323459205,0.998748091119271,1.00384486393984
21.6,9,1.00149859954795,0.998575537446961,1.00443021812937
21.8,9,1.00170285070056,0.998404486915679,1.00501211107474
22,9,1.00190389453259,0.998235023433606,1.00558625004638
22.2,9,1.00209963586875,0.998067236354412,1.006148327117
22.4,9,1.00228797796469,0.997901205425399,1.00669403475096
22.6,9,1.00246682263976,0.997736985491188,1.00721908188932
22.8,9,1.0026340704537,0.997574590312384,1.00771921117174
23,9,1.00278762092727,0.997413974804936,1.00819021799011
23.2,9,1.00292537280677,0.997255014910337,1.0086279721642
23.4,9,1.00304522437267,0.997097484162469,1.00902844317365
23.6,9,1.0031450737921,0.996941025814212,1.00938773008313
23.8,9,1.00322281951536,0.996785119113138,1.00970209757126
24,9,1.00327636071634,0.996629037955902,1.00996801983284
24.2,9,1.00330359852002,0.996471799579348,1.0101822361939
24.4,9,1.00330322028975,0.996312007468217,1.01034349109347
24.6,9,1.0032761876757,0.996147774318776,1.01045561181466
24.8,9,1.00322387335215,0.995977173461648,1.0105233000126
25,9,1.00314765168963,0.995798350957866,1.01055119254059
25.2,9,1.00304889841857,0.995609567476102,1.01054381705996
25.4,9,1.00292899031143,0.995409241568307,1.01050554646482
25.6,9,1.00278930488362,0.995195993940246,1.01044055252632
25.8,9,1.00263122011314,0.994968691550011,1.01035275992404
26,9,1.00245611417912,0.994726489749906,1.01024580244943
26.2,9,1.00226536521908,0.9944688702546,1.01012298359883
26.4,9,1.00206035110515,0.994195672527397,1.00998724396409
26.6,9,1.00184244923912,0.993907116270914,1.00984113773451
26.8,9,1.00161303636644,0.993603813096737,1.00968682023519
27,9,1.00137348840905,0.993286766089142,1.0095260477864
27.2,9,1.00112518031711,0.992957356778569,1.00936019036763
27.4,9,1.00086948593963,0.99261731987512,1.00919025673569
27.6,9,1.00060777791395,0.992268706847311,1.0090169309108
27.8,9,1.00034142757401,0.991913839955141,1.00884061842111
28,9,1.00007180487742,0.991555258592082,1.00866150045021
28.2,9,0.999800278351411,0.991195659743403,1.00847959407967
28.4,9,0.999528215057372,0.990837834060661,1.00829481712606
28.6,9,0.999256980574209,0.990484598548016,1.00810705657618
28.8,9,0.998987939000323,0.990138726231086,1.00791624024935
29,9,0.998722452974245,0.989802872506359,1.00772241198813
29.2,9,0.998461883713859,0.989479497211224,1.00752581133737
29.4,9,0.998207591074207,0.989170780863945,1.00732695926167
29.6,9,0.997960933623817,0.988878533053302,1.00712675192196
29.8,9,0.997723135413845,0.988603871720967,1.00692651871487
30,9,0.997494058463534,0.988345174885757,1.00672763114877
30.2,9,0.997272769139414,0.988099223703928,1.00653148207006
30.4,9,0.997058324802716,0.987862679850727,1.00633956858115
30.6,9,0.996849783775894,0.98763223288813,1.00615336187251
30.8,9,0.996646205282561,0.987404716778975,1.00597418831905
31,9,0.996446649396314,0.987177212335971,1.00580312499679
31.2,9,0.996250176998427,0.986947134147201,1.00564091107778
31.4,9,0.996055849744411,0.9867122996597,1.00548787742104
31.6,9,0.995862730039406,0.98647097791342,1.00534389686686
31.8,9,0.995669881022411,0.98622191588411,1.00520835727572
32,9,0.995476366559337,0.985964341389775,1.00508015835679
32.2,9,0.995281251244855,0.985697942814731,1.00495773203182
32.4,9,0.99508360041305,0.985422827224368,1.00483908476127
32.6,9,0.994882480156849,0.985139459507641,1.00472185919517
32.8,9,0.994676957356228,0.984848585790945,1.00460341190505
33,9,0.994466099715165,0.984551144425716,1.00448090389408
33.2,9,0.994248975807346,0.984248167387301,1.00435140104759
33.4,9,0.994024655130591,0.98394067404699,1.00421198256136
33.6,9,0.993792208169996,0.983629558152808,1.00405985651152
33.8,9,0.993550706469765,0.983315467646683,1.00389248293739
34,9,0.993299222713719,0.982998675816104,1.00370770593821
34.2,9,0.99303683081445,0.982678941379691,1.00350389718282
34.4,9,0.992762606011114,0.982355354610807,1.00328011372672
34.6,9,0.992475624975811,0.982026166747939,1.00303627288574
34.8,9,0.992174965928549,0.981688601080242,1.00277334577592
35,9,0.991859708760741,0.981338646752603,1.00249356847245
35.2,9,0.991528964105214,0.980970866049322,1.00220069798702
35.4,9,0.991184128199952,0.980580407140512,1.00190251492015
35.6,9,0.990830491623527,0.980166151023539,1.00161086169496
35.8,9,0.990473718274011,0.979729208670759,1.00133606093317
36,9,0.990119464000406,0.979273008552353,1.00108605509476
36.2,9,0.989773376584932,0.978803348037068,1.00086635273671
36.4,9,0.989441096047831,0.978328122776846,1.00068030321933
36.6,9,0.989128255273892,0.977856767346072,1.00052966656508
36.8,9,0.988840480960007,0.977399461897049,1.00041542368704
37,9,0.988583394883174,0.976966162144612,1.00033876965954
37.2,9,0.988362615488547,0.976565495647012,1.00030224705835
37.4,9,0.988183759797369,0.976203546459958,1.00031099730011
37.6,9,0.988052445634886,0.975882537498555,1.0003741206677
37.8,9,0.987974294178687,0.975599431787837,1.0005061238803
38,9,0.98795493282828,0.975344527185075,1.00072838068483
38.2,9,0.987999998397164,0.975100226969185,1.00107042315727
38.4,9,0.988115140629126,0.974840323209589,1.00157072691237
38.6,9,0.988306026041039,0.974530270377167,1.00227651289991
38.8,9,0.988578342095026,0.974128913226036,1.00324210193377
39,9,0.988937801703493,0.973591796183684,1.00452569492854
39.2,9,0.989390148071242,0.972875512092906,1.00618512125419
39.4,9,0.989941159879624,0.971941894399179,1.00827375141557
39.6,9,0.990596656818517,0.970760767704398,1.01083785948675
39.8,9,0.991362505472763,0.969310631120175,1.01391606127488
40,9,0.992244625570666,0.967577581532494,1.01754052157192
0,10,1.00775954697835,0.988040749551812,1.02787188178898
0.2,10,1.00775284652507,0.988487819151957,1.02739333758373
0.4,10,1.00779223872758,0.989032332131352,1.0269079821191
0.6,10,1.00787084477924,0.989654684554056,1.02642230225358
0.8,10,1.00798178888592,0.990330715278023,1.02594746487331
1,10,1.00811819582379,0.991033601568835,1.02549731426077
1.2,10,1.00827318896656,0.991735754636725,1.02508638902627
1.4,10,1.00843988878209,0.992410812336315,1.02472786133069
1.6,10,1.00861141179838,0.993035711532503,1.02443141590546
1.8,10,1.00878087003923,0.993592671272,1.02420123777112
2,10,1.00894137093008,0.994070774479111,1.02403442099753
2.2,10,1.00908601767461,0.994466775195022,1.02392017155799
2.4,10,1.00920842350814,0.994785414790101,1.02384054584747
2.6,10,1.00930695986405,0.995041193471917,1.02377725255328
2.8,10,1.00938257940706,0.995250001679898,1.02371584013134
3,10,1.00943626219116,0.995424810325395,1.02364493717347
3.2,10,1.00946898995393,0.995575793390228,1.02355606518768
3.4,10,1.00948174590759,0.995710595808153,1.02344335754862
3.6,10,1.0094755145395,0.995834649739388,1.02330323083402
3.8,10,1.00945128142209,0.995951498691578,1.02313404910118
4,10,1.00941003303237,0.996063106750978,1.02293580384676
4.2,10,1.00935275658089,0.996170142981471,1.02270981959795
4.4,10,1.00928043985037,0.99627223921423,1.02245848691716
4.6,10,1.00919407104386,0.996368224050265,1.0221850200019
4.8,10,1.00909463864257,0.996456337980469,1.02189323397844
5,10,1.00898313127329,0.996534434884162,1.02158733663066
5.2,10,1.0088605375855,0.996600174312425,1.02127173015949
5.4,10,1.00872784613812,0.996651207218523,1.02095082031176
5.6,10,1.00858604529593,0.996685355403155,1.02062883261109
5.8,10,1.00843612313566,0.996700782159529,1.02030963820606
6,10,1.00827906736175,0.996696148794283,1.01999659465897
6.2,10,1.00811586523176,0.996670749342176,1.01969240935661
6.4,10,1.0079475034915,0.99662461441525,1.01939903460124
6.6,10,1.00777496831972,0.99655857516914,1.01911760339772
6.8,10,1.00759924528259,0.996474279998433,1.01884841332346
7,10,1.00742131929766,0.996374159550532,1.01859096289014
7.2,10,1.00724217460757,0.996261339318781,1.01834404113474
7.4,10,1.00706279476338,0.996139502524154,1.01810586772913
7.6,10,1.00688416261738,0.996012708310929,1.0178742785812
7.8,10,1.00670725396054,0.995885159473827,1.01764695008832
8,10,1.00653263996504,0.995760185646107,1.01742163416348
8.2,10,1.0063602523761,0.995639334873571,1.01719661135233
8.4,10,1.00618996648461,0.995523296332761,1.01697092612877
8.6,10,1.00602165767882,0.995412133854967,1.01674426229799
8.8,10,1.00585520144181,0.995305418110898,1.01651680766277
9,10,1.00569047334916,0.995202349183405,1.01628912855275
9.2,10,1.00552734906668,0.995101870192908,1.01606205355143
9.4,10,1.00536570434844,0.995002772812316,1.01583656558382
9.6,10,1.0052054150348,0.994903795286299,1.01561370174944
9.8,10,1.0050463570507,0.994803713119682,1.01539446073556
10,10,1.00488840640407,0.994701422058845,1.0151797181864
10.2,10,1.00473143918436,0.994596012476679,1.01497015091757
10.4,10,1.00457533156129,0.99448683388745,1.01476617124898
10.6,10,1.00441995978371,0.994373548143439,1.01456787290402
10.8,10,1.00426520017859,0.994256169948207,1.01437498984018
11,10,1.00411092915022,0.994135093666995,1.01418686902995
11.2,10,1.00395702317953,0.994011105979869,1.0140024576465
11.4,10,1.00380335882355,0.993885384622084,1.01382030440922
11.6,10,1.00364981271505,0.993759484174824,1.01363857412579
11.8,10,1.00349626156232,0.993635310490705,1.0134550738462
12,10,1.00334258214909,0.993515085763497,1.01326728861895
12.2,10,1.00318865133462,0.993401306418104,1.01307242467327
12.4,10,1.00303434605395,0.993296695884491,1.0128674579633
12.6,10,1.00287954331823,0.993204153941841,1.0126491863878
12.8,10,1.00272412021533,0.993126703708743,1.01241428460922
13,10,1.00256795391044,0.993067436539763,1.01215936121164
13.2,10,1.002410921647,0.993029454067699,1.01188101895786
13.4,10,1.00225298855415,0.993015377135405,1.01157653365196
13.6,10,1.00209456660634,0.993025467619343,1.01124649182399
13.8,10,1.00193620929092,0.993058986633766,1.01089278784048
14,10,1.00177846980343,0.993114920854327,1.01051759618956
14.2,10,1.00162190099174,0.993192035973735,1.01012331574196
14.4,10,1.00146705536097,0.993288920827222,1.0097125236614
14.6,10,1.00131448508149,0.993404024856825,1.00928793617332
14.8,10,1.00116474199998,0.993535690947055,1.00885237415925
15,10,1.00101837765343,0.99368218541109,1.00840873179723
15.2,10,1.00087594328632,0.993841726745997,1.00795994662971
15.4,10,1.00073798987074,0.994012514690412,1.00750896952484
15.6,10,1.00060506812961,0.994192761087842,1.00705873302793
15.8,10,1.00047772856285,0.994380724055159,1.00661211660289
16,10,1.00035652147666,0.994574746939536,1.00617190728021
16.2,10,1.00024199701581,0.994773303461871,1.00574075431299
16.4,10,1.00013470519892,0.994975050213942,1.00532111667347
16.6,10,1.00003519595683,0.995178887204837,1.00491520269418
16.8,10,0.999944019173966,0.995384026337152,1.00452490197297
17,10,0.999861724732712,0.995590066455357,1.00415171089928
17.2,10,0.999788862560872,0.995797071941839,1.00379665482602
17.4,10,0.999725982682126,0.996005649874367,1.00346021187311
17.6,10,0.999673635269537,0.996217018833537,1.00314224527417
17.8,10,0.999632370702095,0.996433061087746,1.00284195253884
18,10,0.999602739624312,0.996656349697447,1.0025578398891
18.2,10,0.999585293008865,0.996890143512022,1.00228772899646
18.4,10,0.999580582222302,0.997138346007947,1.00202880007175
18.6,10,0.999589159093813,0.997405427492332,1.00177767178388
18.8,10,0.999611542653854,0.997696221924855,1.00153054030717
19,10,0.999647535237954,0.998013778233167,1.00128396671679
19.2,10,0.999696248793501,0.998358718893758,1.00103557062053
19.4,10,0.999756767550873,0.998730858398321,1.00078373053047
19.6,10,0.999828175958991,0.999129395110899,1.00052744552724
19.8,10,0.999909558581272,0.999553018354254,1.00026622598607
20,10,1,1,1
20.2,10,1.00009858472909,0.999729034747385,1.000468271315
20.4,10,1.00020439713524,0.999453871163951,1.00095548670355
20.6,10,1.00031652136746,0.999175269971012,1.00145907629372
20.8,10,1.00043404129506,0.998894167122255,1.0019762893054
21,10,1.00055604045391,0.998611636896534,1.00250422997277
21.2,10,1.00068160200122,0.998328861085647,1.00303988757249
21.4,10,1.00080980867862,0.998047102950749,1.00358016188416
21.6,10,1.00093974278373,0.997767684822421,1.00412188520845
21.8,10,1.00107048615009,0.997491968386279,1.00466184190136
22,10,1.0012011201355,0.997221336824765,1.00519678625441
22.2,10,1.00133072561885,0.996957178076791,1.0057234594595
22.4,10,1.0014583830053,0.996700868531135,1.00623860634296
22.6,10,1.00158317223997,0.996453756487787,1.00673899253505
22.8,10,1.00170417283006,0.996217144703218,1.00722142275928
23,10,1.00182046387542,0.995992271278521,1.00768276098289
23.2,10,1.00193112410754,0.995780288049113,1.00811995327014
23.4,10,1.00203523193712,0.995582235484211,1.00853005433041
23.6,10,1.00213186551001,0.995399012894062,1.00891025896311
23.8,10,1.00222010277163,0.995231342460583,1.00925793988382
24,10,1.00229902153996,0.995079725238549,1.00957069378448
24.2,10,1.00236769984477,0.994944386163671,1.00984639912006
24.4,10,1.00242548798965,0.994824554411911,1.01008449632138
24.6,10,1.00247252496058,0.994717335101005,1.01028817719235
24.8,10,1.00250909205203,0.994619507684173,1.01046125868477
25,10,1.00253547093378,0.994527934254046,1.01060748106013
25.2,10,1.00255194362183,0.994439604059913,1.01073046121296
25.4,10,1.00255879245007,0.994351679250752,1.01083364496986
25.6,10,1.00255630004278,0.994261541378766,1.01092025883014
25.8,10,1.0025447492879,0.994166837410855,1.01099326240085
26,10,1.00252442331103,0.994065523376306,1.01105530339839
26.2,10,1.00249560545032,0.993955903364536,1.01110867750298
26.4,10,1.00245857923204,0.993836661427673,1.01115529551137
26.6,10,1.00241362834705,0.993706884075734,1.01119666010014
26.8,10,1.00236103662795,0.993566071476706,1.01123385408738
27,10,1.00230108802711,0.99341413614055,1.01126754141356
27.2,10,1.00223406659549,0.993251388678359,1.01129798125036
27.4,10,1.00216025646223,0.993078511059256,1.01132505481484
27.6,10,1.00207994181501,0.992896518508034,1.01134830374557
27.8,10,1.00199340688132,0.992706711690697,1.01136697839357
28,10,1.00190093591042,0.99251062106176,1.01138009415388
28.2,10,1.00180281315613,0.992309945186317,1.0113864940244
28.4,10,1.0016993228605,0.992106484535921,1.01138491589292
28.6,10,1.00159074923816,0.991902071753287,1.01137406355673
28.8,10,1.00147737646158,0.9916984987611,1.01135268109948
29,10,1.00135948864706,0.99149744042549,1.01131963091422
29.2,10,1.00123736984157,0.991300373835339,1.01127397631123
29.4,10,1.0011113040104,0.991108491675619,1.01121507023211
29.6,10,1.00098157502554,0.990922607707397,1.01114265205711
29.8,10,1.00084846864208,0.990742960664504,1.01105705208478
30,10,1.00071229078768,0.990568338932916,1.01096012215806
30.2,10,1.00057335912032,0.99039668600836,1.01085460111573
30.4,10,1.00043199129633,0.990225829843314,1.01074334666418
30.6,10,1.00028850481256,0.990053623668632,1.01062919112656
30.8,10,1.00014321699919,0.989878064673345,1.01051482016583
31,10,0.999996445013506,0.989697397916687,1.01040266665815
31.2,10,0.999848505834716,0.989510204252437,1.01029482093636
31.4,10,0.999699716259734,0.989315470212102,1.01019295945663
31.6,10,0.999550392899993,0.989112637583333,1.01009829415141
31.8,10,0.999400852179254,0.988901630813717,1.01001154433809
32,10,0.999251410332418,0.988682861253732,1.00993293216911
32.2,10,0.999102383405336,0.988457208424629,1.00986220143726
32.4,10,0.998954087255624,0.98822597970585,1.00979865834103
32.6,10,0.998806837554474,0.987990850834548,1.00974123181697
32.8,10,0.998660949789462,0.987753790208493,1.00968855044725
33,10,0.998516739268357,0.987516970089265,1.00963903284516
33.2,10,0.998374521123921,0.987282667422775,1.00959098880097
33.4,10,0.998234610319707,0.98705315621832,1.00954272924662
33.6,10,0.998097321656853,0.986830592393908,1.00949268413128
33.8,10,0.997962969781863,0.986616890858978,1.00943952843616
34,10,0.997831869195389,0.986413593518233,1.009382317645
34.2,10,0.997704334261993,0.986221725992226,1.00932063487416
34.4,10,0.997580679220918,0.986041640330651,1.00925475238668
34.6,10,0.99746121819783,0.985872841069015,1.00918581013943
34.8,10,0.997346265217563,0.985713792978429,1.00911601301412
35,10,0.997236134217851,0.985561711259067,1.00904884598175
35.2,10,0.997131088582983,0.985412285824279,1.00898925467222
35.4,10,0.997027406859849,0.985255589359116,1.00893987384156
35.6,10,0.996914570085192,0.985074923005599,1.0088965182626
35.8,10,0.996781399996449,0.984854894950098,1.00885233395649
36,10,0.99661672521961,0.984582544766762,1.00879799491342
36.2,10,0.996409384175081,0.984247387492077,1.00872166234747
36.4,10,0.996148229233929,0.983841126353116,1.00860928459473
36.6,10,0.995822132121312,0.983357066747136,1.00844520505961
36.8,10,0.995419990562417,0.982789283790918,1.00821302587797
37,10,0.99493073616433,0.982131597466962,1.00789667323354
37.2,10,0.994343343524999,0.981376395249244,1.00748162437855
37.4,10,0.993646840557785,0.980513322261903,1.00695627620115
37.6,10,0.992830320017075,0.979527848446791,1.00631344571594
37.8,10,0.991882952207043,0.978399738692571,1.0055519763258
38,10,0.990793998851868,0.977101515169205,1.0046783603553
38.2,10,0.989552828101656,0.975597127581057,1.0037081618228
38.4,10,0.988148930643849,0.97384122984664,1.00266684055506
38.6,10,0.986571936885193,0.971779630382941,1.00158941000425
38.8,10,0.984811635164274,0.96935146811898,1.00051837610245
39,10,0.982857990949349,0.966493256736549,0.999499814033684
39.2,10,0.980701166970621,0.963144121112516,0.998578258243017
39.4,10,0.978331544230356,0.959250759952656,0.997791870900777
39.6,10,0.975739743828265,0.954770595426284,0.997169427134453
39.8,10,0.972916649533487,0.949672422464761,0.996729803401856
40,10,0.969853431028263,0.94393501639927,0.996483509283681
0,11,1.00118749904626,0.981235361266809,1.0215453374534
0.2,11,1.00095993908601,0.981441618880185,1.0208664278964
0.4,11,1.00080284959337,0.981794850078973,1.02017885271413
0.6,11,1.0007083208405,0.982271559732021,1.01949113101943
0.8,11,1.00066845885528,0.982842867181359,1.01881734912466
1,11,1.00067538080248,0.983476550247345,1.01817498088016
1.2,11,1.00072121098939,0.984139059595651,1.0175827616633
1.4,11,1.00079807749338,0.984797692437418,1.01705842692974
1.6,11,1.00089810940995,0.985422984584038,1.01661625626003
1.8,11,1.00101343472042,0.985991182245377,1.01626456152365
2,11,1.00113617877897,0.986486425261574,1.0160034875233
2.2,11,1.001258463419,0.98690211412149,1.01582365284584
2.4,11,1.00137293567795,0.987241636519048,1.01570650914188
2.6,11,1.00147714401803,0.987520508607358,1.01563102867091
2.8,11,1.00157129483168,0.987756351543915,1.01557945647512
3,11,1.00165562116949,0.987963667215706,1.01553732866309
3.2,11,1.00173035645525,0.988153863880928,1.01549337984968
3.4,11,1.00179573446326,0.988335493196777,1.01543929211997
3.6,11,1.00185198929607,0.988514574304779,1.01536935776834
3.8,11,1.00189935536282,0.988694946360634,1.01528011442903
4,11,1.00193806735812,0.988878614165027,1.01516998794534
4.2,11,1.00196836024141,0.989066069379975,1.01503896049554
4.4,11,1.00199046921693,0.98925658172621,1.01488826958286
4.6,11,1.0020046297142,0.989448461613092,1.0147201364403
4.8,11,1.002011077369,0.989639299207345,1.01453751884587
5,11,1.00201004800502,0.989826186115112,1.01434388217555
5.2,11,1.00200177761592,0.990005925388455,1.01414298298417
5.4,11,1.001986502348,0.99017523393171,1.0139386610399
5.6,11,1.00196445848347,0.990330938872251,1.01373463824862
5.8,11,1.00193588242417,0.990470166350296,1.01353432601428
6,11,1.00190101067591,0.990590517845198,1.0133406459179
6.2,11,1.00186007983334,0.990690226115198,1.01315587163868
6.4,11,1.00181332656541,0.990768280721744,1.01298150214593
6.6,11,1.00176098760134,0.990824512541879,1.01281817675821
6.8,11,1.00170329971715,0.990859627988464,1.01266564134945
7,11,1.00164049972278,0.990875186739854,1.01252277190012
7.2,11,1.00157282444974,0.990873520970149,1.01238765740159
7.4,11,1.00150051073935,0.990857598308747,1.01225773988428
7.6,11,1.00142379543147,0.990830833894159,1.01213000620397
7.8,11,1.00134291661418,0.990796854373719,1.01200123135957
8,11,1.00125819233979,0.990758939440963,1.0118687077335
8.2,11,1.00117006715228,0.990719346739506,1.01173102822757
8.4,11,1.00107899667015,0.99067950743767,1.01158765276789
8.6,11,1.00098543637531,0.990640193645263,1.01143871434138
8.8,11,1.0008898416007,0.990601653831848,1.01128488040008
9,11,1.00079266752006,0.990563738416529,1.011127224345
9.2,11,1.00069436913968,0.990526016083941,1.01096710653483
9.4,11,1.00059540129226,0.990487881682201,1.010806063964
9.6,11,1.00049621863287,0.990448656407771,1.01064570790488
9.8,11,1.00039727563687,0.990407680560991,1.01048762923042
10,11,1.00029902660005,0.990364398612959,1.01033331167636
10.2,11,1.00020192564068,0.990318435785071,1.01018405384148
10.4,11,1.00010642670373,0.990269664916309,1.01004090115054
10.6,11,1.00001298356713,0.990218262168234,1.00990458922977
10.8,11,0.999922049849998,0.990164750150357,1.00977550011187
11,11,0.999834079023095,0.990110027353718,1.00965363238244
11.2,11,0.999749524421175,0.990055383322089,1.00953858583809
11.4,11,0.99966883925749,0.990002499686988,1.00942956052978
11.6,11,0.999592476640311,0.989953437930193,1.00932536932749
11.8,11,0.999520889591514,0.989910615393397,1.00922446248623
12,11,0.999454531067223,0.989876771522406,1.00912496222586
12.2,11,0.999393853980499,0.989854926541683,1.00902470512878
12.4,11,0.999339311226092,0.989848334676285,1.00892129023831
12.6,11,0.999291355707243,0.989860433681537,1.00881213109735
12.8,11,0.999250440364543,0.989894791836854,1.00869451057108
13,11,0.999217018206854,0.989955052737904,1.00856563811947
13.2,11,0.999191542344279,0.990044877182427,1.00842271022466
13.4,11,0.999174339625381,0.990167246165261,1.00826336644869
13.6,11,0.999165093780393,0.990321738941059,1.00808741782917
13.8,11,0.999163284603102,0.990506601491895,1.00789562411314
14,11,0.999168391982014,0.990719803819706,1.00768902739891
14.2,11,0.999179895946109,0.990959093012235,1.00746889705421
14.4,11,0.999197276630197,0.991222036810547,1.00723668416184
14.6,11,0.999220014242982,0.991506060498675,1.00699398283212
14.8,11,0.999247589037834,0.99180847916266,1.00674249633448
15,11,0.999279481286267,0.992126527112852,1.00648400625434
15.2,11,0.999315171254126,0.992457386104741,1.00622034303977
15.4,11,0.999354139180468,0.99279821391318,1.00595335638312
15.6,11,0.999395865259161,0.993146174792218,1.0056848839055
15.8,11,0.999439829623175,0.993498473359485,1.00541671660503
16,11,0.999485512331588,0.993852393440158,1.00515055953416
16.2,11,0.999532393359284,0.994205343332371,1.00488798624425
16.4,11,0.999579952589373,0.994554908733024,1.00463038575861
16.6,11,0.9996276698083,0.994898914087715,1.00437890131044
16.8,11,0.999675024703672,0.995235492289728,1.00413436092104
17,11,0.999721496864793,0.99556316136111,1.00389720118527
17.2,11,0.999766565785898,0.995880904992463,1.00366738738794
17.4,11,0.999809710872109,0.996188251737073,1.00344433515564
17.6,11,0.999850411448095,0.996485345604869,1.0032268408986
17.8,11,0.999888146769439,0.996772999355839,1.00301302974311
18,11,0.999922396036728,0.997052721616877,1.00280032983053
18.2,11,0.999952638412343,0.997326710522786,1.00258548028225
18.4,11,0.999978353039973,0.997597809830514,1.00236457688136
18.6,11,0.999999019066827,0.99786942736364,1.00213315561396
18.8,11,1.00001413605942,0.998145381357678,1.00188638949412
19,11,1.00002364242122,0.998428850706145,1.0016209814992
19.2,11,1.00002789927233,0.998721693496086,1.0013358134059
19.4,11,1.00002728498393,0.999025001159014,1.00103057436213
19.6,11,1.00002217800131,0.999339247425935,1.00070557527922
19.8,11,1.00001295682609,0.999664397279194,1.00036163790753
20,11,1,1,1
20.2,11,0.999983686089975,0.999622235763585,1.00034526711207
20.4,11,0.999964393674751,0.999230189892503,1.00069913692748
20.6,11,0.999942501332877,0.998825923171961,1.00106032770608
20.8,11,0.999918387632152,0.998411667663627,1.00142738141732
21,11,0.999892431120501,0.997989789662318,1.00179869991491
21.2,11,0.999865010318289,0.997562758846644,1.0021725751016
21.4,11,0.999836503712055,0.997133122280264,1.00254721442717
21.6,11,0.99980728974969,0.996703482128659,1.00292076285491
21.8,11,0.999777746837046,0.996276476127906,1.00329132225966
22,11,0.99974825333597,0.995854759974033,1.00365696908893
22.2,11,0.999719187563778,0.99544099089454,1.00401577102531
22.4,11,0.999690927794156,0.99503781171917,1.00436580333291
22.6,11,0.999663852259499,0.994647834785757,1.00470516555194
22.8,11,0.999638339154669,0.994273624998712,1.00503199922375
23,11,0.999614766642197,0.993917681299947,1.00534450738641
23.2,11,0.999593512858907,0.993582415710252,1.00564097668269
23.4,11,0.999574955923975,0.993270128946164,1.00591980307562
23.6,11,0.999559473948419,0.992982981402889,1.00617952238062
23.8,11,0.999547445046013,0.992722958005166,1.00641884711285
24,11,0.99953924734564,0.99249182504947,1.00663671152605
24.2,11,0.999535258852044,0.992291075633917,1.00683232795395
24.4,11,0.999535696095756,0.992120787268548,1.0070060224423
24.6,11,0.999540307860347,0.991977688598632,1.00716058286448
24.8,11,0.999548758773995,0.991857961682589,1.00729918976681
25,11,0.999560713500463,0.991757869963905,1.00742494739156
25.2,11,0.999575836726777,0.991673801905844,1.00754083797295
25.4,11,0.999593793152033,0.991602316115979,1.00764967474239
25.6,11,0.999614247477329,0.991540187512165,1.00775405409113
25.8,11,0.999636864396823,0.991484453276532,1.00785630814365
26,11,0.99966130858991,0.991432456700085,1.00795845963916
26.2,11,0.999687244714536,0.991381886578309,1.00806218146089
26.4,11,0.999714337401625,0.991330809634308,1.00816876333648
26.6,11,0.999742251250636,0.991277693562638,1.00827908811663
26.8,11,0.999770650826247,0.991221418708633,1.00839361961704
27,11,0.999799200656159,0.991161277076379,1.00851240333077
27.2,11,0.999827565230033,0.991096958195099,1.00863508048123
27.4,11,0.999855408999547,0.991028522236127,1.00876091502385
27.6,11,0.999882396379578,0.990956361524098,1.00888883245285
27.8,11,0.999908191750519,0.990881152113955,1.00901746874161
28,11,0.99993245946171,0.990803797344538,1.00914522750608
28.2,11,0.999954863836007,0.990725365218753,1.00927034354118
28.4,11,0.999975069175471,0.990647021135627,1.009390951205
28.6,11,0.999992739768184,0.990569956978511,1.00950515664667
28.8,11,1.0000075398962,0.990495316924834,1.00961111351234
29,11,1.0000191338446,0.990424119662108,1.00970710244463
29.2,11,1.00002718591171,0.990357176036861,1.00979161534876
29.4,11,1.00003136042043,0.990295000583685,1.0098634459781
29.6,11,1.00003132173064,0.990237714937867,1.00992178883539
29.8,11,1.00002681887809,0.990184935281155,1.00996652528498
30,11,1.00001846506051,0.990135690848702,1.00999988153623
30.2,11,1.00000737896748,0.990088683973086,1.01002543931366
30.4,11,0.999994685636799,0.990042523851789,1.01004688910871
30.6,11,0.999981510061804,0.989995866443781,1.01006787438165
30.8,11,0.999968977179577,0.989947537429963,1.0100918659968
31,11,0.999958211871864,0.989896638855893,1.01012205339505
31.2,11,0.999950338978635,0.989842637915872,1.01016125404417
31.4,11,0.999946483324287,0.989785435598283,1.01021184344687
31.6,11,0.999947769756512,0.989725412873116,1.0102757080253
31.8,11,0.999955323197816,0.989663452710567,1.01035422259255
32,11,0.999970268709689,0.989600937311696,1.01044825302987
32.2,11,0.999993731569448,0.989539721255893,1.01055818346436
32.4,11,1.00002683735973,0.989482082535602,1.01068396597643
32.6,11,1.00007071207068,0.989430654394751,1.01082518992031
32.8,11,1.0001264822148,0.989388341338478,1.01098116748998
33,11,1.00019527495454,0.989358222577434,1.01115103226739
33.2,11,1.00027821824259,0.989343445559412,1.01133384810045
33.4,11,1.00037644097486,0.989347111252211,1.0115287266477
33.6,11,1.00049107315639,0.989372151639356,1.01173495312864
33.8,11,1.00062324607987,0.989421198646719,1.01195212106318
34,11,1.00077409251717,0.989496442595458,1.0121802779063
34.2,11,1.00094474692365,0.989599477442221,1.01242008431896
34.4,11,1.00113634565548,0.989731129722366,1.01267299016204
34.6,11,1.0013500271999,0.989891268541869,1.01294142987062
34.8,11,1.00158693241861,0.99007859559407,1.0132290382359
35,11,1.00184820480423,0.990290417609452,1.01354088419069
35.2,11,1.00213486213752,0.990522280566792,1.01388358607817
35.4,11,1.00243776884351,0.990758047607772,1.01425517847702
35.6,11,1.00273044301716,0.990964947993164,1.01463562701142
35.8,11,1.00298467797502,0.991111156505495,1.01500044434933
36,11,1.00317224149758,0.991167956919891,1.01532191298696
36.2,11,1.00326489061478,0.991109728179866,1.01556912632545
36.4,11,1.003234394336,0.990913520015568,1.01570846461243
36.6,11,1.00305256431381,0.990558277643576,1.01570444615328
36.8,11,1.00269129340995,0.990023795005845,1.01552087429795
37,11,1.00212260210458,0.989289465927079,1.01512221067446
37.2,11,1.0013186926568,0.988332870417939,1.01447513714678
37.4,11,1.00025201088476,0.987128196508956,1.01355030564151
37.6,11,0.998895315388804,0.985644478383861,1.01232429439645
37.8,11,0.997221753990102,0.983843655896011,1.01078176463457
38,11,0.99520494710144,0.981678563810172,1.00891770814576
38.2,11,0.992819077685798,0.979091179451054,1.00673945563428
38.4,11,0.990038987393179,0.976011797268168,1.00426777555558
38.6,11,0.986840278397066,0.972360127970805,1.00153606370009
38.8,11,0.983199420379705,0.968049272651129,0.998586670684237
39,11,0.979093862040865,0.962992633500856,0.995464302983419
39.2,11,0.974502146428653,0.957112157453812,0.99220809807745
39.4,11,0.96940402931445,0.950345040085149,0.988845242951857
39.6,11,0.963780599757972,0.942646572102046,0.985388449881598
39.8,11,0.957614401934153,0.933988967066693,0.981837446829524
40,11,0.950889557222185,0.924357877474588,0.978182771054559
0,12,0.995318747926997,0.97433945847785,1.01674975939352
0.2,12,0.994671247126476,0.974178849585917,1.01559471372293
0.4,12,0.994125287616053,0.974217295038409,1.01444009720515
0.6,12,0.993673327791386,0.97442836700147,1.0132983765676
0.8,12,0.993307867582797,0.9747794545473,1.01218846498986
1,12,0.99302144170037,0.975233889549961,1.01113342577926
1.2,12,0.992806613452341,0.975753033940953,1.01015824438046
1.4,12,0.992655969129921,0.976298618677983,1.00928737806017
1.6,12,0.992562112952976,0.976835494229755,1.00854192327082
1.8,12,0.992517662572048,0.977334711253668,1.00793648191812
2,12,0.992515245123262,0.977776507450856,1.00747615052676
2.2,12,0.992547493833478,0.978152460758289,1.00715437218387
2.4,12,0.992607409038234,0.978466608829776,1.00695257210254
2.6,12,0.992691365677896,0.978736501348638,1.006845199023
2.8,12,0.992797568124411,0.978981742240388,1.00680836908981
3,12,0.992924239629882,0.979218439492495,1.00682187536782
3.2,12,0.993069603878901,0.979459078919236,1.00686926015979
3.4,12,0.993231884637495,0.979712716020939,1.006937605819
3.6,12,0.993409305433939,0.9799853248118,1.00701716968288
3.8,12,0.993600089271422,0.980280211610088,1.00710095512247
4,12,0.993802458372551,0.98059843519499,1.00718427729383
4.2,12,0.994014633955686,0.980939202207154,1.00726435470707
4.4,12,0.994234836043133,0.981300225651619,1.00733993874842
4.6,12,0.994461283301203,0.981678045831767,1.0074109818226
4.8,12,0.994692192912187,0.982068318987377,1.00747833883965
5,12,0.994925780478265,0.982466081138529,1.007543494543
5.2,12,0.995160259957418,0.982865994435429,1.00760830937831
5.4,12,0.995393843631372,0.983262581488832,1.00767477842895
5.6,12,0.99562474210564,0.983650450215492,1.00774480088507
5.8,12,0.995851164341705,0.984024508092573,1.00781996115429
6,12,0.996071317721403,0.984380160854076,1.00790132658345
6.2,12,0.996283408143545,0.984713487206556,1.00798927021694
6.4,12,0.996485640152843,0.985021378818934,1.00808332933995
6.6,12,0.99667621710115,0.985301634311475,1.00818211108441
6.8,12,0.996853341341079,0.985552997572079,1.00828325477261
7,12,0.997015214451994,0.985775134262166,1.00838345713881
7.2,12,0.997160037498412,0.985968545042647,1.0084785619006
7.4,12,0.997286011320795,0.986134418641148,1.0085637105605
7.6,12,0.997391336858735,0.986274431137761,1.00863354806154
7.8,12,0.997474235313622,0.986390512001369,1.00868250252707
8,12,0.997534186008969,0.986485315365373,1.00870680663708
8.2,12,0.997572659167094,0.986562130160572,1.00870607120885
8.4,12,0.997591302666858,0.986623528182434,1.00868100012768
8.6,12,0.997591765761338,0.986671392415188,1.00863300463064
8.8,12,0.997575698763525,0.986707061172041,1.00856405505141
9,12,0.997544752759222,0.986731460573211,1.00847654454981
9.2,12,0.997500579347176,0.986745226344284,1.00837316384522
9.4,12,0.997444830406505,0.986748816149525,1.008256785741
9.6,12,0.997379157891434,0.986742613452212,1.00813035844874
9.8,12,0.997305213653365,0.986727023408468,1.00799680720657
10,12,0.997224649290286,0.98670256070249,1.00785894428421
10.2,12,0.997139116023534,0.986669928643349,1.00771938805444
10.4,12,0.997050264601883,0.98663008837381,1.00758049228075
10.6,12,0.996959745232982,0.98658431677544,1.00744428703628
10.8,12,0.996869207542093,0.986534251649422,1.0073124326744
11,12,0.996780300558145,0.986481923024417,1.0071861879989
11.2,12,0.99669467272707,0.986429769960761,1.0070663932639
11.4,12,0.9966139719524,0.986380642905197,1.00695346794858
11.6,12,0.996539845663133,0.986337792391727,1.00684742251049
11.8,12,0.996473940908821,0.986304845558301,1.00674788264706
12,12,0.996417904481908,0.986285772446729,1.00665412409743
12.2,12,0.996373383067273,0.98628484429686,1.0065651157731
12.4,12,0.996342023419022,0.986306586001059,1.0064795690512
12.6,12,0.996325472564504,0.986355724554269,1.00639599139496
12.8,12,0.996325378035593,0.986437134744275,1.00631274305697
13,12,0.996343388127242,0.986555782503544,1.00622809644452
13.2,12,0.996381152183376,0.986716665288774,1.00614029878144
13.4,12,0.996439895182105,0.986923793478658,1.00604775289775
13.6,12,0.99651867674876,0.987176150635214,1.00594961949811
13.8,12,0.996615869741359,0.987470858918009,1.00584557291001
14,12,0.996729847184781,0.987804751922705,1.00573558320636
14.2,12,0.996858982262915,0.988174429253671,1.00561985930842
14.4,12,0.997001648057533,0.98857630110486,1.0054988017804
14.6,12,0.997156217313772,0.989006625951983,1.00537296276495
14.8,12,0.997321062232208,0.989461543466045,1.00524301094893
15,12,0.997494554287527,0.989937104496797,1.00510969971072
15.2,12,0.997675064073799,0.990429299810236,1.00497383676489
15.4,12,0.997860961176362,0.990934089180827,1.00483625370376
15.6,12,0.99805061407035,0.991447432416675,1.00469777385794
15.8,12,0.998242390045887,0.991965323907186,1.00455917688688
16,12,0.998434655159971,0.992483832288482,1.00442115850473
16.2,12,0.998625774215093,0.992999146764555,1.00428428380427
16.4,12,0.99881411076462,0.993507631421299,1.00414893284244
16.6,12,0.998998027144979,0.994005888421786,1.00401523759996
16.8,12,0.999175884534674,0.994490830157291,1.00388301024128
17,12,0.999346043040181,0.994959759148052,1.00375166388157
17.2,12,0.999506861808725,0.995410452709642,1.00362012884562
17.4,12,0.999656699167999,0.995841247240065,1.00348676956394
17.6,12,0.999793912792809,0.996251114773278,1.00334930946103
17.8,12,0.99991685989868,0.996639722757247,1.00320477287776
18,12,1.00002389746243,0.997007467550079,1.00304945353452
18.2,12,1.00011338246966,0.997355473447453,1.0028789177218
18.4,12,1.00018367218923,0.99768555218023,1.00268804727888
18.6,12,1.00023312447464,0.998000121807352,1.00247112343481
18.8,12,1.00026016792968,0.998302097996587,1.00222207842154
19,12,1.00026473521557,0.998594815993478,1.00193744699193
19.2,12,1.00024820793387,0.998881268370341,1.00161701811389
19.4,12,1.00021202775235,0.999163687526597,1.00126146791523
19.6,12,1.00015763734743,0.999443657118348,1.00087212762805
19.8,12,1.00008648013135,0.999722224932146,1.00045086804927
20,12,1,1,1
20.2,12,0.999899641101575,0.999522190285455,1.00027723445492
20.4,12,0.999786847626001,0.99902039160822,1.00055389167465
20.6,12,0.999663063615175,0.998497784487046,1.00082970266164
20.8,12,0.999529732794035,0.997957729197776,1.00110421264278
21,12,0.999388298422467,0.997403725898513,1.00137681972664
21.2,12,0.999240203168035,0.996839381318038,1.00164680723898
21.4,12,0.999086888999536,0.996268380613836,1.00191337112973
21.6,12,0.99892979710137,0.99569446321282,1.00217564363788
21.8,12,0.998770367808699,0.995121401620379,1.00243271422804
22,12,0.998610040563386,0.994552982316893,1.00268364867892
22.2,12,0.998450253890684,0.993992987954865,1.00292750710998
22.4,12,0.998292445396662,0.993445180125136,1.0031633616769
22.6,12,0.99813805178634,0.992913281977754,1.00339031465001
22.8,12,0.997988508902504,0.992400959961256,1.00360751761095
23,12,0.997845251785197,0.991911803880876,1.0038141925669
23.2,12,0.997709714751842,0.991449304366791,1.00400965589053
23.4,12,0.997583331498005,0.991016826680746,1.00419334615723
23.6,12,0.997467535218767,0.990617579563423,1.00436485717716
23.8,12,0.997363758750701,0.990254577523697,1.00452397782077
24,12,0.997273434734463,0.989930594580925,1.00467074062713
24.2,12,0.99719799532233,0.989648105594782,1.0048054821236
24.4,12,0.997138370854422,0.989407780521941,1.00492936300309
24.6,12,0.997094038293668,0.989205884623318,1.00504509390313
24.8,12,0.99706421372606,0.989037961079903,1.00515560111332
25,12,0.997048113987797,0.988899653014819,1.00526371768453
25.2,12,0.997044956554499,0.988786751253072,1.00537213320361
25.4,12,0.997053959436602,0.98869524341006,1.00548334247007
25.6,12,0.997074341080922,0.988621363628212,1.00559959375491
25.8,12,0.997105320278381,0.988561641425163,1.00572283817743
26,12,0.997146116077874,0.988512947467301,1.00585468238602
26.2,12,0.997195947706278,0.988472533685865,1.00599634712545
26.4,12,0.997254034494585,0.988438065063225,1.00614863436296
26.6,12,0.997319595810161,0.988407640664786,1.00631190539762
26.8,12,0.99739185099513,0.988379802059208,1.00648607181058
27,12,0.997470019310863,0.988353528080557,1.00667060030257
27.2,12,0.997553319888599,0.98832821581611,1.00686453153526
27.4,12,0.997640971686167,0.988303648603671,1.00706651219301
27.6,12,0.997732193450833,0.988279952551419,1.00727483875215
27.8,12,0.997826203688262,0.988257543549233,1.00748751098941
28,12,0.997922220637602,0.988237066876112,1.0077022931251
28.2,12,0.998019462252691,0.988219331334332,1.0079167806708
28.4,12,0.998117146189392,0.988205239412041,1.00812847148027
28.6,12,0.998214489799055,0.988195714370364,1.00833484010773
28.8,12,0.998310710128122,0.988191624451281,1.00853341527754
29,12,0.998405023923863,0.988193703680178,1.00872186099156
29.2,12,0.998496647646263,0.988202468048798,1.00889806248854
29.4,12,0.998584797486048,0.988218125255455,1.00906021887878
29.6,12,0.998668689388871,0.988240475696043,1.00920694476032
29.8,12,0.998747714526815,0.988268867643667,1.00933767108426
30,12,0.998823055506255,0.988302772700735,1.00945532459105
30.2,12,0.99889694342032,0.988341760952105,1.00956485195288
30.4,12,0.998971623245705,0.988385323897918,1.00967130927698
30.6,12,0.999049340633878,0.98843301309908,1.00977969350861
30.8,12,0.999132341954128,0.988484566855067,1.00989481294057
31,12,0.999222874387103,0.988540020315011,1.01002117484354
31.2,12,0.999323186068882,0.988599797468795,1.01016289177055
31.4,12,0.999435526285618,0.988664782624101,1.01032360892902
31.6,12,0.999562145718799,0.988736368855535,1.0105064551337
31.8,12,0.999705296741202,0.98881648146636,1.01071401929946
32,12,0.999867233763603,0.988907575575447,1.01094835336086
32.2,12,1.00005021363237,0.989012608281993,1.01121100116551
32.4,12,1.00025649607804,0.989134987170968,1.01150305157832
32.6,12,1.00048834421504,0.989278497927668,1.01182521302847
32.8,12,1.00074802509275,0.989447214333833,1.01217790622748
33,12,1.00103781029808,0.989645393841041,1.01256137186381
33.2,12,1.00135997660992,0.989877361294902,1.0129757907025
33.4,12,1.00171680670552,0.990147382338843,1.01342141456362
33.6,12,1.00211058991948,0.990459526731441,1.01389870794898
33.8,12,1.0025436230554,0.99081752045478,1.01440850144406
34,12,1.00301821125084,0.991224584267473,1.01495215924686
34.2,12,1.00353666889594,0.991683255478668,1.01553176405369
34.4,12,1.00410132060634,0.992195189464943,1.0161503227879
34.6,12,1.00471450225097,0.992760938218929,1.01681199589141
34.8,12,1.0053785620353,0.993379705594855,1.01752235052446
35,12,1.00609586164094,0.994049083710455,1.01828863322595
35.2,12,1.00686856631858,0.99476457420871,1.01911983611484
35.4,12,1.00768217745395,0.995503496842806,1.0200098482614
35.6,12,1.0084936705188,0.996216096306287,1.02092255610753
35.8,12,1.00925709858869,0.996853252469822,1.02181528577848
36,12,1.00992638033474,0.997369788646875,1.02264105581119
36.2,12,1.01045533245332,0.997724422960256,1.02334868766064
36.4,12,1.01079772316586,0.997879210017903,1.02388347898234
36.6,12,1.01090734681306,0.997798569005668,1.0241883438047
36.8,12,1.01073811948611,0.997448014359278,1.02420530340978
37,12,1.01024419552891,0.996792678385537,1.02387723819647
37.2,12,1.0093801046101,0.995795656981753,1.02314986858932
37.4,12,1.00810090890336,0.994416145399243,1.02197399673531
37.6,12,1.00636237972848,0.992607288976077,1.02030808213939
37.8,12,1.00412119279719,0.990313689948116,1.01812120751079
38,12,1.00133514097772,0.987468644901012,1.01539635687105
38.2,12,0.997963363242889,0.983991527497046,1.01213358707303
38.4,12,0.993966588201845,0.979786344673992,1.00835205943837
38.6,12,0.989307390338849,0.974743222341173,1.00408916948231
38.8,12,0.983950456797266,0.968744703769158,0.999394884601352
39,12,0.977862862259242,0.961677121794192,0.994321020761973
39.2,12,0.971014349185779,0.953443883707953,0.988908610602079
39.4,12,0.96337761040468,0.943975069013163,0.983178953231538
39.6,12,0.95492857077129,0.93322958385377,0.977132091665649
39.8,12,0.945646664386101,0.921190917595972,0.9707516615538
40,12,0.935515103641246,0.907860512709111,0.964012088739576
0,13,0.993077329210808,0.969662805199144,1.01705724557511
0.2,13,0.991961071538063,0.969310005169333,1.01514145340432
0.4,13,0.99098168660009,0.969199445703289,1.01325347174972
0.6,13,0.990132527864767,0.969303976968802,1.01140864582198
0.8,13,0.989407023244552,0.969589214715043,1.00962989561858
1,13,0.988798666882772,0.970015510951069,1.00794553550027
1.2,13,0.988301011399923,0.970539896418317,1.006387159084
1.4,13,0.987907660588084,0.971118399481479,1.00498718422978
1.6,13,0.987612262542954,0.971709097528858,1.00377570160214
1.8,13,0.987408503224297,0.972276041815138,1.00277648559505
2,13,0.987290100436781,0.972793715313754,1.00200250790692
2.2,13,0.987250798224309,0.973251007933196,1.00145196937873
2.4,13,0.987284458974313,0.973653694795425,1.00110604842618
2.6,13,0.987385863508509,0.974023995293473,1.00093103267204
2.8,13,0.987550294255511,0.974386603872433,1.00089182241244
3,13,0.987773048018213,0.974762313889389,1.00095744417742
3.2,13,0.988049428243678,0.975167364748275,1.00110166515331
3.4,13,0.988374742350639,0.975613396121495,1.00130301121351
3.6,13,0.988744299282489,0.97610776851285,1.00154442050294
3.8,13,0.98915340728488,0.976654066627694,1.00181271606405
4,13,0.989597371907325,0.977252656454778,1.00209802656208
4.2,13,0.9900714942285,0.977901221370053,1.00239322976867
4.4,13,0.99057106930521,0.978595243413133,1.00269345262924
4.6,13,0.991091384845167,0.979328421876147,1.00299563575674
4.8,13,0.991627720103958,0.980093035906467,1.00329815563797
5,13,0.992175345006717,0.98088026491925,1.00360049074923
5.2,13,0.992729519495169,0.981680483177465,1.00390291522069
5.4,13,0.99328549310079,0.982483544584838,1.00420620400455
5.6,13,0.993838504744935,0.98327907117188,1.00451133607113
5.8,13,0.994383782766788,0.984056753908963,1.004819187005
6,13,0.994916545180036,0.984806667155999,1.00513020970052
6.2,13,0.995432000159117,0.985519588452163,1.00544411146312
6.4,13,0.995925346755878,0.98618730461283,1.00575954656019
6.6,13,0.996391775847356,0.986802875618,1.00607385274845
6.8,13,0.996826471315329,0.987360822769893,1.00638286531098
7,13,0.997224611458091,0.987857209887056,1.00668083984672
7.2,13,0.997581370634786,0.988289596613745,1.00696050474214
7.4,13,0.997891921142375,0.988656858796892,1.00721324837923
7.6,13,0.998151435325111,0.988958887190485,1.00742942982389
7.8,13,0.998355136826087,0.989196230267844,1.00759884513223
8,13,0.998501359146592,0.989372226289325,1.00771472831504
8.2,13,0.998593357855974,0.989493626217618,1.00777677382912
8.4,13,0.998634833543862,0.989566314435971,1.00778645778338
8.6,13,0.998629495475249,0.989595115503622,1.00774635364447
8.8,13,0.998581059781309,0.989583995651306,1.00765992309492
9,13,0.998493247786702,0.989536250674219,1.00753132105705
9.2,13,0.998369784474131,0.989454679391755,1.00736521572029
9.4,13,0.998214397086795,0.989341743684192,1.0071666225674
9.6,13,0.998030813869187,0.989199716555053,1.00694075095497
9.8,13,0.997822762946592,0.989030819220298,1.00669286225003
10,13,0.997593971343465,0.9888373472944,1.0064281394547
10.2,13,0.997348164140818,0.988621785055877,1.00615156933735
10.4,13,0.997089063772587,0.988386905813931,1.0058678390485
10.6,13,0.99682038946093,0.988135855800865,1.00558124979657
10.8,13,0.996545856790291,0.987872218951472,1.00529565022081
11,13,0.996269177420041,0.987600060465993,1.0050143915634
11.2,13,0.99599405893547,0.987323948123074,1.00474030567229
11.4,13,0.995724204836862,0.987048951724059,1.00447570545131
11.6,13,0.995463314666401,0.986780622535699,1.00422240588816
11.8,13,0.995215084272638,0.98652495586774,1.00398176252176
12,13,0.994983206212291,0.986288340744982,1.00375472338719
12.2,13,0.994771370289173,0.98607750089106,1.00354189021936
12.4,13,0.994583264230087,0.985899430931953,1.00334358500593
12.6,13,0.994422574497612,0.985761330943658,1.00315991876433
12.8,13,0.994292987239743,0.98567054134249,1.00299086054416
13,13,0.994198189376495,0.985634478766388,1.00283630600728
13.2,13,0.994141869823623,0.985660572074502,1.00269614645974
13.4,13,0.994126887626614,0.985754785448747,1.00257009480535
13.6,13,0.994151865760902,0.985915708440818,1.0024568264146
13.8,13,0.994214086128154,0.986139305097968,1.0023549856959
14,13,0.99431083379767,0.986421231405519,1.00226353887245
14.2,13,0.994439396573065,0.986756896007117,1.00218171006273
14.4,13,0.994597064085784,0.987141507654374,1.00210892989257
14.6,13,0.99478112696304,0.987570113687932,1.00204479342371
14.8,13,0.994988876069976,0.988037632307323,1.00198902463976
15,13,0.995217601825895,0.988538880966088,1.00194144515198
15.2,13,0.995464593594505,0.989068602980561,1.00190194503601
15.4,13,0.995727139148102,0.989621494338296,1.00187045381326
15.6,13,0.996002524205729,0.990192232709769,1.00184690957372
15.8,13,0.996288032045344,0.990775510771441,1.00183122413263
16,13,0.996580943190076,0.991366076091238,1.00182324197083
16.2,13,0.996878535168673,0.991958779927856,1.00182269060849
16.4,13,0.997178082350276,0.992548637226142,1.00182912013129
16.6,13,0.997476855853641,0.993130899664829,1.001841830014
16.8,13,0.997772123530993,0.993701142590621,1.00185978240913
17,13,0.998061150026627,0.994255364807194,1.00188150293324
17.2,13,0.998341196910449,0.994790097336207,1.00190497283543
17.4,13,0.99860952288657,0.995302513571833,1.00192752012755
17.6,13,0.998863384077115,0.995790529337443,1.00194572116872
17.8,13,0.999100034381336,0.996252878413396,1.00195532713591
18,13,0.99931672591014,0.996689148653106,1.001951230264
18.2,13,0.999510709496073,0.997099767008296,1.00192748153459
18.4,13,0.999679235278804,0.997485928549742,1.00187736472693
18.6,13,0.999819553366063,0.997849472864282,1.00179352344968
18.8,13,0.999929022220697,0.998192761047586,1.00166830345464
19,13,1.00000731849084,0.998519213575427,1.00149764114649
19.2,13,1.00005635306577,0.998832473286895,1.00128173247722
19.4,13,1.00007813049304,0.999135355180663,1.00102179539989
19.6,13,1.00007465783741,0.999429961997875,1.00071976954673
19.8,13,1.00004794415375,0.999717821319395,1.00037817599996
20,13,1,1,1
20.2,13,0.999932836990333,0.999588594749056,1.0002771977831
20.4,13,0.99984846738863,0.999147603386706,1.00054982301997
20.6,13,0.999748903742311,0.998680896013023,1.00081805361872
20.8,13,0.999636158556591,0.998192518858258,1.00108188612429
21,13,0.999512244009196,0.997686653086053,1.00134117544232
21.2,13,0.999379171705542,0.997167581131657,1.00159566730538
21.4,13,0.999238952474391,0.996639658853908,1.00184502520231
21.6,13,0.999093596203958,0.996107292095086,1.00208885317594
21.8,13,0.998945111718457,0.995574916491276,1.00232671564596
22,13,0.998795506695045,0.995046979560917,1.00255815522843
22.2,13,0.998646787621141,0.994527924226677,1.00278270939602
22.4,13,0.99850095979206,0.994022173001045,1.00299992674773
22.6,13,0.998360027348943,0.993534112092321,1.00320938363067
22.8,13,0.998225993356925,0.993068074665736,1.00341070187844
23,13,0.998100859923506,0.992628322421192,1.00360356850399
23.2,13,0.997986628357106,0.992219024518181,1.00378775831599
23.4,13,0.997885299365764,0.991844232678395,1.00396316062784
23.6,13,0.997798873295975,0.991507851011219,1.00412981151417
23.8,13,0.997729350411666,0.991213598714039,1.00428793346294
24,13,0.997678731213313,0.990964963269765,1.00443798480133
24.2,13,0.99764901606352,0.99076513936393,1.00458072221989
24.4,13,0.99764143189769,0.990615186419905,1.00471751320092
24.6,13,0.997654964058048,0.990510785873527,1.00485067048705
24.8,13,0.997688195469096,0.990446700262578,1.0049826357284
25,13,0.99773971009135,0.990417765148398,1.0051157845942
25.2,13,0.997808092651605,0.990418936595338,1.00525237651814
25.4,13,0.997891928393384,0.990445342641457,1.00539450071718
25.6,13,0.997989802847523,0.990492338342963,1.0055440189006
25.8,13,0.998100301622874,0.990555562862683,1.0057025061983
26,13,0.998222010217085,0.990630996065494,1.00587119284521
26.2,13,0.998353513847478,0.990715011277337,1.00605090996506
26.4,13,0.998493397301979,0.990804420393517,1.00624204326791
26.6,13,0.998640244810131,0.990896507509871,1.00644449848816
26.8,13,0.998792639934185,0.990989047758718,1.00665768188145
27,13,0.998949165480275,0.991080309021571,1.00688049810908
27.2,13,0.999108403429702,0.991169035512779,1.00711136651623
27.4,13,0.999268934890336,0.99125441364947,1.00734825538943
27.6,13,0.999429340068159,0.991336021883514,1.00758873251803
27.8,13,0.999588198258977,0.991413767050543,1.00783002950542
28,13,0.999744087860314,0.991487810160617,1.00806911690597
28.2,13,0.99989558640351,0.991558484396098,1.00830278742271
28.4,13,1.00004127060606,0.991626207470535,1.00852774501232
28.6,13,1.00017971644418,0.991691389570618,1.00874069867593
28.8,13,1.00030949924569,0.991754337000133,1.00893846081666
29,13,1.00042919380309,0.991815150503206,1.00911805118697
29.2,13,1.00053737450704,0.9918736161723,1.00927680851987
29.4,13,1.00063261550001,0.99192908593838,1.0094125128463
29.6,13,1.00071349085036,0.991980344008722,1.00952352213251
29.8,13,1.00077890996722,0.992025680843866,1.00960937400652
30,13,1.0008312057662,0.992064941780082,1.00967493180248
30.2,13,1.00087471472086,0.992098957661627,1.00972809902824
30.4,13,1.00091379961517,0.992128520259119,1.00977687245441
30.6,13,1.000952824031,0.992154573907096,1.00982909547061
30.8,13,1.00099615225037,0.992178403426461,1.00989226671301
31,13,1.00104814934795,0.992201798232573,1.00997337345892
31.2,13,1.00111318147391,0.992227186186886,1.01007875622958
31.4,13,1.00119561632716,0.992257729883572,1.01021401190831
31.6,13,1.00129982381911,0.992297379230902,1.01038394151284
31.8,13,1.00143017692824,0.992350877105727,1.01059254584171
32,13,1.00159105274563,0.992423718779531,1.01084306829526
32.2,13,1.00178683371192,0.992522069711006,1.0111380802754
32.4,13,1.00202190904634,0.992652649192979,1.01147960167653
32.6,13,1.00230067636834,0.992822588594792,1.01186924772764
32.8,13,1.00262754351285,0.993039272410435,1.01230839397772
33,13,1.00300693054027,0.993310168301631,1.01279835323938
33.2,13,1.00344327194246,0.993642649358126,1.01334056127425
33.4,13,1.00394101904638,0.994043808469817,1.01393677133345
33.6,13,1.00450464261729,0.994520261504424,1.01458926086968
33.8,13,1.00513863566364,0.995077933274113,1.01530105645048
34,13,1.00584751644625,0.99572181837788,1.01607618480158
34.2,13,1.00663583169461,0.996455708367402,1.01691995855162
34.4,13,1.00750816003363,0.997281878091476,1.0178393038455
34.6,13,1.0084691156245,0.998200728897348,1.01884313217431
34.8,13,1.00952335202377,0.999210396712514,1.01994274842852
35,13,1.01067556626541,1.00030635152829,1.02115226868779
35.2,13,1.01193020069729,1.00148074786815,1.02248868314548
35.4,13,1.01326783788067,1.00269988664359,1.02394716999536
35.6,13,1.01462812281328,1.00389246110494,1.02547859207002
35.8,13,1.01594638577082,1.00498935226032,1.02702287983389
36,13,1.01715762493838,1.00592828648611,1.02851231829295
36.2,13,1.0181965540464,1.00665339291323,1.02987207907948
36.4,13,1.01899769175007,1.0071138571173,1.03102175434671
36.6,13,1.01949549294646,1.00726203685417,1.03187752750441
36.8,13,1.01962452202665,1.00705138650595,1.03235463437985
37,13,1.01931966778704,1.00643438796109,1.03236991657488
37.2,13,1.01851639937753,1.00536050562569,1.03184444783353
37.4,13,1.01715106224535,1.00377404436704,1.03070635192529
37.6,13,1.0151612125455,1.0016117236145,1.02889399470876
37.8,13,1.01248598793712,0.998799815350367,1.02635969692226
38,13,1.00906651207595,0.995250896005248,1.02307391018693
38.2,13,1.00484632945498,0.990860763113974,1.01902929594862
38.4,13,0.999771866549525,0.985506977934167,1.01424323472491
38.6,13,0.993792914501475,0.979051560095749,1.0087562260937
38.8,13,0.98686312784562,0.971350399516493,1.00262359863754
39,13,0.9789405330562,0.962269182744227,0.99590071514852
39.2,13,0.969988039992416,0.951700485520239,0.98862700192278
39.4,13,0.959973948669006,0.939574148847546,0.980816663861506
39.6,13,0.948872443193807,0.925857294754149,0.972459706861914
39.8,13,0.936664064221502,0.910547236583854,0.963529989389128
40,13,0.923336150894966,0.893663068848838,0.953994494421409
0,14,0.994112166435829,0.958352258442604,1.03120641783819
0.2,14,0.992527775694141,0.957797710941383,1.02851716418922
0.4,14,0.991118204687608,0.957464462694087,1.02595483585801
0.6,14,0.98987782523198,0.957325510757694,1.02353702881109
0.8,14,0.988801122001359,0.957348883943739,1.02128667538991
1,14,0.98788268378516,0.957500160905269,1.0192292772044
1.2,14,0.9871171951105,0.957745086381166,1.01739008713121
1.4,14,0.986499428214102,0.958052341849341,1.01579118317085
1.6,14,0.986024235349041,0.958396372641361,1.01444853136927
1.8,14,0.985686541412862,0.958759989101069,1.01336931971202
2,14,0.985481336884715,0.959136309061454,1.01254999542079
2.2,14,0.985403671060237,0.959529578776491,1.01197546841355
2.4,14,0.985448424767836,0.959954384325937,1.01161952456658
2.6,14,0.985608477477832,0.960429833450893,1.01144720524327
2.8,14,0.985875636212194,0.96097157453056,1.01142509917799
3,14,0.98624172485862,0.961590544072688,1.01152485935696
3.2,14,0.986698586544202,0.962293242713691,1.01172289014814
3.4,14,0.987238075738093,0.963082160105767,1.01199986725952
3.6,14,0.98785205103939,0.963956262210719,1.01234019944508
3.8,14,0.988532368645776,0.96491148576184,1.0127314870637
4,14,0.989270876500035,0.965941209433533,1.01316400784378
4.2,14,0.990059409113038,0.967036689153698,1.01363024233454
4.4,14,0.990889783063053,0.968187456535513,1.01412444000479
4.6,14,0.991753793172372,0.969381685965455,1.01464222040898
4.8,14,0.992643209363228,0.97060653881147,1.01518020093034
5,14,0.993549774195757,0.971848493515305,1.01573564232612
5.2,14,0.994465201091459,0.973093668650074,1.01630610499585
5.4,14,0.995381173246071,0.974328142763418,1.01688911216568
5.6,14,0.9962893432361,0.975538270330641,1.01748182068695
5.8,14,0.997181333323483,0.976710987870907,1.01808070542586
6,14,0.998048736462774,0.977834098936048,1.01868126856976
6.2,14,0.998883118015186,0.97889652222716,1.01927778963362
6.4,14,0.999676018173432,0.979888484600592,1.01986313444476
6.6,14,1.00041895510086,0.980801641067699,1.0204286410406
6.8,14,1.0011034287877,0.981629107378018,1.02096409692603
7,14,1.00172092562643,0.982365396874108,1.02145781603347
7.2,14,1.00226292370725,0.983006260661932,1.02189681636593
7.4,14,1.00272089883353,0.983548436916285,1.02226709251849
7.6,14,1.00308633125571,0.983989319580014,1.02255397282311
7.8,14,1.00335079879533,0.984326632834926,1.02274264645652
8,14,1.0035113381861,0.98456257368058,1.02282478817317
8.2,14,1.00357362236048,0.984705718205998,1.02280305361956
8.4,14,1.0035441169164,0.984763933458326,1.02268245249473
8.6,14,1.00342931310244,0.984743948379923,1.02246922974212
8.8,14,1.00323572209424,0.984651592898549,1.02217060465331
9,14,1.00296986968287,0.984492020470896,1.02179452811666
9.2,14,1.00263829137917,0.984269914829418,1.02134945729187
9.4,14,1.00224752793761,0.983989682163378,1.02084414650423
9.6,14,1.00180412130194,0.983655629651533,1.02028745345877
9.8,14,1.00131461097451,0.983272130488761,1.01968816064445
10,14,1.00078553081011,0.982843774584723,1.01905481275706
10.2,14,1.0002234062348,0.982375503193289,1.01839557188459
10.4,14,0.999634751889532,0.981872725057128,1.01771809286902
10.6,14,0.999026069698005,0.981341411378584,1.01702942152842
10.8,14,0.998403847357595,0.980788167147392,1.01633591820103
11,14,0.997774557252179,0.980220277073601,1.01564320835308
11.2,14,0.997144655785192,0.979645725501685,1.01495616086293
11.4,14,0.996520583131235,0.979073191046914,1.01427889322795
11.6,14,0.995908763404409,0.97851201807466,1.0136148015609
11.8,14,0.995315605241565,0.977972168309624,1.01296661207617
12,14,0.994747502798728,0.97746415663024,1.01233644999898
12.2,14,0.99421083715908,0.976998975362667,1.01172592157288
12.4,14,0.993711978151121,0.976588011111293,1.01113620512026
12.6,14,0.993257286575917,0.976242957388103,1.01056814788775
12.8,14,0.99285311684269,0.975975725103678,1.01002236661114
13,14,0.992505820012457,0.975798351419568,1.00949935130096
13.2,14,0.992221747249961,0.975722905539137,1.00899957367689
13.4,14,0.992005933420858,0.975759157724052,1.00852322435542
13.6,14,0.991856703884641,0.97590524128113,1.008068897908
13.8,14,0.991770266753868,0.976155164748143,1.00763515631331
14,14,0.991742843001501,0.976502468208242,1.00722107589692
14.2,14,0.991770665013459,0.976940313316709,1.00682614748683
14.4,14,0.991849974419604,0.977461555379249,1.00645019371066
14.6,14,0.991977020070097,0.978058803497845,1.0060932991227
14.8,14,0.992148056156002,0.978724472633373,1.00575574930256
15,14,0.99235934047322,0.979450830942706,1.00543797556087
15.2,14,0.992607132829046,0.980230045445001,1.00514050219284
15.4,14,0.992887693590798,0.981054228924683,1.00486389336969
15.6,14,0.993197282376133,0.981915490947686,1.00460869679048
15.8,14,0.993532156884825,0.982805995900621,1.00437538118563
16,14,0.993888571871892,0.983718030984585,1.00416426474247
16.2,14,0.994262778262089,0.984644086996024,1.00397543162359
16.4,14,0.994651022405885,0.985576954351598,1.00380863412532
16.6,14,0.995049545477111,0.986509835962177,1.00366317887596
16.8,14,0.995454583012567,0.987436477009023,1.00353779702597
17,14,0.995862364593899,0.988351309234019,1.0034305008238
17.2,14,0.996269113672134,0.989249603980665,1.0033384323462
17.4,14,0.996671047535247,0.99012762416088,1.00325771421322
17.6,14,0.99706437741919,0.990982761251406,1.003183316189
17.8,14,0.997445308762755,0.991813640466113,1.00310895452624
18,14,0.997810041606692,0.992620176744037,1.00302704141776
18.2,14,0.998154771137389,0.993403567139634,1.00292869897083
18.4,14,0.998475688375449,0.994166211509486,1.00280384581076
18.6,14,0.998768981009362,0.994911561138895,1.00264135666951
18.8,14,0.999030968107902,0.995643928973111,1.00242952946843
19,14,0.999260846003996,0.996368532685961,1.00216155528804
19.2,14,0.999460586299317,0.997090158290308,1.00183664963518
19.4,14,0.999632277639606,0.997812258545703,1.00145561646573
19.6,14,0.999778012602054,0.998537145530406,1.00102042168052
19.8,14,0.999899887128128,0.999266191389824,1.00053398473161
20,14,1,1,1
20.2,14,1.00008045236078,0.999422786667937,1.00073855082759
20.4,14,1.00014334727868,0.998807164027533,1.00148131804772
20.6,14,1.00019078935526,0.998158348546562,1.00222736860116
20.8,14,1.00022488437787,0.997481869027241,1.00297544285629
21,14,1.00024773901627,0.996783496512276,1.00372402122213
21.2,14,1.00026146056368,0.996069186020583,1.00447137962997
21.4,14,1.00026815672211,0.995345027628083,1.00521563636736
21.6,14,1.00026993543208,0.994617204795821,1.00595479236124
21.8,14,1.00026890474682,0.993891958167283,1.00668676668677
22,14,1.00026717275082,0.993175553303361,1.00740942883167
22.2,14,1.00026684752283,0.992474250997946,1.00812062907145
22.4,14,1.00027003714334,0.991794278922273,1.00881822820552
22.6,14,1.00027884974637,0.991141803383738,1.00950012786671
22.8,14,1.00029539361583,0.990522899954317,1.01016430264782
23,14,1.00032177732621,0.989943521620611,1.01080883539188
23.2,14,1.00036010992776,0.989409462923484,1.01143195717754
23.4,14,1.00041250117617,0.988926318276605,1.01203209381028
23.6,14,1.0004810618067,0.988499432260915,1.01260792102272
23.8,14,1.00056790385291,0.988133839160903,1.01315843111976
24,14,1.00067514101001,0.987834188308574,1.01368301450466
24.2,14,1.00080488811662,0.987604648360064,1.01418156115538
24.4,14,1.00095828471615,0.987446156224689,1.01465531201472
24.6,14,1.00113364013977,0.987351610787925,1.01510804709142
24.8,14,1.00132875409651,0.987312568140387,1.01554391804105
25,14,1.00154142583346,0.98732073028255,1.01596694660048
25.2,14,1.00176945372466,0.987368018772793,1.01638094341267
25.4,14,1.00201063490841,0.987446651724872,1.01678942423443
25.6,14,1.00226276497312,0.987549223491301,1.01719552418889
25.8,14,1.00252363769162,0.987668784934658,1.01760191216019
26,14,1.00279104480404,0.98779892101756,1.01801070859978
26.2,14,1.00306277584934,0.987933821602028,1.01842341085462
26.4,14,1.00333661804547,0.98806834094172,1.01884083053552
26.6,14,1.00361035621838,0.98819804146012,1.01926304733465
26.8,14,1.00388177277985,0.988319218057109,1.01968938305254
27,14,1.00414864775431,0.988428900308917,1.02011839847224
27.2,14,1.00440875885466,0.988524831365179,1.02054791428024
27.4,14,1.00465988160731,0.988605423877633,1.02097505570246
27.6,14,1.00489978952638,0.988669694675946,1.02139631914292
27.8,14,1.00512625433723,0.988717180928138,1.02180765809047
28,14,1.00533704624933,0.988747841052858,1.02220458502856
28.2,14,1.00552993427854,0.988761943649226,1.02258228608453
28.4,14,1.00570268661888,0.988759947224479,1.02293574563938
28.6,14,1.0058530710636,0.988742372639467,1.0232598789786
28.8,14,1.00597885547584,0.988709669093849,1.02354967216207
29,14,1.00607780830853,0.988662073274159,1.02380032948853
29.2,14,1.00614769917366,0.988599460110943,1.02400743010606
29.4,14,1.0061862994607,0.988521182544129,1.02416709636592
29.6,14,1.00619138300411,0.988425896888805,1.0242761773224
29.8,14,1.0061612797073,0.988311755612197,1.02433317729298
30,14,1.00609996862531,0.988179902882159,1.02434500430086
30.2,14,1.00601473308157,0.988033254545384,1.02432346130177
30.4,14,1.00591289763617,0.98787457832936,1.02428059171438
30.6,14,1.00580178500218,0.987706712078957,1.02422836490019
30.8,14,1.00568871510402,0.98753278167306,1.0241784480046
31,14,1.00558100466874,0.987356390008852,1.02414200908906
31.2,14,1.00548596734967,0.987181774474157,1.02412955412963
31.4,14,1.00541091438234,0.987013929061216,1.0241508017223
31.6,14,1.00536315577199,0.98685868721123,1.02421459939732
31.8,14,1.00535000201297,0.98672276252985,1.0243288843931
32,14,1.0053787663398,0.986613746401468,1.02450068985319
32.2,14,1.0054567675108,0.9865400638208,1.02473619512011
32.4,14,1.00559133312518,0.98651089095264,1.02504081660971
32.6,14,1.00578980347536,0.986536039569187,1.02541933411451
32.8,14,1.00605953593707,0.986625814289509,1.02587604661326
33,14,1.00640790990031,0.986790848345906,1.02641495186918
33.2,14,1.00684233224564,0.987041922505658,1.02703994520154
33.4,14,1.0073702433709,0.98738977000221,1.02775503459679
33.6,14,1.00799912377506,0.987844868163275,1.02856457150046
33.8,14,1.00873650120681,0.988417215163761,1.02947349889931
34,14,1.00958995838716,0.98911608826613,1.03048762037925
34.2,14,1.01056714131692,0.989949778331745,1.03161389543462
34.4,14,1.01167576818124,0.990925294646404,1.03286076705743
34.6,14,1.0129236388657,0.992048034699045,1.03423852705296
34.8,14,1.01431864509994,0.993321416220751,1.03575972187509
35,14,1.0158687812472,0.994746474573899,1.03743959600836
35.2,14,1.01758175447672,0.996321039318236,1.03929615674129
35.4,14,1.01943365791699,0.998008705834387,1.04131855445605
35.6,14,1.02134620905445,0.999719721819729,1.04344053236354
35.8,14,1.02323524836851,1.00136235354083,1.04558591582909
36,14,1.02501599715903,1.00284906457947,1.04767290666267
36.2,14,1.02660311215724,1.00409684817452,1.04961384134108
36.4,14,1.02791081081088,1.00502702177319,1.05131564832724
36.6,14,1.02885306785371,1.00556453320255,1.05268095709455
36.8,14,1.02934388339531,1.00563688179895,1.05360975662303
37,14,1.02929762222727,1.0051727755784,1.05400148199704
37.2,14,1.02862942333727,1.00410062727384,1.05375742412179
37.4,14,1.0272556777575,1.00234695364085,1.05278339366623
37.6,14,1.02509457185614,0.999834706487195,1.05099260350828
37.8,14,1.02206669202168,0.996481553545397,1.04830874111363
38,14,1.01809568540737,0.992198165241378,1.04466916081521
38.2,14,1.01310897001777,0.986886672624022,1.0400280129444
38.4,14,1.00703848596015,0.980439659051149,1.0343589254502
38.6,14,0.999821478183184,0.972740317754334,1.02765658006669
38.8,14,0.991401299523205,0.9636646471545,1.01993628135942
39,14,0.981728221418875,0.953086529210934,1.0112306398121
39.2,14,0.970760238288174,0.940885937770779,1.00158308505924
39.4,14,0.958463850339635,0.926959283509688,0.991039162938895
39.6,14,0.944814808569115,0.911229571339451,0.979637898690356
39.8,14,0.929798804930627,0.893653661318089,0.967405892317719
40,14,0.91341209022086,0.874225038693502,0.954355697485517
