"value","lag","rr","lo","hi"
0,0,1.08790286498676,1.0473959809411,1.12997630808454
0.2,0,1.09070783522193,1.05179688928643,1.13105828124439
0.4,0,1.09273021485062,1.05515172130975,1.13164704026196
0.6,0,1.09402349911405,1.05760776177083,1.13169310956051
0.8,0,1.09464299581397,1.05929568234025,1.13116980297452
1,0,1.09464546264907,1.0603275250946,1.13007411440281
1.2,0,1.09408876935234,1.06079708057302,1.12842527298086
1.4,0,1.09303158686075,1.0607816741658,1.1262619622599
1.6,0,1.09153310528327,1.06034460715236,1.1236389678343
1.8,0,1.08965278200096,1.05953780934952,1.12062370483161
2,0,1.08745012083941,1.05840451952552,1.11729281526858
2.2,0,1.08498448290292,1.05698197839523,1.11372885460866
2.4,0,1.082314929353,1.05530419638332,1.11001700771679
2.6,0,1.07950009615495,1.05340484936428,1.10624178187694
2.8,0,1.07659810060397,1.05132026457768,1.10248371431296
3,0,1.07366647927852,1.049092303597,1.0988162860159
3.2,0,1.07076215695231,1.04677078145205,1.09530340077961
3.4,0,1.0679414459268,1.04441496896392,1.09199787998023
3.6,0,1.06526007522215,1.04209379289862,1.08894135594635
3.8,0,1.06276993740078,1.03988127143484,1.08616240225617
4,0,1.06048320525894,1.03781619534899,1.0836452867823
4.2,0,1.05838630555538,1.0359080907769,1.08135227609533
4.4,0,1.0564654209301,1.03416084241181,1.07925106022972
4.6,0,1.0547069186661,1.0325736758106,1.07731458814198
4.8,0,1.05309732960991,1.03114180185635,1.07552034418058
5,0,1.05162332888147,1.02985706910327,1.07384962343434
5.2,0,1.050271718326,1.02870857647089,1.07228685319187
5.4,0,1.04902941066674,1.02768322728258,1.07081897926239
5.6,0,1.04788341532303,1.0267662230384,1.06943491855398
5.8,0,1.04682082586374,1.0259415043473,1.06812507030722
6,0,1.04582880907048,1.02519214979775,1.0668808750609
6.2,0,1.04489459558885,1.02450074322437,1.0656944107767
6.4,0,1.0440054721498,1.02384971716851,1.06455801823435
6.6,0,1.04314877534582,1.02322167623111,1.06346395193029
6.8,0,1.04231188694918,1.02259969918499,1.06240405756174
7,0,1.04148223076118,1.02196761386152,1.06136948204531
7.2,0,1.04064727098284,1.02131023474056,1.06035042611625
7.4,0,1.03979451209811,1.02061355065948,1.05933595207583
7.6,0,1.03891150026112,1.01986484975639,1.05831385955955
7.8,0,1.03798582617863,1.01905277091097,1.05727064005194
8,0,1.03700512947834,1.01816727519572,1.05619151662253
8.2,0,1.03595710455214,1.01719953626125,1.05506056994153
8.4,0,1.03482950786211,1.01614175383501,1.05386094636951
8.6,0,1.03361016669454,1.0149868982895,1.05257514012717
8.8,0,1.03228698934474,1.01372839557571,1.05118534019681
9,0,1.03084797971626,1.01235976306686,1.04967383735786
9.2,0,1.02928677508529,1.0108791302327,1.04802961469943
9.4,0,1.02761404518863,1.00929882362825,1.04626162356243
9.6,0,1.02584366990341,1.00763273412335,1.04438373173383
9.8,0,1.02398946764217,1.00589363583317,1.04241083996281
10,0,1.02206518334694,1.00409344203994,1.0403585914153
10.2,0,1.02008447832414,1.0022434382271,1.03824310863889
10.4,0,1.01806092190656,1.0003544953949,1.0360807548569
10.6,0,1.01600798492519,0.998437266303939,1.03388791691747
10.8,0,1.01393903497107,0.996502366202409,1.03168080830151
11,0,1.01186733342507,0.994560538263588,1.0294752919117
11.2,0,1.00980603423234,0.992622802662427,1.02728672365472
11.4,0,1.0077681843971,0.99070058718524,1.02512981885729
11.6,0,1.0057667261736,0.988805836687428,1.02301854413276
11.8,0,1.00381450092939,0.986951098721131,1.02096603730601
12,0,1.00192425465818,0.985149583285875,1.01898455737462
12.2,0,1.00010864512119,0.983415195836753,1.01708546530552
12.4,0,0.998380250598439,0.98176254423178,1.01527923492433
12.6,0,0.996751580233824,0.980206921951439,1.0135754915102
12.8,0,0.995235085961744,0.978764271395184,1.01198307424665
13,0,0.993843176006632,0.977451132109359,1.01051011763977
13.2,0,0.992588229951542,0.976284579276086,1.00916414655334
13.4,0,0.991482615376936,0.975282157650337,1.00795217966771
13.6,0,0.990538706076525,0.974461815427721,1.00688083689056
13.8,0,0.989768901863255,0.973841841371217,1.00595644742088
14,0,0.989185649985359,0.973440807041051,1.00518515667249
14.2,0,0.988801468179828,0.973277514230606,1.00457303202725
14.4,0,0.98862824210148,0.973370040387845,1.00412562594511
14.6,0,0.988662522626144,0.973717273304344,1.00383716140566
14.8,0,0.988886208037782,0.974299396054358,1.00369140780293
15,0,0.98928070383169,0.975095463111439,1.00367230491552
15.2,0,0.98982748096967,0.976084191631366,1.00376427615865
15.4,0,0.990508045457281,0.977244001712319,1.00395212085878
15.6,0,0.99130391143973,0.978553045321749,1.00422092551212
15.8,0,0.992196577788669,0.979989228323352,1.0045559895182
16,0,0.993167508165457,0.981530229202077,1.00494276175014
16.2,0,0.994198114557873,0.983153517505697,1.00536678493316
16.4,0,0.995269744296849,0.98483637465272,1.00581364519767
16.6,0,0.996363670567561,0.986555919564294,1.00626892438626
16.8,0,0.997461086435151,0.988289141537104,1.00671815275129
17,0,0.998543102409413,0.99001294286429,1.0071467596016
17.2,0,0.999590747575028,0.991704193909701,1.00754001926565
17.4,0,1.00058497431425,0.993339803612196,1.00788298946924
17.6,0,1.00150666664739,0.994896808678575,1.00816043894179
17.8,0,1.00233665221305,0.996352484902542,1.00835676087858
18,0,1.00305571790441,0.997684483928833,1.00845586899245
18.2,0,1.003644629171,0.998870998060189,1.00844107359207
18.4,0,1.00408415298538,0.999890953945375,1.00829493686113
18.6,0,1.00435508446362,1.00072423266255,1.00799910980879
18.8,0,1.0044382771148,1.00135190835454,1.00753415868674
19,0,1.00431467667976,1.0017564900957,1.00687939610754
19.2,0,1.00396535850247,1.00192214286465,1.00601274086141
19.4,0,1.00337156835861,1.00183485542725,1.00491063845156
19.6,0,1.00251476664517,1.00148251806746,1.00354807918267
19.8,0,1.00138364979887,1.00086149561276,1.00190607639528
20,0,1,1,1
20.2,0,0.998395325668875,0.997857003927254,0.998933937823147
20.4,0,0.996601101748986,0.99550592772743,0.997697480591231
20.6,0,0.994648704718383,0.992976999802673,0.996323223996688
20.8,0,0.992569358713138,0.990301536969637,0.994842373839935
21,0,0.990394091410446,0.987511663397205,0.993284932885075
21.2,0,0.988153699612513,0.984640062424684,0.991679875033103
21.4,0,0.985878724438398,0.981719766849599,0.990055301034992
21.6,0,0.983599436005428,0.978783988277791,0.988438574902
21.8,0,0.981345827464532,0.975865983380667,0.986856442875295
22,0,0.979147618244658,0.972998953659179,0.985335138037579
22.2,0,0.977034266360287,0.970215974965281,0.983900473991211
22.4,0,0.975034989642648,0.967549953158653,0.982577930910766
22.6,0,0.973178795769481,0.965033602615396,0.98139273696647
22.8,0,0.971494520989894,0.962699444704358,0.98036994775999
23,0,0.970010877469885,0.960579823724318,0.979534526096747
23.2,0,0.968756509220425,0.95870693811154,0.978911424178884
23.4,0,0.967760056613512,0.95711288496318,0.978525670159187
23.6,0,0.967050229542424,0.95582971606797,0.978402460958384
23.8,0,0.96665588934059,0.954889503682823,0.978567263325188
24,0,0.966606139639286,0.954324414230373,0.979045925322851
24.2,0,0.966930426418061,0.95416678789849,0.97986480077787
24.4,0,0.96765864758384,0.95444922176872,0.981050889756694
24.6,0,0.968821272505566,0.9552046535427,0.982631998889593
24.8,0,0.970449472031815,0.956466442113333,0.984636926399595
25,0,0.972574757513132,0.958267874959874,0.987095240974591
25.2,0,0.97520666539603,0.960617018774646,0.990017896461972
25.4,0,0.97832352477932,0.963486652173317,0.993388872567861
25.6,0,0.981901705849554,0.966847415939081,0.997190398459948
25.8,0,0.985917846794108,0.970670374600501,1.00140482913903
26,0,0.990348735323466,0.974926937494793,1.00601448153342
26.2,0,0.995171196776857,0.979588794987216,1.01100146914931
26.4,0,1.00036198851659,0.984627869956309,1.01634753453938
26.6,0,1.00589770039873,0.990016283309141,1.02203388037759
26.8,0,1.01175466118497,0.995726331023111,1.02804100136401
27,0,1.01790885083253,1.00173046906462,1.03434852048646
27.2,0,1.02433581866666,1.00800130161589,1.04093503423207
27.4,0,1.03101060750365,1.01451156747876,1.047777972041
27.6,0,1.03790768385084,1.02123411943001,1.05485347551635
27.8,0,1.04500087436542,1.02814189172916,1.06213630259525
28,0,1.05226330880351,1.03520785188962,1.06959976108468
28.2,0,1.05966736973742,1.04240493408543,1.07721567480051
28.4,0,1.06718464935991,1.04970595297196,1.08495438423016
28.6,0,1.07478591373054,1.05708349801013,1.09278478240186
28.8,0,1.08244107485002,1.06450980938306,1.10067438570766
29,0,1.09011917097356,1.07195663712887,1.10858943894129
29.2,0,1.09778835559331,1.07939508512483,1.11649505383554
29.4,0,1.10541589553206,1.08679544107966,1.12435538088109
29.6,0,1.1129681785957,1.09412699283985,1.13213381506248
29.8,0,1.12041073122927,1.10135783026794,1.13979323717916
30,0,1.12770824661097,1.10845463093606,1.14729629339944
30.2,0,1.13482462359875,1.11538242718489,1.15460571633389
30.4,0,1.14172210145315,1.12210330095124,1.16168391612569
30.6,0,1.14835546044329,1.128569635142,1.16848816631858
30.8,0,1.15467567925621,1.13472886852004,1.17497312464141
31,0,1.16063299267544,1.14052746011345,1.18109295110945
31.2,0,1.16617704318421,1.14591139958492,1.18680108823639
31.4,0,1.17125703979072,1.15082668689659,1.19205008788835
31.6,0,1.17582193774536,1.15521978958057,1.19679150387929
31.8,0,1.17982063901151,1.15903806738312,1.2009758604222
32,0,1.18320221313783,1.16223015352046,1.20455270665081
32.2,0,1.1859161379445,1.1647462834333,1.20747076529972
32.4,0,1.18791255918058,1.16653856534396,1.20967817968613
32.6,0,1.18914256803592,1.16756119131665,1.21112285816937
32.8,0,1.18955849510271,1.1677705919239,1.21175291025245
33,0,1.18911421907989,1.16712554112917,1.21151716434031
33.2,0,1.18776548820479,1.16558722000541,1.21036575449395
33.4,0,1.18547025208204,1.16311924823003,1.20825076251641
33.6,0,1.18218900126716,1.159687691138,1.20512690217969
33.8,0,1.17788511165532,1.15526104796843,1.20095223386878
34,0,1.17252519043111,1.14981022444861,1.19568889975284
34.2,0,1.16607942005903,1.14330849070327,1.1893038711265
34.4,0,1.1585218965432,1.1357314243426,1.1817697001269
34.6,0,1.14983095796574,1.1270568391895,1.17306526691873
34.8,0,1.13998949913297,1.11726470327827,1.16317650984608
35,0,1.12898526802424,1.10633705646152,1.15209711902124
35.2,0,1.11681113965623,1.09425794922381,1.1398291623515
35.4,0,1.10346536295255,1.08101344080324,1.12638359642526
35.6,0,1.08895248327668,1.06659241294448,1.11178131068909
35.8,0,1.07338580777008,1.05108854888167,1.09615606938929
36,0,1.05708594638283,1.03480374973767,1.07984794056202
36.2,0,1.0403837876814,1.01805859705017,1.06319855144541
36.4,0,1.02359221688248,1.00116435857252,1.04652249901933
36.6,0,1.00700538181677,0.984420536053972,1.03010837530146
36.8,0,0.990898843016072,0.968112305003257,1.01422170962623
37,0,0.97553051681004,0.952508259891079,0.999109224875896
37.2,0,0.961142324498384,0.937858777183128,0.985003915746021
37.4,0,0.947962470550936,0.924395123254851,0.972130664654412
37.6,0,0.936208287502406,0.91232925623774,0.960712321341789
37.8,0,0.926089604053175,0.901854172304002,0.950976311995448
38,0,0.917812615410263,0.893144670972098,0.943161868826225
38.2,0,0.911584260948675,0.886358586787617,0.937527855200274
38.4,0,0.907617144036045,0.881638861810896,0.934360899718186
38.6,0,0.906135062938329,0.879117249008576,0.933983212378352
38.8,0,0.907379261178363,0.878920713621614,0.936759267197165
39,0,0.911615552184142,0.88118133693324,0.943100903471539
39.2,0,0.919142528867819,0.886049437599025,0.953471615153654
39.4,0,0.930301137131656,0.893708101277441,0.968392481293823
39.6,0,0.945485977565063,0.904386533405998,0.98845316770197
39.8,0,0.965158807665623,0.918370546299261,1.0143307924762
40,0,0.989864855733391,0.936010515370536,1.04681776168743
0,1,1.06896707383869,1.04160910713194,1.09704360025964
0.2,1,1.07153177305844,1.04567393349845,1.09802903552579
0.4,1,1.0734051058766,1.04871175625347,1.09867989411904
0.6,1,1.07463587996682,1.05088400224075,1.09892459305655
0.8,1,1.07527436200699,1.05233807392571,1.09871055912319
1,1,1.07537198271269,1.05320125843044,1.09800941837727
1.2,1,1.07498106318298,1.05357921252387,1.09681765971235
1.4,1,1.07415456419328,1.05355738931456,1.09515441634168
1.6,1,1.07294585972128,1.05320380232607,1.09305797733593
1.8,1,1.07140853567075,1.05257206856603,1.09058209370119
2,1,1.06959621446712,1.05170422845072,1.08779258564709
2.2,1,1.06756240594078,1.05063323577124,1.08476436093461
2.4,1,1.06536038469081,1.04938525848174,1.08157870533713
2.6,1,1.06304309393461,1.0479820834576,1.0783205528034
2.8,1,1.0606630756977,1.04644398983696,1.07507537056406
3,1,1.0582724270838,1.04479338845287,1.07192536084502
3.2,1,1.0559227822868,1.04305920594074,1.0689449992886
3.4,1,1.05366531996409,1.04128137563547,1.06619654636335
3.6,1,1.05155079558319,1.03951412664894,1.0637268386686
3.8,1,1.049626527981,1.03782366090493,1.06156362563636
4,1,1.04790310594601,1.03625090363999,1.05968633232942
4.2,1,1.04636726239533,1.0348121845397,1.05805136832605
4.4,1,1.04500549173248,1.03351811541888,1.05662054826049
4.6,1,1.043804445772,1.03237388306141,1.05536156899136
4.8,1,1.0427509128915,1.03137969600926,1.0542475002594
5,1,1.04183179892558,1.03053147465332,1.05325603724783
5.2,1,1.04103410975951,1.02982159129103,1.05236870817996
5.4,1,1.04034493558727,1.0292395578968,1.05157013903911
5.6,1,1.03975143680396,1.02877262262468,1.05084741424958
5.8,1,1.03924083150791,1.02840627240356,1.05018953584274
6,1,1.0388003845925,1.02812465653378,1.04958696610548
6.2,1,1.03841739841146,1.02791095259112,1.04903123233143
6.4,1,1.03807920500512,1.02774769622594,1.04851457203087
6.6,1,1.03777315987783,1.02761709327451,1.04802960014126
6.8,1,1.03748663731937,1.0275013270865,1.04756898530569
7,1,1.03720702726471,1.02738286650726,1.04712512976261
7.2,1,1.03692173368816,1.02724477093487,1.04668985641693
7.4,1,1.03661817452845,1.02707097927537,1.04625411626454
7.6,1,1.03628378314189,1.026846561269,1.04580773769718
7.8,1,1.03590601128007,1.02655790495864,1.0453392439167
8,1,1.03547233358842,1.02619281513028,1.04483576362882
8.2,1,1.03497025362006,1.02574050499126,1.04428305274685
8.4,1,1.03438731135795,1.0251914754834,1.04366563269933
8.6,1,1.03371109223612,1.02453728975273,1.04296703780288
8.8,1,1.03292923764756,1.02377026012328,1.04217015432611
9,1,1.03202945971891,1.02288307099949,1.04125763337445
9.2,1,1.03100469832141,1.02187313087383,1.04021786643108
9.4,1,1.02986375404021,1.02075178177353,1.03905706639375
9.6,1,1.02861844851712,1.01953195858813,1.03778592099749
9.8,1,1.02728058220206,1.01822555798387,1.03641613225556
10,1,1.02586192323484,1.01684366316181,1.03496016513564
10.2,1,1.02437419766428,1.01539674649627,1.03343102138272
10.4,1,1.02282908100191,1.01389485272827,1.0318420358167
10.6,1,1.02123819110451,1.01234776573102,1.03020669208206
10.8,1,1.01961308237729,1.01076516109023,1.02853845559296
11,1,1.01796524128757,1.00915674540954,1.02685062274357
11.2,1,1.01630608317716,1.00753238177711,1.02515618692184
11.4,1,1.01464695036032,1.00590219955371,1.02346772313677
11.6,1,1.01299911149362,1.00427668584651,1.0217972938622
11.8,1,1.01137376220339,1.0026667559127,1.02015637881834
12,1,1.00978202695665,1.0010838003632,1.01855583078534
12.2,1,1.00823496216158,0.999539708317812,1.01700585826226
12.4,1,1.00674356048458,0.998046867355826,1.01551603409405
12.6,1,1.00531875637197,0.996618142864133,1.0140953274328
12.8,1,1.0039714327659,0.995266840857161,1.01275215493155
13,1,1.00271242900612,0.994006659258648,1.01149444615715
13.2,1,1.00155254991115,0.992851632871766,1.0103297179782
13.4,1,1.00050257603535,0.99181607685066,1.00926515310368
13.6,1,0.99957327510119,0.990914532567131,1.00830767887525
13.8,1,0.998775414609305,0.990161718532755,1.00746404365762
14,1,0.998119775632809,0.989572487661763,1.00674088955655
14.2,1,0.99761716780618,0.989161790745859,1.00614482161829
14.4,1,0.997277853419738,0.988943933591367,1.00568200394304
14.6,1,0.997099576843588,0.988918103375565,1.00534873691567
14.8,1,0.997068132267624,0.989068834657506,1.00513212584228
15,1,0.997168902878803,0.989379844774115,1.00501928164459
15.2,1,0.997387322646197,0.989834654137836,1.00499761977097
15.4,1,0.997708858046002,0.990416616331239,1.00505479109464
15.6,1,0.998118991934549,0.991108939383945,1.00517862615555
15.8,1,0.998603209553602,0.991894701461215,1.00535708947907
16,1,0.999146986658397,0.992756863484627,1.00557824142811
16.2,1,0.999735779764142,0.993678280722021,1.00583020554136
16.4,1,1.00035501851117,0.994641715079308,1.00610113962562
16.6,1,1.00099010015241,0.995629849668352,1.00637920903728
16.8,1,1.0016263861697,0.996625307193587,1.00665256062628
17,1,1.00224920102697,0.997610673784312,1.00690929573633
17.2,1,1.0028438330697,0.998568530092969,1.0071374404642
17.4,1,1.00339553757973,0.999481491772356,1.00732491108923
17.6,1,1.00388954199392,1.00033226181108,1.00745947221595
17.8,1,1.00431105329342,1.00110369758539,1.00752868479073
18,1,1.00464526756761,1.00177889574625,1.00751984088679
18.2,1,1.00487738175349,1.00234129795822,1.00741988224638
18.4,1,1.00499260754665,1.00277481963503,1.00721530043107
18.6,1,1.004976187475,1.00306400158876,1.00689201864694
18.8,1,1.00481341311996,1.00319418025701,1.00643525954976
19,1,1.00448964546305,1.00315166546464,1.00582941002757
19.2,1,1.00399033732781,1.00292390595953,1.00505790265636
19.4,1,1.00330105787826,1.00249961430657,1.00410314216021
19.6,1,1.00240751912573,1.00186881756892,1.00294651034058
19.8,1,1.00130119068328,1.00102816756379,1.00157428826784
20,1,1,1,1
20.2,1,0.998529628869629,0.998246308948794,0.998813029201658
20.4,1,0.996915708329314,0.9963370040355,0.997494748753031
20.6,1,0.995183778019467,0.994296792187891,0.996071555107608
20.8,1,0.993359253118703,0.992151087898984,0.994568889549023
21,1,0.991467397759949,0.989925818947744,0.99301137722197
21.2,1,0.989533304882865,0.98764725843826,0.991422952989056
21.4,1,0.987581882461242,0.985341886461435,0.989826970685533
21.6,1,0.985637846032088,0.983036280725604,0.98824629627474
21.8,1,0.983725717445629,0.980757033605637,0.986703387286679
22,1,0.981869829752414,0.978530692418411,0.985220361555924
22.2,1,0.98009433814495,0.976383719757515,0.983819058251348
22.4,1,0.978423236876814,0.974342471042528,0.982521093878004
22.6,1,0.976880382091856,0.972433186851457,0.981347915537259
22.8,1,0.975489520509874,0.970681998004956,0.980320853359152
23,1,0.974274323932949,0.969114941711929,0.97946117371613
23.2,1,0.973258429558476,0.967757987352231,0.978790134606114
23.4,1,0.97246548611077,0.966637070660198,0.978329044457983
23.6,1,0.971919205832983,0.965778135183206,0.978099325563861
23.8,1,0.97164342241513,0.965207179920902,0.978122583381482
24,1,0.971662154972169,0.964950311996882,0.978420683083017
24.2,1,0.971999678228746,0.965033803061471,0.979015834968223
24.4,1,0.972680599114382,0.965484147847928,0.979930690734171
24.6,1,0.973729940024968,0.966328122867464,0.981188453138986
24.8,1,0.975173229063746,0.967592842576092,0.982813002368637
25,1,0.977036174871605,0.969305344941433,0.984828663113806
25.2,1,0.979325861971082,0.971471902242756,0.987243317805958
25.4,1,0.98202300168132,0.974069688391338,0.990041254054248
25.6,1,0.985106586713863,0.977074000476033,0.993205209343652
25.8,1,0.988555780667197,0.980460369540575,0.996718033538112
26,1,0.992349831603045,0.984204501788997,1.00056257260822
26.2,1,0.996467990641812,0.988282232024738,1.00472155038084
26.4,1,1.00088943540782,0.992669489738012,1.00917744754639
26.6,1,1.00559319820684,0.997342277230343,1.0139123782941
26.8,1,1.01055809886695,1.0022766580665,1.01890796614544
27,1,1.01576268221876,1.00744875302323,1.02414522177136
27.2,1,1.02118516023355,1.01283473968613,1.02960442668504
27.4,1,1.02680335887654,1.01841085110189,1.03526502752735
27.6,1,1.0325946697691,1.02415336859819,1.04110554603262
27.8,1,1.03853600678667,1.0300386041529,1.04710350956157
28,1,1.04460376774936,1.03604286854074,1.05323540630428
28.2,1,1.05077380138938,1.04214242278201,1.05947666801512
28.4,1,1.05702137980303,1.04831341192363,1.06580168168458
28.6,1,1.06332117661549,1.05453178159627,1.07218383018051
28.8,1,1.06964725110327,1.0607731788285,1.07859556088735
29,1,1.07597303853207,1.06701283907186,1.08500848092416
29.2,1,1.08227134697665,1.0732254612369,1.09139347769174
29.4,1,1.08851436089356,1.07938507183417,1.09772086421216
29.6,1,1.09467365171747,1.08546487823389,1.10396054980072
29.8,1,1.10072019574695,1.09143710985934,1.11008223779503
30,1,1.10662439957483,1.09727284513764,1.116055653032
30.2,1,1.11235613330334,1.10294182166705,1.1218508020916
30.4,1,1.11788418500664,1.10841156136574,1.12743776287227
30.6,1,1.12317256068409,1.11364315175445,1.132783512462
30.8,1,1.12818285652488,1.11859456054647,1.13785334083408
31,1,1.13287623226379,1.12322333575386,1.14261208503725
31.2,1,1.13721351734721,1.12748705677902,1.14702388489652
31.4,1,1.14115532130789,1.1313437463714,1.1510519870959
31.6,1,1.14466215705719,1.13475223832572,1.15465862022185
31.8,1,1.14769457695961,1.13767248477799,1.15780495670469
32,1,1.15021332143814,1.14006579061695,1.16045117369746
32.2,1,1.15217947973137,1.14189496972979,1.1625566174691
32.4,1,1.15355466228597,1.1431244264575,1.164080066949
32.6,1,1.1543011841226,1.14372017326193,1.1649800841291
32.8,1,1.15438225835938,1.1436498002426,1.16521543407099
33,1,1.15376219891768,1.1428824129682,1.16474555610158
33.2,1,1.15240663127101,1.14138855249663,1.16353107002212
33.4,1,1.15028270993128,1.13914010663536,1.16153430562198
33.6,1,1.1473593412004,1.13611021585357,1.15871984906918
33.8,1,1.14360740955079,1.13227317202619,1.15505510462559
34,1,1.13900000583912,1.12760430427974,1.15051087369712
34.2,1,1.13351265540607,1.12207984437314,1.14506195473417
34.4,1,1.12712354397417,1.11567676519416,1.1386877660393
34.6,1,1.11981373912901,1.1083725915397,1.13137298767025
34.8,1,1.11156740505936,1.10014519466503,1.12310820606421
35,1,1.10237200814235,1.09097260412105,1.11389052277336
35.2,1,1.09221851089395,1.08083290458952,1.10372405436015
35.4,1,1.08110155176556,1.06970433017477,1.09262020565902
35.6,1,1.06902021114532,1.05756632147447,1.0805981512761
35.8,1,1.05606557478357,1.04448998955433,1.0677694467123
36,1,1.04250621588162,1.03073347034572,1.05441342638004
36.2,1,1.02862140181231,1.01657892393565,1.04080653587631
36.4,1,1.01467727364228,1.00230662610133,1.02720060192643
36.6,1,1.00092635114448,0.988190357384929,1.01382648892329
36.8,1,0.987607691143572,0.974492801978586,1.00089908270802
37,1,0.974947641403394,0.961461898417152,0.988622539325666
37.2,1,0.963161135334069,0.949328419737071,0.977195408175968
37.4,1,0.952453479644626,0.938304530152512,0.966815784998614
37.6,1,0.943022597217495,0.928582819205972,0.957686918678142
37.8,1,0.935061700566308,0.92033533632121,0.950023702622235
38,1,0.928762387040137,0.913712442938428,0.944060221842268
38.2,1,0.924318165421776,0.908841971865338,0.94005789496622
38.4,1,0.921928444919299,0.905830308846862,0.938312672086807
38.6,1,0.921803042209803,0.904768160744155,0.93915865466394
38.8,1,0.924167290906385,0.905743468801295,0.942965873893173
39,1,0.92926787169412,0.908860507075797,0.950133459029156
39.2,1,0.93737952197919,0.914259159213719,0.961084567073539
39.4,1,0.948812833347108,0.922127218431897,0.976270708346578
39.6,1,0.963923406294054,0.932703773080061,0.996188028845656
39.8,1,0.983122708403232,0.946277819868378,1.02140221347737
40,1,1.00689107948705,0.963187551033504,1.05257760533009
0,2,1.05069103312381,1.02765474596093,1.07424371018158
0.2,2,1.05311639856678,1.03135187043918,1.07534022162387
0.4,2,1.05493702107399,1.03411258540347,1.07618080868657
0.6,2,1.05619624339416,1.03608671978125,1.07669607501143
0.8,2,1.05693857737035,1.03741207755729,1.07683261116841
1,2,1.05720947173782,1.03820761443706,1.07655911167458
1.2,2,1.05705509718105,1.0385715488554,1.07586759882637
1.4,2,1.0565221498168,1.03858271390574,1.07477145354725
1.6,2,1.05565767402264,1.03830338850615,1.07330202044919
1.8,2,1.05450890530398,1.03778244895624,1.07150495027526
2,2,1.05312313368755,1.03705830716979,1.06943681665751
2.2,2,1.05154758794835,1.03616152633126,1.06716211866613
2.4,2,1.04982934082092,1.03511723872062,1.06475054575529
2.6,2,1.04801523521519,1.033947591887,1.06227427952962
2.8,2,1.04615183135245,1.03267444324041,1.0598051122558
3,2,1.04428537465848,1.03132239235082,1.0574112923504
3.2,2,1.0424617841981,1.02992196638758,1.0551542805958
3.4,2,1.04072666140862,1.02851241839509,1.05308595637264
3.6,2,1.03912531888739,1.02714335830878,1.05124705292425
3.8,2,1.03770006684126,1.02587187009624,1.04966464147353
4,2,1.03646023751983,1.02472935570809,1.04832541194973
4.2,2,1.03539369987201,1.02372449503955,1.0471959193408
4.4,2,1.03448808631931,1.02286150943602,1.04624681920689
4.6,2,1.03373114959138,1.02214070516587,1.04545302249959
4.8,2,1.03311074470904,1.0215589034933,1.04479321474611
5,2,1.03261481245044,1.02110996033914,1.04424928980019
5.2,2,1.0322313642694,1.02078528624273,1.04380578731039
5.4,2,1.03194846864021,1.02057432246659,1.04344937794939
5.6,2,1.03175423880778,1.02046495861719,1.04316841093724
5.8,2,1.03163682192623,1.02044389362238,1.04295252194228
6,2,1.03158438957286,1.02049694947092,1.04279229189479
6.2,2,1.03158512962751,1.02060934925462,1.04267894512804
6.4,2,1.03162723951033,1.02076597005265,1.042604076275
6.6,2,1.03169892077319,1.0209515784013,1.04255939815608
6.8,2,1.03178837504219,1.02115105227367,1.04253650672133
7,2,1.03188380130988,1.0213495892003,1.04252666341152
7.2,2,1.03197339457714,1.0215328959474,1.04252059952252
7.4,2,1.03204534584536,1.02168735169102,1.04250835063991
7.6,2,1.03208784345946,1.02180013457984,1.04247913125869
7.8,2,1.03208907580253,1.02185930151416,1.04242125976886
8,2,1.03203723534174,1.02185381303424,1.04232214192084
8.2,2,1.03192052402456,1.02177349899238,1.04216831710083
8.4,2,1.03172716002241,1.02160896522326,1.04194556720171
8.6,2,1.0314453858172,1.02135144548689,1.04163908380864
8.8,2,1.03106347762373,1.02099260540289,1.04123368696685
9,2,1.03056975861692,1.020524307535,1.0407140913097
9.2,2,1.02995717397568,1.01994254434098,1.04007013543042
9.4,2,1.02923273686199,1.0192557082529,1.03930742604738
9.6,2,1.02840615800101,1.01847385459261,1.03843532265974
9.8,2,1.02748715004016,1.0176063541657,1.03746388687127
10,2,1.02648541847573,1.01666204653651,1.03640370753768
10.2,2,1.0254106534841,1.01564937921056,1.03526574209692
10.4,2,1.02427252265969,1.01457653475885,1.03406117205836
10.6,2,1.02308066465925,1.01345154774932,1.03280127079003
10.8,2,1.02184468375088,1.0122824127361,1.03149728235192
11,2,1.02057414526406,1.01107718372323,1.03016031095266
11.2,2,1.01927857193619,1.00984406464535,1.02880122147685
11.4,2,1.01796744114967,1.00859148964851,1.02743055228627
11.6,2,1.01665018305292,1.00732819144489,1.02605844200488
11.8,2,1.01533617955818,1.00606325585992,1.02469457215058
12,2,1.01403476420834,1.00480616094089,1.02334812722506
12.2,2,1.01275522290514,1.00356679963328,1.02202777323487
12.4,2,1.01150679549102,1.002355485959,1.02074165468911
12.6,2,1.01029867817717,1.00118294569194,1.01949740905855
12.8,2,1.0091400268111,1.000060293533,1.01830219667521
13,2,1.00803996097728,0.998998999567099,1.01716274327342
13.2,2,1.00700756892594,0.998010848216259,1.01608539194394
13.4,2,1.00605191332582,0.997107892936696,1.01507616124226
13.6,2,1.00518203783825,0.996302409564323,1.01414080653934
13.8,2,1.00440697451138,0.99560685055898,1.01328488236164
14,2,1.00373575199536,0.995033801515325,1.01251380435459
14.2,2,1.00317740458103,0.994595940256224,1.01183291056132
14.4,2,1.00274052023592,0.994305432072351,1.01124716660488
14.6,2,1.00242390248195,0.994162394811048,1.01075406343259
14.8,2,1.00221701912969,0.994155234813153,1.01034417791098
15,2,1.00210900925533,0.994271650125783,1.01000814646948
15.2,2,1.0020890480993,0.994499136528196,1.00973688506775
15.4,2,1.00214633698465,0.99482502351694,1.00952153091337
15.6,2,1.0022700944124,0.995236502304386,1.00935339472326
15.8,2,1.00244954832572,0.995720648381645,1.00922392095787
16,2,1.00267392953758,0.996264440704655,1.00912465395557
16.2,2,1.00293246631852,0.996854779216234,1.00904720824694
16.4,2,1.00321438014312,0.997478502192234,1.00898324155761
16.6,2,1.00350888259496,0.998122404778009,1.00892442913449
16.8,2,1.00380517343139,0.998773260048428,1.00886243806605
17,2,1.0040924398097,0.999417843970086,1.00878890022417
17.2,2,1.00435985667704,1.00004296575695,1.0086953823437
17.4,2,1.00459658832646,1.0006355052734,1.00857335159362
17.6,2,1.00479179112082,1.00118245931997,1.00841413481168
17.8,2,1.00493461738618,1.00167099877727,1.00820886943306
18,2,1.00501422047495,1.00208853857955,1.00794844414508
18.2,2,1.00501976099767,1.00242282217036,1.00762342761601
18.4,2,1.00494041422089,1.00266202121274,1.00722398452169
18.6,2,1.00476537862634,1.00279484957406,1.00673977984126
18.8,2,1.00448388562416,1.00281068768369,1.00615987530926
19,2,1.0040852104104,1.0026997091715,1.00547262609454
19.2,2,1.00355868395568,1.00245299662546,1.00466559083881
19.4,2,1.00289370610867,1.00206262849653,1.00372547298911
19.6,2,1.00207975979427,1.00152171607921,1.00263811444896
19.8,2,1.00111063213215,1.00082838532388,1.00139295853774
20,2,1,1,1
20.2,2,0.998767362630582,0.998476193190818,0.999058616979373
20.4,2,0.9974321758107,0.996839410976456,0.99802529312915
20.6,2,0.996013829449516,0.99510829554028,0.996920187381286
20.8,2,0.994531629711005,0.993302105778691,0.995762675566097
21,2,0.993004784889028,0.991440573995165,0.994571463662242
21.2,2,0.991452395000441,0.989543779282888,0.993364692024505
21.4,2,0.989893445065094,0.987632040550252,0.992160027571506
21.6,2,0.988346802036944,0.985725829372122,0.990974743675801
21.8,2,0.986831215347924,0.983845701354059,0.989825788987823
22,2,0.985365321025487,0.982012244045175,0.988729847074081
22.2,2,0.983967649346035,0.980246039280011,0.98770338890703
22.4,2,0.982656635989512,0.978567637930928,0.986762720148714
22.6,2,0.981450636665481,0.976997545261269,0.985924024971307
22.8,2,0.980367945187784,0.975556215301511,0.985203407939613
23,2,0.979426814983572,0.974264052881484,0.984616935287416
23.2,2,0.978645484032902,0.97314142212033,0.98418067677276
23.4,2,0.978042203247435,0.972208660292709,0.983910749205935
23.6,2,0.977635268310815,0.971486096050199,0.983823362713131
23.8,2,0.977443055019295,0.97099407097657,0.983934870832498
24,2,0.977484058179053,0.970752963388349,0.984261825644257
24.2,2,0.977776934136405,0.97078321314734,0.984821039323106
24.4,2,0.978340547039051,0.971105346013425,0.985629653785716
24.6,2,0.979194018950416,0.971739995711008,0.986705220511906
24.8,2,0.980356783965489,0.97270792137939,0.988065793176876
25,2,0.981848317322457,0.974029651487105,0.989729744630575
25.2,2,0.983673481913499,0.975709171680285,0.991702801515624
25.4,2,0.985816524100335,0.977727442069948,0.99397252994331
25.6,2,0.988260301278866,0.980063913638046,0.996525236255654
25.8,2,0.990987768070436,0.982698220792744,0.999347241794126
26,2,0.993981922644467,0.985610161275164,1.00242479365851
26.2,2,0.997225756277457,0.988779683474147,1.00574397472351
26.4,2,1.0007022060697,0.992186880973138,1.00929061292423
26.6,2,1.00439411076659,0.99581199325697,1.01305019077259
26.8,2,1.00828416965518,0.99963541069385,1.01700775692969
27,2,1.01235490452881,1.00363768122876,1.0211478423855
27.2,2,1.01658862473303,1.00779951576002,1.02545438430503
27.4,2,1.02096739532516,1.01210178900237,1.02991066080864
27.6,2,1.02547300839693,1.01652553282113,1.03449923980975
27.8,2,1.03008695762577,1.02105191954764,1.0392019445405
28,2,1.03479041613397,1.02566223358757,1.04399983762422
28.2,2,1.03956421774811,1.03033783057836,1.04887322463508
28.4,2,1.04438884176128,1.03506008427688,1.05380167718234
28.6,2,1.04924440131026,1.03981032210475,1.05876407482904
28.8,2,1.05411063548649,1.04456975072459,1.06373866472292
29,2,1.0589669053054,1.04931937310988,1.06870313773829
29.2,2,1.06379219366149,1.05403989831045,1.07363472019331
29.4,2,1.06856510939786,1.05871164456924,1.07851028075454
29.6,2,1.07326389561779,1.06331443571446,1.08330645286754
29.8,2,1.07786644236235,1.06782748995735,1.08799977383732
30,2,1.08235030377232,1.07222929951051,1.09256684238235
30.2,2,1.08669271984423,1.07649749897669,1.09698449693103
30.4,2,1.09087014068353,1.08060811559038,1.10122961938405
30.6,2,1.09485505475993,1.08453172702698,1.10527664711053
30.8,2,1.09861802042779,1.08823630543464,1.10909877641569
31,2,1.10212933997405,1.09168952806014,1.11266898766543
31.2,2,1.1053591286051,1.09485906732006,1.11595988895752
31.4,2,1.1082773837648,1.0977128520542,1.11894358990697
31.6,2,1.11085406224611,1.10021930402284,1.12159161641383
31.8,2,1.11305916501963,1.10234754321077,1.12387487273359
32,2,1.11486282964415,1.10406755585004,1.12576365670416
32.2,2,1.11623543006118,1.10535032093663,1.12722773199006
32.4,2,1.11714768350753,1.10616789390628,1.12823645817365
32.6,2,1.11757076420744,1.10649344932497,1.12875897618115
32.8,2,1.11747642342976,1.10630128717814,1.12876444364137
33,2,1.11683711541561,1.10556680902199,1.12822231292676
33.2,2,1.11562612860019,1.1042664706194,1.12710264409036
33.4,2,1.11381772146813,1.10237771679086,1.12537644562332
33.6,2,1.11138726229671,1.09987890239971,1.12301603758418
33.8,2,1.10831137195679,1.09674920113717,1.11999543371914
34,2,1.10456806885724,1.09296850159821,1.11629074118324
34.2,2,1.10013691503743,1.08851728858339,1.1118805778484
34.4,2,1.09499916233493,1.08337650722669,1.10674650734633
34.6,2,1.08913789748229,1.07752740921307,1.10087349016807
34.8,2,1.08253818492083,1.07095138509124,1.09425034425055
35,2,1.07518720606021,1.06362979592321,1.0868701991111
35.2,2,1.06707439366327,1.05554383273695,1.07873091225345
35.4,2,1.05819155999631,1.04667445409863,1.06983539462778
35.6,2,1.04853352338922,1.03700298793771,1.06019226796775
35.8,2,1.03817176722748,1.02658637475697,1.04988790497379
36,2,1.02732743658484,1.01563709982748,1.03915233318993
36.2,2,1.01623236947713,1.00438777879565,1.02821664159577
36.4,2,1.00510934753591,0.993070566210425,1.01729407242345
36.6,2,0.994171791342312,0.981914422238633,1.00658217082443
36.8,2,0.983623923726255,0.971142051448216,0.996266222725939
37,2,0.973661367001566,0.960967114363198,0.986523309093233
37.2,2,0.964472142317995,0.951591980555077,0.977526642001395
37.4,2,0.95623804391747,0.943205928213537,0.969450222145016
37.6,2,0.949136367849542,0.93598343637704,0.962474131232094
37.8,2,0.943341983460611,0.93008212676431,0.956790881312039
38,2,0.939029746639753,0.925640084375029,0.952613094396917
38.2,2,0.936377266405835,0.922772943454857,0.950182156142249
38.4,2,0.935568051110659,0.921572555157763,0.949776090184409
38.6,2,0.936795077620249,0.922110984112436,0.951713006974139
38.8,2,0.940264846814166,0.924453942853797,0.95634616412068
39,2,0.946202012326918,0.928683203213902,0.964051298691678
39.2,2,0.954854697636389,0.934919294869466,0.975215185526337
39.4,2,0.966500650715281,0.943333560577569,0.990236695555634
39.6,2,0.981454427274934,0.954147371108611,1.00954299302673
39.8,2,1.00007584548484,0.967625656638847,1.03361428033683
40,2,1.02278002002674,0.984072434581126,1.06301013279694
0,3,1.03368012215038,1.01188555977112,1.05594410811684
0.2,3,1.03610437595031,1.01547372717463,1.0571541627672
0.4,3,1.03800452380572,1.01825850634547,1.05813345503796
0.6,3,1.03941739638182,1.02036203635286,1.05882861710815
0.8,3,1.04038076507983,1.02189662576608,1.05919924682858
1,3,1.04093316745647,1.02295988080644,1.05922224267169
1.2,3,1.04111374535254,1.02363324583931,1.05889275789715
1.4,3,1.04096209654002,1.02398287686171,1.05822285793881
1.6,3,1.04051814053566,1.02406168584059,1.05723904697702
1.8,3,1.03982199908093,1.02391174984045,1.05597947278283
2,3,1.03891389165337,1.0235666842231,1.05449121284128
2.2,3,1.03783404625523,1.02305387365042,1.05282774965042
2.4,3,1.03662262562137,1.02239662114603,1.05104657598105
2.6,3,1.03531966890083,1.02161633686865,1.04920680898502
2.8,3,1.03396504879578,1.0207348581638,1.04736672171111
3,3,1.03259844408659,1.01977687346953,1.04558121925472
3.2,3,1.03125932743448,1.01877223460455,1.04389947458022
3.4,3,1.0299869683317,1.01775775687905,1.04236312399748
3.6,3,1.02882045106407,1.01677804460975,1.04100548407685
3.8,3,1.02779635302029,1.01588270535773,1.03984971661647
4,3,1.02692316941121,1.01509794446143,1.03888615047199
4.2,3,1.02619108034295,1.01443003551133,1.03808847974875
4.4,3,1.02559003399673,1.01388154515363,1.03743373460263
4.6,3,1.02511005420496,1.01345190377213,1.03690231309524
4.8,3,1.02474122832819,1.01313779269961,1.03647755774412
5,3,1.02447369612152,1.01293356594831,1.03614530046924
5.2,3,1.02429763957409,1.01283165708536,1.03589342522756
5.4,3,1.0242032737082,1.01282294850743,1.03571147101324
5.6,3,1.02418083832726,1.01289709719735,1.03559028108495
5.8,3,1.02422059070407,1.01304282022617,1.03552169511253
6,3,1.02431279920295,1.01324814729673,1.03549827691292
6.2,3,1.02444773783121,1.0135006484563,1.03551306962259
6.4,3,1.02461568171686,1.01378764401111,1.03555937125685
6.6,3,1.02480690351093,1.01409640141983,1.03563052586838
6.8,3,1.02501167071369,1.01441432101281,1.03571972845403
7,3,1.02522024392516,1.01472910917136,1.03581984497546
7.2,3,1.02542287602057,1.01502893453447,1.0359232519303
7.4,3,1.02560981225194,1.01530256036904,1.03602170234372
7.6,3,1.02577129127715,1.01553944493928,1.03610622635274
7.8,3,1.02589754711741,1.01572980189527,1.03616707437126
8,3,1.02597881204405,1.01586461442453,1.03619370909933
8.2,3,1.02600532039445,1.01593559982646,1.0361748497223
8.4,3,1.02596731331649,1.01593512456714,1.03609856824504
8.6,3,1.02585504443939,1.01585607285727,1.03595243491703
8.8,3,1.02565878646765,1.0156916735572,1.03572370793787
9,3,1.02536884069282,1.01543529210546,1.03539956473616
9.2,3,1.02497922726897,1.01508358012939,1.03497134314693
9.4,3,1.02449531176839,1.01464312135482,1.03444316700628
9.6,3,1.02392463936282,1.01412176713538,1.03382226974163
9.8,3,1.02327476205239,1.01352675813727,1.03311652134157
10,3,1.02255323260325,1.01286486429627,1.03233427317458
10.2,3,1.02176759903496,1.0121425129814,1.03148421595531
10.4,3,1.02092539965932,1.01136590687233,1.03057524936038
10.6,3,1.02003415867171,1.01054113291333,1.0296163619362
10.8,3,1.01910138229468,1.00967426318122,1.02861652046342
11,3,1.01813455547278,1.00877144779176,1.0275845686522
11.2,3,1.01714113911705,1.0078389992271,1.02652913578234
11.4,3,1.01612856789683,1.00688346683466,1.02545855653185
11.6,3,1.01510424857591,1.00591169984511,1.02438080363866
11.8,3,1.01407555889003,1.00493089717407,1.02330343512167
12,3,1.01304984696204,1.0039486425473,1.02223355751135
12.2,3,1.01203443125116,1.00297292409989,1.02117780592834
12.4,3,1.01103660103247,1.00201213845544,1.02014234099296
12.6,3,1.01006361740315,1.00107508024897,1.01913286159097
12.8,3,1.00912271481164,1.00017091895243,1.01815463162576
13,3,1.00822110310662,0.999309165545596,1.01721251820455
13.2,3,1.00736597010288,0.998499631943501,1.01631103833872
13.4,3,1.0065644846615,0.997752386105099,1.01545441122618
13.6,3,1.00582380028247,0.997077705424441,1.01464661350944
13.8,3,1.00515105920866,0.996486030404659,1.01389143550563
14,3,1.00455339704045,0.995987919804412,1.01319253721841
14.2,3,1.00403794786171,0.995594007473498,1.0125535039173
14.4,3,1.00361150771591,0.99531451664538,1.01197766291463
14.6,3,1.00327361457708,0.995150198940682,1.01146334169255
14.8,3,1.00301688100711,0.995092565748255,1.01100430071923
15,3,1.00283366961318,0.995132513759983,1.01059442335977
15.2,3,1.00271636587501,0.995260735055825,1.01022784781838
15.4,3,1.00265737286493,0.995467756753471,1.00989891489712
15.6,3,1.00264910654908,0.995743972606765,1.00960212516464
15.8,3,1.00268399166628,0.996079668927723,1.00933210315005
16,3,1.00275445818185,0.99646504675875,1.00908356662812
16.2,3,1.00285293831465,0.996890241907342,1.00885129937885
16.4,3,1.00297186413612,0.99734534425343,1.00863012600887
16.6,3,1.00310366574095,0.997820417632491,1.00841488753092
16.8,3,1.00324076998898,0.998305521573525,1.00820041642326
17,3,1.0033755998189,0.998790736219393,1.00798150984331
17.2,3,1.00350057413391,0.999266191866747,1.00775289956109
17.4,3,1.00360810825995,0.999722104715832,1.00750921702529
17.6,3,1.00369061497702,1.00014882058387,1.00724495181112
17.8,3,1.00374050612378,1.00053686844974,1.00695440158509
18,3,1.00375019477564,1.00087702565853,1.00663161175993
18.2,3,1.00371209799581,1.00116039625912,1.00627030336747
18.4,3,1.00361864015857,1.00137850304219,1.00586378858116
18.6,3,1.0034622568431,1.00152339210899,1.00540487505565
18.8,3,1.0032353992957,1.00158774598083,1.00488576306849
19,3,1.00293053945719,1.00156499731317,1.00429794339285
19.2,3,1.00254017555127,1.00144943063619,1.00363210846889
19.4,3,1.00205683822865,1.00123625531527,1.00287809366692
19.6,3,1.00147309726034,1.00092163042239,1.00202486793393
19.8,3,1.0007844496319,1.00050531333134,1.00106366381018
20,3,1,1,1
20.2,3,0.999132841752735,0.998844498606621,0.999421268136799
20.4,3,0.998196046979115,0.99760869416351,0.998783745604989
20.6,3,0.997202656030783,0.996304900000994,0.998101221015631
20.8,3,0.996165669335828,0.994946070665095,0.997386762982984
21,3,0.995098040907783,0.993545672183665,0.996652835135551
21.2,3,0.99401267354185,0.992117566806418,0.995911400240942
21.4,3,0.992922415688363,0.990675914754581,0.995174010887959
21.6,3,0.991840059992053,0.98923509299024,0.994451886690948
21.8,3,0.990778343484854,0.98780962967212,0.993755979322074
22,3,0.989749949419769,0.986414152396063,0.993097027244503
22.2,3,0.988767510733657,0.985063348200989,0.992485602137087
22.4,3,0.987843615127778,0.983771933433482,0.991932148890379
22.6,3,0.986990811756451,0.982554631770172,0.991447020850765
22.8,3,0.986221619516299,0.981426158919629,0.9910405117712
23,3,0.985548536931239,0.980401212724859,0.990722885733409
23.2,3,0.984984053631616,0.979494467544665,0.990504406156159
23.4,3,0.984540663429741,0.978720571899236,0.990395364905512
23.6,3,0.984230878998451,0.978094148418551,0.990406112479396
23.8,3,0.984067248164321,0.977629795128365,0.990547090253675
24,3,0.984062371832727,0.977342087042553,0.990828865855328
24.2,3,0.984228923568095,0.97724557689367,0.991262172879001
24.4,3,0.984579670859513,0.97735479361217,0.991857956399915
24.6,3,0.985127498109256,0.977684236838818,0.992627426078667
24.8,3,0.985885431389912,0.978248365297492,0.993582119129113
25,3,0.986866445116883,0.979061319501643,0.994733793582374
25.2,3,0.98807366647021,0.980125462898409,0.996086324994371
25.4,3,0.989496393278229,0.981426908830062,0.99763222660951
25.6,3,0.991122966258254,0.982950683086688,0.999363194051444
25.8,3,0.992941774802292,0.984681937833373,1.00127089800886
26,3,0.994941232781808,0.986605961250763,1.00334692427201
26.2,3,0.997109755808907,0.988708191501055,1.00558271254925
26.4,3,0.999435739928807,0.990974234970311,1.0079694940575
26.6,3,1.00190754172612,0.993389887933791,1.01049822870211
26.8,3,1.00451345983459,0.995941160073326,1.01315954339569
27,3,1.00724171784645,0.998614297678188,1.01594367367771
27.2,3,1.01008044862376,1.0013958039452,1.01884041122646
27.4,3,1.01301768001982,1.00427245362511,1.0218390600364
27.6,3,1.0160413220235,1.00723129938515,1.02492840392216
27.8,3,1.01913915534466,1.0102596676737,1.02809668760536
28,3,1.02229882146235,1.01334514253003,1.0313316129922
28.2,3,1.02550781416168,1.01647553657785,1.03462035146196
28.4,3,1.0287534725882,1.01963884924301,1.03794957219215
28.6,3,1.03202297585137,1.02282321290668,1.04130548587999
28.8,3,1.03530333921096,1.0260168281389,1.04467390279125
29,3,1.03858141188161,1.02920788929203,1.04804030393507
29.2,3,1.0418438764922,1.03238450156701,1.05138992433223
29.4,3,1.0450772502368,1.03553459024102,1.05470784776808
29.6,3,1.04826788775401,1.03864580214851,1.05797911301733
29.8,3,1.05140198577095,1.04170539884288,1.06118883218904
30,3,1.05446558954637,1.04470014026199,1.06432232244033
30.2,3,1.05744460114591,1.04761615732734,1.0673652526946
30.4,3,1.06032408004977,1.05043802866824,1.07030317262863
30.6,3,1.06308373828545,1.05314379069011,1.07311750265972
30.8,3,1.06570079273856,1.05570843280104,1.07578773111651
31,3,1.06815228733898,1.05810672419354,1.07829322209164
31.2,3,1.07041513606392,1.06031344919402,1.0806130624729
31.4,3,1.07246616024982,1.06230361031185,1.08272593043654
31.6,3,1.07428213080886,1.06405260733142,1.08460999824962
31.8,3,1.07583981533381,1.06553638794046,1.08624287387749
32,3,1.07711603004822,1.06673156563134,1.08760158559683
32.2,3,1.07808769653042,1.06761550199909,1.0886626123674
32.4,3,1.07873190310793,1.06816635272735,1.08940196048273
32.6,3,1.07902597078492,1.0683630789644,1.08979528453654
32.8,3,1.07894752352875,1.06818542788429,1.08981804857098
33,3,1.07847456270297,1.06761388755827,1.08944572185876
33.2,3,1.07758554539364,1.06662962161225,1.08865400333259
33.4,3,1.0762594663334,1.06521438854253,1.08741906918581
33.6,3,1.07447594308442,1.06335044922963,1.08571783940427
33.8,3,1.07221530409679,1.06102046446785,1.08352826061274
34,3,1.06945867921391,1.0582073825933,1.08082960425304
34.2,3,1.06618809215168,1.05489431593337,1.07760278036976
34.4,3,1.06238655443348,1.05106440422745,1.07383066775116
34.6,3,1.05803816021962,1.04670066389096,1.06949846035212
34.8,3,1.05312818142811,1.04178582469334,1.06459402713082
35,3,1.04764316250351,1.03630216100921,1.05910827675153
35.2,3,1.04157101415422,1.03023133432727,1.05303550899534
35.4,3,1.03490110534481,1.0235542779335,1.04637372041104
35.6,3,1.02762477155107,1.01625159376973,1.03912522999167
35.8,3,1.019796407237,1.00836564518186,1.03135674760709
36,3,1.01159491259221,1.0000673410513,1.02325536009074
36.2,3,1.00320953900927,0.991545219077631,1.01501107543578
36.4,3,0.994823734939047,0.982988951978459,1.00680100382223
36.6,3,0.986614977248043,0.974587557274662,0.998790828042375
36.8,3,0.978754927190715,0.966527184779938,0.991137365389483
37,3,0.971409892779229,0.958988899604251,0.983991764846046
37.2,3,0.9647415808578,0.952146691667501,0.977503073823656
37.4,3,0.958908125162397,0.946165697030808,0.971822161158442
37.6,3,0.954065380969896,0.941200411277173,0.967106197850117
37.8,3,0.950368482548978,0.937392577506186,0.963524007225764
38,3,0.947973666500952,0.934868524746104,0.961262518302581
38.2,3,0.947040372264386,0.933736187845561,0.960534119137098
38.4,3,0.947733640667498,0.934083092093486,0.961583676287095
38.6,3,0.95022684264798,0.935978151170435,0.964692446463243
38.8,3,0.954704783426637,0.939480899170453,0.970175364185167
39,3,0.961367242950503,0.944659095340715,0.978370906898331
39.2,3,0.970433031899104,0.951609127066619,0.989629294859589
39.4,3,0.982144664752656,0.960469651781605,1.00430881987039
39.6,3,0.996773778374041,0.971423853824147,1.02278522536047
39.8,3,1.01462745758704,0.984694371024572,1.04547046066524
40,3,1.03605567006973,1.00053785521185,1.07283432195211
0,4,1.0194117621378,0.997563790699758,1.04173823315692
0.2,4,1.02194635532892,1.00122613100014,1.04309538158661
0.4,4,1.02403072777192,1.00421708292356,1.04423530455009
0.6,4,1.02569454782383,1.00662962327005,1.04512054991779
0.8,4,1.02696823990608,1.00854887322863,1.04572400383487
1,4,1.02788286030523,1.01004927603771,1.04603131706003
1.2,4,1.02846998130515,1.01119370585449,1.0460414224513
1.4,4,1.0287615841893,1.01203395963333,1.0457656949448
1.6,4,1.02878996155655,1.01261203476891,1.04522635388298
1.8,4,1.02858762930584,1.01296175204571,1.04445455025755
2,4,1.02818724856376,1.01311048382262,1.04348838057648
2.2,4,1.02762155775641,1.01308090791465,1.0423709081039
2.4,4,1.02692331496246,1.01289280314156,1.04114817633482
2.6,4,1.02612525062874,1.01256493021273,1.03986717153702
2.8,4,1.0252600306832,1.01211700245158,1.03857373008296
3,4,1.02436023004273,1.01157165242092,1.03731048451382
3.2,4,1.02345831648491,1.01095617338069,1.03611506924117
3.4,4,1.02258664483436,1.01030372208591,1.03501889910358
3.6,4,1.02177746140407,1.00965368511333,1.03404681825744
3.8,4,1.02106104955112,1.00904918260966,1.03321590748836
4,4,1.02044540726143,1.00851399168513,1.03251797970698
4.2,4,1.01992396896323,1.00805533995401,1.03193233668418
4.4,4,1.01948995551183,1.00767709792094,1.03144129357899
4.6,4,1.01913662272586,1.00738032251774,1.03103012096287
4.8,4,1.01885725587206,1.00716363031315,1.03068664971588
5,4,1.01864516460174,1.00702358324918,1.03040086511037
5.2,4,1.01849367833406,1.00695505292994,1.03016452401537
5.4,4,1.01839614208163,1.00695154918237,1.02997080946832
5.6,4,1.01834591271529,1.00700551063665,1.02981402483915
5.8,4,1.01833635566515,1.00710856140313,1.02968932348721
6,4,1.01836084205609,1.00725174047711,1.02959246726341
6.2,4,1.01841274627611,1.00742571069713,1.02951960701891
6.4,4,1.01848544397653,1.00762095282812,1.02946707954078
6.6,4,1.01857231050353,1.00782794819226,1.02943121748653
6.8,4,1.01866671976082,1.00803735060733,1.02940817155543
7,4,1.01876204350318,1.00824014555793,1.02939374697132
7.2,4,1.0188516510614,1.0084277919083,1.02938325897004
7.4,4,1.01892890949846,1.0085923395081,1.0293714139432
7.6,4,1.01898718419763,1.00872651516395,1.02935222376925
7.8,4,1.01901983988224,1.00882376991896,1.0293189603939
8,4,1.01902024206756,1.00887828238104,1.02926415592247
8.2,4,1.0189817589443,1.0088849156003,1.02917965072697
8.4,4,1.01889776369349,1.0088391280487,1.029056689016
8.6,4,1.01876163723161,1.0087368418126,1.02888605875628
8.8,4,1.01856677138495,1.00857427248768,1.02865827145341
9,4,1.01830657387064,1.00834772632501,1.02836377899853
9.2,4,1.01797701261474,1.00805564434426,1.02799602782455
9.4,4,1.01758187727204,1.00770296767225,1.02755763371859
9.6,4,1.01712645718511,1.00729527025202,1.0270535963572
9.8,4,1.01661604371966,1.00683753715066,1.02648952011964
10,4,1.01605592728868,1.00633430326698,1.02587146639737
10.2,4,1.0154513946492,1.00578978046225,1.02520581827855
10.4,4,1.01480772647231,1.00520797454763,1.02449915617845
10.6,4,1.01413019518666,1.00459279337896,1.02375814316774
10.8,4,1.01342406309513,1.0039481467802,1.02298941927833
11,4,1.01269458076427,1.00327803832533,1.02219950475658
11.2,4,1.01194698568585,1.00258664830567,1.02139471293505
11.4,4,1.01118650120955,1.00187840662864,1.02058107397399
11.6,4,1.01041833574558,1.00115805404533,1.01976427107147
11.8,4,1.00964768223623,1.00043069006741,1.01894959077706
12,4,1.00887971789481,0.999701806238179,1.01814188873937
12.2,4,1.00811960421062,0.998977304036464,1.01734557160338
12.4,4,1.00737248721874,0.998263497522222,1.01656459494322
12.6,4,1.00664349803294,0.997567101741247,1.01580247620759
12.8,4,1.00593775364063,0.996895208738314,1.01506232082331
13,4,1.00526035795852,0.996255253647573,1.01434685898317
13.2,4,1.00461640314792,0.995654973645252,1.01365849032905
13.4,4,1.00401097118862,0.99510236253122,1.01299933376
13.6,4,1.0034491357109,0.994605623374376,1.01237127992785
13.8,4,1.00293596408485,0.994173121068298,1.01177604457252
14,4,1.00247651976704,0.993813335860735,1.01121522163299
14.2,4,1.00207586490462,0.993534817983077,1.01069033600938
14.4,4,1.00173883045072,0.993345807542926,1.01020276807219
14.6,4,1.00146530757543,0.993247366529462,1.00975124231291
14.8,4,1.00125047196841,0.993233508727787,1.00933214476529
15,4,1.00108932494574,0.993297712009497,1.0089420567504
15.2,4,1.00097688021153,0.993433243014943,1.00857780003134
15.4,4,1.00090816131436,0.993633199629931,1.00823638718876
15.6,4,1.00087819935337,0.99389054525631,1.00791498090216
15.8,4,1.00088203093265,0.994198137184506,1.00761085982397
16,4,1.0009146963629,0.994548750944357,1.00732138916666
16.2,4,1.00097123810965,0.994935102208906,1.00704399442568
16.4,4,1.00104669948755,0.995349867632687,1.00677613685555
16.6,4,1.0011361236003,0.995785705905067,1.0065152894181
16.8,4,1.00123455252625,0.996235280278137,1.00625891194353
17,4,1.00133702674944,0.996691283876985,1.00600442419757
17.2,4,1.00143858483638,0.997146469206182,1.00574917544207
17.4,4,1.0015342633585,0.997593683411186,1.00549040893195
17.6,4,1.00161909706057,0.998025911003827,1.0052252196412
17.8,4,1.00168811927522,0.998436325856996,1.00495050341431
18,4,1.0017363625836,0.998818354214104,1.0046628957993
18.2,4,1.0017588597224,0.99916575008618,1.00435869919057
18.4,4,1.00175064473693,0.999472683503917,1.00403379781507
18.6,4,1.00170675438027,0.999733840393258,1.00368356179315
18.8,4,1.00162222975796,0.999944530129686,1.0033027442184
19,4,1.00149211821771,1.00010079308087,1.0028853789451
19.2,4,1.0013114754833,1.00019949609569,1.00242469112244
19.4,4,1.00107536803138,1.00023839998305,1.00191303642826
19.6,4,1.00077887571006,1.00021618071271,1.00134188726463
19.8,4,1.00041880108051,1.00013390080357,1.00070378251475
20,4,1,1,1
20.2,4,0.999529694935359,0.999235293486979,0.999824183122282
20.4,4,0.999015103971648,0.99841533864365,0.999615229589031
20.6,4,0.998463437043709,0.997546609063314,0.999381107664977
20.8,4,0.997881893013653,0.996636247672938,0.999129095223605
21,4,0.997277657267047,0.99569194479589,0.99886589510165
21.2,4,0.996657899826714,0.994721829080167,0.998597738832714
21.4,4,0.996029773982594,0.993734373652558,0.998330476396179
21.6,4,0.995400415435828,0.992738317478012,0.998069651997456
21.8,4,0.994776941954965,0.99174260063328,0.997820567164678
22,4,0.9941664535421,0.99075631166413,0.9975883329861
22.2,4,0.993576033106712,0.989788645082587,0.99737791342484
22.4,4,0.993012747645079,0.988848867166714,0.997194161541558
22.6,4,0.992483649923303,0.987946288421209,0.9970418502601
22.8,4,0.991995780662284,0.987090241269237,0.996925699099648
23,4,0.991556171223378,0.9862900617359,0.996850398107766
23.2,4,0.991171846793914,0.98555507403343,0.996820630080318
23.4,4,0.990849830072396,0.98489457705946,0.996841092054488
23.6,4,0.990597145453838,0.984317831869116,0.996916517013554
23.8,4,0.99042082371652,0.983834049176057,0.997051696749898
24,4,0.990327907212289,0.983452375872309,0.997251506900435
24.2,4,0.990325455563563,0.983181879423871,0.997520935304341
24.4,4,0.990420551871246,0.983031528786146,0.99786511504896
24.6,4,0.990620309438988,0.983010170172255,0.998289363884238
24.8,4,0.990931879020512,0.983126495573611,0.998799232123431
25,4,0.991362345352667,0.983388852063416,0.999400489156413
25.2,4,0.991913769447413,0.983798565234855,1.00009591474094
25.4,4,0.992581190412932,0.984347429253147,1.00088382443287
25.6,4,0.993359152034838,0.985026598890732,1.00176219204902
25.8,4,0.99424221850295,0.985827323005812,1.00272894246799
26,4,0.995224968370988,0.98674097540476,1.00378190665767
26.2,4,0.996301988829978,0.987759087995549,1.00491877524598
26.4,4,0.997467870291111,0.988873386200939,1.00613705065464
26.6,4,0.998717201274721,0.99007582582558,1.00743399859328
26.8,4,1.00004456360287,0.991358629890713,1.00880660039435
27,4,1.00144452789377,0.992714323393014,1.01025150822904
27.2,4,1.00291164935707,0.994135763565205,1.01176500562557
27.4,4,1.00444046388973,0.995616163074171,1.0133429758551
27.6,4,1.00602548447261,0.997149103726179,1.0149808806189
27.8,4,1.00766119786897,0.998728538658338,1.01667375106228
28,4,1.00934206162607,1.00034878163013,1.0184161925078
28.2,4,1.01106250138197,1.00200448279256,1.02020240353795
28.4,4,1.01281690847982,1.00369059107929,1.02202620929181
28.6,4,1.0145996378925,1.0054023040063,1.0238811081988
28.8,4,1.01640500646075,1.00713500608099,1.02576033095944
29,4,1.01822729144816,1.00888419715054,1.02765691045427
29.2,4,1.02006072941687,1.0106454118566,1.02956376142548
29.4,4,1.02189951542767,1.01241413095106,1.03147376918802
29.6,4,1.02373780256877,1.01418568464281,1.03337988721213
29.8,4,1.02556970181732,1.01595514748677,1.03527524407702
30,4,1.02738928223778,1.01771722371113,1.03715326091077
30.2,4,1.02919057152156,1.01946612144355,1.03900778086575
30.4,4,1.03096650971301,1.02119430094282,1.04083223258151
30.6,4,1.03270229507635,1.02288538180114,1.04261342397725
30.8,4,1.03437959847948,1.02451893647945,1.04433516614851
31,4,1.03597996573759,1.02607435082781,1.04598120842198
31.2,4,1.03748484524172,1.02753102876547,1.04753508553358
31.4,4,1.03887560324483,1.02886856002238,1.04897997757248
31.6,4,1.04013354247021,1.03006686525702,1.05029859969496
31.8,4,1.04123992405435,1.03110631506374,1.05147312513327
32,4,1.04217599282648,1.03196781940085,1.05248514498684
32.2,4,1.04292300591517,1.03263288497786,1.0533156672523
32.4,4,1.04346226465923,1.03308363986101,1.05394515580002
32.6,4,1.04377514978493,1.03330282656326,1.05435360796611
32.8,4,1.04384315979517,1.03327376670706,1.05452066757064
33,4,1.0436479524981,1.03298030159299,1.05442576888812
33.2,4,1.04317138958334,1.03240671345236,1.05404830660804
33.4,4,1.04239558413285,1.03153763178594,1.0533678271518
33.6,4,1.04130295093153,1.03035792814686,1.05236423770612
33.8,4,1.03987625941956,1.02885260127691,1.05101803072894
34,4,1.03809868910384,1.02700665295932,1.04931052317322
34.2,4,1.03595388722159,1.02480495362929,1.04722411093823
34.4,4,1.03342602842275,1.02223209602055,1.0447425397609
34.6,4,1.03049987621263,1.01927223531842,1.04185119350621
34.8,4,1.02716084586947,1.01590891596277,1.03853739908112
35,4,1.02339506852603,1.0121248891079,1.03479074327134
35.2,4,1.01918945607811,1.00790193167697,1.03060338980848
35.4,4,1.01453176655857,1.00322068876504,1.02597037409933
35.6,4,1.00941101234478,0.998060919564054,1.02089018001824
35.8,4,1.00386757082827,0.992452236726181,1.01541420581099
36,4,0.998044275772622,0.986529461989637,1.00969349095117
36.2,4,0.992093620183146,0.98044284317841,1.00388284544701
36.4,4,0.986164670617428,0.974344959316325,0.998127766018696
36.6,4,0.980402987449128,0.968389555751753,0.99256545270463
36.8,4,0.974950763882646,0.962729904969261,0.987326753941132
37,4,0.969947174950648,0.957516997242703,0.982538717227885
37.2,4,0.965528928728374,0.952897767386255,0.978327522760873
37.4,4,0.961831013837573,0.949013403151289,0.974821742356712
37.6,4,0.958987639952983,0.945997629919225,0.972156022907921
37.8,4,0.95713337144801,0.943974784595659,0.97047538312354
38,4,0.956404458529999,0.943057541794413,0.969940271678001
38.2,4,0.95694037525661,0.943344438652272,0.970732263079375
38.4,4,0.958885579767798,0.94491798847201,0.973059637242647
38.6,4,0.962391519032779,0.94784514600278,0.977161132081699
38.8,4,0.967618908572225,0.952182552899323,0.983305511506783
39,4,0.974740327212808,0.957987909265523,0.991785696150774
39.2,4,0.983943178284169,0.965335184512838,1.00290986345901
39.4,4,0.995433082196081,0.974327737312556,1.01699559930779
39.6,4,1.00943778157743,0.985104263318153,1.03437237338083
39.8,4,1.02621165981435,0.997837669549041,1.05539247803189
40,4,1.04604099778303,1.01273099642107,1.08044660715407
0,5,1.00922312420784,0.987772901440038,1.03113915450702
0.2,5,1.01192564860371,0.991621077243239,1.03264597919681
0.4,5,1.01424485850495,0.994901423151327,1.0339643798532
0.6,5,1.01620317912416,0.997685478145125,1.03506458085565
0.8,5,1.01782363256449,1.00003855405072,1.03592500790148
1,5,1.01912975513481,1.00201785616916,1.03653388151377
1.2,5,1.02014551940186,1.0036718059259,1.03688962329238
1.4,5,1.02089526131484,1.00504027468454,1.03700036787305
1.6,5,1.02140361268801,1.00615539471629,1.03688291638718
1.8,5,1.02169543928035,1.00704268620464,1.03656139401637
2,5,1.02179578466764,1.00772235030771,1.03606576280237
2.2,5,1.02172982006212,1.00821067794499,1.03543024096114
2.4,5,1.02152280019887,1.00852158748266,1.03469161620112
2.6,5,1.02120002537536,1.00866831841978,1.03388742640436
2.8,5,1.02078680970258,1.00866526342485,1.03305402559887
3,5,1.02030845560206,1.00852982016882,1.03222465390146
3.2,5,1.01979023456305,1.00828401886253,1.03142775552803
3.4,5,1.01925737415905,1.00795559921193,1.03068587107395
3.6,5,1.01873505131135,1.00757824646043,1.03001539425464
3.8,5,1.01824704497946,1.00718948969304,1.02942599701411
4,5,1.01780107685486,1.00681310009844,1.02890897222694
4.2,5,1.01739435656977,1.00646007285686,1.02844743144344
4.4,5,1.01702391984664,1.00613805413233,1.02802756469858
4.6,5,1.0166868107571,1.00585182125483,1.02763851426738
4.8,5,1.01638008071703,1.00560366676019,1.027271978638
5,5,1.01610078756781,1.005393795688,1.02692180409708
5.2,5,1.01584599474334,1.00522069925868,1.02658360079246
5.4,5,1.01561277052234,1.00508148976751,1.02625439842362
5.6,5,1.01539818736564,1.00497219462485,1.025932343621
5.8,5,1.015199321338,1.00488801427598,1.02561643427274
6,5,1.01501325161449,1.00482355146509,1.0253062833279
6.2,5,1.0148370600708,1.00477301954927,1.02500190436557
6.4,5,1.01466783095776,1.00473043629317,1.02470351249529
6.6,5,1.01450265065958,1.00468980733939,1.02441133639135
6.8,5,1.0143386075358,1.00464530070336,1.02412544011038
7,5,1.01417279184693,1.00459141050143,1.02384555648272
7.2,5,1.01400229576354,1.00452310508304,1.02357093690617
7.4,5,1.01382421345878,1.00443595230436,1.02330022480503
7.6,5,1.01363564128418,1.00432621338421,1.02303136131381
7.8,5,1.01343367802874,1.00419089702755,1.02276153150061
8,5,1.013215425261,1.00402776737348,1.02248715757375
8.2,5,1.01297798775406,1.00383530246694,1.02220394237238
8.4,5,1.01271847399339,1.00361260360527,1.02190696278948
8.6,5,1.01243399676706,1.00335925910377,1.0215908095823
8.8,5,1.01212167383829,1.0030751678854,1.02124976816319
9,5,1.01177862937606,1.00276032887968,1.02087803573743
9.2,5,1.01140323967445,1.00241561908535,1.02047144293039
9.4,5,1.01099771024718,1.00204454049017,1.02003087569846
9.6,5,1.01056497727179,1.0016504757543,1.01955881618214
9.8,5,1.01010797431943,1.0012362081527,1.01905835154144
10,5,1.00962963161209,1.00080406198628,1.0185330293385
10.2,5,1.00913287536471,1.00035603094255,1.0179867253685
10.4,5,1.00862062721195,0.999893895844461,1.01742352250111
10.6,5,1.00809580371962,0.999419333108054,1.01684759921212
10.8,5,1.0075613159804,0.998934014719423,1.01626312699473
11,5,1.00702006929379,0.998439699842823,1.01567417653777
11.2,5,1.00647496292987,0.997938317452851,1.01508463327699
11.4,5,1.00592888997668,0.997432038785024,1.01449812352359
11.6,5,1.00538473727091,0.996923338039636,1.01391795273341
11.8,5,1.00484538541155,0.99641503973475,1.01334705751899
12,5,1.00431370885619,0.995910351414573,1.01278797269634
12.2,5,1.00379257609973,0.995412881043174,1.0122428140341
12.4,5,1.00328484993512,0.994926639250956,1.01171327653581
12.6,5,1.00279338779589,0.9944560275077,1.01120064717931
12.8,5,1.00232104218016,0.994005814113317,1.01070583022022
13,5,1.00187066115609,0.993581100489797,1.01022938257435
13.2,5,1.00144508894827,0.993187280539914,1.0097715565119
13.4,5,1.00104716660519,0.992829995785684,1.00933234694955
13.6,5,1.00067973274757,0.992515088642583,1.00891154098348
13.8,5,1.00034562439751,0.99224855558632,1.00850876790639
14,5,1.00004767788853,0.992036501193764,1.00812354872707
14.2,5,0.999788729856528,0.991885093129603,1.00775534512194
14.4,5,0.999571486504198,0.991800287157038,1.00740357667794
14.6,5,0.999395856124385,0.991783086139058,1.00706706052714
14.8,5,0.999259074473963,0.991829581122644,1.00674421989748
15,5,0.999158276294532,0.991935419691404,1.00643372670213
15.2,5,0.999090601578267,0.992096044684237,1.00613447207092
15.4,5,0.999053194580689,0.992306736319812,1.00584552041195
15.6,5,0.999043202915732,0.992562646267304,1.00556607187022
15.8,5,0.999057776732757,0.992858825873314,1.00529543097153
16,5,0.999094067975255,0.993190250332807,1.00503297966212
16.2,5,0.999149229721011,0.993551840298994,1.00477815324832
16.4,5,0.999220415603589,0.993938482241426,1.0045304179263
16.6,5,0.999304779315024,0.994345048766853,1.00428924868715
16.8,5,0.999399474189673,0.994766420101576,1.00405410639877
17,5,0.999501652869176,0.995197507987767,1.00382441281243
17.2,5,0.999608467048559,0.995633283358874,1.00359952212948
17.4,5,0.999717067303492,0.996068809314029,1.00337868760913
17.6,5,0.999824602998741,0.996499281077046,1.00316102153244
17.8,5,0.999928222277892,0.996920074744765,1.0029454467188
18,5,1.00002507213439,0.997326806602545,1.00273063781782
18.2,5,1.00011229856393,0.997715404454067,1.00251495093046
18.4,5,1.00018704679834,0.99808219155368,1.00229634097161
18.6,5,1.00024646162083,0.998423982071376,1.00207226784489
18.8,5,1.00028768776278,0.998738184325221,1.00183959519465
19,5,1.00030787038197,0.999022904250593,1.0015944892662
19.2,5,1.00030415562216,0.999277037167467,1.00133232981243
19.4,5,1.00027369125406,0.999500331939101,1.00104764895264
19.6,5,1.00021362739738,0.999693409355619,1.00073411614895
19.8,5,1.0001218844025,0.999858299741442,1.00038553855027
20,5,1,1,1
20.2,5,0.999850577155179,0.999577717839002,1.00012351095502
20.4,5,0.999676219855255,0.999119802569208,1.00023294701425
20.6,5,0.999479532280885,0.998628140943857,1.0003316494809
20.8,5,0.999263118192052,0.998105274364303,1.00042230516703
21,5,0.999029580381606,0.997554283729288,1.00050705887029
21.2,5,0.998781520196496,0.996978686650644,1.0005876138008
21.4,5,0.998521537126671,0.996382349155066,1.00066531783838
21.6,5,0.998252228461636,0.995769411685905,1.00074123580626
21.8,5,0.997976189014561,0.995144228021064,1.00081620914446
22,5,0.997696010913884,0.994511315240914,1.00089090484843
22.2,5,0.997414283462279,0.993875312808076,1.00096585560998
22.4,5,0.99713359306288,0.993240948952638,1.00104149296597
22.6,5,0.996856523212626,0.992613012766871,1.00111817504951
22.8,5,0.996585654562606,0.991996330632872,1.00119621031899
23,5,0.996323565045258,0.991395745799582,1.0012758784474
23.2,5,0.996072830068316,0.9908161000762,1.00135744940358
23.4,5,0.99583602277539,0.99026221671086,1.00144120165565
23.6,5,0.995615714373072,0.989738883574038,1.0015274403761
23.8,5,0.995414474524517,0.98925083576338,1.00161651653123
24,5,0.995234871809433,0.988802736686413,1.00170884779788
24.2,5,0.995079474250474,0.988399156552735,1.0018049423758
24.4,5,0.994950849906056,0.988044547005931,1.00190542696537
24.6,5,0.994851567529644,0.987743210330281,1.00201108047632
24.8,5,0.994784197295641,0.987499261254488,1.00212287544598
25,5,0.99475128967381,0.987316519778939,1.00224204546812
25.2,5,0.994754398458594,0.987195855231482,1.00237081427037
25.4,5,0.994793689958631,0.987134290780308,1.00251252015492
25.6,5,0.994869231523942,0.987128599203071,1.00267056251039
25.8,5,0.994981094481996,0.987175620424373,1.00284828544592
26,5,0.995129354162212,0.987272299413748,1.00304893807245
26.2,5,0.995314089921253,0.987415725643842,1.0032756334216
26.4,5,0.995535385169101,0.987603174095548,1.00353130601412
26.6,5,0.99579332739593,0.987832147050173,1.00381866883696
26.8,5,0.996088008199794,0.988100415244654,1.00414017115231
27,5,0.996419523315124,0.988406056414954,1.00449795911279
27.2,5,0.996787972642065,0.98874748887295,1.00489384153728
27.4,5,0.99719346027664,0.989123497615937,1.00532926334807
27.6,5,0.997636094541774,0.989533250599223,1.00580528903891
27.8,5,0.99811598801918,0.989976303214715,1.00632259813135
28,5,0.998633257582108,0.990452589663684,1.00688149393166
28.2,5,0.999188024428988,0.990962400691881,1.00748192612076
28.4,5,0.999780414117972,0.991506347939512,1.0081235269256
28.6,5,1.00041055660237,0.992085315813347,1.00880565996581
28.8,5,1.00107858626705,0.99270040220472,1.00952748045302
29,5,1.00178464196567,0.993352849494712,1.01028800530323
29.2,5,1.00252886705903,0.994043967101211,1.01108619190918
29.4,5,1.00331140945419,0.994775046377108,1.01192102476538
29.6,5,1.00413242164473,0.995547268046861,1.01279160976075
29.8,5,1.00499206075187,0.996361601675481,1.01369727664722
30,5,1.00589048856671,0.997218696021225,1.0146376908355
30.2,5,1.00682787159336,0.998118758674202,1.01561297611891
30.4,5,1.00780304339784,0.99906002905745,1.01662256995726
30.6,5,1.00880501317056,1.0000299139045,1.01765711250037
30.8,5,1.00981836961899,1.00101092868672,1.01870330322746
31,5,1.01082762016706,1.00198545852064,1.01974781071291
31.2,5,1.0118172103971,1.00293594960456,1.02077711708252
31.4,5,1.0127715258787,1.00384505890115,1.02177736946123
31.6,5,1.01367489640003,1.0046957805232,1.02273425997323
31.8,5,1.01451160261651,1.00547154527984,1.023632937874
32,5,1.01526588512924,1.00615628994609,1.02445795728463
32.2,5,1.01592195600249,1.00673449397209,1.0251932628391
32.4,5,1.0164640127246,1.0071911832284,1.02582221366596
32.6,5,1.01687625461174,1.0075119025092,1.02632764398905
32.8,5,1.01714290164687,1.00768266036862,1.02669195676359
33,5,1.01724821573899,1.007689851037,1.02689724557537
33.2,5,1.01717652437904,1.00752015844418,1.02692543973068
33.4,5,1.016912246659,1.00716044678337,1.02675846803532
33.6,5,1.01643992161041,1.0065976407783,1.02637843800683
33.8,5,1.01574423880657,1.00581859716429,1.02576782888835
34,5,1.01481007116056,1.00480996718327,1.02490969851323
34.2,5,1.01362250983764,1.0035580484389,1.02378790549065
34.4,5,1.01216690118652,1.00204862358008,1.02238734902633
34.6,5,1.01042888557928,1.00026678336404,1.02069422857303
34.8,5,1.00839443803411,0.99819673322424,1.01869632389359
35,5,1.00604991047927,0.995821586289629,1.01638329225871
35.2,5,1.00338207550023,0.993123152848223,1.01374697241503
35.4,5,1.00037817139529,0.990081747502174,1.01078167366376
35.6,5,0.997026226478639,0.986676330355377,1.00748468946062
35.8,5,0.993355792634344,0.982925859179419,1.00389639925028
36,5,0.989479951273923,0.978935346177378,1.00013813761674
36.2,5,0.985520451229423,0.974823781302895,0.996334494931305
36.4,5,0.981597180741129,0.9707136926875,0.992602692737663
36.6,5,0.977828138339631,0.966730206068297,0.989053473375383
36.8,5,0.974329547291682,0.962999569750088,0.985792825402793
37,5,0.971216109838744,0.959647431597755,0.982924250044447
37.2,5,0.968601398076053,0.956797077969418,0.980551351960621
37.4,5,0.966598379399581,0.954567703222895,0.978780681457574
37.6,5,0.965320075978449,0.953072642405862,0.977724894856668
37.8,5,0.96488035968955,0.952417425734718,0.977506378357624
38,5,0.965394886389468,0.952697554329206,0.97826144554674
38.2,5,0.966982176320827,0.953996127683761,0.980144994500568
38.4,5,0.969764850898586,0.956381962209382,0.983335009650114
38.6,5,0.973871040160588,0.959909591428447,0.988035551819114
38.8,5,0.979435979886099,0.964623064034806,0.994476365392844
39,5,0.986603822907386,0.970564714389127,1.00290798639647
39.2,5,0.995529695621726,0.977787414213875,1.01359391669149
39.4,5,1.00638203835956,0.986365853151435,1.02680440923299
39.6,5,1.01934527734022,0.996402470362219,1.04281635718755
39.8,5,1.03462288678043,1.00802730022943,1.06192016585884
40,5,1.05244091273099,1.02139451512223,1.08443099937489
0,6,1.00330351843355,0.981609465571357,1.02547702055341
0.2,6,1.00612083455003,0.985564095029433,1.02710634328193
0.4,6,1.00861479275103,0.989031513318342,1.02858583013497
0.6,6,1.01080141020358,0.992068760717938,1.0298877772647
0.8,6,1.01269715614666,0.99472729439363,1.03099164549687
1,6,1.01431890023875,0.997051674110876,1.0318851651285
1.2,6,1.01568386326016,0.999079107131854,1.03256459145525
1.4,6,1.01680957036131,1.00083966076454,1.03303430400485
1.6,6,1.0177138070254,1.00235692675344,1.03330596653311
1.8,6,1.01841457789159,1.00364896817415,1.03339741817196
2,6,1.0189300685643,1.00472945091389,1.0333313945163
2.2,6,1.01927861051411,1.00560892517153,1.03313411391448
2.4,6,1.01947864915797,1.00629625733021,1.03283372915091
2.6,6,1.01954871518907,1.00680020617512,1.03245865094993
2.8,6,1.01950739921179,1.00713108442051,1.03203580261415
3,6,1.01937332972321,1.00730235755533,1.03158895395904
3.2,6,1.01916515447067,1.00733194378486,1.03113737084969
3.4,6,1.01890152520458,1.00724294844271,1.03069504697879
3.6,6,1.01860108583677,1.00706363755964,1.03027071316177
3.8,6,1.01828159690126,1.00682568702478,1.02986785493312
4,6,1.01795048729752,1.00655170002064,1.02947836118902
4.2,6,1.01760841356654,1.00625492252872,1.02909000510439
4.4,6,1.0172559138796,1.00594543087639,1.02869356782255
4.6,6,1.01689352600904,1.00563058057308,1.02828261512276
4.8,6,1.01652178727499,1.00531539255346,1.02785310128412
5,6,1.01614123449508,1.00500293923705,1.02740297379134
5.2,6,1.01575240393694,1.00469470229505,1.02693180699253
5.4,6,1.0153558312735,1.00439089188512,1.02644047494909
5.6,6,1.01495205154111,1.00409072748502,1.02593086334709
5.8,6,1.01454159910048,1.00379268557162,1.02540561522345
6,6,1.01412500760046,1.00349472116243,1.02486790348961
6.2,6,1.01370280994457,1.00319446997165,1.02432122349972
6.4,6,1.01327553826035,1.00288943643203,1.02376920041114
6.6,6,1.01284372387154,1.00257717057277,1.02321540834597
6.8,6,1.01240789727298,1.00225543405503,1.02266320105023
7,6,1.01196858810837,1.00192235287596,1.02211555653838
7.2,6,1.01152632515071,1.00157655174776,1.02157494071466
7.4,6,1.01108163628558,1.00121726338259,1.02104319673849
7.6,6,1.01063504849714,1.00084440527895,1.02052146753634
7.8,6,1.01018708785691,1.00045861734689,1.02001015812031
8,6,1.00973827951526,1.00006125575819,1.0195089423252
8.2,6,1.00928914769565,0.999654341331826,1.01901681565155
8.4,6,1.00884021569157,0.999240463849937,1.01853219281706
8.6,6,1.00839200586627,0.998822646142541,1.01805304617601
8.8,6,1.0079450396551,0.998404172925538,1.01757708001996
9,6,1.00749983759687,0.99798838880121,1.01710193640331
9.2,6,1.0070569677124,0.997578273433998,1.01662572574582
9.4,6,1.0066171456029,0.997175697575221,1.01614798704548
9.6,6,1.00618111405217,0.996781723870365,1.01566913801776
9.8,6,1.00574961458751,0.996396841696873,1.01519017816262
10,6,1.00532338751047,0.996021104623025,1.01471254854389
10.2,6,1.00490317193311,0.995654255612496,1.01423800407504
10.4,6,1.00448970581964,0.995295841697372,1.0137684965878
10.6,6,1.00408372603354,0.994945319602165,1.01330606720028
10.8,6,1.00368596839006,0.994602153233588,1.0128527470687
11,6,1.00329716771413,0.994265903232346,1.01241046632569
11.2,6,1.00291805790371,0.993936308058116,1.01198097173299
11.4,6,1.00254937199844,0.99361335547209,1.01156575418304
11.6,6,1.00219184225372,0.99329734289938,1.01116598756637
11.8,6,1.00184620022015,0.992988925072588,1.01078248060237
12,6,1.00151317682832,0.992689147608897,1.01041564298024
12.2,6,1.00119350247898,0.992399465729198,1.01006546660077
12.4,6,1.00088790713852,0.992121748103049,1.00973152193422
12.6,6,1.0005971204399,0.991858266666972,1.00941296864625
12.8,6,1.00032187178882,0.991611674067895,1.00910857883929
13,6,1.00006289047536,0.991384970995353,1.00881677064541
13.2,6,0.999820905790902,0.99118146599493,1.00853564957767
13.4,6,0.999596647150531,0.991004730366157,1.00826305503648
13.6,6,0.999390844220736,0.990858550457278,1.00799660965866
13.8,6,0.999204227052562,0.990746879127472,1.00773376973842
14,6,0.999037526220176,0.990673787412286,1.00747187568491
14.2,6,0.998891472964879,0.990643416538362,1.00720820237067
14.4,6,0.998766757853785,0.990659787772203,1.0069400705534
14.6,6,0.998663190821885,0.990723844103029,1.0066661609477
14.8,6,0.998579740205865,0.990833398078838,1.0063866432874
15,6,0.998515342171481,0.990985875058054,1.00610201784503
15.2,6,0.998468934289725,0.991178482705306,1.00581300960108
15.4,6,0.998439455340093,0.991408255769745,1.00552052111552
15.6,6,0.998425845125236,0.991672092639359,1.00522559383605
15.8,6,0.998427044296943,0.991966785859688,1.00492937565405
16,6,0.998441994193442,0.992289048399628,1.00463309292465
16.2,6,0.998469636687978,0.992635537163496,1.00433802545155
16.4,6,0.998508914048654,0.993002875067687,1.00404548311772
16.6,6,0.998558768809506,0.99338767290706,1.00375678293689
16.8,6,0.998618143652811,0.993786552219408,1.00347322531732
17,6,0.998685981302611,0.994196170406501,1.00319606827952
17.2,6,0.998761224429436,0.99461324947644,1.0029264982634
17.4,6,0.998842815566239,0.995034609917063,1.00266559601525
17.6,6,0.998929697035532,0.995457211362665,1.00241429589278
17.8,6,0.999020810887724,0.995878201819567,1.00217333682296
18,6,0.999115098850657,0.996294977174015,1.00194320318951
18.2,6,0.999211502290363,0.996705252368092,1.00172405426498
18.4,6,0.999308962183029,0.997107144784748,1.00151564164642
18.6,6,0.999406419098182,0.997499268780069,1.00131721575715
18.8,6,0.999502813193106,0.997880837721814,1.00112742505577
19,6,0.999597084218493,0.998251766311509,1.00094421517538
19.2,6,0.99968817153534,0.998612761777513,1.00076473940589
19.4,6,0.999775014143095,0.998965388714345,1.00058529574406
19.6,6,0.999856550719058,0.999312090017306,1.00040130806233
19.8,6,0.999931781744099,0.999656023701726,1.00020761585514
20,6,1,1,1
20.2,6,1.00006058428371,0.999775397743416,1.00034585217364
20.4,6,1.00011291341964,0.99953164443115,1.00069452044009
20.6,6,1.00015636629705,0.999267359926184,1.00104616357971
20.8,6,1.00019032192323,0.998981829871513,1.00140027591649
21,6,1.00021415948044,0.998674892744502,1.00175579870226
21.2,6,1.00022725838678,0.998346838553094,1.00211122005443
21.4,6,1.00022899836081,0.997998321368776,1.00246466125286
21.6,6,1.0002187594901,0.997630285631408,1.00281394946098
21.8,6,1.00019592230349,0.997243904958209,1.0031566781393
22,6,1.00015986784727,0.996840531681594,1.00349025692686
22.2,6,1.00010997776506,0.99642165523944,1.00381195286737
22.4,6,1.00004563438159,0.995988867648131,1.00411892474987
22.6,6,0.999966220790162,0.995543834480339,1.00440825214222
22.8,6,0.999871120943937,0.995088269975894,1.00467696048905
23,6,0.999759719750953,0.994623915098691,1.00492204346135
23.2,6,0.999631403172869,0.994152517498075,1.00514048359918
23.4,6,0.999485558327427,0.993675812432177,1.00532927218984
23.6,6,0.999321573594602,0.993195503760044,1.00548542927442
23.8,6,0.999138838726424,0.992713244106525,1.00560602467843
24,6,0.998936744960443,0.992230613244842,1.005688201021
24.2,6,0.998714685136806,0.991749093619521,1.0057291997794
24.4,6,0.998472053818931,0.99127004173612,1.00572639168166
24.6,6,0.998208247417736,0.99079465385805,1.00567731298593
24.8,6,0.99792266431939,0.990323924053629,1.00557970960255
25,6,0.997614744009111,0.989858592899086,1.00543166933524
25.2,6,0.997285706122665,0.989399158318405,1.00523511797502
25.4,6,0.996939243461359,0.98894605509819,1.00499703702709
25.6,6,0.996579227662877,0.988499740794145,1.00472475208869
25.8,6,0.996209525469251,0.988060736200299,1.00442551988473
26,6,0.9958339982768,0.987629666564,1.00410648413799
26.2,6,0.995456501835869,0.987207303862801,1.00377463089052
26.4,6,0.995080886100018,0.986794610030686,1.00343674338757
26.6,6,0.994710995224273,0.986392780277868,1.00309935737905
26.8,6,0.994350667712056,0.986003285010448,1.00276871833032
27,6,0.994003736710402,0.985627908354274,1.0024507425363
27.2,6,0.993674030453112,0.985268780975063,1.00215098444485
27.4,6,0.993365372851519,0.984928404818308,1.00187461256381
27.6,6,0.993081584232606,0.984609667598546,1.0016263961203
27.8,6,0.99282648222428,0.984315845338446,1.00141070416977
28,6,0.992603882787709,0.984050591933862,1.00123151817733
28.2,6,0.992417601396708,0.983817915498197,1.00109245831659
28.4,6,0.992271454364306,0.983622141989908,1.0009968229816
28.6,6,0.992169260316741,0.983467867225696,1.00094764040883
28.8,6,0.992114841815292,0.983359898733176,1.00094773095609
29,6,0.992112027126525,0.983303188952837,1.00099977852946
29.2,6,0.992164652141697,0.983302761063623,1.00110640988606
29.4,6,0.992276562446296,0.983363628228154,1.00127028101938
29.6,6,0.992451615540875,0.983490706411405,1.00149417047737
29.8,6,0.99269368321459,0.983688720216375,1.00178108017482
30,6,0.993006654073104,0.983962100508472,1.00213434493453
30.2,6,0.993394436222786,0.984314872088882,1.00255775250471
30.4,6,0.993859496164206,0.984748998562314,1.00305428038804
30.6,6,0.994393576442811,0.985254657399609,1.00361726528705
30.8,6,0.994983628841806,0.985816728748724,1.0042357699892
31,6,0.995616563086029,0.986419983829468,1.00489888378276
31.2,6,0.996279262213904,0.987049261788739,1.00559557333413
31.4,6,0.996958577778378,0.98768960439488,1.00631453584533
31.6,6,0.997641326780599,0.988326369930879,1.00704407691779
31.8,6,0.998314290343539,0.988945323445804,1.00777201598117
32,6,0.998964214133604,0.989532700292878,1.00848562237934
32.2,6,0.999577810538403,0.990075240580602,1.0091715845099
32.4,6,1.00014176260839,0.990560193578637,1.00981601299731
32.6,6,1.00064272976898,0.990975292889705,1.01040447710834
32.8,6,1.00106735530781,0.991308704893845,1.01092207191934
33,6,1.00140227563965,0.991548954209128,1.01135351250117
33.2,6,1.00163413134796,0.991684830448498,1.01168325084437
33.4,6,1.00174957999869,0.991705280322406,1.01189561146766
33.6,6,1.00173531071717,0.991599288243548,1.01197494253461
33.8,6,1.00157806051417,0.99135574724819,1.01190578063212
34,6,1.0012646323411,0.99096332052258,1.01167302887506
34.2,6,1.00078191484845,0.990410292385781,1.01126214942201
34.4,6,1.00011690381407,0.989684406508216,1.01065937254043
34.6,6,0.999256725200887,0.988772688751936,1.00985192473263
34.8,6,0.998188659795123,0.9876612527203,1.00882827771087
35,6,0.99690016936775,0.986335088494569,1.00757841759669
35.2,6,0.995378924292654,0.984777839926335,1.00609412880383
35.4,6,0.99361283254553,0.982971584205003,1.00436927868838
35.6,6,0.991590292158052,0.980896862093771,1.00240029864434
35.8,6,0.989332769122933,0.978565553189578,1.00021845738405
36,6,0.986928687997895,0.976058066624961,0.997920378406652
36.2,6,0.984473907740402,0.973466594387336,0.995605684478192
36.4,6,0.982063368804711,0.970887050410196,0.993368342837184
36.6,6,0.979791089892833,0.968418480823465,0.991297253039912
36.8,6,0.977750255385706,0.966161938798769,0.989477564284311
37,6,0.97603339204414,0.96421902688645,0.987992516037932
37.2,6,0.974732633922985,0.962690279944436,0.986925626473842
37.4,6,0.973940075032755,0.961673471869459,0.986363144561785
37.6,6,0.973748210108816,0.961261827343558,0.986396785681618
37.8,6,0.974250464911335,0.961542054711504,0.987126838320903
38,6,0.975541818786248,0.96259213623333,0.988665712484166
38.2,6,0.977719523782019,0.964478977900185,0.991141838327832
38.4,6,0.980883926459613,0.967256399137402,0.994703449927917
38.6,6,0.985139400684329,0.970964518872298,0.999521218249913
38.8,6,0.990595402188991,0.975632067169819,1.00578823088968
39,6,0.997367658603088,0.981282791718095,1.01371618337028
39.2,6,1.00557951202193,0.987945300331736,1.02352848346838
39.4,6,1.01536343513298,0.995663179106752,1.03545348169845
39.6,6,1.02686274653536,1.00450147086799,1.04972180808355
39.8,6,1.04023355632293,1.01454784116541,1.06656956704699
40,6,1.05564697942529,1.02590991566356,1.08624600284611
0,7,1.00133732307426,0.979905766735288,1.02323760979803
0.2,7,1.00410911989641,0.983849421810781,1.02478601126124
0.4,7,1.00661052385659,0.987359155116659,1.02623725266327
0.6,7,1.00885277543044,0.990485956573665,1.0275601746182
0.8,7,1.01084744034709,0.993275459310448,1.02873028632523
1,7,1.0126063783906,0.995766656094375,1.02973088251325
1.2,7,1.01414171331223,0.997991409189459,1.0305533747181
1.4,7,1.01546580395491,0.999974593628469,1.03119699797584
1.6,7,1.01659121668139,1.00173468236315,1.03166808540137
1.8,7,1.01753069918776,1.00328461889154,1.03197906585416
2,7,1.01829715577472,1.00463288827882,1.03214727444908
2.2,7,1.01890362413992,1.00578475920056,1.0321936038389
2.4,7,1.01936325374634,1.00674370579551,1.03214098792626
2.6,7,1.0196892858134,1.00751301234138,1.03201271533587
2.8,7,1.01989503497026,1.00809750617244,1.03183062748204
3,7,1.01999387260342,1.00850526240465,1.03161335783995
3.2,7,1.01999921192483,1.00874901737769,1.03137487561758
3.4,7,1.01992449478044,1.00884698445682,1.03112364023492
3.6,7,1.0197831802143,1.00882284302209,1.03086259578801
3.8,7,1.01958822580496,1.00870427546148,1.03058961430941
4,7,1.01934653587736,1.00851411713536,1.03029530529191
4.2,7,1.01906104467891,1.00826847250598,1.0299691412556
4.4,7,1.01873461990811,1.0079801943769,1.02960378744432
4.6,7,1.01837013080329,1.00765929055346,1.02919482114107
4.8,7,1.01797044703771,1.00731332640375,1.02874031731691
5,7,1.01753843769461,1.00694782966988,1.02824043279922
5.2,7,1.0170769703225,1.00656666497851,1.02769702152065
5.4,7,1.0165889100707,1.00617236616486,1.02711329274312
5.6,7,1.0160771189053,1.00576642645288,1.02649351222032
5.8,7,1.01554445490544,1.00534955240769,1.02584274038744
6,7,1.01499377163977,1.00492188966564,1.02516659957551
6.2,7,1.01442791762315,1.00448322828092,1.02447106241324
6.4,7,1.01384973585319,1.0040331940049,1.02376225509988
6.6,7,1.01326206342658,1.00357142943372,1.02304627161301
6.8,7,1.01266773123488,1.00309776603742,1.02232899783583
7,7,1.01206956373947,1.00261238492746,1.02161594774427
7.2,7,1.01147037882552,1.0021159612302,1.02091211678288
7.4,7,1.01087298773438,1.0016097846222,1.02022185986978
7.6,7,1.01028019507443,1.00109584747933,1.01954880257427
7.8,7,1.00969479890971,1.00057689257674,1.01889579352556
8,7,1.00911959092633,1.00005641438604,1.01826490400194
8.2,7,1.00855735667608,0.999538611332952,1.01765747733242
8.4,7,1.00801087589716,0.999028290087133,1.01707422703549
8.6,7,1.00748292291162,0.998530726064819,1.01651537951037
8.8,7,1.00697626709936,0.998051485980503,1.01598085544173
9,7,1.00649367301248,0.997596217472342,1.015470484021
9.2,7,1.00603709851851,0.997169384600738,1.01498367200753
9.4,7,1.00560603495434,0.996771785152049,1.01451858148485
9.6,7,1.00519950501065,0.996402901909361,1.01407376768716
9.8,7,1.004816534749,0.996061626916248,1.01364839405653
10,7,1.00445615337237,0.99574640118196,1.01324208940148
10.2,7,1.00411739300528,0.995455341752052,1.01285481793804
10.4,7,1.00379928848346,0.995186357917658,1.01248676043776
10.6,7,1.00350087715294,0.994937258157427,1.01213820488707
10.8,7,1.00322119867852,0.994705848842591,1.01180944562561
11,7,1.00295929486159,0.994490024986782,1.01150069068076
11.2,7,1.00271420946716,0.994287852548441,1.01121197778927
11.4,7,1.00248498806019,0.994097641133919,1.01094310025694
11.6,7,1.00227067785097,0.993918005521937,1.01069354423489
11.8,7,1.00207032754976,0.993747914321883,1.01046243909946
12,7,1.00188298723044,0.993586724326487,1.01024852237454
12.2,7,1.00170770820319,0.993434199697379,1.01005012005763
12.4,7,1.0015435428963,0.993290515937974,1.00986514239498
12.6,7,1.00138954474688,0.993156249520619,1.00969109423859
12.8,7,1.00124476810059,0.993032354883348,1.0095250982699
13,7,1.00110826812031,0.992920131152827,1.00936392873334
13.2,7,1.00097910070375,0.992821181288416,1.00920405298507
13.4,7,1.00085632241,0.992737366343525,1.00904167816067
13.6,7,1.00073899039493,0.992670757227274,1.0088728005789
13.8,7,1.0006261623555,0.99262358578067,1.0086932560673
14,7,1.00051689648301,0.992598196223497,1.00849877015352
14.2,7,1.00041025142512,0.99259699712528,1.00828500796901
14.4,7,1.00030532070359,0.992622349215285,1.0080477589679
14.6,7,1.00020193017846,0.99267518459245,1.00778574569026
14.8,7,1.00010060567907,0.992754887725485,1.00750067700117
15,7,1.00000190086908,0.992860522666807,1.00719464508043
15.2,7,0.999906369211258,0.99299093913125,1.00686996002598
15.4,7,0.999814563983591,0.993144817166587,1.00652910338455
15.6,7,0.999727038298339,0.993320703583579,1.00617469010669
15.8,7,0.999644345124224,0.993517042316804,1.00580943675468
16,7,0.999567037311652,0.993732200475977,1.00543613420339
16.2,7,0.999495667621,0.993964491560695,1.00505762336093
16.4,7,0.999430788753956,0.99421219712922,1.00467677261812
16.6,7,0.999372953387933,0.994473588118586,1.00429645582928
16.8,7,0.999322714213524,0.994746946997989,1.00391952964205
17,7,0.999280623975039,0.995030591991322,1.00354880894019
17.2,7,0.999247235514088,0.995322904718162,1.00318703904969
17.4,7,0.99922310181624,0.995622362760089,1.00283686320117
17.6,7,0.999208776060749,0.995927578831596,1.00250078356917
17.8,7,0.999204811673352,0.996237348367287,1.00218111407633
18,7,0.999211762382149,0.996550707333795,1.00187992315419
18.2,7,0.999230182276559,0.996867001782106,1.00159896494466
18.4,7,0.999260625869373,0.99718596985235,1.00133959823031
18.6,7,0.999303648161904,0.997507835356453,1.00110269396816
18.8,7,0.999359804712241,0.99783340944682,1.00088853491903
19,7,0.999429651706617,0.998164193175034,1.00069671456874
19.2,7,0.999513746033908,0.998502469344158,1.00052604693799
19.4,7,0.999612645363266,0.998851368004856,1.00037450293134
19.6,7,0.999726908224904,0.999214887494504,1.00023919132652
19.8,7,0.999856662149731,0.999597242805026,1.00011614881995
20,7,1,1,1
20.2,7,1.00015441514046,0.999885818389844,1.00042308404354
20.4,7,1.00031739973163,0.999769559777875,1.00086553988318
20.6,7,1.00048644456585,0.999647949567851,1.00132564288532
20.8,7,1.0006590388837,0.999518364927928,1.00180101460351
21,7,1.0008326702533,0.999378722993777,1.00228873278964
21.2,7,1.0010048245128,0.999227381006251,1.0027854297676
21.4,7,1.00117298577583,0.999063050508573,1.00328737704497
21.6,7,1.00133463650029,0.998884725435629,1.0037905563306
21.8,7,1.00148725762034,0.998691622731989,1.00429071832224
22,7,1.00162832874175,0.998483133651197,1.00478343111248
22.2,7,1.00175532840063,0.998258783814007,1.00526412013623
22.4,7,1.00186573438563,0.998018200232747,1.00572810145343
22.6,7,1.00195702412353,0.997761083717764,1.0061706099518
22.8,7,1.00202667512832,0.997487185300455,1.00658682383603
23,7,1.0020721655137,0.99719628550002,1.00697188657678
23.2,7,1.00209097456881,0.996888175412025,1.00732092734195
23.4,7,1.00208058339735,0.996562638699627,1.00762908082954
23.6,7,1.00203847561962,0.996219433620654,1.00789150736888
23.8,7,1.00196213813755,0.995858274223645,1.00810341415682
24,7,1.00184906196231,0.99547880978976,1.00826007855129
24.2,7,1.00169674310421,0.995080601478512,1.00835687446294
24.4,7,1.00150268352461,0.994663094942463,1.00838930307856
24.6,7,1.00126439214936,0.994225587393299,1.00835302943138
24.8,7,1.0009793859432,0.993767187206973,1.00824392672823
25,7,1.00064525897355,0.993286794175374,1.00805823673265
25.2,7,1.00026271279122,0.99278443740964,1.0077973192358
25.4,7,0.999836763301602,0.992261974105123,1.00746937737988
25.6,7,0.999372742592823,0.991721417705496,1.00708309894956
25.8,7,0.998875977732474,0.991164836255641,1.00664711094903
26,7,0.998351788889335,0.990594391618355,1.00616993475018
26.2,7,0.997805487738148,0.990012379952261,1.00565994074576
26.4,7,0.997242376146953,0.989421273373467,1.00512530258468
26.6,7,0.996667745146315,0.988823761986514,1.00457395180253
26.8,7,0.9960868741796,0.988222794824842,1.00401353430503
27,7,0.995505030633337,0.987621617719749,1.00345137068223
27.2,7,0.994927469646579,0.987023805777368,1.00289442267071
27.4,7,0.994359434198169,0.986433288045452,1.00234926817813
27.6,7,0.993806155470774,0.985854362134307,1.00182208710159
27.8,7,0.993272853490604,0.985291697015448,1.0013186597125
28,7,0.992764738041801,0.984750322901285,1.00084437870045
28.2,7,0.992287009854601,0.984235607905242,1.00040427517329
28.4,7,0.991844862066508,0.983753221960772,1.00000305813175
28.6,7,0.991443481955955,0.983309089107017,0.999645166308403
28.8,7,0.991088052948113,0.982909329624761,0.999334830885642
29,7,0.99078375689282,0.982560193575496,0.999076147539072
29.2,7,0.990535776614913,0.982267987060878,0.998873156489523
29.4,7,0.990349298737568,0.982038992030725,0.998729929737156
29.6,7,0.990229516779708,0.98187937980939,0.998650665310974
29.8,7,0.990181634528922,0.981795117786823,0.998639789092183
30,7,0.990210869691839,0.981791868048427,0.998702065443776
30.2,7,0.990322457824429,0.981874876231684,0.998842718366898
30.4,7,0.990520301234848,0.982047433482403,0.999066270841136
30.6,7,0.990798381142196,0.982301894651507,0.999368358565845
30.8,7,0.991146261624933,0.982625720758836,0.999740685776515
31,7,0.991553488053302,0.983006299393624,1.00017499407395
31.2,7,0.992009600533207,0.98343112222064,1.0006629089874
31.4,7,0.992504128178276,0.983887920805878,1.00119579031327
31.6,7,0.993026584488336,0.98436477998143,1.00176460754637
31.8,7,0.993566463835696,0.984850225532531,1.00235984362514
32,7,0.994113239061788,0.985333282923395,1.00297143028178
32.2,7,0.994656360187644,0.98580350473545,1.00358871733493
32.4,7,0.995185254242186,0.986250966198938,1.0042004765563
32.6,7,0.995689326212571,0.986666230214391,1.00479493872839
32.8,7,0.996157961120669,0.987040285087142,1.00535986068338
33,7,0.996580527229353,0.9873644594189,1.00588261789092
33.2,7,0.996946380381437,0.987630318981339,1.00635031777961
33.4,7,0.997244869473032,0.987829549919051,1.00674992945066
33.6,7,0.997465343061571,0.987953831455031,1.00706842661223
33.8,7,0.997597157107004,0.987994699666841,1.0072929421621
34,7,0.997629683842492,0.987943402160515,1.00741093458101
34.2,7,0.997552321768466,0.98779074187211,1.00741036788791
34.4,7,0.997354506761136,0.987526907041609,1.00727990808542
34.6,7,0.997025724283362,0.987141283934278,1.00700913948296
34.8,7,0.996555522682399,0.986622249550079,1.00658880360916
35,7,0.995933527555225,0.985956943990526,1.00601106098415
35.2,7,0.995149457158148,0.985131027240108,1.00526977092234
35.4,7,0.994193138832991,0.98412843396056,1.00436077568124
35.6,7,0.993054698166153,0.98293132535422,1.00328233327439
35.8,7,0.991749763639099,0.981545613615811,1.00205999602499
36,7,0.990345844945832,0.980030694287596,1.00076956601286
36.2,7,0.988916464430246,0.978456335239608,0.999488417009159
36.4,7,0.987534732950866,0.976896579307426,0.998288733363902
36.6,7,0.986273358031845,0.975429198271826,0.997238075799672
36.8,7,0.98520470577369,0.974134557993626,0.996400655652516
37,7,0.98440091608165,0.973094101392619,0.995839109697168
37.2,7,0.983934070952411,0.972388629680894,0.995616594466651
37.4,7,0.983876415851999,0.972096471795232,0.995799110228315
37.6,7,0.984300634619803,0.972291528373455,0.996458069457553
37.8,7,0.985280178846942,0.973041111522954,0.997673191124733
38,7,0.986889653305172,0.974403524525447,0.999535780902615
38.2,7,0.989205259750972,0.97642549696681,1.00215228807391
38.4,7,0.992305302306933,0.979139974663364,1.00564764841206
38.6,7,0.996270758641046,0.982565338293085,1.01016735054737
38.8,7,1.00118592234006,0.986707573272075,1.0158767179296
39,7,1.00713912322638,0.991566498360225,1.02295631731267
39.2,7,1.01422353392562,0.997145282167897,1.03159428737623
39.4,7,1.02253807278657,1.00346001261567,1.04197885033067
39.6,7,1.03218841532853,1.01054546685242,1.05429489289276
39.8,7,1.04328812879203,1.01845556681506,1.06872617239671
40,7,1.05595994716089,1.02726009996479,1.08546161779889
0,8,1.00197383761666,0.98014552331497,1.02428827902286
0.2,8,1.00449607498507,0.983861832676944,1.025563073135
0.4,8,1.00679420678513,0.987175410854434,1.02680290014393
0.6,8,1.00887653365361,0.99013809416046,1.02796959955363
0.8,8,1.01075158069161,0.992795930766857,1.02903197546495
1,8,1.01242807819803,0.995187709898802,1.02996711407135
1.2,8,1.01391494299417,0.997344402993756,1.03076079691332
1.4,8,1.01522126039239,0.999289333152182,1.03140719445241
1.6,8,1.01635626685685,1.00103884555439,1.03190806807014
1.8,8,1.01732933340034,1.00260329243658,1.0322716675721
2,8,1.01814994975637,1.00398822099391,1.03251143640179
2.2,8,1.01882770936179,1.00519572259374,1.03264456665711
2.4,8,1.01937229518112,1.00622594269606,1.03269040489916
2.6,8,1.0197934663998,1.00707874759514,1.03266871294341
2.8,8,1.02010104601003,1.00775548956483,1.03259784228029
3,8,1.02030490930936,1.00826071652502,1.03249297617058
3.2,8,1.02041497332909,1.00860357501284,1.03236469073684
3.4,8,1.02044118720623,1.00879861883686,1.03221812272847
3.6,8,1.02039352351054,1.00886581009695,1.0320529572929
3.8,8,1.02028166684688,1.00882929091527,1.03186405180546
4,8,1.0201116990517,1.00871076608903,1.03164149082781
4.2,8,1.01988733919673,1.00852681342288,1.03137583533701
4.4,8,1.01961227091764,1.00829083135974,1.03106083152998
4.6,8,1.01929018185339,1.00801342213833,1.03069309594981
4.8,8,1.01892476188873,1.00770279004743,1.03027170376411
5,8,1.01851970152851,1.00736513930013,1.02979777831349
5.2,8,1.01807869040448,1.00700504209443,1.02927411137879
5.4,8,1.01760541591473,1.00662576629868,1.02870482473993
5.6,8,1.01710356199604,1.00622956306442,1.02809507273323
5.8,8,1.01657680802918,1.0058179199822,1.02745078019796
6,8,1.01602882787694,1.00539178721148,1.02677840838563
6.2,8,1.01546328905494,1.00495178372486,1.02608474169403
6.4,8,1.01488385203475,1.00449838924109,1.0253766896521
6.6,8,1.01429416967909,1.00403212506911,1.02466110093258
6.8,8,1.01369788680861,1.00355372427797,1.02394458897511
7,8,1.01309863989991,1.00306428867587,1.02323337173328
7.2,8,1.01250005691416,1.0025654274267,1.02253313071293
7.4,8,1.01190575725588,1.00205937022697,1.02184889637395
7.6,8,1.01131935186138,1.00154904725541,1.02118496767789
7.8,8,1.01074444341622,1.00103812886209,1.02054487280924
8,8,1.01018462670126,1.00053102012314,1.01993137593871
8.2,8,1.00964348906681,1.00003280849944,1.01934653178489
8.4,8,1.00912461103443,0.999549166137846,1.01879178643119
8.6,8,1.00863156702586,0.999086210973813,1.01826812023504
8.8,8,1.00816792621905,0.998650332025629,1.01777622743607
9,8,1.00773725288315,0.998247982988549,1.01731672706032
9.2,8,1.00734191528883,0.997884017261642,1.01688945483102
9.4,8,1.00698061937324,0.99755837547333,1.01649185924802
9.6,8,1.00665137594245,0.997269454150062,1.01612155919332
9.8,8,1.00635220154616,0.997015068835813,1.01577677731526
10,8,1.00608111787045,0.996792593020022,1.01545619702967
10.2,8,1.00583615116996,0.996599084426953,1.0151588324829
10.4,8,1.00561533173915,0.996431400549901,1.01488390959051
10.6,8,1.00541669342249,0.996286305063739,1.01463075651527
10.8,8,1.00523827316338,0.996160566155779,1.01439870254258
11,8,1.00507811059155,0.99605104706031,1.01418698506635
11.2,8,1.00493424764891,0.995954788314027,1.01399466516673
11.4,8,1.00480472825368,0.995869080596362,1.0138205529148
11.6,8,1.00468759800267,0.995791526591437,1.013663143967
11.8,8,1.00458090391163,0.995720090188471,1.01352056913191
12,8,1.00448269419365,0.995653131561759,1.01339055836832
12.2,8,1.00439101807555,0.995589427216675,1.013270420128
12.4,8,1.00430392565205,0.99552817487039,1.01315703617473
12.6,8,1.00421946777798,0.995468983922466,1.01304687112466
12.8,8,1.00413569599821,0.995411853108418,1.01293599511517
13,8,1.00405066251544,0.995357137578937,1.01282011735989
13.2,8,1.00396242019581,0.995305508011366,1.01269462798343
13.4,8,1.0038690226122,0.995257904397983,1.01255464549157
13.6,8,1.00376852412539,0.995215486881359,1.01239506750659
13.8,8,1.00365898000281,0.995179585471334,1.01221062293313
14,8,1.00353844657508,0.995151649740766,1.01199592445701
14.2,8,1.00340498143016,0.995133198699447,1.01174552117716
14.4,8,1.00325673216334,0.995125756809754,1.01145414410521
14.6,8,1.00309372884521,0.995130493691805,1.01112068741429
14.8,8,1.00291780045592,0.995148049291597,1.01074821498907
15,8,1.00273084727743,0.995178772189685,1.01034023250855
15.2,8,1.0025347685884,0.995222786582329,1.00990047231545
15.4,8,1.00233146247366,0.995280038960276,1.00943284436219
15.6,8,1.0021228256696,0.995350336380725,1.0089413958302
15.8,8,1.0019107534455,0.995433378518961,1.00843027723589
16,8,1.00169713952067,0.995528785280686,1.0079037132422
16.2,8,1.00148387601746,0.995636121471829,1.0073659766786
16.4,8,1.00127285344999,0.99575491984035,1.00682136445443
16.6,8,1.0010659607486,0.995884703709553,1.00627417414555
16.8,8,1.00086508531999,0.996025010403737,1.00572868005247
17,8,1.00067211314294,0.99617541671539,1.0051891074803
17.2,8,1.00048892889956,0.996335567768273,1.00465960388499
17.4,8,1.00031741614213,0.99650521077629,1.00414420538531
17.6,8,1.00015945749539,0.99668423535421,1.00364679698377
17.8,8,1.00001693489427,0.99687272214878,1.00317106472704
18,8,0.999891729857173,0.997071001534909,1.00272043806076
18.2,8,0.99978572379459,0.997279723815196,1.00229802093991
18.4,8,0.999700798353292,0.997499941565009,1.00190651105224
18.6,8,0.999638835795982,0.997733203228976,1.0015481080489
18.8,8,0.999601719416538,0.997981654573661,1.00122441417759
19,8,0.999591333990882,0.998248141088581,1.00093633422655
19.2,8,0.999609566263605,0.998536300260913,1.00068398585472
19.4,8,0.999658305470442,0.998850628767083,1.0004666352661
19.6,8,0.999739443896769,0.999196507101967,1.00028267570898
19.8,8,0.999854130718133,0.999579237446995,1.00012909958739
20,8,1,1,1
20.2,8,1.00017365188893,0.999889492072829,1.00045789246075
20.4,8,1.00037168653471,0.999792584313366,1.00095112418501
20.6,8,1.0005907033448,0.999705066674405,1.00147712459891
20.8,8,1.00082730021167,0.999623393152531,1.00203265720907
21,8,1.00107807285591,0.999544569952776,1.00261392846169
21.2,8,1.00133961428525,0.999466055083453,1.00321668558639
21.4,8,1.00160851436943,0.999385671619824,1.00383630118621
21.6,8,1.00188135953123,0.99930153461677,1.00446784459416
21.8,8,1.00215473255364,0.999211990438079,1.00510614122969
22,8,1.00242521250365,0.99911556675069,1.00574582170805
22.2,8,1.00268937477257,0.999010931321306,1.00638136256634
22.4,8,1.00294379123337,0.998896857852626,1.00700712037075
22.6,8,1.00318503051505,0.998772197283555,1.00761736078218
22.8,8,1.00340965839435,0.998635853181591,1.00820628395361
23,8,1.0036142383049,0.998486760038869,1.00876804744923
23.2,8,1.00379533196395,0.9983238634283,1.00929678773023
23.4,8,1.00394950011675,0.998146101075245,1.00978664115293
23.6,8,1.00407330339849,0.997952383949746,1.01023176537481
23.8,8,1.00416330331386,0.997741576481894,1.01062636206631
24,8,1.00421606333394,0.997512474944386,1.01096470188419
24.2,8,1.00422815011019,0.997263782924902,1.01124115278303
24.4,8,1.0041961348052,0.996994082615716,1.01145021293611
24.6,8,1.00411659453959,0.996701800363512,1.01158654982067
24.8,8,1.00398611395455,0.996385164527798,1.01164504741624
25,8,1.00380135983198,0.996042187627746,1.01162097601544
25.2,8,1.0035623361796,0.995672178463887,1.01151501908194
25.4,8,1.00327368339172,0.995276520939547,1.0113351039731
25.6,8,1.00294038658887,0.994856780152141,1.01108967553823
25.8,8,1.00256743074636,0.994414584754298,1.01078711897785
26,8,1.0021597986083,0.99395166814995,1.01043571244866
26.2,8,1.00172246884844,0.993469910729351,1.01004357933613
26.4,8,1.00126041447772,0.992971383002021,1.00961864033704
26.6,8,1.00077860149843,0.992458388736422,1.00916856624319
26.8,8,1.00028198780477,0.991933506573552,1.00870073295833
27,8,0.999775522329032,0.991399628080819,1.00822218078017
27.2,8,0.999264144433004,0.990859989907381,1.00773958028395
27.4,8,0.998752783543686,0.990318197646767,1.00725920719883
27.6,8,0.998246359032536,0.989778239237305,1.00678692844327
27.8,8,0.997749780337401,0.989244486223323,1.00632820099297
28,8,0.997267947326265,0.988721681897337,1.00588808455766
28.2,8,0.996805750901994,0.988214916138515,1.0054712682479
28.4,8,0.996368073847314,0.987729587524614,1.00508211065153
28.6,8,0.995959791909381,0.987271353896726,1.00472469213762
28.8,8,0.995585775123403,0.986846072903149,1.00440287785929
29,8,0.995250889374962,0.986459734094397,1.00412038988189
29.2,8,0.994959998200883,0.986118383892421,1.00388088711253
29.4,8,0.994717964828707,0.985828044265273,1.00368805220022
29.6,8,0.994529654455116,0.985594625285174,1.00354568522979
29.8,8,0.994399936763935,0.985423831031448,1.00345780475098
30,8,0.99433368868468,0.985321057627755,1.00342875735718
30.2,8,0.994335797392967,0.985291281698406,1.00346333753489
30.4,8,0.994410095779751,0.985337798736343,1.00356592414993
30.6,8,0.994552598188617,0.985454994017452,1.00373419036751
30.8,8,0.994755841441938,0.985633258755207,1.00396285869309
31,8,0.995012352349823,0.985862910766539,1.00424670663281
31.2,8,0.995314659395373,0.986134367547506,1.00458041399678
31.4,8,0.995655289005324,0.986438281607535,1.00495841757963
31.6,8,0.996026762383376,0.986765653625565,1.00537478958541
31.8,8,0.996421592905966,0.987107920676746,1.00582314254816
32,8,0.996832284080859,0.987457016573635,1.00629656370644
32.2,8,0.997251328069428,0.987805402087831,1.00678758107036
32.4,8,0.997671204773855,0.988146064250846,1.007288161988
32.6,8,0.998084381490739,0.988472485708199,1.00778974324413
32.8,8,0.998483313132733,0.988778586786107,1.00828329003871
33,8,0.998860443019844,0.989058644141315,1.00875937998197
33.2,8,0.999208204241927,0.989307190358835,1.0092083077474
33.4,8,0.999519021593662,0.989518898579574,1.00962020630596
33.6,8,0.999785314082972,0.989688455285584,1.00998518161713
33.8,8,0.99999949801336,0.989810422959918,1.01029345906117
34,8,1.00015399064005,0.989879092729606,1.0105355415022
34.2,8,1.00024121439911,0.989888325554641,1.0107023804145
34.4,8,1.00025360170788,0.989831379298307,1.0107855627277
34.6,8,1.00018360033413,0.989700718388606,1.01077751666796
34.8,8,1.0000236793302,0.989487803135984,1.01067173951176
35,8,0.999766335527328,0.989182857665483,1.01046304827066
35.2,8,0.999404100583824,0.988774619649407,1.01014785009137
35.4,8,0.998929548579693,0.988250082598275,1.00972442157767
35.6,8,0.998335428682868,0.987594377983652,1.00919329876937
35.8,8,0.997632947941891,0.986809323858866,1.00857528881798
36,8,0.996870979717115,0.985935845405568,1.00792739693258
36.2,8,0.996102876533588,0.985023497656779,1.00730687440333
36.4,8,0.995381830387494,0.98412619893894,1.00676619455289
36.6,8,0.994760883659997,0.983301775863037,1.00635353250684
36.8,8,0.994292968359964,0.982610906813432,1.00611391556412
37,8,0.99403097359388,0.98211564097553,1.00609086673594
37.2,8,0.994027841240908,0.981877655422798,1.0063283788005
37.4,8,0.99433668993291,0.981956338197353,1.00687313120436
37.6,8,0.995010967603509,0.982406693390605,1.00777695460756
37.8,8,0.996104633077533,0.983277003194704,1.00909960958586
38,8,0.997672367423816,0.984606201541876,1.01091192718707
38.2,8,0.999769816092005,0.986421075740813,1.01329919823335
38.4,8,1.00245386320065,0.98873378264321,1.01636432929341
38.6,8,1.00578293974291,0.991540732762588,1.02022971770349
38.8,8,1.0098173679328,0.994824369982488,1.02503632535328
39,8,1.01461974443471,0.99855904268382,1.03093876455208
39.2,8,1.02025536581015,1.00272037113471,1.0380970023442
39.4,8,1.02679270018755,1.00729498682236,1.04666782119543
39.6,8,1.03430390992498,1.01228664216563,1.0568000539822
39.8,8,1.04286543090584,1.01771683948834,1.06863546399134
40,8,1.0525586151014,1.02362134528918,1.08231392723762
0,9,1.00378147674018,0.982059860276081,1.025983541129
0.2,9,1.00583799794415,0.985378704612391,1.02672208499397
0.4,9,1.00771050437821,0.988299252380752,1.02750301407995
0.6,9,1.00940615937184,0.990882253594581,1.02827635764148
0.8,9,1.01093227740656,0.993182126248932,1.02899965926921
1,9,1.01229631080704,0.995244691099098,1.02964007749879
1.2,9,1.01350583689372,0.997106209681574,1.03017519241573
1.4,9,1.01456854562655,0.998793476905802,1.03059276774977
1.6,9,1.01549222776665,1.00032461369983,1.03088982369469
1.8,9,1.01628476358036,1.00171025543131,1.03107132535133
2,9,1.01695411210736,1.00295494779607,1.03114867562562
2.2,9,1.01750830101245,1.00405867719551,1.0311380859942
2.4,9,1.01795541703793,1.0050185419101,1.03105881918102
2.6,9,1.01830359707167,1.00583059482896,1.03093127325823
2.8,9,1.01856101984371,1.00649184591923,1.03077491919226
3,9,1.0187358982623,1.00700230363226,1.03060621278112
3.2,9,1.01883647239862,1.00736679225082,1.03043674406849
3.4,9,1.01887100312759,1.00759618335809,1.03027198609911
3.6,9,1.01884776643096,1.00770771222756,1.03011097222499
3.8,9,1.01877479007615,1.00772392459032,1.02994684116153
4,9,1.01865703549639,1.00766650617916,1.02976743754328
4.2,9,1.01849745277976,1.00755261524168,1.02956118184462
4.4,9,1.01829896044732,1.00739606842701,1.02931985278364
4.6,9,1.01806447944916,1.0072076866407,1.02903829871765
4.8,9,1.01779693209426,1.00699569732854,1.02871402303769
5,9,1.01749924106357,1.00676615121529,1.02834675591269
5.2,9,1.01717432850647,1.00652331371632,1.02793805217729
5.4,9,1.01682511522065,1.00627001485215,1.02749093154227
5.6,9,1.01645451991566,1.00600795557843,1.02700956322251
5.8,9,1.01606545856,1.00573797568723,1.02649898983211
6,9,1.01566084381176,1.00546029131763,1.02596488251224
6.2,9,1.01524358453275,1.00517471036933,1.02541331900022
6.4,9,1.01481658538592,1.00488083278696,1.0248505776731
6.6,9,1.01438274651597,1.00457824035073,1.02428294292939
6.8,9,1.01394496331288,1.0042666776192,1.02371652026214
7,9,1.01350612625821,1.00394622233234,1.02315706271257
7.2,9,1.01306912085391,1.0036174403058,1.02260981367064
7.4,9,1.01263682763333,1.00328151716486,1.02207937367074
7.6,9,1.01221212225428,1.00294035777446,1.02156960032206
7.8,9,1.01179787567392,1.00259664439204,1.02108355034346
8,9,1.01139695440504,1.002253846535,1.02062347070679
8.2,9,1.01101222085378,1.00191617895654,1.02019084249167
8.4,9,1.01064653373847,1.00158850813208,1.01978647704582
8.6,9,1.01030274858935,1.00127621119598,1.01941066050896
8.8,9,1.00998371832923,1.00098499334613,1.01906334068029
9,9,1.00969229335349,1.00072066907743,1.01874434970678
9.2,9,1.00943025172343,1.00048762882311,1.01845280615117
9.4,9,1.00919608324971,1.00028579853078,1.01818573845844
9.6,9,1.00898765236976,1.00011361172749,1.0179404326636
9.8,9,1.00880282735125,0.999968886359919,1.01771480928417
10,9,1.00863947977279,0.999848967862201,1.01750727645552
10.2,9,1.00849548404969,0.999750859580571,1.01731659603205
10.4,9,1.00836871700483,0.999671342238443,1.01714176096831
10.6,9,1.00825705748428,0.999607084007944,1.01698188241208
10.8,9,1.00815838601774,0.999554742213572,1.01683608548248
11,9,1.00807058452357,0.999511056943413,1.01670341345631
11.2,9,1.00799153605836,0.999472936055042,1.01658274087507
11.4,9,1.00791912461103,0.999437530384289,1.0164726967638
11.6,9,1.00785123494139,0.99940229752145,1.01637159959709
11.8,9,1.00778575246303,0.999365052402964,1.01627740576419
12,9,1.00772056317072,0.999324003217685,1.01618767303431
12.2,9,1.007653553612,0.99927777171925,1.0160995399307
12.4,9,1.00758261090328,0.999225397875769,1.01600972108287
12.6,9,1.0075056227901,0.9991663297289,1.01591451768504
12.8,9,1.00742047775176,0.999100400210537,1.01580984131297
13,9,1.00732506515021,0.999027793328757,1.01569124868778
13.2,9,1.00721727542314,0.998949002486224,1.01555398462376
13.4,9,1.00709500032125,0.998864783699123,1.01539303039196
13.6,9,1.00695613318968,0.998776106166046,1.01520315504999
13.8,9,1.00679856929343,0.998684102055493,1.01497896786883
14,9,1.00662020618678,0.998590016606585,1.01471497076134
14.2,9,1.00641894412657,0.998495158716794,1.0144056105375
14.4,9,1.00619279901097,0.998400863152946,1.01404554637934
14.6,9,1.00594218001407,0.998308643277511,1.01363408635756
14.8,9,1.00566978240739,0.998219999222841,1.01317516382634
15,9,1.00537839160378,0.998136166355247,1.01267316461917
15.2,9,1.00507079099581,0.998058160963612,1.01213269368755
15.4,9,1.00474976146987,0.997986826117625,1.01155852637956
15.6,9,1.0044180809972,0.997922869142186,1.01095556844119
15.8,9,1.00407852430176,0.997866892899921,1.01032882254879
16,9,1.00373386260473,0.997819422656653,1.0096833595973
16.2,9,1.00338686344562,0.997780930013447,1.00902429326011
16.4,9,1.00304029057975,0.997751855202827,1.00835675652219
16.6,9,1.00269690395192,0.997732628950163,1.0076858789841
16.8,9,1.00235945974606,0.997723695082802,1.00701676375345
17,9,1.00203071051083,0.997725535120337,1.00635446268872
17.2,9,1.00171340536077,0.99773869618966,1.00570394865063
17.4,9,1.00141029025301,0.997763823763147,1.00507008326118
17.6,9,1.00112410833934,0.99780170088844,1.00445757850067
17.8,9,1.00085760039351,0.997853295711007,1.00387095034014
18,9,1.00061350531365,0.997919819092438,1.00331446260545
18.2,9,1.00039456069985,0.99800279384904,1.00279205954732
18.4,9,1.00020350350681,0.998104136360845,1.00230728636679
18.6,9,1.00004307077154,0.998226249764429,1.00186319848248
18.8,9,0.999916000416336,0.998372125398182,1.00146226287101
19,9,0.999825032127137,0.998545445550575,1.00110625843058
19.2,9,0.999772908307359,0.998750676232346,1.00079618664791
19.4,9,0.999762375107652,0.99899313464438,1.00053220789821
19.6,9,0.999796183531838,0.999279013438322,1.00031362128324
19.8,9,0.999876188409556,0.999614265153984,1.00013818029539
20,9,1,1,1
20.2,9,1.00016398219688,0.999892991638339,1.00043504619917
20.4,9,1.00036450147359,0.999811950978957,1.0009173573377
20.6,9,1.00059792565868,0.999752445764665,1.00144412056595
20.8,9,1.00086062267148,0.999710697901353,1.00201187015124
21,9,1.00114895939005,0.999683471608414,1.00261659550613
21.2,9,1.00145930065145,0.999667973388849,1.0032538378332
21.4,9,1.00178800838423,0.999661765969895,1.00391877323501
21.6,9,1.00213144087307,0.999662696085682,1.00460628241774
21.8,9,1.00248595215596,0.999668834773345,1.00531100831797
22,9,1.00284789155388,0.999678428359854,1.00602740347624
22.2,9,1.00321360333333,0.999689858231737,1.00674976906663
22.4,9,1.003579426502,0.999701607601145,1.0074722873707
22.6,9,1.00394169473792,0.999712233684666,1.00818904928112
22.8,9,1.00429673645237,0.999720343925921,1.00889407820596
23,9,1.00464087498694,0.999724575083106,1.00958135155438
23.2,9,1.00497042894506,0.999723574151861,1.01024482083544
23.4,9,1.00528171265822,0.999715980195166,1.01087843129981
23.6,9,1.00557103678727,0.999700406202828,1.01147614200356
23.8,9,1.00583470905889,0.999675420101074,1.0120319471747
24,9,1.00606903513737,0.999639523973913,1.01253989982157
24.2,9,1.00627031963183,0.999591130435057,1.01299413864471
24.4,9,1.00643486723877,0.999528534890903,1.01338891951143
24.6,9,1.00655898401976,0.999449882144395,1.0137186530425
24.8,9,1.00663897881408,0.999353125383767,1.0139779502653
25,9,1.00667122878727,0.999236001191325,1.01416178126076
25.2,9,1.00665503632306,0.999097170315483,1.01427007528666
25.4,9,1.00659377291694,0.9989368412518,1.01430939558246
25.6,9,1.00649111605274,0.998755360557622,1.01428678803535
25.8,9,1.00635074713903,0.998553132819309,1.01420925234887
26,9,1.00617635006499,0.998330660765698,1.01408369713259
26.2,9,1.00597160989,0.998088586745879,1.01391689409463
26.4,9,1.00574021166774,0.997827735506401,1.01371543140372
26.6,9,1.00548583940467,0.997549157443561,1.01348566704646
26.8,9,1.00521217515327,0.997254170834551,1.01323368367642
27,9,1.00492289823989,0.996944401000766,1.01296524700186
27.2,9,1.00462168462729,0.996621813988563,1.012685770126
27.4,9,1.00431220641163,0.996288742231638,1.01240028637489
27.6,9,1.00399813145374,0.995947899828381,1.01211343297807
27.8,9,1.00368312314449,0.995602385527162,1.01182944750748
28,9,1.00337084030392,0.995255672208142,1.01155217828454
28.2,9,1.00306493721386,0.994911582475454,1.0112851091395
28.4,9,1.0027690637838,0.99457425079119,1.0110313980901
28.6,9,1.00248686584966,0.99424807325264,1.01079392883643
28.8,9,1.0022219856053,0.99393764652719,1.01057537355605
29,9,1.00197806216638,0.993647697556686,1.01037826538658
29.2,9,1.00175873226663,0.993383005425424,1.01020507920073
29.4,9,1.00156763108627,0.993148316305641,1.01005831975962
29.6,9,1.00140839321257,0.992948251740483,1.00994061698461
29.8,9,1.00128465373266,0.992787209807577,1.00985482880551
30,9,1.00120004945878,0.992669258051534,1.00980415269818
30.2,9,1.00115822028617,0.992598016625578,1.00979224747399
30.4,9,1.00116212379284,0.992575780864405,1.0098227434529
30.6,9,1.00120968398321,0.992598765495913,1.0098953032658
30.8,9,1.00129658586512,0.992660464605933,1.01000784116365
31,9,1.00141850766012,0.992754323915071,1.01015830737395
31.2,9,1.00157112947615,0.992873919638953,1.01034452366814
31.4,9,1.00175013188802,0.993013102427797,1.01056403413432
31.6,9,1.00195119470457,0.993166115450558,1.01081398262816
31.8,9,1.0021699959225,0.993327683376478,1.01109102014894
32,9,1.00240221086671,0.993493069161682,1.01139124523368
32.2,9,1.00264351151732,0.993658096734538,1.01171017927744
32.4,9,1.00288956602345,0.993819139560091,1.01204277680133
32.6,9,1.0031360384041,0.993973077160946,1.01238346859383
32.8,9,1.00337858843634,0.994117223460792,1.0127262338617
33,9,1.0036128717311,0.994249231891869,1.01306469645218
33.2,9,1.00383453999705,0.994366982371321,1.01339224004403
33.4,9,1.00403924149262,0.994468454532425,1.01370213792357
33.6,9,1.00422262166655,0.994551590198137,1.01398769435976
33.8,9,1.00438032398722,0.994614146298665,1.01424239637726
34,9,1.00450799096066,0.994653537567659,1.01446007659243
34.2,9,1.00460126533739,0.994666666684846,1.01463508944273
34.4,9,1.00465579150789,0.994649738337967,1.01476250433334
34.6,9,1.00466721708635,0.994598053272575,1.0148383196276
34.8,9,1.00463119468228,0.994505779241279,1.01485970056277
35,9,1.00454338385925,0.994365698546311,1.01482524138818
35.2,9,1.00439945327977,0.994168937570014,1.0147352463199
35.4,9,1.00419508303536,0.993904693470946,1.01459201412038
35.6,9,1.0039260464203,0.993560069039869,1.0144001737661
35.8,9,1.00359984783589,0.993132307208429,1.01417771556277
36,9,1.00324798027705,0.992644986435443,1.01396423060002
36.2,9,1.0029048342315,0.992129524485472,1.01379717234657
36.4,9,1.00260475396313,0.991622503353483,1.01370863334587
36.6,9,1.00238204637886,0.991165030651098,1.01372600508579
36.8,9,1.00227100164606,0.990801412539643,1.01387336354893
37,9,1.00230592555197,0.990577373839203,1.01417334468582
37.2,9,1.00252118362207,0.990538020627294,1.01464931449529
37.4,9,1.00295125705097,0.990725630493238,1.01532774873234
37.6,9,1.0036308105475,0.991177236038256,1.01624085709062
37.8,9,1.00459477225521,0.991921895767634,1.01742955846488
38,9,1.00587842598097,0.992977580326205,1.01894688047394
38.2,9,1.00751751604768,0.994347819180104,1.02086163972269
38.4,9,1.0095483651838,0.996018745800501,1.02326176685174
38.6,9,1.01200800597163,0.997957932983859,1.02625588744854
38.8,9,1.01493432650067,1.00011699840453,1.02997118212434
39,9,1.01836623101174,1.00243934813793,1.03454616221068
39.2,9,1.02234381647398,1.00487179917675,1.04011962514906
39.4,9,1.0269085662117,1.00737557675241,1.04682029989113
39.6,9,1.03210356189389,1.00993180900163,1.05476206708165
39.8,9,1.03797371541759,1.01254023015212,1.06404605151929
40,9,1.04456602246092,1.0152137567842,1.07476693256804
0,10,1.0059876423653,0.983747199919882,1.02873089415056
0.2,10,1.00741998484475,0.986493208431191,1.02879068724514
0.4,10,1.00870318103681,0.988824281635642,1.0289817173085
0.6,10,1.00984450227192,0.990816236298304,1.02923819918289
0.8,10,1.01085131746634,0.992537567367273,1.02950298267686
1,10,1.01173108271282,0.994045888474743,1.02973091644478
1.2,10,1.01249133137754,0.995386430901548,1.02989016555729
1.4,10,1.01313966472123,0.996592193017045,1.02996189155767
1.6,10,1.01368374306026,0.997685121497939,1.02993891439603
1.8,10,1.01413127748171,0.998677798273737,1.02982388288239
2,10,1.01449002212441,0.999575311760879,1.02962727558461
2.2,10,1.01476776703641,1.00037718128224,1.02936536366829
2.4,10,1.01497233161764,1.00107932886788,1.02905814179018
2.6,10,1.01511155865517,1.00167614066737,1.02872718504484
2.8,10,1.0151933089569,1.00216262959339,1.02839342050603
3,10,1.01522545658859,1.00253660862956,1.0280749040321
3.2,10,1.0152158847177,1.00280064264397,1.02778483454668
3.4,10,1.01517248206697,1.00296343585105,1.02753014866542
3.6,10,1.01510313997932,1.00304031790605,1.02731103266818
3.8,10,1.01501542332784,1.00305228917222,1.02712123855839
4,10,1.0149130089981,1.00301933380721,1.02694771787077
4.2,10,1.01479702326803,1.00295669041099,1.02677713632047
4.4,10,1.0146685480294,1.00287631351786,1.02659944051192
4.6,10,1.01452866511719,1.00278721533394,1.02640759336138
4.8,10,1.01437845618249,1.00269585321907,1.02619717540845
5,10,1.01421900257689,1.00260653293245,1.02596597109681
5.2,10,1.01405138524833,1.00252179047277,1.0257135771973
5.4,10,1.01387668464861,1.0024427367194,1.02544104916968
5.6,10,1.01369598065223,1.00236936209403,1.02515058824602
5.8,10,1.01351035248684,1.00230080531071,1.02484526516924
6,10,1.01332087867515,1.00223559308559,1.02452877371647
6.2,10,1.01312863698834,1.00217185797884,1.02420520683543
6.4,10,1.0129347044109,1.00210754031341,1.02387884944874
6.6,10,1.01274015711695,1.00204057794015,1.02355398415664
6.8,10,1.01254607045799,1.001969084877,1.02323470880919
7,10,1.01235351896211,1.00189151688568,1.02292476788374
7.2,10,1.01216357634455,1.00180681925856,1.02262740239362
7.4,10,1.01197731552969,1.00171454994016,1.022345225202
7.6,10,1.01179580868443,1.00161497006808,1.0220801296548
7.8,10,1.01162012726289,1.00150909440699,1.02183323905745
8,10,1.01145134206254,1.00139869598857,1.02160490268082
8.2,10,1.01129052329158,1.0012862621933,1.02139474105949
8.4,10,1.01113874064773,1.00117490280687,1.02120174004791
8.6,10,1.01099706340831,1.00106821338891,1.0210243902961
8.8,10,1.01086656053163,1.00097009883369,1.02086086726434
9,10,1.0107483004711,1.00088456141461,1.02070924688988
9.2,10,1.01064280132573,1.00081467234677,1.02056744379704
9.4,10,1.01054889163425,1.00076057393634,1.02043294767943
9.6,10,1.01046507749936,1.00072121775212,1.02030381162429
9.8,10,1.01038986585287,1.00069494710197,1.02017871077962
10,10,1.01032176431771,1.00067963881409,1.02005679726205
10.2,10,1.01025928109196,1.00067283293036,1.01993756745015
10.4,10,1.01020092485492,1.00067185198492,1.01982073998932
10.6,10,1.0101452046952,1.00067391135714,1.01970614301798
10.8,10,1.01009063006081,1.00067622163379,1.0195936096801
11,10,1.01003571073129,1.00067608317615,1.01948288172775
11.2,10,1.00997895681178,1.0006709723195,1.01937352178626
11.4,10,1.00991887874911,1.00065861796914,1.01926483551787
11.6,10,1.00985398736982,1.00063706691756,1.01915580535929
11.8,10,1.00978279394021,1.00060473608029,1.019045037636
12,10,1.00970381024825,1.00056045007558,1.0189307246282
12.2,10,1.00961554870749,1.00050346313643,1.01881062260044
12.4,10,1.00951652248289,1.00043346515796,1.01868204599197
12.6,10,1.0094052456385,1.00035057261334,1.0185418770349
12.8,10,1.00928023330704,1.0002553059579,1.01838658918064
13,10,1.00914000188127,1.00014855583557,1.01821228202057
13.2,10,1.00898306922719,1.00003154080119,1.01801472498707
13.4,10,1.00880795491898,0.999905759329382,1.01778940706409
13.6,10,1.00861318049553,0.999772938609219,1.01753159000731
13.8,10,1.00839726973868,0.999634982074262,1.01723636312369
14,10,1.00815874897291,0.999493916853063,1.01689869842403
14.2,10,1.00789614738646,0.999351841390259,1.01651350589724
14.4,10,1.00760809798979,0.999210868100365,1.01607589703741
14.6,10,1.00729537473971,0.999072939435569,1.01558548122146
14.8,10,1.00696079592729,0.998939637860769,1.01504636126558
15,10,1.0066072595164,0.998812250048911,1.01446310341258
15.2,10,1.00623766061767,0.998691828801752,1.01384050659566
15.4,10,1.00585489098659,0.998579241594832,1.01318355076738
15.6,10,1.00546183860471,0.998475210420478,1.0124973543055
15.8,10,1.00506138734373,0.998380345178898,1.01178713824568
16,10,1.00465641671242,0.998295172451787,1.01105819550598
16.2,10,1.00424980168615,0.998220161200539,1.01031586356034
16.4,10,1.00384441261871,0.998155746742886,1.00956549920597
16.6,10,1.00344311523633,0.998102354262878,1.0088124541684
16.8,10,1.0030487707136,0.998060423087998,1.00806205030871
17,10,1.00266423583104,0.99803043301483,1.00731955315004
17.2,10,1.00229236321416,0.998012934070171,1.00659014233455
17.4,10,1.00193600165377,0.998008581241228,1.0058788774756
17.6,10,1.00159799650739,0.998018175866128,1.00519065771222
17.8,10,1.00128119018156,0.998042715489268,1.00453017315989
18,10,1.00098842269495,0.998083453961136,1.0039018464766
18.2,10,1.00072253232228,0.998141973251007,1.00330976307483
18.4,10,1.00048635631885,0.998220267634034,1.00275758931709
18.6,10,1.0002827317259,0.998320839358143,1.00224847958931
18.8,10,1.00011449625675,0.998446802363873,1.00178497567902
19,10,0.999984489263925,0.998601987073101,1.00136890544284
19.2,10,0.999895552787526,0.99879103503888,1.0010012919723
19.4,10,0.999850532685093,0.999019468301003,1.00068228841508
19.6,10,0.999852279843424,0.99929371569394,1.00041115620733
19.8,10,0.999902789206794,0.99962003224892,1.00018562614656
20,10,1,1,1
20.2,10,1.0001406616869,0.999848469113377,1.00043293964987
20.4,10,1.00032152768818,0.99972614236643,1.00091726759072
20.6,10,1.00053935418476,0.999628931198158,1.00145060634906
20.8,10,1.00079089886247,0.999553429126847,1.00202990061359
21,10,1.00107291976268,0.999496797005945,1.00265152793303
21.2,10,1.00138217423851,0.999456659988295,1.00331139810945
21.4,10,1.00171541801654,0.999431018482909,1.00400503900232
21.6,10,1.00206940436389,0.999418173086662,1.00472766876046
21.8,10,1.00244088336069,0.999416662234538,1.00547425573853
22,10,1.00282660127806,0.999425210779617,1.00623956788764
22.2,10,1.00322330006164,0.999442687598425,1.00701821352558
22.4,10,1.00362771692098,0.999468070417451,1.00780467529223
22.6,10,1.00403658402484,0.999500416246599,1.00859333890617
22.8,10,1.00444662830292,0.999538836012856,1.00937851813107
23,10,1.00485457135409,0.999582472174182,1.0101544771738
23.2,10,1.00525712946145,0.999630478241346,1.01091545158859
23.4,10,1.00565101371466,0.999681999235976,1.01165566866088
23.6,10,1.00603293023969,0.99973615216289,1.0123693681948
23.8,10,1.00639958053632,0.999792005570826,1.01305082463167
24,10,1.00674766192367,0.999848557213715,1.01369437148883
24.2,10,1.00707386809394,0.999904708697113,1.01429442923536
24.4,10,1.00737488977456,0.999959235789875,1.01484553792507
24.6,10,1.00764741549887,1.00001075278279,1.01534239620531
24.8,10,1.0078881324853,1.00005766886124,1.0157799087341
25,10,1.00809377462868,1.00009814131248,1.01615333182343
25.2,10,1.0082632209302,1.00013037976125,1.01646219658204
25.4,10,1.00839833789315,1.00015294668325,1.01671170518254
25.6,10,1.00850121744618,1.00016445752349,1.01690746750669
25.8,10,1.00857395560793,1.0001635915124,1.01705504235804
26,10,1.00861865183727,1.00014913433403,1.01715989137102
26.2,10,1.00863740842684,1.00012002201672,1.01722733200215
26.4,10,1.00863232993996,1.00007538594303,1.017262489708
26.6,10,1.00860552269119,1.00001459809575,1.01727025019465
26.8,10,1.00855909427063,0.99993731497919,1.01725521330021
27,10,1.00849515311207,0.999843518112342,1.01722165061458
27.2,10,1.00841580810505,0.999733548640772,1.01717346928963
27.4,10,1.00832316825104,0.999608133516852,1.01711418459029
27.6,10,1.00821934236352,0.999468400890409,1.01704690354426
27.8,10,1.00810643881222,0.999315882828306,1.01697432157122
28,10,1.00798656531145,0.999152504183735,1.01689873327038
28.2,10,1.00786182875238,0.998980557258022,1.01682205772271
28.4,10,1.0077343350795,0.998802662704824,1.0167458778574
28.6,10,1.00760618921103,0.998621717785114,1.01667149277324
28.8,10,1.00747949500328,0.998440833486846,1.01659998150049
29,10,1.00735635525904,0.998263262121166,1.01653227659058
29.2,10,1.00723887177979,0.998092316798983,1.01646924612941
29.4,10,1.00712914546184,0.997931283728181,1.01641178323354
29.6,10,1.0070292764363,0.997783327637865,1.01636090272283
29.8,10,1.00694136425279,0.997651389937603,1.01631784536148
30,10,1.00686750810708,0.997538078575497,1.01628419070424
30.2,10,1.00680980711239,0.997445548105269,1.01626198003813
30.4,10,1.00677005668958,0.997374993073034,1.01625361983837
30.6,10,1.00674782317741,0.997324258324638,1.01626042985766
30.8,10,1.0067416809332,0.997289677534882,1.01628326749904
31,10,1.00675020061994,0.997267532123564,1.01632303649761
31.2,10,1.00677195353652,0.997254226390136,1.01638051722953
31.4,10,1.00680551141973,0.997246432507076,1.01645621862674
31.6,10,1.00684944626665,0.997241209268081,1.01655025687466
31.8,10,1.00690233017724,0.997236091797888,1.01666226368573
32,10,1.00696273521723,0.997229149499848,1.01679132687278
32.2,10,1.00702923330132,0.99721901051856,1.01693596494526
32.4,10,1.00710039609657,0.997204852644414,1.01709413580193
32.6,10,1.00717479494607,0.997186362461618,1.01726327771927
32.8,10,1.00725100081291,0.99716366618389,1.01744037919198
33,10,1.00732758424436,0.997137236662034,1.01762207314247
33.2,10,1.0074031153564,0.997107781284652,1.01780475077855
33.4,10,1.0074761638385,0.997076114923706,1.01798469094849
33.6,10,1.00754529897869,0.997043020857671,1.01815820206115
33.8,10,1.00760908970903,0.997009100988515,1.01832177525524
34,10,1.00766610467123,0.996974614935776,1.01847224923446
34.2,10,1.00771491230283,0.996939306017484,1.01860698875855
34.4,10,1.00775408094349,0.996902210989438,1.01872407991782
34.6,10,1.00778217896174,0.996861450035099,1.01882254569792
34.8,10,1.00779777490205,0.996813994324587,1.01890258451448
35,10,1.00779943765214,0.996755411142533,1.01896583171569
35.2,10,1.00778573663066,0.996679592011725,1.01901563862287
35.4,10,1.00775524199513,0.996578478437571,1.01905735448037
35.6,10,1.00770656117807,0.996441852877444,1.01909861625035
35.8,10,1.0076436705241,0.996263463100154,1.01915387279962
36,10,1.00758154063294,0.996050966803904,1.01924559571671
36.2,10,1.00753648517016,0.995818706137224,1.01939214707737
36.4,10,1.00752481546237,0.995586560723543,1.01960622392768
36.6,10,1.00756284458214,0.995379235012417,1.01989558358609
36.8,10,1.00766689407461,0.995224826544263,1.02026450941717
37,10,1.00785330332879,0.995152914715347,1.02071577745546
37.2,10,1.00813844160036,0.995192357881464,1.02125293606148
37.4,10,1.00853872269738,0.995368865787445,1.02188283172328
37.6,10,1.00907062234659,0.995702284113371,1.02261844441746
37.8,10,1.00975069826515,0.996203446096069,1.02348217790508
38,10,1.01059561297133,0.996870477410757,1.02450971926625
38.2,10,1.01162215937738,0.997684688242409,1.02575433441423
38.4,10,1.01284728921888,0.998606795775023,1.02729085724061
38.6,10,1.01428814438748,0.999575230126758,1.02921762048319
38.8,10,1.0159620912478,1.00050917985711,1.03165367358251
39,10,1.01788675803436,1.00131836538021,1.03472930089352
39.2,10,1.02008007544165,1.00191794040685,1.03857144217869
39.4,10,1.02256032053878,1.00224230479216,1.04329023444806
39.6,10,1.02534616416055,1.00225121773495,1.04897328908686
39.8,10,1.02845672194882,1.00192695138874,1.05568896759952
40,10,1.03191160924259,1.00126663675039,1.06349450806189
0,11,1.00814452212243,0.985767637766436,1.03102936082212
0.2,11,1.00887156541058,0.987936541264938,1.03025021646713
0.4,11,1.00948019089391,0.989650751049104,1.02970694937273
0.6,11,1.00997836288148,0.991006312759285,1.02931361824385
0.8,11,1.01037409992692,0.992091786564409,1.02899332060629
1,11,1.010675466293,0.992982194210625,1.02868400271627
1.2,11,1.01089056404033,0.993736291755851,1.02834096021607
1.4,11,1.01102752575015,0.994396583237715,1.027936615084
1.6,11,1.01109450788955,0.994990981984424,1.02745866283681
1.8,11,1.01109968482562,0.995535174726106,1.02690753537235
2,11,1.0110512434941,0.996035124528965,1.02629374386208
2.2,11,1.01095737872626,0.996489493118871,1.02563532145456
2.4,11,1.01082628923702,0.996891986372052,1.02495536224659
2.6,11,1.01066617427622,0.997233728819686,1.02427955082817
2.8,11,1.0104852309439,0.997505765719386,1.02363358393157
3,11,1.01029165217022,0.997701679001306,1.02304049790369
3.2,11,1.01009362535966,0.997820106753175,1.02251811232001
3.4,11,1.00989933169893,0.9978667500916,1.02207700584504
3.6,11,1.00971694612802,0.997855367630322,1.02171952406213
3.8,11,1.00955418913442,0.997806963066089,1.02143971582142
4,11,1.00941343866232,0.997741845329155,1.02122156640222
4.2,11,1.00929357036506,0.997675099915249,1.02104734423739
4.4,11,1.00919340071622,0.997618251265603,1.02090285412994
4.6,11,1.00911174785704,0.997579572197159,1.02077723726868
4.8,11,1.00904743137315,0.997564478671533,1.02066256420504
5,11,1.00899927208531,0.997575964678258,1.0205533885302
5.2,11,1.00896609185394,0.997615024117239,1.02044631436042
5.4,11,1.00894671339756,0.997681034862525,1.02033960244219
5.6,11,1.00893996012493,0.997772098080772,1.02023282179863
5.8,11,1.00894465598104,0.997885335673659,1.02012654404374
6,11,1.00895962530682,0.998017153088739,1.02002207311637
6.2,11,1.00898369271255,0.998163475769806,1.01992120216051
6.4,11,1.00901568296503,0.998319966537063,1.01982599025939
6.6,11,1.00905442088839,0.998482228991253,1.01973855392806
6.8,11,1.00909873127867,0.998645999108518,1.01966087119684
7,11,1.00914743883204,0.998807323917713,1.01959459939359
7.2,11,1.00919936808668,0.998962722950235,1.01954091093477
7.4,11,1.00925334337849,0.999109325530104,1.01950035405807
7.6,11,1.00930818881031,0.999244975462451,1.01947274693884
7.8,11,1.00936272823497,0.999368294697338,1.01945711361444
8,11,1.00941578525201,0.999478699206254,1.01945166847989
8.2,11,1.00946618321809,0.999576363296932,1.01945385313016
8.4,11,1.00951274527112,0.999662132181237,1.0194604257352
8.6,11,1.00955429436814,0.999737385842925,1.01946759990157
8.8,11,1.00958965333686,0.999803859223511,1.0194712280031
9,11,1.00961764504921,0.9998634238562,1.0194670240696
9.2,11,1.00963729188567,0.999917781500742,1.01945127892045
9.4,11,1.00964822902327,0.999967957546533,1.01942221115859
9.6,11,1.00965020907138,1.00001419594317,1.01937907363049
9.8,11,1.00964298487151,1.00005611101448,1.01932176172211
10,11,1.00962630951949,1.00009283151929,1.01925066628606
10.2,11,1.00959993638836,1.0001231324572,1.01916653907514
10.4,11,1.00956361915173,1.00014555631091,1.01907036899127
10.6,11,1.00951711180777,1.00015852528551,1.01896326758978
10.8,11,1.00946016870383,1.00016044556861,1.01884636281556
11,11,1.0093925445616,1.0001498038888,1.01872070069398
11.2,11,1.00931399450284,1.00012525585198,1.0185871554973
11.4,11,1.00922427407571,1.00008570482778,1.01844634961464
11.6,11,1.00912313928167,1.00003036966581,1.01829858484598
11.8,11,1.00901034660297,0.999958839344223,1.0181437870178
12,11,1.00888565303064,0.999871112842572,1.01798146562849
12.2,11,1.00874881609313,0.999767623079207,1.01781068968332
12.4,11,1.00859959388545,0.999649244579705,1.01763008005232
12.6,11,1.00843774509886,0.999517285511062,1.01743781771628
12.8,11,1.00826302905118,0.999373465658956,1.01723166632322
13,11,1.00807520571757,0.999219882683148,1.01700900672007
13.2,11,1.00787403576188,0.999058969441763,1.01676688066824
13.4,11,1.00765928056851,0.998893445273672,1.01650204085348
13.6,11,1.00743070227489,0.998726263876717,1.01621100455146
13.8,11,1.00718806380437,0.998560559870094,1.01589010886026
14,11,1.00693112889968,0.998399595349171,1.0155355661904
14.2,11,1.00665966215694,0.998246706781159,1.01514351966311
14.4,11,1.00637348063914,0.998105199125741,1.01471025641471
14.6,11,1.00607349803765,0.997977187767448,1.01423549141243
14.8,11,1.00576167512188,0.997863449613577,1.01372241616395
15,11,1.00544001266724,0.997764423811212,1.01317464819087
15.2,11,1.00511050923461,0.997680313393611,1.01259604124843
15.4,11,1.00477516099504,0.997611134240376,1.01199063392707
15.6,11,1.00443596159406,0.997556755158084,1.01136260741726
15.8,11,1.00409490205559,0.997516931365959,1.0107162501527
16,11,1.00375397072546,0.997491333246755,1.01005592747129
16.2,11,1.00341515325417,0.997479571923449,1.00938605473251
16.4,11,1.0030804326191,0.997481223028863,1.00871107252333
16.6,11,1.00275178918593,0.99749584993282,1.00803542268703
16.8,11,1.00243120080915,0.997523027669129,1.00736352393158
17,11,1.00212064297163,0.997562368853483,1.00669974572524
17.2,11,1.00182208896323,0.997613552993579,1.00604837907721
17.4,11,1.00153751009822,0.997676360748699,1.00541360264464
17.6,11,1.00126887597163,0.997750714868504,1.00479944243549
17.8,11,1.00101815475429,0.997836729675669,1.00420972324138
18,11,1.00078731352678,0.997934770959779,1.00364800993241
18.2,11,1.00057831865197,0.998045527868662,1.00311753702698
18.4,11,1.00039313618647,0.998170097599047,1.00262112573424
18.6,11,1.00023373233075,0.99831008212881,1.00216108922679
18.8,11,1.00010207391813,0.998467693643317,1.00173912949121
19,11,1.00000012894276,0.998645861609635,1.0013562328028
19.2,11,0.999929867126466,0.998848329990194,1.001012575334
19.4,11,0.999893260524906,0.999079728841103,1.00070745465214
19.6,11,0.999892284172951,0.999345601693811,1.00043926570953
19.8,11,0.999928326635311,0.999651599599156,1.00020513027601
20,11,1,1,1
20.2,11,1.00010510158119,0.999819089338676,1.0003911956415
20.4,11,1.00024143115592,0.999658533687194,1.00082466851017
20.6,11,1.00040679036413,0.999515274601519,1.00129910131254
20.8,11,1.00059898204455,0.999386938707032,1.00181249533229
21,11,1.00081580961929,0.999271722026652,1.00236228315604
21.2,11,1.00105507652691,0.999168286024514,1.00294542997106
21.4,11,1.00131458570404,0.999075667802544,1.00355852099663
21.6,11,1.00159213911522,0.998993204478168,1.00419783502073
21.8,11,1.00188553733129,0.998920470476215,1.00485940530889
22,11,1.00219257915601,0.998857225912344,1.00553906970837
22.2,11,1.00251106130116,0.99880337412484,1.00623251189134
22.4,11,1.00283877811002,0.99875892651539,1.00693529557726
22.6,11,1.00317352132942,0.998723973055995,1.00764289337835
22.8,11,1.00351307993034,0.99869865703323,1.00835071169799
23,11,1.00385523997727,0.998683152793375,1.00905411291976
23.2,11,1.00419778454627,0.998677645403621,1.00974843597313
23.4,11,1.00453849369201,0.998682311247709,1.01042901625872
23.6,11,1.00487514446384,0.998697298625389,1.01109120586495
23.8,11,1.00520551097093,0.998722707421088,1.01173039501174
24,11,1.00552736449679,0.998758566843947,1.01234203572028
24.2,11,1.005838473663,0.998804810111286,1.01292166883737
24.4,11,1.00613660464253,0.998861244738882,1.01346495575191
24.6,11,1.00641952142253,0.998927516797009,1.01396771644461
24.8,11,1.00668498611681,0.999003067068043,1.01442597593545
25,11,1.00693078494221,0.999087063028945,1.01483608704775
25.2,11,1.00715587163069,0.999177772324598,1.01519767338323
25.4,11,1.00736082677425,0.999272491166385,1.01551463118415
25.6,11,1.00754635301594,0.999368470610087,1.01579115544441
25.8,11,1.00771315467764,0.999463025410206,1.01603138514662
26,11,1.00786193762568,0.999553576971655,1.01623935796629
26.2,11,1.00799340914131,0.999637697680777,1.01641896382021
26.4,11,1.00810827779607,0.999713156476519,1.01657389739957
26.6,11,1.00820725333201,0.999777964723558,1.01670761062667
26.8,11,1.00829104654683,0.99983042075441,1.01682326666896
27,11,1.00836036918399,0.999869150893455,1.01692369769814
27.2,11,1.00841593382778,0.999893144424229,1.01701136893315
27.4,11,1.00845845380339,0.999901779874318,1.01708835159324
27.6,11,1.00848864308191,0.999894840207129,1.01715630717177
27.8,11,1.00850721619047,0.999872515018031,1.01721648493348
28,11,1.00851488812727,0.999835388569554,1.0172697338004
28.2,11,1.0085123742818,0.999784413353121,1.01731652893881
28.4,11,1.00850039035998,0.99972086969155,1.01735701253295
28.6,11,1.00847965231443,0.999646312559585,1.01739104756776
28.8,11,1.00845087627983,0.999562507193832,1.01741828304926
29,11,1.00841477851327,0.999471355137783,1.01743822901636
29.2,11,1.00837207533977,0.999374812128856,1.01745033993706
29.4,11,1.00832348310283,0.999274798739885,1.01745410557609
29.6,11,1.00826971812005,0.999173104028579,1.01744914908039
29.8,11,1.00821149664391,0.999071281736119,1.01743533274079
30,11,1.00814953482755,0.998970537934591,1.01741287253013
30.2,11,1.00808454869567,0.998871608595055,1.01738246294568
30.4,11,1.00801726441487,0.998774560075465,1.01734550115259
30.6,11,1.00794848349657,0.998678368848768,1.01730464689466
30.8,11,1.00787904087196,0.998581522752595,1.0172631256273
31,11,1.00780977139932,0.998482484348457,1.01722418895581
31.2,11,1.00774150970794,0.99837986784454,1.01719093412906
31.4,11,1.007675090203,0.998272588432178,1.01716615199297
31.6,11,1.00761134707737,0.99815998291593,1.01715220419188
31.8,11,1.00755111433032,0.998041898548921,1.01715093270557
32,11,1.00749522579314,0.997918747264256,1.01716360453061
32.2,11,1.00744451516165,0.997791523768594,1.01719089303937
32.4,11,1.00739981603558,0.997661787877175,1.01723289563684
32.6,11,1.00736196196496,0.997531613523009,1.01728918528203
32.8,11,1.00733178650327,0.997403508558623,1.01735889175511
33,11,1.00731012326757,0.997280310404348,1.01744080761599
33.2,11,1.00729780600555,0.997165062609971,1.01753351378744
33.4,11,1.00729566866944,0.997060876535132,1.01763552055736
33.6,11,1.00730454549684,0.996970780833975,1.01774542131498
33.8,11,1.00732527109853,0.996897559553526,1.01786205821205
34,11,1.00735868055313,0.99684357774331,1.01798470085248
34.2,11,1.00740560950877,0.996810591837302,1.01811324075033
34.4,11,1.00746689429167,0.996799541034975,1.01824840533116
34.6,11,1.00754337202174,0.996810315884781,1.01839199527533
34.8,11,1.00763588073514,0.996841501849919,1.01854714742579
35,11,1.00774525951385,0.996890099664266,1.01871862145552
35.2,11,1.00787234862233,0.996951231879482,1.01891310089708
35.4,11,1.00801798965117,0.997017857289622,1.01913948685196
35.6,11,1.00818302181953,0.997080534013138,1.01940913578378
35.8,11,1.00836771689829,0.997128176423524,1.01973394847764
36,11,1.00857118204932,0.997152995483129,1.0201201158379
36.2,11,1.00879238195199,0.997153822054187,1.02056678455881
36.4,11,1.00903028134109,0.997136237070717,1.02106620019574
36.6,11,1.0092838448291,0.997111508426338,1.02160477622073
36.8,11,1.00955203673924,0.997094713229105,1.02216499732877
37,11,1.00983382094919,0.997102382414543,1.02272782004934
37.2,11,1.01012816074539,0.997149890053357,1.02327534837944
37.4,11,1.0104340186882,0.997248617234789,1.02379375461395
37.6,11,1.01075035648754,0.997402733010064,1.0242766029491
37.8,11,1.01107613488938,0.997605316527526,1.02472885178799
38,11,1.01141031357279,0.997833575243547,1.02517177992507
38.2,11,1.01175185105783,0.998043265397594,1.02564873047978
38.4,11,1.01209970462402,0.998163393180542,1.02623059420768
38.6,11,1.0124528302397,0.998094047165839,1.02701818167447
38.8,11,1.01281018250202,0.997711886032369,1.02813696031933
39,11,1.01317071458785,0.996886347572118,1.02972109047185
39.2,11,1.01353337821535,0.995502457059565,1.03189088230966
39.4,11,1.01389712361651,0.993478389219386,1.03473551959753
39.6,11,1.01426089952046,0.990768500966742,1.03831033313259
39.8,11,1.01462365314773,0.987354103063294,1.0426463558848
40,11,1.01498433021538,0.983230997209948,1.0477631334916
0,12,1.01046829729875,0.986561062453745,1.03495487375746
0.2,12,1.01049025925999,0.988234556693768,1.03324717511952
0.4,12,1.01042197444054,0.989423833002783,1.0318657509329
0.6,12,1.01027203292994,0.990241129594304,1.03070812756338
0.8,12,1.01004904098432,0.990790986500743,1.02968141524629
1,12,1.00976161445075,0.991162313768832,1.02870993363453
1.2,12,1.00941837291958,0.991424679520232,1.02773863979328
1.4,12,1.00902793460813,0.991628162814957,1.02673301444903
1.6,12,1.00859891197731,0.991805333956375,1.02567684445076
1.8,12,1.00813990808189,0.991974093371849,1.02456917076601
2,12,1.00765951365425,0.992140612894218,1.02342115851494
2.2,12,1.00716630492033,0.992302091146176,1.02225317755321
2.4,12,1.00666884214629,0.992449343652808,1.0210920730909
2.6,12,1.00617566891363,0.992569409178836,1.01996844487817
2.8,12,1.00569531212048,0.992648385664766,1.01891372154277
3,12,1.00523628270658,0.992674599397239,1.01795692635162
3.2,12,1.00480707709954,0.992641942897365,1.0171212987861
3.4,12,1.00441617938035,0.992552849838345,1.0164213034755
3.6,12,1.00407206416632,0.992420109942998,1.01586082339375
3.8,12,1.00378263636077,0.992266317437608,1.01543261456391
4,12,1.00354909405041,0.992114513359975,1.01511546359566
4.2,12,1.00336824430621,0.991982069453383,1.01488511202313
4.4,12,1.0032368284318,0.991882144479276,1.01472149642363
4.6,12,1.00315159705882,0.991823913183569,1.01460865513071
4.8,12,1.00310930860303,0.991812991460341,1.01453428586823
5,12,1.0031067278268,0.991851958308342,1.01448920777206
5.2,12,1.00314062450736,0.991940881686811,1.0144668206696
5.4,12,1.00320777221015,0.992077801896069,1.01446260797223
5.6,12,1.00330494716684,0.992259156586426,1.01447369906107
5.8,12,1.00342892725758,0.992480148553083,1.01449848999519
6,12,1.00357649109718,0.992735065413943,1.01453631343521
6.2,12,1.00374441722502,0.993017562672184,1.01458714627286
6.4,12,1.00392948339868,0.993320920882052,1.01465134424247
6.6,12,1.00412846599099,0.993638285012137,1.01472939541686
6.8,12,1.00433813949073,0.99396289038355,1.01482168820858
7,12,1.00455527610699,0.994288275260568,1.01492829379883
7.2,12,1.00477664547708,0.99460847581122,1.01504876727773
7.4,12,1.00499901447841,0.994918195391194,1.01518197554468
7.6,12,1.00521914714432,0.995212937684791,1.01532596243799
7.8,12,1.00543380468393,0.995489092810478,1.01547786198965
8,12,1.00563974560641,0.995743967339434,1.01563386886037
8.2,12,1.00583372594959,0.995975752959887,1.01578927122575
8.4,12,1.00601249961322,0.996183433305411,1.01593854659875
8.6,12,1.00617281879683,0.996366632930279,1.01607551660795
8.8,12,1.00631143454239,0.996525415277427,1.01619355388829
9,12,1.00642509790093,0.996660037270934,1.01628583449418
9.2,12,1.00651151690438,0.996771308553677,1.0163469042173
9.4,12,1.00657133935377,0.996861471734149,1.01637578533946
9.6,12,1.00660577760551,0.996932323576661,1.01637309529053
9.8,12,1.00661604616585,0.996984967365089,1.01634016315866
10,12,1.00660336139162,0.997019970439259,1.01627886823421
10.2,12,1.00656894120547,0.997037507291531,1.01619149328878
10.4,12,1.00651400482556,0.997037490328814,1.016080590486
10.6,12,1.00643977250995,0.997019690294984,1.01594885793096
10.8,12,1.00634746531558,0.996983847760435,1.01579902545267
11,12,1.006238304872,0.996929776247345,1.015633749052
11.2,12,1.00611351316971,0.996857456650759,1.01545551435578
11.4,12,1.00597431236345,0.996767121792304,1.01526655024039
11.6,12,1.00582192459011,0.996659329345088,1.01506875438665
11.8,12,1.00565757180153,0.996535021107868,1.01486363278775
12,12,1.00548247561208,0.996395566750317,1.0146522550881
12.2,12,1.00529785716106,0.996242790697515,1.01443522708458
12.4,12,1.0051049369899,0.996078981691707,1.0142126808516
12.6,12,1.00490493493423,0.995906885616476,1.01398428190411
12.8,12,1.00469907003066,0.995729683208245,1.01374925177295
13,12,1.00448856043841,0.995550955132547,1.01350640351431
13.2,12,1.00427462337569,0.995374637431811,1.01325418714567
13.4,12,1.00405847507089,0.995204970490077,1.01299074186218
13.6,12,1.00384133072839,0.995046444412706,1.01271395213448
13.8,12,1.00362440450924,0.994903743141526,1.01242150536693
14,12,1.00340890952639,0.994781688795538,1.01211094962553
14.2,12,1.00319605785468,0.994685186704893,1.01177975096733
14.4,12,1.00298703903154,0.994619042851427,1.01142543740291
14.6,12,1.00278258433053,0.994585278589904,1.01104745172007
14.8,12,1.00258298724646,0.994583040289444,1.01064728192381
15,12,1.00238852359258,0.994611065076513,1.01022679870631
15.2,12,1.00219946904195,0.994667845817428,1.00978812170462
15.4,12,1.00201609914198,0.994751681600301,1.00933356687015
15.6,12,1.00183868932982,0.994860718846289,1.00886560342038
15.8,12,1.00166751494842,0.99499298546866,1.00838681795365
16,12,1.0015028512634,0.995146420040026,1.00789988376623
16.2,12,1.00134497348066,0.995318897603271,1.00740753373564
16.4,12,1.00119415676475,0.995508253549841,1.00691253534614
16.6,12,1.00105067625802,0.995712306873573,1.00641766654782
16.8,12,1.00091480710053,0.995928884077744,1.00592569117102
17,12,1.00078682445066,0.99615584505817,1.00543933257305
17.2,12,1.00066700350659,0.996391112396614,1.00496124408251
17.4,12,1.00055561952847,0.996632705661933,1.00449397464344
17.6,12,1.00045294786134,0.996878782503588,1.00403992787443
17.8,12,1.0003592639589,0.997127688481218,1.00360131259884
18,12,1.00027484340795,0.997378017611579,1.00318008286449
18.2,12,1.00019996195368,0.997628685377402,1.00277786570831
18.4,12,1.00013489552567,0.997879015205107,1.00239587565887
18.6,12,1.0000799202647,0.998128837889094,1.00203481649909
18.8,12,1.00003531255036,0.998378600829449,1.00169477342246
19,12,1.00000134902933,0.998629480126322,1.00137510253952
19.2,12,0.999978306644599,0.998883483829046,1.00107432943694
19.4,12,0.999966462665331,0.999143529931854,1.00079007319761
19.6,12,0.999966094717592,0.99941347928549,1.00051901571273
19.8,12,0.999977377577286,0.999697822337406,1.00025701099192
20,12,1,1,1
20.2,12,1.00003350797193,0.999744867864973,1.00032223141325
20.4,12,1.00007744776414,0.999489438911972,1.00066580254735
20.6,12,1.00013136590395,0.999232362144304,1.00103117849224
20.8,12,1.00019480912851,0.998972988761369,1.00141812387541
21,12,1.00026732434061,0.998711254144207,1.00182581901601
21.2,12,1.00034845856642,0.998447571193082,1.00225296493079
21.4,12,1.00043775891536,0.998182737830783,1.00269787437785
21.6,12,1.00053477254203,0.997917858905418,1.00315854870437
21.8,12,1.00063904661017,0.997654281313888,1.00363274167705
22,12,1.00075012825869,0.997393540539802,1.00411801210157
22.2,12,1.00086756456976,0.997137316640085,1.00461176719694
22.4,12,1.00099090253899,0.996887397799896,1.0051112986052
22.6,12,1.00111968904753,0.996645649765218,1.00561381272745
22.8,12,1.00125347083644,0.996413989675417,1.00611645686407
23,12,1.0013917944829,0.996194363011237,1.00661634244399
23.2,12,1.00153420637861,0.995988722526104,1.00711056647546
23.4,12,1.0016802527102,0.995799008131037,1.00759623224844
23.6,12,1.00182947944168,0.995627126751473,1.00807047027046
23.8,12,1.00198143229901,0.995474931164488,1.00853046042813
24,12,1.00213565675666,0.995344196752269,1.00897345643846
24.2,12,1.00229169802624,0.995236594964028,1.00939681379847
24.4,12,1.00244910104727,0.995153662051336,1.00979802266822
24.6,12,1.0026074104799,0.995096761313142,1.01017474745139
24.8,12,1.00276617069978,0.995067036633085,1.01052487529107
25,12,1.00292492395865,0.995065313412042,1.01084661432767
25.2,12,1.00308312844466,0.995090238449965,1.0111402199439
25.4,12,1.00324012540667,0.995137729953072,1.01140849043424
25.6,12,1.00339524705863,0.995203538967849,1.0116543826442
25.8,12,1.00354782521032,0.99528349125463,1.01188078204214
26,12,1.00369719128214,0.995373533637574,1.01209045422989
26.2,12,1.00384267632419,0.995469782053484,1.01228599499123
26.4,12,1.00398361103992,0.995568570971435,1.01246977920688
26.6,12,1.00411932581419,0.995666502967792,1.01264390985157
26.8,12,1.00424915074581,0.995760496482666,1.01281016904775
27,12,1.00437241568454,0.995847829206139,1.01296997372797
27.2,12,1.00448845027255,0.995926174220237,1.01312433878037
27.4,12,1.00459658399036,0.995993626023268,1.01327385055125
27.6,12,1.00469614620725,0.996048713915613,1.01341865322585
27.8,12,1.00478646623614,0.996090400900739,1.01355844993422
28,12,1.00486687339292,0.996118067156056,1.01369251952768
28.2,12,1.00493669706028,0.996131478108644,1.01381974899128
28.4,12,1.00499526675593,0.996130738043323,1.01393868056494
28.6,12,1.00504191220541,0.99611623082544,1.01404757199115
28.8,12,1.0050759634192,0.996088549638509,1.01414446798895
29,12,1.00509675077435,0.996048417584083,1.01422728110693
29.2,12,1.00510360510058,0.995996600599898,1.01429388049889
29.4,12,1.00509585777069,0.995933813502178,1.01434218781606
29.6,12,1.0050728407955,0.995860619157171,1.01437028021018
29.8,12,1.00503388692315,0.995777319954804,1.0143765012741
30,12,1.0049783297427,0.995683840020342,1.014359581483
30.2,12,1.00490550379222,0.995579596103155,1.01431877019632
30.4,12,1.00481504170885,0.995463548599628,1.01425438376391
30.6,12,1.00470875616213,0.995335428871853,1.01417035446331
30.8,12,1.00458943012085,0.995195327754544,1.01407220770177
31,12,1.00445985026517,0.995043339786919,1.01396547311274
31.2,12,1.00432280221818,0.994879750413948,1.01385548417856
31.4,12,1.00418107030032,0.994705197376951,1.01374721335388
31.6,12,1.00403743736102,0.994520800725341,1.01364513933468
31.8,12,1.00389468468745,0.994328257587357,1.01355315033393
32,12,1.00375559199043,0.994129898179189,1.01347448688285
32.2,12,1.00362293746723,0.993928701082227,1.01341172612644
32.4,12,1.00349949794141,0.993728268133147,1.0133668072666
32.6,12,1.00338804907942,0.993532761731335,1.01334109534644
32.8,12,1.00329136568409,0.993346809343791,1.01333547859402
33,12,1.00321222206484,0.993175381012622,1.01335049351921
33.2,12,1.00315339248471,0.993023645547222,1.01338647208047
33.4,12,1.00311765168415,0.992896809892572,1.01344370643028
33.6,12,1.0031077754817,0.992799944191956,1.01352262872136
33.8,12,1.00312654145159,0.992737792693128,1.01362400582616
34,12,1.00317672967851,0.992714568289375,1.01374915118111
34.2,12,1.00326112358973,0.992733726551647,1.01390015790318
34.4,12,1.00338251086472,0.992797714061579,1.01408015837429
34.6,12,1.00354368442288,0.992907686336835,1.01429361500924
34.8,12,1.00374744348948,0.993063193610477,1.01454664395392
35,12,1.00399659474056,0.99326183957676,1.01484736661198
35.2,12,1.00429395352724,0.993498930679635,1.01520627143645
35.4,12,1.00464234518009,0.993767153058705,1.01563654888615
35.6,12,1.00504456379792,0.99405630653447,1.01615428480231
35.8,12,1.00549711556461,0.99434905609763,1.0167701605476
36,12,1.00598359559158,0.994621564713082,1.0174754203035
36.2,12,1.00648598962283,0.994857156648172,1.01825075141446
36.4,12,1.00698624898654,0.995047623491023,1.01906811463997
36.6,12,1.00746628935993,0.99519165087437,1.01989232255406
36.8,12,1.00790799277707,0.995292299912286,1.02068359414962
37,12,1.00829321289015,0.995354049487923,1.02140057970666
37.2,12,1.00860378349305,0.995379686915753,1.02200356853636
37.4,12,1.00882153031253,0.99536703634535,1.02245789026612
37.6,12,1.00892828606706,0.995305256486974,1.02273777797489
37.8,12,1.00890590878693,0.995170285856862,1.02283111468582
38,12,1.00873630338045,0.994919050070851,1.02274544817006
38.2,12,1.00840144642141,0.994482511300069,1.0225151931686
38.4,12,1.00788341412111,0.993759012756329,1.022208567088
38.6,12,1.00716441343522,0.992611995203794,1.02193018076721
38.8,12,1.00622681624086,0.990878621268083,1.02181274677868
39,12,1.0050531965034,0.98839311744529,1.02199409321324
39.2,12,1.00362637033463,0.985017073180709,1.02258724102976
39.4,12,1.00192943882521,0.980658846105809,1.02366139292062
39.6,12,0.999945833514346,0.97527194923489,1.02524395451661
39.8,12,0.997659364338424,0.968839878197665,1.02733612607251
40,12,0.995054269878269,0.961360503975538,1.02992893499208
0,13,1.01323882985904,0.984814859480463,1.04248317991031
0.2,13,1.01261956130206,0.986154021386549,1.03979536025199
0.4,13,1.01193703114032,0.987029718395065,1.03747287027808
0.6,13,1.0111998893239,0.987557414397599,1.03540837348925
0.8,13,1.01041677079019,0.98784257618023,1.03350683126237
1,13,1.00959629119785,0.987974155467714,1.03169163440101
1.2,13,1.00874704339477,0.988021662853453,1.02990717290438
1.4,13,1.00787759461797,0.988035188236977,1.02811848993506
1.6,13,1.00699648442211,0.988047197592435,1.02630919060282
1.8,13,1.00611222333313,0.988075073014923,1.02447863890707
2,13,1.00523329222296,0.988123756956893,1.02263908207754
2.2,13,1.00436814240091,0.988188245964316,1.02081295703479
2.4,13,1.00352519641751,0.988255968375277,1.01903034443642
2.6,13,1.00271284957649,0.988309277024994,1.01732633911152
2.8,13,1.00193947215093,0.988328392522339,1.01573800110311
3,13,1.00121341230014,0.988295089093958,1.0143005950669
3.2,13,1.00054299968417,0.988197114263498,1.01304312648505
3.4,13,0.999936549773941,0.988032729878891,1.01198378690995
3.6,13,0.999402368855721,0.98781409219401,1.01112659028381
3.8,13,0.998948133431975,0.987567487808049,1.01045992866989
4,13,0.99857407642357,0.987322615254323,1.00995375847674
4.2,13,0.998275564501176,0.987103519918656,1.00957405436287
4.4,13,0.998047902479664,0.986928932500301,1.00929214135057
4.6,13,0.997886415160635,0.986812208000168,1.00908489932461
4.8,13,0.997786444139386,0.986761750267663,1.00893431250073
5,13,0.997743344834464,0.986781683053236,1.00882677420732
5.2,13,0.997752483737575,0.986872574366056,1.00875234013266
5.4,13,0.997809235881969,0.987032111611813,1.00870403252182
5.6,13,0.99790898252778,0.987255687871133,1.00867723492884
5.8,13,0.99804710906311,0.987536895807653,1.00866918100774
6,13,0.99821900311993,0.987867943272932,1.00867852325323
6.2,13,0.998420052904137,0.988240011338396,1.00870496094471
6.4,13,0.998645645739336,0.98864357623742,1.00874890579842
6.6,13,0.998891166824104,0.98906871415063,1.00881116638703
6.8,13,0.999151998202697,0.989505402923407,1.00889263723375
7,13,0.99942351794927,0.989943827880872,1.00899398541459
7.2,13,0.999701099565844,0.99037469005044,1.00911533636048
7.4,13,0.999980111594295,0.9907895050378,1.00925597061708
7.6,13,1.00025591744277,0.991180871235367,1.00941405288852
7.8,13,1.00052387542686,0.991542679570334,1.00958642116442
8,13,1.00077933902609,0.991870236288315,1.00976846444092
8.2,13,1.00101765735589,0.99216027668115,1.0099541111343
8.4,13,1.00123417585562,0.99241086006577,1.0101359378865
8.6,13,1.00142423719278,0.99262115098179,1.01030539380028
8.8,13,1.00158318238363,0.992791103572573,1.01045312314323
9,13,1.00170635296637,0.992921072152653,1.01056936519413
9.2,13,1.00179063276326,0.993012581264941,1.01064628064813
9.4,13,1.00183764184414,0.993070134213573,1.01068255507517
9.6,13,1.00184991047872,0.993097735452199,1.01067921846504
9.8,13,1.00182997285721,0.993098357532355,1.01063835913391
10,13,1.00178036624334,0.993074167623443,1.01056289138232
10.2,13,1.00170363019116,0.993026732256402,1.01045634537769
10.4,13,1.00160230582575,0.992957202672241,1.01032267688439
10.6,13,1.00147893518799,0.99286648381827,1.01016609380164
10.8,13,1.00133606064366,0.992755389455261,1.00999089704821
11,13,1.00117622435687,0.992624784591068,1.00980133458023
11.2,13,1.00100196782788,0.992475714964487,1.00960146881895
11.4,13,1.00081583149544,0.992309521913116,1.00939505915535
11.6,13,1.00062035440351,0.99212793996575,1.00918546219066
11.8,13,1.00041807393241,0.991933174130052,1.00897555274163
12,13,1.00021152559434,0.991727954216663,1.00876766826842
12.2,13,1.00000324289319,0.991515564616196,1.0085635783075
12.4,13,0.999795757248519,0.99129984952929,1.00836447890796
12.6,13,0.999591597983728,0.991085195423615,1.00817101029603
12.8,13,0.999393292378182,0.990876494096123,1.00798329438786
13,13,0.999203365783323,0.990679090850641,1.00780098763914
13.2,13,0.999024341802613,0.990498722785708,1.00762334423532
13.4,13,0.998858742535257,0.990341452004756,1.00744928480922
13.6,13,0.998709088883653,0.990213597819513,1.00727746661445
13.8,13,0.998577900924511,0.990121670893428,1.00710635220723
14,13,0.998467698343644,0.990072310941976,1.00693427501992
14.2,13,0.998381000934428,0.990072228188381,1.00675950162817
14.4,13,0.998320225107851,0.990127923242459,1.00658030994177
14.6,13,0.998285577468801,0.990241045529858,1.00639546167163
14.8,13,0.998275152162119,0.99040838483622,1.00620440485174
15,13,0.998286960559148,0.990626223069199,1.00600694027136
15.2,13,0.998319015515268,0.990890584135447,1.00580313578107
15.4,13,0.998369330947009,0.991197287996362,1.00559326891463
15.6,13,0.998435921448835,0.991541993454674,1.00537778109239
15.8,13,0.998516801949505,0.991920232751502,1.00515724032544
16,13,0.998609987407991,0.992327440383382,1.00493231001021
16.2,13,0.998713492548894,0.992758978085834,1.00470372186649
16.4,13,0.998825331637365,0.993210157633283,1.00447225136903
16.6,13,0.998943518293516,0.993676262945681,1.00423869418241
16.8,13,0.999066065346337,0.994152572952936,1.00400384214855
17,13,0.999190984727135,0.994634386739274,1.0037684573052
17.2,13,0.999316287402527,0.995117052665849,1.00353324223789
17.4,13,0.999439983347006,0.995596003443682,1.00329880479393
17.6,13,0.999560081555129,0.996066799480711,1.00306561483565
17.8,13,0.99967459009335,0.996525183206125,1.00283395033038
18,13,0.999781516191533,0.99696714737357,1.00260382977665
18.2,13,0.999878866374173,0.997389020354243,1.00237492795601
18.4,13,0.999964646631354,0.997787570798739,1.00214647263256
18.6,13,1.00003686262945,0.998160132252702,1.00191712161528
18.8,13,1.00009351996156,0.998504744731689,1.00168482317814
19,13,1.0001326244377,0.998820304421909,1.00144666867137
19.2,13,1.00015218241472,0.999106704787535,1.00119875404263
19.4,13,1.00015020116582,0.999364944012154,1.00093607534012
19.6,13,1.00012468928979,0.999597167703435,1.00065248926732
19.8,13,1.0000742176714,0.999806978119301,1.00034152865426
20,13,1,1,1
20.2,13,0.99990402829639,0.999626773985443,1.00018135950599
20.4,13,0.999788295435953,0.999221846946317,1.00035506503936
20.6,13,0.999654794628331,0.998786195497501,1.0005241491405
20.8,13,0.999505519043963,0.998321619516118,1.0006908225463
21,13,0.999342461480274,0.997830591923008,1.0008566217566
21.2,13,0.999167614067533,0.997316124982617,1.0010225403894
21.4,13,0.998982968014397,0.996781656597327,1.00118914084913
21.6,13,0.998790513393112,0.996230956350282,1.00135664655387
21.8,13,0.998592238964369,0.995668049195683,1.00152501682204
22,13,0.998390132041761,0.995097154013834,1.00169400720094
22.2,13,0.998186178395816,0.994522634208918,1.00186321805838
22.4,13,0.997982362197538,0.993948957785854,1.00203213400014
22.6,13,0.997780666001423,0.99338066469924,1.0022001563194
22.8,13,0.997583070767874,0.992822339618713,1.00236663033273
23,13,0.997391555924977,0.992278588553095,1.00253086915945
23.2,13,0.997208099469572,0.991754018002385,1.00269217527418
23.4,13,0.997034678107579,0.991253215457069,1.00284986101227
23.6,13,0.99687326743353,0.990780730138117,1.0030032691341
23.8,13,0.996725842149283,0.990341052866882,1.00315179455833
24,13,0.996594376321889,0.989938593866843,1.00329490846178
24.2,13,0.996480843680598,0.989577657117016,1.00343218612602
24.4,13,0.996387217953031,0.989262409580189,1.00356334020767
24.6,13,0.996315473240518,0.988996843187401,1.00368826155129
24.8,13,0.996267584432665,0.988784726829603,1.00380707029503
25,13,0.996245490442358,0.988629463648455,1.00392018822095
25.2,13,0.996249434262849,0.988530440523699,1.00402870218467
25.4,13,0.996277298393674,0.988481761944302,1.00413431335572
25.6,13,0.99632679216483,0.988477162047719,1.00423875725066
25.8,13,0.996395625964336,0.988510432498463,1.00434371838803
26,13,0.996481510767151,0.98857546906602,1.00445078031212
26.2,13,0.996582157716807,0.988666322646717,1.00456137154616
26.4,13,0.996695277759705,0.988777254833258,1.00467670737027
26.6,13,0.996818581332027,0.988902796980254,1.00479772847547
26.8,13,0.996949778099284,0.989037810563597,1.00492503869578
27,13,0.997086576748476,0.989177545567496,1.00505884508491
27.2,13,0.997226684832923,0.989317692801337,1.0051989044358
27.4,13,0.997367808669774,0.989454425621547,1.00534448076866
27.6,13,0.997507653290259,0.989584426653477,1.00549431819329
27.8,13,0.997643922442727,0.989704895829363,1.00564663283075
28,13,0.997774318648513,0.989813537304823,1.00579912623272
28.2,13,0.997896543310707,0.989908524378781,1.00594902117483
28.4,13,0.998008296875834,0.989988443120713,1.00609311912094
28.6,13,0.998107279048519,0.99005221669176,1.00622787737245
28.8,13,0.998191189059132,0.990099013089174,1.00634950317392
29,13,0.998257725984426,0.990128139130791,1.0064540619585
29.2,13,0.998304589121173,0.990138922953343,1.0065375974593
29.4,13,0.998329478412742,0.990130586268029,1.00659626244296
29.6,13,0.998330094928575,0.990102106315354,1.00662646012254
29.8,13,0.998304141396467,0.990052066143349,1.00662499762415
30,13,0.998249322787527,0.989978490783602,1.00658925393115
30.2,13,0.998163346953668,0.989878666463752,1.00651736516461
30.4,13,0.998044538676403,0.989749460065016,1.0064091382443
30.6,13,0.997895725896601,0.989590632780942,1.00627051911791
30.8,13,0.997721741061594,0.989403313067624,1.00611010640404
31,13,0.997527424603032,0.989188722278536,1.00593642085111
31.2,13,0.99731761465439,0.988948455998749,1.0057575988583
31.4,13,0.997097146183195,0.98868472938594,1.00558114166905
31.6,13,0.996870850357679,0.988400568416246,1.00541371995078
31.8,13,0.996643554147637,0.988099936052049,1.00526104474083
32,13,0.996420080159145,0.987787785771982,1.00512781231488
32.2,13,0.996205246702798,0.987470041184773,1.00501772425163
32.4,13,0.996003868095105,0.98715350767504,1.00493357674111
32.6,13,0.995820755192695,0.986845728029375,1.00487740718378
32.8,13,0.995660716159057,0.986554797142163,1.00485068297683
33,13,0.995528557463626,0.986289150637405,1.00485451764841
33.2,13,0.995429085113133,0.986057339048486,1.00488990269606
33.4,13,0.995367106115303,0.985867794185434,1.00495794849953
33.6,13,0.995347430175156,0.985728588706678,1.00506013329303
33.8,13,0.995374871624391,0.985647184666383,1.00519856443016
34,13,0.995454251584561,0.985630162563374,1.0053762604227
34.2,13,0.995590400365056,0.98568291963929,1.00559746501622
34.4,13,0.995788160097175,0.985809325484137,1.00586800525826
34.6,13,0.996052387605959,0.986011325590904,1.00619570293573
34.8,13,0.996387957521792,0.986288491512446,1.0065908407509
35,13,0.996799765634216,0.986637533033663,1.00706666785048
35.2,13,0.997292732490816,0.98705181718757,1.00763989991216
35.4,13,0.99787180724455,0.987520983035809,1.00833112490674
35.6,13,0.998541890328715,0.988030725205354,1.00916487848494
35.8,13,0.999295871369063,0.988553968939272,1.01015449829892
36,13,1.00010194195967,0.989048409777262,1.01127900760364
36.2,13,1.00092517550478,0.989481016285249,1.01250169580864
36.4,13,1.00173053340278,0.989830140431937,1.01377400077303
36.6,13,1.00248286517717,0.990082765040554,1.01503826797012
36.8,13,1.00314692091185,0.990230706127904,1.01623161017686
37,13,1.00368737605182,0.990266650577865,1.0172899877603
37.2,13,1.0040688686122,0.990180422055192,1.01815211698863
37.4,13,1.00425604880783,0.98995538848103,1.01876329307585
37.6,13,1.00421364107316,0.989564630266811,1.01907950837482
37.8,13,1.00390651838728,0.988966402130061,1.01907233197184
38,13,1.00329978875218,0.988098577182301,1.0187348604232
38.2,13,1.00235889359366,0.98687234824132,1.01808846235969
38.4,13,1.00104971776462,0.985166822126104,1.01718867802915
38.6,13,0.999338710729853,0.98282833533597,1.01612644126893
38.8,13,0.997193018400472,0.979679840149845,1.01501926975914
39,13,0.994580624967013,0.97554271495644,1.01399006357599
39.2,13,0.991470503952046,0.970264061069877,1.01314044253374
39.4,13,0.987832777569345,0.963735190817522,1.01253290918286
39.6,13,0.983638883337408,0.955892789313742,1.01219034564314
39.8,13,0.978861746752979,0.946707584536635,1.0121079992459
40,13,0.973475958687038,0.936170884274889,1.01226758710367
0,14,1.01628937692115,0.97564781328884,1.05862390462511
0.2,14,1.01508162162063,0.976549519348049,1.05513410035762
0.4,14,1.01383738105821,0.977069257753386,1.05198912674255
0.6,14,1.01256488328158,0.97730940887948,1.04909216420066
0.8,14,1.01127231854553,0.97735725071942,1.04636426598737
1,14,1.00996783736921,0.977282641624381,1.04374618874309
1.2,14,1.00865954925231,0.977137802198947,1.04119816468908
1.4,14,1.00735552204494,0.976958545803384,1.038698266322
1.6,14,1.00606378196521,0.976766329495322,1.03623999191813
1.8,14,1.00479231425878,0.976570682220256,1.03382951503125
2,14,1.00354906449478,0.976371778956841,1.03148282913742
2.2,14,1.00234194049238,0.976163095990562,1.02922285199742
2.4,14,1.001178814873,0.975934175681197,1.02707646102348
2.6,14,1.00006752823344,0.975673539258232,1.02507142070011
2.8,14,0.999015892935902,0.975371711012237,1.02323323823157
3,14,0.998031697511735,0.975024170996207,1.02158212982602
3.2,14,0.997122711676447,0.974633885533581,1.02013044785188
3.4,14,0.996296691954754,0.974212963456697,1.01888102050913
3.6,14,0.995561387915538,0.973783038612728,1.01782680310423
3.8,14,0.994923901591173,0.973373494395198,1.01695143298766
4,14,0.994383646391043,0.973009673744849,1.01622713821984
4.2,14,0.993935017006814,0.972708186885166,1.01562506757123
4.4,14,0.993572356352099,0.972480480250015,1.01512168866697
4.6,14,0.993290038716561,0.972333403544437,1.01469835080952
4.8,14,0.99308246509622,0.972269808218615,1.01434064304487
5,14,0.992944058848658,0.972289165659549,1.01403773571213
5.2,14,0.992869261668937,0.972388154630361,1.01378175584806
5.4,14,0.992852529882702,0.972561196426171,1.01356721789518
5.6,14,0.992888331053564,0.972800934191039,1.01339051320107
5.8,14,0.992971140902398,0.973098662474869,1.01324945217513
6,14,0.993095440536707,0.97344471703189,1.01314284905867
6.2,14,0.99325571398866,0.97382883505557,1.0130701390813
6.4,14,0.993446446060816,0.974240493820244,1.01303102001113
6.6,14,0.993662120478906,0.974669231912027,1.01302511390219
6.8,14,0.99389721835136,0.975104952536561,1.01305164954491
7,14,0.994146216935529,0.975538203450998,1.01310917107191
7.2,14,0.994403588710769,0.975960423657239,1.01319528258672
7.4,14,0.994663800758713,0.976364143963799,1.01330644171674
7.6,14,0.994921314451199,0.97674312762917,1.01343781588921
7.8,14,0.995170585446365,0.977092438936102,1.01358321349412
8,14,0.995406063993474,0.977408431520038,1.01373509812481
8.2,14,0.99562219554699,0.977688653734688,1.01388468862686
8.4,14,0.995813421690371,0.977931673945505,1.01402214207651
8.6,14,0.995974181369898,0.978136832947849,1.01413681250088
8.8,14,0.996098912438726,0.978303932571363,1.01421757628398
9,14,0.996182054587706,0.978432869238334,1.01425321765315
9.2,14,0.99622003455421,0.978524677712186,1.0142353891039
9.4,14,0.99621537785631,0.978583941272415,1.014164485253
9.6,14,0.996171781525324,0.978614823121943,1.01404372267891
9.8,14,0.996092946814313,0.978620426160286,1.01387742598652
10,14,0.995982577821008,0.978603044414263,1.01367076363095
10.2,14,0.995844380247688,0.978564392634609,1.01342950666835
10.4,14,0.995682060298375,0.978505817249173,1.0131598072529
10.6,14,0.995499323713593,0.978428491424367,1.0128679941357
10.8,14,0.995299874942817,0.978333595930218,1.0125603834746
11,14,0.995087416454665,0.978222486153232,1.01224310461343
11.2,14,0.994865648184783,0.978096844219415,1.01192194186867
11.4,14,0.994638267121338,0.977958814012056,1.01160219453776
11.6,14,0.994408967027946,0.977811116100192,1.01128855811071
11.8,14,0.994181438303868,0.977657139389297,1.01098502986984
12,14,0.993959367981246,0.977501006738116,1.01069484162932
12.2,14,0.993746439859184,0.977347612817801,1.01042042133365
12.4,14,0.993546334774431,0.977202633968756,1.01016338375452
12.6,14,0.99336273100852,0.977072511491219,1.00992454884509
12.8,14,0.993199304831162,0.976964411400702,1.0097039847161
13,14,0.993059731179833,0.976886164923514,1.00950107095454
13.2,14,0.992947684475484,0.976846194713236,1.00931457730115
13.4,14,0.992866839574416,0.976853431855692,1.00914275261728
13.6,14,0.992820872856467,0.976917228221176,1.00898341958231
13.8,14,0.992813463449714,0.977047267713087,1.00883407157377
14,14,0.992848294592071,0.977253478566577,1.00869196958016
14.2,14,0.992929055130254,0.977545947150418,1.00855423869928
14.4,14,0.993059251215871,0.977934458387436,1.00841796499488
14.6,14,0.993238360752938,0.978420764883346,1.00828036022805
14.8,14,0.993462006954068,0.978998565553196,1.00813912705123
15,14,0.993725660726184,0.979660738280078,1.00799251230519
15.2,14,0.994024793358922,0.980399740785942,1.00783919936591
15.4,14,0.99435487479863,0.981207690283269,1.00767821820715
15.6,14,0.994711372129488,0.982076427985063,1.00750887166062
15.8,14,0.995089748261668,0.982997572630055,1.00733067371279
16,14,0.99548546082661,0.983962566404407,1.00714329645532
16.2,14,0.995893961279635,0.984962716094519,1.00694652285505
16.4,14,0.996310694210285,0.985989231951687,1.00674020286503
16.6,14,0.996731096860836,0.987033266560537,1.00652421058847
16.8,14,0.997150598853529,0.988085955958627,1.00629840025333
17,14,0.997564622127116,0.989138465337945,1.00606255867284
17.2,14,0.997968581083323,0.990182041852344,1.00581635167443
17.4,14,0.998357882943843,0.991208077330394,1.00555926170473
17.6,14,0.998727928318421,0.992208183999131,1.00529051351191
17.8,14,0.999074111984564,0.99317428656538,1.00500898456561
18,14,0.999391823879277,0.994098734011015,1.00471309686396
18.2,14,0.999676450303165,0.994974433968055,1.00440068726713
18.4,14,0.999923375337053,0.995795011157754,1.00406885487705
18.6,14,1.00012798247113,0.996554988612254,1.00371378674716
18.8,14,1.00028565644644,0.997249985769498,1.00333056783193
19,14,1.00039178530828,0.997876920850536,1.00291298776535
19.2,14,1.00044176267084,0.998434196727536,1.00245336525576
19.4,14,1.00043099019218,0.998921841427636,1.0019424189449
19.6,14,1.00035488025819,0.999341568551876,1.00136921944165
19.8,14,1.00021019430321,0.999697738228478,1.00072291306858
20,14,1,1,1
20.2,14,0.999729226243829,0.999200785294225,1.00025794666663
20.4,14,0.999402808516175,0.99832725528823,1.00047952049716
20.6,14,0.999025685774431,0.997382870459741,1.00067120701303
20.8,14,0.998602797838378,0.996372343477095,1.00083824523935
21,14,0.998139083018764,0.995301424290545,1.00098483206702
21.2,14,0.997639475988582,0.994176704786912,1.00111430820952
21.4,14,0.99710890589729,0.993005448387426,1.00122932037709
21.6,14,0.996552294727997,0.991795445375524,1.00133195888151
21.8,14,0.99597455589734,0.990554892171414,1.00142387245233
22,14,0.995380593097605,0.98929229158062,1.00150636323299
22.2,14,0.994775299380459,0.988016370691129,1.00158046527636
22.4,14,0.994163556481502,0.986736013190023,1.00164700976168
22.6,14,0.993550234384773,0.985460203167259,1.00170667985716
22.8,14,0.992940191126228,0.984197977825824,1.00176005780036
23,14,0.992338272835195,0.982958386844642,1.0018076664411
23.2,14,0.991749314012787,0.981750456403679,1.00185000722873
23.4,14,0.991178138046276,0.980583156061355,1.00188759644512
23.6,14,0.990629557958486,0.979465366763341,1.00192100139681
23.8,14,0.990108377391361,0.978405848252363,1.00195087829003
24,14,0.989619391822951,0.977413204031302,1.00197801363103
24.2,14,0.989167390017257,0.97649584179212,1.00200337123591
24.4,14,0.988757155706505,0.975661926838243,1.00202814732044
24.6,14,0.988393469505672,0.974919325465657,1.00205383670577
24.8,14,0.988081111059322,0.974275534484435,1.00208231396148
25,14,0.987824783416789,0.973737445697409,1.0021159266742
25.2,14,0.987625636448867,0.973304782883622,1.00215720185941
25.4,14,0.987479879289525,0.97296781247602,1.00220839733656
25.6,14,0.987383366292812,0.972716190063665,1.00227170267199
25.8,14,0.98733196122026,0.972539720013944,1.00234919107784
26,14,0.987321535267987,0.972428423750293,1.00244274045845
26.2,14,0.987347965268173,0.972372611576924,1.00255395196523
26.4,14,0.987407132064039,0.972362957875035,1.00268406622728
26.6,14,0.98749491905763,0.972390578035163,1.00283387888747
26.8,14,0.987607210929889,0.972447104213589,1.00300365835269
27,14,0.98773989253267,0.97252475597075,1.00319306969888
27.2,14,0.987888847952489,0.972616401178749,1.00340110934397
27.4,14,0.988049959745906,0.972715602388246,1.00362605530021
27.6,14,0.988219108346557,0.972816644194347,1.00386543746898
27.8,14,0.988392171643914,0.972914538026284,1.00411603155691
28,14,0.988565024733928,0.973005002096123,1.00437387888233
28.2,14,0.988733539841728,0.97308441577542,1.00463433280754
28.4,14,0.988893586416589,0.973149749172008,1.00489213102907
28.6,14,0.989041031399374,0.973198469900539,1.00514149173653
28.8,14,0.989171739662616,0.973228429787409,1.00537623090285
29,14,0.989281574623404,0.973237734426146,1.00558989779247
29.2,14,0.989366399029129,0.973224598110798,1.00577592616132
29.4,14,0.989422075916104,0.973187185821863,1.00592779947405
29.6,14,0.98944446974094,0.973123442782592,1.00603922961874
29.8,14,0.989429447684462,0.973030910840572,1.00610434986025
30,14,0.989372881127787,0.972906529779866,1.00611792392079
30.2,14,0.989270647300037,0.972746420884894,1.00607557385733
30.4,14,0.989119589202373,0.972546442721878,1.00597515837468
30.6,14,0.988923586421041,0.972307191389404,1.00582394992097
30.8,14,0.988689650912813,0.972031329109979,1.00563345701741
31,14,0.988424807302137,0.971721431701484,1.00541530506286
31.2,14,0.98813607609965,0.971380281254357,1.00518089952244
31.4,14,0.987830471759446,0.971011128523576,1.00494115079835
31.6,14,0.987515001234314,0.970617909678636,1.00470624736946
31.8,14,0.987196663028297,0.970205411854826,1.00448548275057
32,14,0.986882446745635,0.969779382017167,1.00428714175057
32.2,14,0.986579333135064,0.969346575517423,1.00411844963673
32.4,14,0.986294294628376,0.968914743895556,1.0039855846402
32.6,14,0.986034296372206,0.968492565154632,1.00389375055966
32.8,14,0.985806297752171,0.968089523032726,1.00384730292654
33,14,0.985617254408739,0.967715743961136,1.0038499200311
33.2,14,0.98547412074456,0.967381801015228,1.00390480949514
33.4,14,0.985383852923425,0.967098493199828,1.00401494204539
33.6,14,0.985353412361583,0.966876606157542,1.00418330640054
33.8,14,0.985389769712772,0.966726657328924,1.00441318225097
34,14,0.985499909349072,0.96665862526463,1.00470843164634
34.2,14,0.985690834340526,0.966681659697086,1.0050738122076
34.4,14,0.985969571937406,0.966803766594934,1.00551531797428
34.6,14,0.986343179560061,0.96703146125701,1.00604055487507
34.8,14,0.986818751302409,0.967369383230225,1.006659157095
35,14,0.987403424956397,0.967819870445656,1.00738324701546
35.2,14,0.988104389566115,0.968382497853179,1.00822793353278
35.4,14,0.988928893521715,0.969053599694758,1.0092118297173
35.6,14,0.98988413299049,0.969825700702424,1.01035742405737
35.8,14,0.990959587908641,0.970671010034199,1.01167222953683
36,14,0.992108247832696,0.971529032443439,1.01312337825063
36.2,14,0.993278433806766,0.972341933392046,1.01466573967846
36.4,14,0.994418228514572,0.973059633482454,1.01624564330454
36.6,14,0.99547547861679,0.973639247068334,1.01780144084288
36.8,14,0.99639782434617,0.97404345835834,1.01926522460822
37,14,0.997132756549589,0.97423811612122,1.02056542207847
37.2,14,0.997627701302625,0.974189338085407,1.02162997632715
37.4,14,0.997830132118178,0.973860327212297,1.02238991027913
37.6,14,0.997687709626183,0.973207977117975,1.02278319674981
37.8,14,0.997148448416779,0.972179254245961,1.02275894474954
38,14,0.996160910515329,0.97070735323636,1.02228190229553
38.2,14,0.994674424695691,0.968707791300374,1.02133710498559
38.4,14,0.992639330540287,0.966074997906324,1.01993410725966
38.6,14,0.990007245824625,0.962680570476486,1.01810961687961
38.8,14,0.986731355443757,0.958374993537356,1.01592672427958
39,14,0.982766719713369,0.952994650591352,1.0134688844023
39.2,14,0.97807059947449,0.946374566145528,1.01082819823931
39.4,14,0.972602795014917,0.938364434888811,1.00809041956382
39.6,14,0.966325995399978,0.928842915538965,1.00532168977563
39.8,14,0.959206134389084,0.91772549330167,1.0025616755393
40,14,0.951212748712076,0.904964679703843,0.999824317572799
