"value","lag","rr","lo","hi"
0,0,0.999036091887067,0.908167110119855,1.09899720191503
0.2,0,0.995561565686238,0.909537563929637,1.08972171175583
0.4,0,0.992159709841457,0.910812120450947,1.08077271671057
0.6,0,0.988839574996209,0.911979911414437,1.07217680218653
0.8,0,0.985610099741509,0.913029898209602,1.06395997613811
1,0,0.982480118766946,0.913951179762792,1.0561474235668
1.2,0,0.979458371814711,0.914733447376713,1.04876311768104
1.4,0,0.976553513424002,0.915367618648564,1.04182925542934
1.6,0,0.973774123455618,0.91584667142467,1.03536549631905
1.8,0,0.971128718389269,0.916166673388379,1.02938800883515
2,0,0.968625763388957,0.916327960365211,1.02390837132908
2.2,0,0.966273685134875,0.916336359328987,1.01893243139217
2.4,0,0.964080885423512,0.916204292371407,1.01445928749503
2.6,0,0.962055755541147,0.915951557652215,1.01048059696764
2.8,0,0.960206691419558,0.91560558838834,1.00698040940292
3,0,0.958542109586714,0.915201056748863,1.00393565881019
3.2,0,0.957070463929286,0.914778806702438,1.00131733071924
3.4,0,0.955800263288201,0.914384231451465,0.999092188905802
3.6,0,0.954740089913064,0.914065308384237,0.997224849172414
3.8,0,0.953898348170778,0.913870183418127,0.995679775041548
4,0,0.953274094543372,0.913832827703131,0.994417656905074
4.2,0,0.952854826024237,0.913966425875896,0.993397890527067
4.4,0,0.952627471463615,0.914276604582254,0.992587029831972
4.6,0,0.952579093234647,0.914763112816292,0.991958372779263
4.8,0,0.952696862177591,0.915420646218891,0.991490977346822
5,0,0.95296803438176,0.916239654478444,0.991168708006187
5.2,0,0.953379929760232,0.917207104652741,0.990979339190523
5.4,0,0.953919912380882,0.918307194552679,0.990913721066953
5.6,0,0.954575372525034,0.919522022533074,0.99096500083937
5.8,0,0.95533371045216,0.920832225075226,0.991127887875266
6,0,0.956182321855422,0.92221759310305,0.99139795148829
6.2,0,0.957108584998655,0.923657673346498,0.991770944920717
6.4,0,0.95809984953049,0.925132353371126,0.992242156838827
6.6,0,0.959143426975821,0.926622419381738,0.992805801228871
6.8,0,0.960226582908688,0.928110066202576,0.993454466340467
7,0,0.961336530813876,0.929579330938624,0.994178651265942
7.2,0,0.962460427647144,0.931016417797554,0.994966422802816
7.4,0,0.963585371105996,0.932409882913959,0.995803223908084
7.6,0,0.964698398624215,0.933750655038552,0.996671858045123
7.8,0,0.965786488104121,0.935031879252351,0.997552662429338
8,0,0.966836560400531,0.936248583576251,0.998423870460252
8.2,0,0.967835483569816,0.9373971789247,0.999262153030294
8.4,0,0.968770078896161,0.938474808186674,1.00004332303589
8.6,0,0.969627823099351,0.939479088402154,1.00074405799433
8.8,0,0.970405779540057,0.940413800469129,1.00135427244366
9,0,0.97110804602503,0.941285708552799,1.00187523138375
9.2,0,0.971738911196104,0.942099451526572,1.00231086007161
9.4,0,0.972302691683274,0.942857933845846,1.00266698758999
9.6,0,0.972803728979918,0.943562804692498,1.00295082681395
9.8,0,0.973246386505899,0.944214901704475,1.00317049342995
10,0,0.973635046861447,0.944814662020431,1.00333456135167
10.2,0,0.973974109274367,0.94536250202879,1.00345165320288
10.4,0,0.974267987242781,0.945859164854095,1.00353006688107
10.6,0,0.974521106375307,0.946306032003495,1.00357744181371
10.8,0,0.974737902430283,0.94670539338578,1.003600470719
11,0,0.974922819555386,0.947060668639422,1.00360466394968
11.2,0,0.97508030872876,0.947376572723972,1.00359417347297
11.4,0,0.975214826402549,0.947659220149238,1.00357168211331
11.6,0,0.975330833349544,0.947916164846144,1.0035383610498
11.8,0,0.975432793713506,0.948156376041309,1.00349389519929
12,0,0.975525174263578,0.948390153906435,1.00343657270389
12.2,0,0.97561244385309,0.948628991485366,1.00336343201006
12.4,0,0.975699073082985,0.94888539083039,1.00327045859763
12.6,0,0.975789534170046,0.949172640983273,1.00315282371542
12.8,0,0.975888301020045,0.949504563210261,1.00300515970969
13,0,0.975999849505973,0.949895224670269,1.00282187076616
13.2,0,0.97612865795148,0.950358615358048,1.00259748422987
13.4,0,0.97627890732736,0.950906908231427,1.00232787946088
13.6,0,0.976452711063068,0.951541884404864,1.00201568902955
13.8,0,0.976651312690865,0.952260001472369,1.0016673861193
14,0,0.976875955513983,0.953056544504709,1.00129067678486
14.2,0,0.977127885984582,0.953925904818908,1.00089420021564
14.4,0,0.977408354041504,0.954861813024984,1.0004872721045
14.6,0,0.977718613464307,0.955857554645892,1.00007964834123
14.8,0,0.978059922243687,0.956906181170885,0.999681296163032
15,0,0.978433542968449,0.95800072777018,0.99930216152764
15.2,0,0.978840743229184,0.959134447004859,0.998951923369517
15.4,0,0.979282796038827,0.960301065291153,0.998639727976211
15.6,0,0.979760980270284,0.96149506518451,0.998373900417241
15.8,0,0.98027658111134,0.962711991411195,0.998161635097883
16,0,0.980830890537051,0.963948771982286,0.998008674105541
16.2,0,0.981425207799887,0.96520403821674,0.997918989527437
16.4,0,0.982060839937846,0.966478420334886,0.997894493086816
16.6,0,0.982739102300851,0.967774790370171,0.997934801361871
16.8,0,0.983461319095688,0.969098423588189,0.998037085414177
17,0,0.984228823949819,0.970457054862039,0.998196028397523
17.2,0,0.9850429604944,0.971860817437204,0.998403903738272
17.4,0,0.98590508296685,0.973322066082108,0.99865077192021
17.6,0,0.986816556833353,0.974855100918198,0.998924779614143
17.8,0,0.987778759431699,0.976475817821042,0.99921253530033
18,0,0.988793080607116,0.978201312207812,0.999499534558795
18.2,0,0.98985869147476,0.98004474450664,0.99977091309374
18.4,0,0.990966442835672,0.98200108274517,1.00001365383547
18.6,0,0.992105209869214,0.984058932274164,1.00021727883205
18.8,0,0.993263819778578,0.986204838783456,1.00037332700388
19,0,0.994431048915022,0.988423678812182,1.00047493017833
19.2,0,0.995595621166213,0.990698969912285,1.00051647471996
19.4,0,0.996746207618776,0.993013117534886,1.00049333171826
19.6,0,0.997871427505457,0.995347613548808,1.00040164087152
19.8,0,0.998959850447208,0.997683198821874,1.0002381356967
20,0,1,1,1
20.2,0,1.00098035851524,0.99968474747062,1.00227764869719
20.4,0,1.00188937332132,0.999290117769708,1.00449538980181
20.6,0,1.00271546423208,0.998813983600934,1.00663218448878
20.8,0,1.00344703238575,0.99825426400841,1.00866681276232
21,0,1.00407247041531,0.997608839590731,1.01057797990192
21.2,0,1.00458017394824,0.996875465472657,1.01234443101815
21.4,0,1.00495855443,0.996051677749088,1.01394507803484
21.6,0,1.00519605326192,0.995134688703646,1.01535914380555
21.8,0,1.00528115723964,0.994121265385115,1.01656632876631
22,0,1.00520241527374,0.993007585066207,1.01754700655665
22.2,0,1.00494845636896,0.991789059674744,1.01828245644245
22.4,0,1.00450800883294,0.990460119458547,1.01875514216678
22.6,0,1.00386992067983,0.989013943960411,1.01894904899952
22.8,0,1.00302326854698,0.987442184099422,1.01885021062193
23,0,1.00197094461998,0.985743769186791,1.01846524953526
23.2,0,1.00074428947593,0.983935730672054,1.01783998862878
23.4,0,0.999378119990455,0.98203772565303,1.01702470345679
23.6,0,0.997907135261191,0.980070028743528,1.01606887405981
23.8,0,0.996365874518844,0.978053829313255,1.01502077508634
24,0,0.99478868700873,0.976011517328168,1.01392710457925
24.2,0,0.993209713753363,0.973966941635063,1.0128326674394
24.4,0,0.991662881083242,0.971945621466542,1.01178013254949
24.6,0,0.990181905811198,0.96997489358768,1.01080988083045
24.8,0,0.988800311924956,0.968083983303829,1.00995995567054
25,0,0.987551458683067,0.9663039961523,1.00926611856145
25.2,0,0.986468580020638,0.964667836509663,1.00876200339472
25.4,0,0.985584835203474,0.963210067443667,1.00847935483177
25.6,0,0.984933370712017,0.961966731317717,1.00844833106992
25.8,0,0.984547393390006,0.960975152232262,1.00869784986571
26,0,0.984460254957061,0.96027373963398,1.00925595857649
26.2,0,0.984705548059637,0.959901808275616,1.01015021330288
26.4,0,0.985317214121318,0.959899424333621,1.01140805779499
26.6,0,0.986329663351736,0.960307281911437,1.01305719859913
26.8,0,0.987777907384055,0.961166609046552,1.01512597829828
27,0,0.989697705134966,0.962519097982794,1.01764375335743
27.2,0,0.992125722619411,0.964406850833559,1.0206412870588
27.4,0,0.995099707606246,0.966872328618186,1.02415117153391
27.6,0,0.998657590300775,0.969957107185253,1.02820730450596
27.8,0,1.00280236370329,0.973663579449101,1.03281318298655
28,0,1.00749379354033,0.977946235065842,1.03793409865109
28.2,0,1.01268904953168,0.982756173642695,1.04353362364553
28.4,0,1.01834507523879,0.988044015223026,1.04957539976496
28.6,0,1.02441836475919,0.993759951920306,1.05602261796525
28.8,0,1.03086475886507,0.999853790967251,1.06283754751974
29,0,1.03763926061066,1.00627499649683,1.06998110745965
29.2,0,1.04469587068816,1.01297273184878,1.07741247905163
29.4,0,1.05198744304156,1.01989590010472,1.08508876268989
29.6,0,1.0594655614521,1.02699317781375,1.0929646857952
29.8,0,1.06708043798756,1.03421303544992,1.10099237014582
30,0,1.07478083435864,1.0415037379779,1.1091211675797
30.2,0,1.08251400734781,1.04881331982176,1.11729757236813
30.4,0,1.0902256795668,1.05608953024027,1.12546521706022
30.6,0,1.09786003685728,1.06327974721464,1.13356495662187
30.8,0,1.10535975367042,1.07033086002482,1.14153504366491
31,0,1.11266604774505,1.077189122349,1.149311395853
31.2,0,1.11971876534625,1.08379997871078,1.15682795543136
31.4,0,1.12645649822474,1.09010786733001,1.16401714034104
31.6,0,1.13281673331049,1.09605600199758,1.17081038644874
31.8,0,1.13873603595859,1.10158613475323,1.17713878078284
32,0,1.14415026732105,1.10663830031811,1.1829337858942
32.2,0,1.14899483612339,1.11115054299562,1.18812805497897
32.4,0,1.15320892538554,1.11506230835156,1.19266054966462
32.6,0,1.15678473573962,1.1183601995878,1.19652945923273
32.8,0,1.15975326028938,1.1210657442076,1.1997758665818
33,0,1.16214767997289,1.12320223710324,1.20244350078002
33.2,0,1.16400237894455,1.12479454351679,1.20457691228864
33.4,0,1.16535277142643,1.12586955378272,1.20622062947565
33.6,0,1.16623513720718,1.12645652858208,1.20741844957716
33.8,0,1.16668646671304,1.12658732044227,1.20821288053996
34,0,1.16674431643838,1.12629646031588,1.20864474665887
34.2,0,1.16644667539235,1.12562110460163,1.20875296400505
34.4,0,1.16583184309471,1.12460084655536,1.20857448270355
34.6,0,1.16493831953971,1.12327740479707,1.20814438404658
34.8,0,1.16380470744154,1.12169420866714,1.20749611310957
35,0,1.1624696269806,1.11989590413496,1.20666182335601
35.2,0,1.16097164318593,1.1179278042404,1.20567280925413
35.4,0,1.15934920601686,1.11583530490836,1.20456000592516
35.6,0,1.15764060314594,1.11366328130771,1.20335454041231
35.8,0,1.15588392539609,1.11145547292818,1.20208832610194
36,0,1.15411704474708,1.10925385845748,1.20079469890507
36.2,0,1.15237760480087,1.10709801548111,1.19950909989617
36.4,0,1.15070302358046,1.10502445601831,1.19826981318438
36.6,0,1.14913050853419,1.10306592800256,1.19711876880761
36.8,0,1.14769708362517,1.10125067629215,1.19610241711423
37,0,1.146439628405,1.09960166630549,1.19527267177882
37.2,0,1.14539048094289,1.09813088468219,1.19468395993094
37.4,0,1.14455219257216,1.09681188250429,1.19437046809767
37.6,0,1.14391520244604,1.0956021902849,1.19435868419256
37.8,0,1.14347004211885,1.09445861193346,1.19467627461347
38,0,1.14320735702099,1.09333873194784,1.1953505560153
38.2,0,1.14311789132857,1.0922024362928,1.19640688397546
38.4,0,1.14319247366009,1.09101336752366,1.19786711211377
38.6,0,1.14342200357542,1.08974016464643,1.19974827089596
38.8,0,1.14379743885581,1.08835734738945,1.20206160620971
39,0,1.14430978354665,1.08684575236522,1.20481207003932
39.2,0,1.14495007674734,1.08519250173071,1.20799828247343
39.4,0,1.14570938213525,1.08339056027022,1.21161290900056
39.6,0,1.14657877821339,1.08143799193075,1.21564334197488
39.8,0,1.14754934927334,1.0793370496389,1.22007255236743
40,0,1.14861217706746,1.07709322389287,1.22487998628322
0,1,1.13440368715652,1.01168819832086,1.27200428706214
0.2,1,1.13002276859296,1.01334327953234,1.26013709601727
0.4,1,1.12570569766429,1.01485067243145,1.24866973258023
0.6,1,1.12145939199219,1.01619414635614,1.23762882555192
0.8,1,1.11729066725733,1.01735772834643,1.22703981142339
1,1,1.11320624197011,1.0183261418555,1.21692656824385
1.2,1,1.10921274264984,1.01908539051564,1.20731090829812
1.4,1,1.10531670940326,1.01962350103817,1.19821191532179
1.6,1,1.10152460189408,1.01993142275858,1.18964512858735
1.8,1,1.09784280569646,1.02000405451806,1.1816216030523
2,1,1.09427763902616,1.01984133327542,1.17414691109532
2.2,1,1.09083535984456,1.01944927821034,1.16722019203951
2.4,1,1.08752217333173,1.01884084955383,1.16083339022587
2.6,1,1.08434423972617,1.01803646714461,1.15497083667858
2.8,1,1.08130768252999,1.01706405258849,1.14960931056665
3,1,1.07841859708004,1.01595851503548,1.14471866057195
3.2,1,1.07568305948657,1.01476068393119,1.14026298297623
3.4,1,1.07310713594287,1.0135157794444,1.13620226598029
3.6,1,1.07069689241079,1.01227157519609,1.13249434589334
3.8,1,1.06845821490559,1.01107616349108,1.12909689519084
4,1,1.06639038476537,1.00996645106623,1.12596656207689
4.2,1,1.06448457292347,1.00896204653228,1.12306246789612
4.4,1,1.06273157509594,1.00807496694497,1.12035159858062
4.6,1,1.06112231036443,1.00731107025134,1.1178081833968
4.8,1,1.0596478090262,1.00667087962217,1.11541269535428
5,1,1.05829920124604,1.00615041425305,1.11315086044014
5.2,1,1.05706770648743,1.00574199586046,1.11101270574131
5.4,1,1.05594462370333,1.00543501775923,1.10899165896665
5.6,1,1.05492132226867,1.00521667429168,1.10708370109485
5.8,1,1.05398923363941,1.00507265355413,1.1052865687863
6,1,1.05313984372447,1.00498779703358,1.10359900260853
6.2,1,1.05236468595906,1.00494672706003,1.10202003990163
6.4,1,1.05165533506919,1.00493443798535,1.10054835616611
6.6,1,1.05100340151888,1.00493684085407,1.09918166505417
6.8,1,1.05040052663283,1.00494124528048,1.0979161931428
7,1,1.04983837838842,1.00493675759316,1.09674625035801
7.2,1,1.04930864787192,1.00491457222939,1.09566391902958
7.4,1,1.04880304639471,1.00486813460347,1.09465888333785
7.6,1,1.04831330326605,1.00479315825955,1.09371841634367
7.8,1,1.04783116421932,1.00468748619541,1.09282753472622
8,1,1.04734839048922,1.00455079418033,1.09196932341824
8.2,1,1.04685675853779,1.00438414066019,1.09112542555271
8.4,1,1.04634806042692,1.00418937155146,1.09027668941333
8.6,1,1.04581449254285,1.00396862984712,1.08940450956042
8.8,1,1.04525362929687,1.00372638879751,1.08849897915624
9,1,1.0446669638802,1.00346731204298,1.08755816191044
9.2,1,1.0440560772185,1.00319394456962,1.0865826077574
9.4,1,1.04342254839809,1.00290714381391,1.08557469275299
9.6,1,1.04276795431624,1.00260653622082,1.08453811865973
9.8,1,1.0420938693552,1.00229093991778,1.08347745080563
10,1,1.04140186507983,1.00195875468457,1.08239769303992
10.2,1,1.04069350995882,1.00160831976189,1.08130389924065
10.4,1,1.03997036910955,1.00123823868484,1.08020082218044
10.6,1,1.03923400406638,1.00084766875546,1.07909260212477
10.8,1,1.03848597257238,1.00043657139713,1.07798249890396
11,1,1.03772782839443,1.00000591879166,1.07687267203923
11.2,1,1.0369611211616,0.999557852103121,1.07576401359687
11.4,1,1.03618739622662,0.999095787316599,1.0746560377185
11.6,1,1.03540819455051,0.998624466177843,1.07354682931575
11.8,1,1.03462505261009,0.9981499516676,1.07243305246876
12,1,1.03383950232836,0.997679569511751,1.07131001700036
12.2,1,1.03305307102764,0.997221798984659,1.07017179994083
12.4,1,1.0322672814053,0.996786117282751,1.06901141757939
12.6,1,1.03148365153195,0.996382801665252,1.06782104387941
12.8,1,1.03070369487206,0.996022692097363,1.06659227249722
13,1,1.02992892032686,0.995716914059029,1.06531642271848
13.2,1,1.02916083229925,0.995476556245111,1.0639848945655
13.4,1,1.02840066531817,0.995310932516286,1.06259048692761
13.6,1,1.02764782215921,0.995219044749804,1.06113327710088
13.8,1,1.02690093764874,0.995194611722314,1.05961740881903
14,1,1.02615864796634,0.995230195140017,1.05804825450254
14.2,1,1.02541959327753,0.995317483350405,1.05643210318981
14.4,1,1.02468241768199,0.995447533507526,1.05477588899835
14.6,1,1.0239457691799,0.995610997457936,1.05308693947579
14.8,1,1.023208299656,0.995798341481375,1.05137273368767
15,1,1.02246866488158,0.996000068475577,1.04964066143572
15.2,1,1.02172552453408,0.996206949388734,1.04789777678723
15.4,1,1.02097754223429,0.996410268457532,1.04615054134321
15.6,1,1.02022338560116,0.996602083890591,1.04440455559168
15.8,1,1.01946172632391,0.996775501913335,1.04266428041657
16,1,1.01869124025158,0.996924957604705,1.04093275531856
16.2,1,1.01791060749973,0.997046491034258,1.03921132482563
16.4,1,1.0171185125743,0.997138002526076,1.03749938925259
16.6,1,1.01631364451253,0.997199467428963,1.03579419941469
16.8,1,1.01549469704072,0.997233089685571,1.03409071598594
17,1,1.01466036874884,0.997243375663062,1.03238155202084
17.2,1,1.0138093632818,0.997237115360332,1.03065701150369
17.4,1,1.01294038954725,0.997223266446629,1.0289052284472
17.6,1,1.01205216193982,0.997212745718389,1.02711240192704
17.8,1,1.01114340058161,0.997218139711988,1.02526311528491
18,1,1.01021283158637,0.997253347940355,1.02334072601458
18.2,1,1.0092597977881,0.997331238824137,1.02133102802657
18.4,1,1.00828591820119,0.997456951775,1.01923245011594
18.6,1,1.00729333563741,0.997631745927134,1.017048493256
18.8,1,1.006284185828,0.997854876320136,1.01478470134033
19,1,1.00526059705442,0.998123986487337,1.01244823455912
19.2,1,1.00422468982423,0.998435430411123,1.01004751728143
19.4,1,1.00317857659168,0.99878453594754,1.00759194832525
19.6,1,1.00212436152285,0.99916582110988,1.00509166220483
19.8,1,1.00106414030503,0.999573173282992,1.00255733125896
20,1,1,1,1
20.2,1,0.998934018941012,0.997430944343173,1.00043935859114
20.4,1,0.997868266673034,0.994861549473144,1.00088407091456
20.6,1,0.996804803936049,0.992303200947171,1.00132682853543
20.8,1,0.995745682691031,0.989767184217824,1.00176029313538
21,1,0.994692946188298,0.987264588091871,1.0021771966004
21.2,1,0.993648629077928,0.98480620773236,1.00257044514566
21.4,1,0.992614757561929,0.98240244265971,1.00293323198812
21.6,1,0.991593349587854,0.980063184808231,1.00325916347858
21.8,1,0.990586415083577,0.977797691034194,1.00354240426798
22,1,0.989595956232949,0.975614433535981,1.00377784802062
22.2,1,0.98862396779206,0.973520920431252,1.00396132140638
22.4,1,0.98767243744587,0.971523477266315,1.00408983057736
22.6,1,0.986743346204979,0.969626978605364,1.00416186096662
22.8,1,0.985838704529631,0.96783452480009,1.00417780771915
23,1,0.984966094914821,0.966148430260595,1.00415027106143
23.2,1,0.984144655402209,0.964572763447977,1.00411367546246
23.4,1,0.983394907516111,0.963112461212496,1.00410448735254
23.6,1,0.982737322893693,0.961773415119721,1.00415818385669
23.8,1,0.982192340410242,0.960562786532011,1.00430893959934
24,1,0.981780387571821,0.959489291302345,1.00458935619006
24.2,1,0.981521906179157,0.958563441862741,1.00503024655046
24.4,1,0.981437382280385,0.957797733269587,1.00566048746981
24.6,1,0.981547380446595,0.957206762512267,1.00650695105095
24.8,1,0.981872582423,0.956807275938143,1.00759452019085
25,1,0.982433830230056,0.956618146534799,1.00894618639287
25.2,1,0.983252173813074,0.956660289459173,1.01058322161014
25.4,1,0.984348923365897,0.956956529266056,1.01252541081959
25.6,1,0.985745706484198,0.957531434957071,1.01479132943097
25.8,1,0.987464530337073,0.958411139090713,1.01739864960138
26,1,0.989527849082056,0.959623155163082,1.02036446165428
26.2,1,0.99195863678874,0.961196204001177,1.02370560037976
26.4,1,0.994780466180103,0.963160055772503,1.02743897025485
26.6,1,0.998017593548866,0.965545390029988,1.03158186794526
26.8,1,1.001695050259,0.968383672367446,1.03615230444804
27,1,1.00583874130055,0.971707042906969,1.04116933275942
27.2,1,1.01047555142948,0.9755482089382,1.0466533900442
27.4,1,1.01563345949438,0.979940331429567,1.05262666609479
27.6,1,1.02134077940653,0.984915911455274,1.05911273799753
27.8,1,1.02759763160356,0.990474843639816,1.06611177382031
28,1,1.03436888820808,0.996576861999076,1.07359405750865
28.2,1,1.04161689809209,1.00317841003026,1.08152822224141
28.4,1,1.04930339327301,1.01023510033275,1.08988255384475
28.6,1,1.0573892992231,1.01770179485476,1.09862450451026
28.8,1,1.06583455996743,1.025532669787,1.1077202537652
29,1,1.07459797832284,1.03368127200063,1.11713431044423
29.2,1,1.0836370718276,1.0421005693743,1.12682915444921
29.4,1,1.09290794509174,1.05074299406108,1.13676492081869
29.6,1,1.10236517946117,1.05956047556795,1.14689913120539
29.8,1,1.11196174103234,1.06850445935483,1.15718647937722
30,1,1.12164890817838,1.07752590639611,1.16757867792299
30.2,1,1.13137621984924,1.08657526962636,1.17802437311179
30.4,1,1.14109144598634,1.0956024442035,1.18846913402955
30.6,1,1.15074058144307,1.1045566898148,1.19885552094385
30.8,1,1.16026786482553,1.11338652456598,1.20912323657912
31,1,1.16961582365823,1.12203959110509,1.2192093628393
31.2,1,1.17872534723704,1.13046249638339,1.22904868464372
31.4,1,1.18753578845184,1.13860062678217,1.23857410200049
31.6,1,1.19598509574323,1.14639794028058,1.24771713118209
31.8,1,1.20400997619831,1.15379673705583,1.25640849573221
32,1,1.21154609058886,1.16073740965277,1.26457880776002
32.2,1,1.21852828090962,1.16715817400292,1.27215933919583
32.4,1,1.22489444152351,1.17299811632352,1.2790867879462
32.6,1,1.23063074082743,1.17823867898494,1.28535249035806
32.8,1,1.23575893735843,1.1828928445457,1.29098773257669
33,1,1.24030298236695,1.18697522549439,1.29602661877599
33.2,1,1.24428815065057,1.19050191601043,1.30050441836991
33.4,1,1.24774090940731,1.19349093296473,1.30445681153288
33.6,1,1.25068879050182,1.19596256061692,1.30791924613429
33.8,1,1.25316026693474,1.19793958910573,1.31092641808112
34,1,1.25518463422753,1.19944743848994,1.313511885093
34.2,1,1.25679189735787,1.2005141638544,1.31570781988371
34.4,1,1.25801266380447,1.20117034218145,1.31754490326347
34.6,1,1.2588780431869,1.2014488473359,1.31905235177692
34.8,1,1.25941955391552,1.20138452457857,1.32025806919825
35,1,1.2596690371997,1.20101377962648,1.32118890740213
35.2,1,1.25965857870041,1.20037409887363,1.32187102036144
35.4,1,1.25942043805493,1.19950351685704,1.32233029540965
35.6,1,1.25898698644929,1.19844004467356,1.3225928481724
35.8,1,1.25839065236627,1.1972210693908,1.32268557115237
36,1,1.25766387559547,1.19588273027913,1.32263673011536
36.2,1,1.25683906955566,1.1944592737077,1.32247660638792
36.4,1,1.25594859194992,1.19298238559027,1.32223818614094
36.6,1,1.25502472374969,1.19148049914915,1.32195789888946
36.8,1,1.25409965648607,1.18997807736164,1.32167640590953
37,1,1.25320548781421,1.18849487473996,1.32143943408361
37.2,1,1.25237088590026,1.18704141449936,1.32129580037618
37.4,1,1.25160209715551,1.18559785152181,1.32128091122409
37.6,1,1.25089618807232,1.18413154604582,1.32142520698735
37.8,1,1.25025021320912,1.18260901312152,1.32176025912701
38,1,1.24966124188681,1.18099715478122,1.32231751207171
38.2,1,1.24912635683969,1.17926446976971,1.32312699597937
38.4,1,1.24864265293652,1.17738221127607,1.32421609550441
38.6,1,1.2482072359708,1.17532541356206,1.32560845358391
38.8,1,1.24781722151977,1.17307370690851,1.32732309074144
39,1,1.24746973387116,1.1706118564046,1.32937380431478
39.2,1,1.24716190501743,1.16792999084718,1.3317688812824
39.4,1,1.24689087371678,1.16502352597098,1.33451112041915
39.6,1,1.24665378462051,1.16189282199926,1.3375981237533
39.8,1,1.2464477874664,1.15854264108336,1.34102279172657
40,1,1.24627003633778,1.15498148150494,1.34477394516279
0,2,0.906831705253195,0.813106336973601,1.01136063545292
0.2,2,0.910075318320657,0.820316937318099,1.00965498496744
0.4,2,0.913287458463445,0.827399939843375,1.00809045495521
0.6,2,0.916460757981089,0.834326845045768,1.00668020681175
0.8,2,0.919587757024642,0.841068662311712,1.00543710729316
1,2,0.922660906968614,0.84759631843394,1.00437334463776
1.2,2,0.925672574392444,0.853881207929399,1.00349990961879
1.4,2,0.928615045681884,0.85989590051095,1.00282592643409
1.6,2,0.931480532259704,0.865615006147623,1.00235783323614
1.8,2,0.934261176454054,0.871016173494524,1.00209843673448
2,2,0.936949058011549,0.876081163635339,1.00204589911048
2.2,2,0.939536201260798,0.880796902680157,1.00219275384999
2.4,2,0.942014582930525,0.885156383409737,1.00252508041056
2.6,2,0.944376140624782,0.889159271005575,1.0030219827464
2.8,2,0.946612781955919,0.892812082929327,1.00365550163959
3,2,0.948716394334005,0.896127862246604,1.00439104149897
3.2,2,0.950678855409285,0.899125338196206,1.0051883177216
3.4,2,0.952492044161999,0.901827646749927,1.0060027517026
3.6,2,0.954147852631504,0.90426074270225,1.00678718171566
3.8,2,0.955638428175998,0.906451794989985,1.00749406692584
4,2,0.956964011692855,0.908431688251865,1.00808914034864
4.2,2,0.958134919350814,0.910232722674602,1.00855803226003
4.4,2,0.959162220475889,0.911881923205341,1.00889396069437
4.6,2,0.960057102447793,0.913401180767882,1.00909617741635
4.8,2,0.960830854276668,0.914807888534311,1.00916918415424
5,2,0.961494851456672,0.916115609409467,1.00912192727903
5.2,2,0.962060542126856,0.91733474367046,1.00896700261678
5.4,2,0.962539434565,0.918473181422148,1.00871988625532
5.6,2,0.962943086035625,0.919536934431588,1.00839819720455
5.8,2,0.963283093009443,0.920530746823393,1.00802099275872
6,2,0.963571082767977,0.921458685024549,1.00760809641934
6.2,2,0.963818706404015,0.922324705188241,1.00717946032327
6.4,2,0.964037633225949,0.923133192048881,1.00675456833392
6.6,2,0.964239546571925,0.92388945780029,1.00635189126079
6.8,2,0.964436141038073,0.924600184320668,1.00598841089763
7,2,0.964639121123884,0.925273788144927,1.00567923346047
7.2,2,0.964860201297139,0.925920686137269,1.00543731443229
7.4,2,0.965111107480534,0.926553441544956,1.00527331508175
7.6,2,0.965403579962436,0.927186774986459,1.00519560605025
7.8,2,0.965749377734949,0.927837432032996,1.0052104263048
8,2,0.966160284263687,0.928523906711901,1.00532219810482
8.2,2,0.966648114695394,0.929266026457817,1.00553399246279
8.4,2,0.967224724511748,0.930084406899616,1.00584813675712
8.6,2,0.967901134087011,0.930998799059006,1.006266180272
8.8,2,0.968676162462511,0.932014455676899,1.00677999360172
9,2,0.969539695540659,0.933124599052621,1.00737588761827
9.2,2,0.970481404424677,0.93432017421672,1.0080421918789
9.4,2,0.971490939934762,0.935590508793374,1.00876894058335
9.6,2,0.972557924739872,0.936923720517283,1.00954741166346
9.8,2,0.973671946600869,0.938307096843896,1.01036969962857
10,2,0.974822552728684,0.939727449070572,1.01122831970943
10.2,2,0.975999245263076,0.94117144233824,1.01211584192092
10.4,2,0.977191477879095,0.942625901117616,1.01302455545446
10.6,2,0.978388653529531,0.944078087784367,1.01394616583238
10.8,2,0.979580123332526,0.945515950072961,1.01487152908856
11,2,0.980755186614008,0.946928331922146,1.01579042852988
11.2,2,0.981903092114777,0.948305141745375,1.01669140012259
11.4,2,0.983013040371898,0.949637472601548,1.01756161211074
11.6,2,0.98407418728348,0.950917670060112,1.0183868031566
11.8,2,0.985075648865023,0.952139345525031,1.01915128131982
12,2,0.986006507204253,0.953297335028079,1.01983798393866
12.2,2,0.98685581761969,0.95438760555752,1.02042859640965
12.4,2,0.987612617026195,0.955407112378532,1.0209037264555
12.6,2,0.988265933508378,0.956353611111873,1.02124313014063
12.8,2,0.988804797099936,0.957225427246384,1.02142598695948
13,2,0.989218251763934,0.958021183023153,1.02143122403093
13.2,2,0.989495368565491,0.958739476999291,1.02123789402831
13.4,2,0.989627624650302,0.959379769485013,1.02082915089685
13.6,2,0.98962285066129,0.959949311486977,1.02021364548295
13.8,2,0.989495802511476,0.960457736734339,1.01941179266969
14,2,0.989261301770491,0.960913592873755,1.01844529043853
14.2,2,0.98893419443556,0.961324590965427,1.01733675609166
14.4,2,0.988529335958084,0.96169784292987,1.01610943107937
14.6,2,0.988061578486954,0.96204008444771,1.0147869082218
14.8,2,0.987545760335277,0.962357892616002,1.01339287206877
15,2,0.986996697672309,0.962657906295737,1.01195084447452
15.2,2,0.986429178438459,0.962947055406456,1.01048392911286
15.4,2,0.985857958478178,0.963232803235864,1.00901455082274
15.6,2,0.985297759883502,0.963523402948264,1.0075641885406
15.8,2,0.984763271539836,0.96382816580316,1.00615310423694
16,2,0.984269151865338,0.964157734238189,1.00480007462594
16.2,2,0.983830033735944,0.964524348328739,1.00352213705959
16.4,2,0.983460531589703,0.964942089954947,1.00233436520513
16.6,2,0.983175250706548,0.96542708630731,1.00124969281646
16.8,2,0.982988798663104,0.965997654209669,1.00027880408021
17,2,0.982915798966417,0.96667436985533,0.999430105923235
17.2,2,0.98297090687575,0.967480054897487,0.998709791352251
17.4,2,0.983168827427743,0.968439678339861,0.998121994425782
17.6,2,0.983524335687316,0.969580182289219,0.997669028883503
17.8,2,0.984052299254723,0.970930245663726,0.997351696471809
18,2,0.984767702994334,0.972520000226116,0.997169650634702
18.2,2,0.985679736158223,0.974372346040576,0.997118346206107
18.4,2,0.986775581095193,0.976478753759149,0.99718098698738
18.6,2,0.988037304412166,0.978821397813009,0.997339981626099
18.8,2,0.989446968198072,0.981380526104694,0.997579712287787
19,2,0.990986601041126,0.984134776228472,0.997886130197126
19.2,2,0.992638172356034,0.98706142548103,0.998246427002393
19.4,2,0.994383570017326,0.990136588661184,0.998648767901214
19.6,2,0.996204581307461,0.993335376208656,0.999082073977711
19.8,2,0.998082877199104,0.996632023449917,0.999535843038362
20,2,1,1,1
20.2,2,1.00193735439618,1.00046476940446,1.00341210688708
20.4,2,1.0038762019348,1.00092056385286,1.00684056777876
20.6,2,1.0057976589916,1.001357883066,1.01025711979771
20.8,2,1.00768269827017,1.00176721890424,1.0136331088012
21,2,1.00951215388001,1.00213896204256,1.01693959364108
21.2,2,1.01126673003905,1.00246330611113,1.02014746380204
21.4,2,1.01292701344217,1.00273014498743,1.0232275749262
21.6,2,1.01447348933216,1.00292895856235,1.02615090707223
21.8,2,1.01588656130158,1.00304868169385,1.02888875113256
22,2,1.01714657484484,1.0030775502009,1.03141292964973
22.2,2,1.01823384466783,1.00300291664289,1.03369605932678
22.4,2,1.01912868574938,1.00281102731499,1.03571186377772
22.6,2,1.01981144813293,1.00248675048157,1.03743554639838
22.8,2,1.02026265814372,1.00201331746931,1.03884436808832
23,2,1.02047903275718,1.00138346686431,1.03993873551554
23.2,2,1.02049084735034,1.00061297972917,1.0407636025346
23.4,2,1.02033267456197,0.999721167010938,1.04136913484738
23.6,2,1.02003916322636,0.998728282800816,1.04180477556682
23.8,2,1.01964498659147,0.997655813423501,1.04211881962921
24,2,1.01918480227263,0.996526736447455,1.04235804539126
24.2,2,1.01869322397003,0.995365736829401,1.04256741634289
24.4,2,1.0182048049456,0.994199366551388,1.04278986659434
24.6,2,1.01775403323368,0.99305613723174,1.04306618057959
24.8,2,1.01737533854999,0.991966541103247,1.04343497144425
25,2,1.01710311086389,0.990963002955694,1.04393275535359
25.2,2,1.01697173061156,0.990079772523507,1.04459411207546
25.4,2,1.01701561055047,0.989352771995649,1.04545191703157
25.6,2,1.01726924928989,0.988819416020903,1.04653762738104
25.8,2,1.01776729657728,0.988518421632655,1.04788160474682
26,2,1.01854463047704,0.98848962334468,1.04951345949726
26.2,2,1.01963644664604,0.988773805016326,1.05146240530896
26.4,2,1.02107835998977,0.989412555748728,1.05375761726657
26.6,2,1.02290651907553,0.990448152702597,1.05642859135242
26.8,2,1.02515773378321,0.99192346972808,1.05950550743962
27,2,1.02786961679355,0.993881907225349,1.06301960167162
27.2,2,1.03108073964666,0.996367335673076,1.06700355743007
27.4,2,1.03483080425323,0.999424042612351,1.07149192712262
27.6,2,1.03915970421222,1.00309545217417,1.07652057291046
27.8,2,1.04407118541046,1.00738462580081,1.08209378253897
28,2,1.04952415539685,1.01224517910877,1.08817604222259
28.2,2,1.05547464014278,1.01762712751491,1.09472977465237
28.4,2,1.06187824521165,1.02347988403001,1.10171721520685
28.6,2,1.06868993714198,1.02975231013521,1.1090998976235
28.8,2,1.07586384449571,1.03639275553658,1.11683819257673
29,2,1.08335307879349,1.04334909384569,1.12489089246759
29.2,2,1.09110957580534,1.05056875653239,1.13321484101969
29.4,2,1.09908395788637,1.05799876410019,1.14176461019832
29.6,2,1.10722541824286,1.06558575119669,1.15049222967396
29.8,2,1.11548162818241,1.07327598119043,1.15934697563282
30,2,1.12379866854175,1.08101534550941,1.16827522630688
30.2,2,1.13212098659531,1.08874934358419,1.17722039130712
30.4,2,1.14039137982367,1.09642304034963,1.18612292091329
30.6,2,1.14855100796202,1.10398099966828,1.19492040015812
30.8,2,1.1565394347512,1.11136719347047,1.20354773111285
31,2,1.16429470077501,1.11852488762086,1.21193740546634
31.2,2,1.17175342868519,1.12539650635052,1.22001986845324
31.4,2,1.17885096198644,1.13192347747321,1.22772397448505
31.6,2,1.18552153837577,1.13804606058183,1.23497753441922
31.8,2,1.19169849840253,1.1437031601589,1.24170795409671
32,2,1.19731452993494,1.14883212530897,1.24784296331179
32.2,2,1.20230194858627,1.15336853801675,1.2533114333602
32.4,2,1.20659722775439,1.15724991519154,1.2580488025213
32.6,2,1.2101936571492,1.16046448889772,1.26205386017051
32.8,2,1.2131261010012,1.16303793325657,1.26537139920244
33,2,1.21543182968384,1.16499783422287,1.26804916645537
33.2,2,1.21714944908783,1.16637334949853,1.27013600066543
33.4,2,1.21831869891959,1.167195576945,1.27168101169652
33.6,2,1.21898026147588,1.16749782540045,1.27273288698259
33.8,2,1.21917558198949,1.16731577927554,1.27333933637211
34,2,1.21894670147089,1.16668755046725,1.27354668388439
34.2,2,1.21833610280851,1.1656536153579,1.27339961018425
34.4,2,1.21738657073865,1.16425664018388,1.27294104363513
34.6,2,1.21614106615522,1.16254120380407,1.27221219166216
34.8,2,1.21464261510123,1.16055343177719,1.27125269894787
35,2,1.21293421266928,1.15834055879104,1.27010091557111
35.2,2,1.21105874193702,1.15595043739713,1.2687942570657
35.4,2,1.20905890797725,1.15343100967176,1.26736963953755
35.6,2,1.20697718691031,1.1508297552367,1.26586397605118
35.8,2,1.20485578990898,1.14819312468588,1.26431472481977
36,2,1.20273664202391,1.14556596266621,1.26276048452082
36.2,2,1.20066137566955,1.14299092045571,1.26124163650393
36.4,2,1.19867133859704,1.14050785465841,1.25980103697257
36.6,2,1.19680761618114,1.13815320738349,1.25848476361281
36.8,2,1.19511106786311,1.13595936485798,1.25734291975089
37,2,1.19362237761967,1.13395399681617,1.25643049396598
37.2,2,1.19237714517816,1.13215408002915,1.25580367674567
37.4,2,1.19137767393286,1.13053613622778,1.25549349238996
37.6,2,1.19061274949348,1.12905991762808,1.25552125013384
37.8,2,1.19007128575584,1.12768451390084,1.25590947443399
38,2,1.18974234589545,1.12636954321605,1.25668068543051
38.2,2,1.18961512260874,1.12507631467151,1.25785613072176
38.4,2,1.18967891944917,1.12376894319536,1.2594545702227
38.6,2,1.18992313322209,1.1224153349129,1.26149119575862
38.8,2,1.19033723740734,1.12098796022884,1.26397676784083
39,2,1.19091076658238,1.11946434994852,1.2669170340503
39.2,2,1.19163330182346,1.11782728297057,1.27031246029451
39.4,2,1.19249445706555,1.11606467396163,1.27415826637027
39.6,2,1.19348386640569,1.11416920574611,1.27844472098547
39.8,2,1.19459117233756,1.11213777569673,1.28315762688019
40,2,1.19580601490802,1.10997083456606,1.28827891757105
0,3,0.960217022487171,0.893940414945429,1.03140736771635
0.2,3,0.960785931339685,0.897719702445079,1.02828266255718
0.4,3,0.961352788804753,0.901394653469088,1.02529916389655
0.6,3,0.961917206415319,0.90494923284804,1.02247140326956
0.8,3,0.962478794818582,0.90836730186851,1.01981371254766
1,3,0.963037163786598,0.911632920191753,1.01733993835924
1.2,3,0.963591922228468,0.914730765380126,1.01506304119781
1.4,3,0.964142678204099,0.917646686197261,1.01299456306733
1.6,3,0.964689038939569,0.920368392558101,1.01114396080415
1.8,3,0.965230610844075,0.922886261665829,1.00951782555387
2,3,0.965766999528494,0.925194206781467,1.00811904197167
2.2,3,0.966297809825541,0.927290517173974,1.00694597861228
2.4,3,0.966822645811548,0.929178545873919,1.0059918328989
2.6,3,0.967341110829849,0.930867110632733,1.00524426528022
2.8,3,0.967852807515794,0.932370495536334,1.00468543513634
3,3,0.968357337823382,0.933707998057726,1.00429249365647
3.2,3,0.968854303053531,0.93490304532157,1.00403850992107
3.4,3,0.96934330388397,0.935981978276951,1.00389373149518
3.6,3,0.969823940400773,0.936972647460635,1.00382703585165
3.8,3,0.970295833345919,0.937902914158197,1.00380752634025
4,3,0.970759345484639,0.938797165286009,1.00380970639027
4.2,3,0.971215760262158,0.939673304603197,1.00381701636179
4.4,3,0.97166642087981,0.940544229370471,1.00381843190651
4.6,3,0.972112673169878,0.941418542167485,1.0038075595598
4.8,3,0.972555865525017,0.942301175022854,1.00378195065306
5,3,0.972997348846355,0.943193999917016,1.00374243363012
5.2,3,0.973438476510329,0.944096410115809,1.00369248034161
5.4,3,0.973880604354318,0.945005869699771,1.00363760897999
5.6,3,0.974325090681143,0.945918435643828,1.00358481932396
5.8,3,0.974773296282478,0.946829259152954,1.00354205360685
6,3,0.975226584481238,0.947733071724278,1.00351767755514
6.2,3,0.975686321193023,0.948624657432184,1.00351998011524
6.4,3,0.976153875006648,0.949499307038603,1.00355669627862
6.6,3,0.976630617283864,0.950353242708149,1.00363456423663
6.8,3,0.977117922278305,0.951183995634814,1.00375893456899
7,3,0.977617167273768,0.951990714251062,1.00393345380503
7.2,3,0.978129732741876,0.952774379282469,1.00415984610565
7.4,3,0.978657002519231,0.953537904552361,1.00443781417326
7.6,3,0.979200364004142,0.954286108932846,1.00476507400709
7.8,3,0.979761208373018,0.955025553789252,1.00513752917274
8,3,0.980340930816555,0.955764249356763,1.00554958116615
8.2,3,0.980940930795808,0.95651124013942,1.00599456580384
8.4,3,0.981562612318294,0.957276081568351,1.0064653034291
8.6,3,0.982207214642694,0.958067915330809,1.00695472320775
8.8,3,0.982873634029912,0.958890726943344,1.00745637988451
9,3,0.983559049926678,0.959743528722847,1.0079655405231
9.2,3,0.984260595935301,0.960623436976753,1.00847937227078
9.4,3,0.984975398271057,0.961526148298698,1.00899651758388
9.6,3,0.985700575330731,0.962446318103515,1.0095166929641
9.8,3,0.98643323734531,0.96337791176265,1.01004031736538
10,3,0.987170486117241,0.964314532392977,1.01056816622133
10.2,3,0.987909414842653,0.965249727725084,1.01110104867361
10.4,3,0.988647108018992,0.966177276013905,1.01163950804847
10.6,3,0.989380641438499,0.967091448223661,1.01218354836168
10.8,3,0.990107082267992,0.967987241252113,1.01273239210176
11,3,0.990823489215388,0.968860575247866,1.01328427625388
11.2,3,0.991526912783407,0.969708447512741,1.0138362940897
11.4,3,0.992214395610874,0.970529036273886,1.01438428945636
11.6,3,0.992882972902012,0.971321749691825,1.01492280821624
11.8,3,0.993529672944089,0.972087218477889,1.01544510848112
12,3,0.994151517713738,0.972827233822514,1.01594322795536
12.2,3,0.994745523572227,0.973544635268553,1.01640810376817
12.4,3,0.995308702049903,0.974243155035353,1.01682973830113
12.6,3,0.995838060719965,0.974927225624973,1.01719740418858
12.8,3,0.996330604161659,0.975601756063975,1.01749988314294
13,3,0.996783335012907,0.976271878767953,1.01772573661892
13.2,3,0.997193255112301,0.976942663706831,1.01786361163553
13.4,3,0.997557893255128,0.977618453298245,1.0179040166829
13.6,3,0.997878410615151,0.978300425719441,1.01784819488302
13.8,3,0.998157505900601,0.978987604329347,1.01770278007578
14,3,0.998397891639444,0.979677998945081,1.01747548796997
14.2,3,0.998602287729522,0.980368838429635,1.01717485294205
14.4,3,0.998773420415905,0.981056773240293,1.0168100078801
14.6,3,0.998914021341814,0.981738063099655,1.01639048086087
14.8,3,0.999026826673548,0.98240876034436,1.01592599811872
15,3,0.999114576299816,0.983064898146471,1.0154262841211
15.2,3,0.999180013105788,0.983702691150238,1.01490085121421
15.4,3,0.99922588232213,0.984318753778767,1.01435877358774
15.6,3,0.999254930949234,0.984910338187629,1.01380844358255
15.8,3,0.99926990725681,0.985475589337924,1.01325731286747
16,3,0.999273560358948,0.986013808989278,1.012711626682
16.2,3,0.999268639864757,0.986525714132007,1.01217616562151
16.4,3,0.999257895604614,0.9870136696623,1.01165401515644
16.6,3,0.999244077432078,0.987481871635252,1.01114638654541
16.8,3,0.999229935101463,0.987936457936149,1.0106525122969
17,3,0.999218218221082,0.988385528714212,1.01016963383082
17.2,3,0.999211676282162,0.988839069000955,1.00969308891419
17.4,3,0.999213058763411,0.989308778435845,1.00921649394631
17.6,3,0.999225115311246,0.989807824552109,1.00873200463997
17.8,3,0.99925059599569,0.990350543064975,1.0082306316585
18,3,0.999292251626007,0.990952108191684,1.00770258815234
18.2,3,0.999351551971411,0.991624902743458,1.00713840653318
18.4,3,0.999425191010076,0.99236849042746,1.00653207156474
18.6,3,0.999508750196451,0.993177814831367,1.00588004162064
18.8,3,0.999597809909074,0.994046255167594,1.0051803690026
19,3,0.999687949109552,0.994965952683515,1.00443235559916
19.2,3,0.999774745197043,0.995928068726532,1.00363627908581
19.4,3,0.999853774058334,0.996922988917796,1.00279317521198
19.6,3,0.999920610313649,0.997940485829836,1.00190466378223
19.8,3,0.999970827758263,0.998969850358453,1.00097280814706
20,3,1,1,1
20.2,3,1.00000370129259,0.998988862905715,1.00101957061883
20.4,3,0.999977507564765,0.997942169244292,1.00201699702967
20.6,3,0.999916997644944,0.996862766182082,1.00298058679489
20.8,3,0.999817754681036,0.995753506909532,1.00389859100566
21,3,0.999675367754958,0.994617183759013,1.00475927544214
21.2,3,0.999485433691076,0.993456459955241,1.00555099536586
21.4,3,0.999243559057687,0.992273796669161,1.00626227727667
21.6,3,0.99894536236038,0.991071371740593,1.00688191126815
21.8,3,0.99858647642585,0.989850985890237,1.00739905815598
22,3,0.998162550974485,0.988613951432042,1.00780337635806
22.2,3,0.997669255379719,0.98736095739252,1.00808517460371
22.4,3,0.997102281611817,0.98609190352366,1.00823559796284
22.6,3,0.996457347363437,0.984805693976937,1.00824685639747
22.8,3,0.995730236379948,0.983499994396875,1.0081125666394
23,3,0.994922552387161,0.982173385357057,1.00783721082885
23.2,3,0.994047928991995,0.98082872127355,1.00744529977695
23.4,3,0.993121463186478,0.979469744109237,1.00696345810928
23.6,3,0.992158206186467,0.978100754682124,1.00641769407801
23.8,3,0.991173156744866,0.976726845658917,1.00583313647822
24,3,0.990181256736933,0.975354122324119,1.00523379022262
24.2,3,0.989197389004114,0.973989899623868,1.00464232205122
24.4,3,0.988236377441415,0.972642861593589,1.00407989022655
24.6,3,0.987312989312923,0.971323170232689,1.00356603110013
24.8,3,0.986441939780562,0.970042514760172,1.00311861155757
25,3,0.985637898632628,0.968814098049039,1.00275385048306
25.2,3,0.984915499200984,0.967652563548294,1.00248640587403
25.4,3,0.984289349459095,0.966573871725768,1.00232951851763
25.6,3,0.983774045297258,0.965595138888277,1.0022951993263
25.8,3,0.983384185976474,0.964734452638809,1.00239444604003
26,3,0.98313439176844,0.964010677328743,1.00263747592112
26.2,3,0.98303932379606,0.963443260232593,1.00303396371896
26.4,3,0.983113706096743,0.963052045576065,1.00359327780373
26.6,3,0.983372349939582,0.962857099686898,1.00432471125793
26.8,3,0.983830180437294,0.962878546903183,1.00523770838214
27,3,0.984502265504613,0.963136412708272,1.00634209027387
27.2,3,0.985403847226697,0.963650467898353,1.00764828584258
27.4,3,0.986550375714056,0.964440065330374,1.0091675769278
27.6,3,0.987957110894132,0.965523443457672,1.01091201832539
27.8,3,0.989625113153572,0.96690093199119,1.01288335979507
28,3,0.991538109428789,0.968551457047806,1.01507030452084
28.2,3,0.993678830034721,0.970452302362612,1.01746125477296
28.4,3,0.996030010065436,0.972580588196381,1.02004480964475
28.6,3,0.998574349722595,0.974913472640415,1.02280946966838
28.8,3,1.00129447777284,0.977428325909311,1.02574337641143
29,3,1.004172918113,0.980102882187594,1.02883408241888
29.2,3,1.0071920594398,0.98291536962926,1.03206835089089
29.4,3,1.01033412803722,0.985844616396026,1.03543198725211
29.6,3,1.01358116370912,0.988870129080251,1.03890970635493
29.8,3,1.01691499889798,0.991972139406616,1.04248503955189
30,3,1.02031724104223,0.995131615593928,1.04614028542014
30.2,3,1.0237692582343,0.99833023594493,1.04985650676358
30.4,3,1.02725216824999,1.00155032379805,1.05361357497508
30.6,3,1.0307468310263,1.0047747445652,1.05739026126748
30.8,3,1.03423384466956,1.00798676686599,1.06116437300629
31,3,1.03769354507881,1.0111698905092,1.06491293263883
31.2,3,1.04110600927052,1.01430764415203,1.06861239663173
31.4,3,1.04445106248987,1.01738335490548,1.07223891237887
31.6,3,1.04770828919117,1.02037989109522,1.07576861208201
31.8,3,1.05085704796502,1.02327937807252,1.07917794389431
32,3,1.05387649048283,1.02606288572687,1.0824440418246
32.2,3,1.05674558452047,1.02871008559241,1.08554513661681
32.4,3,1.05944410603529,1.03119970299728,1.08846211897705
32.6,3,1.06196463844844,1.03351965621957,1.09119249598029
32.8,3,1.06430902731279,1.03566485448445,1.09374543387723
33,3,1.06647943342229,1.03763029871359,1.09613065782947
33.2,3,1.06847813123691,1.03941143089963,1.09835766953554
33.4,3,1.07030750433648,1.04100457767814,1.10043527031749
33.6,3,1.07197004084893,1.04240731305134,1.10237116920636
33.8,3,1.07346832886226,1.04361872965789,1.10417168676926
34,3,1.07480505182961,1.04463960909934,1.10584156428304
34.2,3,1.07598298397621,1.04547248581492,1.10738388385605
34.4,3,1.07700498571704,1.04612160485495,1.10880009922001
34.6,3,1.07787399909324,1.04659278024456,1.11009017055304
34.8,3,1.07859304323562,1.04689316601995,1.11125279128444
35,3,1.0791652098627,1.04703095537011,1.11228569146395
35.2,3,1.07959365882084,1.04701502412192,1.11318600145555
35.4,3,1.0798816136734,1.0468545331914,1.11395066131568
35.6,3,1.08003235734566,1.04655850119967,1.11457686462487
35.8,3,1.08004922783191,1.04613535409322,1.11506252988785
36,3,1.07993561397066,1.04559245423803,1.11540679697434
36.2,3,1.07969495129377,1.04493560793774,1.11561054958203
36.4,3,1.07933071795475,1.04416854843985,1.11567696657915
36.6,3,1.07884643074128,1.04329239202571,1.11561210454462
36.8,3,1.07824564117661,1.04230506861062,1.11542550998634
37,3,1.07753193171424,1.04120073643724,1.11513085155582
37.2,3,1.0767090271598,1.03996885325389,1.11474716337911
37.4,3,1.07578144593577,1.03859256070492,1.11430195363056
37.6,3,1.07475403920535,1.0370523534351,1.11382635694535
37.8,3,1.0736316702464,1.03532847926554,1.11335193268689
38,3,1.07241920920351,1.03340207672666,1.11290947267264
38.2,3,1.07112152901798,1.03125630042043,1.11252782597117
38.4,3,1.06974350156847,1.02887734808797,1.11223282471386
38.6,3,1.06828999402412,1.02625528964151,1.11204641072371
38.8,3,1.06676586541128,1.02338461345894,1.11198604770927
39,3,1.06517596339488,1.02026444316136,1.11206446583455
39.2,3,1.06352512127477,1.01689842815402,1.11228973540237
39.4,3,1.06181815519709,1.01329435838818,1.11266561919832
39.6,3,1.06005986158046,1.00946358533958,1.1131921214929
39.8,3,1.05825501475628,1.00542034147946,1.11386614140798
40,3,1.05640836482224,1.00118104178516,1.11468214707353
0,4,0.946076837652127,0.908072053213551,0.985672204726863
0.2,4,0.945795476066053,0.90982149398234,0.983191855175467
0.4,4,0.945521340658752,0.911510684802427,0.980801015881567
0.6,4,0.945255573840152,0.913131212137038,0.978510084859284
0.8,4,0.944999316931607,0.914674493192117,0.976329520116656
1,4,0.944753710274173,0.9161319224325,0.974269699834174
1.2,4,0.944519893350661,0.917495097128037,0.97234070430204
1.4,4,0.944299004921464,0.918756141726913,0.970551999815325
1.6,4,0.944092183174149,0.919908145186811,0.968912010393742
1.8,4,0.943900565886798,0.920945710968168,0.96742757761995
2,4,0.943725290605122,0.921865594036365,0.966103334248734
2.2,4,0.943567494833328,0.92266736441115,0.964941052048858
2.4,4,0.943428316238783,0.92335400047509,0.963939060667075
2.6,4,0.943308892870466,0.923932292224188,0.963091857333405
2.8,4,0.943210363391262,0.924412941669735,0.962390020202161
3,4,0.943133867324113,0.924810293094416,0.961820492630401
3.2,4,0.943080545312082,0.925141700389261,0.961367231173247
3.4,4,0.943051539392378,0.925426615480062,0.961012133294856
3.6,4,0.9430479932844,0.925685530337634,0.960736112309497
3.8,4,0.943071044012969,0.925938852031136,0.96052022453185
4,4,0.943121527267206,0.926203772440062,0.960348296629713
4.2,4,0.943199905296038,0.926492068155181,0.960209042179785
4.4,4,0.94330661959799,0.92681200857333,0.960094787665867
4.6,4,0.943442114396247,0.927168930611622,0.960000916585183
4.8,4,0.943606836771681,0.927565687906193,0.959925398288672
5,4,0.943801236798387,0.928003078773336,0.959868339833097
5.2,4,0.944025767681771,0.92848024240627,0.959831571361759
5.4,4,0.944280885899238,0.928995023485054,0.959818264827331
5.6,4,0.944567051343526,0.929544311041112,0.959832580207511
5.8,4,0.944884727468743,0.930124359387788,0.959879331395352
6,4,0.945234381439152,0.930731098165265,0.959963664710392
6.2,4,0.945616484280772,0.93136043567663,0.96009074584954
6.4,4,0.946031511035843,0.932008555200413,0.960265455589418
6.6,4,0.946479940920208,0.932672198444719,0.960492100073482
6.8,4,0.946962257483698,0.933348924637432,0.960774147189347
7,4,0.947478948773562,0.934037329120778,0.961114005169458
7.2,4,0.94803050750101,0.934737203044505,0.961512861823936
7.4,4,0.948617431210956,0.935449616819982,0.96197060174802
7.6,4,0.94924022245501,0.936176914579224,0.962485814266663
7.8,4,0.949899388967813,0.936922614028923,0.963055897734549
8,4,0.950595443846773,0.937691213868017,0.963677258033295
8.2,4,0.951328905735294,0.938487917028951,0.964345593018001
8.4,4,0.952100299009583,0.939318280497086,0.965056252173034
8.6,4,0.952910031464114,0.940187606576283,0.965804613583007
8.8,4,0.953756820354021,0.941097881249727,0.966586037962219
9,4,0.954638142941867,0.942047888504708,0.967396663248231
9.2,4,0.955551442511666,0.943035194554994,0.968233809891895
9.4,4,0.956494155608387,0.944056459784355,0.969095714807122
9.6,4,0.957463711199976,0.945107686326002,0.969981274650871
9.8,4,0.958457529908715,0.946184446504981,0.970889809097998
10,4,0.95947302331216,0.947282094809113,0.971820841445637
10.2,4,0.960507593313994,0.948395964908439,0.972773895029077
10.4,4,0.961558631585172,0.949521551508986,0.97374830566676
10.6,4,0.962623519075768,0.950654674964803,0.974743052215174
10.8,4,0.963699625598002,0.95179162499659,0.975756608891212
11,4,0.96478430948092,0.952929278933361,0.976786823952407
11.2,4,0.965874917297276,0.954065189855569,0.977830829364237
11.4,4,0.966968783663146,0.955197640949817,0.978884985152625
11.6,4,0.96806323111085,0.956325664143803,0.979944860381641
11.8,4,0.969155570035767,0.957449023324174,0.981005250462651
12,4,0.970243098717612,0.958568164666199,0.982060228274916
12.2,4,0.971323103416789,0.959684138327172,0.98310322485457
12.4,4,0.972392858546375,0.960798496585155,0.984127134578824
12.6,4,0.973449626920335,0.961913173225317,0.985124440051071
12.8,4,0.974490660078504,0.963030347539843,0.986087353328136
13,4,0.975513198688884,0.964152293757841,0.987007972679502
13.2,4,0.976514473027752,0.965281213072167,0.987878457716731
13.4,4,0.977492023147969,0.966418813410624,0.988692109527393
13.6,4,0.978445586041812,0.96756470648108,0.989448828002931
13.8,4,0.97937582969471,0.968717132377559,0.990151803587965
14,4,0.980283429865731,0.969873719641027,0.990804868106946
14.2,4,0.981169066673229,0.971031620360277,0.991412346633195
14.4,4,0.982033424432988,0.972187625878773,0.99197893599176
14.6,4,0.982877191500904,0.97333827350989,0.992509592876797
14.8,4,0.983701060120294,0.974479951593299,0.993009424257143
15,4,0.984505726273879,0.975609009497425,0.993483573471056
15.2,4,0.985291889540531,0.976721878321881,0.993937096261522
15.4,4,0.986060252956824,0.977815206768616,0.994374822288234
15.6,4,0.986811522883472,0.97888601457773,0.994801199724639
15.8,4,0.987546408876695,0.979931862757803,0.995220123714147
16,4,0.988265623564574,0.980951035486025,0.995634753813754
16.2,4,0.988969882528452,0.98194272334168,0.99604733076474
16.4,4,0.989659904189423,0.982907192405293,0.996459008061017
16.6,4,0.990336409699962,0.983845920226265,0.996869717314937
16.8,4,0.99100012284074,0.984761679450143,0.997278086631805
17,4,0.991651769922665,0.985658554156177,0.997681426944669
17.2,4,0.992292079694197,0.986541882457049,0.998075792759566
17.4,4,0.992921783253963,0.987418129696661,0.998456112977286
17.6,4,0.993541613968726,0.98829470647617,0.998816377563369
17.8,4,0.994152307396729,0.989179751554186,0.999149860022282
18,4,0.994754601210133,0.990081899266021,0.99944935602025
18.2,4,0.995348727120851,0.991008309446808,0.999708154953946
18.4,4,0.995933023987606,0.991959259594946,0.999922707182672
18.6,4,0.996505385937525,0.992932372296168,1.00009125687595
18.8,4,0.99706370268355,0.993924266114795,1.00021305556314
19,4,0.997605859798164,0.99493077186963,1.00028814028283
19.2,4,0.998129739031836,0.995947102204981,1.00031715914839
19.4,4,0.998633218676323,0.996967984548035,1.00030123424268
19.6,4,0.999114173972919,0.997987766003481,1.00024185329553
19.8,4,0.999570477565724,0.999000497115872,1.00014078321833
20,4,1,1,1
20.2,4,1.00040061026562,0.9998216306267,1.00097992518177
20.4,4,1.00077017638562,0.999607903572862,1.00193380060636
20.6,4,1.00110656604981,0.999361105054288,1.00285507562714
20.8,4,1.00140764729332,0.999083538669716,1.0037371623526
21,4,1.00167128922009,0.998777486314431,1.00457347647098
21.2,4,1.001895362771,0.99844516834738,1.00535747957346
21.4,4,1.00207774153651,0.998088700939714,1.00608272504986
21.6,4,1.0022163026136,0.997710048323913,1.00674290983825
21.8,4,1.00230892750665,0.997310967283356,1.00733193468842
22,4,1.0023535030719,0.996892940645697,1.00784397617436
22.2,4,1.0023479225052,0.996457095733929,1.00827357449895
22.4,4,1.00229008637245,0.99600410264714,1.00861574221486
22.6,4,1.0021779036823,0.99553404586091,1.00886610036576
22.8,4,1.00200931098906,0.995046265195896,1.00902108216155
23,4,1.00178506901376,0.994539899285204,1.0090830194145
23.2,4,1.00151179133042,0.994015081799304,1.00906503989683
23.4,4,1.00119681994602,0.993472238568194,1.00898146254663
23.6,4,1.0008474935481,0.992912081222026,1.0088463261608
23.8,4,1.00047114472483,0.992335754414826,1.00867323078292
24,4,1.00007509772185,0.991744983090777,1.00847518075301
24.2,4,0.999666666735402,0.991142212053209,1.00826443716053
24.4,4,0.999253154740804,0.99053072746,1.00805239007567
24.6,4,0.998841852854947,0.989914749395207,1.00784946140488
24.8,4,0.998440040231472,0.989299486455436,1.00766504742579
25,4,0.99805498448705,0.988691147005326,1.00750750633967
25.2,4,0.997693942657338,0.98809690656877,1.00738419136612
25.4,4,0.99736416268124,0.987524835608185,1.00730152511884
25.6,4,0.997072885412424,0.986983795643976,1.00726510730199
25.8,4,0.996827347157329,0.986483313610772,1.0072798458229
26,4,0.996634782739434,0.986033444403261,1.00735010136213
26.2,4,0.996502429090061,0.98564463006561,1.00747983694315
26.4,4,0.996437529366725,0.985327561610057,1.00767276651437
26.6,4,0.996447337600777,0.985093046616396,1.00793249939396
26.8,4,0.996539123877028,0.984951883023542,1.00826268017182
27,4,0.996720180049001,0.984914737129364,1.00866712606253
27.2,4,0.996997825994615,0.984992021830572,1.00914996569278
27.4,4,0.997379416418305,0.98519376950159,1.00971578494469
27.6,4,0.997872160881973,0.985529252527095,1.01036965357442
27.8,4,0.998477084581292,0.985999118618571,1.01111296106505
28,4,0.999187710128272,0.98659381987532,1.01194236164742
28.2,4,0.999997124497219,0.987302913237122,1.01285455111641
28.4,4,1.00089842231141,0.988115823030346,1.0138463816045
28.6,4,1.00188469914658,0.989021998529694,1.01491468529141
28.8,4,1.00294904532238,0.990011051518275,1.01605611974778
29,4,1.00408454017917,0.991072876764801,1.01726703198444
29.2,4,1.00528424683872,0.992197755606244,1.01854334101432
29.4,4,1.00654120744855,0.993376440955833,1.01988044060835
29.6,4,1.00784843891041,0.994600221030267,1.02127312495665
29.8,4,1.00919892909451,0.995860958873475,1.022715540167
30,4,1.01058563354185,0.997151105251448,1.02420116403888
30.2,4,1.01200147265759,0.998463683520141,1.0257228155264
30.4,4,1.01343932939916,0.999792246366108,1.0272726940082
30.6,4,1.0148920474632,1.00113080559216,1.02884244721129
30.8,4,1.01635242997585,1.00247373709731,1.03042326565961
31,4,1.01781323869135,1.00381566369015,1.03200600102922
31.2,4,1.01926719370384,1.00515131829786,1.03358130586766
31.4,4,1.0207069736777,1.00647538952745,1.03513979274094
31.6,4,1.02212521660151,1.00778235053477,1.03667221187024
31.8,4,1.02351452107065,1.00906627096742,1.03816964750803
32,4,1.02486744810364,1.01032061062658,1.03962373442136
32.2,4,1.02617652349649,1.01153799275479,1.04102689658501
32.4,4,1.02743446722294,1.01271010850484,1.04237291162838
32.6,4,1.02863700147134,1.01382954161215,1.04366073128371
32.8,4,1.02978200001549,1.01488977584405,1.04489274874601
33,4,1.03086738402488,1.01588428773548,1.04607146333088
33.2,4,1.03189107687256,1.01680686044915,1.04719906596506
33.4,4,1.0328510053012,1.01765187688561,1.04827714013209
33.6,4,1.0337451006272,1.01841455572184,1.04930642150269
33.8,4,1.03457129998241,1.01909112242603,1.05028662422185
34,4,1.03532754759282,1.01967890867248,1.05121634044591
34.2,4,1.03601179609363,1.020176377247,1.0520930160543
34.4,4,1.03662200787989,1.02058307447394,1.05291300051672
34.6,4,1.03715615649205,1.02089951710486,1.05367166398501
34.8,4,1.03761222803547,1.02112702427643,1.05436357100787
35,4,1.03798822263301,1.02126750679902,1.05498269860932
35.2,4,1.03828215590968,1.02132322549914,1.05552268700596
35.4,4,1.03849206050827,1.02129652796301,1.05597711361042
35.6,4,1.03861598763492,1.02118956949248,1.05633978449955
35.8,4,1.03865200863319,1.02100402015618,1.05660504145002
36,4,1.03859821658556,1.02074075619425,1.05676808626365
36.2,4,1.03845272794087,1.02039953130036,1.05682532683406
36.4,4,1.0382136841662,1.01997862200463,1.05677475070165
36.6,4,1.03787925342185,1.01947444215993,1.05661633105905
36.8,4,1.03744763225752,1.01888112529758,1.05635246640022
37,4,1.03691704732834,1.01819008162316,1.05598844699614
37.2,4,1.03628634528132,1.01738982736994,1.0555338381873
37.4,4,1.03555834096766,1.01646779608705,1.05500743031494
37.6,4,1.03473748500107,1.01541085026169,1.0544319696706
37.8,4,1.03382824521782,1.01420558841959,1.05383055744708
38,4,1.03283509790834,1.01283925106244,1.05322571015326
38.2,4,1.03176252418351,1.01130065666742,1.05263840114326
38.4,4,1.03061500652622,1.00958106577213,1.05208717525293
38.6,4,1.02939702552976,1.00767486004961,1.05158744966342
38.8,4,1.02811305682431,1.00557994381344,1.05115109357106
39,4,1.02676756819251,1.0032978257324,1.05078632889727
39.2,4,1.02536501687457,1.0008334010349,1.05049793176669
39.4,4,1.02390984706321,0.998194506507953,1.05028766245234
39.6,4,1.02240648758836,0.99539134645848,1.050154825619
39.8,4,1.02085934979118,0.992435885192514,1.05009686530422
40,4,1.01927282558687,0.989341279220428,1.05010992142013
0,5,0.955060788511776,0.920381587826796,0.991046672181352
0.2,5,0.954376311132275,0.921687375570076,0.988224605644713
0.4,5,0.953703371277709,0.922938713938587,0.985493518312842
0.6,5,0.953043721057554,0.924127798956944,0.98286442121145
0.8,5,0.952399108173506,0.925246510132358,0.980348535570195
1,5,0.951771276181302,0.92628651762137,0.977957192435429
1.2,5,0.951161964784545,0.927239473796235,0.975701648624604
1.4,5,0.950572910160458,0.928097320140372,0.973592788086337
1.6,5,0.950005845317461,0.9288527390066,0.971640679126997
1.8,5,0.949462500484506,0.929499767035947,0.969853970701885
2,5,0.948944603532116,0.930034556943497,0.968239141061759
2.2,5,0.948453880425103,0.930456224807462,0.966799661617161
2.4,5,0.947992055706949,0.930767659201527,0.965535199680703
2.6,5,0.947560853015869,0.930976119592378,0.964441032667185
2.8,5,0.947161995632605,0.931093446918559,0.963507850838959
3,5,0.946797207060009,0.931135771617538,0.962722063334967
3.2,5,0.946468211634519,0.931122722708962,0.962066603882722
3.4,5,0.946176735169663,0.931076267841167,0.961522106295424
3.6,5,0.94592450563174,0.931019390514053,0.961068243552492
3.8,5,0.945713225536449,0.930974726019799,0.960685054016744
4,5,0.945543610766803,0.930960444182973,0.960355217505035
4.2,5,0.945415156234622,0.930987786526632,0.960066104597137
4.4,5,0.945327286408904,0.931064064061175,0.959809010919475
4.6,5,0.945279431241448,0.931193404016267,0.959578535752327
4.8,5,0.94527102592624,0.931377283982586,0.959372026591484
5,5,0.945301510663325,0.9316150218955,0.959189069583939
5.2,5,0.945370330427051,0.931904214350532,0.959031033328475
5.4,5,0.945476934738582,0.932241128587858,0.958900660687185
5.6,5,0.945620777442601,0.932621059547135,0.95880169719238
5.8,5,0.945801316488086,0.933038664928043,0.958738543101623
6,5,0.94601801371309,0.933488289557183,0.958715917790673
6.2,5,0.946270334633428,0.933964286259611,0.958738529278581
6.4,5,0.94655774823519,0.934461334299636,0.958810747815039
6.6,5,0.946879726771011,0.934974748888435,0.958936290029078
6.8,5,0.947235745560012,0.935500767358946,0.959117928037317
7,5,0.947625282791349,0.936036791086092,0.9593572444342
7.2,5,0.948047819331297,0.936581559079294,0.959654457239567
7.4,5,0.948502838533812,0.937135230950745,0.960008337104107
7.6,5,0.9489898260545,0.937699363904339,0.960416232133462
7.8,5,0.94950826966794,0.938276778907063,0.960874205176408
8,5,0.950057659088312,0.938871322192259,0.961377277436459
8.2,5,0.950637485793262,0.93948753619965,0.961919764312113
8.4,5,0.951247242850977,0.940130256433142,0.962495686996257
8.6,5,0.951886389310696,0.940804036628425,0.963099288351393
8.8,5,0.952553894765597,0.94151112333063,0.963726184374002
9,5,0.953248369909002,0.94225126747243,0.964373820553929
9.2,5,0.95396841542049,0.943022925657579,0.965040947424784
9.4,5,0.954712629716249,0.943823592224027,0.965727295703545
9.6,5,0.955479608576208,0.94465007973376,0.966433287828915
9.8,5,0.956267944792009,0.945498775750973,0.967159773962078
10,5,0.957076227835837,0.946365879985134,0.967907788373418
10.2,5,0.95790304355016,0.94724762395291,0.968678324062256
10.4,5,0.958746973858434,0.948140472729121,0.969472126041512
10.6,5,0.959606596496844,0.949041305764177,0.970289506312672
10.8,5,0.960480484767161,0.949947571732706,0.971130185570007
11,5,0.961367207310809,0.950857411438979,0.971993167612698
11.2,5,0.962265327904254,0.951769743238813,0.972876652010094
11.4,5,0.96317340527581,0.952684307241286,0.973777988762064
11.6,5,0.964089992943993,0.953601667374747,0.974693675875762
11.8,5,0.965013639077555,0.954523173604915,0.975619397576992
12,5,0.965942886377322,0.955450889432737,0.976550098034775
12.2,5,0.96687627197998,0.95638749163142,0.977480083646038
12.4,5,0.967812327383953,0.957336149624291,0.978403146485108
12.6,5,0.968749578397525,0.958300390884749,0.979312702543026
12.8,5,0.969686545109343,0.959283956412967,0.980201940708057
13,5,0.970621741881475,0.960290646936592,0.981063981845941
13.2,5,0.971553677365151,0.961324156103256,0.981892051717424
13.4,5,0.972480993217122,0.962387436640087,0.982680411405079
13.6,5,0.973403282679358,0.963479822304691,0.983428950763547
13.8,5,0.974320541081617,0.964598630823429,0.984140435657892
14,5,0.975232765287511,0.965740556963494,0.984818271980554
14.2,5,0.976139952284932,0.966901807598626,0.985466361691166
14.4,5,0.977042099185843,0.968078212518769,0.986088986650931
14.6,5,0.97793920322607,0.969265325101437,0.98669070319456
14.8,5,0.978831261765091,0.970458521575295,0.987276238713829
15,5,0.979718272285812,0.971653106987015,0.987850382146233
15.2,5,0.980600232394349,0.972844435352446,0.988417860892104
15.4,5,0.981477139819799,0.974028050374936,0.988983197781674
15.6,5,0.982348992414009,0.975199850975771,0.989550543851339
15.8,5,0.983215788151344,0.976356282122412,0.990123486447609
16,5,0.984077525128443,0.977494545713,0.990704837904286
16.2,5,0.984934201563981,0.97861281886067,0.991296417453319
16.4,5,0.985785815798416,0.979710459126544,0.991898846824324
16.6,5,0.986632366293744,0.980788170502993,0.992511385734971
16.8,5,0.987473851633238,0.98184810319211,0.993131834230973
17,5,0.988310270521191,0.982893866532185,0.99375652252652
17.2,5,0.989141621782654,0.983930447424338,0.994380395996492
17.4,5,0.989967904363166,0.984964042859724,0.994997186723468
17.6,5,0.990789117328485,0.986001829284101,0.995599648866075
17.8,5,0.991605259864312,0.987051698722041,0.996179827929628
18,5,0.992416331272748,0.988121989510099,0.996729336086489
18.2,5,0.993222068552681,0.989219711865917,0.997240618668323
18.4,5,0.994021229570908,0.99034572262388,0.997710377563693
18.6,5,0.994812340387805,0.991498342134962,0.99813741539585
18.8,5,0.99559392260244,0.992674843477487,0.998521585628753
19,5,0.996364493482336,0.993871687768888,0.998863551592749
19.2,5,0.997122566115234,0.995084705154084,0.999164600467128
19.4,5,0.997866649582994,0.996309233999945,0.999426499694618
19.6,5,0.998595249157688,0.997540228578262,0.999651385550181
19.8,5,0.99930686652,0.998772343334711,0.999841675771515
20,5,1,1,1
20.2,5,1.00067314484036,1.00012914322356,1.00121744235671
20.4,5,1.00132479348207,1.00023199849079,1.00241878239726
20.6,5,1.00195343587271,1.00031152593728,1.0035980408368
20.8,5,1.00255755979727,1.00037071568585,1.00474918442364
21,5,1.00313565123163,1.00041255249592,1.00586616217614
21.2,5,1.00368619471861,1.00043998017034,1.00694294254133
21.4,5,1.00420767376659,1.00045586369298,1.00797355350518
21.6,5,1.00469857127081,1.0004629468609,1.0089521278932
21.8,5,1.00515736995707,1.0004638027704,1.00987295650403
22,5,1.00558255284799,1.00046077387279,1.01073055236132
22.2,5,1.00597260375167,1.00045589737196,1.01151973031218
22.4,5,1.0063260077726,1.00045081040331,1.01223570753198
22.6,5,1.00664125184475,1.00044662760873,1.01287423231923
22.8,5,1.00691683401257,1.00044377552676,1.01343177439838
23,5,1.0071526206634,1.00044097109486,1.01390929661654
23.2,5,1.00735132029597,1.00043465487391,1.01431580519362
23.4,5,1.00751600137133,1.00042106504316,1.01466125463428
23.6,5,1.00764973803556,1.00039661389679,1.01495544912738
23.8,5,1.00775560912608,1.00035802435687,1.0152078985701
24,5,1.00783669727141,1.00030247780241,1.01542766403862
24.2,5,1.00789608808487,1.00022776720442,1.01562319872007
24.4,5,1.00793686945235,1.00013244523604,1.01580219463997
24.6,5,1.00796213091455,1.00001595424892,1.01597144829641
24.8,5,1.00797496314367,0.99987872451852,1.01613675879916
25,5,1.00797845751493,0.999722229380798,1.01630286989164
25.2,5,1.00797570577266,0.999548990536558,1.01647346257886
25.4,5,1.00796979979139,0.999362532854257,1.01665119902956
25.6,5,1.0079638314316,0.999167293967575,1.0168378124547
25.8,5,1.00796089249043,0.998968498424615,1.01703423320387
26,5,1.00796407474717,0.998772008243965,1.01724073922259
26.2,5,1.00797647010362,0.998584161371624,1.01745711937488
26.4,5,1.00800117081924,0.998411607244351,1.01768284042424
26.6,5,1.00804126984125,0.998261145280505,1.01791721185104
26.8,5,1.00809986122956,0.998139568432726,1.01815954637165
27,5,1.00818004067675,0.99805351049531,1.0184093174669
27.2,5,1.00828490612316,0.998009292912686,1.01866631817498
27.4,5,1.00841755846722,0.998012764398677,1.01893082784136
27.6,5,1.00858103570269,0.998069005527766,1.0192037824491
27.8,5,1.00877616268199,0.998178330640511,1.01948651373989
28,5,1.00900108594019,0.998335578251751,1.0197805363316
28.2,5,1.00925379258801,0.9985348906341,1.02008775798154
28.4,5,1.00953227011123,0.998770226106952,1.02041027831641
28.6,5,1.00983450583402,0.999035555258675,1.02075018632245
28.8,5,1.01015848642264,0.999325036195888,1.02110937956291
29,5,1.01050219742943,0.999633171208631,1.0214894027327
29.2,5,1.0108636228772,0.999954943522593,1.021891306879
29.4,5,1.01124074488387,1.00028593026404,1.02231553316296
29.6,5,1.01163154332745,1.00062238652067,1.02276182628054
29.8,5,1.01203399555139,1.00096129549955,1.02322918254353
30,5,1.01244607611047,1.00130038113399,1.02371583627143
30.2,5,1.01286575655704,1.00163808171624,1.02421928592017
30.4,5,1.01329100526802,1.00197348568603,1.02473635882099
30.6,5,1.01371978731255,1.00230623298175,1.02526331112591
30.8,5,1.01415006436044,1.00263638685388,1.02579595806368
31,5,1.01457979463158,1.00296428146255,1.02632982918754
31.2,5,1.01500693288643,1.00329034991261,1.02686034396449
31.4,5,1.01542943045762,1.00361493582822,1.02738300460683
31.6,5,1.0158452353229,1.00393808948778,1.02789360512734
31.8,5,1.01625229221952,1.00425934734419,1.02838845779493
32,5,1.01664854280007,1.00457749188442,1.02886464003758
32.2,5,1.01703192583001,1.00489028772415,1.02932026589697
32.4,5,1.0174003978759,1.00519412072026,1.02975489834376
32.6,5,1.01775218649601,1.00548307190721,1.03017101138526
32.8,5,1.01808571247467,1.00574995981828,1.03057276595102
33,5,1.01839939967013,1.00598764514147,1.03096428893282
33.2,5,1.01869167112239,1.00618947336014,1.03134921233935
33.4,5,1.01896094937073,1.00634963959563,1.03173030077269
33.6,5,1.0192056567955,1.00646347826045,1.03210915575332
33.8,5,1.01942421598421,1.00652766212542,1.03248601229751
34,5,1.01961505012175,1.00654029946879,1.03285963908593
34.2,5,1.01977658340482,1.00650092636273,1.03322734517388
34.4,5,1.01990724148039,1.00641040127518,1.03358508607039
34.6,5,1.02000545190812,1.00627071799732,1.03392765317956
34.8,5,1.02006964464661,1.00608475809568,1.03424892540764
35,5,1.02009825256345,1.00585600468175,1.03454216114389
35.2,5,1.02008971196872,1.00558823580482,1.03480031230834
35.4,5,1.02004246317188,1.0052852096598,1.03501634827181
35.6,5,1.01995495106189,1.00495034674032,1.03518358451244
35.8,5,1.01982562571022,1.00458640743431,1.03529601750385
36,5,1.01965294299653,1.00419515822867,1.03534867265785
36.2,5,1.01943536525681,1.00377701615469,1.03533797567659
36.4,5,1.01917136195356,1.0033306597637,1.03526215900838
36.6,5,1.0188594103678,1.00285259642824,1.03512171359203
36.8,5,1.01849799631243,1.00233668135712,1.03491989047823
37,5,1.01808561486664,1.00177359541399,1.03466324521166
37.2,5,1.01762113258247,1.0011503053954,1.03436293621211
37.4,5,1.01710584560417,1.00045030609891,1.0340386672438
37.6,5,1.01654204841965,0.999655534240204,1.03371381522
37.8,5,1.01593204079197,0.998747691422396,1.03341206229756
38,5,1.01527812366384,0.997709412260412,1.03315620332277
38.2,5,1.01458259815538,0.996525474620144,1.03296691825374
38.4,5,1.01384776461274,0.995183886309614,1.03286166903475
38.6,5,1.01307592170762,0.993676670862649,1.03285389829344
38.8,5,1.01226936558806,0.992000226646273,1.03295265563829
39,5,1.01143038908044,0.990155231555669,1.03316267929843
39.2,5,1.01056128094272,0.988146168461242,1.03348485794452
39.4,5,1.00966432516903,0.985980613046256,1.0339169310535
39.6,5,1.00874180034546,0.983668438450372,1.03445427340051
39.8,5,1.00779597905692,0.981221060738555,1.03509063965547
40,5,1.00682912734508,0.978650799972642,1.0358187943021
0,6,0.999477479945377,0.963924946710149,1.03634130056222
0.2,6,0.998357158738777,0.964809825420448,1.0330709639805
0.4,6,0.997255071307367,0.965644195795853,1.02990074561429
0.6,6,0.996173888208965,0.966421411560924,1.02684233159378
0.8,6,0.995116269361701,0.967134595669223,1.02390752433287
1,6,0.994084864645402,0.96777676314809,1.02110812714962
1.2,6,0.993082314573873,0.968341025267552,1.01845574832163
1.4,6,0.992111251037707,0.968820900590675,1.01596149900926
1.6,6,0.991174298117292,0.969210754845206,1.01363556309815
1.8,6,0.990274072965762,0.969506377706235,1.01148663086499
2,6,0.989413186761681,0.969705676437988,1.00952121651369
2.2,6,0.988594245731335,0.969809423816967,1.00774292215741
2.4,6,0.987819852240574,0.969821949341135,1.00615175924148
2.6,6,0.987092605956224,0.969751627674437,1.00474367346002
2.8,6,0.986415105077186,0.969611020999291,1.0035104164984
3,6,0.985789947635412,0.969416587049402,1.00243985283646
3.2,6,0.985219732867052,0.969187961083164,1.00151669336237
3.4,6,0.984707062654176,0.968946920471914,1.00072354713585
3.6,6,0.984254543037565,0.968716201414016,1.00004212180617
3.8,6,0.983864709100898,0.968518210424346,0.999454378240426
4,6,0.983537421078444,0.96836949253179,0.998942930484647
4.2,6,0.983269231081175,0.968277971652727,0.998492591069411
4.4,6,0.983056499842478,0.968247734525191,0.998091756296695
4.6,6,0.982895601006833,0.968279847893785,0.997731972404487
4.8,6,0.982782919160538,0.968372850268289,0.99740742000988
5,6,0.982714847997982,0.968523208877323,0.997114435280426
5.2,6,0.982687788622317,0.968725733683258,0.996851075934321
5.4,6,0.982698147979571,0.968973951920955,0.996616728579776
5.6,6,0.982742337425438,0.9692604522859,0.996411748246528
5.8,6,0.982816771424104,0.969577209442216,0.996237119422582
6,6,0.982917866378614,0.969915898114503,0.996094129320304
6.2,6,0.983042039592432,0.970268202339287,0.995984047788186
6.4,6,0.983185708361936,0.970626119962596,0.995907813777371
6.6,6,0.983345289199686,0.970982255808703,0.995865734936478
6.8,6,0.983517197188428,0.971330090146629,0.995857213709255
7,6,0.983697845465817,0.97166420363076,0.995880518761818
7.2,6,0.983883644839935,0.971980437442895,0.995932623016796
7.4,6,0.984071003535724,0.972275969136267,0.99600912779948
7.6,6,0.984256327072469,0.972549290784741,0.996104286498944
7.8,6,0.984436018272508,0.972800085097093,0.996211132090418
8,6,0.984606477401326,0.973029004582051,0.996321703438901
8.2,6,0.984764102439212,0.973237365738503,0.996427358414298
8.4,6,0.984905289484613,0.97342677243965,0.996519159652463
8.6,6,0.985026659893718,0.973598826606327,0.996588629922111
8.8,6,0.985127969557745,0.973756436850805,0.996632299082463
9,6,0.98521126458013,0.973902692890012,0.996651146918225
9.2,6,0.985278644947885,0.974039516236526,0.996647458350763
9.4,6,0.985332212067419,0.974167914930886,0.996624455863498
9.6,6,0.985374068447282,0.974288248058589,0.996586027495591
9.8,6,0.985406317425708,0.974400468076368,0.996536477798973
10,6,0.985431062943018,0.974504344466811,0.99648029824261
10.2,6,0.985450409358915,0.974599670671108,0.996421955116141
10.4,6,0.985466461314698,0.974686454058102,0.996365695175879
10.6,6,0.985481323640427,0.974765086428479,0.996315371534746
10.8,6,0.985497101307033,0.974836490730004,0.996274294120114
11,6,0.985515899423386,0.974902238707404,0.996245109975363
11.2,6,0.985539823278335,0.974964634416205,0.996229718474954
11.4,6,0.985570978427714,0.975026759940123,0.996229225112359
11.6,6,0.985611470826331,0.975092482019393,0.99624393515232
11.8,6,0.985663407004955,0.975166421116252,0.996273385620194
12,6,0.985728894292335,0.975253887073796,0.996316411471288
12.2,6,0.985810041082273,0.975360787368102,0.996371239939819
12.4,6,0.985908957145821,0.97549351460684,0.996435606414175
12.6,6,0.986027753988662,0.975658819245985,0.996506885867446
12.8,6,0.986168545253768,0.975863671551792,0.996582235817268
13,6,0.986333447169449,0.976115113792817,0.996658749832307
13.2,6,0.986524579042932,0.976420099600476,0.996733624649936
13.4,6,0.986743718799552,0.976784429756968,0.996804552702201
13.6,6,0.986990269888765,0.977207303612467,0.996871174881659
13.8,6,0.987262635011198,0.977684669811042,0.996934431505031
14,6,0.987559213682357,0.978211882290277,0.996995863764728
14.2,6,0.987878405333227,0.978783836765328,0.997057477929829
14.4,6,0.988218608928252,0.979395079448677,0.997121631019247
14.6,6,0.988578222609432,0.980039905858336,0.997190926997711
14.8,6,0.98895564336652,0.980712457729508,0.997268115478798
15,6,0.989349266733317,0.981406825338683,0.997355985626006
15.2,6,0.989757486510065,0.982117161790861,0.997457248701788
15.4,6,0.99017869451196,0.982837814626907,0.997574403908744
15.6,6,0.990611280343821,0.983563478020819,0.997709584254869
15.8,6,0.991053631200956,0.984289365420872,0.997864382591016
16,6,0.991504131696278,0.985011397535216,0.998039662922422
16.2,6,0.991961163713738,0.985726394387736,0.998235368271231
16.4,6,0.992423106288134,0.986432253893186,0.998450342643842
16.6,6,0.992888335511384,0.987128094964053,0.998682189093672
16.8,6,0.993355224465333,0.987814342827795,0.998927186203645
17,6,0.993822143181184,0.988492739532305,0.999180280013543
17.2,6,0.994287458625636,0.989166273193478,0.99943515784111
17.4,6,0.994749534713818,0.989839032709513,0.999684397274876
17.6,6,0.995206732349106,0.990516006266571,0.99991967201632
17.8,6,0.995657409489916,0.991202848120468,1.00013199008856
18,6,0.996099921247341,0.991905636783947,1.00031194129112
18.2,6,0.996532925394449,0.992629762792545,1.00045143579154
18.4,6,0.996956215817102,0.993376898601508,1.0005484299621
18.6,6,0.997369851451839,0.994146833461271,1.00060331844714
18.8,6,0.99777389163559,0.994938391358314,1.00061747287737
19,6,0.998168396099369,0.995749648152715,1.0005930193598
19.2,6,0.998553424961989,0.996578099669152,1.00053266556263
19.4,6,0.998929038723798,0.997420791767707,1.00043956637115
19.6,6,0.999295298260441,0.998274421533049,1.00031721897861
19.8,6,0.999652264816639,0.999135416845983,1.00016938015028
20,6,1,1,1
20.2,6,1.00033856577484,0.999813167886186,1.00086423975803
20.4,6,1.00066802445607,0.99961306698748,1.00172409529071
20.6,6,1.00098843870301,0.999403934804396,1.00257545475163
20.8,6,1.00129987151339,0.999190027296156,1.00341417078172
21,6,1.00160238621722,0.998975584638282,1.00423609495849
21.2,6,1.00189604647077,0.998764796698979,1.0050371130935
21.4,6,1.00218091625058,0.998561766290287,1.00581318332279
21.6,6,1.00245705984748,0.998370468048932,1.00656037913654
21.8,6,1.00272454186063,0.998194700422439,1.00727493987305
22,6,1.00298342719161,0.998038027643753,1.0079533317944
22.2,6,1.00323378103855,0.99790370772116,1.0085923237176
22.4,6,1.00347566889025,0.997794601283814,1.00918908236137
22.6,6,1.00370915652042,0.997713054533625,1.00974129415782
22.8,6,1.00393430976576,0.99766073396025,1.01024733560878
23,6,1.0041511609277,0.997636407438676,1.01070845698303
23.2,6,1.00435967228617,0.997634071596945,1.01113061395353
23.4,6,1.00455979754806,0.997647237164398,1.01152025411113
23.6,6,1.00475149059688,0.997669619235889,1.01188363200821
23.8,6,1.00493470549647,0.997695269863399,1.01222667162644
24,6,1.00510939649457,0.997718717955428,1.01255482205639
24.2,6,1.00527551802661,0.997735110024993,1.01287291284994
24.4,6,1.00543302471929,0.997740341780639,1.01318501905221
24.6,6,1.00558187139433,0.997731168741561,1.01349434773332
24.8,6,1.00572201307218,0.997705284461018,1.0138031574368
25,6,1.00585340497571,0.997661357666759,1.01411271923712
25.2,6,1.00597600253397,0.997599024170481,1.01442332355498
25.4,6,1.00608976138588,0.997518834708437,1.01473433156914
25.6,6,1.00619463738404,0.997422164681703,1.01504426525701
25.8,6,1.00629058659842,0.99731109501502,1.0153509268453
26,6,1.00637756532019,0.997188274536132,1.01565153726956
26.2,6,1.00645553006544,0.997056773491505,1.0159428840267
26.4,6,1.00652443757899,0.996919935597406,1.01622147102174
26.6,6,1.00658424483816,0.996781233075674,1.01648366595951
26.8,6,1.00663490905658,0.99664412605374,1.01672584390139
27,6,1.00667638768801,0.996511924912707,1.01694452840326
27.2,6,1.00670863843011,0.996387651806169,1.01713653401132
27.4,6,1.00673161922829,0.99627389563334,1.01729911583171
27.6,6,1.00674529991923,0.996172613764668,1.01743019724179
27.8,6,1.00675003772052,0.996083723836002,1.01753056916443
28,6,1.00674665813584,0.996004944310595,1.01760421919314
28.2,6,1.00673601487263,0.995933537593066,1.0176556621349
28.4,6,1.00671896177249,0.995866610190309,1.01768957571396
28.6,6,1.0066963527532,0.995801289906447,1.01771061849278
28.8,6,1.00666904175801,0.995734882404657,1.01772326905603
29,6,1.00663788271211,0.995665009468276,1.01773168412565
29.2,6,1.0066037294864,0.995589728249246,1.017739576319
29.4,6,1.00656743586845,0.995507628743231,1.0177501143109
29.6,6,1.00652985554075,0.995417905731407,1.01776584915908
29.8,6,1.00649184206616,0.995320401483693,1.01778867049811
30,6,1.00645424888065,0.995215616507965,1.01781979531648
30.2,6,1.00641792929319,0.995104687281135,1.01785979038067
30.4,6,1.00638373649301,0.994989331812254,1.01790862745526
30.6,6,1.00635252356393,0.994871765624934,1.01796576873134
30.8,6,1.00632514350607,0.994754591929174,1.01803027869271
31,6,1.00630244926469,0.994640670152858,1.01810095824906
31.2,6,1.00628529376632,0.994532966578111,1.01817649739098
31.4,6,1.00627452996208,0.994434389704058,1.01825564374513
31.6,6,1.00627101087828,0.994347611379778,1.01833738598609
31.8,6,1.0062755896742,0.994274873027221,1.01842115278562
32,6,1.00628911970714,0.994217774744998,1.0185070295094
32.2,6,1.00631245460471,0.994177044136146,1.01859599581931
32.4,6,1.00634632842094,0.994152086122383,1.01869014496201
32.6,6,1.00638987315754,0.994138498295989,1.01879222918143
32.8,6,1.0064410786996,0.994129472454782,1.01890515567637
33,6,1.0064979101745,0.994118176414861,1.01903180851095
33.2,6,1.00655833237103,0.994098158146509,1.0191746842732
33.4,6,1.00662030964609,0.994063654836042,1.0193355756067
33.6,6,1.00668180587275,0.994009839536561,1.01951531862874
33.8,6,1.00674078442931,0.993932994522882,1.01971361512137
34,6,1.00679520822967,0.993830602837357,1.01992893801049
34.2,6,1.0068430397949,0.993701355088371,1.02015852307384
34.4,6,1.00688224136593,0.993545075679384,1.02039844270261
34.6,6,1.00691077505766,0.993362579259784,1.02064375092801
34.8,6,1.00692660305412,0.993155472562598,1.02088868455005
35,6,1.00692768784497,0.992925918031106,1.02112690396812
35.2,6,1.00691199250315,0.992676373823886,1.02135175912482
35.4,6,1.00687748100377,0.992409320754517,1.02155657000652
35.6,6,1.00682211858398,0.992126981607175,1.02173491625822
35.8,6,1.00674387214404,0.991831033136636,1.02188093560081
36,6,1.00664071068925,0.991522306705074,1.02198963509388
36.2,6,1.00651060581271,0.991200470467429,1.0220572223253
36.4,6,1.00635153221881,0.990863684739528,1.02208146488421
36.6,6,1.0061614682872,0.99050822325732,1.02206208539761
36.8,6,1.00593839667713,0.990128057420901,1.02200119502239
37,6,1.0056803049718,0.989714409776139,1.02190375912274
37.2,6,1.00538553131268,0.989255326743607,1.02177874533179
37.4,6,1.00505472919748,0.988736072421569,1.02164271827187
37.6,6,1.00468950332802,0.988140652642887,1.0215155053056
37.8,6,1.0042914626709,0.98745284216203,1.02141722513587
38,6,1.00386221702211,0.986657141788776,1.02136730996297
38.2,6,1.00340337650008,0.98573976482283,1.02138350495854
38.4,6,1.00291655106408,0.984689532006482,1.02148095994145
38.6,6,1.00240335005813,0.983498543573965,1.02167154468408
38.8,6,1.00186538178021,0.982162529614095,1.02196348663799
39,6,1.00130425307718,0.980680846796364,1.02236136303234
39.2,6,1.00072156896508,0.979056164366797,1.02286640444128
39.4,6,1.0001189322751,0.977293936555251,1.02347701267923
39.6,6,0.999497943324966,0.975401776853738,1.02418937756419
39.8,6,0.998860199615893,0.973388835133545,1.02499809157953
40,6,0.998207295554989,0.971265245983663,1.02589669404887
0,7,1.05829812264984,1.03152155038457,1.08576976989635
0.2,7,1.05677661294167,1.03163696381226,1.08252888257667
0.4,7,1.05528043101498,1.03172328100298,1.07937545714832
0.6,7,1.05381319271944,1.03177659061165,1.07632045081697
0.8,7,1.05237849538368,1.03179264209107,1.07337506817407
1,7,1.05097991888257,1.03176688963541,1.07055072322075
1.2,7,1.04962102682702,1.03169459851854,1.06785893959259
1.4,7,1.04830536787543,1.03157104531827,1.06531115748541
1.6,7,1.04703647716611,1.03139184835642,1.0629184109448
1.8,7,1.04581787787013,1.03115346093393,1.06069084293445
2,7,1.04465308286404,1.03085383913622,1.05863704640395
2.2,7,1.0435455965223,1.03049325041397,1.05676326514863
2.4,7,1.04249891662924,1.03007512000998,1.05507255739039
2.6,7,1.04151653641062,1.02960674003086,1.05356409728268
2.8,7,1.04060194668508,1.02909963180972,1.05223282369709
3,7,1.03975863813588,1.02856939783927,1.05106960001849
3.2,7,1.03899010370369,1.02803502918325,1.05006191904943
3.4,7,1.03829984110118,1.02751779399601,1.04919502740497
3.6,7,1.03769135545078,1.02703994025586,1.0484532363065
3.8,7,1.03716802681267,1.02662327204425,1.04782108991206
4,7,1.03672851957586,1.02628181990686,1.04728155800275
4.2,7,1.03636566776063,1.02601880486304,1.0468168733577
4.4,7,1.03607196999543,1.02583368283267,1.04641243992504
4.6,7,1.03583994821178,1.02572311966547,1.0460565602356
4.8,7,1.03566214294071,1.02568148014747,1.0457399251923
5,7,1.03553110915107,1.02570126598015,1.04545515696029
5.2,7,1.03543941262614,1.02577349737635,1.04519641028142
5.4,7,1.03537962687622,1.02588804576985,1.04495902469151
5.6,7,1.03534433058519,1.02603393087354,1.04473921438668
5.8,7,1.03532610558994,1.02619959667791,1.04453378113386
6,7,1.0353175353916,1.02637317946335,1.04433983714362
6.2,7,1.03531120419842,1.02654277711689,1.04415452861029
6.4,7,1.03529969649974,1.02669672318716,1.0439747564842
6.6,7,1.03527559717118,1.02682386147543,1.04379689867947
6.8,7,1.035231492111,1.0269138084225,1.04361654646037
7,7,1.03515996940734,1.0269571828387,1.04342827546269
7.2,7,1.0350536210362,1.02694577799803,1.04322547633299
7.4,7,1.03490504508943,1.02687265194,1.04300026914549
7.6,7,1.03470684853189,1.0267321187614,1.04274351881613
7.8,7,1.0344516504861,1.02651963523496,1.04244495717657
8,7,1.03413208604249,1.0262315896955,1.04209340476443
8.2,7,1.03374081059225,1.02586500954929,1.04167707596676
8.4,7,1.03327050467935,1.02541720690951,1.04118394800306
8.6,7,1.03271443589524,1.02488586471859,1.04060280546387
8.8,7,1.03207360093849,1.02427476079372,1.03993182154438
9,7,1.03135462881836,1.02359142748331,1.03917670842589
9.2,7,1.03056427697925,1.02284244182089,1.03834440727259
9.4,7,1.02970929841592,1.02203357524206,1.03744266815607
9.6,7,1.02879643727072,1.02117003029427,1.0364798005636
9.8,7,1.02783242486854,1.02025665488432,1.03546444765012
10,7,1.0268239761897,1.01929813798519,1.03440538031606
10.2,7,1.02577778678001,1.01829918899184,1.03331130892193
10.4,7,1.02470053009688,1.01726470057605,1.03219071278717
10.6,7,1.02359885528956,1.01619989257242,1.03105168993652
10.8,7,1.02247938541155,1.01511043268684,1.02990183129574
11,7,1.02134871606233,1.01400252911175,1.02874812424379
11.2,7,1.02021341445583,1.01288299071553,1.02759688984445
11.4,7,1.01908001891246,1.01175925229938,1.02645375625319
11.6,7,1.01795503877149,1.01063936509759,1.02532366811202
11.8,7,1.01684495472069,1.0095319555961,1.02421092884612
12,7,1.01575621953986,1.00844615815463,1.02311927036535
12.2,7,1.01469525925523,1.00739152828455,1.02205194330781
12.4,7,1.0136684747018,1.0063779434927,1.02101182090517
12.6,7,1.01268224349082,1.00541549739362,1.0200015107586
12.8,7,1.01174292238011,1.004514390559,1.01902347104915
13,7,1.01085685004524,1.00368481858733,1.0180801306944
13.2,7,1.01003035024986,1.00293685427046,1.01717401657148
13.4,7,1.00926881769657,1.00227896679221,1.01630741552397
13.6,7,1.00857132168084,1.00170990209895,1.0154797399782
13.8,7,1.00793428430598,1.00122397564683,1.01468956616134
14,7,1.00735413836728,1.0008150649907,1.01393593640111
14.2,7,1.00682733465096,1.00047671865313,1.01321826175529
14.4,7,1.00635034001881,1.00020223446466,1.01253623713211
14.6,7,1.00591963561935,0.999984729092225,1.01188976579986
14.8,7,1.00553171522438,0.999817205973049,1.01127888606204
15,7,1.00518308368949,0.999692628426004,1.01070369332056
15.2,7,1.00487025553759,0.999604004347771,1.01016425111565
15.4,7,1.00458975366446,0.999544488201894,1.00966048543081
15.6,7,1.00433810816557,0.999507504430682,1.00919205813081
15.8,7,1.00411185528341,0.999486893362818,1.00875821845789
16,7,1.0039075364749,0.999477075728337,1.00835763647374
16.2,7,1.00372169759828,0.999473225182581,1.00798822904489
16.4,7,1.00355088821911,0.99947143097604,1.00764699623465
16.6,7,1.00339166103513,0.999468827478721,1.007329891393
16.8,7,1.00324057141968,0.999463666658079,1.00703174884576
17,7,1.00309417708343,0.999455315888391,1.00674628680553
17.2,7,1.00294903785435,0.999444176081478,1.00646619051484
17.4,7,1.00280171557565,0.999431530331432,1.00618326542889
17.6,7,1.0026487741217,0.999419345609947,1.00588863790125
17.8,7,1.00248677953172,0.999410055144558,1.00557297573968
18,7,1.00231230027267,0.999406345636925,1.0052267044969
18.2,7,1.00212283807389,0.999410982675807,1.00484205196595
18.4,7,1.00191936281528,0.99942638238545,1.00441856176358
18.6,7,1.00170365090765,0.999454076699039,1.00395828846457
18.8,7,1.00147747773368,0.999494842364297,1.00346404593276
19,7,1.00124261744722,0.999548882385573,1.00293922254204
19.2,7,1.00100084280401,0.999615963766569,1.00238764046822
19.4,7,1.00075392502377,0.999695522118651,1.00181344848679
19.6,7,1.00050363368371,0.999786741575587,1.00122103983574
19.8,7,1.00025173664322,0.999888616513673,1.00061498864368
20,7,1,1,1
20.2,7,0.999750188077231,0.9993808699457,1.00011964268914
20.4,7,0.999504063441996,0.99876245254414,1.00024622500805
20.6,7,0.999263386954758,0.998149631811686,1.00037838484789
20.8,7,0.999029917849899,0.997547296703896,1.00051474256607
21,7,0.998805413847246,0.996960317602909,1.00065392485152
21.2,7,0.998591631294554,0.996393522861815,1.00079458889639
21.4,7,0.998390325340895,0.995851673942959,1.00093544833605
21.6,7,0.998203250140939,0.995339437537294,1.00107530256943
21.8,7,0.998032159090082,0.994861352754274,1.00121307136959
22,7,0.997878805090442,0.994421790994595,1.00134783717158
22.2,7,0.997744940847687,0.994024905411323,1.00147889813206
22.4,7,0.997632319198753,0.99367456585957,1.00160583606055
22.6,7,0.997542693470439,0.993374273844287,1.00172860471343
22.8,7,0.997477810515006,0.993127032700681,1.00184764859752
23,7,0.997438268085469,0.992932553044368,1.0019644290954
23.2,7,0.99742227550416,0.992784603940791,1.00208161138166
23.4,7,0.997427746233956,0.992676269095448,1.0022019664718
23.6,7,0.997452595171697,0.992600749748638,1.00232815647852
23.8,7,0.997494738221251,0.992551460447433,1.0024626353686
24,7,0.997552091910266,0.992522135265786,1.00260753963746
24.2,7,0.997622573050525,0.992506940079281,1.00276457329402
24.4,7,0.997704098441875,0.992500583015577,1.0029348950338
24.6,7,0.997794584619686,0.992498412820457,1.00311901786031
24.8,7,0.997891947645848,0.992496494288974,1.00331673200499
25,7,0.997994102943286,0.992491651537866,1.00352706037001
25.2,7,0.998098965174029,0.992481473570827,1.00374825204269
25.4,7,0.998204448160832,0.992464281471652,1.00397781454721
25.6,7,0.998308464852403,0.992439061394743,1.004212580665
25.8,7,0.998408927332238,0.992405371106892,1.00444880207056
26,7,0.998503746871121,0.992363229456337,1.00468226040769
26.2,7,0.998590834023307,0.992312997754642,1.00490838682124
26.4,7,0.998668098766404,0.992255260137406,1.00512238287917
26.6,7,0.998733450684998,0.992190707237619,1.0053193385516
26.8,7,0.998784799198001,0.992120024616235,1.00549434580243
27,7,0.998820053829741,0.992043784774571,1.00564260896927
27.2,7,0.998837124524765,0.99196233938957,1.00575955529002
27.4,7,0.998833922006323,0.991875706637875,1.00584095070974
27.6,7,0.998808413186165,0.991783462578627,1.00588312256959
27.8,7,0.99876039599415,0.991685131733256,1.0058861393464
28,7,0.998691881515259,0.991580367861074,1.00585439822284
28.2,7,0.998605013951596,0.991468553929665,1.00579284127251
28.4,7,0.998501937855737,0.991348923056355,1.00570656477627
28.6,7,0.998384797760019,0.991220696684463,1.0056006777627
28.8,7,0.998255737851825,0.9910832088934,1.00548017483492
29,7,0.998116901694873,0.990936018940913,1.00534982118596
29.2,7,0.997970431996519,0.990779011308459,1.00521405053185
29.4,7,0.997818470421049,0.990612480459247,1.00507687875265
29.6,7,0.997663157448948,0.990437196351682,1.00494183719811
29.8,7,0.997506632282094,0.990254446584347,1.00481192978113
30,7,0.997351032794842,0.990066051863506,1.00468961716715
30.2,7,0.997198495530955,0.989874353074067,1.0045768297775
30.4,7,0.997051155746313,0.989682170215371,1.00447500934439
30.6,7,0.996911147497378,0.989492735355631,1.00438517686272
30.8,7,0.996780603775346,0.989309603121162,1.00430802342172
31,7,0.996661656685969,0.989136542780586,1.00424401985557
31.2,7,0.996556437675003,0.988977415636081,1.00419354150038
31.4,7,0.996467077799272,0.988836040320621,1.00415700545852
31.6,7,0.996395708043348,0.988716046986168,1.00413501938549
31.8,7,0.996344459681865,0.988620719581877,1.00412854260084
32,7,0.996315464687494,0.988552823815623,1.004139061931
32.2,7,0.996310856184651,0.988514417354639,1.00416878572978
32.4,7,0.996332562247183,0.988506372908722,1.00422071298644
32.6,7,0.996379751054398,0.988525034507183,1.00429688035787
32.8,7,0.99644962375885,0.988563776608528,1.00439837690143
33,7,0.996539340080984,0.988615948001196,1.00452623522501
33.2,7,0.996646060023632,0.988675234078703,1.00468114778483
33.4,7,0.996766943346485,0.988735920330493,1.00486319847285
33.6,7,0.996899149121579,0.98879310245788,1.00507164850663
33.8,7,0.99703983536979,0.988842831078493,1.00530478865888
34,7,0.997186158778354,0.98888218199068,1.00555986685631
34.2,7,0.997335274499448,0.988909249475599,1.00583309367199
34.4,7,0.997484336029916,0.988923068039113,1.00611972031144
34.6,7,0.997630495172185,0.988923474864725,1.00641417682358
34.8,7,0.99777090207649,0.988910929142166,1.0067102543746
35,7,0.99790270536446,0.988886304619551,1.00700131523899
35.2,7,0.998023052334156,0.988850668680267,1.00728051720866
35.4,7,0.998129089246624,0.988805056192019,1.00754104417406
35.6,7,0.998217961694,0.988750240665318,1.00777634034054
35.8,7,0.998286815049187,0.988686499937208,1.00798035086384
36,7,0.998332794997089,0.988613369277297,1.008147776006
36.2,7,0.998353048147351,0.988529371818659,1.00827434890619
36.4,7,0.998344722728486,0.988431714863491,1.00835714841209
36.6,7,0.998304969363267,0.988315941573397,1.00839495745539
36.8,7,0.998230941925142,0.988175532222679,1.00838867278512
37,7,0.998119798475413,0.988001459992319,1.00834176107021
37.2,7,0.997969137302781,0.987781904683751,1.00826143330467
37.4,7,0.997779475590258,0.987503424233826,1.00816246048119
37.6,7,0.997552530750022,0.987151715098649,1.0080629313462
37.8,7,0.997290026618414,0.986712215282311,1.00798123484059
38,7,0.996993689170341,0.986171149821904,1.00793499832661
38.2,7,0.996665245923654,0.98551663964562,1.00793997023658
38.4,7,0.996306425372817,0.984739683215793,1.00800903036385
38.6,7,0.995918956452028,0.983834813034399,1.00815152572347
38.8,7,0.995504568027881,0.982800302729063,1.00837305626836
39,7,0.995064988421667,0.981637926481963,1.00867570870165
39.2,7,0.99460194496137,0.980352388232877,1.00905862095575
39.4,7,0.994117163563395,0.978950592710612,1.00951870528513
39.6,7,0.993612368344048,0.977440916356768,1.01005137190913
39.8,7,0.993089281260777,0.975832581637864,1.01065114970822
40,7,0.992549621783129,0.974135178180704,1.01131216053783
0,8,1.10675452516548,1.08043326776583,1.13371701475574
0.2,8,1.10499015908329,1.08034764149058,1.13019476766411
0.4,8,1.10325545713503,1.0802366330232,1.12676479068459
0.6,8,1.10155460116231,1.08009663718262,1.12343886423627
0.8,8,1.09989174922284,1.07992360483843,1.12022911119669
1,8,1.09827103697236,1.07971305317275,1.11714799326349
1.2,8,1.09669657920305,1.07946013637138,1.11420824754003
1.4,8,1.09517247153741,1.07915981592438,1.11142272415507
1.6,8,1.09370279227637,1.07880718102843,1.10880407441561
1.8,8,1.09229160440099,1.07839797296166,1.10636423561536
2,8,1.09094295772699,1.07792934990841,1.10411367601712
2.2,8,1.08966089121189,1.07740087497935,1.10206041726061
2.4,8,1.08844943541435,1.07681561362193,1.1002089480008
2.6,8,1.08731261510606,1.0761811101118,1.09855925908787
2.8,8,1.08625445203643,1.07550994024904,1.09710630316977
3,8,1.08527896785071,1.07481958617397,1.09584013280946
3.2,8,1.08439018716256,1.07413156995786,1.09474678047177
3.4,8,1.08359214078241,1.07347002991194,1.0938096964493
3.6,8,1.08288886910305,1.0728600852936,1.09301139906456
3.8,8,1.08228424770471,1.0723261022352,1.09233486939108
4,8,1.08177594728649,1.07188258882477,1.09176062035922
4.2,8,1.08135396813171,1.07153069819049,1.09126729301257
4.4,8,1.08100787018354,1.07126729027733,1.09083701705878
4.6,8,1.0807272441526,1.07108615118243,1.09045511881961
4.8,8,1.08050170473421,1.07097857274134,1.0901095163325
5,8,1.08032088482934,1.07093385446673,1.08979019509995
5.2,8,1.08017443076401,1.07093972757079,1.08948876471596
5.4,8,1.08005199850338,1.07098271489048,1.08919808252035
5.6,8,1.0799432508577,1.07104844588245,1.08891192509241
5.8,8,1.07983785567844,1.07112194636537,1.08862468789194
6,8,1.0797254850434,1.07118792028041,1.08833109576799
6.2,8,1.07959581542989,1.07123103600968,1.08802591179146
6.4,8,1.07943852887525,1.07123622271953,1.08770363894373
6.6,8,1.07924331512386,1.07118897286489,1.08735821852645
6.8,8,1.07899987475914,1.07107563628121,1.08698273986747
7,8,1.07869792331858,1.07088368131076,1.08656918587795
7.2,8,1.07832719638865,1.07060189229177,1.08610824513143
7.4,8,1.07787745567538,1.07022047351564,1.08558922035633
7.6,8,1.0773384960448,1.06973103862029,1.08500005436605
7.8,8,1.07670015352575,1.06912647936711,1.08432747946589
8,8,1.07595231426554,1.06840072397991,1.08355728013822
8.2,8,1.07508492442664,1.06754840700368,1.08267464701996
8.4,8,1.07408800101016,1.06656447607286,1.0816645967451
8.6,8,1.07295245425949,1.06544449421504,1.0805133212966
8.8,8,1.07168048705586,1.06419355644925,1.07922009053345
9,8,1.07028251363448,1.06282296362941,1.07779441938288
9.2,8,1.06876912893796,1.06134303672225,1.07624718064621
9.4,8,1.06715091032679,1.05976323372879,1.07459008688608
9.6,8,1.06543840692883,1.05809240678231,1.07283540802556
9.8,8,1.06364213001549,1.05633903281263,1.07099571785355
10,8,1.0617725444038,1.05451142236829,1.06908366484814
10.2,8,1.05984006088144,1.05261790897845,1.06711176493215
10.4,8,1.05785502964925,1.05066701865189,1.06509221655218
10.6,8,1.055827734774,1.04866761652669,1.06303674105075
10.8,8,1.05376838964268,1.04662902595467,1.06095645302524
11,8,1.05168713340798,1.04456111491694,1.0588617657511
11.2,8,1.04959402841371,1.04247434581336,1.05676233559703
11.4,8,1.04749905858804,1.04037978714963,1.05466704687624
11.6,8,1.04541212879193,1.03828908887308,1.0525840353494
11.8,8,1.04334306510966,1.03621442626862,1.05052074543326
12,8,1.04130161606856,1.0341684196399,1.04848401385584
12.2,8,1.0392974547751,1.03216403795669,1.04648017154354
12.4,8,1.03734018195482,1.03021449412351,1.04451515605357
12.6,8,1.03543932988464,1.02833313772244,1.0425946286692
12.8,8,1.0336043672065,1.02653334837509,1.04072409298677
13,8,1.03184470461285,1.02482842958463,1.03890901511106
13.2,8,1.03016970139574,1.0232314991782,1.03715494932098
13.4,8,1.02858733901484,1.02175358242417,1.03546680156627
13.6,8,1.02709639137469,1.02039295443874,1.03384386631244
13.8,8,1.02569179883455,1.0191422278091,1.03228346102201
14,8,1.02436853640012,1.01799361616682,1.03078337791322
14.2,8,1.02312162334856,1.0169390428997,1.02934179140041
14.4,8,1.02194611951465,1.01597021384634,1.02795717527701
14.6,8,1.02083712182283,1.01507868069073,1.02662823002291
14.8,8,1.01978976106053,1.0142559027701,1.02535381250782
15,8,1.01879919888898,1.01349331466235,1.02413286071119
15.2,8,1.01786062508777,1.01278240676346,1.02296430623725
15.4,8,1.01696925503007,1.01211482562431,1.02184696784624
15.6,8,1.01612032738555,1.01148249942546,1.02077942061538
15.8,8,1.01530910204849,1.01087779082547,1.01975983848724
16,8,1.01453085828894,1.01029367384584,1.01878581353717
16.2,8,1.01378089312465,1.00972392342807,1.01785416331955
16.4,8,1.01305451991228,1.00916329712842,1.01696074682361
16.6,8,1.01234706715609,1.00860768111565,1.0161003168704
16.8,8,1.0116538775328,1.00805417124066,1.01526643817917
17,8,1.01097030713131,1.00750106745346,1.01445149282523
17.2,8,1.01029172490605,1.00694777570203,1.01364677895239
17.4,8,1.00961351234301,1.00639463064437,1.01284268940598
17.6,8,1.00893106333728,1.00584266769346,1.012028941764
17.8,8,1.00823978428118,1.00529337844957,1.01119482570863
18,8,1.00753509437861,1.00474847831271,1.01032943897484
18.2,8,1.0068137637127,1.00421011936504,1.00942415860366
18.4,8,1.00607755173716,1.0036815410043,1.00847928227974
18.6,8,1.0053293719911,1.00316540290773,1.00749800906061
18.8,8,1.00457212994338,1.00266358399342,1.00648430876451
19,8,1.00380872268997,1.00217737486008,1.00544272603355
19.2,8,1.00304203873514,1.00170762246279,1.00437823263874
19.4,8,1.00227495785582,1.00125483894092,1.00329611610912
19.6,8,1.00151035104891,1.00081928397146,1.00220189530911
19.8,8,1.00075108056099,1.00040102776218,1.00110125584764
20,8,1,1,1
20.2,8,0.999259954528515,0.998904007175704,0.999616028718857
20.4,8,0.998533781138125,0.997819201943858,0.999248872071817
20.6,8,0.997824309004563,0.996751527314189,0.998898245306216
20.8,8,0.997134359923183,0.99570692143069,0.998563844781535
21,8,0.996466748824453,0.994691296115315,0.998245370589493
21.2,8,0.99582428436915,0.993710515830888,0.997942549204233
21.4,8,0.995209769622995,0.99277037562987,0.997655157593378
21.6,8,0.994626002810518,0.991876576517257,0.997383050359409
21.8,8,0.994075778147993,0.991034696364387,0.997126191772803
22,8,0.993561886755351,0.990250154029879,0.996884695039459
22.2,8,0.993087117647058,0.989528163616463,0.996658871872997
22.4,8,0.992654258801988,0.988873674733305,0.99644929650238
22.6,8,0.992266098312453,0.988291293127541,0.996256889751992
22.8,8,0.991925414231025,0.987785152417941,0.996083029785293
23,8,0.991633207278591,0.987355479639225,0.995929468216384
23.2,8,0.991386786431671,0.986995229749947,0.995797882995158
23.4,8,0.991183009426057,0.986696493367756,0.995689925705173
23.6,8,0.991018742333909,0.986451454703234,0.995607176586856
23.8,8,0.990890858270326,0.986252478001909,0.995551053005113
24,8,0.990796236199727,0.986092207806397,0.995522704566672
24.2,8,0.990731759841451,0.985963679877958,0.995522898044312
24.4,8,0.990694316674078,0.985860435700095,0.995551899182706
24.6,8,0.990680797038068,0.985776630236188,0.995609361711923
24.8,8,0.9906880933364,0.985707120910576,0.99569423559795
25,8,0.990713099332976,0.985647526411785,0.995804705930845
25.2,8,0.990752709548596,0.985594247095696,0.995938170672558
25.4,8,0.990803818754395,0.985544443875797,0.996091260377506
25.6,8,0.990863321562666,0.985495978196151,0.996259897290805
25.8,8,0.99092811211504,0.985447320451996,0.996439386460038
26,8,0.990995083868018,0.985397436917572,0.996624528801904
26.2,8,0.991061129475882,0.985345665503716,0.996809745802151
26.4,8,0.991123140771021,0.985291588894749,0.996989207300284
26.6,8,0.991178008841717,0.985234910622954,0.99715695680155
26.8,8,0.991222624207431,0.985175336271985,0.997307032125511
27,8,0.991253877091613,0.985112458852826,0.997433582347932
27.2,8,0.991268657792064,0.985045644733648,0.997530984654598
27.4,8,0.991263857148809,0.984973914325154,0.997593966904957
27.6,8,0.991236440436597,0.984895844156469,0.997617856425151
27.8,8,0.991185813333927,0.984810550327437,0.99760234720047
28,8,0.99111433136782,0.984717994639269,0.997552216157611
28.2,8,0.991024527192647,0.984617883164555,0.997472857532153
28.4,8,0.990918933662488,0.984509749000277,0.997369842287388
28.6,8,0.990800083395643,0.984393098044396,0.997248769020258
28.8,8,0.990670508403802,0.984267542380723,0.997115127709274
29,8,0.990532739785901,0.984132923460175,0.996974174116703
29.2,8,0.990389307486632,0.983989423835017,0.996830816088435
29.4,8,0.990242740119582,0.983837663580416,0.996689515616809
29.6,8,0.990095564854963,0.983678775982581,0.996554212086434
29.8,8,0.98995030737185,0.983514456821618,0.996428272374003
30,8,0.989809491874884,0.983346982680878,0.996314472369274
30.2,8,0.989675641175363,0.983179195923031,0.996215012275895
30.4,8,0.989551276836668,0.98301445673841,0.99613156528547
30.6,8,0.989438919383952,0.982856565285435,0.996065356604065
30.8,8,0.98934108857808,0.982709658755483,0.996017267997978
31,8,0.989260303753764,0.982578088807221,0.995987962413229
31.2,8,0.98919908422191,0.982466284170129,0.995978023868777
31.4,8,0.989159949736202,0.98237860155463,0.995988109486233
31.6,8,0.989145421023964,0.982319165745568,0.996019112779985
31.8,8,0.989158020381407,0.982291697370492,0.996072339717463
32,8,0.98920027233338,0.982299324794821,0.996149701099328
32.2,8,0.989274704357804,0.982344375404851,0.996253926001141
32.4,8,0.989383596639668,0.982427825607911,0.996388615819111
32.6,8,0.989525879032727,0.982545337383021,0.996556014283736
32.8,8,0.989698092592609,0.982689103019183,0.996757073495633
33,8,0.989896727469748,0.982851328820477,0.996992629832725
33.2,8,0.990118273301587,0.98302465550093,0.997263079455681
33.4,8,0.99035921833594,0.983202464477442,0.997568066374062
33.6,8,0.990616048679064,0.983379119451341,0.997906236252029
33.8,8,0.990885247668491,0.983550125036359,0.998275074196905
34,8,0.991163295370688,0.983712190121729,0.998670838844148
34.2,8,0.991446668203708,0.983863194637998,0.999088594074206
34.4,8,0.991731838685028,0.984002070599661,0.999522327490846
34.6,8,0.992015275304778,0.984128617629157,0.999965135460418
34.8,8,0.992293442524636,0.984243276996986,1.00040945068138
35,8,0.992562800902608,0.984346886239842,1.00084729022609
35.2,8,0.992819807343958,0.984440430238878,1.00127050817621
35.4,8,0.993060915478496,0.984524796592629,1.00167104501995
35.6,8,0.993282576164438,0.984600535207283,1.00204117389003
35.8,8,0.993481238118963,0.984667615407276,1.00237375034026
36,8,0.993653348675584,0.98472516891318,1.00266247731224
36.2,8,0.99379535466833,0.98477120372403,1.00290220025272
36.4,8,0.993903703442711,0.984802272378257,1.00308924890225
36.6,8,0.993974843993284,0.984813079003702,1.00322184133763
36.8,8,0.994005228227582,0.984796014981538,1.00330056043361
37,8,0.993991312356006,0.984740626712633,1.00332889924276
37.2,8,0.993930091593035,0.9846332885198,1.0033146740948
37.4,8,0.993822138898673,0.984458711934315,1.00327462370106
37.6,8,0.993669499737416,0.984200638129872,1.00322945998549
37.8,8,0.99347422902507,0.983842490819257,1.00320026116689
38,8,0.993238385743881,0.983368719383081,1.00320710987635
38.2,8,0.992964032085562,0.982766241551083,1.00326764120374
38.4,8,0.992653232636034,0.982025685605525,1.0033957916846
38.6,8,0.992308053602153,0.981142132700208,1.00360104864089
38.8,8,0.991930562080645,0.980115202455651,1.00388835672013
39,8,0.991522825369439,0.978948540101972,1.00425862336562
39.2,8,0.991086910321528,0.977648929401289,1.00470959898888
39.4,8,0.990624882741478,0.976225298702819,1.0052368644928
39.6,8,0.990138806824632,0.974687824646082,1.00583472163109
39.8,8,0.989630744639062,0.973047235777257,1.00649688393859
40,8,0.989102755650253,0.97131433263211,1.00721695167806
0,9,1.12856174778317,1.09822895506463,1.15973232419869
0.2,9,1.12680201408871,1.09833000315692,1.15601210501848
0.4,9,1.12507124754726,1.09839674592763,1.15239353790016
0.6,9,1.12337353507201,1.09842454038425,1.14888920713544
0.8,9,1.12171294078225,1.09840834441786,1.14551198369239
1,9,1.12009350729648,1.09834277349547,1.14227497586653
1.2,9,1.11851925717193,1.09822223419012,1.13919140381187
1.4,9,1.11699419448985,1.09804117250956,1.13627435997914
1.6,9,1.11552230658524,1.09779447984883,1.13353641262672
1.8,9,1.11410756592047,1.09747809293905,1.13098901602418
2,9,1.1127539321021,1.09708979616757,1.12864171896788
2.2,9,1.11146535404061,1.09663017677683,1.12650122109856
2.4,9,1.11024577225272,1.09610359972253,1.12457041023958
2.6,9,1.10909912130647,1.09551898747763,1.12284759547164
2.8,9,1.10802933240932,1.09489016176253,1.12132617896855
3,9,1.10704033613982,1.09423557429532,1.11999493950816
3.2,9,1.10613606532371,1.09357741672184,1.11883893750983
3.4,9,1.1053204580555,1.09294028321026,1.11784086812818
3.6,9,1.10459746086705,1.09234966742939,1.11698258070171
3.8,9,1.10397084623698,1.09183032563187,1.11624636239689
4,9,1.10343790514395,1.09139687799439,1.11561177703381
4.2,9,1.10298791693147,1.0910501669972,1.11505628402507
4.4,9,1.10260969944083,1.09078665414811,1.1145608948163
4.6,9,1.10229210128313,1.09059964179071,1.11410991714258
4.8,9,1.10202399516574,1.0904798422754,1.11369035798678
5,9,1.1017942723469,1.09041588237615,1.113291394776
5.2,9,1.10159183821337,1.09039474033514,1.11290391738805
5.4,9,1.10140560897715,1.09040212624686,1.11252013022183
5.6,9,1.10122450948866,1.09042282196399,1.11213319812431
5.8,9,1.10103747216433,1.09044099743754,1.11173691924533
6,9,1.10083343702703,1.09044051805831,1.11132541024301
6.2,9,1.10060135285817,1.09040525281987,1.11089279401457
6.4,9,1.10033017945966,1.09031938623105,1.11043288702304
6.6,9,1.10000889102399,1.09016772828128,1.10993889191666
6.8,9,1.09962648060939,1.0899360074739,1.1094031104265
7,9,1.09917196571633,1.08961112392823,1.1088166995405
7.2,9,1.09863439495993,1.08918133530998,1.10816949819055
7.4,9,1.09800285583129,1.08863635000994,1.10744995002478
7.6,9,1.09726648353867,1.08796731008349,1.10664513973763
7.8,9,1.0964144709172,1.08716665913765,1.10574094774962
8,9,1.09543607939299,1.08622790372188,1.10472231464892
8.2,9,1.09432065098487,1.08514528644986,1.10357359712613
8.4,9,1.0930576213237,1.08391339199891,1.10227899420124
8.6,9,1.09163741822541,1.08252750905506,1.10082399098574
8.8,9,1.09006280609783,1.08099339015065,1.09920831344981
9,9,1.08834550999827,1.07932362933357,1.09744280301244
9.2,9,1.08649744672243,1.07752979985039,1.09553972604587
9.4,9,1.08453050657825,1.07562256171309,1.09351222405151
9.6,9,1.08245654010207,1.07361192656138,1.0913740172043
9.8,9,1.08028734604634,1.07150749677691,1.08913913671929
10,9,1.07803466063732,1.06931868284921,1.08682168204415
10.2,9,1.0757101480977,1.06705490102592,1.08443560083725
10.4,9,1.07332539242631,1.06472575072956,1.08199449223212
10.6,9,1.07089189042409,1.06234116879968,1.07951143630424
10.8,9,1.06842104595365,1.05991155593314,1.07699885433526
11,9,1.06592416541766,1.05744787021279,1.07446840494624
11.2,9,1.06341245443974,1.05496168355685,1.07193092022533
11.4,9,1.06089701573053,1.05246519915811,1.06939638373437
11.6,9,1.05838884812081,1.0499712310297,1.06687394922995
11.8,9,1.05589884674287,1.0474931499039,1.06437199580274
12,9,1.05343780434154,1.04504480219337,1.06189821267642
12.2,9,1.05101641369624,1.04264040996671,1.0594597056661
12.4,9,1.04864527113609,1.04029445969097,1.05706311749727
12.6,9,1.04633488113085,1.03802158595229,1.05471475573093
12.8,9,1.04409566194186,1.03583645377355,1.05242072463703
13,9,1.04193795231831,1.03375363980456,1.05018706070677
13.2,9,1.03987201922609,1.03178750869513,1.04801987546532
13.4,9,1.03790662633865,1.0299501490357,1.04592456829709
13.6,9,1.03604058591448,1.02823986963818,1.04390048213139
13.8,9,1.03426857535163,1.02664885840703,1.04194484530932
14,9,1.03258531684829,1.02516886976333,1.04005541722782
14.2,9,1.03098558762874,1.02379134750819,1.03823038208444
14.4,9,1.02946421576498,1.02250750908201,1.03646825292469
14.6,9,1.02801607626655,1.02130841980862,1.03476778665989
14.8,9,1.02663608743321,1.02018506515954,1.03312790200016
15,9,1.02531920746515,1.01912842853838,1.03154759278444
15.2,9,1.02406043132626,1.0181295816657,1.03002582961238
15.4,9,1.02285478785623,1.01717979388582,1.02856144344315
15.6,9,1.02169733712764,1.01627066502564,1.02715298651996
15.8,9,1.02058316804472,1.01539428314601,1.02579856927008
16,9,1.01950739618061,1.01454340315034,1.02449567720755
16.2,9,1.01846516185044,1.0137116348745,1.02324097920753
16.4,9,1.01745162841765,1.012893621224,1.02203014658021
16.6,9,1.01646198083131,1.01208518073053,1.02085770856733
16.8,9,1.01549142439242,1.01128338787712,1.01971697090692
17,9,1.01453518374723,1.01048657110578,1.01860001754866
17.2,9,1.01358850210597,1.00969422216194,1.01749780186089
17.4,9,1.01264664068519,1.00890682736418,1.01640031673692
17.6,9,1.01170487837243,1.00812564546402,1.01529681893119
17.8,9,1.01075851161153,1.00735246292157,1.01417607679459
18,9,1.00980285452441,1.00658935396371,1.01302661407087
18.2,9,1.00883461742357,1.00583883590068,1.01183932155575
18.4,9,1.00785565307892,1.00510434762896,1.01061448976849
18.6,9,1.00686900062733,1.00438864057357,1.00935548598532
18.8,9,1.00587768765186,1.00369361781015,1.00806651010033
19,9,1.0048847299967,1.00302053824196,1.00675238649694
19.2,9,1.00389313167274,1.00237017177989,1.00541840548804
19.4,9,1.0029058848533,1.00174291725329,1.00407020259377
19.6,9,1.0019259699592,1.00113889246708,1.00271366623757
19.8,9,1.00095635583277,1.00055800367697,1.00135486658451
20,9,1,1,1
20.2,9,0.999059849020405,0.998655344952208,0.999464516932456
20.4,9,0.998138838923932,0.9973272261714,0.998951112157039
20.6,9,0.99723989573445,0.996021984581697,0.998459296118965
20.8,9,0.996365936079296,0.994745950994358,0.997988559377209
21,9,0.995519867884464,0.993505421841796,0.997538398447226
21.2,9,0.994704591155033,0.992306635366366,0.997108341716968
21.4,9,0.993922998840512,0.99115574667072,0.996697977025713
21.6,9,0.993177977784856,0.990058799884997,0.996306982647288
21.8,9,0.992472409760954,0.989021695392199,0.995935163733805
22,9,0.9918091725895,0.988050149540837,0.995582496789058
22.2,9,0.991191141342233,0.987149643506049,0.995249185509429
22.4,9,0.990621189629631,0.986325356855609,0.994935732435888
22.6,9,0.990102190973243,0.985582079829166,0.994643032409776
22.8,9,0.989637008427606,0.984924073314798,0.994372495286258
23,9,0.989226657234737,0.984351415916915,0.994126044378453
23.2,9,0.988868315782384,0.983856451782502,0.993905710722992
23.4,9,0.988558696287017,0.983430632051379,0.993713500632173
23.6,9,0.988294522544562,0.983065541162693,0.993551317175037
23.8,9,0.988072528380708,0.982752993647258,0.993420857175295
24,9,0.987889456210887,0.982485143505205,0.993323496181163
24.2,9,0.987742055709067,0.982254602104632,0.99326016546619
24.4,9,0.987627082584615,0.982054556651503,0.993231229006695
24.6,9,0.987541297466602,0.981878878371762,0.993236371291787
24.8,9,0.987481464895041,0.981722208406815,0.993274507962621
25,9,0.987444352418631,0.981580010652175,0.993343730049694
25.2,9,0.987426729798677,0.981448584365223,0.993441288981554
25.4,9,0.987425368318939,0.981325034564278,0.993563624342581
25.6,9,0.987437040201224,0.98120720370651,0.99370643089265
25.8,9,0.987458518126576,0.981093572467851,0.993864757026206
26,9,0.98748657486202,0.980983139710462,0.994033124586151
26.2,9,0.987517982992781,0.980875291697261,0.994205659974066
26.4,9,0.987549514760004,0.980769668735931,0.994376228375496
26.6,9,0.987577942003961,0.980666034481511,0.994538565872158
26.8,9,0.987600036212769,0.980564149863606,0.994686407475871
27,9,0.98761256867665,0.980463650564249,0.994813612158664
27.2,9,0.987612310747733,0.980363924394391,0.994914288531175
27.4,9,0.98759603420539,0.980263982804357,0.994982926933546
27.6,9,0.987560585974556,0.980162351225372,0.99501466236807
27.8,9,0.987505283681292,0.980057980837219,0.995009177380941
28,9,0.987432431381046,0.979950558449879,0.994971428033483
28.2,9,0.987344512070952,0.979839504738204,0.994907003445517
28.4,9,0.987244008636732,0.9797240765015,0.994821660471494
28.6,9,0.987133403505302,0.979603524222689,0.99472116241024
28.8,9,0.987015178359764,0.979477234447646,0.994611133419486
29,9,0.986891813916784,0.979344858945005,0.994496926675196
29.2,9,0.986765789766328,0.97920642929002,0.994383507631947
29.4,9,0.986639584273716,0.979062453137156,0.994275356119126
29.6,9,0.986515674543947,0.978913987197201,0.994176392256254
29.8,9,0.986396536448236,0.978762681952511,0.994089931152774
30,9,0.986284644712715,0.978610794378962,0.994018670122487
30.2,9,0.986182473069241,0.978461167088293,0.993964709997738
30.4,9,0.986092494468276,0.978317174827301,0.993929609605717
30.6,9,0.986017181353807,0.978182641546281,0.993914470193454
30.8,9,0.985959006000291,0.978061732740931,0.993920045096556
31,9,0.985920440911646,0.977958828175685,0.993946869543257
31.2,9,0.985903959282304,0.977878379396095,0.993995406186198
31.4,9,0.985912035520414,0.977824754861041,0.994066203531675
31.6,9,0.985947145833279,0.977802073444148,0.994160066518119
31.8,9,0.986011768875175,0.977814024888417,0.99427824066166
32,9,0.986108386457729,0.977863673976212,0.994422613009266
32.2,9,0.986239484323091,0.977953244164779,0.994595934152849
32.4,9,0.986407290963597,0.978083545990534,0.994801873167959
32.6,9,0.98661053856909,0.97824983583574,0.995042696821914
32.8,9,0.986845465618297,0.978443746653795,0.99531932861949
33,9,0.987108256610355,0.978656926800435,0.995632569069864
33.2,9,0.987395094548935,0.978881470903597,0.995982763714316
33.4,9,0.987702159935734,0.979110230256539,0.996369485881182
33.6,9,0.988025629911886,0.97933705722007,0.996791286683043
33.8,9,0.98836167754737,0.979556967479287,0.997245528412729
34,9,0.988706471278621,0.979766209091234,0.997728312405185
34.2,9,0.989056174494568,0.979962236780741,0.998234502912484
34.4,9,0.989406945271429,0.980143600729455,0.998757837752337
34.6,9,0.989754936256589,0.98030976770589,0.999291107888037
34.8,9,0.990096294701919,0.980460896445614,0.999826384036566
35,9,0.990427162646924,0.980597588192373,1.00035526939966
35.2,9,0.990743677252048,0.98072062836332,1.00086916255959
35.4,9,0.991041971282477,0.980830728301228,1.00135952158079
35.6,9,0.991318173742725,0.980928268824005,1.00181812760962
35.8,9,0.991568410662212,0.981013040978179,1.0022373525665
36,9,0.991788806031987,0.981083974605541,1.0026104403202
36.2,9,0.99197548289264,0.981138842220906,1.00293181384265
36.4,9,0.992124564573346,0.981173924477346,1.00319742206172
36.6,9,0.992232176081852,0.981183624817223,1.00340513880419
36.8,9,0.992294445645069,0.981160026295779,1.00355522082921
37,9,0.992307506399794,0.981092395740285,1.00365081977258
37.2,9,0.992268083099768,0.980966939871403,1.0036994201533
37.4,9,0.992176825690749,0.980768561203158,1.0037177906989
37.6,9,0.992036000330238,0.980481418835902,1.00372674794761
37.8,9,0.991847884475227,0.980089397511663,1.0037474422595
38,9,0.991614760854258,0.979577282741343,1.00380016081252
38.2,9,0.991338916411535,0.978932008754527,1.00390306824509
38.4,9,0.99102264130226,0.978143762753372,1.0040710915634
38.6,9,0.990668227939587,0.977206721588629,1.00431517320458
38.8,9,0.99027797009351,0.976119280867082,1.0046420322539
39,9,0.989854162041933,0.974883779447172,1.00505443086494
39.2,9,0.989399097774153,0.973505852860349,1.00555181234923
39.4,9,0.988915070246879,0.971993610225826,1.00613111637038
39.6,9,0.988404370692905,0.970356812672461,1.00678759323
39.8,9,0.987869287982496,0.968606169265157,1.00751550124795
40,9,0.987312108037487,0.966752798661473,1.00830863900997
0,10,1.12568467291433,1.09625827529487,1.15590095088989
0.2,10,1.12415251308814,1.09652252638512,1.15247871546101
0.4,10,1.12264412821198,1.09675025552546,1.14914934576878
0.6,10,1.12116291260921,1.096936424313,1.14592445719689
0.8,10,1.11971224399613,1.09707561352824,1.14281594987124
1,10,1.11829548436539,1.09716207777119,1.13983596014592
1.2,10,1.11691598097087,1.09718987313746,1.13699673966261
1.4,10,1.11557706741356,1.09715309389084,1.1343104260187
1.6,10,1.11428206482749,1.09704625876373,1.13178866440455
1.8,10,1.11303428316552,1.09686488163986,1.12944204545017
2,10,1.11183702258447,1.09660623534218,1.12727935055355
2.2,10,1.11069357492934,1.09627026310445,1.12530665011005
2.4,10,1.10960722531641,1.09586051339237,1.12352637897588
2.6,10,1.10858125381532,1.09538489580733,1.12193659143435
2.8,10,1.10761893723015,1.0948560264506,1.12053062728992
3,10,1.10672355097978,1.09429099385906,1.11929735798506
3.2,10,1.10589837107798,1.0937105286568,1.11822202960314
3.4,10,1.10514667621383,1.0931377349831,1.11728754470759
3.6,10,1.10447174993315,1.0925966491232,1.11647591760356
3.8,10,1.1038767216432,1.09211067322881,1.1157695336711
4,10,1.10335909112303,1.09169410131469,1.11514872389414
4.2,10,1.10290939978354,1.09134872494128,1.11459253704294
4.4,10,1.10251778478435,1.09107214957932,1.11408348772761
4.6,10,1.10217440747325,1.09085891840769,1.11360727220549
4.8,10,1.10186944865681,1.09070105914281,1.1131521984928
5,10,1.10159310474853,1.09058857098498,1.11270867925336
5.2,10,1.10133558479134,1.09050984793541,1.11226879117513
5.4,10,1.10108710835135,1.09045204796939,1.11182589132207
5.6,10,1.10083790428114,1.09040142315175,1.1113742753557
5.8,10,1.10057821035073,1.09034362673579,1.11090886157151
6,10,1.10029827374486,1.09026401121691,1.11042488677089
6.2,10,1.09998835242519,1.09014792687992,1.10991760442466
6.4,10,1.09963871735554,1.08998102383651,1.10938198212954
6.6,10,1.09923965558826,1.08974955228152,1.10881240362799
6.8,10,1.09878147420878,1.08944064671463,1.10820238964397
7,10,1.09825450513471,1.08904257203384,1.107544359626
7.2,10,1.09764911076477,1.08854490513652,1.10682946075761
7.4,10,1.09695569047154,1.08793862706839,1.1060474891864
7.6,10,1.09616468793036,1.08721610843676,1.10518692074306
7.8,10,1.09526659927532,1.08637098302539,1.10423505619358
8,10,1.09425198207101,1.08539791757772,1.10317827303238
8.2,10,1.09311146508702,1.08429229524652,1.10200236628356
8.4,10,1.09183575885938,1.08304983319597,1.1006929577804
8.6,10,1.09041645689771,1.08166686349494,1.0992368256818
8.8,10,1.08885616466151,1.0801489091483,1.09763361077337
9,10,1.08716548493417,1.07850742637102,1.09589304879349
9.2,10,1.08535518846319,1.07675286046096,1.09402624165741
9.4,10,1.08343602004819,1.07489476521957,1.09204514480827
9.6,10,1.08141868754029,1.07294205926412,1.08996228422944
9.8,10,1.07931385188185,1.07090325777946,1.0877905005906
10,10,1.07713211818493,1.06878668378552,1.0855427164532
10.2,10,1.07488402784402,1.06660066107305,1.08323172437547
10.4,10,1.07258005167655,1.06435368842047,1.08086999629017
10.6,10,1.07023058408255,1.06205459223384,1.0784695169921
10.8,10,1.06784593821328,1.05971265295822,1.07604164636085
11,10,1.06543634213706,1.05733769997787,1.07359701557048
11.2,10,1.06301193598955,1.0549401705157,1.07114546174107
11.4,10,1.0605827700947,1.05253113017397,1.06869600335321
11.6,10,1.05815880404206,1.05012225577694,1.06625685572515
11.8,10,1.05574990670568,1.04772578436272,1.06383548266592
12,10,1.0533658571898,1.04535443475403,1.06143867783398
12.2,10,1.05101634668667,1.04302130952847,1.05907266794192
12.4,10,1.04871098123197,1.04073978514736,1.05674323000999
12.6,10,1.04645928534432,1.03852339656824,1.05445581630802
12.8,10,1.04427070653577,1.03638572014595,1.05221568314849
13,10,1.04215462068149,1.03434025533567,1.05002802298874
13.2,10,1.04012033823812,1.03240030180101,1.0478981032157
13.4,10,1.03817584365617,1.03057708893825,1.04583062627719
13.6,10,1.036320358922,1.02886940266211,1.04382527416739
13.8,10,1.03454946245829,1.02727046790241,1.04188003424081
14,10,1.03285876831216,1.02577307651678,1.03999340565834
14.2,10,1.03124393575231,1.02436970759503,1.0381642947278
14.4,10,1.02970066613643,1.02305261134505,1.03639192167039
14.6,10,1.02822469996428,1.02181388291771,1.03467573820562
14.8,10,1.02681181411242,1.02064553395085,1.03301534815867
15,10,1.0254578192472,1.01953956907357,1.03141042383549
15.2,10,1.02415855741275,1.01848807418046,1.02986061134371
15.4,10,1.02290989979091,1.01748332252749,1.0283654187973
15.6,10,1.02170774463059,1.01651790304618,1.02692408299935
15.8,10,1.02054801534401,1.01558487209211,1.02553541337915
16,10,1.01942665876757,1.01467792467952,1.02419761712492
16.2,10,1.01833964358537,1.013791574243,1.02290811646558
16.4,10,1.01728295891347,1.01292132231835,1.0216633767045
16.6,10,1.01625261304329,1.01206379372026,1.02045876942296
16.8,10,1.01524463234252,1.01121681195106,1.0192884961155
17,10,1.01425506031218,1.01037939595266,1.01814559114096
17.2,10,1.01327995679848,1.00955167246252,1.01702200972546
17.4,10,1.01231539735835,1.00873471431946,1.01590879066768
17.6,10,1.01135747277741,1.00793032834378,1.01479627011863
17.8,10,1.01040228873939,1.00714082213074,1.01367431709295
18,10,1.00944596565963,1.00636877568432,1.01253256480816
18.2,10,1.00848573766117,1.00561697004054,1.01136268914097
18.4,10,1.00752293978089,1.00488824530458,1.01016454210493
18.6,10,1.00655985342493,1.00418459709884,1.00894072808317
18.8,10,1.00559875130781,1.00350721463526,1.00769464721724
19,10,1.00464189747155,1.00285667558276,1.00643029729919
19.2,10,1.00369154735587,1.00223309403454,1.0051521230239
19.4,10,1.00274994791923,1.00163623284878,1.00386490132472
19.6,10,1.00181933781024,1.00106558939286,1.00257365375954
19.8,10,1.00090194758932,1.00052046165465,1.0012835789798
20,10,1,1,1
20.2,10,0.999115710289888,0.998728322273914,0.99950324856642
20.4,10,0.998251286580772,0.997473999531247,0.999029179335467
20.6,10,0.997408930287749,0.996242504998557,0.99857672125643
20.8,10,0.996590836587082,0.995039306079866,0.998144786342362
21,10,0.99579919493261,0.993869840847347,0.997732294384755
21.2,10,0.995036189620519,0.992739494818573,0.997338197807337
21.4,10,0.994304000402346,0.991653576486213,0.99696150819041
21.6,10,0.993604803146114,0.990617289916477,0.99660132614712
21.8,10,0.992940770545521,0.989635702426458,0.996256876539678
22,10,0.992314072877188,0.988713704853032,0.995927551521582
22.2,10,0.991726878805958,0.987855961182236,0.995612964636218
22.4,10,0.991181356238354,0.987066843240442,0.995313020270491
22.6,10,0.990679673224299,0.986350344656585,0.99502800425493
22.8,10,0.99022398963762,0.985709946388182,0.994758704877366
23,10,0.98981501792209,0.98514543545009,0.99450673418234
23.2,10,0.989450465071162,0.984649851513822,0.994274483791761
23.4,10,0.98912767266703,0.984215458298367,0.994064403872734
23.6,10,0.988843991213256,0.983834646131947,0.993878842143787
23.8,10,0.98859677905988,0.983500027566353,0.993719943237757
24,10,0.9883834014002,0.983204545063937,0.993589536447782
24.2,10,0.988201229338686,0.982941586623382,0.993489015986314
24.4,10,0.988047639029541,0.982705101416302,0.993419221681936
24.6,10,0.987920010885531,0.982489704713921,0.993380330832324
24.8,10,0.987815728856721,0.9822907603752,0.993371772940245
25,10,0.987732179778846,0.982104430513028,0.99339217771478
25.2,10,0.987666752791078,0.981927685610238,0.993439363065354
25.4,10,0.987616838822994,0.98175827352072,0.993510364653053
25.6,10,0.98757983015061,0.981594651127091,0.993601503227864
25.8,10,0.987553120021361,0.981435886568848,0.993708481838269
26,10,0.98753410234794,0.981281542017491,0.993826502937288
26.2,10,0.987520171470947,0.981131546799178,0.993950395585044
26.4,10,0.987508721990309,0.980986068722019,0.994074744891477
26.6,10,0.987497148665446,0.980845388531551,0.994194018776302
26.8,10,0.98748284638417,0.980709779240158,0.994302690300994
27,10,0.987463210200319,0.980579389157644,0.994395356745929
27.2,10,0.987435635440103,0.980454125004375,0.994466859051308
27.4,10,0.98739751787716,0.980333529503569,0.994512407225002
27.6,10,0.987346315073948,0.980216666778263,0.99452782117469
27.8,10,0.987281517481779,0.980102665043173,0.994512952087716
28,10,0.987205072621236,0.979990945341029,0.994472306139478
28.2,10,0.987119074837477,0.979880652712535,0.99441096750979
28.4,10,0.987025618069011,0.979770779009115,0.994334176520128
28.6,10,0.98692679566737,0.979660313749449,0.994247175613743
28.8,10,0.986824700261176,0.979548380306142,0.994155070463397
29,10,0.986721423664585,0.97943435929052,0.99406270433879
29.2,10,0.986619056830088,0.979317997840979,0.993974547027936
29.4,10,0.986519689845629,0.979199501267857,0.993894601858967
29.6,10,0.986425411976023,0.979079602340352,0.993826335536112
29.8,10,0.986338311748621,0.978959603539209,0.993772635465193
30,10,0.986260477083225,0.978841388786757,0.993735798056183
30.2,10,0.986193995466199,0.978727403205552,0.993717549450614
30.4,10,0.986140954168797,0.978620601842085,0.99371909773658
30.6,10,0.986103440509683,0.978524370434021,0.993741213572156
30.8,10,0.986083542161672,0.978442422695593,0.993784334742224
31,10,0.986083347502717,0.978378678964241,0.993848689805415
31.2,10,0.986104946011194,0.978337130380873,0.993934436659046
31.4,10,0.986150428705566,0.978321691282123,0.994041813344329
31.6,10,0.986221888628504,0.97833604051514,0.994171300382469
31.8,10,0.986321421375612,0.978383450338072,0.994323795980252
32,10,0.986451125668905,0.978466599841717,0.99450080717202
32.2,10,0.986613103975212,0.978587368854473,0.994704660939026
32.4,10,0.986809217453901,0.978746296357722,0.994938560969092
32.6,10,0.98703804816973,0.978938669400732,0.995204438221961
32.8,10,0.987295838843589,0.979156344337929,0.995502995036977
33,10,0.987578780684217,0.97939118236596,0.995834826388388
33.2,10,0.98788306264153,0.979635457455959,0.996200104872054
33.4,10,0.988204870507114,0.979882150784556,0.996598280019792
33.6,10,0.988540386162057,0.980125183474333,0.997027840473828
33.8,10,0.98888578697228,0.980359572595845,0.997486154071475
34,10,0.98923724533161,0.980581499889254,0.997969396385506
34.2,10,0.989590928352882,0.980788291341631,0.998472569588629
34.4,10,0.989942997707394,0.980978315746359,0.998989603520744
34.6,10,0.990289609613094,0.981150818494198,0.999513522714808
34.8,10,0.990626914971843,0.981305710866744,1.000036659116
35,10,0.99095105965614,0.981443334447286,1.00055089088424
35.2,10,0.991258184945628,0.981564215873205,1.00104789206031
35.4,10,0.991544428113683,0.981668820744161,1.00151938428481
35.6,10,0.991805923164343,0.981757308751497,1.00195738850656
35.8,10,0.992038801719728,0.981829286165028,1.00235448054469
36,10,0.99223919405805,0.981883547273203,1.00270405890713
36.2,10,0.992403230302183,0.981917793430901,1.00300063620704
36.4,10,0.99252704175865,0.981928317236036,1.00324016664994
36.6,10,0.99260676240675,0.981909640634012,1.00342042078274
36.8,10,0.992638530537384,0.98185410080801,1.00354141363421
37,10,0.992618490540985,0.981751388975763,1.00360588110987
37.2,10,0.992543389388083,0.981588371168259,1.00362067110218
37.4,10,0.992413965180207,0.981350992525469,1.0036016530132
37.6,10,0.992232599378863,0.981024639572355,1.00356860730767
37.8,10,0.992001685128024,0.98059445486126,1.00354161541335
38,10,0.991723621034593,0.980046421188005,1.00353995408274
38.2,10,0.991400810007734,0.979368508771438,1.00358093739092
38.4,10,0.991035658154679,0.978551691440201,1.00367889026749
38.6,10,0.99063057373345,0.97759063154946,1.00384445384879
38.8,10,0.990187966162847,0.976483906500384,1.00408434978475
39,10,0.989710245089982,0.975233775578825,1.00440160478927
39.2,10,0.989199819515594,0.973845602780945,1.00479611977032
39.4,10,0.988659096977288,0.972327108684995,1.00526541048298
39.6,10,0.988090482790813,0.970687613249636,1.00580535782596
39.8,10,0.987496379349433,0.968937378203177,1.00641085911721
40,10,0.986879185481384,0.967087097166676,1.00707633220397
0,11,1.1031691433231,1.07857782808581,1.12832113463712
0.2,11,1.10203043894076,1.07901214905156,1.12553977211422
0.4,11,1.10090718406136,1.07941352973369,1.12282882744385
0.6,11,1.09980162770962,1.07977696800031,1.1201976483651
0.8,11,1.09871601046875,1.08009702852706,1.11765595106452
1,11,1.0976525648684,1.08036783520138,1.1152138317202
1.2,11,1.09661351581828,1.08058311180495,1.11288173018606
1.4,11,1.09560108108699,1.08073630653615,1.11067031025004
1.6,11,1.09461747182604,1.08082084907024,1.10859020776435
1.8,11,1.09366489313866,1.08083059728742,1.10665158951447
2,11,1.09274554469349,1.08076052264865,1.1048634738444
2.2,11,1.09186162138279,1.08060764129126,1.10323280596471
2.4,11,1.09101531402527,1.08037210909796,1.10176336968888
2.6,11,1.09020881011333,1.08005827520593,1.10045474113156
2.8,11,1.08944429460494,1.07967538713599,1.09930159118999
3,11,1.08872395075987,1.07923765048512,1.09829363386774
3.2,11,1.08804996102068,1.07876351577547,1.09741634785089
3.4,11,1.08742450793841,1.07827432958725,1.09665233421418
3.6,11,1.08684977514322,1.07779269227929,1.09598296795907
3.8,11,1.08632783645452,1.07734073514697,1.09538990753466
4,11,1.08585685588585,1.07693324117,1.09485441288201
4.2,11,1.08543016482025,1.07657465493094,1.0943585168994
4.4,11,1.08504081036785,1.07626536781107,1.09388780441589
4.6,11,1.08468185391616,1.07600273598693,1.09343097825477
4.8,11,1.08434636897027,1.07578164955149,1.09297927547772
5,11,1.08402743943636,1.0755950274383,1.09252595956089
5.2,11,1.083718158347,1.07543423459505,1.09206589203779
5.4,11,1.08341162702715,1.07528943365662,1.09159517134476
5.6,11,1.08310095469958,1.07514988976872,1.09111082020712
5.8,11,1.08277925852913,1.07500424849526,1.09061050162544
6,11,1.08243966410454,1.07484080504547,1.09009224522062
6.2,11,1.08207530635726,1.07464777901077,1.08955416974479
6.4,11,1.08167933091593,1.07441360224167,1.08899419412559
6.6,11,1.08124489589541,1.07412721821878,1.08840973868865
6.8,11,1.0807651741187,1.07377837985285,1.08779742962221
7,11,1.08023335577005,1.07335792110904,1.08715283128718
7.2,11,1.07964265147661,1.07285796969218,1.08647023913322
7.4,11,1.07898629581614,1.07227206712774,1.08574256688189
7.6,11,1.07825755124708,1.07159517105808,1.08496135315108
7.8,11,1.07744971245704,1.0708235308732,1.08411689639198
8,11,1.07655611112486,1.06995444650196,1.08319850830039
8.2,11,1.07557012109066,1.0689859343716,1.08219486167799
8.4,11,1.07448516392733,1.06791632916162,1.08109440409654
8.6,11,1.07329527936511,1.06674433432442,1.07988645417741
8.8,11,1.07200236364172,1.06547474957192,1.07856996903506
9,11,1.07061402219385,1.06411607227028,1.07715165139143
9.2,11,1.06913797907337,1.06267576145089,1.07563949396611
9.4,11,1.067581940554,1.06116040798766,1.07404233254271
9.6,11,1.06595358922752,1.059575987459,1.07236957786476
9.8,11,1.06426057864581,1.0579280874149,1.07063097457522
10,11,1.06251052850756,1.0562221148069,1.06883638144218
10.2,11,1.06071102038761,1.05446348685174,1.06699556959617
10.4,11,1.05886959400584,1.05265780531804,1.06511803878312
10.6,11,1.05699374403173,1.05081101097671,1.06321285488221
10.8,11,1.05509091742025,1.04892951252116,1.06128851437025
11,11,1.05316851127386,1.04702028332002,1.05935284235539
11.2,11,1.05123387122522,1.04509092030279,1.05741292986356
11.4,11,1.0492942903346,1.0431496620011,1.0554751133377
11.6,11,1.0473570084959,1.04120536663375,1.05354499544309
11.8,11,1.04542921234494,1.03926745511437,1.0516275022813
12,11,1.04351803566364,1.03734582692692,1.04972696904869
12.2,11,1.04163056027364,1.03545075823595,1.047847244754
12.4,11,1.03977381741326,1.03359279117721,1.04599180703145
12.6,11,1.03795478959167,1.0317826212844,1.04416388007695
12.8,11,1.03618041291462,1.03003098696847,1.04236655177517
13,11,1.03445757987636,1.02834856136281,1.04060288969093
13.2,11,1.03279314261298,1.02674584290805,1.03887605953903
13.4,11,1.03119304175955,1.02523173920795,1.03718900684329
13.6,11,1.02965717014794,1.0238057815658,1.03554200135069
13.8,11,1.02818289820656,1.02246324722178,1.03393454487185
14,11,1.02676761231432,1.02119900695211,1.03236658332071
14.2,11,1.02540872225828,1.02000762965521,1.03083841445263
14.4,11,1.02410365984607,1.01888345503407,1.02935061014908
14.6,11,1.02284987758527,1.01782065605955,1.02790394933289
14.8,11,1.02164484742826,1.01681329882725,1.02649935389373
15,11,1.02048605958167,1.01585540708084,1.025137820345
15.2,11,1.01937102137917,1.01494103857851,1.02382034002976
15.4,11,1.01829725621668,1.01406438014814,1.02254780102515
15.6,11,1.0172623025491,1.01321986702205,1.02132086615014
15.8,11,1.01626371294771,1.01240232901131,1.02013982451312
16,11,1.0152990532174,1.01160716051977,1.01900441959555
16.2,11,1.01436590157308,1.0108305032327,1.01791366503442
16.4,11,1.01346184787458,1.01006942090278,1.01686566867785
16.6,11,1.01258449291938,1.00932203821609,1.01585749292961
16.8,11,1.01173144779276,1.00858761456348,1.01488508055479
17,11,1.01090033327455,1.0078665317736,1.01394326688899
17.2,11,1.01008877930241,1.00716019161039,1.0130258826466
17.4,11,1.00929442449077,1.00647083844215,1.01212593191959
17.6,11,1.00851491570537,1.00580133713239,1.01123581531521
17.8,11,1.00774790769277,1.00515494040759,1.01034756397591
18,11,1.00699106277173,1.00453507331975,1.00945305687635
18.2,11,1.00624261630113,1.00394487122889,1.00854562026016
18.4,11,1.00550291508614,1.00338599360779,1.0076243027984
18.6,11,1.00477279504513,1.00285900585997,1.00669023637782
18.8,11,1.00405308987079,1.00236377361558,1.0057452531856
19,11,1.00334463111415,1.00189964006793,1.00479170620057
19.2,11,1.00264824827553,1.00146555791577,1.00383233534482
19.4,11,1.00196476890226,1.00106018767313,1.002870167532
19.6,11,1.00129501869345,1.00068197141746,1.00190844154027
19.8,11,1.0006398216114,1.00032918875427,1.00095055092955
20,11,1,1,1
20.2,11,0.999376374709816,0.999060369099284,0.999692480273813
20.4,11,0.99876976523004,0.998135286521828,0.99940464725355
20.6,11,0.998180989827188,0.997228404891019,0.999134484703402
20.8,11,0.99761086569058,0.996343380343886,0.998879963452368
21,11,0.997060209084595,0.995483853095892,0.998639061244577
21.2,11,0.996529835507686,0.99465342808105,0.998409782765113
21.4,11,0.996020559858183,0.993855654353244,0.998190181154419
21.6,11,0.99553319660686,0.993094001796617,0.997978382462575
21.8,11,0.99506855997631,0.992371833408392,0.99777261477941
22,11,0.994627464127112,0.991692370950418,0.997571244243637
22.2,11,0.994210723350835,0.991058651057805,0.997372820842404
22.4,11,0.993819152269885,0.990473467858071,0.997176137947757
22.6,11,0.993453566044238,0.989939296674742,0.99698031101627
22.8,11,0.993114776318135,0.989458177736532,0.996784888066326
23,11,0.992802928407372,0.989029518588619,0.996590734784967
23.2,11,0.992516783482454,0.988648040836373,0.996400665155817
23.4,11,0.992254933565211,0.988307900074241,0.996217730436579
23.6,11,0.992015973994248,0.98800331724964,0.996044927662022
23.8,11,0.991798503093213,0.98772866257096,0.995885113000121
24,11,0.991601121859101,0.987478554304107,0.995740900484827
24.2,11,0.991422433670458,0.987247969459864,0.995614549121657
24.4,11,0.991261044015425,0.987032359216965,0.995507845519946
24.6,11,0.99111556023951,0.986827758328242,0.995421992803469
24.8,11,0.990984591313035,0.986630875765608,0.9953575185429
25,11,0.990866747618182,0.986439154434734,0.995314213878758
25.2,11,0.990760640755596,0.98625079124012,0.995291112553793
25.4,11,0.990664883370482,0.986064714414128,0.995286512941051
25.6,11,0.99057808899818,0.985880521292167,0.995298039885396
25.8,11,0.990498871929157,0.985698384840258,0.995322738052297
26,11,0.990425847093414,0.985518939954462,0.995357185764521
26.2,11,0.990357629964275,0.985343160535199,0.995397618323873
26.4,11,0.990292836481531,0.985172236146825,0.9954400520078
26.6,11,0.990230082993947,0.985007453697041,0.99548040330646
26.8,11,0.990167986221099,0.984850085964812,0.995514601571734
27,11,0.990105163234537,0.984701285589241,0.995538696465779
27.2,11,0.990040231458273,0.984561980533427,0.995548964195122
27.4,11,0.989971808688573,0.984432764991283,0.995542018562134
27.6,11,0.989898549730772,0.984313777890739,0.995515008292261
27.8,11,0.989820326949179,0.984204587781805,0.995468108769865
28,11,0.989738484180589,0.984104263055362,0.995404962505465
28.2,11,0.989654452900212,0.984011560674253,0.995329704738544
28.4,11,0.989569664120289,0.983925080038118,0.995246630067814
28.6,11,0.9894855483688,0.983843399015353,0.99516005434461
28.8,11,0.989403535688852,0.983765199356864,0.995074187492676
29,11,0.98932505565874,0.983689383522489,0.994993015223278
29.2,11,0.989251537432669,0.983615181505624,0.994920191059804
29.4,11,0.989184409802126,0.983542243588662,0.994858942738816
29.6,11,0.989125101277895,0.983470713390023,0.994811998626345
29.8,11,0.989075040192711,0.983401275343004,0.99478154000868
30,11,0.989035654824543,0.983335171943855,0.994769183919787
30.2,11,0.989008373540515,0.983274188454711,0.994775998819284
30.4,11,0.988994624961482,0.9832206056524,0.994802552529596
30.6,11,0.98899583814725,0.983177123915269,0.994848989139902
30.8,11,0.989013442802493,0.983146763752856,0.994915129771946
31,11,0.989048869503369,0.983132748412834,0.995000591573339
31.2,11,0.98910354994489,0.98313837342395,0.995104920079962
31.4,11,0.98917891720909,0.983166866140545,0.995227731882365
31.6,11,0.989276406054043,0.983221235997039,0.995368866888622
31.8,11,0.989397453223809,0.983304113741066,0.995528551916072
32,11,0.989543497779387,0.983417575843029,0.995707579415645
32.2,11,0.989715981450761,0.98356294904258,0.995907506370125
32.4,11,0.989916141569682,0.983740317561959,0.996130736787137
32.6,11,0.990142446290285,0.983945096963956,0.996378829439527
32.8,11,0.990391387886943,0.984169660416246,0.996652447897827
33,11,0.990659414310305,0.98440637737194,0.996952171095931
33.2,11,0.990942970902052,0.984648003264676,0.997278182989653
33.4,11,0.991238499772585,0.984887970354107,0.997629977222827
33.6,11,0.991542439306421,0.985120620295788,0.998006120966719
33.8,11,0.99185122379551,0.985341359826737,0.998404096543392
34,11,0.992161283200671,0.985546726343473,0.998820234058931
34.2,11,0.992469043041415,0.985734360865339,0.999249737556934
34.4,11,0.992770924414433,0.985902898146273,0.99968679493268
34.6,11,0.993063344141016,0.986051793299436,1.00012475224723
34.8,11,0.993342715043683,0.986181108436315,1.00055632894338
35,11,0.993605446352261,0.986291281088332,1.0009738521986
35.2,11,0.993847944239643,0.98638289016828,1.00136949466029
35.4,11,0.994066612487368,0.986456427334722,1.00173550770206
35.6,11,0.994257853281153,0.986512073899971,1.00206445006114
35.8,11,0.994418068136386,0.986549477045896,1.00234941809218
36,11,0.994543658953544,0.986567514439888,1.00258428854336
36.2,11,0.994631029203366,0.986564033325734,1.00276398777606
36.4,11,0.994676585241522,0.986535548849364,1.0028848026629
36.6,11,0.99467673775238,0.986476887428959,1.00294474734662
36.8,11,0.99462790332133,0.986380766196511,1.00294399482268
37,11,0.994526506134995,0.986237312372181,1.00288536947163
37.2,11,0.994369550458329,0.986033856514651,1.00277571236116
37.4,11,0.994157872451874,0.985756800199594,1.00263054250087
37.6,11,0.993893885491044,0.985391936281724,1.00246918941101
37.8,11,0.993580013734964,0.984924829617908,1.00231125666366
38,11,0.993218686088639,0.984342046968486,1.00217537332043
38.2,11,0.992812335024654,0.983632463136701,1.00207787920489
38.4,11,0.992363395462694,0.982788366896463,1.00203171081897
38.6,11,0.991874303707267,0.981806099577167,1.00204575504112
38.8,11,0.991347496443978,0.980686095525305,1.00212480139154
39,11,0.990785409794593,0.979432389419207,1.00227002789233
39.2,11,0.990190478431094,0.978051800026736,1.00247981093516
39.4,11,0.989565134748867,0.976553031549567,1.00275061801479
39.6,11,0.988911808099063,0.974945872264922,1.00307780361782
39.8,11,0.988232924080185,0.9732405771318,1.00345622159958
40,11,0.987530903888847,0.971447445325436,1.00388064308391
0,12,1.06688572181634,1.04429044252777,1.0899698944485
0.2,12,1.06624005839177,1.04518086226335,1.08772357317889
0.4,12,1.06559993978937,1.04603638841935,1.08552937952278
0.6,12,1.06496618509898,1.04685117715458,1.08339466024863
0.8,12,1.0643396115425,1.04761888977316,1.08132720759143
1,12,1.06372103452625,1.04833261236761,1.07933534256665
1.2,12,1.06311126769954,1.04898478580264,1.07742798828577
1.4,12,1.06251112301953,1.04956717302405,1.0756147062865
1.6,12,1.06192141082227,1.05007091275238,1.07390564681671
1.8,12,1.06134293989995,1.05048673974305,1.0723113328884
2,12,1.06077651758435,1.05080548539481,1.07084216431892
2.2,12,1.06022294983641,1.05101898534567,1.06950751511888
2.4,12,1.059683041342,1.05112146527783,1.06831435300489
2.6,12,1.05915759561381,1.05111129661943,1.06726548934864
2.8,12,1.05864741509933,1.05099271539356,1.06635786631196
3,12,1.05815330129504,1.05077684149807,1.06558154388449
3.2,12,1.0576760548666,1.05048140376515,1.06491998147573
3.4,12,1.05721647577529,1.05012908185175,1.06435170301141
3.6,12,1.05677536341039,1.04974501109731,1.06385279939916
3.8,12,1.05635346997233,1.04935417248411,1.0633994534762
4,12,1.05594991239782,1.04897571764735,1.06297047561193
4.2,12,1.05556178629657,1.04862002187986,1.06254950453089
4.4,12,1.05518606666117,1.04829272460631,1.06212473781502
4.6,12,1.05481973328538,1.04799581729557,1.06168808249587
4.8,12,1.05445977045289,1.04772840261583,1.06123438548345
5,12,1.05410316671244,1.04748732334795,1.06076079519685
5.2,12,1.05374691473894,1.04726766027784,1.06026625516846
5.4,12,1.05338801128058,1.04706312220396,1.05975110647962
5.6,12,1.0530234571916,1.04686635907257,1.05921676801049
5.8,12,1.05265025755049,1.04666923049695,1.05866546224446
6,12,1.05226542186349,1.04646306081184,1.05809995547338
6.2,12,1.05186596435315,1.04623890923377,1.05752328383092
6.4,12,1.05144890433165,1.04598787825438,1.05693844202596
6.6,12,1.05101126665867,1.04570147242759,1.05634802261404
6.8,12,1.05055008228351,1.04537200090917,1.05575381244766
7,12,1.05006238887103,1.04499299118431,1.055156378869
7.2,12,1.04954523151112,1.04455955492319,1.05455470470396
7.4,12,1.04899566351128,1.04406863217075,1.05394594584995
7.6,12,1.04841074727163,1.04351904935709,1.05332537596879
7.8,12,1.047787555242,1.04291136211553,1.05268654729489
8,12,1.04712317096035,1.04224750215705,1.05202164830598
8.2,12,1.04641469017176,1.04153028579205,1.05132200066036
8.4,12,1.0456592220273,1.04076285305142,1.05057862644212
8.6,12,1.04485414429886,1.03994825671223,1.04978317508792
8.8,12,1.04400036000966,1.03909093182327,1.048932983938
9,12,1.04310133690801,1.03819544736357,1.04803040874658
9.2,12,1.04216059562729,1.03726502590748,1.04707927092019
9.4,12,1.04118164980362,1.036301867901,1.04608440982889
9.6,12,1.04016800474989,1.03530746547992,1.04505136317531
9.8,12,1.03912315624703,1.0342828791942,1.04398608501576
10,12,1.03805058945231,1.03322898963494,1.04289468943666
10.2,12,1.03695377792429,1.03214673078857,1.04178321306113
10.4,12,1.03583618276383,1.03103730552599,1.04065739597595
10.6,12,1.03470125187072,1.02990237745077,1.0395224868524
10.8,12,1.03355241931517,1.02874422891143,1.03838308245248
11,12,1.03239310482356,1.02756587371945,1.03724301297518
11.2,12,1.03122671337752,1.02637111569139,1.03610528212016
11.4,12,1.03005663492576,1.02516455000595,1.03497206487331
11.6,12,1.02888624420758,1.02395151175473,1.03384475863067
11.8,12,1.02771890068744,1.02273798261934,1.0327240767231
12,12,1.02655794859947,1.02153047041363,1.03161016959783
12.2,12,1.02540671710126,1.02033587654696,1.03050275859626
12.4,12,1.02426852053591,1.01916136378796,1.02940126994365
12.6,12,1.0231466588017,1.01801423226147,1.02830496101375
12.8,12,1.02204441782827,1.01690180664871,1.02721303589421
13,12,1.02096507015884,1.01583133287919,1.02612475196059
13.2,12,1.01991187563753,1.01480987835628,1.02503952341433
13.4,12,1.01888775489728,1.01384344771672,1.02395715967549
13.6,12,1.01789336526079,1.01293226142665,1.02287876741397
13.8,12,1.01692841499975,1.01207378829528,1.02180632795143
14,12,1.0159926124148,1.0112650831358,1.02074224226214
14.2,12,1.01508566909643,1.01050288056282,1.01968924129245
14.4,12,1.01420729985407,1.00978365927416,1.01865031943244
14.6,12,1.01335722264637,1.00910369427781,1.01762868029581
14.8,12,1.01253515851246,1.00845910563921,1.01662768623028
15,12,1.01174083150436,1.00784591235984,1.01565080294501
15.2,12,1.01097396862033,1.00726010071298,1.01470152992705
15.4,12,1.01023429973931,1.00669771714466,1.01378330653661
15.6,12,1.00952155755634,1.00615499563529,1.01289938388418
15.8,12,1.00883547751888,1.0056285265791,1.0120526554302
16,12,1.0081757977642,1.00511546686969,1.01124544661818
16.2,12,1.00754225905762,1.00461377789539,1.01047927683571
16.4,12,1.0069346047317,1.00412246123746,1.00975462390977
16.6,12,1.00635258062632,1.00364174714669,1.0090707360594
16.8,12,1.00579593502965,1.00317318776473,1.0084255393391
17,12,1.00526441861999,1.00271962262083,1.00781567304136
17.2,12,1.00475778440841,1.00228501566231,1.00723665379972
17.4,12,1.0042757876823,1.00187419742366,1.00668313478725
17.6,12,1.00381818594967,1.00149256653484,1.00614920580964
17.8,12,1.00338473888427,1.00114580379079,1.00562868107096
18,12,1.0029752082696,1.00083963398605,1.00511533940457
18.2,12,1.00258920384296,1.00057864302906,1.00460380467391
18.4,12,1.00222576368379,1.00036315530055,1.00409184011758
18.6,12,1.0018837952282,1.000191753195,1.00357869971875
18.8,12,1.00156220879758,1.0000623282165,1.0030643388802
19,12,1.00125991737329,0.999972268578889,1.00254922425308
19.2,12,1.00097583638326,0.999918593914864,1.0020341967043
19.4,12,1.00070888350049,0.999898052440771,1.00152037207425
19.6,12,1.00045797845333,0.999907191711402,1.00100906858945
19.8,12,1.00022204284752,0.9999424108731,1.00050175302049
20,12,1,1,1
20.2,12,0.999790774784251,0.999505460535068,1.00007617047793
20.4,12,0.999593293487365,0.999019836856174,1.00016707929371
20.6,12,0.999406483678619,0.998544861484823,1.00026884934708
20.8,12,0.999229274089624,0.998082278880351,1.00037758742471
21,12,0.999060594505969,0.997633828310517,1.00048940119135
21.2,12,0.998899375670358,0.997201226721406,1.00060041642266
21.4,12,0.998744549197205,0.996786150378613,1.00070679570763
21.6,12,0.998595047498672,0.996390213912484,1.0008047599878
21.8,12,0.998449803722129,0.996014945104405,1.00089061459641
22,12,0.998307751699016,0.99566175325377,1.00096078195778
22.2,12,0.998167825905108,0.995331888190131,1.00101184388238
22.4,12,0.998028961432142,0.995026385822456,1.00104059756567
22.6,12,0.997890093970825,0.994745994368553,1.00104413114748
22.8,12,0.997750162417347,0.9944910659948,1.00101993938782
23,12,0.997608514850518,0.994260400982998,1.00096790329607
23.2,12,0.997465348552497,0.994050286567737,1.00089214299035
23.4,12,0.997320966414891,0.993856656168994,1.00079735229102
23.6,12,0.997175671159563,0.993675432653832,1.00068823931459
23.8,12,0.997029765335407,0.993502603008863,1.00056944989797
24,12,0.996883551316037,0.99333431493561,1.00044546930697
24.2,12,0.99673733129839,0.993166995260874,1.00032050233695
24.4,12,0.996591407302256,0.992997484839198,1.00019833712824
24.6,12,0.996446081170713,0.992823178686892,1.00008220395669
24.8,12,0.996301654571481,0.992642154943595,0.999974645403081
25,12,0.996158428999195,0.992453273990289,0.999877416572313
25.2,12,0.996016705778578,0.992256231334833,0.999791431750905
25.4,12,0.995876786068536,0.992051554838591,0.999716766929073
25.6,12,0.995738970867165,0.991840546603782,0.999652717867443
25.8,12,0.995603561017659,0.991625179159988,0.999597904069678
26,12,0.995470857215136,0.991407961527524,0.999550403083106
26.2,12,0.995341160014369,0.991191791969075,0.999507898315665
26.4,12,0.995214769838424,0.990979811366383,0.999467826432197
26.6,12,0.995091986988211,0.990775265945731,0.999427515606131
26.8,12,0.994973111652934,0.990581382385293,0.999384311593357
27,12,0.994858443921453,0.990401253386859,0.999335693545626
27.2,12,0.994748283794551,0.99023772798699,0.999279385288383
27.4,12,0.994642931198106,0.990093298012847,0.999213470657715
27.6,12,0.99454268933497,0.98996993345205,0.999136567168827
27.8,12,0.994447972361646,0.989867789398243,0.999049348130999
28,12,0.994359328552327,0.989785010392556,0.998954787047025
28.2,12,0.994277314118478,0.989719280802204,0.998856338909926
28.4,12,0.994202485212977,0.989668067200046,0.998757678824714
28.6,12,0.994135397968805,0.989628759429649,0.99866255914408
28.8,12,0.994076608540864,0.989598807435803,0.998574671091862
29,12,0.994026673150898,0.989575857764521,0.998497506969867
29.2,12,0.993986148135552,0.989557888436829,0.998434224243389
29.4,12,0.993955589997537,0.989543336043629,0.998387517657734
29.6,12,0.993935555459936,0.989531205117905,0.998359509329208
29.8,12,0.993926601523634,0.989521148109756,0.998351668484751
30,12,0.993929285527889,0.989513505397451,0.998364771416817
30.2,12,0.993944165214043,0.989509298733911,0.998398908253923
30.4,12,0.993971798792396,0.989510177350387,0.998453537325009
30.6,12,0.99401274501222,0.989518321856129,0.998527581978808
30.8,12,0.994067563234964,0.989536315272743,0.998619560519649
31,12,0.994136813510625,0.989566991906467,0.998727738556656
31.2,12,0.994221056657315,0.989613273209678,0.998850294615391
31.4,12,0.994320854344038,0.989677996082542,0.998985493561483
31.6,12,0.994436769176678,0.989763734338565,0.999131867113125
31.8,12,0.994569364787228,0.98987260932837,0.999288405448882
32,12,0.994719205926273,0.990006081741518,0.999454767891958
32.2,12,0.994886858558739,0.990164714033418,0.999631523225005
32.4,12,0.995072737724917,0.990347656522936,0.999820362921643
32.6,12,0.995275225160787,0.990549637250627,1.00002335730322
32.8,12,0.995491251635448,0.990762553489358,1.00024251884824
33,12,0.995717714700009,0.990978282225536,1.00047981388735
33.2,12,0.995951509478271,0.991189164383478,1.00073673610932
33.4,12,0.996189528389413,0.991388406268639,1.00101390151199
33.6,12,0.996428660967583,0.991570411585738,1.00131071358799
33.8,12,0.996665793778539,0.991731001493627,1.00162514128544
34,12,0.996897810433514,0.991867492087561,1.00195364035522
34.2,12,0.997121591700447,0.991978624315389,1.00229122308095
34.4,12,0.997334015712742,0.992064369798536,1.00263165292359
34.6,12,0.997531958275705,0.99212565540562,1.00296772123541
34.8,12,0.997712293270768,0.992164053518849,1.00329155910576
35,12,0.997871893157586,0.992181475516242,1.00359494681737
35.2,12,0.998007629574067,0.992179889694737,1.00386959968972
35.4,12,0.998116374034321,0.992161068339705,1.00410742560433
35.6,12,0.998194998724485,0.992126355682209,1.00430076247035
35.8,12,0.998240377396288,0.992076439766359,1.00444261260651
36,12,0.998249386358167,0.992011105659945,1.00452689660316
36.2,12,0.998218905563654,0.991928943497368,1.00454875317119
36.4,12,0.998145819796668,0.991826981779953,1.00450491454628
36.6,12,0.998027019953235,0.991700215097684,1.00439418827657
36.8,12,0.997859404419061,0.991540999980233,1.00421807167572
37,12,0.997639880542274,0.991338312255931,1.0039815055503
37.2,12,0.997365887537475,0.991077117007831,1.00369456276686
37.4,12,0.997038366529337,0.990739527443387,1.00337725183605
37.6,12,0.996659699064781,0.990305955405156,1.00305420796294
37.8,12,0.996232275648876,0.989756553168949,1.0027503671149
38,12,0.995758490173531,0.989073583291238,1.00248857870942
38.2,12,0.995240738789534,0.988243880361912,1.00228713562446
38.4,12,0.994681418834627,0.987260562165395,1.00215805521979
38.6,12,0.994082927817934,0.98612337555882,1.00210672606668
38.8,12,0.993447662461,0.984837712891301,1.00213288456609
39,12,0.992778017795637,0.983412895603568,1.00223232481949
39.2,12,0.992076386318707,0.981860418702479,1.0023986480602
39.4,12,0.991345157203917,0.980192582655869,1.00262462510053
39.6,12,0.990586715570645,0.978421619631037,1.00290306487205
39.8,12,0.989803441809762,0.976559231910275,1.00322727122451
40,12,0.988997710966376,0.974616406516659,1.0035912239489
0,13,1.02272921768785,0.992793266403023,1.05356783542867
0.2,13,1.02261407548337,0.994591250901884,1.05142644923574
0.4,13,1.02249437015934,0.996332090672176,1.04934363431194
0.6,13,1.02236936729002,0.998006071052215,1.04732741963281
0.8,13,1.02223833288485,0.999602878572566,1.04538635454054
1,13,1.02210053342923,1.00111156760832,1.04352954679378
1.2,13,1.02195523593046,1.00252057496792,1.04176665329698
1.4,13,1.02180170796901,1.00381782475672,1.04010778117177
1.6,13,1.02163921775498,1.00499098582779,1.03856323685858
1.8,13,1.02146703418985,1.0060279625142,1.03714304255422
2,13,1.02128442693339,1.00691770201497,1.0358561366132
2.2,13,1.02109066647589,1.00765136398486,1.03470921236191
2.4,13,1.02088502421543,1.00822379212527,1.03370525552708
2.6,13,1.02066677254049,1.00863505193761,1.03284201611571
2.8,13,1.02043518491764,1.00889161750673,1.0321108318763
3,13,1.0201895359844,1.00900673814541,1.03149627250761
3.2,13,1.01992910164722,1.00899970742182,1.03097688208945
3.4,13,1.01965315918461,1.00889414391765,1.0305269103832
3.6,13,1.01936098735526,1.0087157467201,1.03011856999415
3.8,13,1.019051891918,1.00849005114941,1.02972434605387
4,13,1.01872606883956,1.00823904562429,1.0293221710043
4.2,13,1.01838481441533,1.00797856585211,1.02889849582765
4.4,13,1.01802949223832,1.00771958525285,1.02844487914461
4.6,13,1.0176614646416,1.00746908766282,1.02795695599853
4.8,13,1.01728209252008,1.00723081722727,1.02743367067623
5,13,1.01689273517053,1.00700593013558,1.02687660906165
5.2,13,1.01649475014969,1.00679354017462,1.0262894385503
5.4,13,1.01608949315059,1.0065911735681,1.02567744005871
5.6,13,1.01567831789685,1.00639515834297,1.02504710688822
5.8,13,1.01526257605512,1.00620097599546,1.02440578267013
6,13,1.01484361716546,1.00600360172643,1.02376131212059
6.2,13,1.01442278858976,1.00579785482483,1.02312168302391
6.4,13,1.01400143547792,1.00557877238319,1.02249464625679
6.6,13,1.01358090075209,1.00534200667282,1.02188731352171
6.8,13,1.01316252510852,1.00508422954036,1.02130574942332
7,13,1.01274764703733,1.00480350889329,1.02075459281519
7.2,13,1.01233760285985,1.00449960834444,1.02023675634188
7.4,13,1.01193372678372,1.00417415821878,1.01975325596786
7.6,13,1.01153735097554,1.00383065867608,1.01930320973468
7.8,13,1.01114980565108,1.00347430155614,1.01888401913502
8,13,1.01077241918305,1.00311162761043,1.0184917164353
8.2,13,1.01040651822628,1.00275005814533,1.01812143891812
8.4,13,1.0100534278604,1.00239734641613,1.01776798470197
8.6,13,1.00971437470405,1.00206079641362,1.01742640978757
8.8,13,1.00938924217781,1.00174413091388,1.01709269940499
9,13,1.00907693488396,1.00144750738993,1.01676448640691
9.2,13,1.00877633698645,1.00116953639323,1.01644093340062
9.4,13,1.00848633439961,1.00090771156094,1.0161223406748
9.6,13,1.00820581466554,1.00065875261172,1.01580979736837
9.8,13,1.00793366684378,1.00041891248699,1.01550486908688
10,13,1.00766878141332,1.0001842577084,1.01520931289346
10.2,13,1.00741005018679,0.999950926956514,1.01492481466691
10.4,13,1.00715636623686,0.999715367773172,1.01465274892282
10.6,13,1.00690662383484,0.999474546400205,1.01439396608356
10.8,13,1.0066597184014,0.999226122268722,1.01414861568188
11,13,1.00641454646947,0.998968577532218,1.01391601510376
11.2,13,1.00617000565915,0.998701293781165,1.01369457173243
11.4,13,1.00592499466482,0.998424572380995,1.01348176205071
11.6,13,1.00567841325424,0.998139600617321,1.01327416551758
11.8,13,1.0054291622797,0.997848371414467,1.01306754545234
12,13,1.00517614370122,0.997553568323532,1.01285696522952
12.2,13,1.0049182606217,0.997258428883151,1.01263692668099
12.4,13,1.00465441733413,0.996966598286246,1.01240151877102
12.6,13,1.00438351938065,0.996681982125645,1.01214456777075
12.8,13,1.00410447362365,0.996408602670406,1.01185978447892
13,13,1.00381618832868,0.99615045831676,1.01154090884361
13.2,13,1.00351757325928,0.995911380812198,1.01118185738465
13.4,13,1.00320784969819,0.995694613895093,1.0107777782979
13.6,13,1.00288837549605,0.995501039992022,1.01033053035602
13.8,13,1.00256140655138,0.995330111672014,1.00984523839815
14,13,1.00222919918827,0.995180725792835,1.0093275941466
14.2,13,1.00189400685967,0.995051343002401,1.0087837256242
14.4,13,1.00155808005508,0.994940080369501,1.0082201004015
14.6,13,1.00122366625872,0.994844790878647,1.00764344254262
14.8,13,1.0008930099583,0.994763139773924,1.0070606532637
15,13,1.0005683527041,0.994692687478754,1.00647872557561
15.2,13,1.00025193321831,0.994630988984752,1.0059046430156
15.4,13,0.999945987554496,0.994575719535807,1.00534525264
15.6,13,0.99965274930716,0.994524835140964,1.00480710374188
15.8,13,0.999374449871167,0.994476772625757,1.00429624758179
16,13,0.999113318751115,0.994430686306304,1.00381800104506
16.2,13,0.998871583920483,0.994386706571048,1.0033766889386
16.4,13,0.998651472230581,0.994346191460062,1.00297539383532
16.6,13,0.998455209869249,0.994311930511416,1.00261575419526
16.8,13,0.998285022869347,0.994288257476281,1.00229785416029
17,13,0.998143137667074,0.994281040167101,1.00202023675764
17.2,13,0.998031781710187,0.994297540687115,1.00178004726359
17.4,13,0.997953184116241,0.994346168859083,1.00157328391023
17.6,13,0.997909576381007,0.994436173563259,1.00139511122638
17.8,13,0.997903193137257,0.994577322486937,1.00124018551269
18,13,0.99793627295181,0.994779610254503,1.00110295246016
18.2,13,0.998010065947366,0.995050907363549,1.00097802470358
18.4,13,0.99812212686235,0.9953906464343,1.0008611028253
18.6,13,0.998269152226427,0.995795293356653,1.00074915691528
18.8,13,0.998447840533248,0.996260379219145,1.00064010479556
19,13,0.998654891136138,0.99678073482749,1.00053257125072
19.2,13,0.998887003253436,0.997350663446056,1.00042570967077
19.4,13,0.999140875083291,0.997964068219307,1.00031906964693
19.6,13,0.999413203027834,0.998614546843951,1.00021249794836
19.8,13,0.999700681026708,0.999295462805809,1.00010606356518
20,13,1,1,1
20.2,13,1.0003078474007,0.999894659813708,1.00072120572966
20.4,13,1.00062090687683,0.999790477724152,1.0014520257866
20.6,13,1.00093585804343,0.999687939445564,1.00218533442825
20.8,13,1.00124937636467,0.999587554043288,1.00291396147898
21,13,1.0015581331462,0.999489827931271,1.00363071843117
21.2,13,1.00185879563816,0.999395238801973,1.00432842525922
21.4,13,1.0021480272489,0.999304207768968,1.00499993966907
21.6,13,1.00242248786977,0.999217067819143,1.00563819068882
21.8,13,1.00267883431111,0.999134026288896,1.00623621888821
22,13,1.00291372084959,0.999055118445302,1.00678722614786
22.2,13,1.00312379988707,0.998980148283985,1.00728463886734
22.4,13,1.003305722721,0.998908611222221,1.00772218993393
22.6,13,1.00345614042636,0.998839591287109,1.00809402685154
22.8,13,1.00357171565339,0.998771620481339,1.00839488007689
23,13,1.00365080328272,0.998702253742803,1.00862387278587
23.2,13,1.00369527386633,0.998628029693723,1.00878823027888
23.4,13,1.00370743950609,0.998545348491067,1.00889621652359
23.6,13,1.00368961568991,0.998450656147437,1.00895606451983
23.8,13,1.00364412057304,0.99834055514222,1.00897586056427
24,13,1.00357327431244,0.998211937235089,1.00896340681308
24.2,13,1.00347939845438,0.998062135554716,1.0089260650718
24.4,13,1.00336481537552,0.997889087150884,1.00887059062641
24.6,13,1.00323184777747,0.997691491604055,1.00880297052231
24.8,13,1.00308281823503,0.997468947530755,1.00872828445349
25,13,1.00292004879803,0.997222048550873,1.00865060669557
25.2,13,1.00274586064694,0.996952424356399,1.00857296344276
25.4,13,1.00256257380214,0.99666272031671,1.00849735211263
25.6,13,1.0023725068868,0.996356518457416,1.00842481978049
25.8,13,1.00217797694353,0.996038210881612,1.00835558967326
26,13,1.00198129930445,0.995712841543599,1.00828921981105
26.2,13,1.00178478751494,0.995385932926941,1.00822477724327
26.4,13,1.00159075331067,0.99506331127203,1.00816101423238
26.6,13,1.0014015066482,0.994750939030717,1.00809653770663
26.8,13,1.00121935578867,0.994454757728073,1.00802996880024
27,13,1.00104660743493,0.994180539424264,1.00796009428761
27.2,13,1.00088556692171,0.993933740900723,1.00788601578648
27.4,13,1.00073853845894,0.993719351456139,1.00780730584489
27.6,13,1.00060778934367,0.993541636376252,1.00772419739444
27.8,13,1.00049438641358,0.993401202309984,1.00763821799034
28,13,1.00039794622452,0.99329449727725,1.00755219479575
28.2,13,1.00031799956044,0.993217319249368,1.00746944384824
28.4,13,1.00025407818508,0.99316523442332,1.00739351947496
28.6,13,1.00020571476613,0.993133766577272,1.00732802117749
28.8,13,1.00017244280171,0.993118575082761,1.00727641234237
29,13,1.00015379654905,0.993115624614512,1.00724184773525
29.2,13,1.00014931095542,0.993121344079434,1.00722701225582
29.4,13,1.0001585215913,0.993132767792941,1.00723397792494
29.6,13,1.00018096458562,0.993147649074492,1.00726408893144
29.8,13,1.00021617656339,0.993164535846053,1.00731788515469
30,13,1.00026369458534,0.993182799769345,1.00739507262699
30.2,13,1.00032305608985,0.993202614566938,1.00749454529099
30.4,13,1.00039379883698,0.993224884372293,1.00761445720721
30.6,13,1.00047546085469,0.99325112780422,1.00775233951681
30.8,13,1.00056758038725,0.993283326656652,1.00790525326925
31,13,1.00066969584571,0.993323748909441,1.00806996840991
31.2,13,1.00078134576063,0.993374754214514,1.00824316077412
31.4,13,1.00090206873684,0.993438586694622,1.00842162225136
31.6,13,1.00103140341048,0.993517155676243,1.00860248349903
31.8,13,1.001168888408,0.993611800716695,1.0087834528466
32,13,1.00131406230749,0.993723033714078,1.00896307860285
32.2,13,1.00146646360196,0.993850248741461,1.00914104412557
32.4,13,1.00162554550658,0.993991202988784,1.00931852353895
32.6,13,1.0017896229699,0.994139611012584,1.00949850259762
32.8,13,1.00195619861029,0.994286736761872,1.0096848190926
33,13,1.00212275597632,0.994423890692318,1.00988122615036
33.2,13,1.002286776949,0.994542979515799,1.01009086981429
33.4,13,1.00244574177389,0.994636961022346,1.01031582836787
33.6,13,1.00259712915647,0.994700211767504,1.0105567401123
33.8,13,1.00273841642098,0.99472877095514,1.01081255627199
34,13,1.00286707973266,0.994720434493707,1.01108044505331
34.2,13,1.00298059438346,0.994674694632085,1.01135585145441
34.4,13,1.00307643514127,0.994592544711071,1.01163269329351
34.6,13,1.00315207666272,0.994476186435584,1.01190365605391
34.8,13,1.00320499396941,0.994328683266888,1.01216054294898
35,13,1.0032326629876,0.994153598123053,1.01239464202052
35.2,13,1.00323256115131,0.993954640711538,1.01259708494718
35.4,13,1.00320216806853,0.993735334701742,1.01275918735391
35.6,13,1.0031389662506,0.993498701407342,1.01287277395016
35.8,13,1.00304044190436,0.993246946349429,1.01293050212081
36,13,1.00290408578683,0.992981128010809,1.01292620465287
36.2,13,1.00272739412217,0.992700783625999,1.01285527674353
36.4,13,1.00250786958042,0.99240348471956,1.01271513456513
36.6,13,1.0022430223176,0.992084296380645,1.01250577138348
36.8,13,1.00193037107666,0.991735122400596,1.01223042908459
37,13,1.0015674443486,0.991343940425174,1.01189638093592
37.2,13,1.0011522363049,0.990894038519339,1.01151663174401
37.4,13,1.00068579644257,0.990364517077868,1.01111464105814
37.6,13,1.00017042981538,0.989732385485413,1.01071855720519
37.8,13,0.999608448094203,0.988974418858862,1.01035682060842
38,13,0.999002164653362,0.98806931326199,1.01005598654543
38.2,13,0.99835389353625,0.986999940781009,1.00983845647478
38.4,13,0.997665948473238,0.985755128514241,1.00972068615378
38.6,13,0.996940641951953,0.984330457837227,1.0097123741953
38.8,13,0.996180284340148,0.982727933400815,1.00981678161301
39,13,0.995387183061276,0.980954786336939,1.0100319178853
39.2,13,0.994563641822819,0.979021897492909,1.01035210771987
39.4,13,0.993711959897375,0.976942283726481,1.01076949548797
39.6,13,0.99283443145649,0.974729900050002,1.0112752345393
39.8,13,0.991933344957114,0.972398821693304,1.01186029732576
40,13,0.991010982580597,0.96996275638008,1.01251595603587
0,14,0.976083350547912,0.933433065426233,1.02068240616888
0.2,14,0.976486449001221,0.936366609419104,1.01832527504858
0.4,14,0.97687566716997,0.939214189896808,1.01604732911203
0.6,14,0.977248727872971,0.941960770224197,1.01385865135555
0.8,14,0.977603351209617,0.944590606048408,1.01176986747134
1,14,0.977937254961754,0.947087309101643,1.00979209144855
1.2,14,0.978248155048699,0.949434011699072,1.00793677187067
1.4,14,0.978533766035432,0.951613685664224,1.00621538518872
1.6,14,0.978791801693965,0.95360967996036,1.00463891170142
1.8,14,0.979019975617866,0.955406538679755,1.00321703259777
2,14,0.979216001889861,0.956991130200433,1.00195701725714
2.2,14,0.979377595802413,0.958354043863254,1.00086234445584
2.4,14,0.979502474631117,0.959491090608377,0.999931221039422
2.6,14,0.979588358460706,0.960404610152051,0.999155295474703
2.8,14,0.979632971063424,0.961104211536377,0.998518939439927
3,14,0.979634040829441,0.961606636605411,0.997999407886386
3.2,14,0.979589301748955,0.961934656091819,0.997567967869752
3.4,14,0.979496494445537,0.962115196646394,0.997191797796442
3.6,14,0.979353367260237,0.962177103401418,0.996836252466731
3.8,14,0.979157774660679,0.962148984548149,0.996467244757014
4,14,0.978910983193969,0.962057649154807,0.996059554081448
4.2,14,0.978618477299531,0.961925596465281,0.995601039863397
4.4,14,0.978286003272456,0.961769866717238,0.99508576564727
4.6,14,0.977919305048861,0.961602809564288,0.99451265915141
4.8,14,0.977524122035328,0.961432903674424,0.99388465436224
5,14,0.97710618727466,0.961265495488838,0.993207917782283
5.2,14,0.976671225947709,0.961103445040221,0.99249117097305
5.4,14,0.976224954210781,0.960947689699854,0.991745098551108
5.6,14,0.975773078367867,0.960797747201968,0.990981820305367
5.8,14,0.975321294376814,0.960652182086373,0.990214403301419
6,14,0.974875287688441,0.960509057455248,0.989456392075616
6.2,14,0.974440733417524,0.96036638772035,0.988721341234381
6.4,14,0.974023296844621,0.960222598137311,0.988022344648463
6.6,14,0.973628634247713,0.960076983879198,0.987371568472413
6.8,14,0.973262394062788,0.95993014673958,0.986779809879028
7,14,0.972930218372626,0.959784374355976,0.986256116596791
7.2,14,0.972637744723276,0.959643919323009,0.985807509860286
7.4,14,0.972390608267989,0.959515137537727,0.985438851412192
7.6,14,0.972194444238668,0.959406457812376,0.98515288250579
7.8,14,0.972054890745308,0.95932817529909,0.98495044235231
8,14,0.971977591904296,0.959292083047541,0.984830851686759
8.2,14,0.971968201296944,0.959310971523773,0.98479243162602
8.4,14,0.972032385760157,0.959398029956742,0.984833123963351
8.6,14,0.972175379009216,0.959565623272807,0.984950840910869
8.8,14,0.972396202572257,0.959817349444048,0.985139907425757
9,14,0.972689343497798,0.960149270616457,0.985393196566952
9.2,14,0.97304919543068,0.960555540017706,0.985705352041216
9.4,14,0.973470158161909,0.961028973930789,0.986072402120958
9.6,14,0.973946633926369,0.9615614527424,0.986491339717446
9.8,14,0.974473024026285,0.96214428433188,0.986959741920974
10,14,0.975043725779334,0.962768537748187,0.987475421044869
10.2,14,0.975653129790748,0.963425351439221,0.988036102899389
10.4,14,0.976295617549288,0.964106215624365,0.988639132700408
10.6,14,0.976965559347325,0.964803223880878,0.989281213542748
10.8,14,0.977657312525686,0.965509285682571,0.989958185704274
11,14,0.978365220044187,0.966218290334454,0.990664856345017
11.2,14,0.97908360937905,0.966925213942874,0.991394887972528
11.4,14,0.979806791748631,0.967626164596154,0.992140750511244
11.6,14,0.980529061668989,0.968318366004125,0.992893736741716
11.8,14,0.981244696840973,0.969000085200184,0.99364403552103
12,14,0.981947958370519,0.96967051422588,0.994380852879497
12.2,14,0.982633091323858,0.970329618018837,0.995092568787215
12.4,14,0.983294325619257,0.970977960619835,0.995766917487827
12.6,14,0.983925877256812,0.97161651948246,0.996391181627151
12.8,14,0.98452194988763,0.972246493623037,0.996952394447365
13,14,0.985076736723499,0.972869106114796,0.997437549547714
13.2,14,0.985584422787886,0.973485395246157,0.997833823892661
13.4,14,0.986040164267155,0.974096166794216,0.998130614503687
13.6,14,0.9864458508118,0.974702776104802,0.998330404343887
13.8,14,0.986806221962006,0.975306197279701,0.998441845667533
14,14,0.987126040927733,0.975906630049793,0.998474434616704
14.2,14,0.987410082574197,0.976503664145122,0.998438313104259
14.4,14,0.987663131568399,0.977096416799014,0.998344119053452
14.6,14,0.987889980756357,0.977683655041516,0.998202853291389
14.8,14,0.988095429772119,0.978263915103126,0.998025750784876
15,14,0.988284283879382,0.97883563064032,0.997824144513472
15.2,14,0.988461353046416,0.979397281088684,0.997609310677552
15.4,14,0.988631451254829,0.979947570525364,0.997392284860949
15.6,14,0.988799396042589,0.980485644999379,0.997183641189166
15.8,14,0.988970008281669,0.981011351234047,0.996993231577094
16,14,0.989148112190598,0.981525531024408,0.996829890740656
16.2,14,0.989338535582229,0.982030333624336,0.996701124674642
16.4,14,0.98954611034701,0.982529514904693,0.996612813812398
16.6,14,0.989775673172125,0.983028681346453,0.996568972800976
16.8,14,0.990032066496946,0.983535434658917,0.996571611100242
17,14,0.990320139705339,0.984059383253018,0.996620728175954
17.2,14,0.99064475055553,0.98461200946388,0.996714454394668
17.4,14,0.99101076684841,0.985206409658377,0.996849320489115
17.6,14,0.991423068335369,0.985856947918812,0.997020614910211
17.8,14,0.991886548866996,0.986578874275278,0.997222778103766
18,14,0.992406118760792,0.987387952606419,0.997449788559893
18.2,14,0.992984821233573,0.988296657529645,0.997695224088821
18.4,14,0.993618685245406,0.989303852859388,0.997952336701486
18.6,14,0.994302100864463,0.990403803900648,0.998215741791173
18.8,14,0.995029450460694,0.991589427238316,0.998481407815734
19,14,0.995795106041443,0.992852601869297,0.998746330874428
19.2,14,0.996593426906263,0.994184403195912,0.999008287959483
19.4,14,0.997418757621577,0.995575278945968,0.999265649814676
19.6,14,0.998265426316191,0.997015182237404,0.999517238184802
19.8,14,0.999127743298937,0.998493673485969,0.999762215762957
20,14,1,1,1
20.2,14,1.00087646823766,1.00023019411795,1.0015231599315
20.4,14,1.00175139981235,1.00045253026208,1.00305195566163
20.6,14,1.00261902642995,1.00066682085005,1.00457504057685
20.8,14,1.0034735599564,1.0008729149288,1.00608096243988
21,14,1.00430919300557,1.00107065680586,1.00755820610483
21.2,14,1.00512009986234,1.00125984442488,1.0089952381218
21.4,14,1.00590043774271,1.00144018492851,1.01038055580246
21.6,14,1.00664434839255,1.0016112445874,1.01170274358101
21.8,14,1.00734596002635,1.0017723897422,1.01295054003489
22,14,1.00799938960723,1.00192271454149,1.01411291979094
22.2,14,1.00859874546874,1.00206094996467,1.01517919583333
22.4,14,1.00913813027911,1.00218534675218,1.01613914959289
22.6,14,1.00961164434758,1.00229352223822,1.01698319881984
22.8,14,1.01001340899844,1.00238225862454,1.01770265542853
23,14,1.01034063775787,1.00244751507784,1.01829590971226
23.2,14,1.01059697226165,1.00248509560778,1.01877448833812
23.4,14,1.01078687264009,1.0024908353293,1.01915156318204
23.6,14,1.01091481613038,1.00246072478398,1.01944020369689
23.8,14,1.0109852942214,1.00239108017847,1.01965319259421
24,14,1.01100280999402,1.00227873577994,1.01980282063992
24.2,14,1.01097187565856,1.00212125174545,1.01990066730189
24.4,14,1.0108970102912,1.00191712381353,1.0199573808321
24.6,14,1.01078273777018,1.00166597593612,1.01998247671272
24.8,14,1.01063358491316,1.0013687145879,1.01998417573368
25,14,1.01045407981611,1.00102762537195,1.01996930108461
25.2,14,1.01024875039437,1.00064639878596,1.01994324759639
25.4,14,1.01002212312624,1.00023008132208,1.01991002695704
25.6,14,1.00977872199906,0.999784958026847,1.01987238277161
25.8,14,1.00952306765782,0.999318380627369,1.01983196135495
26,14,1.00925967675628,0.998838559529547,1.019789519946
26.2,14,1.00899306151013,0.99835433797067,1.01974515405521
26.4,14,1.00872772945215,0.997874963163926,1.01969852910173
26.6,14,1.00846818338879,0.997409863854408,1.01964910691512
26.8,14,1.00821892155792,0.996968437746863,1.01959636363686
27,14,1.00798443798749,0.996559846748343,1.01954000107484
27.2,14,1.00776922305447,0.996192813317687,1.01948015821705
27.4,14,1.00757776424419,0.995875407407685,1.0194176334186
27.6,14,1.00741446814508,0.99561466260176,1.01935412238297
27.8,14,1.00728111468955,0.995411602588345,1.0192921615259
28,14,1.0071763110031,0.995260379925313,1.01923490767505
28.2,14,1.00709847736752,0.995154230415061,1.01918608404342
28.4,14,1.00704603680345,0.995086128261548,1.0191496911059
28.6,14,1.00701741466118,0.995049050442114,1.01912973333356
28.8,14,1.00701103823639,0.995036218122579,1.01912997000579
29,14,1.00702533641068,0.9950413182155,1.01915368699636
29.2,14,1.00705873931677,0.995058702079428,1.01920349253258
29.4,14,1.00710967802838,0.99508355391934,1.01928114436573
29.6,14,1.00717658427461,0.995112019109096,1.01938741813132
29.8,14,1.00725789017888,0.99514128274173,1.0195220265934
30,14,1.00735202802234,0.995169591163507,1.01968359701818
30.2,14,1.00745743003169,0.995196213465739,1.01986970970423
30.4,14,1.00757252819149,0.995221344827959,1.02007699577795
30.6,14,1.00769575408085,0.995245957977229,1.02030128799158
30.8,14,1.00782553873458,0.99527161179755,1.02053781549257
31,14,1.00796031252871,0.99530022673041,1.02078143292554
31.2,14,1.00809850509056,0.995333835079543,1.02102687575632
31.4,14,1.00823854523315,0.995374311168433,1.02126903687175
31.6,14,1.00837886091419,0.995423082246545,1.0215032635608
31.8,14,1.00851787921948,0.99548081690039,1.02172567812236
32,14,1.00865402637092,0.995547084277767,1.0219335287917
32.2,14,1.00878572775902,0.995619975519473,1.02212557959107
32.4,14,1.00891139655545,0.995695535891669,1.02230267125574
32.6,14,1.00902929229624,0.99576589658168,1.02246935369748
32.8,14,1.0091375648385,0.995820989027748,1.02263221601949
33,14,1.00923436114594,0.99585085999555,1.0227977266819
33.2,14,1.00931782782547,0.995846344599296,1.02297154886504
33.4,14,1.00938611135469,0.995799623406522,1.02315797058682
33.6,14,1.00943735834347,0.995704665364393,1.02335945171708
33.8,14,1.00946971582953,0.995557522975758,1.02357632146763
34,14,1.00948133160791,0.995356456092451,1.02380664999698
34.2,14,1.00947035459439,0.995101879959694,1.02404629850182
34.4,14,1.0094349352227,0.994796155190972,1.02428913012078
34.6,14,1.0093732258755,0.99444325486167,1.02452734646587
34.8,14,1.009283381349,0.994048351918336,1.02475190658629
35,14,1.00916355935107,0.993617367666386,1.02495298760122
35.2,14,1.00901192103269,0.993156511775483,1.02512045655926
35.4,14,1.0088266315526,0.992671830140078,1.02524433718054
35.6,14,1.00860586067485,0.992168762775756,1.02531526929112
35.8,14,1.00834778339915,0.991651702030482,1.02532497065661
36,14,1.00805058062357,0.99112353264403,1.02526671966377
36.2,14,1.00771243983942,0.990585129726234,1.02513588275625
36.4,14,1.00733155585799,0.990034788755039,1.0249305124957
36.6,14,1.0069061315686,0.989467564376857,1.02465203943189
36.8,14,1.00643437872778,0.988874505056832,1.02430607069494
37,14,1.00591451877892,0.988241793840089,1.0239032850031
37.2,14,1.00534516270088,0.987549701487779,1.02346129480205
37.4,14,1.00472746867009,0.98677207467963,1.02300958063487
37.6,14,1.00406364037928,0.985879839835076,1.02258282723414
37.8,14,1.00335588566638,0.984843641216082,1.02221610737952
38,14,1.00260641235406,0.983636015767874,1.02194267186196
38.2,14,1.00181742732702,0.982233666670248,1.02179164872086
38.4,14,1.00099113565683,0.980619404213605,1.02178607659418
38.6,14,1.00012973977416,0.978783327924126,1.02194169827366
38.8,14,0.999235438688745,0.976723021770749,1.02226674264451
39,14,0.998310427256908,0.974442830798607,1.0227626266726
39.2,14,0.99735689549678,0.971952526624878,1.02342527000692
39.4,14,0.996377027951101,0.96926574900448,1.02424663498976
39.6,14,0.995373003097523,0.966398541229545,1.02521617430717
39.8,14,0.994346992806296,0.963368159463939,1.02632200617165
40,14,0.993301161845162,0.960192208215188,1.02755176482523
