"value","lag","rr","lo","hi"
0,0,1.15137618594578,1.10989925708079,1.19440310740433
0.2,0,1.1512718849308,1.11141307804115,1.19256015537279
0.4,0,1.15114355857262,1.11276778280977,1.19084279120414
0.6,0,1.15099005769828,1.11396135575306,1.18924961452071
0.8,0,1.1508102353543,1.11499376637748,1.18777722148077
1,0,1.15060294706436,1.11586715948808,1.18642002368862
1.2,0,1.15036705109822,1.11658595041012,1.18517016246386
1.4,0,1.15010140875175,1.11715680156988,1.18401754216954
1.6,0,1.14980488463796,1.11758846911257,1.18294999391601
1.8,0,1.14947634698902,1.11789152396467,1.18195356522713
2,0,1.14911466796907,1.1180779672627,1.18101291574008
2.2,0,1.14871872399774,1.11816077161812,1.18011178746097
2.4,0,1.14828739608434,1.11815338465901,1.17923351312689
2.6,0,1.14781962149704,1.1180692061572,1.17836165797091
2.8,0,1.14731517487749,1.11792056344252,1.17748268843956
3,0,1.14677450983588,1.1177177469847,1.17658664717195
3.2,0,1.14619810215539,1.11746906786079,1.17566573175902
3.4,0,1.14558643013416,1.11718100545909,1.17471409063944
3.6,0,1.14493997444543,1.11685837552856,1.17372763978488
3.8,0,1.14425921799925,1.11650450959294,1.17270386883938
4,0,1.14354464580559,1.11612143668054,1.17164164576916
4.2,0,1.14279674483912,1.11571006188296,1.17054102551591
4.4,0,1.1420160039055,1.11527033897118,1.16940306543019
4.6,0,1.14120291350928,1.11480143620539,1.16822964835338
4.8,0,1.14035796572355,1.11430189567619,1.1670233130134
5,0,1.13948165406115,1.11376978712785,1.16578709078673
5.2,0,1.13857447334768,1.11320285734121,1.16452434775022
5.4,0,1.13763691959623,1.11259867588627,1.16323863121395
5.6,0,1.13666948988382,1.11195477746897,1.16193352051027
5.8,0,1.13567268222973,1.11126880027751,1.16061248263318
6,0,1.13464699547558,1.11053861877327,1.1592787342811
6.2,0,1.13359292916724,1.10976246839059,1.15793511283687
6.4,0,1.13251098343868,1.10893905874446,1.1565839596825
6.6,0,1.13140165889758,1.10806767134635,1.15522701984515
6.8,0,1.13026545651295,1.10714823762835,1.15386536216956
7,0,1.1291028775046,1.10618139336476,1.15249932392307
7.2,0,1.12791442323456,1.1051685063725,1.15112848294626
7.4,0,1.12670059510047,1.10411167558948,1.14975165924408
7.6,0,1.1254618944309,1.10301370110577,1.14836694643607
7.8,0,1.12419882238264,1.10187802622678,1.14697177197941
8,0,1.12291187984002,1.10070865393128,1.14556298379441
8.2,0,1.1216015673162,1.09951004093537,1.14413696007356
8.4,0,1.12026838485644,1.09828697283919,1.14268973878889
8.6,0,1.11891283194344,1.0970444234632,1.14121716378213
8.8,0,1.11753540740465,1.09578740050058,1.13971504530218
9,0,1.11613658937994,1.09452073287534,1.13817934072388
9.2,0,1.11471604896015,1.09324706216883,1.13660663980585
9.4,0,1.11327239559983,1.09196592415646,1.13499459954485
9.6,0,1.11180417477818,1.09067596652921,1.13334167157619
9.8,0,1.11030994171026,1.08937523393452,1.13164695529947
10,0,1.10878826168675,1.08806127978012,1.12991008144574
10.2,0,1.10723771043198,1.08673126800635,1.12813110609375
10.4,0,1.10565687448013,1.08538206658573,1.12631041337425
10.6,0,1.10404435156897,1.08401033444122,1.12444862516894
10.8,0,1.10239875105117,1.08261260326749,1.12254651631734
11,0,1.10071869432252,1.08118535543605,1.12060493414881
11.2,0,1.09900281526702,1.0797250987927,1.11862472152897
11.4,0,1.09724976071815,1.07822843873634,1.11660664302923
11.6,0,1.09545819093623,1.07669214752398,1.11455131427207
11.8,0,1.09362678010124,1.07511323030321,1.11245913494832
12,0,1.09175421682082,1.07348898696299,1.11033022641261
12.2,0,1.08983920465298,1.07181706855473,1.10816437510203
12.4,0,1.08788046264299,1.07009552680781,1.10596098325049
12.6,0,1.08587672587408,1.06832285518429,1.10371902845007
12.8,0,1.08382674603143,1.06649802001095,1.10143703351743
13,0,1.08172929197887,1.06462048049965,1.09911304784962
13.2,0,1.07958315034782,1.06269019690057,1.09674464101975
13.4,0,1.07738712613793,1.06070762658556,1.09432890880993
13.6,0,1.07514004332878,1.05867370846691,1.09186249127027
13.8,0,1.0728407455021,1.05658983674724,1.08934160180157
14,0,1.07048809647389,1.05445782549702,1.08676206575844
14.2,0,1.06808098093581,1.05227986590869,1.08411936671587
14.4,0,1.06561830510509,1.0500584782441,1.08140869837448
14.6,0,1.06309899738249,1.04779646046294,1.07862502010773
14.8,0,1.06052200901738,1.04549683530375,1.07576311436992
15,0,1.05788631477939,1.04316279720796,1.07281764456407
15.2,0,1.0551909136358,1.04079765995612,1.06978321248963
15.4,0,1.05243485164473,1.03840481975121,1.06665444524982
15.6,0,1.04962153113891,1.03599048825423,1.06343192444451
15.8,0,1.04676379663612,1.03356675498108,1.06012934400945
16,0,1.04387561520413,1.03114603037419,1.05676234783386
16.2,0,1.0409708073198,1.0287402791036,1.05334674232476
16.4,0,1.03806304377518,1.02636107996915,1.04989842647207
16.6,0,1.0351658443932,1.02401967737518,1.04643333431343
16.8,0,1.0322925785189,1.02172702604625,1.04296738805945
17,0,1.02945646725203,1.01949383038619,1.03951646040426
17.2,0,1.02667058738713,1.01733057965285,1.03609634477469
17.4,0,1.02394787702864,1.0152475799285,1.03272273246423
17.6,0,1.02130114285016,1.01325498370929,1.02941119575711
17.8,0,1.01874306896906,1.01136281781147,1.02617717627618
18,0,1.01628622741108,1.00958101019552,1.02303597789089
18.2,0,1.01394309014239,1.00791941623654,1.02000276360012
18.4,0,1.01172604265104,1.00638784491848,1.01709255586374
18.6,0,1.00964739906403,1.0049960853985,1.01432023989681
18.8,0,1.00771941879143,1.00375393437465,1.01170056946478
19,0,1.00595432469456,1.00267122469358,1.00924817472541
19.2,0,1.00436432278131,1.00175785565633,1.00697757165582
19.4,0,1.00296162343868,1.00102382551887,1.00490317257868
19.6,0,1.00175846421949,1.00047926674086,1.00303929726044
19.8,0,1.00076713420829,1.00013448461399,1.00140018399428
20,0,1,1,1
20.2,0,0.999469533333556,0.998852850370791,1.00008659703096
20.4,0,0.999188340432898,0.99797278467173,1.00040537677132
20.6,0,0.999169193117738,0.997373800148556,1.00096781801051
20.8,0,0.999425061757885,0.997069840342383,1.00178584654286
21,0,0.999969150156724,0.99707478773788,1.00287191448675
21.2,0,1.00081493246228,0.997402448920978,1.00423909137488
21.4,0,1.00197619221805,0.99806653062608,1.00590116887499
21.6,0,1.00346706368039,0.999080605075067,1.00787278101119
21.8,0,1.00530207550234,1.0004580632019,1.01016954151466
22,0,1.00749025658345,1.00220562365402,1.01280275539643
22.2,0,1.01001861304714,1.004305712741,1.01576401065912
22.4,0,1.01286904798263,1.00673541524763,1.01904005046738
22.6,0,1.01602355370936,1.00947225962126,1.02261736452224
22.8,0,1.01946415193982,1.01249422774711,1.02648205649816
23,0,1.02317283748231,1.0157797583731,1.03061972512459
23.2,0,1.02713152539897,1.01930774230842,1.03501536060069
23.4,0,1.03132200156371,1.02305750733188,1.03965325828388
23.6,0,1.03572587659288,1.02700879149439,1.04451695090474
23.8,0,1.04032454314701,1.03114170465254,1.04958915946352
24,0,1.04509913662604,1.0354366792617,1.0548517618241
24.2,0,1.05003049930262,1.03987441243353,1.06028577709252
24.4,0,1.05509914795852,1.04443580188479,1.06587136328901
24.6,0,1.06028524510764,1.0491018786356,1.07158782563142
24.8,0,1.06556857390597,1.05385373920331,1.07741363289592
25,0,1.07092851686355,1.0586724796767,1.0833264397142
25.2,0,1.07634403848638,1.06353913355409,1.08930311319499
25.4,0,1.08179367198696,1.06843461468469,1.09531976282553
25.6,0,1.08725551021077,1.07333966613719,1.10135177314187
25.8,0,1.09270720093233,1.07823481537516,1.10737383911494
26,0,1.09812594667822,1.08310033576365,1.11336000456293
26.2,0,1.10348850923608,1.08791621416203,1.11928370417201
26.4,0,1.10877121900721,1.09266212416454,1.12511780989822
26.6,0,1.11394998935615,1.09731740441194,1.13083468265188
26.8,0,1.11900033610395,1.10186104129749,1.13640623025048
27,0,1.12389740230171,1.1062716553095,1.14180397268441
27.2,0,1.12861598840765,1.11052749017621,1.1469991157871
27.4,0,1.1331305879748,1.11460640389285,1.15196263445077
27.6,0,1.13741542893667,1.11848586060604,1.15666536658961
27.8,0,1.14144452055505,1.12214292219868,1.16107811913325
28,0,1.14519170606766,1.12555423825419,1.16517178743899
28.2,0,1.1486307210436,1.12869603287966,1.16891748964427
28.4,0,1.15173907846922,1.13154739001989,1.17229107377447
28.6,0,1.15451984214002,1.13410908738141,1.17529793273472
28.8,0,1.15698684368922,1.13639101850926,1.17795594532768
29,0,1.15915434896111,1.13840337607072,1.1802835734317
29.2,0,1.16103698687613,1.14015666629825,1.18229970033063
29.4,0,1.16264971046022,1.14166174573126,1.18402351159397
29.6,0,1.16400775948305,1.14292985477268,1.18547438277062
29.8,0,1.16512662482629,1.14397264830899,1.18667177391503
30,0,1.16602201469008,1.14480222304435,1.1876351315307
30.2,0,1.16670982273263,1.14543114073078,1.18838379895308
30.4,0,1.16720609822561,1.14587244614185,1.18893693649948
30.6,0,1.16752701829619,1.14613967844437,1.18931345287839
30.8,0,1.16768886231553,1.14624687458147,1.18953194936615
31,0,1.16770798848322,1.14620856339019,1.18961067812522
31.2,0,1.16760081264764,1.14603974942533,1.18956751576813
31.4,0,1.16738378939347,1.14575588581938,1.18941995289343
31.6,0,1.16707339541979,1.14537283593385,1.18918509987725
31.8,0,1.16668611522509,1.14490682399774,1.18887970874886
32,0,1.16623842910962,1.14437437532995,1.18852021056476
32.2,0,1.16574680350014,1.14379224705655,1.1881227673714
32.4,0,1.16522768359801,1.1431773504267,1.18770333764607
32.6,0,1.16469748834806,1.1425466658872,1.18727775404337
32.8,0,1.16417260772336,1.14191715200102,1.18686181234643
33,0,1.16366940231934,1.14130564911434,1.18647137070166
33.2,0,1.16320420525032,1.14072877843235,1.18612245846156
33.4,0,1.16279332634159,1.14020283691197,1.18583139421616
33.6,0,1.16245305861137,1.13974368818571,1.18561491279322
33.8,0,1.16219968703935,1.13936664967064,1.18549030107631
34,0,1.16204949962117,1.1390863761726,1.18547554234395
34.2,0,1.16201880071233,1.13891674075787,1.18558946838415
34.4,0,1.16212392666965,1.13887071452394,1.1858519177944
34.6,0,1.16238126380433,1.13896024823797,1.18628389755798
34.8,0,1.16280628897052,1.13919519528985,1.18690674895743
35,0,1.16340228967823,1.13957221855831,1.18773068137876
35.2,0,1.16416426445613,1.14007909740369,1.18875825170646
35.4,0,1.16508710971357,1.14070313391001,1.18999232391678
35.6,0,1.16616577287183,1.1414315435716,1.19143598008728
35.8,0,1.16739524523835,1.14225169444447,1.19309226261898
36,0,1.1687705551386,1.14315134467038,1.19496391875642
36.2,0,1.17028676129771,1.14411886591219,1.19705315983645
36.4,0,1.17193894646477,1.14514343898215,1.19936144895675
36.6,0,1.17372221127343,1.14621520893018,1.20188932977289
36.8,0,1.17563166833342,1.14732539008089,1.20463630591402
37,0,1.17766243654825,1.14846631640254,1.20760077561618
37.2,0,1.17980963565521,1.14963143817044,1.21078002059518
37.4,0,1.18206838098422,1.15081527103422,1.2141702430373
37.6,0,1.1844337784332,1.15201330739253,1.21776664079415
37.8,0,1.18690091965781,1.153221901932,1.2215635089175
38,0,1.18946487747432,1.15443814329606,1.22555435556338
38.2,0,1.19212070147483,1.15565972249643,1.22973202164986
38.4,0,1.19486341385479,1.1568848064362,1.23408879589902
38.6,0,1.19768800545289,1.15811192235366,1.23861651945561
38.8,0,1.20058943200454,1.15933985656941,1.2433066767033
39,0,1.20356261060995,1.16056756890117,1.24815047091979
39.2,0,1.20660241641883,1.16179412261199,1.25313888491238
39.4,0,1.20970367953384,1.16301862876993,1.25826272776513
39.6,0,1.21286118213543,1.1642402033441,1.26351266938354
39.8,0,1.21606965583104,1.16545793513682,1.26887926474961
40,0,1.21932377923207,1.16667086265296,1.27435296979987
0,1,1.10817865128793,1.09481918267762,1.12170113805172
0.2,1,1.10724494691375,1.09454544106679,1.12009179926886
0.4,1,1.10633848141404,1.09423558547214,1.1185752425785
0.6,1,1.10546046194501,1.09388983397666,1.11715347831795
0.8,1,1.10461209374828,1.0935094462487,1.11582746892654
1,1,1.10379458047654,1.09309690878029,1.11459694570801
1.2,1,1.10300912453263,1.09265605801756,1.11346028777766
1.4,1,1.10225692742202,1.09219211109144,1.11241449348658
1.6,1,1.10153919011873,1.09171158629896,1.11145526217318
1.8,1,1.10085711344478,1.09122211478343,1.11057718479475
2,1,1.10021189846315,1.09073216515895,1.1097740216944
2.2,1,1.0996047468844,1.09025071728237,1.10903903130159
2.4,1,1.0990368614869,1.08978692556995,1.10836530937023
2.6,1,1.09850930483229,1.08934961891601,1.10774600903969
2.8,1,1.09802084387002,1.08894408546214,1.1071732604722
3,1,1.09756838798132,1.08857214003718,1.10663898329676
3.2,1,1.09714880150639,1.08823443426609,1.10613619156308
3.4,1,1.0967589566615,1.08793063334564,1.10565891992404
3.6,1,1.09639573265185,1.08765953102583,1.10520210441537
3.8,1,1.09605601487357,1.08741916243717,1.10476146571488
4,1,1.09573669420475,1.08720690958887,1.10433340005242
4.2,1,1.09543466638479,1.08701959737334,1.10391487993147
4.4,1,1.09514683148202,1.08685357991846,1.10350336481856
4.6,1,1.0948700934492,1.08670481837239,1.10309672071286
4.8,1,1.09460135976659,1.08656895191208,1.10269314680346
5,1,1.09433754117258,1.08644136410325,1.10229110708439
5.2,1,1.0940755514815,1.0863172468137,1.10188926472491
5.4,1,1.09381230748855,1.08619166374206,1.10148641713157
5.6,1,1.09354472896172,1.0860596152813,1.1010814299823
5.8,1,1.09326973872047,1.0859161058751,1.10067316907389
6,1,1.09298426280108,1.08575621423107,1.10026042961848
6.2,1,1.09268523070848,1.08557516573791,1.0998418636418
6.4,1,1.09236957575443,1.08536840525707,1.0994159073124
6.6,1,1.09203423548179,1.08513166725909,1.09898071123156
6.8,1,1.09167615217467,1.08486103925833,1.09853407773003
7,1,1.09129227345423,1.08455301391451,1.09807340980271
7.2,1,1.09087955295977,1.08420452523713,1.09759567624516
7.4,1,1.09043495111479,1.08381296515824,1.09709739672574
7.6,1,1.08995543597752,1.0833761782613,1.09657464900472
7.8,1,1.08943798417565,1.08289243440228,1.09602309856364
8,1,1.08887958192438,1.0823603809289,1.09543804893732
8.2,1,1.08827722612749,1.08177897776981,1.09481450947529
8.4,1,1.08762792556049,1.08114741950412,1.09414727642007
8.6,1,1.08692870213523,1.08046504849777,1.09343102321352
8.8,1,1.08617659224487,1.07973126236453,1.09266039677044
9,1,1.08536868961294,1.07894544765222,1.09183017079824
9.2,1,1.08450378097699,1.07810804098448,1.09093746289044
9.4,1,1.08358288050627,1.07722072354005,1.08998261291119
9.6,1,1.08260716002503,1.07628489082357,1.08896656724469
9.8,1,1.08157779607581,1.07530160696491,1.0878906172809
10,1,1.08049596936697,1.07427166507846,1.08675633712539
10.2,1,1.07936286423097,1.07319564119818,1.08556552781017
10.4,1,1.07817966809345,1.0720739429863,1.08432016680864
10.6,1,1.07694757095337,1.07090685443476,1.08302236163622
10.8,1,1.07566776487436,1.06969457766715,1.08167430642976
11,1,1.07434144348748,1.06843727274785,1.08027824059929
11.2,1,1.07296980150553,1.06713509613874,1.0788364089125
11.4,1,1.07155403424899,1.06578823812877,1.07735102268651
11.6,1,1.07009533718381,1.06439695921504,1.07582422210885
11.8,1,1.0685949054711,1.06296162505707,1.07425804006564
12,1,1.06705393352879,1.06148273929217,1.07265436818928
12.2,1,1.06547361460543,1.0599609732282,1.07101492610894
12.4,1,1.06385514036615,1.05839719126602,1.06934123505154
12.6,1,1.06219970049083,1.05679247088447,1.06763459695972
12.8,1,1.06050848228452,1.05514811616936,1.0658960801451
13,1,1.05878267030026,1.05346566417895,1.06412651218381
13.2,1,1.05702344597415,1.05174688387775,1.0623264803216
13.4,1,1.05523198727284,1.04999376787627,1.06049633915065
13.6,1,1.05340946835334,1.04820851770962,1.05863622482399
13.8,1,1.05155705923523,1.04639352379843,1.05674607466363
14,1,1.04967592548521,1.04455134150435,1.05482565074915
14.2,1,1.04776722791393,1.0426846647923,1.05287456597353
14.4,1,1.04583212228522,1.04079629894686,1.05089231111826
14.6,1,1.04387175903744,1.03888913358894,1.04887828170034
14.8,1,1.04188728301716,1.03696611694536,1.0468318036375
15,1,1.03987983322492,1.03503023198144,1.04475215712083
15.2,1,1.03785054257311,1.03308447464908,1.04263859844103
15.4,1,1.03580054837327,1.03113184165897,1.04049039382221
15.6,1,1.03373307255461,1.02917675769146,1.03830955888489
15.8,1,1.03165588621553,1.02722670364174,1.03610416648041
16,1,1.02957730405348,1.02528936804632,1.03388317294454
16.2,1,1.02750557428813,1.02337224826338,1.03165559451585
16.4,1,1.02544887887885,1.02148267745843,1.02943048022142
16.6,1,1.02341533439779,1.01962784721106,1.02721689050116
16.8,1,1.0214129935492,1.01781482674597,1.02502388054869
17,1,1.01944984732629,1.01605057958726,1.02286048755148
17.2,1,1.01753382779692,1.01434197827171,1.02073572117678
17.4,1,1.01567281151048,1.01269581762899,1.01865855677853
17.6,1,1.0138746235184,1.01111882703752,1.0166379309011
17.8,1,1.01214704200209,1.00961768198914,1.01468273873258
18,1,1.01049780350273,1.00819901523916,1.01280183321903
18.2,1,1.00893460874853,1.0068694277772,1.01100402559429
18.4,1,1.00746512907633,1.00563549982596,1.00929808711054
18.6,1,1.00609701344557,1.0045038020579,1.00769275177493
18.8,1,1.00483789604449,1.00348090721248,1.00619671990762
19,1,1.00369540448958,1.0025734022984,1.00481866233836
19.2,1,1.0026771686214,1.00178790157705,1.00356722505028
19.4,1,1.00179082990158,1.00113106054403,1.00245103406294
19.6,1,1.00104405141781,1.00060959115819,1.00147870031815
19.8,1,1.00044452850588,1.00023027861245,1.00065882429176
20,1,1,1,1
20.2,1,0.999718260125175,0.999510817996944,0.999925745306703
20.4,1,0.999607171047891,0.999199866868197,1.00001464125713
20.6,1,0.99967467610425,0.999075732612834,1.00027397866084
20.8,1,0.999928813727514,0.99914699516995,1.00071124404717
21,1,1.00037773210021,0.999422221191917,1.00133415653741
21.2,1,1.0010297045592,0.999909952004606,1.00215071107248
21.4,1,1.00189314578569,1.00061868555143,1.00316922926457
21.6,1,1.00297662881589,1.00155685104396,1.00439841922337
21.8,1,1.00428890288397,1.00273277509835,1.0058474456038
22,1,1.00583506806497,1.00415056802576,1.00752239391583
22.2,1,1.00760589360716,1.00579891616316,1.00941611739338
22.4,1,1.00958880408478,1.00766299389113,1.01151829481938
22.6,1,1.01177125586409,1.00972812540402,1.01381852048857
22.8,1,1.01414071026811,1.01197980794946,1.01630622680811
23,1,1.0166846084022,1.01440373396443,1.01897061135835
23.2,1,1.01939034761722,1.01698580865454,1.02180057181914
23.4,1,1.02224525959619,1.01971215954336,1.02478465220503
23.6,1,1.02523659005854,1.02256913544149,1.02791100294753
23.8,1,1.02835148008408,1.02554329378654,1.03116735587687
24,1,1.03157694906571,1.02862137695361,1.03454101352173
24.2,1,1.03489987930652,1.03179027952508,1.03801885077035
24.4,1,1.03830700228318,1.03503700937075,1.04158732608577
24.6,1,1.04178488660249,1.03834864565034,1.04523249921861
24.8,1,1.04531992768298,1.04171229660073,1.0489400526199
25,1,1.04889833919771,1.04511505939706,1.05269531433833
25.2,1,1.05250614631761,1.04854398367494,1.05648328089569
25.4,1,1.05612918079798,1.05198603962597,1.06028863931464
25.6,1,1.05975307795261,1.0554280910208,1.06409578803593
25.8,1,1.06336327556171,1.05885687310494,1.0678888568741
26,1,1.06694501476056,1.0622589750464,1.07165172642828
26.2,1,1.07048334295583,1.06562082646178,1.07536804751722
26.4,1,1.07396311881572,1.06892868747585,1.07902126127797
26.6,1,1.07736901937861,1.07216864174572,1.08259462058779
26.8,1,1.08068554932259,1.07532659187992,1.08607121346543
27,1,1.08389705243488,1.07838825668472,1.08943398909851
27.2,1,1.08698772531626,1.0813391696617,1.09266578714416
27.4,1,1.08994163335059,1.08416467815165,1.09574937096851
27.6,1,1.09274272896362,1.0868499424627,1.09866746553546
27.8,1,1.09537487218864,1.08937993422911,1.10140280073302
28,1,1.09782185354876,1.09173943311524,1.10393816104105
28.2,1,1.10006741925698,1.09391302080232,1.10625644260378
28.4,1,1.10209767655624,1.09588723672077,1.10834331121985
28.6,1,1.10391461044941,1.09766289559138,1.1102019318118
28.8,1,1.10552683280975,1.09924676209102,1.11184278199507
29,1,1.10694314872188,1.10064574372812,1.11327658466372
29.2,1,1.10817252060834,1.10186689096435,1.11451423534167
29.4,1,1.10922405208683,1.10291741451971,1.11556675189839
29.6,1,1.11010697248017,1.10380470306972,1.11644522524855
29.8,1,1.11083062201284,1.10453634144218,1.11716077099852
30,1,1.11140443772422,1.10512012897725,1.11772448243816
30.2,1,1.11183794012534,1.10556409731137,1.11814738567257
30.4,1,1.11214072062282,1.1058765265038,1.11844039802321
30.6,1,1.11232242973021,1.10606595817778,1.11861429106749
30.8,1,1.11239276608454,1.10614120423505,1.11867965979348
31,1,1.11236146628262,1.10611134974946,1.11864689929334
31.2,1,1.11223829554935,1.1059857488619,1.11852619019686
31.4,1,1.112033039248,1.10577401286421,1.1183274936766
31.6,1,1.11175549523985,1.10548599012532,1.11806055638561
31.8,1,1.11141546709909,1.1051317380072,1.11773492519047
32,1,1.11102275818672,1.10472148736293,1.11735997111397
32.2,1,1.11058716658587,1.10426560053452,1.1169449215734
32.4,1,1.11011848089949,1.10377452392819,1.1164988998376
32.6,1,1.10962647691023,1.10325873622506,1.11603097064352
32.8,1,1.10912091510144,1.10272869310367,1.11555019109293
33,1,1.10861153903753,1.10219476905,1.11506566624924
33.2,1,1.10810807460129,1.10166719647195,1.11458660921274
33.4,1,1.10762023008563,1.10115600198751,1.11412240579955
33.6,1,1.10715769713705,1.10067093949761,1.11368268420835
33.8,1,1.1067301525483,1.10022141956989,1.11327739014425
34,1,1.10634726089791,1.09981643485176,1.11291686767827
34.2,1,1.10601867803508,1.09946448182101,1.11261194553224
34.4,1,1.10575405540886,1.09917348031595,1.11237402734797
34.6,1,1.10556304524167,1.09895069410647,1.1122151826819
34.8,1,1.10545474908086,1.09880209464892,1.11214768174962
35,1,1.10543129823285,1.09872589260461,1.11217762622848
35.2,1,1.1054900858158,1.09871509947461,1.11230684862838
35.4,1,1.10562843175336,1.09876248811457,1.11253727927954
35.6,1,1.10584367219232,1.09886087972729,1.11287083732683
35.8,1,1.10613315760723,1.09900334884012,1.11330922116792
36,1,1.10649425097452,1.09918342166113,1.11385370568035
36.2,1,1.10692432601477,1.09939524657454,1.11450496747274
36.4,1,1.10742076550208,1.09963371708254,1.11526295785013
36.6,1,1.10798095963951,1.09989453430302,1.11612683638037
36.8,1,1.10860230449982,1.10017420632637,1.11709496775616
37,1,1.10928220053058,1.10046999210329,1.11816497427807
37.2,1,1.11001805112316,1.10077980501601,1.1193338288045
37.4,1,1.11080726124495,1.10110209427594,1.12059797002375
37.6,1,1.1116472361344,1.10143572103052,1.12195342316396
37.8,1,1.11253538005837,1.10177984205068,1.12339591326874
38,1,1.11346909513169,1.10213380891996,1.12492096311639
38.2,1,1.11444578019863,1.10249708615464,1.12652397235299
38.4,1,1.11546282977608,1.10286918836346,1.1282002777305
38.6,1,1.11651763305856,1.10324963453387,1.12994519636292
38.8,1,1.11760757298485,1.10363791659172,1.13175405485381
39,1,1.11873002536649,1.10403347918961,1.1336222073403
39.2,1,1.11988235807828,1.10443570791977,1.13554504525859
39.4,1,1.12106193031077,1.10484392358641,1.1375180011965
39.6,1,1.12226609188532,1.10525738065887,1.13953654871297
39.8,1,1.12349218263167,1.105675268479,1.1415961995522
40,1,1.12473753182865,1.1060967141785,1.14369249929791
0,2,1.07476839355703,1.05563759033891,1.09424589495559
0.2,2,1.07366950174554,1.05529627922119,1.0923626110283
0.4,2,1.07261452749786,1.05493105432609,1.09059442309661
0.6,2,1.07160540232823,1.05454405931303,1.08894277878453
0.8,2,1.07064405570081,1.05413840469837,1.08740815143289
1,2,1.06973241590102,1.05371824237342,1.08598996924635
1.2,2,1.06887241094292,1.05328879043235,1.08468659426819
1.4,2,1.06806596951269,1.05285629890719,1.08349536058732
1.6,2,1.06731502194861,1.05242795386693,1.08241267432278
1.8,2,1.06662150125768,1.05201172522973,1.08143417003907
2,2,1.06598734416932,1.0516161706666,1.08055491121714
2.2,2,1.06541449222654,1.05125021242288,1.0797696179582
2.4,2,1.06490489291497,1.05092290482432,1.07907290415733
2.6,2,1.06446030004586,1.05064297046017,1.07845934559238
2.8,2,1.06407922024779,1.05041488664177,1.0779213064878
3,2,1.06375753242524,1.05023915086077,1.07744991877707
3.2,2,1.06349105454879,1.05011522361678,1.07703725997789
3.4,2,1.06327561776812,1.0500416963767,1.07667632936987
3.6,2,1.06310706433968,1.05001637886609,1.07636095302572
3.8,2,1.06298124571906,1.05003638824159,1.07608568750904
4,2,1.06289402081706,1.0500982365916,1.07584572578235
4.2,2,1.06284125441823,1.05019791487386,1.0756368072098
4.4,2,1.06281881576146,1.05033097260774,1.07545513233043
4.6,2,1.06282257728176,1.05049259345186,1.07529728226646
4.8,2,1.06284841351276,1.0506776672821,1.07516014214785
5,2,1.06289220014982,1.05088085960463,1.07504082771511
5.2,2,1.06294981327328,1.0510966791451,1.07493661425765
5.4,2,1.06301712873182,1.05131954428449,1.07484486721523
5.6,2,1.06309002168594,1.05154384869748,1.07476297408625
5.8,2,1.06316436631141,1.05176402611804,1.07468827771781
6,2,1.0632360356629,1.0519746136485,1.07461801156152
6.2,2,1.06330090169768,1.05217031249103,1.07454923801677
6.4,2,1.06335483545968,1.05234604447943,1.07447879148425
6.6,2,1.06339370742374,1.05249700239849,1.07440322814361
6.8,2,1.06341338800027,1.05261869187216,1.07431878467492
7,2,1.06340974820016,1.05270696263864,1.07422134810684
7.2,2,1.06337866046006,1.05275802733437,1.07410643867045
7.4,2,1.06331599962759,1.05276846645773,1.07396920698842
7.6,2,1.06321764410648,1.05273521890477,1.07380444620766
7.8,2,1.0630794771612,1.0526555582513,1.07360661890082
8,2,1.06289738838044,1.05252705566695,1.07336989785034
8.2,2,1.06266727529898,1.05234753086459,1.07308821931057
8.4,2,1.06238504517701,1.05211499272124,1.07275534710947
8.6,2,1.06204661693593,1.05182757111033,1.07236494604756
8.8,2,1.06164792324943,1.05148344106011,1.07191066347511
9,2,1.06118497586373,1.05108078988813,1.07138629478593
9.2,2,1.06065635713121,1.05061968738451,1.07078890813811
9.4,2,1.06006403804651,1.05010256311763,1.07012000944292
9.6,2,1.05941022857738,1.04953167134775,1.06938176622446
9.8,2,1.05869714444905,1.0489089622816,1.06857666772769
10,2,1.05792700591361,1.04823613540993,1.06770746784422
10.2,2,1.05710203656288,1.04751468835327,1.06677713270262
10.4,2,1.05622446218528,1.04674596199691,1.06578879214426
10.6,2,1.05529650966719,1.04593118269756,1.06474569430422
10.8,2,1.05432040593902,1.04507150226542,1.06365116259492
11,2,1.05329837696638,1.04416803629011,1.06250855452519
11.2,2,1.05223264678649,1.04322190120008,1.06132122196595
11.4,2,1.05112543659021,1.0422342502343,1.06009247268412
11.6,2,1.0499789638495,1.04120630827396,1.05882553319721
11.8,2,1.04879544149069,1.04013940524501,1.05752351323769
12,2,1.0475770771134,1.03903500757772,1.05618937234063
12.2,2,1.04632607225512,1.03789474702085,1.05482588925642
12.4,2,1.04504462170149,1.03672044597895,1.0534356350192
12.6,2,1.04373491284199,1.03551413849559,1.05202095054729
12.8,2,1.04239912507109,1.03427808605845,1.05058392959857
13,2,1.04103942923451,1.03301478755928,1.04912640774634
13.2,2,1.03965798712057,1.03172698299233,1.04764995779086
13.4,2,1.03825695099617,1.03041765079369,1.04615589170229
13.6,2,1.03683846318729,1.02908999907301,1.04464526884235
13.8,2,1.03540465570373,1.0277474513237,1.04311890987634
14,2,1.03395764990758,1.02639362747671,1.04157741550929
14.2,2,1.03249955622531,1.02503232135105,1.04002118899074
14.4,2,1.03103247390306,1.02366747563386,1.03845046125396
14.6,2,1.0295584908046,1.02230315548928,1.03686531758823
14.8,2,1.02807968325188,1.0209435217581,1.03526572488083
15,2,1.02659811590746,1.0195928044862,1.03365155868851
15.2,2,1.02511584169867,1.0182552772257,1.03202262969332
15.4,2,1.02363490577901,1.01693523249351,1.0303787171971
15.6,2,1.02215812168163,1.01563699838534,1.0287211153008
15.8,2,1.02068999366334,1.01436487395821,1.02705455394879
16,2,1.01923522603286,1.01312295762463,1.02538437034526
16.2,2,1.01779849647618,1.01191516154645,1.02371603746508
16.4,2,1.01638445678144,1.01074524234677,1.02205513388159
16.6,2,1.01499773377747,1.00961682696796,1.02040731895021
16.8,2,1.01364293048373,1.00853343458736,1.0187783124315
17,2,1.01232462747014,1.00749849535091,1.01717387778889
17.2,2,1.01104738442486,1.00651536655576,1.01559980852584
17.4,2,1.00981574192872,1.0055873468055,1.01406191703433
17.6,2,1.00863422343494,1.00471768857463,1.01256602551457
17.8,2,1.00750733745309,1.00390960954905,1.01111795859568
18,2,1.00643957993667,1.00316630305551,1.0097235373416
18.2,2,1.00543543687362,1.00249094785151,1.00838857436844
18.4,2,1.00449938707985,1.00188671751807,1.00711886982931
18.6,2,1.00363590519577,1.00135678967804,1.00592020804293
18.8,2,1.00284946488656,1.00090435525252,1.0047983545536
19,2,1.00214454224702,1.0005326279663,1.00375905341221
19.2,2,1.00152561941239,1.00024485431973,1.00280802446272
19.4,2,1.00099718837713,1.00004432425999,1.00195096040406
19.6,2,1.00056375502372,0.999934382808147,1.00119352337468
19.8,2,1.00022984336454,0.999918442932322,1.00054134077489
20,2,1,1,1
20.2,2,0.99987879879702,0.999575041704843,1.00018264819679
20.4,2,0.999870845792198,0.999271951157553,1.00047009936295
20.6,2,0.999980784324965,0.999096147168153,1.00086620477266
20.8,2,1.00021330040645,0.999052967999176,1.00137498046129
21,2,1.00057312833063,0.999147653587314,1.00200063678561
21.2,2,1.00106505653493,0.999385323339418,1.00274761296943
21.4,2,1.00169393371843,0.99977094873401,1.00362061742129
21.6,2,1.00246467522635,1.00030931999497,1.00462467457739
21.8,2,1.0033822696934,1.00100500623997,1.00576517885439
22,2,1.00444940021133,1.00185966435802,1.0070458303473
22.2,2,1.00565982036737,1.00286482743787,1.00846260296628
22.4,2,1.00700519001093,1.00400979312171,1.01000952346889
22.6,2,1.00847717843467,1.00528403962055,1.01168045979069
22.8,2,1.01006745320689,1.00667725367253,1.01346906995848
23,2,1.01176766972075,1.00817935303016,1.01536875796496
23.2,2,1.01356946145471,1.00978050249046,1.01737263757803
23.4,2,1.01546443094106,1.01147112244211,1.01947350510293
23.6,2,1.01744414144176,1.01324188934963,1.02166382167502
23.8,2,1.0195001093327,1.01508372824492,1.02393570501467
24,2,1.0216237971996,1.01698779795321,1.02628092992375
24.2,2,1.02380660765042,1.01894547030466,1.02869093628265
24.4,2,1.02603987785071,1.02094830489981,1.03115684299335
24.6,2,1.02831487478976,1.02298802109114,1.03366946622309
24.8,2,1.03062279128674,1.02505646874499,1.03621934040388
25,2,1.0329547427468,1.02714559911443,1.03879674067925
25.2,2,1.0353017646784,1.02924743684881,1.04139170579607
25.4,2,1.0376548109834,1.03135405384429,1.04399406076272
25.6,2,1.04000475303225,1.03345754534195,1.0465934388933
25.8,2,1.04234237953683,1.03555000842827,1.04917930311017
26,2,1.04465839723366,1.03762352289543,1.05174096657482
26.2,2,1.04694343239008,1.03967013427332,1.05426761286245
26.4,2,1.04918803314569,1.04168183874305,1.05674831599676
26.6,2,1.0513826727011,1.04365056957255,1.05917206072992
26.8,2,1.05351775336501,1.04556818466754,1.06152776349845
27,2,1.05558361146997,1.04742645479429,1.06380429451995
27.2,2,1.05757052316593,1.04921705199792,1.06599050152653
27.4,2,1.05946871109953,1.05093153770156,1.06807523566551
27.6,2,1.06126835198517,1.05256134992433,1.07004738014206
27.8,2,1.06295958507242,1.05409778899397,1.07189588223659
28,2,1.0645325215122,1.05553200105006,1.07360978940455
28.2,2,1.0659772546219,1.0568549585357,1.07517829026003
28.4,2,1.06728530942368,1.05805865345521,1.07659242518527
28.6,2,1.06845780472566,1.0591430110744,1.0778545187407
28.8,2,1.06949983477774,1.06011124081076,1.07897157633649
29,2,1.07041657622057,1.06096659910795,1.07995072381274
29.2,2,1.07121327009966,1.06171240890301,1.08079915089551
29.4,2,1.07189521567642,1.06235208642603,1.08152407104065
29.6,2,1.07246776447523,1.06288916608262,1.08213268376572
29.8,2,1.07293631457481,1.06332732354244,1.08263213936628
30,2,1.07330630515169,1.06367039684924,1.08302950621804
30.2,2,1.0735832112825,1.06392240512858,1.08333174110415
30.4,2,1.07377253901114,1.06408756429977,1.08354566317402
30.6,2,1.07387982068621,1.06417029910279,1.08367793223446
30.8,2,1.07391061057338,1.06417525073241,1.08373503209021
31,2,1.07387048074671,1.06410727943018,1.08372325959156
31.2,2,1.07376501726223,1.06397146151182,1.08364871991761
31.4,2,1.07359981661672,1.06377308048831,1.08351732844222
31.6,2,1.07338048249399,1.06351761214995,1.08333481931711
31.8,2,1.07311262280035,1.06321070369847,1.08310676068967
32,2,1.07280184699069,1.06285814720494,1.08283857627966
32.2,2,1.07245376368615,1.06246584781831,1.08253557289051
32.4,2,1.07207397858388,1.06203978723618,1.08220297334404
32.6,2,1.07166809265911,1.06158598296883,1.08184595430678
32.8,2,1.07124170065963,1.06111044388601,1.08146968851757
33,2,1.07080038989226,1.06061912244696,1.08107939101461
33.2,2,1.07034973930085,1.06011786389968,1.08068036907432
33.4,2,1.06989531883527,1.0596123526256,1.08027807568424
33.6,2,1.06944268911058,1.05910805573241,1.0798781664456
33.8,2,1.06899740135549,1.05861016400042,1.07948655979874
34,2,1.06856499764942,1.05812353040874,1.0791095003439
34.2,2,1.06815101144719,1.05765260675255,1.07875362474531
34.4,2,1.06776096839066,1.05720137936038,1.07842602920963
34.6,2,1.06740038740657,1.05677330567121,1.07813433677911
34.8,2,1.06707448121111,1.05637095334172,1.07788646104853
35,2,1.06678469072868,1.05599254792723,1.07768712819696
35.2,2,1.06652989266158,1.05563341506952,1.0775388460641
35.4,2,1.06630891899213,1.05528867363566,1.07744424736878
35.6,2,1.06612060594207,1.05495340781104,1.07740601433071
35.8,2,1.06596379361301,1.05462279296839,1.07742675093871
36,2,1.06583732563998,1.05429221988408,1.07750885693939
36.2,2,1.06574004885798,1.05395741035635,1.07765441049064
36.4,2,1.06567081298143,1.0536145167348,1.07786506696961
36.6,2,1.06562847029633,1.05326019860645,1.07814198068868
36.8,2,1.06561187536516,1.05289167186309,1.07848575429411
37,2,1.06561988474435,1.05250672823013,1.07889641776644
37.2,2,1.06565135671427,1.05210372646868,1.07937343580997
37.4,2,1.06570515102167,1.0516815592238,1.07991573965826
37.6,2,1.06578012863449,1.05123960138522,1.08052177742865
37.8,2,1.06587515150904,1.05077764663292,1.08118957635316
38,2,1.06598908236944,1.05029583862212,1.08191681043084
38.2,2,1.06612078449931,1.04979460229222,1.08270086801708
38.4,2,1.06626912154573,1.04927457941004,1.08353891523908
38.6,2,1.06643295733528,1.04873657100495,1.08442795258021
38.8,2,1.0666111557024,1.04818148805159,1.08536486327721
39,2,1.06680258032976,1.04761031073056,1.08634645320032
39.2,2,1.06700609460088,1.04702405588056,1.08736948260269
39.4,2,1.06722056146483,1.0464237518211,1.08843069056027
39.6,2,1.06744484331312,1.04581041951479,1.08952681313351
39.8,2,1.06767780186866,1.04518505898922,1.09065459633101
40,2,1.06791829808692,1.04454863999131,1.09181080490262
0,3,1.05130161726229,1.03318994717735,1.06973078229979
0.2,3,1.0506023322372,1.03318613071155,1.06831211501269
0.4,3,1.04993333189388,1.03315141246103,1.06698784720809
0.6,3,1.04929599404035,1.0330873542598,1.06575893952162
0.8,3,1.04869169577736,1.03299638009149,1.06462548561398
1,3,1.04812181393196,1.03288183837548,1.0635866524363
1.2,3,1.04758772550956,1.03274802147321,1.06264066337576
1.4,3,1.04709080816457,1.03260013470139,1.06178483199577
1.6,3,1.04663244068977,1.03244421275413,1.0610156484698
1.8,3,1.04621400352448,1.03228698785887,1.06032891438554
2,3,1.04583687928165,1.03213571973309,1.05971991585411
2.2,3,1.04550245329406,1.03199800111671,1.0591836211515
2.4,3,1.04521211417977,1.03188155357299,1.05871488820144
2.6,3,1.04496710882254,1.03179384893452,1.05830855616027
2.8,3,1.04476632727805,1.03173913591695,1.05795800567745
3,3,1.04460675013161,1.03171856341488,1.05765593555741
3.2,3,1.04448530959831,1.03173236348983,1.05739589119463
3.4,3,1.0443989437198,1.03177998614456,1.05717223467271
3.6,3,1.04434459529342,1.03186017586085,1.05698006302906
3.8,3,1.04431921089162,1.03197105059452,1.05681512442524
4,3,1.04431973997112,1.0321101800329,1.05667373541321
4.2,3,1.04434313407175,1.03227466132808,1.05655270108017
4.4,3,1.04438634610439,1.03246119155951,1.0564492388152
4.6,3,1.04444632972823,1.03266613688701,1.05636090573399
4.8,3,1.04452003881686,1.03288559878164,1.05628552937218
5,3,1.04460442701334,1.03311547791867,1.05622114106181
5.2,3,1.0446964473742,1.03335153632571,1.05616591139637
5.4,3,1.04479305210226,1.03358945823601,1.05611808733433
5.6,3,1.04489119236834,1.03382490982973,1.05607593075769
5.8,3,1.04498781822201,1.03405359768629,1.05603765866273
6,3,1.04507987859127,1.03427132535365,1.05600138557733
6.2,3,1.04516432137129,1.03447404701102,1.05596506922893
6.4,3,1.04523809360229,1.03465791681437,1.05592646087427
6.6,3,1.04529814173653,1.03481933222976,1.05588306198676
6.8,3,1.04534141199457,1.03495496953308,1.05583208912344
7,3,1.04536485081055,1.03506180972722,1.05577044872148
7.2,3,1.04536540536679,1.03513715341001,1.05569472329126
7.4,3,1.04534002421731,1.03517862359394,1.05560117000568
7.6,3,1.04528565800034,1.03518415606905,1.05548573209454
7.8,3,1.04519926023968,1.03515197752268,1.05534406283027
8,3,1.04507778823442,1.0350805721829,1.05517156133809
8.2,3,1.04491820403708,1.03496863814076,1.05496341907471
8.4,3,1.04471747551939,1.03481503466418,1.05471467566164
8.6,3,1.04447257752563,1.03461872170813,1.05442028286706
8.8,3,1.04418049311264,1.03437869245414,1.0540751759011
9,3,1.04383826421016,1.0340939367474,1.05367441303879
9.2,3,1.04344494016661,1.03376482612528,1.05321569823594
9.4,3,1.04300221859774,1.03339344926065,1.05270033284816
9.6,3,1.04251198261161,1.03298171082391,1.05213018052559
9.8,3,1.04197611855547,1.03253124337033,1.05150738886698
10,3,1.04139651518793,1.03204345523906,1.05083433874822
10.2,3,1.04077506288401,1.03151957449496,1.05011359774881
10.4,3,1.04011365287322,1.03096068959776,1.04934787699361
10.6,3,1.03941417651088,1.03036778747496,1.04853999073418
10.8,3,1.03867852458291,1.02974178960222,1.04769281806704
11,3,1.03790858664419,1.0290835865752,1.04680926630542
11.2,3,1.03710625039049,1.02839407150193,1.04589223567593
11.4,3,1.03627340106426,1.02767417236446,1.04494458519138
11.6,3,1.03541192089404,1.02692488330297,1.0439690997469
11.8,3,1.03452368856777,1.0261472945763,1.04296845868484
12,3,1.03361057873972,1.02534262076598,1.04194520626144
12.2,3,1.03267446157119,1.02451222663358,1.04090172460455
12.4,3,1.03171720230486,1.0236576499348,1.03984020985879
12.6,3,1.0307406608726,1.02278062045384,1.03876265225346
12.8,3,1.02974669153677,1.02188307456385,1.03767082078691
13,3,1.02873714256481,1.02096716474468,1.03656625309499
13.2,3,1.02771385593695,1.02003526369202,1.03545025086867
13.4,3,1.02667866708691,1.01908996291125,1.03432388092625
13.6,3,1.02563340467544,1.0181340659763,1.03318798175899
13.8,3,1.02457989039645,1.01717057691209,1.03204317509031
14,3,1.02351993881558,1.01620268439625,1.03088988175173
14.2,3,1.02245535724097,1.01523374264159,1.02972834101301
14.4,3,1.02138794562603,1.01426724989957,1.02855863242499
14.6,3,1.02031949650401,1.01330682550981,1.02738069924913
14.8,3,1.01925179495409,1.01235618631705,1.02619437265114
15,3,1.01818661859884,1.01141912309508,1.02499939601823
15.2,3,1.01712573763274,1.010499477369,1.02379544900761
15.4,3,1.01607091671409,1.00960111710952,1.02258217656094
15.6,3,1.01502427112551,1.00872758639181,1.02136026105832
15.8,3,1.01398869093355,1.00788160841836,1.02013277824825
16,3,1.01296715832055,1.0070656255732,1.01890327480096
16.2,3,1.01196264381828,1.00628191842935,1.01767543839214
16.4,3,1.01097810676673,1.00553263317329,1.01645307038534
16.6,3,1.01001649585982,1.0048198046408,1.0152400631411
16.8,3,1.00908074977729,1.00414537576524,1.0140403811501
17,3,1.00817379790258,1.00351121410996,1.0128580453172
17.2,3,1.00729856112603,1.00291912604539,1.011697119834
17.4,3,1.00645795273327,1.00237086903842,1.01056170117131
17.6,3,1.00565487937836,1.00186816244536,1.00945590879843
17.8,3,1.00489224214155,1.00141269713913,1.00838387729768
18,3,1.00417293767158,1.00100614425341,1.00734974959024
18.2,3,1.00349985941233,1.00065016329044,1.00635767102581
18.4,3,1.00287589891414,1.00034640981261,1.00541178411511
18.6,3,1.00230394722973,1.00009654292091,1.00451622370195
18.8,3,1.00178689639515,0.999902232713908,1.00367511238089
19,3,1.00132764099614,0.99976516791893,1.00289255596891
19.2,3,1.00092907982036,0.999687063892994,1.00217263883417
19.4,3,1.00059411759623,0.999669671203692,1.0015194188723
19.6,3,1.0003256668192,0.999714785020825,1.00093692190062
19.8,3,1.00012664966627,0.999824255577978,1.00042913521282
20,3,1,1,1
20.2,3,0.999948665463255,0.999653402299395,1.00024401583768
20.4,3,0.999975609666054,0.999393162078864,1.00055839670443
20.6,3,1.00008381446622,0.999223020005348,1.00094535047036
20.8,3,1.00027628234562,0.999146621381604,1.00140722053349
21,3,1.00055603888399,0.999167496674111,1.00194651074978
21.2,3,1.00092613533255,0.99928903800699,1.00256591465257
21.4,3,1.00138965128994,0.999514470980752,1.00326834960841
21.6,3,1.00194969748292,0.999846821219842,1.00405699651204
21.8,3,1.00260941864351,1.00028887518978,1.00493534546403
22,3,1.00337040815901,1.0008413029151,1.0059059043995
22.2,3,1.00422830076681,1.00149769682029,1.00696634976082
22.4,3,1.00517733103006,1.00225011863033,1.00811309276519
22.6,3,1.00621173673976,1.00309079591828,1.00934238782042
22.8,3,1.00732575374319,1.00401215203538,1.01065029153007
23,3,1.00851361111142,1.00500683022296,1.01203262824726
23.2,3,1.0097695266443,1.00606771125382,1.01348496282493
23.4,3,1.01108770271213,1.0071879238915,1.01500258127183
23.6,3,1.01246232243383,1.00836084781557,1.01658047966534
23.8,3,1.01388754619208,1.00958010918928,1.01821336114564
24,3,1.01535750848671,1.01083956957417,1.01989564028903
24.2,3,1.0168663151278,1.01213330931372,1.02162145374181
24.4,3,1.01840804077087,1.01345560675595,1.02338467574981
24.6,3,1.01997672679658,1.01480091475199,1.02517893715233
24.8,3,1.02156637953799,1.01616383577948,1.02699764649844
25,3,1.02317096885872,1.01753909684175,1.02883401214224
25.2,3,1.02478442708548,1.01892152503631,1.03068106443182
25.4,3,1.0264006482988,1.02030602441444,1.03253167737866
25.6,3,1.02801348798587,1.02168755449952,1.03437858944906
25.8,3,1.02961676305949,1.02306111061424,1.03621442333647
26,3,1.03120425224715,1.02442170599371,1.03803170474713
26.2,3,1.03276969685429,1.02576435553085,1.03982288036174
26.4,3,1.03430680190553,1.02708406090717,1.041580335229
26.6,3,1.03580923766781,1.02837579679628,1.04329640991202
26.8,3,1.0372706415587,1.02963449778143,1.04496341775448
27,3,1.03868462044334,1.03085504559225,1.04657366266824
27.2,3,1.04004475332269,1.03203225623352,1.04811945787603
27.4,3,1.04134459441575,1.0331608665432,1.04959314607718
27.6,3,1.04257767663742,1.03423551967319,1.0509871215467
27.8,3,1.04373751547368,1.03525074893145,1.0522938547319
28,3,1.04481761325467,1.03620095935354,1.05350591997931
28.2,3,1.04581146382585,1.03708040628589,1.05461602710876
28.4,3,1.04671350247726,1.03788391479298,1.05561820609462
28.6,3,1.04752446187331,1.03861110993955,1.05651430811946
28.8,3,1.04824767262292,1.03926359536967,1.05730941414195
29,3,1.04888650539351,1.03984298797323,1.05800867431049
29.2,3,1.04944436046655,1.04035094066989,1.05861726333028
29.4,3,1.049924664997,1.04078916872832,1.05914034781505
29.6,3,1.05033087037654,1.04115947413837,1.05958305587999
29.8,3,1.05066644970295,1.04146376817703,1.0599504488415
30,3,1.05093489535803,1.04170409203741,1.06024749516059
30.2,3,1.05113971669615,1.04188263518046,1.06047904697508
30.4,3,1.05128443784526,1.042001750921,1.06064981971361
30.6,3,1.05137259562216,1.04206396867464,1.0607643753686
30.8,3,1.05140773756321,1.04207200227239,1.06082711002424
31,3,1.05139342007208,1.04202875379432,1.06084224619109
31.2,3,1.05133320668534,1.04193731247455,1.06081383039663
31.4,3,1.05123066645703,1.04180094837592,1.06074573633517
31.6,3,1.05108937246279,1.0416231007049,1.06064167370767
31.8,3,1.05091290042432,1.04140736081402,1.06050520270472
32,3,1.05070482745456,1.04115745010032,1.06033975392477
32.2,3,1.0504687309239,1.04087719313328,1.06014865339409
32.4,3,1.0502081874478,1.04057048642399,1.05993515227663
32.6,3,1.04992677199583,1.04024126327186,1.05970246083719
32.8,3,1.04962805712224,1.03989345510065,1.05945378624541
33,3,1.049315612318,1.03953094963228,1.05919237387187
33.2,3,1.04899300348421,1.03915754616252,1.05892155181128
33.4,3,1.04866379252678,1.03877690812048,1.05864477845045
33.6,3,1.04833153707209,1.03839251304101,1.05836569295116
33.8,3,1.04799979030348,1.03800760008715,1.05808816851044
34,3,1.04767210091824,1.03762511536278,1.05781636815785
34.2,3,1.04735201320492,1.03724765549137,1.05755480261341
34.4,3,1.04704306724068,1.0368774103433,1.05730838932424
34.6,3,1.04674879920829,1.03651610640356,1.0570825111881
34.8,3,1.04647255523439,1.03616476604795,1.05688288652744
35,3,1.04621534155711,1.03582156568034,1.05671341201565
35.2,3,1.04597657286108,1.03548278972181,1.05657670203108
35.4,3,1.04575563478416,1.03514454621703,1.05647549579373
35.6,3,1.04555191440551,1.03480290343683,1.05641258068208
35.8,3,1.04536480014379,1.03445399806795,1.0563906828343
36,3,1.0451936816591,1.03409414196869,1.05641235922713
36.2,3,1.04503794975841,1.0337199220382,1.05647989668416
36.4,3,1.04489699630478,1.03332828724645,1.05659522376585
36.6,3,1.04477021413001,1.03291661733276,1.05675984103334
36.8,3,1.04465699695099,1.03248276910018,1.05697477375796
37,3,1.04455673928952,1.03202509837211,1.05724054901012
37.2,3,1.04446883639576,1.03154245811098,1.05755719662733
37.4,3,1.04439268417516,1.03103417544502,1.05792427131506
37.6,3,1.0443276791189,1.0305000120075,1.05834089147583
37.8,3,1.04427321823792,1.02994011284784,1.0588057895072
38,3,1.04422869900037,1.02935494922071,1.05931736826205
38.2,3,1.04419351927259,1.02874525996273,1.05987375896185
38.4,3,1.04416707726361,1.02811199517374,1.06047287684546
38.6,3,1.04414877147304,1.02745626478606,1.06111247197043
38.8,3,1.04413800064255,1.02677929352694,1.06179017366133
39,3,1.04413416371076,1.02608238288127,1.06250352799803
39.2,3,1.04413665977156,1.02536687999343,1.06325002840534
39.4,3,1.04414488803597,1.02463415300562,1.06402713984655
39.6,3,1.04415824779744,1.02388557208235,1.06483231737124
39.8,3,1.04417613840055,1.02312249527011,1.06566301986864
40,3,1.04419795921326,1.02234625834105,1.06651671987771
0,4,1.03464346870358,1.02304075101828,1.0463777774888
0.2,4,1.03453316622718,1.0234044492591,1.04578289922313
0.4,4,1.03442879117476,1.02373055877511,1.04523882269527
0.6,4,1.03433062659212,1.02401920540522,1.04474587923681
0.8,4,1.03423895552546,1.02427118325247,1.04430372992611
1,4,1.03415406103876,1.02448802085174,1.04391130027448
1.2,4,1.03407622623209,1.02467201123649,1.04356675105046
1.4,4,1.03400573426051,1.02482619717088,1.04326749397618
1.6,4,1.03394286835389,1.02495430829157,1.04301025555157
1.8,4,1.03388791183749,1.02506065357307,1.04279118559249
2,4,1.03384114815323,1.02514997868561,1.0426060009143
2.2,4,1.03380286088188,1.02522730183015,1.0424501505761
2.4,4,1.03377333376594,1.02529774260217,1.04231898813436
2.6,4,1.03375280349298,1.02536628397348,1.0422079167538
2.8,4,1.03374074068106,1.02543645507682,1.04211227682927
3,4,1.03373599435131,1.02551023259483,1.04202773609933
3.2,4,1.03373739576276,1.0255889044102,1.04195062836889
3.4,4,1.03374377629303,1.02567315229403,1.04187790490029
3.6,4,1.03375396737542,1.02576311422077,1.04180707051085
3.8,4,1.03376680044922,1.02585844800925,1.04173611845265
4,4,1.03378110692321,1.02595839351102,1.04166346685276
4.2,4,1.03379571815247,1.02606183187938,1.04158789818041
4.4,4,1.03380946542826,1.02616734139528,1.04150850226424
4.6,4,1.03382117998123,1.02627324995238,1.04142462275751
4.8,4,1.03382969299775,1.02637768467511,1.04133580657703
5,4,1.03383383564954,1.02647861931599,1.04124175566955
5.2,4,1.03383243913643,1.02657392009493,1.04114228044285
5.4,4,1.03382433474243,1.02666139053252,1.04103725430958
5.6,4,1.03380835390489,1.02673881561505,1.04092656900607
5.8,4,1.03378332829697,1.02680400532968,1.04081009064786
6,4,1.03374808992328,1.02685483724919,1.04068761684248
6.2,4,1.03370147122866,1.02688929745948,1.04055883556666
6.4,4,1.03364230522022,1.02690551875437,1.04042328688324
6.6,4,1.03356942560243,1.02690181472554,1.04028032887025
6.8,4,1.0334816669255,1.02687670820606,1.04012910930373
7,4,1.03337786474672,1.02682895252985,1.03996854463201
7.2,4,1.03325685580496,1.02675754426944,1.03979730757915
7.4,4,1.03311747820823,1.02666172649726,1.03961382433223
7.6,4,1.03295857163423,1.02654098213206,1.03941628175092
7.8,4,1.03277897754382,1.02639501749836,1.0392026444713
8,4,1.03257753940745,1.02622373674665,1.038970681256
8.2,4,1.03235310294444,1.02602720816187,1.0387179995629
8.4,4,1.03210451637495,1.02580562356057,1.0384420871316
8.6,4,1.0318306306848,1.02555925190998,1.03814035945419
8.8,4,1.03153029990276,1.02528838799851,1.03781021230001
9,4,1.03120240293209,1.02499331012299,1.03744910850718
9.2,4,1.03084669409648,1.02467474334214,1.03705582052668
9.4,4,1.03046408289838,1.02433392222517,1.03663092972349
9.6,4,1.03005555877606,1.02397189303466,1.03617536905336
9.8,4,1.02962211164988,1.02358950100182,1.03569027599521
10,4,1.02916473168175,1.02318742580279,1.03517695607581
10.2,4,1.02868440904391,1.02276621392631,1.03463684955697
10.4,4,1.02818213369708,1.02232630848555,1.03407150073241
10.6,4,1.02765889517787,1.02186807702312,1.03348252928572
10.8,4,1.02711568239562,1.02139183780101,1.03287160321772
11,4,1.0265534834386,1.02089788497171,1.03224041294701
11.2,4,1.02597328538956,1.0203865129036,1.03159064631081
11.4,4,1.02537607415072,1.01985803978923,1.03092396433726
11.6,4,1.0247628342781,1.01931283050906,1.03024197781679
11.8,4,1.02413454882528,1.01875131856308,1.0295462248598
12,4,1.0234921991965,1.01817402673381,1.02883814977728
12.2,4,1.02283676500912,1.01758158601903,1.02811908374564
12.4,4,1.02216922396543,1.01697475228979,1.02739022780023
12.6,4,1.02149055173377,1.01635442010221,1.02665263872855
12.8,4,1.02080172183897,1.01572163313113,1.02590721839521
13,4,1.02010370556201,1.01507759080138,1.02515470692227
13.2,4,1.01939747184899,1.01442365086071,1.02439567998085
13.4,4,1.0186839872292,1.01376132784928,1.0236305502388
13.6,4,1.01796421574246,1.01309228764744,1.02285957278236
13.8,4,1.01723911887557,1.01241833849837,1.02208285411496
14,4,1.01650965550776,1.01174141907672,1.02130036416168
14.2,4,1.01577678186536,1.0110635842883,1.02051195059413
14.4,4,1.01504145148533,1.01038698952816,1.019717354748
14.6,4,1.01430461518784,1.00971387409447,1.01891622843553
14.8,4,1.01356722105775,1.00904654436044,1.01810815105053
15,4,1.01283021443498,1.00838735715838,1.01729264651152
15.2,4,1.01209453791369,1.00773870363927,1.01646919977918
15.4,4,1.01136113331611,1.00710299320998,1.015637277298
15.6,4,1.01063132380802,1.00648254319563,1.01479720593964
15.8,4,1.00990726967844,1.00587939375585,1.01395127455699
16,4,1.0091912364381,1.00529543069982,1.01310213953173
16.2,4,1.00848548329457,1.00473242953598,1.01225255612143
16.4,4,1.00779226335792,1.00419207440936,1.01140535955879
16.6,4,1.00711382389677,1.00367597389458,1.01056344942508
16.8,4,1.00645240664464,1.0031856742395,1.00972977670229
17,4,1.00581024815627,1.00272267055222,1.00890733301066
17.2,4,1.00518958021381,1.00228841633802,1.00809914162439
17.4,4,1.00459263028274,1.00188433172207,1.00730824992916
17.6,4,1.00402162201726,1.00151181063667,1.00653772304227
17.8,4,1.00347877581521,1.00117222720618,1.00579063836159
18,4,1.00296630942235,1.00086694152818,1.00507008084448
18.2,4,1.00248643858602,1.00059730502271,1.00437913884454
18.4,4,1.00204137775813,1.00036466550256,1.00372090035285
18.6,4,1.00163334084761,1.00017037210549,1.00309844950268
18.8,4,1.00126454202236,1.00001578022256,1.00251486320357
19,4,1.00093719656083,0.999902256556228,1.00197320777095
19.2,4,1.00065352175352,0.999831184446264,1.00147653541361
19.4,4,1.00041573785452,0.99980396961192,1.00102788043089
19.6,4,1.0002260690835,0.999822046474394,1.00063025495594
19.8,4,1.00008674467852,0.999886885245878,1.00028664405948
20,4,1,1,1
20.2,4,0.999968077686489,0.999773235371096,1.00016295797402
20.4,4,0.999993228862703,0.999609214854235,1.00037739039558
20.6,4,1.00007771440054,0.999510745236946,1.00064500517552
20.8,4,1.00022380623378,0.999480563303748,1.00096760186095
21,4,1.00043378872729,0.999521321155163,1.00134708929522
21.2,4,1.00070996010164,0.99963556846712,1.00178550647436
21.4,4,1.00105463391411,0.99982573118396,1.0022850471094
21.6,4,1.00147014059716,1.00009408616728,1.00284808837471
21.8,4,1.00195882904708,1.00044273142723,1.00347722420174
22,4,1.00252189251042,1.00087220376093,1.00417430036128
22.2,4,1.00315610754829,1.00137782509613,1.00493754793784
22.4,4,1.00385721207364,1.00195378016666,1.00576425996879
22.6,4,1.00462094570095,1.00259436649839,1.00665162129922
22.8,4,1.00544304695305,1.00329401921619,1.00759667784724
23,4,1.00631925065232,1.00404733164795,1.00859631046609
23.2,4,1.00724528549558,1.00484907095681,1.00964721417021
23.4,4,1.00821687181241,1.00569418803986,1.01074588348612
23.6,4,1.00922971950676,1.00657782127701,1.01188860434407
23.8,4,1.01027952618206,1.00749529420218,1.0130714524388
24,4,1.01136197545043,1.00844210765582,1.01429029750123
24.2,4,1.01247273542636,1.00941392736233,1.01554081253901
24.4,4,1.01360745740608,1.01040656810177,1.01681848687838
24.6,4,1.01476177473329,1.01141597570335,1.01811864178215
24.8,4,1.01593130185273,1.01243820800353,1.01943644750376
25,4,1.01711163355267,1.01346941572817,1.02076694082068
25.2,4,1.01829834439782,1.01450582402621,1.02210504232311
25.4,4,1.01948698835425,1.01554371514198,1.02344557297398
25.6,4,1.02067309860759,1.01657941249494,1.02478326967536
25.8,4,1.02185218757641,1.01760926625395,1.02611279975718
26,4,1.02301974712213,1.01862964035397,1.0274287744446
26.2,4,1.02417124895715,1.01963690080231,1.02872576145988
26.4,4,1.02530214525275,1.0206274050535,1.02999829698359
26.6,4,1.02640786944812,1.02159749218665,1.03124089724424
26.8,4,1.02748383726205,1.02254347358953,1.03244807003535
27,4,1.02852544790849,1.02346162383099,1.03361432648115
27.2,4,1.02952808551708,1.02434817138193,1.03473419339298
27.4,4,1.03048712075968,1.02519928881954,1.03580222658396
27.6,4,1.03139791268371,1.02601108211583,1.03681302554217
27.8,4,1.03225581075276,1.02677957856639,1.03776124990778
28,4,1.03305615709492,1.0275007128563,1.03864163825742
28.2,4,1.03379428895883,1.02817031068586,1.03944902977307
28.4,4,1.03446623471682,1.02878462289813,1.04017922405822
28.6,4,1.03507264152652,1.02934346872041,1.04083370205722
28.8,4,1.03561605684992,1.02984813526322,1.04141628312144
29,4,1.03609905116195,1.03029991541208,1.04193082786902
29.2,4,1.03652421080922,1.03070012457115,1.04238120669744
29.4,4,1.03689413651013,1.03105012036518,1.04277127667497
29.6,4,1.03721144191719,1.03135132121449,1.04310485972627
29.8,4,1.03747875224251,1.03160522385967,1.04338572203769
30,4,1.03769870294737,1.03181341968934,1.04361755483163
30.2,4,1.03787393849672,1.03197760954661,1.04380395683579
30.4,4,1.03800711117943,1.0320996165614,1.04394841890241
30.6,4,1.03810087999479,1.0321813964799,1.04405431130724
30.8,4,1.03815790960597,1.0322250449456,1.0441248742751
31,4,1.03818086936085,1.03223280122831,1.0441632122369
31.2,4,1.03817243238068,1.03220704799324,1.04417229222627
31.4,4,1.03813527471693,1.03215030684106,1.04415494668604
31.6,4,1.03807207457662,1.03206522951228,1.04411388079128
31.8,4,1.03798551161628,1.03195458481541,1.04405168422992
32,4,1.0378782663049,1.03182124148528,1.04397084723462
32.2,4,1.03775301935579,1.03166814728817,1.04387378054936
32.4,4,1.03761245122761,1.03149830475092,1.04376283895353
32.6,4,1.03745924169452,1.03131474389904,1.04364034795834
32.8,4,1.03729606948548,1.03112049234761,1.04350863333175
33,4,1.03712561199274,1.03091854301066,1.04337005318587
33.2,4,1.03695054504944,1.0307118195976,1.04322703245814
33.4,4,1.0367735427762,1.03050313997147,1.04308209971148
33.6,4,1.03659727749682,1.0302951773788,1.0429379262432
33.8,4,1.03642441972277,1.03009041955487,1.04279736749892
34,4,1.03625763820665,1.02989112579366,1.04266350670232
34.2,4,1.03609960006424,1.02969928228579,1.04253970039704
34.4,4,1.03595297096541,1.02951655641116,1.04242962521473
34.6,4,1.03582041539347,1.02934425126038,1.04233732459492
34.8,4,1.03570445219161,1.02918311525011,1.04226711106589
35,4,1.03560578611437,1.02903165533265,1.04222191676588
35.2,4,1.03552388723437,1.02888688667776,1.0422037008319
35.4,4,1.03545820289641,1.02874568469842,1.04221451996638
35.6,4,1.03540818136368,1.02860489686647,1.04225646339113
35.8,4,1.03537327173307,1.02846143373842,1.04233156115787
36,4,1.03535292385343,1.02831235944753,1.04244169301608
36.2,4,1.03534658824689,1.0281549760596,1.0425885034401
36.4,4,1.03535371603306,1.02798689573021,1.04277332887792
36.6,4,1.03537375885622,1.02780609524499,1.04299714263957
36.8,4,1.03540616881547,1.02761094923361,1.04326052113465
37,4,1.03545039839777,1.0274002407776,1.04356363273832
37.2,4,1.03550590041391,1.02717315073288,1.04390624796508
37.4,4,1.03557212793747,1.02692922928763,1.04428776742955
37.6,4,1.03564853424654,1.02666835466814,1.04470726268144
37.8,4,1.03573457276853,1.02639068434767,1.04516352455965
38,4,1.03582969702771,1.02609660372136,1.04565511410258
38.2,4,1.03593336059578,1.02578667625737,1.04618041200411
38.4,4,1.03604501704521,1.02546159793912,1.04673766380079
38.6,4,1.03616411990563,1.02512215763767,1.04732501915082
38.8,4,1.03629012262292,1.02476920406753,1.0479405645518
39,4,1.03642247852136,1.02440361925391,1.04858234956911
39.2,4,1.03656064076854,1.0240262979748,1.04924840711164
39.4,4,1.03670406234325,1.02363813239535,1.04993676853755
39.6,4,1.0368521960062,1.02324000102735,1.05064547445711
39.8,4,1.03700449427366,1.02283276116805,1.05137258207853
40,4,1.03716040939398,1.02241724405468,1.05211616986064
0,5,1.02218294007217,1.01370784596698,1.03072889011517
0.2,5,1.02254055464683,1.01446680986179,1.0306785552106
0.4,5,1.02288455458937,1.01517396710175,1.03065370658054
0.6,5,1.02321426424188,1.01582789067048,1.03065434623677
0.8,5,1.02352900767431,1.01642779018402,1.03067983743449
1,5,1.02382810878002,1.01697362537948,1.03072879194575
1.2,5,1.0241108913759,1.01746618274212,1.03079899423112
1.4,5,1.02437667930681,1.01790709728995,1.03088738049022
1.6,5,1.02462479655442,1.01829880864771,1.03099008345928
1.8,5,1.02485456735053,1.01864445163706,1.0311025427285
2,5,1.02506531629464,1.0189476934187,1.03121966854335
2.2,5,1.025256368476,1.01921253787062,1.03133603840539
2.4,5,1.0254270495999,1.01944312077489,1.03144610289969
2.6,5,1.02557672098503,1.01964352637523,1.03154444020795
2.8,5,1.02570531049457,1.01981771042062,1.03162690079469
3,5,1.02581320633026,1.01996914890214,1.03169074811158
3.2,5,1.02590081138634,1.02010065076558,1.03173395097168
3.4,5,1.02596852991729,1.02021441461625,1.03175509902649
3.6,5,1.02601676745821,1.02031209699623,1.03175333332276
3.8,5,1.02604593074661,1.02039488098553,1.03172827659119
4,5,1.02605642764573,1.02046354157984,1.03167996681511
4.2,5,1.02604866706941,1.02051850616385,1.03160879576041
4.4,5,1.02602305890842,1.02055990966803,1.03151545287941
4.6,5,1.02598001395842,1.02058764479434,1.03140087420344
4.8,5,1.02591994384942,1.02060140814973,1.03126619538583
5,5,1.02584326097683,1.02060074333629,1.03111270784644
5.2,5,1.02575037843409,1.02058508208235,1.03094181693398
5.4,5,1.02564170994695,1.02055378439863,1.03075500112203
5.6,5,1.02551766980923,1.02050617852789,1.03055377147059
5.8,5,1.02537867282033,1.02044160113413,1.03033963090709
6,5,1.02522513422428,1.02035943775825,1.03011403330032
6.2,5,1.02505746965046,1.02025916307212,1.02987834279507
6.4,5,1.02487609505592,1.02014037993532,1.02963379440354
6.6,5,1.02468142666941,1.02000285576391,1.02938145734395
6.8,5,1.02447388093697,1.01984655434521,1.02912220299251
7,5,1.0242538744693,1.01967166106627,1.02885667948085
7.2,5,1.02402182399064,1.0194785996349,1.02858529486019
7.4,5,1.02377814628947,1.0192680387809,1.02830821034427
7.6,5,1.02352325817075,1.01904088808684,1.02802534448176
7.8,5,1.02325757640995,1.01879828289889,1.02773638830748
8,5,1.02298151770864,1.01854155905696,1.02744083073292
8.2,5,1.02269549865186,1.01827221880133,1.02713799281883
8.4,5,1.02239993566708,1.01799188953966,1.02682706924585
8.6,5,1.02209524498494,1.01770227713659,1.0265071753206
8.8,5,1.02178184260158,1.01740511502752,1.02617739821569
9,5,1.02146014191546,1.017102100722,1.0258368562815
9.2,5,1.02113046183565,1.01679446467178,1.02548494933563
9.4,5,1.02079299653718,1.01648274214506,1.02512152796654
9.6,5,1.02044793158405,1.01616721066637,1.02474668552954
9.8,5,1.02009545247216,1.01584795912621,1.02436070556213
10,5,1.01973574461599,1.0155249211802,1.02396402802114
10.2,5,1.01936899333557,1.01519790535305,1.02355721883863
10.4,5,1.01899538384374,1.01486662248614,1.02314094215768
10.6,5,1.01861510123383,1.01453071116943,1.02271593460744
10.8,5,1.01822833046756,1.01418976173747,1.02228298103756
11,5,1.01783525636339,1.01384333930418,1.02184289123737
11.2,5,1.01743606358511,1.01349100617241,1.02139647730378
11.4,5,1.01703093663079,1.01313234378924,1.02094453148686
11.6,5,1.01662005982206,1.01276697423461,1.0204878045255
11.8,5,1.01620361729378,1.0123945810405,1.0200269846759
12,5,1.0157817929839,1.01201492895582,1.0195626778176
12.2,5,1.01535477062379,1.01162788211947,1.01909538917466
12.4,5,1.01492273372884,1.01123342000325,1.0186255072902
12.6,5,1.01448586558937,1.01083165045782,1.01815329092088
12.8,5,1.01404434926194,1.0104228192536,1.01767885945972
13,5,1.01359836756089,1.01000731565429,1.01720218734906
13.2,5,1.01314810305028,1.00958567378127,1.01672310272576
13.4,5,1.01269373803615,1.00915856979329,1.01624129027384
13.6,5,1.0122354545591,1.00872681518063,1.01575629798538
13.8,5,1.01177343438714,1.00829134671594,1.01526754728754
14,5,1.01130785900898,1.00785321378192,1.01477434581523
14.2,5,1.01083890962755,1.00741356388862,1.01427590201672
14.4,5,1.01036676715388,1.00697362719504,1.01377134077738
14.6,5,1.00989161220128,1.00653470077006,1.01325971932636
14.8,5,1.00941362507992,1.00609813318578,1.0127400428332
15,5,1.00893298579157,1.00566530985232,1.01221127928514
15.2,5,1.0084498740249,1.00523763929663,1.01167237344237
15.4,5,1.00796447158649,1.00481654079426,1.01112226434642
15.6,5,1.00747743593868,1.00440350668764,1.01056077280425
15.8,5,1.00699046570276,1.00400013460532,1.00998970325326
16,5,1.00650539429434,1.00360793928689,1.00941121436667
16.2,5,1.00602405160199,1.00322834538411,1.00882754864166
16.4,5,1.00554826403837,1.00286270361601,1.00824101610796
16.6,5,1.00507985462471,1.00251230402472,1.00765398102038
16.8,5,1.00462064310824,1.00217838691888,1.00706885094789
17,5,1.00417244611271,1.00186215197907,1.00648806778465
17.2,5,1.0037370773218,1.00156476590836,1.00591410029962
17.4,5,1.00331634769527,1.00128736893747,1.0053494379149
17.6,5,1.00291206571798,1.0010310804368,1.00479658546048
17.8,5,1.00252603768147,1.0007970038423,1.00425805869786
18,5,1.00216006799818,1.00058623106873,1.00373638043908
18.2,5,1.00181595954832,1.0003998465582,1.00323407711293
18.4,5,1.00149551405927,1.00023893109421,1.00275367564789
18.6,5,1.00120053251747,1.00010456550034,1.00229770055273
18.8,5,1.00093281561305,0.999997834336435,1.00186867108154
19,5,1.00069416421692,0.999919829705629,1.00146909837022
19.2,5,1.00048637989069,0.999871655289613,1.00110148242661
19.4,5,1.00031126542926,0.999854430740604,1.00076830884623
19.6,5,1.00017062543637,0.999869296574255,1.00047204510944
19.8,5,1.00006626693318,0.999917419730594,1.00021513629308
20,5,1,1,1
20.2,5,0.99997363845156,0.999829020271797,1.00011827754932
20.4,5,0.999989000545819,0.999704540203169,1.00027354183007
20.6,5,1.00004790972678,0.999628852920794,1.00046714220658
20.8,5,1.00015219540155,0.99960419052604,1.00070050070532
21,5,1.00030369375195,0.999632710533184,1.00097512735461
21.2,5,1.00050424858116,0.999716479271119,1.00129263864769
21.4,5,1.00075571219584,0.999857451672263,1.00165477970642
21.6,5,1.00105994632401,1.00005744687535,1.00206345072009
21.8,5,1.00141882306304,1.00031811915693,1.00252073813295
22,5,1.00183332792924,1.00063987883557,1.00302820043283
22.2,5,1.00230107026851,1.00101906361728,1.00358471878762
22.4,5,1.00281886517336,1.00145111936375,1.00418847900085
22.6,5,1.00338352883869,1.00193157869321,1.00483758307917
22.8,5,1.00399187700465,1.00245608829848,1.00553001857893
23,5,1.00464072350217,1.00302043305732,1.00626363138236
23.2,5,1.00532687890069,1.00362055552032,1.00703610331718
23.4,5,1.00604714925815,1.00425256942167,1.00784493597395
23.6,5,1.00679833497305,1.00491276634114,1.00868744159271
23.8,5,1.00757722973867,1.00559761534284,1.00956074119341
24,5,1.00838061959978,1.00630375613325,1.01046176940811
24.2,5,1.00920528211185,1.0070279868573,1.01138728489657
24.4,5,1.01004798560337,1.00776724799274,1.01233388488605
24.6,5,1.0109054885414,1.00851860388818,1.01329802229055
24.8,5,1.01177453900118,1.00927922336242,1.01427602399327
25,5,1.01265187424001,1.01004636051512,1.01526410914329
25.2,5,1.01353422037615,1.01081733657215,1.01625840664454
25.4,5,1.01441829217328,1.01158952326707,1.01725497133691
25.6,5,1.01530079293123,1.01236032798375,1.01824979864613
25.8,5,1.01617841448348,1.01312718067113,1.01923883769272
26,5,1.01704783730224,1.01388752239145,1.02021800300033
26.2,5,1.01790573071167,1.01463879526713,1.02118318503963
26.4,5,1.01874875320989,1.01537843353667,1.02213025989903
26.6,5,1.01957355290034,1.01610385540131,1.02305509840158
26.8,5,1.02037676803317,1.01681245533099,1.0239535750011
27,5,1.02115502765711,1.0175015964891,1.02482157679894
27.2,5,1.02190495238231,1.01816860292418,1.02565501303446
27.4,5,1.02262315525451,1.0188107511569,1.02644982542164
27.6,5,1.02330624274104,1.01942526075769,1.02720199973707
27.8,5,1.02395081582863,1.02000928346132,1.02790757911359
28,5,1.02455347123347,1.02055989029563,1.02856267956258
28.2,5,1.02511080272338,1.021074056111,1.02916350833806
28.4,5,1.02561992718585,1.02154904640968,1.02970703045311
28.6,5,1.0260814552146,1.02198472003712,1.03019461259368
28.8,5,1.0264974319952,1.02238200019792,1.03062942979116
29,5,1.02686991662104,1.02274180824821,1.0310146873407
29.2,5,1.02720097696513,1.02306507922111,1.03135359471112
29.4,5,1.02749268881542,1.02335277986784,1.03164934550283
29.6,5,1.0277471350509,1.02360592630124,1.0319050979141
29.8,5,1.02796640485884,1.02382560128802,1.0321239556708
30,5,1.02815259299373,1.02401297098506,1.03230894962478
30.2,5,1.0283077990781,1.02416930070067,1.03246302044148
30.4,5,1.02843412694563,1.02429596909195,1.03258900296569
30.6,5,1.02853368402683,1.02439448010103,1.03268961296383
30.8,5,1.02860858077742,1.02446647189747,1.03276743697555
31,5,1.02866093014974,1.02451372214208,1.03282492596012
31.2,5,1.02869284710727,1.02453814901494,1.03286439329478
31.4,5,1.02870644818249,1.02454180764416,1.03288801748905
31.6,5,1.02870385107799,1.0245268818036,1.03289784974675
31.8,5,1.02868717431125,1.02449567098437,1.032895826271
32,5,1.02865853690286,1.02445057314951,1.03288378500297
32.2,5,1.0286200581083,1.0243940636253,1.03286348634068
32.4,5,1.02857385719349,1.02432867064717,1.03283663732021
32.6,5,1.02852205325385,1.02425694805917,1.0328049187599
32.8,5,1.02846676507708,1.0241814455739,1.03277001496099
33,5,1.0284101110496,1.02410467685372,1.03273364570339
33.2,5,1.02835420910655,1.02402908550361,1.03269760044664
33.4,5,1.02830117672553,1.0239570089015,1.03266377480973
33.6,5,1.02825313096385,1.0238906396713,1.03263420952494
33.8,5,1.02821218853943,1.0238319845657,1.0326111320985
34,5,1.02818046595523,1.02378282061877,1.03259700131808
34.2,5,1.02816007966732,1.02374464871152,1.03259455446432
34.4,5,1.02815314629648,1.02371864523384,1.03260685654297
34.6,5,1.02816178288339,1.02370561339765,1.03263734998328
34.8,5,1.02818798614711,1.02370581104736,1.03268978592166
35,5,1.02823223736334,1.02371750781431,1.03276687746654
35.2,5,1.02829398584008,1.02373765379081,1.03287059668017
35.4,5,1.02837266182153,1.02376306293853,1.0330030158994
35.6,5,1.02846769623173,1.02379053578337,1.03316622416601
35.8,5,1.0285785205821,1.02381696835447,1.03336221776369
36,5,1.02870456688232,1.02383946097764,1.03359279091867
36.2,5,1.02884526755424,1.02385541724411,1.03385943634303
36.4,5,1.02900005534909,1.02386262315974,1.03416326561541
36.6,5,1.02916836326786,1.02385929850296,1.03450495737074
36.8,5,1.02934962448475,1.02384411640722,1.03488473728305
37,5,1.02954327227389,1.02381619203539,1.03530238897393
37.2,5,1.02974873993918,1.02377504554904,1.03575729064352
37.4,5,1.0299654607472,1.02372054731857,1.03624846947813
37.6,5,1.03019286786338,1.02365285407296,1.03677466513558
37.8,5,1.03043039429123,1.0235723437373,1.03733439456009
38,5,1.03067747281474,1.02347955473876,1.03792601234612
38.2,5,1.0309335359439,1.02337513330798,1.03854776312407
38.4,5,1.03119801586336,1.02325979030082,1.03919782444293
38.6,5,1.03147034438425,1.02313426758086,1.0398743401096
38.8,5,1.03174995289908,1.02299931307872,1.04057544486869
39,5,1.03203627233985,1.02285566319225,1.04129928175893
39.2,5,1.03232873313927,1.02270403107359,1.0420440136001
39.4,5,1.03262676519508,1.0225450994349,1.04280782997889
39.6,5,1.03292979783762,1.02237951669046,1.04358895091587
39.8,5,1.03323725980045,1.02220789547241,1.04438562817652
40,5,1.03354857919422,1.0220308127692,1.0451961449773
0,6,1.01287999752752,1.00354050530362,1.02230640813143
0.2,6,1.01351876570969,1.00461375661833,1.02250270980108
0.4,6,1.01413219012967,1.00562129565479,1.02271511502503
0.6,6,1.01471898378468,1.00656101401729,1.02294307221731
0.8,6,1.01527785883668,1.00743146659841,1.02318536279639
1,6,1.01580752695228,1.00823198851421,1.02343998560642
1.2,6,1.01630669965865,1.00896277529817,1.0237040781468
1.4,6,1.01677408871535,1.00962490835231,1.0239738926114
1.6,6,1.01720840650218,1.0102203143721,1.02424483802015
1.8,6,1.01760836642273,1.01075165812489,1.02451158906295
2,6,1.01797268332377,1.01122217956082,1.02476825067609
2.2,6,1.01830007393026,1.01163549508315,1.02500855852348
2.4,6,1.01858925729587,1.01199538626399,1.02522609209593
2.6,6,1.01883904210532,1.01230565757783,1.025414592863
2.8,6,1.01904964926214,1.01257081382627,1.02556993889365
3,6,1.01922244791617,1.01279552800295,1.02569015128313
3.2,6,1.01935884549962,1.01298379686775,1.02577401446233
3.4,6,1.01946025421227,1.01313897687808,1.02582097188786
3.6,6,1.01952809052438,1.01326385258919,1.02583105546716
3.8,6,1.01956377469867,1.01336070656532,1.0258048135704
4,6,1.01956873033146,1.01343138688915,1.0257432415436
4.2,6,1.01954438391316,1.01347737028637,1.02564771670743
4.4,6,1.01949216440829,1.01349982022704,1.02551993848117
4.6,6,1.01941350285506,1.01349964023343,1.0253618734032
4.8,6,1.01930983198476,1.01347752313453,1.02517570430902
5,6,1.01918258586098,1.01343399725719,1.02496378267707
5.2,6,1.01903319953871,1.01336947060432,1.02472858309303
5.4,6,1.0188631087435,1.01328427398143,1.02447265887155
5.6,6,1.01867374957067,1.01317870381836,1.02419859808897
5.8,6,1.01846655820455,1.01305306510455,1.02390897960906
6,6,1.01824297065798,1.01290771442729,1.02360632911224
6.2,6,1.01800442253185,1.01274310259811,1.02329307564354
6.4,6,1.0177523487949,1.01255981581779,1.0229715097285
6.6,6,1.01748818358367,1.01235861383438,1.02264374460271
6.8,6,1.01721336002263,1.01214046317848,1.02231168247057
7,6,1.01692931006448,1.01190656340363,1.02197698786515
7.2,6,1.01663746435059,1.01165836438479,1.02164107005601
7.4,6,1.01633925209158,1.01139757315108,1.02130507602848
7.6,6,1.01603610096802,1.01112614940276,1.02096989488409
7.8,6,1.01572943705111,1.01084628967417,1.02063617370028
8,6,1.01542068474354,1.01056040089982,1.0203043440916
8.2,6,1.01511126674016,1.01027106476309,1.01997465809282
8.4,6,1.01480260400876,1.00998099453518,1.01964723165599
8.6,6,1.01449611579068,1.00969298608573,1.01932209407958
8.8,6,1.01419321962126,1.00940986437408,1.01899924206067
9,6,1.01389531328258,1.00913440062065,1.01867868706502
9.2,6,1.01360306090231,1.00886823132888,1.01836011202103
9.4,6,1.01331615801946,1.00861140974138,1.01804285197072
9.6,6,1.0130342341735,1.00836365726962,1.01772644443203
9.8,6,1.01275691938839,1.00812449461636,1.0174106305783
10,6,1.01248384415519,1.00789327697808,1.01709531960453
10.2,6,1.012214639416,1.00766922578577,1.01678055658504
10.4,6,1.01194893654923,1.00745145767184,1.01646649313468
10.6,6,1.01168636735621,1.00723901135312,1.01615336018353
10.8,6,1.01142656404924,1.00703087305735,1.01584144223769
11,6,1.01116915924081,1.00682600101156,1.01553105260739
11.2,6,1.0109137859343,1.00662334936574,1.01522250922943
11.4,6,1.01066007751596,1.00642189174956,1.01491611088557
11.6,6,1.01040766774819,1.00622064446361,1.01461211381582
11.8,6,1.01015619076421,1.00601868909791,1.0143107089335
12,6,1.009905281064,1.00581519416821,1.01401200005176
12.2,6,1.00965457351162,1.00560943518527,1.01371598370606
12.4,6,1.00940370333378,1.00540081245043,1.01342253127947
12.6,6,1.0091523061198,1.00518886582581,1.01313137418237
12.8,6,1.00890001782286,1.00497328577727,1.01284209278828
13,6,1.0086464747625,1.00475392013681,1.0125541096792
13.2,6,1.00839131362858,1.00453077626616,1.01226668751874
13.4,6,1.00813417148638,1.00430401859524,1.01197893157903
13.6,6,1.00787468578315,1.00407396181763,1.01168979663969
13.8,6,1.00761249435586,1.00384106030383,1.0113980976976
14,6,1.00734723544031,1.0036058945043,1.01110252371568
14.2,6,1.00707854768153,1.00336915523143,1.01080165352145
14.4,6,1.00680607014548,1.00313162672482,1.01049397295082
14.6,6,1.00652944233199,1.00289416932689,1.01017789241022
14.8,6,1.00624830418909,1.00265770244383,1.00985176418185
15,6,1.00596229612856,1.00242318826617,1.00951389899766
15.2,6,1.00567105904275,1.00219161649375,1.00916258163739
15.4,6,1.00537423702586,1.00196399059894,1.00879609043747
15.6,6,1.00507200302874,1.00174140908502,1.00841367054485
15.8,6,1.00476568717776,1.0015251160053,1.00801674366043
16,6,1.00445677136055,1.00131626891255,1.00760712359921
16.2,6,1.00414673567639,1.001115927006,1.00718671990872
16.4,6,1.00383705840884,1.00092506878122,1.00675751988301
16.6,6,1.00352921602013,1.00074460650431,1.00632157381669
16.8,6,1.0032246831673,1.00057539814671,1.00588098286279
17,6,1.00292493274,1.00041825729661,1.00543788897819
17.2,6,1.00263143591996,1.00027396146475,1.0049944665388
17.4,6,1.00234566226205,1.00014325912293,1.00455291528598
17.6,6,1.00206907979692,1.00002687575114,1.00411545432799
17.8,6,1.00180315515513,0.999925519120449,1.0036843169695
18,6,1.0015493537128,0.999839884001478,1.00326174617879
18.2,6,1.00130913975868,0.999770656460715,1.00284999053047
18.4,6,1.00108397668277,0.999718517887309,1.00245130048092
18.6,6,1.00087532718623,0.999684148880274,1.00206792484625
18.8,6,1.00068465351283,0.999668233119533,1.00170210735942
19,6,1.00051341770178,0.999671461343567,1.00135608318348
19.2,6,1.00036308186201,0.999694535561302,1.00103207525345
19.4,6,1.00023510846794,0.999738173636662,1.00073229030812
19.6,6,1.00013096067674,0.999803114401196,1.00045891445663
19.8,6,1.00005210266717,0.999890123474039,1.00021410810044
20,6,1,1,1
20.2,6,0.999976120000197,0.999818680235539,1.00013358455663
20.4,6,0.999981932160823,0.999672191762,1.00029176853022
20.6,6,1.0000189085689,0.999562520200228,1.00047550531907
20.8,6,1.00008852435325,0.999491581440256,1.00068582378835
21,6,1.00019225815457,0.999461206562899,1.00092384447078
21.2,6,1.00033159261777,0.999473123521109,1.00119079907211
21.4,6,1.00050801490685,0.999528934979595,1.00148805388339
21.6,6,1.00072301724256,0.999630091719395,1.00181713769395
21.8,6,1.00097809745799,0.999777861115379,1.00217977468796
22,6,1.00127408123394,0.999972452923504,1.00257740382731
22.2,6,1.00160924187359,1.00021077260644,1.00300966644491
22.4,6,1.00198125206515,1.00048902042823,1.00347570936892
22.6,6,1.00238778522879,1.00080349071428,1.00397458771728
22.8,6,1.00282651468086,1.00115060185405,1.00450523296352
23,6,1.00329511285258,1.00152692265642,1.00506642477867
23.2,6,1.00379125056335,1.00192919359991,1.0056567681068
23.4,6,1.00431259634847,1.0023543415899,1.00627467686161
23.6,6,1.00485681584127,1.00279948734652,1.00691836512052
23.8,6,1.0054215712097,1.00326194527766,1.00758584596172
24,6,1.00600452064746,1.00373921643757,1.00827493734383
24.2,6,1.00660331791966,1.00422897576835,1.00898327383117
24.4,6,1.00721561196326,1.00472905517191,1.00970832261732
24.6,6,1.00783904654239,1.00523742404521,1.0104474022147
24.8,6,1.00847125995874,1.00575216877419,1.01119770231499
25,6,1.00910988481721,1.00627147240142,1.01195630360628
25.2,6,1.00975254784698,1.00679359533902,1.01272019667561
25.4,6,1.01039686977847,1.00731685766088,1.0134862994637
25.6,6,1.01104046527602,1.00783962321685,1.01425147302987
25.8,6,1.01168094292701,1.00836028558608,1.01501253561053
26,6,1.01231590528725,1.00887725572723,1.01576627511427
26.2,6,1.01294294898319,1.00938895108099,1.01650946029867
26.4,6,1.01355966487104,1.00989378582107,1.01723885093348
26.6,6,1.01416363825305,1.01039016191869,1.01795120728563
26.8,6,1.01475244915127,1.01087646067076,1.01864329927638
27,6,1.01532367263886,1.01135103433257,1.01931191567049
27.2,6,1.01587487922923,1.01181219748382,1.01995387366884
27.4,6,1.01640363532315,1.01225821773688,1.02056602929614
27.6,6,1.01690750371395,1.01268730536285,1.02114528900826
27.8,6,1.01738404415093,1.01309760136102,1.02168862299385
28,6,1.01783081396106,1.01348716342757,1.02219308071451
28.2,6,1.01824536872894,1.01385394918734,1.02265580931949
28.4,6,1.01862565434765,1.01419606116111,1.02307459418376
28.6,6,1.0189722219004,1.01451325457848,1.02345078718171
28.8,6,1.01928669056421,1.01480596234698,1.02378720278557
29,6,1.0195706878515,1.0150746108092,1.02408667939914
29.2,6,1.01982584595564,1.01531963775699,1.02435205368111
29.4,6,1.02005380127259,1.01554151166253,1.02458614004588
29.6,6,1.02025619394832,1.0157407503637,1.02479171079548
29.8,6,1.02043466745226,1.01591793926027,1.02497147682677
30,6,1.02059086817701,1.01607374882135,1.02512806911365
30.2,6,1.02072644506421,1.0162089509887,1.02526402138039
30.4,6,1.02084304925706,1.01632443389266,1.02538175454958
30.6,6,1.02094233377919,1.01642121419045,1.02548356365493
30.8,6,1.0210259532403,1.01650044630402,1.02557160794247
31,6,1.02109556356846,1.01656342788165,1.02564790483549
31.2,6,1.02115282176924,1.01661160093323,1.02571432831383
31.4,6,1.02119938571158,1.01664654827725,1.02577261206942
31.6,6,1.02123691394067,1.01666998516276,1.02582435757469
31.8,6,1.02126706551758,1.01668374615936,1.02587104697098
32,6,1.02129149988598,1.01668976760776,1.02591406048434
32.2,6,1.0213118767657,1.0166900660653,1.02595469793416
32.4,6,1.02132985607332,1.01668671324649,1.0259942038348
32.6,6,1.02134709786969,1.0166818079444,1.0260337956041
32.8,6,1.02136526233445,1.01667744533307,1.0260746944787
33,6,1.02138600976756,1.01667568391367,1.02611815887344
33.2,6,1.02141100061777,1.01667851020437,1.02616552008488
33.4,6,1.02144189553811,1.01668780111817,1.0262182203947
33.6,6,1.02148035546838,1.01670528385943,1.0262778537424
33.8,6,1.02152804174465,1.0167324931392,1.02634620916732
34,6,1.02158661623573,1.01677072560907,1.02642531712035
34.2,6,1.02165774150678,1.01682099170105,1.02651749845818
34.4,6,1.02174308100988,1.01688396560285,1.02662541539109
34.6,6,1.02184429930178,1.01695993496209,1.02675212279083
34.8,6,1.02196296221289,1.01704864819481,1.02690102188199
35,6,1.02209938320367,1.01714811418079,1.02707475399166
35.2,6,1.02225302259092,1.01725519267598,1.0272754071152
35.4,6,1.02242332484076,1.017366605625,1.02750517797491
35.6,6,1.02260973487749,1.01747905840191,1.02776628298244
35.8,6,1.02281169799396,1.01758935045169,1.02806084702922
36,6,1.02302865976503,1.0176944857425,1.02839079248529
36.2,6,1.02326006596411,1.01779177365168,1.02875773778381
36.4,6,1.02350536248267,1.01787891054175,1.02916291533463
36.6,6,1.02376399525289,1.01795403411914,1.02960711667408
36.8,6,1.02403541017327,1.01801574639334,1.03009066903327
37,6,1.02431905303734,1.01806310567932,1.03061344288201
37.2,6,1.02461436946536,1.01809559233311,1.03117488575808
37.4,6,1.02492080483904,1.01811305573702,1.03177407486586
37.6,6,1.02523780423931,1.01811565101174,1.03240977996646
37.8,6,1.02556481238707,1.01810377322637,1.03308052878876
38,6,1.02590127358703,1.01807799510412,1.03378466896326
38.2,6,1.02624663167451,1.01803901207247,1.03452042263024
38.4,6,1.02660032996531,1.01798759651681,1.03528593186299
38.6,6,1.02696181120853,1.0179245615617,1.03607929458217
38.8,6,1.02733051754257,1.01785073370017,1.03689859164082
39,6,1.02770589045397,1.01776693305656,1.03774190629466
39.2,6,1.02808737073947,1.0176739598824,1.03860733745819
39.4,6,1.02847439847098,1.01757258592066,1.0394930081113
39.6,6,1.0288664129637,1.01746354942974,1.04039707006516
39.8,6,1.0292628527472,1.01734755286194,1.04131770609278
40,6,1.02966315553963,1.01722526239793,1.04225313022266
0,7,1.00631684020407,0.995892016338274,1.01685078930718
0.2,7,1.00707654304086,0.997113203639288,1.01713943797099
0.4,7,1.00780564188856,0.998261676505972,1.01744085316124
0.6,7,1.00850256712194,0.999335164761564,1.01775406665911
0.8,7,1.00916574795042,1.00033207960215,1.01807742409039
1,7,1.00979361292045,1.00125161767378,1.01840848263893
1.2,7,1.01038459044167,1.00209382821537,1.01874394578405
1.4,7,1.01093710933697,1.00285962823187,1.01907965009664
1.6,7,1.01144959941612,1.00355075691846,1.01941061287263
1.8,7,1.01192049207301,1.0041696697607,1.01973114017803
2,7,1.01234822090615,1.00471938240599,1.02003498520916
2.2,7,1.01273122236255,1.0052032816652,1.02031553960799
2.4,7,1.01306793640444,1.00562492385073,1.02056603752503
2.6,7,1.01335691980534,1.0059879244679,1.02077989401366
2.8,7,1.01359856139848,1.00629701830142,1.02095308341789
3,7,1.01379474003929,1.00655744415437,1.02108407314477
3.2,7,1.01394738518363,1.00677377524622,1.02117210956283
3.4,7,1.01405843324483,1.00694994232555,1.02121710604608
3.6,7,1.01412982677674,1.00708929918691,1.02121957445935
3.8,7,1.01416351369277,1.00719469050218,1.02118055446941
4,7,1.01416144652135,1.0072685181901,1.02110154446042
4.2,7,1.01412558169812,1.00731280430517,1.02098443607491
4.4,7,1.01405787889514,1.00732924968412,1.02083145314383
4.6,7,1.01396030038727,1.00731928842211,1.02064509493501
4.8,7,1.01383481045606,1.00728413875427,1.02042808314608
5,7,1.0136833748312,1.00722485117279,1.02018331181237
5.2,7,1.01350796016984,1.00714235467517,1.01991379923538
5.4,7,1.01331053357361,1.00703750195476,1.01962264112122
5.6,7,1.01309306214378,1.00691111413343,1.0193129643297
5.8,7,1.01285751257432,1.00676402531576,1.018987880955
6,7,1.01260585078305,1.00659712683242,1.01865044287054
6.2,7,1.0123400415809,1.00641141056859,1.01830359734199
6.4,7,1.01206204837919,1.00620801028825,1.01795014479764
6.6,7,1.01177383293499,1.00598823943332,1.0175927002771
6.8,7,1.01147735513452,1.00575362357528,1.01723366037999
7,7,1.01117457281446,1.00550592560097,1.01687517763298
7.2,7,1.01086744162125,1.00524716187355,1.01651914403358
7.4,7,1.01055791490819,1.0049796080293,1.01616718510949
7.6,7,1.01024794367032,1.00470579370122,1.01582066520224
7.8,7,1.00993947651705,1.00442848619634,1.01548070394745
8,7,1.00963445968232,1.00415066386121,1.01514820321714
8.2,7,1.00933483707238,1.00387548041347,1.01482388324528
8.4,7,1.00904255035101,1.00360622179377,1.0145083263823
8.6,7,1.00875953906209,1.0033462570501,1.01420202696579
8.8,7,1.00848774078955,1.00309898440954,1.01390544615243
9,7,1.00822906450856,1.00286773846483,1.01361905217521
9.2,7,1.00798433109361,1.00265434596657,1.01334264975509
9.4,7,1.00775292444639,1.00245855441999,1.01307525608164
9.6,7,1.00753413096278,1.00227973918472,1.01281606857647
9.8,7,1.00732723814226,1.00211706897316,1.01256449582587
10,7,1.00713153450181,1.00196954185364,1.01232012094049
10.2,7,1.00694630949472,1.00183601781752,1.01208266839307
10.4,7,1.00677085343457,1.00171524858605,1.01185197365827
10.6,7,1.0066044574241,1.00160590533376,1.01162795497738
10.8,7,1.00644641328917,1.00150660494436,1.01141058663203
11,7,1.00629601351773,1.00141593530871,1.01119987321704
11.2,7,1.00615255120374,1.00133248003345,1.01099582454369
11.4,7,1.00601531999604,1.00125484275879,1.01079843097502
11.6,7,1.00588361405226,1.00118167109271,1.01060763918553
11.8,7,1.00575672799762,1.00111167996667,1.01042332854029
12,7,1.00563395688876,1.00104367402008,1.01024528848625
12.2,7,1.00551459618241,1.00097656844778,1.01007319752123
12.4,7,1.00539794170907,1.00090940762027,1.009906604431
12.6,7,1.00528328965164,1.00084138073388,1.00974491253728
12.8,7,1.00516993652892,1.00077183378359,1.00958736766371
13,7,1.00505717918408,1.00070027728224,1.00943305039633
13.2,7,1.00494431477801,1.00062638936553,1.00928087299896
13.4,7,1.00483064078763,1.00055001419873,1.00912958106774
13.6,7,1.00471545500912,1.00047115590032,1.0089777597094
13.8,7,1.00459805556596,1.00038996847829,1.00882384374769
14,7,1.00447774092202,1.0003067424977,1.00866613123936
14.2,7,1.00435380989945,1.00022188933463,1.00850279944439
14.4,7,1.00422556170148,1.0001359239119,1.00833192235527
14.6,7,1.00409229594014,1.00004944675676,1.0081514889449
14.8,7,1.00395331266887,0.999963126088202,1.00795942142561
15,7,1.00380791241996,0.999877680450003,1.00775359300291
15.2,7,1.00365539624688,0.999793862176926,1.00753184483666
15.4,7,1.00349506856263,0.999712442200288,1.00729200730281
15.6,7,1.00332678000616,0.999634277148349,1.00703292242963
15.8,7,1.00315157676899,0.999560338290324,1.00675571791427
16,7,1.00297066283886,0.999491497975702,1.00646193844851
16.2,7,1.0027852414501,0.999428522210579,1.00615323469652
16.4,7,1.00259651502238,0.999372089446098,1.00583134405139
16.6,7,1.00240568511391,0.999322806053915,1.00549807475772
16.8,7,1.00221395238911,0.999281219135592,1.00515529275358
17,7,1.00202251660052,0.9992478271957,1.0048049107019
17.2,7,1.00183257658527,0.999223089110833,1.00444887877901
17.4,7,1.00164533027573,0.999207431747373,1.00408917686756
17.6,7,1.00146197472459,0.999201256517528,1.00372780786399
17.8,7,1.00128370614427,0.999204945113423,1.0033667918609
18,7,1.0011117199605,0.999218864620794,1.00300816100246
18.2,7,1.00094721088035,0.999243372185244,1.00265395483997
18.4,7,1.00079137297442,0.999278819383582,1.00230621603474
18.6,7,1.00064539977327,0.999325556439454,1.00196698626917
18.8,7,1.0005104843782,0.999383936415519,1.00163830223353
19,7,1.00038781958619,0.99945431951337,1.00132219155717
19.2,7,1.00027859802907,0.99953707761715,1.00102066854818
19.4,7,1.00018401232705,0.999632599227486,1.00073572959477
19.6,7,1.00010525525633,0.999741294949243,1.0004693480648
19.8,7,1.00004351993114,0.999863603720339,1.00022346851621
20,7,1,1,1
20.2,7,0.999975889856256,0.999800808198132,1.00015100217407
20.4,7,0.999972384863042,0.999627706091091,1.00031718248269
20.6,7,0.999990681592575,0.999482442794287,1.0004991788313
20.8,7,1.00003197807991,0.999366690140376,1.00069770890797
21,7,1.00009747409117,0.999282026521198,1.00091358709364
21.2,7,1.00018837140635,0.999229917447006,1.00114774470766
21.4,7,1.00030587411674,0.999211692249351,1.00140125416263
21.6,7,1.00045118893708,0.999228516375927,1.00167535758063
21.8,7,1.00062552552878,0.999281358841695,1.0019715002993
22,7,1.0008295866267,0.999370274895345,1.0022910292907
22.2,7,1.00106215414882,0.999492603503632,1.00263416953384
22.4,7,1.00132155793084,0.999645125525897,1.00300080175909
22.6,7,1.00160612830882,0.99982472578903,1.00339070477987
22.8,7,1.001914195683,1.00002842359292,1.00380352380839
23,7,1.00224409010955,1.00025339898224,1.00423874308408
23.2,7,1.00259414092045,1.00049701354375,1.00469566405562
23.4,7,1.00296267637138,1.00075682455661,1.00517339028861
23.6,7,1.00334802331752,1.00103059180241,1.00567081979238
23.8,7,1.00374850691743,1.00131627700917,1.0061866447915
24,7,1.00416245036483,1.00161203657351,1.00671935829787
24.2,7,1.00458817464852,1.0019162087328,1.00726726631168
24.4,7,1.00502399834034,1.00222729666522,1.00782850417356
24.6,7,1.00546823741126,1.00254394906495,1.00840105552063
24.8,7,1.00591920507569,1.00286493961282,1.00898277242673
25,7,1.00637521166402,1.00318914650553,1.00957139556356
25.2,7,1.00683456452362,1.00351553289228,1.01016457353459
25.4,7,1.00729556794809,1.00384312875389,1.01075988084651
25.6,7,1.00775652313525,1.00417101448511,1.01135483425836
25.8,7,1.00821572817352,1.00449830622326,1.01194690746501
26,7,1.00867147805722,1.00482414280863,1.01253354423024
26.2,7,1.00912206473046,1.00514767415669,1.01311217018955
26.4,7,1.00956577716007,1.00546805075693,1.01368020360819
26.6,7,1.01000090143743,1.00578441397669,1.01423506541638
26.8,7,1.01042572090934,1.00609588682721,1.01477418886468
27,7,1.01083851633809,1.0064015648356,1.0152950291562
27.2,7,1.01123756609066,1.00670050665129,1.01579507342711
27.4,7,1.01162114635721,1.00699172399387,1.01627185146887
27.6,7,1.01198753139893,1.00727417051605,1.01672294761836
27.8,7,1.01233499382519,1.00754672910711,1.01714601429082
28,7,1.01266180490008,1.00780819709588,1.01753878769646
28.2,7,1.01296623487843,1.00805726872598,1.01789910636784
28.4,7,1.0132468416891,1.00829267024473,1.01822535508837
28.6,7,1.01350410239779,1.0085140503637,1.01851884483583
28.8,7,1.01373927996548,1.00872143636023,1.01878208462889
29,7,1.01395364236622,1.00891484694467,1.01901760290392
29.2,7,1.01414845999582,1.00909431221026,1.01922792197602
29.4,7,1.01432500541767,1.00925989363676,1.01941553716971
29.6,7,1.01448455312452,1.00941170327462,1.01958289683932
29.8,7,1.014628379316,1.00954992217974,1.01973238320961
30,7,1.01475776169227,1.00967481792233,1.01986629421308
30.2,7,1.01487397926351,1.00978676079167,1.01998682670256
30.4,7,1.01497831217563,1.00988623816567,1.02009606157034
30.6,7,1.01507204155197,1.00997386642041,1.0201959513986
30.8,7,1.01515644935122,1.01005039972889,1.02028831129217
31,7,1.01523281824141,1.01011673514313,1.0203748134995
31.2,7,1.01530243149017,1.01017391346657,1.02045698631474
31.4,7,1.01536657287118,1.01022311559003,1.02053621758795
31.6,7,1.01542652658676,1.0102656541617,1.02061376297271
31.8,7,1.01548357720686,1.01030296066294,1.02069075883949
32,7,1.0155390096241,1.01033656813781,1.02076823960668
32.2,7,1.01559410902522,1.01036808995153,1.02084715911426
32.4,7,1.01565016087872,1.01039919501688,1.02092841560086
32.6,7,1.01570845093878,1.01043157992281,1.02101287985008
32.8,7,1.01577026526545,1.01046693833369,1.02110142613762
33,7,1.01583689026113,1.01050692791645,1.02119496572193
33.2,7,1.01590961272335,1.01055313491941,1.02129448275474
33.4,7,1.01598971991378,1.01060703639874,1.02140107261553
33.6,7,1.01607849964368,1.01066995999904,1.02151598276368
33.8,7,1.01617724037553,1.01074304117854,1.02164065621781
34,7,1.01628723134111,1.01082717787097,1.02177677767072
34.2,7,1.01640976267589,1.01092298284285,1.02192632198121
34.4,7,1.0165461255698,1.01103073449369,1.02209160429576
34.6,7,1.01669761243446,1.01115032761014,1.02227533028944
34.8,7,1.01686543562216,1.01128114107466,1.02248056664462
35,7,1.0170497882405,1.01142106124422,1.02270984004187
35.2,7,1.01725016890314,1.01156699364136,1.02296527332162
35.4,7,1.01746606323486,1.01171570892807,1.02324910120403
35.6,7,1.01769695714188,1.01186395587639,1.02356358338588
35.8,7,1.017942336734,1.01200856557921,1.02391089972882
36,7,1.0182016882494,1.01214655532777,1.02429304580125
36.2,7,1.01847449798214,1.01227522432615,1.02471173660353
36.4,7,1.01876025221223,1.01239223298333,1.02516832673549
36.6,7,1.01905843713834,1.01249565880904,1.0256637539803
36.8,7,1.01936853881315,1.01258402476836,1.02619851044931
37,7,1.01969004308129,1.01265629964295,1.02677264174008
37.2,7,1.02002243551994,1.01271187355738,1.02738577094907
37.4,7,1.02036520138198,1.01275051450021,1.02803714170916
37.6,7,1.02071782554182,1.01277231293543,1.02872567315655
37.8,7,1.02107979244382,1.01277762146583,1.02945001986528
38,7,1.0214505860533,1.01276699534919,1.03020863094861
38.2,7,1.02182968981021,1.0127411379949,1.03099980419959
38.4,7,1.02221658658538,1.01270085384956,1.03182173286237
38.6,7,1.02261075863943,1.01264700962258,1.03267254408312
38.8,7,1.02301168758429,1.01258050374312,1.03355032914949
39,7,1.02341885434734,1.01250224328125,1.03445316628566
39.2,7,1.02383173913818,1.01241312724005,1.03537913709624
39.4,7,1.02424982141807,1.01231403503694,1.03632633784108
39.6,7,1.02467257987203,1.01220581905102,1.03729288666407
39.8,7,1.0250994923835,1.01208930025038,1.03827692776215
40,7,1.02553003601177,1.01196526607835,1.03927663331566
0,8,1.00211010900258,0.99171257042309,1.01261665982184
0.2,8,1.00285390713024,0.99290946914169,1.01289794316875
0.4,8,1.00356726933698,0.994034759564433,1.01319119315887
0.6,8,1.00424863671259,0.995086264090912,1.01349537294685
0.8,8,1.00489644926134,0.996062467481777,1.01380877877171
1,8,1.00550914640029,0.996962612548216,1.01412894602981
1.2,8,1.00608516748144,0.997786760130457,1.01445259114664
1.4,8,1.0066229523372,0.998535799811346,1.01477560280112
1.6,8,1.0071209418495,0.99921140372173,1.01509309014482
1.8,8,1.0075775785421,0.999815924250241,1.01539948720268
2,8,1.00799130719606,1.00035224522285,1.01568870388897
2.2,8,1.00836057548818,1.00082360262084,1.01595430756849
2.4,8,1.00868383465227,1.00123339341033,1.01618971658871
2.6,8,1.00895965603139,1.00158507887763,1.01638853150622
2.8,8,1.00918849596005,1.0018833138279,1.01654694346277
3,8,1.00937234369121,1.0021333315974,1.01666364752549
3.2,8,1.00951324021873,1.00233972694871,1.01673809266174
3.4,8,1.00961323335249,1.00250647510469,1.01677037133752
3.6,8,1.00967437686422,1.00263699424011,1.01676115398952
3.8,8,1.00969872967397,1.00273421030735,1.01671162131064
4,8,1.00968835507758,1.00280062064153,1.01662339790643
4.2,8,1.00964532001548,1.00283835442401,1.01649848924522
4.4,8,1.00957169438319,1.00284922926039,1.01633922264808
4.6,8,1.00946955038352,1.00283480391406,1.01614819227877
4.8,8,1.00934096192103,1.00279642771398,1.01592820761648
5,8,1.00918800403852,1.00273528739812,1.01568224465096
5.2,8,1.009012752396,1.0026524522164,1.01541339897707
5.4,8,1.00881728279208,1.00254891803585,1.01512484004655
5.6,8,1.00860367072788,1.0024256509879,1.01481976603772
5.8,8,1.00837399101352,1.00228363089076,1.01450135911016
6,8,1.00813031741722,1.00212389428775,1.0141727412039
6.2,8,1.00787472235694,1.00194757649497,1.01383693098955
6.4,8,1.0076092766347,1.00175595159623,1.01349680303125
6.6,8,1.00733604921334,1.001550468921,1.0131550506266
6.8,8,1.00705710703583,1.00133278426667,1.01281415406178
7,8,1.00677451488699,1.00110478404667,1.01247635610009
7.2,8,1.00649033529761,1.00086860070727,1.01214364636041
7.4,8,1.00620662849079,1.00062661815998,1.01181775583841
7.6,8,1.00592545237057,1.00038146657448,1.01150016222497
7.8,8,1.00564886255261,1.00013600657086,1.01119210598254
8,8,1.00537891243695,0.999893303513844,1.01089461647635
8.2,8,1.00511765332274,0.999656593119352,1.01060854694968
8.4,8,1.00486713456485,0.999429239840409,1.01033461687573
8.6,8,1.00462940377225,0.999214689456109,1.01007346026224
8.8,8,1.00440650704828,0.999016416947478,1.00982567882462
9,8,1.00420045966229,0.998837832979952,1.00959187756978
9.2,8,1.00401207745631,0.998680740458053,1.0093718751558
9.4,8,1.00384059171711,0.998544732130461,1.00916453830664
9.6,8,1.00368512634917,0.998429025748521,1.00896889701229
9.8,8,1.00354480658982,0.998332637810788,1.00878418744463
10,8,1.00341875887413,0.998254418490478,1.00860981630617
10.2,8,1.00330611070724,0.998193083250816,1.00844532853726
10.4,8,1.00320599054445,0.998147241790883,1.0082903777388
10.6,8,1.0031175276789,0.998115424966604,1.00814469866578
10.8,8,1.00303985213684,0.998096110274475,1.00800808120374
11,8,1.00297209458045,0.998087746385639,1.00788034534031
11.2,8,1.00291338621826,0.998088777084662,1.00776131677759
11.4,8,1.0028628587231,0.998097664807204,1.00765080299084
11.6,8,1.00281964415755,0.998112913790736,1.00754856971935
11.8,8,1.00278287490695,0.998133092662001,1.00745431806575
12,8,1.00275168361995,0.998156856098433,1.00736766256655
12.2,8,1.00272520315648,0.998182965036715,1.00728811076056
12.4,8,1.00270256654331,0.998210304782078,1.00721504490181
12.6,8,1.00268290693704,0.998237900317945,1.00714770651716
12.8,8,1.00266535759469,0.99826492814357,1.00708518448111
13,8,1.00264905185164,0.998290724083255,1.00702640716428
13.2,8,1.00263312310716,0.998314786707239,1.00697013901531
13.4,8,1.00261670481744,0.998336776259292,1.00691498168139
13.6,8,1.00259893049603,0.998356509265924,1.00685937949249
13.8,8,1.00257893372182,0.998373949268134,1.00680162886826
14,8,1.00255584815456,0.998389194332236,1.00673989099128
14.2,8,1.00252880755772,0.998402462134542,1.00667220695181
14.4,8,1.00249694582899,0.998414073462509,1.00659651452138
14.6,8,1.00245939703818,0.998424434933582,1.0065106657541
14.8,8,1.00241529547261,0.998434021615063,1.00641244473223
15,8,1.00236377568998,0.998443360052237,1.00629958494882
15.2,8,1.0023039725787,0.998453011995157,1.00616978603688
15.4,8,1.00223502414875,0.998463559317932,1.00602073481442
15.6,8,1.0021566012343,0.998475666452096,1.00585110598253
15.8,8,1.00206954136073,0.998490104111045,1.00566181035604
16,8,1.00197483654659,0.99850754483916,1.00545416833509
16.2,8,1.0018734786273,0.998528556447951,1.00522960579855
16.4,8,1.00176645918443,0.998553620372403,1.00498963528132
16.6,8,1.00165476948483,0.998583146820201,1.00473584040205
16.8,8,1.00153940042959,0.998617487333636,1.00446986292132
17,8,1.00142134251269,0.998656945273669,1.00419339192109
17.2,8,1.00130158578963,0.99870178464327,1.00390815468798
17.4,8,1.00118111985566,0.998752237591608,1.0036159089591
17.6,8,1.00106093383395,0.998808510880189,1.00331843624899
17.8,8,1.00094201637342,0.998870791544372,1.00301753602452
18,8,1.00082535565643,0.998939251946954,1.00271502053062
18.2,8,1.00071193941615,0.999014054392965,1.00241271009799
18.4,8,1.00060275496372,0.999095355455087,1.00211242878308
18.6,8,1.00049878922519,0.999183310146251,1.00181600020375
18.8,8,1.00040102878809,0.999278076069162,1.00152524344086
19,8,1.0003104599579,0.999379817671473,1.00124196887687
19.2,8,1.00022806882406,0.999488710739824,1.00096797383831
19.4,8,1.00015484133584,0.999604947276129,1.00070503789853
19.6,8,1.00009176338791,0.999728740915665,1.00045491768123
19.8,8,1.00003982091562,0.99986033306907,1.00021934098256
20,8,1,1,1
20.2,8,0.999973286982553,0.999798543419298,1.00014806108727
20.4,8,0.999960668589759,0.999616567065588,1.00030488856521
20.6,8,0.999963132067364,0.999455602773153,1.00047091908787
20.8,8,0.999981665324445,0.999317105070821,1.0006466675202
21,8,1.00001725708728,0.999202435222324,1.00083274341686
21.2,8,1.00007089706306,0.999112842111658,1.00102987069878
21.4,8,1.00014357611345,0.999049439439243,1.00123891106176
21.6,8,1.00023628643805,0.999013178722712,1.0014608916236
21.8,8,1.00035002176495,0.999004817715575,1.00169703719092
22,8,1.00048539053704,0.999024331030584,1.00194858682317
22.2,8,1.00064154359687,0.999069458286956,1.00221610266094
22.4,8,1.00081728868614,0.999137494728626,1.00249990678724
22.6,8,1.00101143390155,0.999225839655064,1.00280021896506
22.8,8,1.00122278746762,0.999332025914628,1.00311712638944
23,8,1.00145015752374,0.999453745053697,1.0034505578349
23.2,8,1.00169235192557,0.999588867019325,1.00380026330043
23.4,8,1.00194817806062,0.999735453382242,1.0041658001851
23.6,8,1.00221644267809,0.999891763498393,1.00454652657605
23.8,8,1.00249595173297,1.00005625364697,1.0049416016109
24,8,1.00278551024439,1.00022756979677,1.00534999226267
24.2,8,1.00308392216821,1.00040453513106,1.00577048541723
24.4,8,1.00338999028389,1.00058613373307,1.00620170384101
24.6,8,1.00370251609566,1.00077149189011,1.0066421245814
24.8,8,1.00402029974797,1.00095985834987,1.00709009846592
25,8,1.00434213995531,1.0011505846217,1.00754386960795
25.2,8,1.0046668339464,1.00134310612181,1.00800159412002
25.4,8,1.0049931774227,1.00153692466876,1.0084613575283
25.6,8,1.00531996453145,1.00173159257928,1.00892119063873
25.8,8,1.00564598785306,1.00192669840992,1.00937908380918
26,8,1.00597003840308,1.00212185424092,1.0098329997316
26.2,8,1.00629090564861,1.00231668429737,1.01028088492905
26.4,8,1.0066073775393,1.00251081464023,1.01072068023543
26.6,8,1.00691824055297,1.00270386362216,1.01115033056294
26.8,8,1.00722227975577,1.00289543278244,1.01156779428318
27,8,1.00751827887704,1.00308509783991,1.01197105256304
27.2,8,1.00780502039882,1.00327239942795,1.01235811901153
27.4,8,1.00808128566004,1.00345683319345,1.0127270500156
27.6,8,1.00834585497547,1.00363783885001,1.01307595617484
27.8,8,1.00859750776935,1.00381478772892,1.01340301529136
28,8,1.00883502272378,1.00398696830897,1.01370648743409
28.2,8,1.00905717794188,1.00415356912419,1.01398473267797
28.4,8,1.00926296229572,1.00431374046767,1.01423657371013
28.6,8,1.0094527700997,1.00446706627889,1.01446322061796
28.8,8,1.00962757071008,1.00461330910336,1.01466685967732
29,8,1.00978833656162,1.0047522223709,1.01484969324057
29.2,8,1.00993604132681,1.00488357045467,1.01501391560156
29.4,8,1.01007165978476,1.00500714814524,1.01516169291256
29.6,8,1.01019616769954,1.00512279925199,1.01529514403045
29.8,8,1.01031054170782,1.00523043440398,1.01541632221984
30,8,1.01041575921596,1.00533004788861,1.0155271978751
30.2,8,1.01051279830658,1.00542173317555,1.01562964261396
30.4,8,1.0106026376545,1.00550569663048,1.01572541523807
30.6,8,1.01068625645222,1.00558226883681,1.01581615014254
30.8,8,1.0107646343448,1.0056519129194,1.01590334878035
31,8,1.01083875137431,1.00571522930733,1.01598837474473
31.2,8,1.0109095879337,1.00577295647692,1.01607245292814
31.4,8,1.01097812473026,1.00582596736992,1.01615667306313
31.6,8,1.01104534275851,1.00587526136373,1.01624199776798
31.8,8,1.01111222328263,1.00592195185605,1.01632927503489
32,8,1.01117974782846,1.00596724968897,1.01641925493556
32.2,8,1.01124889818498,1.00601244275611,1.01651261020064
32.4,8,1.01132065641528,1.00605887219703,1.01660996026874
32.6,8,1.01139600487718,1.0061079055815,1.01671189840249
32.8,8,1.0114759262533,1.00616090742861,1.0168190215267
33,8,1.01156140359068,1.00621920730681,1.01693196254237
33.2,8,1.01165342034999,1.00628406564192,1.01705142498999
33.4,8,1.01175296046429,1.00635663724649,1.01717822004839
33.6,8,1.01186100840736,1.00643793250665,1.01731330593345
33.8,8,1.01197854927158,1.00652877615412,1.01745782976899
34,8,1.01210656885544,1.00662976365239,1.01761317190106
34.2,8,1.01224605376066,1.00674121548081,1.01778099237218
34.4,8,1.01239799149894,1.0068631300596,1.0179632788127
34.6,8,1.0125633706083,1.00699513676915,1.01816239429634
34.8,8,1.01274311592405,1.00713638306643,1.01838106148917
35,8,1.01293734084601,1.0072847557603,1.01862164657276
35.2,8,1.01314560582292,1.0074373185362,1.01888623710083
35.4,8,1.01336746089468,1.00759100932522,1.01917702847294
35.6,8,1.01360245625896,1.00774274567035,1.01949623924187
35.8,8,1.0138501422113,1.00788952339166,1.01984601189514
36,8,1.01411006908724,1.00802851464908,1.02022831425769
36.2,8,1.01438178720641,1.00815715826765,1.02064484865058
36.4,8,1.01466484681878,1.00827323481221,1.02109697631865
36.6,8,1.01495879805275,1.00837492004336,1.02158566349547
36.8,8,1.01526319086542,1.0084608129064,1.02211145295331
37,8,1.01557757499474,1.00852993751237,1.02267446157942
37.2,8,1.01590149991377,1.0085817218375,1.02327440125207
37.4,8,1.01623451478692,1.00861595833599,1.02391061782127
37.6,8,1.01657616842815,1.0086327528966,1.02458214176393
37.8,8,1.01692600926127,1.00863246855388,1.02528774410241
38,8,1.0172835852822,1.00861566939499,1.02602599214561
38.2,8,1.01764844402325,1.00858306862908,1.02679530108569
38.4,8,1.01802013251942,1.00853548322745,1.02759397904211
38.6,8,1.01839819727674,1.00847379618789,1.02842026449965
38.8,8,1.01878218424261,1.00839892646471,1.0292723560991
39,8,1.01917163877816,1.00831180595422,1.03014843539075
39.2,8,1.01956610563267,1.00821336258243,1.03104668350393
39.4,8,1.01996512891999,1.00810450842471,1.03196529280324
39.6,8,1.02036825209702,1.0079861318167,1.03290247457181
39.8,8,1.02077501794424,1.0078590925263,1.03385646365231
40,8,1.02118496854823,1.00772421920107,1.03482552083109
0,9,0.999900258184741,0.990668635305009,1.00921790666169
0.2,9,1.00051230973819,0.991695568643781,1.00940743670624
0.4,9,1.00109869321576,0.992658833529687,1.00961031092091
0.6,9,1.00165810830677,0.993556491665628,1.00982578681027
0.8,9,1.00218925401087,0.994387219323234,1.01005250403202
1,9,1.00269082899048,0.995150403788638,1.01028838928669
1.2,9,1.00316153193977,0.995846206350656,1.01053059473062
1.4,9,1.00360006197014,0.996475577666893,1.0107754840763
1.6,9,1.00400511901209,0.997040217106539,1.01101867478106
1.8,9,1.00437540423353,0.997542476281387,1.01125513611183
2,9,1.0047096204742,0.997985216095174,1.01147933375513
2.2,9,1.00500647269635,0.998371633512858,1.01168540477022
2.4,9,1.00526466845134,0.998705076942811,1.01186734399113
2.6,9,1.00548301845848,0.998988942719798,1.01201930989936
2.8,9,1.00566196103777,0.999227600843099,1.01213775422636
3,9,1.00580325754741,0.999425844818406,1.01222136503464
3.2,9,1.00590871277488,0.999587861654383,1.01226953352728
3.4,9,1.0059801362356,0.999717254580546,1.01228225267074
3.6,9,1.00601934154261,0.999817103144182,1.01226005473911
3.8,9,1.00602814580816,0.999890025158224,1.01220394712713
4,9,1.00600836907763,0.999938237070712,1.01211534986302
4.2,9,1.00596183379591,0.999963610950878,1.01199603662751
4.4,9,1.00589036430634,0.999967727442898,1.01184807992927
4.6,9,1.00579578638249,0.999951924801943,1.01167380032308
4.8,9,1.00567992679276,0.999917344587192,1.01147571909699
5,9,1.005544612898,0.999864974819616,1.01125651362135
5.2,9,1.00539167228212,0.999795691473825,1.01101897449084
5.4,9,1.00522293241586,0.999710299098256,1.01076596366586
5.6,9,1.00504022035363,0.99960957116612,1.01050037301075
5.8,9,1.00484536246357,0.999494290463824,1.01022508292266
6,9,1.00464018419066,0.99936528943866,1.00994292112904
6.2,9,1.00442650985311,0.999223489978973,1.00965662218062
6.4,9,1.00420616247173,0.9990699416311,1.00936878863537
6.6,9,1.00398096363252,0.998905856830374,1.00908185535611
6.8,9,1.00375273338223,0.99873264141494,1.00879805865252
7,9,1.00352329015698,0.998551918576189,1.00851941211373
7.2,9,1.00329445074383,0.998365544532204,1.00824769084455
7.4,9,1.00306803027522,0.998175614601192,1.0079844254282
7.6,9,1.0028458422564,0.997984458954699,1.00773090633529
7.8,9,1.0026296986255,0.997794628045941,1.0074881987835
8,9,1.00242140984646,0.997608868403608,1.00725716735713
8.2,9,1.00222278503472,0.99743009002154,1.00703850915612
8.4,9,1.00203563211543,0.997261326856497,1.00683279396179
8.6,9,1.00186175801448,0.997105691918885,1.00664050993454
8.8,9,1.00170296888199,0.996966328109228,1.00646211369043
9,9,1.00156104304085,0.996846321163247,1.0062980638445
9.2,9,1.00143665317751,0.996747278183597,1.0061480901708
9.4,9,1.00132901075269,0.996668770265458,1.00601104167026
9.6,9,1.00123722809018,0.996610020068326,1.00588591999604
9.8,9,1.00116041861956,0.996570062200763,1.00577191893265
10,9,1.00109769674012,0.996547775784247,1.00566839119146
10.2,9,1.00104817769251,0.996541913833171,1.00557481843082
10.4,9,1.00101097743835,0.996551130058858,1.00549078389274
10.6,9,1.00098521254766,0.996574003712308,1.00541594704123
10.8,9,1.00097000009411,0.996609063029348,1.00535001963844
11,9,1.00096445755811,0.996654807749497,1.00529274278726
11.2,9,1.00096770273766,0.996709731055866,1.00524386459287
11.4,9,1.00097885366706,0.996772341134074,1.00520311824528
11.6,9,1.0009970285433,0.996841182379721,1.00517020049322
11.8,9,1.00102134566037,0.996914856105375,1.0051447506584
12,9,1.00105092335118,0.996992040422253,1.00512633051497
12.2,9,1.0010848799374,0.997071508816316,1.00511440551443
12.4,9,1.00112233368696,0.997152146823806,1.00510832795099
12.6,9,1.00116240277935,0.997232966157635,1.00510732271608
12.8,9,1.00120420527872,0.997313115659096,1.00511047626736
13,9,1.00124685911473,0.997391888555226,1.00511672933222
13.2,9,1.00128948207112,0.997468725683974,1.0051248736834
13.4,9,1.00133119178213,0.997543214586537,1.00513355308762
13.6,9,1.00137110573664,0.997615084627272,1.00514126826668
13.8,9,1.00140834129014,0.997684198549691,1.00514638546271
14,9,1.00144201568442,0.997750541077822,1.00514714799823
14.2,9,1.00147124607504,0.997814205300329,1.00514169009371
14.4,9,1.00149514956667,0.997875377618098,1.00512805216186
14.6,9,1.00151284325611,0.997934321996182,1.00510419683788
14.8,9,1.00152344428313,0.997991364150214,1.00506802511547
15,9,1.00152606988913,0.998046876133415,1.00501739212245
15.2,9,1.00151983748347,0.998101261589799,1.00495012227041
15.4,9,1.00150386723938,0.998154942186395,1.0048640283225
15.6,9,1.00147777266707,0.998208427137524,1.00475782600063
15.8,9,1.00144224781144,0.998262350575641,1.00463227439492
16,9,1.00139813003844,0.998317262125859,1.00448850569717
16.2,9,1.00134625680292,0.998373617213282,1.00432774737377
16.4,9,1.00128746558024,0.998431793651971,1.00415130517927
16.6,9,1.00122259380503,0.998492105313043,1.0039605491236
16.8,9,1.00115247881679,0.998554813440915,1.0037569018241
17,9,1.00107795781264,0.998620136084221,1.00354182877583
17.2,9,1.00099986780698,0.99868825602239,1.00331683015918
17.4,9,1.00091904559812,0.998759327499218,1.00308343387346
17.6,9,1.00083632774205,0.9988334820191,1.00284318954082
17.8,9,1.00075255053302,0.998910833417878,1.00259766326849
18,9,1.00066854999124,0.998991482386641,1.00234843299096
18.2,9,1.0005851618575,0.999075520601672,1.0020970842389
18.4,9,1.00050322159483,0.999163034595766,1.00184520619962
18.6,9,1.00042356439707,0.999254109494554,1.00159438794522
18.8,9,1.00034702520445,0.999348832735354,1.00134621471099
19,9,1.00027443872615,0.999447297885323,1.0011022641073
19.2,9,1.0002066394698,0.999549608680002,1.00086410214357
19.4,9,1.00014446177796,0.999655883412907,1.00063327893399
19.6,9,1.00008873987155,0.999766259821919,1.00041132393888
19.8,9,1.00004030790029,0.999880900639325,1.00019974057495
20,9,1,1,1
20.2,9,0.999968650356985,0.999813533842673,1.00012379093692
20.4,9,0.99994709327929,0.999641725606267,1.00025255423515
20.6,9,0.999936163274976,0.999485900426562,1.0003866289643
20.8,9,0.999936695137358,0.999347312810013,1.0005264250631
21,9,0.99994952403723,0.999227131924287,1.00067243840417
21.2,9,0.999975485622083,0.999126423966918,1.00082526881326
21.4,9,1.00001541612233,0.999046131115404,1.00098564153971
21.6,9,1.00007015246457,0.998987046589764,1.00115443264722
21.8,9,1.00014053238965,0.998949785474637,1.00133269867351
22,9,1.00022709230469,0.998934299508723,1.00152155819689
22.2,9,1.00032922985868,0.998938699082545,1.00172169626494
22.4,9,1.00044607463334,0.998960735264316,1.00193362253064
22.6,9,1.00057675647671,0.99899825400725,1.00215775311474
22.8,9,1.00072040537867,0.999049223887922,1.0023943823749
23,9,1.00087615135403,0.999111759797975,1.00264365875527
23.2,9,1.00104312433322,0.999184141482713,1.00290556582273
23.4,9,1.00122045406063,0.99926482591075,1.00317990950569
23.6,9,1.00140727000044,0.999352452913661,1.00346631209638
23.8,9,1.00160270125014,0.99944584414791,1.00376421296431
24,9,1.00180587646154,0.999543996032061,1.00407287532813
24.2,9,1.00201592376943,0.999646067773264,1.0043913979715
24.4,9,1.00223197072779,0.999751365850509,1.00471873053596
24.6,9,1.00245314425367,0.99985932636145,1.00505369098371
24.8,9,1.00267857057854,0.99996949650508,1.00539498395821
25,9,1.00290737520742,1.00008151622757,1.00574121901534
25.2,9,1.00313868288549,1.00019510076854,1.00609092798796
25.4,9,1.00337161757245,1.00031002456143,1.00644258103015
25.6,9,1.0036053024244,1.00042610669742,1.0067946011319
25.8,9,1.00383885978353,1.00054319797139,1.00714537708577
26,9,1.00407141117532,1.00066116939182,1.00749327502368
26.2,9,1.00430207731356,1.00077990194678,1.00783664873194
26.4,9,1.00452997811296,1.0008992773637,1.00817384900653
26.6,9,1.00475423270955,1.00101916957074,1.00850323234136
26.8,9,1.00497395948875,1.00113943655094,1.008823169258
27,9,1.00518827612114,1.00125991226916,1.00913205259711
27.2,9,1.00539629960607,1.00138039833884,1.00942830610465
27.4,9,1.00559714632293,1.00150065507613,1.00971039366515
27.6,9,1.00578993209023,1.00162039155834,1.00997682956531
27.8,9,1.00597377223237,1.00173925425939,1.01022619021515
28,9,1.00614778165431,1.00185681377352,1.0104571278154
28.2,9,1.00631107492388,1.00197254905929,1.01066838653932
28.4,9,1.0064629220991,1.00208586654216,1.01085909639226
28.6,9,1.00660362967162,1.00219632179956,1.0110303193377
28.8,9,1.00673392794321,1.0023035326357,1.01118390654255
29,9,1.00685454918956,1.00240710789076,1.01132172272485
29.2,9,1.00696622633296,1.00250666607823,1.01144562453824
29.4,9,1.00706969287434,1.00260185330133,1.01155744223546
29.6,9,1.0071656828307,1.00269236048572,1.01165896205736
29.8,9,1.0072549306778,1.00277793998784,1.01175190928815
30,9,1.00733817129828,1.0028584214139,1.01183793214194
30.2,9,1.00741613993509,1.00293372629882,1.01191858683126
30.4,9,1.00748957215025,1.00300388115405,1.01199532430882
30.6,9,1.00755920378908,1.00306902830532,1.01206947926128
30.8,9,1.00762577094966,1.00312943391677,1.01214226195873
31,9,1.00769000995781,1.00318549263878,1.01221475352256
31.2,9,1.00775265734732,1.00323772842069,1.01228790507041
31.4,9,1.00781444984566,1.0032867911839,1.01236254104289
31.6,9,1.00787612436501,1.00333344923383,1.01243936683337
31.8,9,1.00793841799874,1.00337857747621,1.01251898065553
32,9,1.0080020680232,1.00342314166639,1.0126018894199
32.2,9,1.00806781190496,1.0034681790382,1.01268852827287
32.4,9,1.00813638731344,1.00351477571687,1.01277928339357
32.6,9,1.00820853213892,1.00356404131571,1.01287451764919
32.8,9,1.00828498451595,1.00361708105398,1.01297459877096
33,9,1.00836648285218,1.00367496563087,1.01307992981628
33.2,9,1.00845376586257,1.0037386989677,1.01319098180465
33.4,9,1.00854757260905,1.00380918381595,1.01330832853001
33.6,9,1.00864864254555,1.00388718515069,1.01343268362995
33.8,9,1.00875771556851,1.0039732912638,1.01356493999762
34,9,1.00887553207277,1.00406787257656,1.0137062115166
34.2,9,1.00900283301291,1.00417103845531,1.01385787683557
34.4,9,1.00914035997007,1.0042825927853,1.0140216244276
34.6,9,1.00928885522419,1.0044019897866,1.0141994974504
34.8,9,1.00944901191087,1.00452823928162,1.01439388939086
35,9,1.00962089846655,1.00465930356192,1.01460699662707
35.2,9,1.00980415763684,1.00479246819117,1.01484084431516
35.4,9,1.00999842410929,1.0049249084775,1.01509755415332
35.6,9,1.01020333265382,1.00505379013521,1.01537925961913
35.8,9,1.01041851808323,1.00517636549557,1.01568800931981
36,9,1.01064361521505,1.00529006848888,1.0160256715858
36.2,9,1.01087825883474,1.00539260094512,1.0163938477607
36.4,9,1.01112208366021,1.00548200258087,1.01679380181958
36.6,9,1.01137472430771,1.00555669849505,1.01722641249307
36.8,9,1.01163581525894,1.00561552084053,1.01769215123015
37,9,1.01190499082966,1.00565770486276,1.01819108580858
37.2,9,1.01218188513949,1.00568286278547,1.01872290611268
37.4,9,1.01246613208309,1.00569094131087,1.0192869663111
37.6,9,1.01275736530269,1.00568216942418,1.01988233674474
37.8,9,1.01305521816191,1.00565700283778,1.02050785918966
38,9,1.01335932372094,1.00561607017754,1.02116220039211
38.2,9,1.01366931471304,1.00556012439948,1.02184390038781
38.4,9,1.01398482352241,1.00549000134501,1.02255141369723
38.6,9,1.01430548216329,1.00540658605398,1.02328314277748
38.8,9,1.01463092226054,1.00531078655269,1.02403746401394
39,9,1.01496077503147,1.00520351430035,1.02481274706794
39.2,9,1.01529467126899,1.0050856702367,1.02560736863799
39.4,9,1.0156322413262,1.00495813533436,1.02641972173108
39.6,9,1.01597311510222,1.0048217646399,1.02724822145987
39.8,9,1.01631692202943,1.00467738392785,1.02809130824185
40,9,1.01666329106207,1.0045257882486,1.02894744911951
0,10,0.999344047554773,0.991871783000366,1.00687260440273
0.2,10,0.999727981161669,0.992633687192359,1.00687297762836
0.4,10,1.00009491473529,0.993343668315301,1.00689204590762
0.6,10,1.00044400344462,0.993999928880968,1.00692985476879
0.8,10,1.00077440223223,0.994601234547803,1.00698588476883
1,10,1.0010852659668,0.995147041725604,1.00705892467714
1.2,10,1.00137574960276,0.995637596210377,1.00714697366712
1.4,10,1.00164500834693,0.996073981407233,1.0072471939573
1.6,10,1.00189219783216,0.996458100203399,1.00735592983997
1.8,10,1.00211647429797,0.996792585733991,1.00746879785419
2,10,1.00231699477806,0.997080650000407,1.00758083914326
2.2,10,1.00249291729485,0.997325890827654,1.00768671350979
2.4,10,1.00264340106081,0.997532083060707,1.00778090926787
2.6,10,1.0027676752986,0.997703022507003,1.00785803785285
2.8,10,1.00286608394029,0.99784296711353,1.00791448701297
3,10,1.00293987640515,0.99795617876737,1.00794846215192
3.2,10,1.002990330444,0.998046291230444,1.00795886103031
3.4,10,1.00301872575645,0.998116348803303,1.00794518136518
3.6,10,1.0030263437009,0.998168871054288,1.00790745467284
3.8,10,1.00301446702071,0.99820591861249,1.00784617912427
4,10,1.00298437958668,0.998229156010223,1.00776225542802
4.2,10,1.00293736615576,0.998239909621669,1.00765692769455
4.4,10,1.0028747121462,0.998239220152013,1.0075317298284
4.6,10,1.00279770342898,0.99822789002306,1.00738843710248
4.8,10,1.00270762613581,0.998206526520392,1.00722902204984
5,10,1.00260576648342,0.998175581828099,1.00705561354727
5.2,10,1.00249341061444,0.998135391157202,1.00687045788471
5.4,10,1.00237184445469,0.998086210115206,1.0066758806732
5.6,10,1.00224235358694,0.998028252282972,1.00647424862546
5.8,10,1.00210622314117,0.997961727661327,1.00626793054639
6,10,1.00196473770133,0.997886882221332,1.00605925729989
6.2,10,1.00181918122851,0.997804038248053,1.00585048106195
6.4,10,1.00167083700061,0.997713634543772,1.00564373479401
6.6,10,1.00152098756843,0.997616264924384,1.00544099350272
6.8,10,1.00137091472821,0.99751271290981,1.00524403938527
7,10,1.00122189951055,0.997403980202049,1.00505443326629
7.2,10,1.00107522218575,0.997291306575202,1.0048734947021
7.4,10,1.00093216228555,0.997176179225952,1.00470229270349
7.6,10,1.00079399864116,0.997060330414828,1.00454164824655
7.8,10,1.00066200943771,0.996945723233233,1.00439214873652
8,10,1.00053747228499,0.996834526352862,1.0042541735679
8.2,10,1.00042166430455,0.996729079433503,1.00412792910459
8.4,10,1.00031586223304,0.99663185131316,1.00401349095616
8.6,10,1.00022134254195,0.996545393104087,1.00391085142663
8.8,10,1.00013938157356,0.996472287891041,1.00381997043929
9,10,1.00007123488188,0.996415070805042,1.00374081458856
9.2,10,1.00001731570843,0.996375086769101,1.00367285874183
9.4,10,0.999976923608092,0.996352026107213,1.00361500910031
9.6,10,0.999949282331302,0.996345261372632,1.00356633990245
9.8,10,0.999933616222248,0.996353981757109,1.00352611136054
10,10,0.999929150123058,0.996377225164304,1.00349373712445
10.2,10,0.999935109283995,0.99641390675076,1.00346875530803
10.4,10,0.999950719279697,0.996462844609536,1.00345080240277
10.6,10,0.999975205931413,0.996522783285272,1.00343958939002
10.8,10,1.00000779523527,0.996592415756924,1.00343487941536
11,10,1.00004771329654,0.996670404427135,1.0034364664861
11.2,10,1.00009418626986,0.996755401526743,1.00344415478339
11.4,10,1.00014644030556,0.9968460691856,1.00345773833777
11.6,10,1.00020370150182,0.99694109924235,1.00347698099539
11.8,10,1.00026519586298,0.997039232674625,1.00350159679355
12,10,1.00033014926372,0.997139278340494,1.00353123105465
12.2,10,1.00039778741932,0.99724013055113,1.00356544267867
12.4,10,1.00046733586184,0.997340784866541,1.00360368824225
12.6,10,1.00053801992233,0.997440351444539,1.00364530857438
12.8,10,1.00060906471906,0.99753806529615,1.00368951845532
13,10,1.00067969515171,0.997633292915621,1.00373539997086
13.2,10,1.00074913590156,0.99772553495174,1.00378189985502
13.4,10,1.00081661143776,0.997814424844701,1.00382783089716
13.6,10,1.00088134602946,0.997899723631933,1.00387187721002
13.8,10,1.00094256376415,0.997981311384989,1.00391260289669
14,10,1.00099948857183,0.998059175939841,1.0039484634541
14.2,10,1.00105134425529,0.998133399699101,1.00397781913462
14.4,10,1.00109735452643,0.99820414530775,1.00399894946422
14.6,10,1.00113674304849,0.998271640940465,1.00401006817895
14.8,10,1.00116873348444,0.998336165806956,1.00400933797349
15,10,1.00119254955124,0.998398036304246,1.00399488463282
15.2,10,1.00120741508024,0.998457593042037,1.00396481032064
15.4,10,1.00121255629277,0.998515189184156,1.00391721000994
15.6,10,1.0012076316104,0.998571255459096,1.00385096818558
15.8,10,1.00119324617722,0.998626339204024,1.00376675122535
16,10,1.0011701307977,0.998680916006814,1.00366554996294
16.2,10,1.00113901645046,0.998735380608643,1.00354843707307
16.4,10,1.00110063422727,0.998790061571309,1.00341655209662
16.6,10,1.00105571527734,0.998845233251729,1.00327108918271
16.8,10,1.00100499075687,0.998901125630811,1.00311328700064
17,10,1.00094919178409,0.998957932438683,1.0029444203795
17.2,10,1.00088904939948,0.999015817932308,1.00276579331968
17.4,10,1.00082529453145,0.999074922612814,1.00257873308881
17.6,10,1.00075865796726,0.999135368115752,1.00238458516905
17.8,10,1.00068987032936,0.999197261465642,1.00218470886415
18,10,1.00061966205701,0.999260698854316,1.00198047340703
18.2,10,1.00054876339323,0.999325769079067,1.00177325443163
18.4,10,1.00047790437713,0.999392556760022,1.00156443068969
18.6,10,1.00040781484152,0.999461145445654,1.0013553809035
18.8,10,1.00033922441584,0.999531620710081,1.00114748065097
19,10,1.00027286253448,0.999604073345634,1.00094209917946
19.2,10,1.00020945845034,0.999678602758875,1.00074059604016
19.4,10,1.00014974125374,0.999755320688088,1.00054431742506
19.6,10,1.00009443989669,0.999834355375601,1.00035459207295
19.8,10,1.00004428322236,0.999915856349796,1.00017272658978
20,10,1,1,1
20.2,10,0.99996231896507,0.999837657309695,1.0000869961635
20.4,10,0.999931968864741,0.999686901817931,1.00017709598822
20.6,10,0.999909678508686,0.999548885860247,1.00027060138721
20.8,10,0.999896176825194,0.999424699608725,1.00036787646039
21,10,0.999892192922604,0.999315357490851,1.00046936132144
21.2,10,0.999898456156069,0.999221781732946,1.00057558882408
21.4,10,0.999915696199646,0.999144782500223,1.0006872047157
21.6,10,0.999944643123729,0.999085034123882,1.00080499172792
21.8,10,0.999986027476009,0.999043047021782,1.00092989799412
22,10,1.00004033082532,0.999018755900686,1.00106295039033
22.2,10,1.00010709447491,0.999010533203848,1.00120485938355
22.4,10,1.0001856383828,0.999016445646283,1.00135619947683
22.6,10,1.00027528272545,0.999034641682114,1.00151746444628
22.8,10,1.0003753478198,0.999063379961628,1.00168903855132
23,10,1.00048515405006,0.999101054253427,1.00187117130263
23.2,10,1.00060402179899,0.999146213281326,1.00206395733835
23.4,10,1.00073127138395,0.999197574087198,1.00226732279711
23.6,10,1.00086622299749,0.999254028122582,1.00248101898506
23.8,10,1.00100819665258,0.99931464006162,1.00270462334452
24,10,1.00115651213253,0.999378640095686,1.00293754696358
24.2,10,1.00131048894542,0.999445411044129,1.00317904729251
24.4,10,1.00146944628329,0.99951447190712,1.00342824444083
24.6,10,1.00163270298584,0.999585459495669,1.00368413942007
24.8,10,1.00179957750885,0.999658109565778,1.00394563290528
25,10,1.00196938789719,0.999732238552153,1.00421154341988
25.2,10,1.00214145176249,0.999807726630909,1.00448062421444
25.4,10,1.00231508626546,0.999884502504686,1.00475157844606
25.6,10,1.00248960810283,0.99996253003264,1.00502307253588
25.8,10,1.00266433349898,1.00004179663184,1.00529374777829
26,10,1.00283857820224,1.00012230324941,1.00556223040242
26.2,10,1.00301165748578,1.00020405563185,1.00582714035972
26.4,10,1.00318288615331,1.00028705658278,1.00608709914622
26.6,10,1.00335157854928,1.00037129888828,1.00634073698046
26.8,10,1.00351704857396,1.00045675858669,1.00658669966027
27,10,1.00367860970302,1.0005433882596,1.00682365542155
27.2,10,1.00383557501198,1.00063111001433,1.00705030212903
27.4,10,1.0039872572052,1.00071980781138,1.00726537514526
27.6,10,1.00413296864968,1.00080931875931,1.00746765625562
27.8,10,1.00427202141354,1.00089942294986,1.0076559840764
28,10,1.00440372730917,1.00098983133603,1.00782926644326
28.2,10,1.00452739794114,1.00108017106173,1.00798649537148
28.4,10,1.00464246289846,1.00116997851809,1.00812699133531
28.6,10,1.00474913796488,1.00125876704127,1.00825167626178
28.8,10,1.00484796028755,1.00134604092538,1.00836212660403
29,10,1.00493946837057,1.00143129408992,1.00845993234783
29.2,10,1.00502420108292,1.00151402688568,1.00854667797644
29.4,10,1.0051026976206,1.00159376251955,1.00862392575503
29.6,10,1.00517549747167,1.00167006334939,1.0086931991747
29.8,10,1.00524314038418,1.00174254710033,1.00875596650508
30,10,1.00530616633702,1.00181090280868,1.00881362464893
30.2,10,1.00536511551362,1.0018749060828,1.00886748370976
30.4,10,1.00542052827857,1.00193443309083,1.00891875286246
30.6,10,1.00547294515718,1.00198947256199,1.0089685282402
30.8,10,1.00552290681789,1.00204013503832,1.00901778360088
31,10,1.00557095405759,1.00208665864908,1.00906736450065
31.2,10,1.00561762778992,1.00212941080311,1.00911798657958
31.4,10,1.00566346903635,1.00216888538998,1.00917023836822
31.6,10,1.00570901892031,1.00220569532295,1.00922458878238
31.8,10,1.00575481866415,1.0022405605066,1.00928139922301
32,10,1.00580140958899,1.00227429153177,1.00934093997874
32.2,10,1.00584933311758,1.00230776955444,1.00940341047424
32.4,10,1.00589913077997,1.00234192288535,1.00946896283777
32.6,10,1.00595134422216,1.00237770079693,1.00953772828129
32.8,10,1.00600651521765,1.00241604495611,1.00960984588456
33,10,1.00606518568189,1.00245785873883,1.0096854935274
33.2,10,1.0061278976897,1.00250397450625,1.00976492089027
33.4,10,1.0061951934955,1.00255511876005,1.00984848460563
33.6,10,1.00626761555663,1.00261187498516,1.00993668575191
33.8,10,1.00634570655942,1.00267464397784,1.01003020989225
34,10,1.00643000944833,1.00274360159834,1.0101299697187
34.2,10,1.00652106745792,1.00281865424628,1.01023715000401
34.4,10,1.00661942414781,1.00289939300536,1.01035325391432
34.6,10,1.00672562344058,1.002985048414,1.01048014872649
34.8,10,1.00684017330669,1.00307440909099,1.01062007503801
35,10,1.00696312661736,1.00316537461434,1.01077525603076
35.2,10,1.00709422616293,1.0032552862408,1.01094785572581
35.4,10,1.00723320883877,1.00334139718584,1.01114011624873
35.6,10,1.00737981158263,1.00342098638115,1.01135425564915
35.8,10,1.00753377135424,1.00349147021694,1.01159235583722
36,10,1.00769482511573,1.00355050981685,1.0118562549984
36.2,10,1.00786270981252,1.00359610276956,1.01214745556248
36.4,10,1.00803716235513,1.00362664918711,1.01246705785662
36.6,10,1.00821791960152,1.0036409855489,1.01281572598362
36.8,10,1.00840471834022,1.00363838505225,1.01319368720426
37,10,1.00859729527408,1.00361852850847,1.01360076078508
37.2,10,1.00879538700474,1.00358145366943,1.01403640842615
37.4,10,1.00899873001783,1.00352749244195,1.01449979681197
37.6,10,1.00920706066877,1.00345720485267,1.01498986342247
37.8,10,1.00942011516938,1.00337131660522,1.01550537876245
38,10,1.00963762957504,1.00327066453277,1.0160450007064
38.2,10,1.00985933977266,1.00315615190845,1.01660731899609
38.4,10,1.01008498146931,1.00302871381345,1.01719088969133
38.6,10,1.01031429018147,1.00288929166045,1.01779426047604
38.8,10,1.0105470012251,1.00273881543196,1.01841598826025
39,10,1.01078284970632,1.00257819205377,1.01905465065774
39.2,10,1.01102157051274,1.00240829842279,1.01970885282011
39.4,10,1.01126289830566,1.00222997782239,1.02037723089419
39.6,10,1.01150656751273,1.00204403870641,1.0210584531217
39.8,10,1.01175231232154,1.00185125506863,1.02175121936425
40,10,1.0119998666737,1.00165236781793,1.02245425963367
0,11,1.0001083867132,0.993517796071386,1.00674269663733
0.2,11,1.00018647076443,0.993997012180459,1.00641447010566
0.4,11,1.00025948544156,0.994435557268612,1.00611752154551
0.6,11,1.00032718521261,0.994831468588674,1.00585326165342
0.8,11,1.00038932456157,0.995183267898718,1.00562261543028
1,11,1.00044565800181,0.995490168014415,1.00542581611934
1.2,11,1.00049594008992,0.995752275184533,1.0052622033436
1.4,11,1.00053992544026,0.995970747073661,1.00513006565841
1.6,11,1.00057736874009,0.996147863339719,1.00502657053174
1.8,11,1.00060802476524,0.996286978369817,1.00494781218846
2,11,1.00063164839646,0.996392352467523,1.00488898102542
2.2,11,1.00064799463629,0.996468888602935,1.00484462748603
2.4,11,1.0006568186266,0.996521823072276,1.00480897204726
2.6,11,1.00065790030645,0.996556418735578,1.00477626215702
2.8,11,1.00065141947244,0.99657758906086,1.00474190297196
3,11,1.00063788043055,0.996589495561018,1.00470271080761
3.2,11,1.00061779698157,0.996595503798527,1.00465632427604
3.4,11,1.00059168302048,0.996598256366655,1.00460111156507
3.6,11,1.0005600525041,0.996599759218099,1.00453608322408
3.8,11,1.00052341942153,0.996601468882683,1.00446080410984
4,11,1.00048229776707,0.996604373839195,1.00437531122734
4.2,11,1.0004372015159,0.99660906703821,1.00428004046907
4.4,11,1.00038864460236,0.996615808962863,1.00417576286574
4.6,11,1.0003371409008,0.996624582019214,1.00406352955711
4.8,11,1.00028320420921,0.996635137808758,1.0039446239302
5,11,1.00022734823535,0.996647039209355,1.00382051899896
5.2,11,1.00017008658561,0.996659699339724,1.00369283794998
5.4,11,1.00011193275647,0.996672419487727,1.00356331577428
5.6,11,1.00005340012859,0.996684427960473,1.00343376002701
5.8,11,0.999995001963558,0.996694921532795,1.00330600903859
6,11,0.999937251403277,0.996703110669477,1.00318188640179
6.2,11,0.999880661471943,0.996708268913658,1.00306315134241
6.4,11,0.999825745080701,0.996709785747173,1.00295144566761
6.6,11,0.999773015034913,0.996707220903601,1.00284823931126
6.8,11,0.99972298404406,0.996700356745147,1.00275477786501
7,11,0.999676164734272,0.996689244221048,1.00267203657732
7.2,11,0.999633069663488,0.996674237487388,1.0026006857406
7.4,11,0.999594211339246,0.996656012783477,1.00254107187131
7.6,11,0.999560102239099,0.996635568682578,1.00249321756492
7.8,11,0.999531254833664,0.99661420708328,1.00245684065978
8,11,0.999508181612294,0.996593496720436,1.00243139093066
8.2,11,0.999491395111385,0.996575222908822,1.00241610059886
8.4,11,0.999481407945312,0.996561328211239,1.0024100439673
8.6,11,0.999478732839995,0.996553848592644,1.0024122016188
8.8,11,0.999483882669103,0.99655484855175,1.00242152568628
9,11,0.999497359530806,0.996566338959042,1.00243700058397
9.2,11,0.999519221939022,0.996589481663363,1.00245757496671
9.4,11,0.999548941654496,0.996624228352319,1.00248223787856
9.6,11,0.999585950272945,0.996670207371258,1.0025102231343
9.8,11,0.999629679473884,0.996726833923566,1.00254097920844
10,11,0.999679560980773,0.996793349207783,1.00257412977019
10.2,11,0.999735026524394,0.996868854160936,1.00260943963485
10.4,11,0.999795507809473,0.99695233893577,1.00264678500383
10.6,11,0.999860436484525,0.99704270922514,1.00268612688013
10.8,11,0.999929244114935,0.997138810442806,1.00272748664978
11,11,1.00000136215927,0.997239450613062,1.00277092297707
11.2,11,1.00007622194884,0.997343422627385,1.00281650935511
11.4,11,1.00015325467047,0.997449526299271,1.00286431188078
11.6,11,1.00023189135249,0.99755659039135,1.00291436707975
11.8,11,1.00031156285403,0.997663494509358,1.00296665988724
12,11,1.00039169985752,0.997769190472956,1.00302110217437
12.2,11,1.00047173286434,0.997872722512622,1.00307751247094
12.4,11,1.00055109219388,0.997973245443406,1.00313559773395
12.6,11,1.00062920798571,0.998070039871036,1.00319493810622
12.8,11,1.00070551020504,0.998162523525897,1.00325497556986
13,11,1.00077942865145,0.998250258007328,1.00331500721191
13.2,11,1.0008503929708,0.998332950536731,1.00337418350388
13.4,11,1.00091783267049,0.998410450716014,1.00343151159859
13.6,11,1.00098117713787,0.998482742700199,1.00348586323555
13.8,11,1.00103985566195,0.998549933548456,1.00353598649062
14,11,1.00109329745838,0.998612238759612,1.00358052036386
14.2,11,1.00114093169765,0.998669966097186,1.00361801110068
14.4,11,1.00118218753656,0.998723498767108,1.00364692918299
14.6,11,1.00121649415292,0.998773278855877,1.00366568608262
14.8,11,1.00124328078354,0.998819791708606,1.00367265009767
15,11,1.00126197676541,0.998863551666651,1.00366616085192
15.2,11,1.00127201158022,0.998905089324965,1.0036445422972
15.4,11,1.00127281670985,0.998944940284743,1.00360611786703
15.6,11,1.00126417734079,0.998983639005395,1.00354992182261
15.8,11,1.0012466533801,0.999021675281222,1.00347658685448
16,11,1.00122090756872,0.999059448437335,1.00338704300399
16.2,11,1.00118760279335,0.999097280210416,1.00328229877273
16.4,11,1.00114740203418,0.999135429616282,1.00316342598792
16.6,11,1.00110096831712,0.999174104873782,1.00303154763211
16.8,11,1.00104896467031,0.999213473029842,1.00288782799226
17,11,1.00099205408507,0.999253667791961,1.00273346462218
17.2,11,1.00093089948124,0.999294795965628,1.00256968172062
17.4,11,1.00086616367688,0.999336942809842,1.00239772461198
17.6,11,1.00079850936239,0.99938017655946,1.00221885508092
17.8,11,1.00072859907899,0.999424552314315,1.00203434736076
18,11,1.00065709520161,0.999470115458797,1.00184548461229
18.2,11,1.00058465992614,0.999516904749306,1.00165355575513
18.4,11,1.0005119552611,0.999564955188853,1.00145985253281
18.6,11,1.00043964302365,0.999614300796828,1.00126566670311
18.8,11,1.00036838484001,0.999664977376803,1.00107228725109
19,11,1.0002988421502,0.999717025385715,1.00088099752126
19.2,11,1.00023167621729,0.999770493014074,1.00069307215927
19.4,11,1.00016754814082,0.999825439599113,1.00050977374121
19.6,11,1.00010711887477,0.999881939511997,1.00033234894928
19.8,11,1.00005104924983,0.999940086687354,1.00016202412574
20,11,1,1,1
20.2,11,0.999954631793616,0.999847445336322,1.0000618297416
20.4,11,0.999915605268725,0.999705489188178,1.00012576551105
20.6,11,0.999883581072816,0.999575211369905,1.00019204590801
20.8,11,0.999859219906928,0.999457630665462,1.00026097050983
21,11,0.999843182574133,0.999353690191483,1.00033291471453
21.2,11,0.99983613003238,0.99926423922628,1.00040834813839
21.4,11,0.99983872345173,0.999190010729576,1.00048785734322
21.6,11,0.999851624275961,0.999131593752363,1.00057217369413
21.8,11,0.999875494286953,0.999089400047468,1.0006622070338
22,11,0.999910773273069,0.999063272654411,1.00075899282247
22.2,11,0.999957062958901,0.999051572090243,1.00086337451964
22.4,11,1.00001376779019,0.999052360637442,1.00097610012339
22.6,11,1.00008029241549,0.999063773070662,1.00109784604023
22.8,11,1.00015604162584,0.9990840542915,1.00122917917055
23,11,1.00024042029797,0.999111594329178,1.00137052164788
23.2,11,1.00033283334114,0.999144957514058,1.00152212142474
23.4,11,1.00043268564746,0.999182902860267,1.00168403166898
23.6,11,1.00053938204575,0.999224393771955,1.00185610085592
23.8,11,1.00065232725902,0.999268596737975,1.00203797389167
24,11,1.00077092586542,0.999314870226007,1.00222910305639
24.2,11,1.00089458226277,0.999362746117299,1.00242876642649
24.4,11,1.00102270063665,0.999411906527287,1.00263609093047
24.6,11,1.001154684932,0.999462158758742,1.00285007729167
24.8,11,1.00128993882833,0.999513410617915,1.00306962462768
25,11,1.00142786571839,0.999565647625024,1.00329355317491
25.2,11,1.00156786869048,0.999618912963549,1.00352062429392
25.4,11,1.00170935051427,0.99967329045369,1.00374955747026
25.6,11,1.00185171363023,0.999728890444292,1.0039790444165
25.8,11,1.00199436014252,0.999785838283187,1.00420776061547
26,11,1.00213669181558,0.999844264912754,1.00443437475806
26.2,11,1.00227811007418,0.999904299105003,1.0046575565612
26.4,11,1.00241801600712,0.99996606086336,1.00487598343896
26.6,11,1.00255581037445,1.00002965555044,1.00508834646741
26.8,11,1.0026908936183,1.0000951683346,1.0052933560506
27,11,1.00282266587732,1.00016265857177,1.00548974767101
27.2,11,1.00295052700462,1.00023215374612,1.00567628810118
27.4,11,1.00307387658941,1.00030364257809,1.00585178246771
27.6,11,1.00319211398216,1.00037706686817,1.00601508259947
27.8,11,1.00330463832336,1.00045231157353,1.00616509716284
28,11,1.0034108485759,1.00052919250798,1.00630080419346
28.2,11,1.00351014356105,1.00060744090589,1.00642126678392
28.4,11,1.00360201666938,1.00068666461408,1.00652586217013
28.6,11,1.0036865913072,1.00076624285291,1.00661546166673
28.8,11,1.00376424835229,1.00084545856357,1.00669155027819
29,11,1.00383536971197,1.00092357751773,1.00675563261663
29.2,11,1.00390033753503,1.00099986417315,1.00680921523944
29.4,11,1.00395953418758,1.00107359778633,1.00685379028572
29.6,11,1.00401334223024,1.0011440894398,1.00689081822418
29.8,11,1.00406214439695,1.00121070015925,1.0069217095369
30,11,1.00410632357501,1.00127285997395,1.00694780548587
30.2,11,1.00414626278682,1.00133008743592,1.00697035844663
30.4,11,1.00418234517289,1.0013820087816,1.0069905126255
30.6,11,1.00421495397641,1.00142837563045,1.00700928626571
30.8,11,1.00424447252925,1.00146907992161,1.00702755664158
31,11,1.00427128423942,1.00150416474068,1.00704604918846
31.2,11,1.00429577258001,1.00153382981758,1.00706533198763
31.4,11,1.00431832107958,1.00155843078253,1.007085816519
31.6,11,1.00433931331403,1.00157847170826,1.00710776515364
31.8,11,1.00435913289989,1.00159459096575,1.00713130535858
32,11,1.00437816348914,1.00160754088356,1.0071564501241
32.2,11,1.00439678876545,1.00161816203866,1.00718312378546
32.4,11,1.0044153924419,1.00162735316321,1.00721119225447
32.6,11,1.00443435826015,1.00163603761161,1.00724049671692
32.8,11,1.00445406999114,1.00164512712022,1.00727089006312
33,11,1.00447491143714,1.00165548326529,1.00730227564623
33.2,11,1.00449726643538,1.00166787665269,1.00733464833473
33.4,11,1.00452151886307,1.0016829435314,1.00736813816709
33.6,11,1.00454805264395,1.00170113929062,1.00740305714874
33.8,11,1.00457725175625,1.00172268826353,1.00743994976845
34,11,1.00460950024214,1.00174752952928,1.00747964754252
34.2,11,1.00464518221866,1.00177525912025,1.00752332717972
34.4,11,1.00468468189012,1.00180507037981,1.00757257062192
34.6,11,1.00472838356194,1.00183569634435,1.00762942308656
34.8,11,1.00477664778566,1.00186533185376,1.00769642369736
35,11,1.00482953617363,1.00189132878781,1.00777636032496
35.2,11,1.00488690669882,1.00191055183002,1.00787210336322
35.4,11,1.00494861344963,1.00191982584859,1.00798655702713
35.6,11,1.00501451053586,1.00191611418496,1.00812248858707
35.8,11,1.00508445208247,1.00189669255605,1.00828235418235
36,11,1.00515829222365,1.00185929972454,1.00846814787642
36.2,11,1.00523588509699,1.0018022416959,1.00868129719505
36.4,11,1.00531708483793,1.00172443498039,1.00892261960928
36.6,11,1.0054017455744,1.00162538807036,1.0091923408126
36.8,11,1.00548972142169,1.0015051332165,1.00949016270905
37,11,1.00558086647749,1.00136412814032,1.00981536147451
37.2,11,1.00567503481721,1.00120314803347,1.010166895341
37.4,11,1.00577208048945,1.00102318379013,1.01054350615736
37.6,11,1.00587185751169,1.00082535596949,1.01094380522956
37.8,11,1.00597421986626,1.00061084805901,1.01136633986987
38,11,1.00607902149642,1.00038085847206,1.01180964122121
38.2,11,1.00618611630271,1.00013656850136,1.01227225613535
38.4,11,1.00629535813955,0.999879122704347,1.0127527666288
38.6,11,1.00640660081194,0.999609618334906,1.01324980030204
38.8,11,1.00651969807249,0.999329100982094,1.01376203456132
39,11,1.0066345036186,0.999038564229444,1.01428819682955
39.2,11,1.00675087108985,0.998738951750174,1.014827062331
39.4,11,1.00686865406563,0.998431160744274,1.01537745054373
39.6,11,1.00698770606298,0.998116045994109,1.01593822104325
39.8,11,1.00710788053461,0.997794424081015,1.0165082691949
40,11,1.00722903086718,0.99746707748858,1.0170865219692
0,12,1.00186539409438,0.99335577743369,1.01044790868082
0.2,12,1.00157826446767,0.993571409876676,1.00964964358082
0.4,12,1.00130062947634,0.993752905342589,1.00890567987228
0.6,12,1.00103293439394,0.993898844843528,1.00821823160394
0.8,12,1.00077562429654,0.994008388280735,1.00758893183832
1,12,1.0005291441083,0.994081495783729,1.00701861211174
1.2,12,1.0002939386491,0.994119140946221,1.00650709003124
1.4,12,1.00007045268408,0.994123475430985,1.0060530055365
1.6,12,0.999859130975212,0.994097902296134,1.00565374847426
1.8,12,0.999660418334932,0.994047027557524,1.00530550797079
2,12,0.999474759681681,0.993976484864336,1.00500344872555
2.2,12,0.999302600097515,0.993892657940022,1.00474198957401
2.4,12,0.999144384887715,0.993802347307005,1.0045151378016
2.6,12,0.999000530992477,0.993712373918422,1.00431682961531
2.8,12,0.998870991041992,0.993628288713678,1.00414135555345
3,12,0.998755341263057,0.993554056709132,1.00398385469379
3.2,12,0.998653147781198,0.993492706268095,1.0038403938762
3.4,12,0.998563977453207,0.993446423980582,1.00370789304553
3.6,12,0.998487397809996,0.993416646510523,1.00358403202459
3.8,12,0.998422977001342,0.993404156549993,1.00346715325431
4,12,0.998370283742557,0.99340917474335,1.00335616863787
4.2,12,0.998328887263027,0.993431443533436,1.00325047453593
4.4,12,0.998298357256651,0.993470301653954,1.00314987618871
4.6,12,0.998278263834151,0.993524749721429,1.00305452111097
4.8,12,0.998268177477258,0.993593508379531,1.0029648400069
5,12,0.998267668994765,0.993675070973086,1.00288149322731
5.2,12,0.998276309480437,0.993767752949395,1.00280532057134
5.4,12,0.998293670272783,0.993869740190687,1.00273729222855
5.6,12,0.99831932291668,0.993979138298127,1.00267845884095
5.8,12,0.998352839126847,0.994094024452852,1.00262989905932
6,12,0.998393790753164,0.994212502828891,1.00259266361894
6.2,12,0.998441749747838,0.994332763593449,1.0025677158991
6.4,12,0.998496288134408,0.994453144320813,1.00255587014018
6.6,12,0.998556977978593,0.994572191279429,1.00255772985874
6.8,12,0.998623391360977,0.994688716756261,1.00257363029651
7,12,0.998695100351529,0.994801847681127,1.00260358964055
7.2,12,0.998771676985965,0.9949110606405,1.00264727392533
7.4,12,0.998852693243944,0.995016199139217,1.00270397975811
7.6,12,0.998937721029096,0.995117470646521,1.00277263733144
7.8,12,0.999026332150894,0.995215423222274,1.00285183392697
8,12,0.999118098308351,0.995310903816925,1.00293985581706
8.2,12,0.999212591075567,0.995405002102517,1.00303474470698
8.4,12,0.999309381889102,0.995498984521158,1.00313436403144
8.6,12,0.999408042037191,0.995594223020656,1.00323647063578
8.8,12,0.999508142650801,0.995692121846361,1.00333878847281
9,12,0.999609256111099,0.995794036511814,1.00343909309115
9.2,12,0.999711011905365,0.995900880777535,1.00353571988466
9.4,12,0.999813115127246,0.996012881539261,1.00362784830213
9.6,12,0.999915275951538,0.996129937074903,1.00371499928735
9.8,12,1.00001720443468,0.996251695194127,1.00379694608247
10,12,1.00011861051499,0.996377598573706,1.00387366850705
10.2,12,1.00021920401379,0.996506924093619,1.00394531326307
10.4,12,1.00031869463733,0.996638817454177,1.0040121589855
10.6,12,1.00041679197953,0.996772324330681,1.00407458478209
10.8,12,1.00051320552566,0.996906419204146,1.00413304112374
11,12,1.00060764465678,0.997040032830449,1.00418802212314
11.2,12,1.00069981865504,0.997172079090308,1.00424003845933
11.4,12,1.00078943670982,0.997301481702603,1.00428959046572
11.6,12,1.00087620792478,0.997427200986469,1.004337141196
11.8,12,1.00095984132564,0.997548260531811,1.00438308960862
12,12,1.00104004586892,0.997663773303472,1.00442774434431
12.2,12,1.00111653045143,0.997772966394774,1.0044712988812
12.4,12,1.00118900392069,0.997875203406569,1.00451380909131
12.6,12,1.00125717508612,0.997970003306655,1.00455517434365
12.8,12,1.00132075273115,0.998057054660905,1.00459512326249
13,12,1.00137944562608,0.998136224337947,1.00463320503923
13.2,12,1.0014329625419,0.998207560156514,1.00466878682846
13.4,12,1.00148101226487,0.998271287416234,1.00470105728772
13.6,12,1.00152330361198,0.99832779975077,1.00472903582196
13.8,12,1.00155954544724,0.99837764518202,1.00475158665395
14,12,1.00158944669882,0.998421508565324,1.00476743653086
14.2,12,1.00161271637706,0.998460191758706,1.00477519473373
14.4,12,1.00162906359325,0.998494592821285,1.00477337408502
14.6,12,1.00163819757933,0.998525685375465,1.00476041181927
14.8,12,1.00163982770839,0.998554499000838,1.00473468944918
15,12,1.00163366351599,0.998582101214384,1.00469455107235
15.2,12,1.00161941472239,0.998609581270876,1.00463831988479
15.4,12,1.00159679259482,0.998638034879427,1.00456431649668
15.6,12,1.00156577048145,0.998668380028138,1.00447156699988
15.8,12,1.00152689565684,0.998701090412596,1.00436069646186
16,12,1.00148079152825,0.99873647348834,1.00423265037768
16.2,12,1.00142808155426,0.998774737980131,1.00408847399723
16.4,12,1.00136938920169,0.998816012610529,1.00392929325331
16.6,12,1.00130533790649,0.99886036116777,1.00375629937689
16.8,12,1.00123655103842,0.99890779470238,1.00357073641015
17,12,1.0011636518697,0.998958281476347,1.00337389099347
17.2,12,1.00108726354748,0.999011755157271,1.00316708393407
17.4,12,1.00100800907017,0.999068121647316,1.00295166316632
17.6,12,1.00092651126772,0.999127264857816,1.00272899779302
17.8,12,1.00084339278569,0.999189051680314,1.00250047295679
18,12,1.00075927607327,0.999253336359873,1.00226748533567
18.2,12,1.00067478337513,0.999319964443803,1.00203143908986
18.4,12,1.00059053672713,0.999388776456175,1.00179374210912
18.6,12,1.00050715795595,0.999459611434297,1.00155580242463
18.8,12,1.00042526868251,0.999532310456514,1.00131902465599
19,12,1.00034549032933,0.999606720290953,1.00108480636361
19.2,12,1.00026844413171,0.999682697302063,1.0008545341696
19.4,12,1.00019475115274,0.999760111766432,1.00062957949577
19.6,12,1.00012503230225,0.999838852772273,1.00041129374415
19.8,12,1.00005990835954,0.999918833909377,1.00020100271333
20,12,1,1,1
20.2,12,0.999945927825562,0.999809539078565,1.00008233517799
20.4,12,0.999898312399045,0.999630823679178,1.00016587269555
20.6,12,0.999857774282311,0.9994649959962,1.00025070692579
20.8,12,0.999824934078303,0.999313122153363,1.00033700813474
21,12,0.999800412476924,0.999176174233903,1.00042504071462
21.2,12,0.999784830304793,0.999055008064717,1.00051518568919
21.4,12,0.999778808578846,0.998950335848888,1.00060796839708
21.6,12,0.999782968563813,0.998862692721051,1.00070409227849
21.8,12,0.999797931832013,0.998792396441602,1.00080447954633
22,12,0.99982410588675,0.998739124626813,1.00091026581718
22.2,12,0.999861090154888,0.998700951584279,1.00102257639769
22.4,12,0.999908293861062,0.998675639298113,1.00114246987623
22.6,12,0.999965126443924,0.998661041120592,1.00127091468592
22.8,12,1.00003099749746,0.998655146333288,1.00140874417725
23,12,1.00010531671582,0.998656121255065,1.00155661517022
23.2,12,1.0001874938416,0.9986623433456,1.00171497353729
23.4,12,1.00027693861767,0.998672425020219,1.00188403010133
23.6,12,1.00037306074247,0.998685225095524,1.00206374892903
23.8,12,1.00047526982879,0.998699847501134,1.00225384838446
24,12,1.00058297536604,0.998715628605478,1.00245381359486
24.2,12,1.00069558668601,0.998732115769969,1.00266291771427
24.4,12,1.00081251293216,0.998749040335381,1.00288024878126
24.6,12,1.0009331630323,0.998766288172384,1.00310473903873
24.8,12,1.00105694567485,0.998783870385016,1.0033351941272
25,12,1.00118326928859,0.99880189599157,1.00357032032691
25.2,12,1.00131154202584,0.998820547636274,1.00380874879566
25.4,12,1.0014411717492,0.998840060741204,1.00404905639268
25.6,12,1.00157156602177,0.998860706043288,1.00428978314403
25.8,12,1.00170213210087,0.998882775171049,1.00452944669469
26,12,1.00183227693526,0.998906568764765,1.00476655424382
26.2,12,1.00196140716588,0.998932386588876,1.00499961251433
26.4,12,1.00208892913013,0.998960519087516,1.00522713630606
26.6,12,1.00221424886958,0.998991239862549,1.00544765615303
26.8,12,1.00233677214132,0.999024798587373,1.00565972557167
27,12,1.00245590443272,0.999061413894997,1.00586192836154
27.2,12,1.00257105097981,0.999101265786661,1.00605288641222
27.4,12,1.0026816167891,0.999144487091404,1.00623126848602
27.6,12,1.00278700666297,0.999191153462435,1.00639580049072
27.8,12,1.00288662522862,0.999241271317807,1.00654527783467
28,12,1.00297987697051,0.999294763014691,1.00667858057513
28.2,12,1.00306616626635,0.999351448381506,1.0067946922354
28.4,12,1.00314497916318,0.999410964104716,1.00689294530779
28.6,12,1.00321634566121,0.9994724442773,1.00697427124125
28.8,12,1.00328051804815,0.999534815271885,1.00704025764342
29,12,1.00333774949352,0.999596984270517,1.00709251368279
29.2,12,1.00338829337259,0.999657859011407,1.00713264863721
29.4,12,1.00343240324909,0.999716367298823,1.00716225204031
29.6,12,1.0034703328586,0.99977147729718,1.00718287307975
29.8,12,1.00350233609262,0.999822218784446,1.00719599907237
30,12,1.00352866698317,0.999867705176335,1.0072030332047
30.2,12,1.00354957968814,0.999907155766355,1.00720527209386
30.4,12,1.00356532847721,0.999939917277906,1.00720388407262
30.6,12,1.00357616771843,0.999965483531992,1.00719988939517
30.8,12,1.00358235186548,0.999983511846511,1.00719414374749
31,12,1.00358413544552,0.999993834746694,1.00718732648292
31.2,12,1.00358177304768,0.999996465709038,1.00717993486046
31.4,12,1.00357551931227,0.999991597978837,1.00717228524575
31.6,12,1.00356562892055,0.999979595951743,1.0071645217842
31.8,12,1.00355235658518,0.9999609791173,1.00715663254849
32,12,1.00353595704133,0.999936399035628,1.007148472689
32.2,12,1.00351668503842,0.999906610172392,1.00713979376222
32.4,12,1.00349479533249,0.999872435594395,1.0071302782347
32.6,12,1.00347054267923,0.999834728510513,1.00711957817773
32.8,12,1.00344418182771,0.999794330451811,1.00710735735905
33,12,1.00341596751464,0.999752026572608,1.00709333624964
33.2,12,1.00338615445939,0.999708498191417,1.00707733982675
33.4,12,1.00335499735959,0.999664272355253,1.00705934838961
33.6,12,1.00332275088738,0.999619667986327,1.00703955182881
33.8,12,1.00328966968637,0.999574738149508,1.00701840781097
34,12,1.00325600836915,0.999529208274385,1.00699670404479
34.2,12,1.00322202151553,0.999482410917142,1.00697562404342
34.4,12,1.00318796367137,0.999433219017662,1.00695681442756
34.6,12,1.00315408934807,0.999379981743834,1.00694244967747
34.8,12,1.00312064083559,0.999320451896891,1.00693528103059
35,12,1.00308770771393,0.99925161286235,1.00693852921046
35.2,12,1.00305527556178,0.999170020417347,1.00695563845287
35.4,12,1.00302332796304,0.999072177843099,1.00699010416849
35.6,12,1.00299184850444,0.99895472559542,1.00704528682892
35.8,12,1.0029608207754,0.998814629002911,1.00712422385588
36,12,1.00293022836801,0.998649344329633,1.00722946316008
36.2,12,1.00290005487694,0.998456940052845,1.00736294147941
36.4,12,1.00287028389937,0.998236157480279,1.00752592339179
36.6,12,1.0028408990349,0.997986407128372,1.00771900458136
36.8,12,1.00281188388554,0.997707710004087,1.00794217021531
37,12,1.00278322205559,0.997400601601372,1.00819489062038
37.2,12,1.00275489715162,0.997066018960228,1.0084762339109
37.4,12,1.00272689278238,0.996705188342917,1.00878497801405
37.6,12,1.00269919255879,0.996319525435755,1.00911971018366
37.8,12,1.00267178009385,0.99591055400962,1.00947890806955
38,12,1.00264463900262,0.995479844250979,1.00986100113067
38.2,12,1.00261775290214,0.995028969020004,1.0102644141352
38.4,12,1.00259110541143,0.994559474904098,1.01068759587962
38.6,12,1.00256468015142,0.994072864632359,1.01112903656097
38.8,12,1.00253846074491,0.993570587721618,1.01158727693173
39,12,1.00251243081656,0.993054036784971,1.0120609118065
39.2,12,1.00248657399283,0.992524547535498,1.01254858988758
39.4,12,1.00246087390197,0.991983401054669,1.01304901134019
39.6,12,1.002435314174,0.991431827328575,1.01356092411394
39.8,12,1.00240987844064,0.990871009383679,1.0140831196791
40,12,1.00238455033535,0.990302087591821,1.01461442860772
0,13,1.0042885864556,0.991555050378897,1.01718564642435
0.2,13,1.00359540708746,0.991532855618742,1.01580470623793
0.4,13,1.00292825669873,0.991478160333616,1.0145105846268
0.6,13,1.00228831359839,0.99139053482769,1.01330588530434
0.8,13,1.00167675510364,0.991270375342834,1.01219238128442
1,13,1.00109475787367,0.9911191130477,1.01117080787635
1.2,13,1.00054349825753,0.990939390423355,1.0102406883611
1.4,13,1.00002415265628,0.990735170516474,1.00940022687858
1.6,13,0.999537897899263,0.990511749072597,1.00864629851418
1.8,13,0.999085911634718,0.990275653783385,1.00797455235158
2,13,0.998669372734798,0.990034435670823,1.00737962247014
2.2,13,0.998289461715021,0.989796378259401,1.00685542123704
2.4,13,0.997947361168315,0.989570163446174,1.00639547598584
2.6,13,0.997644168105519,0.989364411570693,1.00599321596261
2.8,13,0.997379553785404,0.989185394590483,1.00564159130251
3,13,0.99715203503399,0.989036844620497,1.00533381175901
3.2,13,0.996960100784768,0.988921399595509,1.00506414661804
3.4,13,0.996802245033345,0.988840726821794,1.00482786433875
3.6,13,0.99667696631483,0.988795620024669,1.00462113207758
3.8,13,0.996582767204499,0.98878610226763,1.00444090952662
4,13,0.996518153841539,0.988811526980581,1.00428484482589
4.2,13,0.996481635475687,0.988870672895614,1.00415117674859
4.4,13,0.996471724036612,0.988961831251567,1.0040386447957
4.6,13,0.996486933725885,0.989082885332061,1.00394640713356
4.8,13,0.996525780631433,0.989231383445114,1.00387396526445
5,13,0.996586782364351,0.989404607015446,1.00382109375788
5.2,13,0.996668457717995,0.989599635673503,1.00378777315729
5.4,13,0.996769326349272,0.989813411165474,1.00377412423712
5.6,13,0.996887908482064,0.990042801611032,1.00378034208281
5.8,13,0.997022724632742,0.990284667110318,1.00380662899162
6,13,0.997172295357729,0.990535926956138,1.00385312593819
6.2,13,0.997335141023076,0.9907936277716,1.00391984328427
6.4,13,0.997509781596055,0.991055010843606,1.00400659246233
6.6,13,0.997694736458739,0.991317575894576,1.00411292139072
6.8,13,0.997888524243585,0.991579137718067,1.00423805719495
7,13,0.998089662691014,0.991837871707102,1.0043808602066
7.2,13,0.998296668529021,0.992092344495132,1.00453979302028
7.4,13,0.998508057374813,0.992341526766998,1.00471290755176
7.6,13,0.998722343658521,0.992584786682402,1.00489785165519
7.8,13,0.998938040568987,0.992821864032561,1.00509189517917
8,13,0.99915366002169,0.993052826872142,1.00529197372022
8.2,13,0.999367712648809,0.993278013587905,1.00549474711244
8.4,13,0.999578707811488,0.993497963940349,1.00569666911776
8.6,13,0.999785153634305,0.993713342460068,1.00589406493527
8.8,13,0.999985557062007,0.993924856763779,1.00608321396501
9,13,1.00017843943273,0.99413317588563,1.00626046386081
9.2,13,1.00036294849712,0.994338968998779,1.00642342292338
9.4,13,1.00053906147505,0.994542778691086,1.00657149695953
9.6,13,1.00070681276565,0.99474480244701,1.00670455643716
9.8,13,1.00086623700435,0.994944935897971,1.00682277805772
10,13,1.00101736905989,0.995142825711163,1.00692659110867
10.2,13,1.0011602440312,0.995337916501532,1.00701662984127
10.4,13,1.00129489724435,0.995529493007128,1.00709369063404
10.6,13,1.00142136424956,0.995716718758906,1.00715869271074
10.8,13,1.00153968081805,0.995898672368141,1.00721264129001
11,13,1.0016498829391,0.996074382379105,1.00725659221909
11.2,13,1.00175200681692,0.996242861406162,1.00729161737261
11.4,13,1.00184608886768,0.996403139999579,1.0073187703723
11.6,13,1.00193216571645,0.996554300369589,1.00733905249815
11.8,13,1.00201027419419,0.996695509755834,1.00735337900405
12,13,1.0020804513347,0.996826052881685,1.00736254639839
12.2,13,1.00214273437166,0.996945362614499,1.00736720156875
12.4,13,1.0021971607356,0.997053047707151,1.00736781387534
12.6,13,1.00224376805086,0.997148916369409,1.00736465146462
12.8,13,1.00228259413269,0.997232994447496,1.00735776302499
13,13,1.00231367698415,0.997305537193707,1.00734696600241
13.2,13,1.00233705479324,0.997367033972546,1.00733184192977
13.4,13,1.00235276592986,0.997418205730372,1.00731173904284
13.6,13,1.00236084894287,0.997459995581236,1.00728578183029
13.8,13,1.00236134255714,0.997493553350876,1.00725288667558
14,13,1.00235428567058,0.997520215299856,1.0072117823699
14.2,13,1.00233971735123,0.997541480465671,1.00716103405619
14.4,13,1.00231767683433,0.997558985105042,1.007099069123
14.6,13,1.00228820351938,0.997574476595616,1.00702420368893
14.8,13,1.00225133696722,0.997589787907356,1.00693466856727
15,13,1.00220711689718,0.997606813423354,1.00682863393107
15.2,13,1.00215558318413,0.997627486518043,1.00670423227053
15.4,13,1.00209677668128,0.99765375677167,1.00655958344157
15.6,13,1.00203089980811,0.997687140899392,1.00639357069903
15.8,13,1.00195850873578,0.99772811893559,1.00620683548444
16,13,1.00188020647144,0.997776883559962,1.00600040415642
16.2,13,1.00179659594627,0.997833488544027,1.00577544367038
16.4,13,1.00170827998173,0.99789787410797,1.00553323563388
16.6,13,1.00161586125948,0.997969887568295,1.00527515511625
16.8,13,1.00151994229489,0.998049300238662,1.0050026532502
17,13,1.00142112541422,0.998135821360184,1.00471724284906
17.2,13,1.00132001273539,0.998229109685481,1.00442048641551
17.4,13,1.00121720615236,0.998328783219204,1.00411398603883
17.6,13,1.00111330732314,0.998434427522172,1.00379937477389
17.8,13,1.00100891766147,0.99854560291222,1.00347830916829
18,13,1.000904638332,0.998661850838629,1.00315246266116
18.2,13,1.00080107024921,0.998782699665391,1.00282351961794
18.4,13,1.00069881407981,0.998907670069265,1.00249316979547
18.6,13,1.00059847024889,0.999036280239707,1.00216310304987
18.8,13,1.00050063894953,0.999168051058346,1.00183500410979
19,13,1.00040592015609,0.999302511434927,1.00151054723785
19.2,13,1.00031491364113,0.999439203984547,1.0011913905954
19.4,13,1.00022821899582,0.999577691247847,1.00087917010894
19.6,13,1.00014643565408,0.999717562682369,1.00057549260979
19.8,13,1.00007016292017,0.999858442690614,1.00028192798153
20,13,1,1,1
20.2,13,0.999936546035949,0.999731175487027,1.00014195877327
20.4,13,0.999880400145331,0.999476851321104,1.00028411190645
20.6,13,0.999832161462419,0.999238338753951,1.00042633706508
20.8,13,0.99979242918408,0.999016844375158,1.00056861611678
21,13,0.999761802619008,0.998813446953229,1.00071105873168
21.2,13,0.999740881240554,0.998629069276016,1.00085393102791
21.4,13,0.999730264743165,0.998464444045884,1.00099769020669
21.6,13,0.999730553102424,0.998320072907902,1.00114302609909
21.8,13,0.999742346637129,0.998196177887196,1.00129091034494
22,13,0.999766026810578,0.998092207333954,1.00144265331407
22.2,13,0.999801148863519,0.99800573065341,1.0015997970416
22.4,13,0.999847073590006,0.997933976040926,1.0017638386585
22.6,13,0.999903162030839,0.997874305866514,1.00193614322104
22.8,13,0.9999687754065,0.997824266532047,1.0021178932271
23,13,1.00004327505418,0.997781632660065,1.00231004384684
23.2,13,1.00012602236888,0.997744442668504,1.00251328681339
23.4,13,1.00021637874866,0.997711023065699,1.00272802563915
23.6,13,1.0003137055439,0.997679999877482,1.00295436374573
23.8,13,1.00041736401068,0.997650297081955,1.00319210563204
24,13,1.00052671526827,0.997621123366307,1.003440769766
24.2,13,1.00064112026065,0.997591949603535,1.00369961080221
24.4,13,1.00075993972217,0.997562480000572,1.00396764817392
24.6,13,1.00088253414722,0.99753261988995,1.00424369808727
24.8,13,1.00100826376409,0.997502442749237,1.00452640633373
25,13,1.00113648851282,0.99747215841578,1.00481427995307
25.2,13,1.0012665680272,0.997442083788064,1.0051057164558
25.4,13,1.00139786162084,0.997412616690593,1.00539902992812
25.6,13,1.00152972827735,0.997384213090364,1.00569247383147
25.8,13,1.00166152664463,0.997357367506054,1.00598426065566
26,13,1.00179261503324,0.997332596231744,1.00627257880374
26.2,13,1.0019223514189,0.997310422876924,1.00655560720703
26.4,13,1.00205009344909,0.997291365672322,1.00683152822086
26.6,13,1.00217519845378,0.99727592597872,1.00709853936382
26.8,13,1.00229702346026,0.997264577441276,1.00735486445817
27,13,1.00241492521212,0.997257755238442,1.00759876472233
27.2,13,1.00252826019234,0.997255844870742,1.0078285503702
27.4,13,1.00263638465052,0.997259169911794,1.00804259329496
27.6,13,1.0027386546342,0.99726797809555,1.00823934146342
27.8,13,1.00283442602439,0.997282425033881,1.00841733572664
28,13,1.00292305457515,0.99730255474205,1.00857522986945
28.2,13,1.00300389595737,0.997328275991097,1.00871181487954
28.4,13,1.00307638160883,0.99735922895916,1.00882630663728
28.6,13,1.00314044746052,0.997394203984514,1.00891979651701
28.8,13,1.00319623562117,0.997431644369173,1.00899414295302
29,13,1.00324388904939,0.997469974393724,1.00905122635567
29.2,13,1.00328355093146,0.997507626909038,1.00909291960875
29.4,13,1.00331536466978,0.997543069374333,1.00912106142326
29.6,13,1.00333947387151,0.997574829767618,1.00913742988409
29.8,13,1.00335602233742,0.997601522492843,1.00914371606525
30,13,1.00336515405093,0.997621874014232,1.00914149798332
30.2,13,1.00336701316732,0.997634747592974,1.00913221551407
30.4,13,1.00336174400321,0.997639166200766,1.00911714719766
30.6,13,1.00334949102618,0.997634332465922,1.00909739007692
30.8,13,1.00333039884462,0.997619644400747,1.00907384381989
31,13,1.00330461219776,0.997594705686922,1.00904720034993
31.2,13,1.00327227594598,0.997559329465514,1.00901794003684
31.4,13,1.00323353506117,0.9975135348739,1.00898633520654
31.6,13,1.0031885346175,0.997457535953655,1.00895246134545
31.8,13,1.00313741978219,0.997391722963487,1.00891621596513
32,13,1.00308033580663,0.997316636505209,1.00887734471949
32.2,13,1.00301742801769,0.997232935151023,1.00883547408596
32.4,13,1.00294884180912,0.997141357408571,1.00879014977422
32.6,13,1.00287472263334,0.997042678863681,1.00874088002245
32.8,13,1.00279521599327,0.996937665213196,1.0086871830687
33,13,1.00271046743448,0.996827021678025,1.00862863830695
33.2,13,1.00262062253751,0.996711339020761,1.00856494090369
33.4,13,1.00252582691038,0.996591036144516,1.00849595989804
33.6,13,1.00242622618134,0.996466299088126,1.00842179997027
33.8,13,1.0023219659918,0.99633701623452,1.00834286706176
34,13,1.00221319198954,0.996202709802488,1.00825993777613
34.2,13,1.00210004982202,0.996062464300582,1.00817423188256
34.4,13,1.00198268512997,0.995914853697856,1.00808748616662
34.6,13,1.00186124354122,0.995757870707583,1.00800202623226
34.8,13,1.00173586962486,0.995588856745751,1.00792083568823
35,13,1.00160669490077,0.995404451031458,1.00784758419603
35.2,13,1.00147384199546,0.995200901621573,1.0077863219044
35.4,13,1.00133743334223,0.994974347540674,1.00774121251544
35.6,13,1.00119759134718,0.994720996423202,1.0077163551627
35.8,13,1.00105443838503,0.994437305474707,1.00771560267643
36,13,1.00090809679497,0.994120151915982,1.00774239039307
36.2,13,1.00075868887673,0.993766975286512,1.00779959313251
36.4,13,1.00060633688679,0.993375876222707,1.00788942572785
36.6,13,1.00045116303471,0.992945662588777,1.00801339622954
36.8,13,1.00029328947964,0.992475842369666,1.00817231237484
37,13,1.00013283832696,0.991966570933472,1.00836633371492
37.2,13,0.999969931625101,0.991418565859308,1.00859505620375
37.4,13,0.999804691362441,0.990833004464718,1.00885761411467
37.6,13,0.999637239464442,0.990211417810799,1.00915278550648
37.8,13,0.99946769779087,0.989555591559464,1.00947909086455
38,13,0.999296188133194,0.988867480018891,1.00983487858095
38.2,13,0.999122832212116,0.988149136098456,1.01021839455223
38.4,13,0.998947751675267,0.987402657231095,1.0106278358369
38.6,13,0.998771068095033,0.986630145692919,1.01106138994274
38.8,13,0.998592902966545,0.98583368098309,1.0115172620809
39,13,0.998413377705802,0.985015301758464,1.01199369289224
39.2,13,0.998232613647956,0.984176995000575,1.01248896896828
39.4,13,0.998050732045733,0.983320690440508,1.0130014281412
39.6,13,0.997867854068007,0.982448258659324,1.01352946112511
39.8,13,0.997684100798521,0.981561511650806,1.01407151072185
40,13,0.99749959323475,0.980662204948756,1.01462606948892
0,14,1.00705015544717,0.98908739299174,1.02533913865652
0.2,14,1.00592909160557,0.98885154885454,1.02330156484111
0.4,14,1.00485183358683,0.988582240262838,1.02138918376114
0.6,14,1.00382029054919,0.98827993649801,1.01960501119643
0.8,14,1.00283636928972,0.987946198488107,1.01795096242004
1,14,1.00190197516375,0.98758389380075,1.01642764137621
1.2,14,1.0010190130419,0.987197361427425,1.01503418021954
1.4,14,1.00018938830491,0.986792493172075,1.01376816240464
1.6,14,0.999415007876579,0.986376706219341,1.01262565475348
1.8,14,0.998697781295038,0.985958797224415,1.01160135816164
2,14,0.998039621822833,0.985548688261687,1.01068886661009
2.2,14,0.997442447596183,0.985157093106954,1.00988100601195
2.4,14,0.996908182813958,0.984795142912129,1.0091702138402
2.6,14,0.996438608383349,0.984473818031288,1.00854881266674
2.8,14,0.996033072377018,0.984200544043172,1.00800785700976
3,14,0.995688955481277,0.98397910377525,1.00753816037728
3.2,14,0.995403596399709,0.983811945216328,1.00713182488103
3.4,14,0.995174347530967,0.983700346411029,1.00678218280292
3.6,14,0.994998573455545,0.98364452936614,1.00648367537462
3.8,14,0.994873649495297,0.983643780790501,1.0062317251319
4,14,0.994796960344788,0.983696571494195,1.00602261000873
4.2,14,0.994765898773617,0.983800669899535,1.0058533437103
4.4,14,0.994777864398988,0.983953247782549,1.00572156423931
4.6,14,0.994830262527882,0.984150978174476,1.00562543063981
4.8,14,0.994920503068264,0.984390126479172,1.00556352689764
5,14,0.99504599950886,0.984666636466535,1.00553477133297
5.2,14,0.995204167967097,0.984976213007775,1.00553832961575
5.4,14,0.995392426304889,0.985314403305561,1.00557352964815
5.6,14,0.995608193311996,0.985676677986493,1.00563977694475
5.8,14,0.995848887956785,0.9860585127937,1.00573646977099
6,14,0.996111928704218,0.986455470776253,1.00586291414252
6.2,14,0.996394732901016,0.986863283877341,1.00601823978314
6.4,14,0.996694716227931,0.987277931774621,1.00620131918785
6.6,14,0.997009292219144,0.987695714870288,1.00641069289428
6.8,14,0.997335871848823,0.98811331764405,1.00664450474977
7,14,0.997671863184913,0.98852785834541,1.00690045119908
7.2,14,0.998014671110263,0.98893692133355,1.00717574828555
7.4,14,0.998361697111208,0.989338569289224,1.0074671191429
7.6,14,0.998710339133745,0.989731333904341,1.00777080337344
7.8,14,0.999057991507463,0.990114185258891,1.00808258810467
8,14,0.999402044937384,0.990486481610589,1.00839785900047
8.2,14,0.999739886563886,0.990847902450159,1.00871166837541
8.4,14,1.00006890009086,0.991198368201077,1.00901881703466
8.6,14,1.00038646598225,0.991537949782148,1.00931394662236
8.8,14,1.00068996172719,0.991866770444907,1.00959164006714
9,14,1.00097679261799,0.99218491624926,1.00984657491819
9.2,14,1.00124559461108,0.992492898896147,1.01007547947504
9.4,14,1.00149663404893,0.992791636722111,1.0102779585482
9.6,14,1.00173029049677,0.993081659003785,1.01045424190532
9.8,14,1.0019469448054,0.993363119593997,1.0106049443583
10,14,1.00214697904476,0.993635861960673,1.01073099920812
10.2,14,1.00233077643892,0.993899477538669,1.01083359846877
10.4,14,1.00249872130244,0.994153358764924,1.01091413850031
10.6,14,1.00265119897815,0.994396748160099,1.01097416968873
10.8,14,1.00278859577633,0.994628784699441,1.01101534893033
11,14,1.00291129891529,0.994848548514571,1.01103939387939
11.2,14,1.00301969646352,0.995055104702887,1.01104803818293
11.4,14,1.00311417728308,0.995247546701538,1.01104298724593
11.6,14,1.00319513097466,0.995425039318194,1.0110258744351
11.8,14,1.00326294782398,0.995586861117239,1.01099821802282
12,14,1.00331801874971,0.995732445464511,1.01096137956842
12.2,14,1.00336073525285,0.9958614191751,1.01091652479223
12.4,14,1.0033914893677,0.995973637434971,1.01086458827206
12.6,14,1.00341067361417,0.996069213527992,1.01080624343034
12.8,14,1.00341868095175,0.996148541935455,1.01074187924494
13,14,1.00341590473491,0.996212313604012,1.01067158488786
13.2,14,1.00340273867003,0.996261522587278,1.01059514308636
13.4,14,1.00337957677391,0.996297463809181,1.01051203245843
13.6,14,1.00334681333371,0.996321722298733,1.01042143847293
13.8,14,1.00330484286851,0.996336154817849,1.01032227211251
14,14,1.00325406009238,0.996342865263505,1.01021319485802
14.2,14,1.00319485987896,0.996344175512818,1.01009264832564
14.4,14,1.00312763722764,0.996342593467894,1.00995888679966
14.6,14,1.00305278723125,0.996340779953588,1.00981001100772
14.8,14,1.00297070504526,0.996341515859,1.00964400174743
15,14,1.00288178585865,0.996347670538329,1.00945875234857
15.2,14,1.00278642486618,0.996362172041835,1.00925209939993
15.4,14,1.00268501753133,0.99638797557705,1.00902185596886
15.6,14,1.00257801576883,0.996427302451108,1.00876669600519
15.8,14,1.0024659951743,0.996480638190513,1.00848730318096
16,14,1.00234954756877,0.996548036580018,1.0081848326743
16.2,14,1.00222926456329,0.996629363855798,1.00786063021559
16.4,14,1.00210573753448,0.996724332194897,1.00751619757103
16.6,14,1.00197955760377,0.996832527158548,1.00715316415047
16.8,14,1.00185131561993,0.996953430288379,1.00677326354056
17,14,1.00172160214528,0.997086437833709,1.0063783139851
17.2,14,1.00159100744517,0.997230876404695,1.00597020201761
17.4,14,1.00146012148115,0.997386016197514,1.00555086860013
17.6,14,1.00132953390745,0.99755108231939,1.0051222972402
17.8,14,1.00119983407105,0.997725264648843,1.00468650365057
18,14,1.00107161101512,0.997907726595511,1.00424552658726
18.2,14,1.00094545348603,0.998097613071022,1.00380141955421
18.4,14,1.00082194994373,0.998294057944717,1.00335624310072
18.6,14,1.00070168857567,0.998496191233529,1.0029120574622
18.8,14,1.00058525731408,0.998703146262619,1.00247091530741
19,14,1.00047324385684,0.998914067031673,1.00203485435719
19.2,14,1.0003662356917,0.999128116030795,1.0016058896306
19.4,14,1.00026482012394,0.999344482770027,1.00118600505431
19.6,14,1.00016958430761,0.999562393318425,1.00077714413911
19.8,14,1.00008111528006,0.999781121193378,1.00038119938289
20,14,1,1,1
20.2,14,0.99992682538905,0.999635297502467,1.00021843829515
20.4,14,0.999862178376641,0.999288748567127,1.00043593724194
20.6,14,0.999806645948445,0.99896189451545,1.00065211172799
20.8,14,0.999760815198227,0.998656136612956,1.00086671574042
21,14,0.999725273383164,0.99837270627159,1.00107967291441
21.2,14,0.999700607982626,0.99811262912983,1.0012911132806
21.4,14,0.999687406760422,0.997876681926123,1.00150141729574
21.6,14,0.99968625783052,0.997665341131077,1.00171126819157
21.8,14,0.999697749724574,0.997478722554245,1.00192171342284
22,14,0.999722240983564,0.997315989155619,1.00213429844174
22.2,14,0.999759221723265,0.997174047723062,1.00235109778779
22.4,14,0.999807977713679,0.997049416101358,1.00257417150756
22.6,14,0.99986779501866,0.996938796232262,1.00280539918176
22.8,14,0.999937959914277,0.99683913344489,1.00304641955833
23,14,1.0000177588123,0.996747667900043,1.0032985781114
23.2,14,1.00010647818879,0.996661975342782,1.00356288537162
23.4,14,1.0002034045178,0.996579994580749,1.00383998861012
23.6,14,1.00030782421021,0.996500040207479,1.00413015835687
23.8,14,1.00041902355755,0.996420800573325,1.00443328975065
24,14,1.00053628868109,0.996341322460638,1.00474891726402
24.2,14,1.00065890548587,0.996260985027758,1.00507624023867
24.4,14,1.00078615961993,0.996179466179437,1.00541415607377
24.6,14,1.00091733643861,0.996096704588191,1.00576129784261
24.8,14,1.00105172097393,0.996012860239819,1.00611607346474
25,14,1.00118859790911,0.995928275771892,1.00647670416459
25.2,14,1.00132725155818,0.995843440179931,1.00684126064224
25.4,14,1.00146696585073,0.99575895580711,1.0072076960406
25.6,14,1.00160702432173,0.995675508983189,1.00757387534333
25.8,14,1.00174671010653,0.995593844264557,1.00793760125198
26,14,1.00188530594095,0.995514741944812,1.00829663687295
26.2,14,1.00202209416653,0.995438998331474,1.00864872571883
26.4,14,1.00215635674087,0.995367408190033,1.0089916096232
26.6,14,1.00228737525319,0.995300748713167,1.00932304521096
26.8,14,1.00241443094497,0.995239764356473,1.00964081958327
27,14,1.00253680473578,0.995185151873338,1.00994276588419
27.2,14,1.00265377725425,0.995137544866437,1.01022677943193
27.4,14,1.00276462887418,0.995097497140832,1.01049083512957
27.6,14,1.00286863975588,0.995065464085612,1.01073300692836
27.8,14,1.00296508989258,0.995041781220381,1.01095149020727
28,14,1.00305325916208,0.995026638913936,1.01114462806126
28.2,14,1.00313242738351,0.99502005211032,1.01131094266307
28.4,14,1.00320194774283,0.995021663538768,1.0114494837989
28.6,14,1.0032616617397,0.9950298505757,1.01156157409181
28.8,14,1.00331161047495,0.995042475365836,1.011649464857
29,14,1.00335183593488,0.995057378473466,1.01171543315252
29.2,14,1.00338238039629,0.995072415585586,1.01176174268407
29.4,14,1.00340328642231,0.995085491315931,1.01179060893718
29.6,14,1.00341459685833,0.995094592109111,1.01180416532498
29.8,14,1.00341635482777,0.995097818392986,1.01180443020349
30,14,1.00340860372804,0.995093415671819,1.01179327506223
30.2,14,1.00339138722636,0.99507980386301,1.01177239458739
30.4,14,1.00336474925565,0.995055603869079,1.01174327960602
30.6,14,1.00332873401043,0.99501966016615,1.0117071941301
30.8,14,1.00328338594273,0.994971058103762,1.01166515780576
31,14,1.00322874975794,0.994909134663565,1.01161793502
31.2,14,1.00316487041078,0.994833481615934,1.0115660317259
31.4,14,1.00309179310118,0.994743940322912,1.01150970073798
31.6,14,1.00300956327021,0.994640587822288,1.01144895586269
31.8,14,1.00291822659604,0.994523714235953,1.01138359482086
32,14,1.00281782898985,0.994393791916398,1.01131323054808
32.2,14,1.00270841659182,0.994251437026029,1.01123733017824
32.4,14,1.00259003576706,0.994097364399533,1.01115526085974
32.6,14,1.00246273310161,0.993932336557739,1.01106634153578
32.8,14,1.0023265553984,0.993757107633844,1.0109698999275
33,14,1.0021815496733,0.993572362772345,1.01086533415956
33.2,14,1.00202776315104,0.993378653315791,1.01075217871255
33.4,14,1.00186524326131,0.99317632786394,1.01063017461744
33.6,14,1.00169403763476,0.992965459141923,1.01049934395514
33.8,14,1.00151419409903,0.992745766624722,1.01036006871333
34,14,1.00132576067482,0.992516535121768,1.01021317379665
34.2,14,1.00112878557199,0.992276530125882,1.01006001338528
34.4,14,1.00092331718557,0.992023911779415,1.00990255878887
34.6,14,1.00070940409194,0.991756150897232,1.00974348435558
34.8,14,1.00048710487476,0.991469955708577,1.0095862625563
35,14,1.00025660140456,0.991161338686406,1.00943532561449
35.2,14,1.00001815943649,0.990825930563918,1.00929566774014
35.4,14,0.999772046280962,0.990459205914695,1.00917245107711
35.6,14,0.999518529171383,0.990056675734189,1.00907080841213
35.8,14,0.999257875244258,0.989614086140557,1.00899564307116
36,14,0.998990351519942,0.9891276095719,1.00895143636913
36.2,14,0.998716224884125,0.988594012023742,1.0089420790694
36.4,14,0.998435762070022,0.988010780674701,1.00897074250505
36.6,14,0.998149229641267,0.987376200650753,1.00903980061178
36.8,14,0.997856893975517,0.986689376702156,1.00915080709847
37,14,0.997559021248764,0.985950203323399,1.00930452422493
37.2,14,0.997255877420354,0.985159293287907,1.00950099321532
37.4,14,0.996947728218714,0.984317878285587,1.00973963261905
37.6,14,0.996634839127778,0.983427695985349,1.01001935029705
37.8,14,0.99631747537413,0.982490875985383,1.01033865657053
38,14,0.99599590191484,0.981509833842497,1.01069576934096
38.2,14,0.995670383426013,0.980487178769944,1.01108870559164
38.4,14,0.995341184292033,0.979425637430739,1.01151535684395
38.6,14,0.995008568595512,0.978327993904983,1.01197354848935
38.8,14,0.99467280010794,0.977197044429135,1.01246108439936
39,14,0.994334142281033,0.976035564757501,1.01297577896294
39.2,14,0.993992858238781,0.974846287776259,1.01351547892078
39.4,14,0.993649210770185,0.973631889108816,1.01407807725766
39.6,14,0.9933034623227,0.972394978730852,1.01466152113416
39.8,14,0.992955874996362,0.971138096955757,1.01526381549699
40,14,0.992606710538615,0.969863713491164,1.01588302366698
