"value","lag","rr","lo","hi"
0,0,0.96865641854907,0.880054943580879,1.06617804267817
0.2,0,0.972809583207973,0.889063733566079,1.06444391943126
0.4,0,0.976855616740235,0.897807895017725,1.06286311498531
0.6,0,0.980780708187331,0.906242042743275,1.06145020003772
0.8,0,0.984570890770271,0.914319703801295,1.0602197840886
1,0,0.988212059146489,0.921994136930952,1.05918577431873
1.2,0,0.991689988607904,0.929219538906524,1.05836026076511
1.4,0,0.994990356233535,0.935952704515252,1.0577519614204
1.6,0,0.998098764002511,0.94215514671038,1.05736422093714
1.8,0,1.00100076386501,0.947795569927492,1.05719267007652
2,0,1.00368188475973,0.952852428803404,1.05722281367317
2.2,0,1.00612766155666,0.95731613883328,1.05742798046129
2.4,0,1.0083236658938,0.961190414899032,1.05776815856858
2.6,0,1.01025553886513,0.964492282953934,1.05819017097975
2.8,0,1.01190902550582,0.967250565523779,1.05862938973383
3,0,1.01327001100829,0.969503003648327,1.0590128254839
3.2,0,1.01432771974587,0.971294931628009,1.05926705632074
3.4,0,1.01509148767614,0.972686364709019,1.05934529951061
3.6,0,1.01557865463707,0.973735867392776,1.0592194847624
3.8,0,1.01580684811155,0.974493349488535,1.05887182627968
4,0,1.01579391938026,0.975000454741071,1.05829415938471
4.2,0,1.01555789937302,0.975291339060843,1.0574869330554
4.4,0,1.01511695748362,0.975393634178049,1.05645803013587
4.6,0,1.01448936344697,0.975329470835803,1.05522154238308
4.8,0,1.01369345235809,0.975116489842035,1.05379657308444
5,0,1.01274759289443,0.974768808044688,1.05220610102497
5.2,0,1.01167015878605,0.974297930201164,1.05047591547984
5.4,0,1.01047950356372,0.973713609585074,1.04863361985615
5.6,0,1.00919393860109,0.973024663016471,1.04670769860223
5.8,0,1.00783171445538,0.972239742396841,1.04472664546507
6,0,1.00641100550106,0.971368057020329,1.04271815886206
6.2,0,1.00494989784216,0.970420031144405,1.04070841981898
6.4,0,1.00346638048219,0.969407871969855,1.03872147717544
6.6,0,1.00197833972528,0.968346016852332,1.03677877102449
6.8,0,1.00050355677872,0.967251427433351,1.0348988264438
7,0,0.999059708524844,0.966143703523842,1.03309714440748
7.2,0,0.997664371430033,0.965045000331368,1.03138630600554
7.4,0,0.996335028559572,0.963979746425435,1.02977629230884
7.6,0,0.995089079669977,0.962974172805535,1.02827500928045
7.8,0,0.993943854354487,0.9620556715527,1.02688899906863
8,0,0.992916031934915,0.961251319527847,1.02562381600436
8.2,0,0.992010213080327,0.960573583482848,1.02447566722331
8.4,0,0.991219841040048,0.960019776795397,1.02343388857171
8.6,0,0.99053799669601,0.959584344554791,1.02249013175988
8.8,0,0.989957816377262,0.959259854500995,1.02163816572543
9,0,0.989472484694621,0.959037465102554,1.02087335854294
9.2,0,0.989075227863357,0.958907353112474,1.02019220438516
9.4,0,0.98875930750514,0.958859106450988,1.01959188957029
9.6,0,0.988518014921694,0.958882087162115,1.01906989285485
9.8,0,0.988344665833753,0.958965766865418,1.01862361747802
10,0,0.988232595579947,0.959100034237374,1.01825005536907
10.2,0,0.988175154771206,0.959275471179047,1.01794548682339
10.4,0,0.988165705397133,0.959483591972492,1.01770522132181
10.6,0,0.98819761738157,0.959717038335477,1.01752338657268
10.8,0,0.988264265585279,0.959969723150867,1.01739277300032
11,0,0.988359027254256,0.960236916853896,1.01730473970479
11.2,0,0.988475279912729,0.960515272817886,1.01724918556688
11.4,0,0.988606399700323,0.960802791133641,1.01721458612259
11.6,0,0.98874576015322,0.96109872329184,1.01718809371898
11.8,0,0.988886731429436,0.961403422760966,1.01715569598126
12,0,0.989022679978493,0.961718147701839,1.01710242637025
12.2,0,0.989146968655902,0.962044821652965,1.01701262101289
12.4,0,0.989252957282851,0.962385755736538,1.016870218267
12.6,0,0.989334003651485,0.96274333168036,1.01665910172831
12.8,0,0.989383481260129,0.963119640583085,1.01636352509413
13,0,0.989398001962776,0.963516413434301,1.01597481126323
13.2,0,0.98938130006208,0.96393492315591,1.0154994215872
13.4,0,0.989338060290096,0.964375207356933,1.01494707668931
13.6,0,0.989272968969022,0.964836241468915,1.01432861357159
13.8,0,0.989190712865554,0.965316205894599,1.01365569172502
14,0,0.989095978267082,0.965812730055291,1.01294052540404
14.2,0,0.988993450279816,0.966323125096211,1.01219563031671
14.4,0,0.988887812348832,0.966844615180911,1.01143357480362
14.6,0,0.988783745999955,0.967374575139479,1.01066672773857
14.8,0,0.988685930803327,0.967910779512758,1.00990699810215
15,0,0.988599044558525,0.968451664554489,1.00916556465585
15.2,0,0.98852776370106,0.968996600440052,1.00845259845499
15.4,0,0.988476763930166,0.969546165961117,1.00777698590687
15.6,0,0.988450721057825,0.970102412895552,1.00714606517006
15.8,0,0.988454312079098,0.970669102949168,1.00656539298432
16,0,0.98849221646394,0.971251897838455,1.00603856134993
16.2,0,0.988569117670845,0.971858483815506,1.00556708274621
16.4,0,0.988689704882846,0.972498616296594,1.00515035822242
16.6,0,0.988858674966621,0.973184077884966,1.00478573507069
16.8,0,0.989080734655674,0.97392855256815,1.00446865130649
17,0,0.989360602958889,0.974747428059582,1.00419285500012
17.2,0,0.98970301379599,0.97565754485526,1.00395067991011
17.4,0,0.990112718861842,0.976676912810473,1.00373335664403
17.6,0,0.990594490721848,0.977824412885783,1.00353134173906
17.8,0,0.991151596634558,0.979116399148033,1.00333472952352
18,0,0.991778582584467,0.980551180658727,1.00313453930315
18.2,0,0.992466892822493,0.982119057265964,1.00292375558902
18.4,0,0.993207956358429,0.98380866727182,1.00269704607221
18.6,0,0.993993185652333,0.985607314772924,1.00245040627657
18.8,0,0.994813972396793,0.987501221485112,1.0021808764829
19,0,0.995661684044765,0.989475725649229,1.00188631552775
19.2,0,0.996527661085684,0.991515440816604,1.00156521868285
19.4,0,0.997403215073304,0.993604384906069,1.0012165692411
19.6,0,0.99827962740929,0.995726087892237,1.00083971547834
19.8,0,0.999148148886991,0.99786368486828,1.00043426628566
20,0,1,1,1
20.2,0,1.00082637202017,0.999536781849297,1.00211762600456
20.4,0,1.00161842884951,0.999044486017155,1.00419900320008
20.6,0,1.00236730965016,0.998522918660048,1.00622650184494
20.8,0,1.00306413225585,0.997971738298968,1.00818251139369
21,0,1.00369999736786,0.9973903698681,1.01004954043166
21.2,0,1.00426599353716,0.996777908331941,1.01181033141369
21.4,0,1.00475320293365,0.996133007164932,1.01344799494058
21.6,0,1.00515270790173,0.995453746103653,1.0149461691784
21.8,0,1.00545559830033,0.994737471411921,1.01628921118108
22,0,1.00565297962335,0.993980600445367,1.01746242831317
22.2,0,1.00573598189499,0.993178380619602,1.01845235963276
22.4,0,1.00569576933206,0.992324591149285,1.01924711880917
22.6,0,1.00552456260174,0.991411801513606,1.01983821904459
22.8,0,1.00523253185076,0.990441851823335,1.02024408725343
23,0,1.00484521479208,0.989425789072871,1.02050494018018
23.2,0,1.00438863864012,0.988375563620067,1.02066114800986
23.4,0,1.00388880205171,0.987304055766785,1.02075213911901
23.6,0,1.00337166058655,0.986225382931767,1.02081603930677
23.8,0,1.00286311888449,0.985155175580056,1.02088935849782
24,0,1.00238902954019,0.984110803872879,1.02100674292801
24.2,0,1.00197519865233,0.983111537906596,1.02120080988181
24.4,0,1.0016473980265,0.982178629870826,1.02150207656748
24.6,0,1.00143138401682,0.981335314863097,1.02193898630229
24.8,0,1.001352923003,0.980606736322991,1.02253802596393
25,0,1.00143782351522,0.980019809951442,1.02332392078543
25.2,0,1.00171197504021,0.979603045002512,1.02431988758914
25.4,0,1.00220139356732,0.979386343366058,1.0255479260781
25.6,0,1.00293227396432,0.979400795227065,1.0270291295057
25.8,0,1.0039310493078,0.979678486235448,1.02878399998061
26,0,1.00522445733422,0.980252326183788,1.03083275870077
26.2,0,1.00683961422374,0.981155904144099,1.03319564657211
26.4,0,1.00880409598081,0.982423370489097,1.0358932153263
26.6,0,1.01114602773363,0.984089342482942,1.0389466131417
26.8,0,1.01389418133892,0.986188827145343,1.0423778719219
27,0,1.01707808174989,0.988757152664785,1.04621020600267
27.2,0,1.02072812268452,0.991829897473433,1.0504683344323
27.4,0,1.02487554497512,0.995442638578456,1.05517871344955
27.6,0,1.02953205227694,0.999607849294599,1.06035206447564
27.8,0,1.0346682795942,1.00429091214225,1.06596448883008
28,0,1.04024977457958,1.00945095081155,1.07198828496113
28.2,0,1.04624180613716,1.01504653392683,1.07839579794876
28.4,0,1.0526092069802,1.0210357568122,1.08515900175598
28.6,0,1.05931622848685,1.02737631270584,1.09224911851448
28.8,0,1.066326407927,1.03402556125274,1.0996362670812
29,0,1.07360244827881,1.0409405970609,1.10728913850097
29.2,0,1.08110611098594,1.04807831722259,1.11517470021557
29.4,0,1.08879812212638,1.05539548386504,1.12325793398745
29.6,0,1.0966380925702,1.06284877599153,1.13150161456797
29.8,0,1.10458445279693,1.07039482410673,1.13986613713206
30,0,1.11259440312105,1.07799022133952,1.14830940146945
30.2,0,1.1206238801372,1.08559150583473,1.15678676001444
30.4,0,1.12862754024207,1.09315511082876,1.16525103525991
30.6,0,1.13655876111816,1.10063728072247,1.17365261026458
30.8,0,1.14436966207222,1.1079939532699,1.18193959417057
31,0,1.15201114410894,1.11518060940753,1.19005806320133
31.2,0,1.15943295058513,1.12215209305881,1.19795237670343
31.4,0,1.16658374923079,1.12886240339764,1.20556556748925
31.6,0,1.17341123624028,1.13526446162702,1.21283980594409
31.8,0,1.17986226302641,1.14130985354623,1.21971693785733
32,0,1.1858829860943,1.14694854838716,1.22613909637489
32.2,0,1.19141904032739,1.15212859406953,1.23204938837667
32.4,0,1.19642503435968,1.15680444030056,1.2374026352031
32.6,0,1.20090414504435,1.16097369752094,1.24220795756545
32.8,0,1.20487618322826,1.1646483515543,1.2464935145216
33,0,1.20836197309953,1.16784097455388,1.25028894331334
33.2,0,1.21138324804429,1.17056521557532,1.25362462006963
33.4,0,1.21396255693654,1.17283622933868,1.2565310081484
33.6,0,1.21612317333279,1.17467102629289,1.25903809629526
33.8,0,1.21788900803501,1.17608873311617,1.26117493869912
34,0,1.21928452543788,1.17711075388233,1.26296930774697
34.2,0,1.22033466402885,1.17776082564467,1.2644474665858
34.4,0,1.22106476136428,1.17806496749982,1.26563406312804
34.6,0,1.22150048380065,1.17805132825795,1.26655214092548
34.8,0,1.22166776121793,1.17774994347351,1.26722325657474
35,0,1.22159272693277,1.17719241673177,1.26766768905808
35.2,0,1.22130166296207,1.17641154206428,1.26790472434215
35.4,0,1.22082095076349,1.17544088398795,1.2679529988497
35.6,0,1.22017702754845,1.17431432918135,1.26783088782958
35.8,0,1.21939634823533,1.1730656197908,1.26755692861823
36,0,1.21850535308577,1.17172787348987,1.26715027361813
36.2,0,1.21753044104612,1.17033309037943,1.26663117283419
36.4,0,1.216497948798,1.16891164220948,1.2660214904118
36.6,0,1.21543413550765,1.16749173575312,1.26534526328298
36.8,0,1.21436517325282,1.16609884000876,1.26462931221017
37,0,1.21331714309857,1.16475506693865,1.26390391552976
37.2,0,1.21231506621817,1.16347729955954,1.26320283200709
37.4,0,1.21136877372752,1.16225944261336,1.26255313758744
37.6,0,1.21047613437344,1.1610776671159,1.26197627720058
37.8,0,1.20963470453833,1.15990587151394,1.26149556990664
38,0,1.20884205377733,1.15871683362334,1.26113565331666
38.2,0,1.20809576383559,1.15748303159293,1.26092161592118
38.4,0,1.20739342771538,1.15617753499554,1.26087806168619
38.6,0,1.2067326487922,1.15477493192295,1.26102814098687
38.8,0,1.20611103997956,1.15325223432986,1.26139260558716
39,0,1.20552622294178,1.15158968848185,1.26198896076967
39.2,0,1.20497582735449,1.14977141574027,1.26283078934764
39.4,0,1.20445749021226,1.14778582350288,1.26392730771062
39.6,0,1.20396885518321,1.14562575451141,1.2652831856677
39.8,0,1.20350757201007,1.14328837796934,1.2668986266249
40,0,1.20307129595754,1.14077485891948,1.26876967163169
0,1,0.950000092501344,0.856223363418687,1.05404759354977
0.2,1,0.952426618961695,0.863370506779583,1.05066881180641
0.4,1,0.954798583580002,0.870276502650185,1.04752952932801
0.6,1,0.957109562056726,0.876907405888566,1.04464702616142
0.8,1,0.959353083174398,0.883229586730304,1.0420374860894
1,1,0.961522632989475,0.889210653482892,1.03971513401217
1.2,1,0.963611659456932,0.894820646710082,1.03769111011828
1.4,1,0.965613577490172,0.900033490015888,1.03597209590158
1.6,1,0.967521774457979,0.904828622018159,1.03455876756243
1.8,1,0.969329616119258,0.90919265624706,1.0334442301419
2,1,0.971030452995291,0.913120838991535,1.03261266240029
2.2,1,0.972617627178087,0.916618030461117,1.03203844705263
2.4,1,0.97408447957223,0.91969895470735,1.03168604083651
2.6,1,0.97542435756635,0.922387563468974,1.03151073910347
2.8,1,0.976630623128986,0.924715518658965,1.03146033000131
3,1,0.977696661322203,0.926719964529987,1.03147746692324
3.2,1,0.978617704202506,0.928442123267735,1.03150491234488
3.4,1,0.979400448366866,0.929929719340146,1.03150293867569
3.6,1,0.980056102342261,0.931227194841898,1.03144535410757
3.8,1,0.980595967842782,0.932371918714631,1.03131425652023
4,1,0.981031415933089,0.933394625878092,1.03109940036593
4.2,1,0.981373874156328,0.93432007964292,1.03079737004547
4.4,1,0.981634814968908,0.935167842944156,1.03041065540209
4.6,1,0.981825745498731,0.935953086516679,1.02994670182859
4.8,1,0.981958198639917,0.936687391309451,1.02941697819609
5,1,0.982043725493904,0.937379523486538,1.02883608465744
5.2,1,0.982093889164097,0.938036173551416,1.02822090909546
5.4,1,0.982120259908993,0.938662657746789,1.02758983428518
5.6,1,0.982134411656852,0.939263581446383,1.02696199620044
5.8,1,0.982147919883652,0.939843462224012,1.02635659586242
6,1,0.9821723608551,0.940407306026932,1.02579227133318
6.2,1,0.982219312233034,0.940961124738558,1.0252865415578
6.4,1,0.982300355046488,0.941512378731287,1.02485533841276
6.6,1,0.982427077028155,0.942070325030051,1.02451264627967
6.8,1,0.982611077317827,0.942646251370759,1.02427026879243
7,1,0.982863972535742,0.943253579106827,1.02413773974065
7.2,1,0.983197404230528,0.94390782317006,1.02412238987396
7.4,1,0.983623047708692,0.944626403908019,1.02422957476207
7.6,1,0.984152622255278,0.945428311811946,1.02446306271035
7.8,1,0.984797902758474,0.946333629999308,1.02482557792879
8,1,0.985570130431809,0.947362248440435,1.02531896705661
8.2,1,0.986468437257557,0.948520003866724,1.0259351133749
8.4,1,0.987480662147589,0.949798260432018,1.02665807965568
8.6,1,0.988594204586095,0.951185898013616,1.02747370769707
8.8,1,0.989796439713066,0.952670173719738,1.02836954393502
9,1,0.991074706030988,0.954237087494744,1.02933441364468
9.2,1,0.992416294738509,0.955871723811106,1.03035802558915
9.4,1,0.993808440696018,0.957558572369298,1.03143060414037
9.6,1,0.995238315031608,0.959281829918771,1.03254254674127
9.8,1,0.996693019398909,0.961025683769552,1.03368410615415
10,1,0.998159581900649,0.962774575669996,1.034845098861
10.2,1,0.999624954693609,0.964513442826973,1.03601464290369
10.4,1,1.0010760132918,0.966227931254101,1.03718093006013
10.6,1,1.00249955758527,0.96790457561981,1.03833103827936
10.8,1,1.00388231459189,0.969530939518856,1.03945079055496
11,1,1.00521094295873,0.971095710677258,1.04052466583267
11.2,1,1.00647203922845,0.972588746940545,1.04153576620664
11.4,1,1.00765214588381,0.974001070753139,1.0424658427933
11.6,1,1.00873776118125,0.975324811851727,1.04329538064458
11.8,1,1.00971535078067,0.976553099639299,1.0440037413006
12,1,1.01057136117497,0.9776799077528,1.04456936051227
12.2,1,1.01129223491797,0.978699853319557,1.04496999865336
12.4,1,1.01186442764423,0.979607952034571,1.04518304267058
12.6,1,1.01227442686826,0.98039932726884,1.04518586130208
12.8,1,1.01250881203174,0.981068891721285,1.04495627482721
13,1,1.01256208715487,0.98161585507361,1.04448392417881
13.2,1,1.01244611272625,0.98204916335367,1.04378392592281
13.4,1,1.01217512966877,0.982377999708719,1.04287605526972
13.6,1,1.01176343945546,0.982610595975169,1.0417812118165
13.8,1,1.01122538330876,0.982754486621858,1.04052109633504
14,1,1.0105753233845,0.982816745789914,1.03911791146056
14.2,1,1.00982762596129,0.98280421564691,1.03759407816884
14.4,1,1.00899664664891,0.982723732859313,1.03597196130246
14.6,1,1.00809671762299,0.98258235818658,1.03427359916966
14.8,1,1.00714213688796,0.982387611933119,1.03252043447418
15,1,1.00614715956549,0.982147715208698,1.03073304659329
15.2,1,1.00512599120197,0.981871833689414,1.0289308884578
15.4,1,1.00409278308533,0.981570317051156,1.02713203479186
15.6,1,1.00306162955944,0.981254923884317,1.02535295182178
15.8,1,1.0020465673228,0.980939019304145,1.02360830115177
16,1,1.00106157669751,0.980637731349392,1.02191079162449
16.2,1,1.00012058485483,0.98036805321546,1.02027109203501
16.4,1,0.999237470984206,0.980148881656112,1.01869781428698
16.6,1,0.998426073394512,0.980000987223722,1.01719757125756
16.8,1,0.997700198538665,0.979946918513134,1.01577510716031
17,1,0.997073631955716,0.980010848885438,1.01443349190676
17.2,1,0.99656015112862,0.98021837878315,1.01317436635944
17.4,1,0.996173540260422,0.980596308373262,1.01199822377594
17.6,1,0.995927606977029,0.981172392769604,1.01090471526536
17.8,1,0.995832508439935,0.981969823546978,1.00989089591747
18,1,0.995877363309194,0.982981512610408,1.0089423961982
18.2,1,0.996043867017177,0.98418807565459,1.00804247639627
18.4,1,0.996313743308394,0.985568513225916,1.00717612401813
18.6,1,0.996668732385329,0.987100503111169,1.00632970906581
18.8,1,0.997090573597411,0.98876062161864,1.00549070242026
19,1,0.997560991486505,0.990524519852246,1.0046474486911
19.2,1,0.998061685185674,0.992367066571896,1.00378898191045
19.4,1,0.998574321174293,0.994262467222559,1.00290487449879
19.6,1,0.999080529397165,0.996184366980587,1.00198511169767
19.8,1,0.999561902758152,0.998105944256622,1.00101998509751
20,1,1,1,1
20.2,1,1.00037635198136,0.99891579217527,1.00183904733778
20.4,1,1.00067247135972,0.997758050139193,1.00359540551687
20.6,1,1.00086986568475,0.99651743941729,1.00524130176947
20.8,1,1.00095005390084,0.995184525400376,1.00674898456747
21,1,1.0008945862497,0.993749691347956,1.00809085175674
21.2,1,1.00068506755493,0.992203047864403,1.0092395972606
21.4,1,1.00030318385878,0.990534329762178,1.01016838041167
21.6,1,0.999730732369181,0.988732775637989,1.01085102251061
21.8,1,0.998949654659882,0.986786984733763,1.0112622359063
22,1,0.997942073051184,0.984684744772734,1.01137789170842
22.2,1,0.99669033008049,0.982412823544266,1.01117533308664
22.4,1,0.995177030953199,0.979956716253926,1.01063374178681
22.6,1,0.993386924536151,0.97730177860349,1.00973681153993
22.8,1,0.991337507758895,0.974457257884311,1.00851016946943
23,1,0.9890740725308,0.971453947749329,1.0070137891962
23.2,1,0.986642565512452,0.968323828967721,1.00530785565687
23.4,1,0.984088597955126,0.965099616945348,1.00345119987767
23.6,1,0.981457379391208,0.961814979027956,1.00150092124263
23.8,1,0.978793672182366,0.958504716173842,0.999512090590991
24,1,0.976141766617859,0.95520489921246,0.997537543328594
24.2,1,0.973545476210621,0.95195295179687,0.995627769692979
24.4,1,0.971048152819939,0.948787676938562,0.993830904441727
24.6,1,0.96869272123603,0.945749230141489,0.992192812079033
24.8,1,0.966521732893025,0.942879048112805,0.990757257809778
25,1,0.964577438432054,0.940219746573478,0.989566149959
25.2,1,0.962901878914906,0.937815003083065,0.988659837355719
25.4,1,0.961536995590729,0.935709440887525,0.988077445294024
25.6,1,0.960524758243293,0.933948527960234,0.987857235787217
25.8,1,0.959907312294687,0.932578502288671,0.988036981268084
26,1,0.95972714501337,0.931646330771954,0.988654344951177
26.2,1,0.960027271371268,0.931199705422656,0.989747265177925
26.4,1,0.960851440317269,0.93128707728249,0.991354344842607
26.6,1,0.962244362485094,0.931957725718238,0.993515250298252
26.8,1,0.964251960634427,0.933261858537028,0.996271126996291
27,1,0.9669216444386,0.935250736508606,0.999665041670079
27.2,1,0.970302611584018,0.937976814207427,1.00374246333829
27.4,1,0.974445947066703,0.941493643825857,1.00855158182072
27.6,1,0.979372847321966,0.9458221173029,1.01411370756131
27.8,1,0.985040902470921,0.950915080278745,1.02039140998405
28,1,0.991400261552277,0.956717118015788,1.02734074691209
28.2,1,0.998401014747563,0.963172624932887,1.03491789575978
28.4,1,1.00599281356119,0.970225627639169,1.0430785500887
28.6,1,1.01412451884934,0.97781961583304,1.05177736576211
28.8,1,1.02274387626156,0.985897387863313,1.06096744885132
29,1,1.03179721920904,0.994400913774061,1.0705998826238
29.2,1,1.04122919997864,1.00327121569177,1.08062329500863
29.4,1,1.05098255007467,1.01244826331188,1.09098347104498
29.6,1,1.06099787128872,1.02187088093451,1.10162301703882
29.8,1,1.07121345937088,1.03147666194297,1.11248108452188
30,1,1.08156516249982,1.04120188674965,1.12349316268049
30.2,1,1.09198627701953,1.05098144093919,1.1345909478034
30.4,1,1.10240748312265,1.06074873145358,1.14570229763975
30.6,1,1.11275682330685,1.07043559998154,1.15675127755216
30.8,1,1.12295972650608,1.07997223402403,1.16765830419169
31,1,1.13293908079431,1.08928707722022,1.17834039128288
31.2,1,1.1426153574693,1.09830674130784,1.18871150109673
31.4,1,1.15190678914007,1.10695592251124,1.19868300433932
31.6,1,1.16072960415809,1.11515732524546,1.20816425043205
31.8,1,1.16899831934246,1.12283159593201,1.2170632493568
32,1,1.17662609244926,1.12989726967099,1.22528746514765
32.2,1,1.18352513522177,1.136270732822,1.23274471940582
32.4,1,1.18962306653901,1.1418811362117,1.23936108195706
32.6,1,1.19493078808756,1.14673413088706,1.24515312648366
32.8,1,1.19948820671563,1.150861634274,1.25016936458873
33,1,1.20333749160443,1.15429735554327,1.25446108989769
33.2,1,1.20652277848246,1.15707705089806,1.25808148546996
33.4,1,1.20908989888515,1.15923873259998,1.2610848330674
33.6,1,1.21108612288981,1.16082281232019,1.26352582107225
33.8,1,1.2125599171925,1.16187217225154,1.26545896174847
34,1,1.21356072012057,1.162432158955,1.26693812630194
34.2,1,1.21413873491388,1.16255049787652,1.26801620257432
34.4,1,1.21434474236257,1.16227713040901,1.26874487566031
34.6,1,1.2142299336627,1.16166397962257,1.26917452694155
34.8,1,1.21384576414461,1.16076465461062,1.26935424272207
35,1,1.21324382834533,1.15963410615626,1.26933192047706
35.2,1,1.21247575673656,1.15832824768963,1.26915445911478
35.4,1,1.21159313428474,1.15690355514143,1.26886801974299
35.6,1,1.2106474409101,1.15541665743262,1.26851834509548
35.8,1,1.20969001382808,1.15392392630519,1.26815112868052
36,1,1.20877203169871,1.15248107043455,1.26781242842115
36.2,1,1.20794452047775,1.15114273472678,1.26754912360936
36.4,1,1.20725838085754,1.1499621018187,1.26740941796755
36.6,1,1.20676443720518,1.14899048944679,1.26744339511836
36.8,1,1.20651350795071,1.1482769349042,1.26770363543788
37,1,1.20655649744863,1.14786775669134,1.26824590467781
37.2,1,1.20694224780168,1.14780368268591,1.26912782342692
37.4,1,1.20768466874174,1.14808467710411,1.27037864732479
37.6,1,1.20877010876707,1.14867881986072,1.27200497700996
37.8,1,1.21018440317125,1.14955189445956,1.27401494159383
38,1,1.21191359350008,1.15066871374514,1.27641826058683
38.2,1,1.21394388889797,1.15199367432847,1.27922557061937
38.4,1,1.21626162935363,1.1534913535823,1.28244771531564
38.6,1,1.21885325076387,1.15512713678052,1.28609501031914
38.8,1,1.22170525174713,1.1568678485509,1.29017650893843
39,1,1.22480416214969,1.15868235239752,1.29469930435648
39.2,1,1.22813651319876,1.160542077032,1.29966790942162
39.4,1,1.23168880926671,1.16242143028096,1.30508375306379
39.6,1,1.23544750122081,1.16429807056139,1.31094482320734
39.8,1,1.23939896134162,1.16615302067785,1.31724547133771
40,1,1.24352945980219,1.16797062589848,1.32397637672296
0,2,0.990317186922835,0.92403945879981,1.06134875667385
0.2,2,0.991206994689572,0.928737471862847,1.05787839522709
0.4,2,0.992087239010961,0.933268418034989,1.05461308964115
0.6,2,0.992956873566733,0.937611056882669,1.0515696732945
0.8,2,0.993814848783856,0.941744090071153,1.04876469528856
1,2,0.994660111952643,0.945646735783656,1.04621387762712
1.2,2,0.995491607353966,0.949299547856243,1.04393133079028
1.4,2,0.996308276397592,0.952685506943869,1.04192850041627
1.6,2,0.997109057771719,0.955791365901655,1.04021286293217
1.8,2,0.997892887603721,0.958609156685481,1.03878646285121
2,2,0.998658699632155,0.961137670656132,1.03764447986952
2.2,2,0.999405425390058,0.963383637969086,1.03677410009234
2.4,2,1.00013199439954,0.965362301307802,1.03615399613858
2.6,2,1.00083733437774,0.967097145456005,1.03575465462886
2.8,2,1.00152037145405,0.968618708760726,1.03553962499937
3,2,1.00218003039878,0.969962610467255,1.03546755564761
3.2,2,1.00281516221208,0.971166610825073,1.0354950822579
3.4,2,1.00342415990856,0.972264247832416,1.03558271008413
3.6,2,1.00400523746262,0.973282250661812,1.03569803740583
3.8,2,1.00455660667367,0.974241044225341,1.03581550171101
4,2,1.00507647805991,0.975155172270452,1.03591587828767
4.2,2,1.00556306139587,0.976033919394156,1.03598558446767
4.4,2,1.00601456628148,0.976882024405699,1.03601589781143
4.6,2,1.00642920274242,0.977700415119975,1.03600215819531
4.8,2,1.00680518186162,0.978486926862311,1.03594299156749
5,2,1.00714071644191,0.979236989345249,1.03583957075942
5.2,2,1.00743402169948,0.979944279758416,1.03569491555968
5.4,2,1.00768331598805,0.980601345596454,1.03551322857205
5.6,2,1.00788682155355,0.981200200721696,1.03529926340634
5.8,2,1.00804276531882,0.981732894022686,1.03505772588296
6,2,1.0081493796983,0.982192043325065,1.03479271563361
6.2,2,1.00820490344212,0.982571319609423,1.0345072230775
6.4,2,1.00820758250939,0.982865859967526,1.03420270337094
6.6,2,1.00815567097002,0.983072583976748,1.03387875267311
6.8,2,1.00804743193492,0.983190388743769,1.03353291149332
7,2,1.0078811385137,0.983220203202998,1.03316061454236
7.2,2,1.00765507479957,0.983164891394904,1.03275529736293
7.4,2,1.00736753688075,0.983029005114289,1.03230865933932
7.6,2,1.00701683387766,0.982818395523103,1.03181107347227
7.8,2,1.00660128900529,0.982539698306075,1.0312521283099
8,2,1.00611941111631,0.982199786165847,1.03062155345869
8.2,2,1.00557316973312,0.981806415806305,1.02991524949109
8.4,2,1.00496774150323,0.981366992881389,1.02913606101297
8.6,2,1.0043084232113,0.980887103693007,1.02828898976823
8.8,2,1.00360050726822,0.980370857566947,1.02738057788529
9,2,1.00284927903727,0.979821258901941,1.02641850983376
9.2,2,1.00206001443699,0.979240548081941,1.02541124803325
9.4,2,1.0012379778206,0.978630515294222,1.02436769808766
9.6,2,1.00038842013138,0.977992790386302,1.02329690051975
9.8,2,0.999516577333401,0.977329110064382,1.0222077477038
10,2,0.998627669116391,0.976641561510294,1.02110872691375
10.2,2,0.997726897873651,0.975932799328656,1.02000769256383
10.4,2,0.996819447951507,0.975206231042927,1.01891167240769
10.6,2,0.995910485168813,0.974466165484324,1.01782671333306
10.8,2,0.995005156604874,0.973717918584947,1.01675777221914
11,2,0.994108590654092,0.972967872332237,1.01570865607658
11.2,2,0.993225897345677,0.972223484775238,1.01468201355595
11.4,2,0.992362168926731,0.971493251589917,1.01367937729397
11.6,2,0.991522480707139,0.970786622268767,1.01270125400992
11.8,2,0.990711892164749,0.970113875935137,1.01174725733155
12,2,0.989935448309507,0.969485962626168,1.01081627748913
12.2,2,0.989198181305364,0.968914315339042,1.00990668256918
12.4,2,0.988505112348996,0.968410636062541,1.00901654809685
12.6,2,0.987861253804626,0.967986655389603,1.00814391534734
12.8,2,0.987271603944477,0.967653841801018,1.00728708743713
13,2,0.986739637387282,0.967419447811798,1.00644566758865
13.2,2,0.986265489657778,0.967281741922004,1.00562180999828
13.4,2,0.985848861489018,0.96723691935539,1.00481894172
13.6,2,0.985489464068626,0.967280384301446,1.0040413302619
13.8,2,0.985187018891907,0.967406950960743,1.00329386844824
14,2,0.984941257618608,0.967611025649254,1.00258187974697
14.2,2,0.98475192193327,0.967886779699616,1.001910934306
14.4,2,0.984618763409066,0.9682283214208,1.00128666742011
14.6,2,0.984541543375065,0.968629873677781,1.00071459385301
14.8,2,0.984520032786821,0.969085961528574,1.00019991356565
15,2,0.984554012100231,0.96959161161324,0.999747307147005
15.2,2,0.984643271148579,0.970142561531231,0.999360722704427
15.4,2,0.984787609022689,0.970735473376876,0.999043160039243
15.6,2,0.984986833954121,0.971368141338995,0.998796462199779
15.8,2,0.985240763201344,0.972039679558605,0.998621128218092
16,2,0.985549222938811,0.972750674268721,0.998516163009075
16.2,2,0.985912048148871,0.973503284575131,0.998478980077941
16.4,2,0.986329082516466,0.974301279618935,0.998505369302469
16.6,2,0.986800178326524,0.975150006047742,0.998589535872478
16.8,2,0.987325196364021,0.97605628755882,0.99872420863485
17,2,0.987904005816621,0.977028265943608,0.998900808428458
17.2,2,0.988536484179854,0.978075198618849,0.999109661439722
17.4,2,0.989222517164773,0.979207229585912,0.999340240655315
17.6,2,0.98996199860802,0.980435148317021,0.999581420933613
17.8,2,0.990753625593447,0.981767758672638,0.999821737835113
18,2,0.991589209097231,0.983199907132382,1.00005009405039
18.2,2,0.992458093367495,0.9847202235896,1.00025676684096
18.4,2,0.993349586255781,0.986316017393093,1.00043331256302
18.6,2,0.994252959071034,0.987973531377405,1.00057229796765
18.8,2,0.9951574447129,0.989678138483973,1.00066708686174
19,2,0.996052236967975,0.991414498311024,1.00071167050622
19.2,2,0.996926490976299,0.993166683407857,1.00070053195912
19.4,2,0.997769324875437,0.994918283279836,1.00062853642662
19.6,2,0.998569822629143,0.996652492496072,1.00049084126434
19.8,2,0.999317038046955,0.998352188030407,1.0002828205356
20,2,1,1,1
20.2,2,1.00060771883688,0.99963799911242,1.00157837925821
20.4,2,1.00112919400174,0.999192477094926,1.00306966481229
20.6,2,1.00155342285449,0.998659080434096,1.00445615374119
20.8,2,1.00186941069063,0.998033389273643,1.00572017616376
21,2,1.0020661819552,0.997310860128706,1.00684417784108
21.2,2,1.00213279264222,0.996486762145118,1.00781081318835
21.4,2,1.00205834386748,0.995556103758025,1.00860305182609
21.6,2,1.00183199659823,0.99451354605777,1.00920430233103
21.8,2,1.00144298751956,0.993353298435127,1.00959855756457
22,2,1.00088064601225,0.992068991150963,1.00977056686319
22.2,2,1.00013441221211,0.990653518385515,1.00970604144325
22.4,2,0.999193856115686,0.989098844164674,1.00939190050566
22.6,2,0.99804993828887,0.987396713928509,1.00881810245779
22.8,2,0.996715701270138,0.985554533949866,1.00800326611755
23,2,0.995222994446278,0.983593914537729,1.00698956554659
23.2,2,0.993604173500964,0.98153726276817,1.00581943350195
23.4,2,0.99189144493828,0.979407512023371,1.00453450322145
23.6,2,0.99011683074196,0.977228300985795,1.00317534554574
23.8,2,0.988312143397449,0.975024134068468,1.00178124690221
24,2,0.986508971178352,0.972820513374713,1.00039003786972
24.2,2,0.984738673581003,0.970644032628194,0.99903798163824
24.4,2,0.983032386782259,0.968522426522895,0.997759728633378
24.6,2,0.981421038996029,0.966484573673663,0.99658833883185
24.8,2,0.979935375613255,0.964560456632656,0.995555368017749
25,2,0.97860599402804,0.96278108709453,0.994691009601832
25.2,2,0.977463388079131,0.961178407543509,0.994024280546363
25.4,2,0.976538002071045,0.95978518178069,0.993583238823967
25.6,2,0.975860294382561,0.958634886097873,0.993395220602469
25.8,2,0.975460810722388,0.957761610790909,0.993487087532585
26,2,0.975370267152369,0.957199978841283,0.993885477511728
26.2,2,0.975619643068106,0.956985085507821,0.994617055536712
26.4,2,0.976240284405474,0.957152459666843,0.995708764336046
26.6,2,0.977264017429806,0.957738045224668,0.997188077183472
26.8,2,0.978723273562979,0.958778198832127,0.999083257609149
27,2,0.980651225813203,0.960309698365171,1.0014236327365
27.2,2,0.983081937493782,0.962369755041743,1.00423988884045
27.4,2,0.986050363769621,0.964995848519514,1.00756425157879
27.6,2,0.989570212296227,0.968201820450054,1.01141020847163
27.8,2,0.993610679779487,0.971953047495613,1.0157509002268
28,2,0.998135719707946,0.976208867657255,1.02055507582901
28.2,2,1.00310926899727,0.980928404640408,1.02579168957504
28.4,2,1.00849506416535,0.986070556129885,1.03142953424918
28.6,2,1.01425647159457,0.991593980165263,1.03743690537533
28.8,2,1.02035633171683,0.997457085063844,1.04378129070885
29,2,1.02675681713931,1.00361802479484,1.05042908307427
29.2,2,1.03341930489498,1.0100346989653,1.05734531776351
29.4,2,1.04030426315355,1.01666475457364,1.06449343804519
29.6,2,1.04737115286385,1.02346558542653,1.07183509389247
29.8,2,1.05457834491892,1.03039432461442,1.07932997979982
30,2,1.06188305353833,1.03740782566932,1.0869357175558
30.2,2,1.0692412866486,1.04446262887929,1.09460778917547
30.4,2,1.07660781410986,1.05151491051664,1.10229952405801
30.6,2,1.08393615468479,1.05852041420265,1.10996214307107
30.8,2,1.09117858267235,1.06543436501431,1.11754486093271
31,2,1.09828615513204,1.07221136800816,1.1249950471944
31.2,2,1.10520876060402,1.07880529343959,1.13225844547107
31.4,2,1.11189519018348,1.0851691510412,1.13927945036673
31.6,2,1.11829323173332,1.09125495534276,1.14600144175084
31.8,2,1.12434978791672,1.09701358331331,1.15236717650315
32,2,1.13001101859794,1.10239462480474,1.15831923833893
32.2,2,1.13522250799692,1.10734622567033,1.16380054655687
32.4,2,1.13993855138057,1.11182350674393,1.16876455034596
32.6,2,1.14416087920466,1.11582500588025,1.1732163292663
32.8,2,1.14790742159962,1.11936370607704,1.17717900036398
33,2,1.15119703708721,1.12245308711547,1.18067706651695
33.2,2,1.15404941869992,1.12510741603765,1.18373591873742
33.4,2,1.15648500995464,1.12734200279475,1.18638139529456
33.6,2,1.15852492326707,1.12917340961244,1.18863939445019
33.8,2,1.1601908612162,1.13061960861713,1.19053554722614
34,2,1.16150504102761,1.13170008215247,1.19209495661306
34.2,2,1.16249012260376,1.13243586145914,1.19334200827061
34.4,2,1.16316914039029,1.13284950178015,1.19430025526801
34.6,2,1.16356543932913,1.13296499504092,1.1949923762228
34.8,2,1.16370261511323,1.13280762444975,1.19544020290221
35,2,1.1636044589228,1.13240376807449,1.19566481055365
35.2,2,1.16329490679113,1.13178066020489,1.19568666239729
35.4,2,1.16279799371765,1.13096611985711,1.195525799097
35.6,2,1.16213781261866,1.12998825511021,1.19520206463241
35.8,2,1.16133847818111,1.12887515028832,1.19473536162041
36,2,1.16042409566276,1.1276545406573,1.19414593143909
36.2,2,1.15941873466254,1.12635347669036,1.19345465709076
36.4,2,1.15834640786847,1.12499797747801,1.19268338920014
36.6,2,1.15723105477666,1.12361267090163,1.19185529748867
36.8,2,1.1560965303643,1.12222041715496,1.19099525110121
37,2,1.15496659869132,1.12084191253146,1.19013023083678
37.2,2,1.15386406948395,1.11949429034952,1.18928904088504
37.4,2,1.15279824915458,1.11817666877889,1.18849180130465
37.6,2,1.15176781388319,1.11687428807829,1.18775148757321
37.8,2,1.15077115856893,1.11557103436625,1.18708196842559
38,2,1.14980668641055,1.1142502743846,1.18649772542762
38.2,2,1.14887280846129,1.11289538259286,1.18601330427533
38.4,2,1.14796794320593,1.11149028491795,1.18564275055785
38.6,2,1.1470905161602,1.11001999677754,1.18539905234552
38.8,2,1.14623895949191,1.1084711234528,1.18529362151043
39,2,1.14541171166393,1.10683228661227,1.18533584996196
39.2,2,1.14460721709856,1.10509444350999,1.18553277426035
39.4,2,1.14382392586332,1.10325107513835,1.18588887231613
39.6,2,1.1430602933779,1.10129823444194,1.18640600105861
39.8,2,1.14231478014205,1.09923446213341,1.18708346752379
40,2,1.1415858514844,1.09706059190392,1.18791821156172
0,3,0.929324260156211,0.886999967785574,0.973668108095884
0.2,3,0.930762076127161,0.891011107874419,0.972286467250915
0.4,3,0.932173642930408,0.894892847304434,0.971007538155615
0.6,3,0.933556031755791,0.898628148007372,0.969841492679873
0.8,3,0.934906299756947,0.902199628555984,0.968798657924729
1,3,0.936221490995903,0.905589897908321,0.967889198219971
1.2,3,0.937498637480049,0.908782078608388,0.967122609440986
1.4,3,0.938734760291953,0.911760563567091,0.966506981539947
1.6,3,0.93992687081238,0.914512023755335,0.966048011973989
1.8,3,0.94107197203679,0.917026626069138,0.965747810779971
2,3,0.942167059985471,0.919299330928724,0.965603627737755
2.2,3,0.943209125207344,0.921331039047834,0.965606732183711
2.4,3,0.944195154377353,0.923129293738506,0.965741739100536
2.6,3,0.945122131987236,0.924708274963046,0.965986645256088
2.8,3,0.945987042129289,0.926087966441096,0.966313694060339
3,3,0.946786870372644,0.92729259115778,0.966690973763534
3.2,3,0.947519294211225,0.928348974125436,0.967085479626145
3.4,3,0.948186329191488,0.929285521714937,0.967471561599793
3.6,3,0.94879169048571,0.930127345961913,0.967830561957903
3.8,3,0.949339119333461,0.930894799154724,0.968148886764848
4,3,0.949832376974903,0.931603785875311,0.968417644956355
4.2,3,0.950275242400872,0.932266250230526,0.968632122096816
4.4,3,0.950671510249954,0.932890734055989,0.968791185728173
4.6,3,0.951024988854319,0.933482943111134,0.96889668536523
4.8,3,0.951339498435899,0.934046289108215,0.968952879357152
5,3,0.951618869454262,0.934582396294984,0.968965899947871
5.2,3,0.951866941107333,0.93509157341076,0.968943255758576
5.4,3,0.95208755998597,0.935573257198191,0.968893365544343
5.6,3,0.952284578883184,0.936026434113094,0.968825116608998
5.8,3,0.952461855758709,0.936450043835831,0.968747444294383
6,3,0.952623252859462,0.936843362796337,0.968668934345457
6.2,3,0.952772635996335,0.937206359358815,0.968597456513691
6.4,3,0.952913873977676,0.937540005979973,0.968539844089105
6.6,3,0.953050838199734,0.937846529163963,0.968501638538791
6.8,3,0.953187402394299,0.938129576864341,0.968486919600207
7,3,0.953327442533707,0.938394285930981,0.968498238228512
7.2,3,0.953474836893396,0.93864723889561,0.968536663100964
7.4,3,0.953633466272163,0.938896308152441,0.968601942619
7.6,3,0.953807214370307,0.93915039384903,0.968692776091289
7.8,3,0.953999968325866,0.939419066936093,0.968807182649686
8,3,0.954215515944793,0.939711967475427,0.968942912705428
8.2,3,0.954455557334488,0.940035056688974,0.969097274026559
8.4,3,0.954719851340212,0.940390000563362,0.969268063247194
8.6,3,0.955008084570422,0.940777042024811,0.969454398708438
8.8,3,0.955319945048572,0.941195383622292,0.969656474403038
9,3,0.955655122132731,0.941643436374003,0.969875302243161
9.2,3,0.956013306436419,0.942119047332827,0.970112476412564
9.4,3,0.956394189750652,0.942619709320145,0.970369956351239
9.6,3,0.956797464967186,0.943142755748154,0.970649865450578
9.8,3,0.957222826002922,0.943685542159558,0.970954303828993
10,3,0.957669967725485,0.944245614432603,0.971285175239533
10.2,3,0.958138585879937,0.944820861852445,0.971644029908578
10.4,3,0.958628377016624,0.945409651743909,0.972031926611275
10.6,3,0.959139038420138,0.946010941379346,0.97244931827127
10.8,3,0.959670268039386,0.946624362637294,0.972895965610872
11,3,0.960221764418741,0.947250275488664,0.973370882777299
11.2,3,0.960793226630287,0.947889787751664,0.973872317506691
11.4,3,0.96138435420712,0.948544740428205,0.974397766516527
11.6,3,0.961994847077712,0.949217659918769,0.97494402483332
11.8,3,0.962624405501327,0.949911680064218,0.975507266111454
12,3,0.963272730004475,0.950630437885531,0.976083150076882
12.2,3,0.963939521318394,0.951377946812848,0.976666953309481
12.4,3,0.96462448031756,0.952158449982632,0.977253720790796
12.6,3,0.965327307959217,0.952976253805782,0.977838438020202
12.8,3,0.966047705251036,0.953835531563323,0.978416234181601
13,3,0.966785378562536,0.954738721627093,0.978984037234195
13.2,3,0.967540046066422,0.955684573966695,0.979542587840114
13.4,3,0.968311427424324,0.95667072696154,0.980093771091448
13.6,3,0.969099242157129,0.957694253293478,0.980640050746683
13.8,3,0.969903209593559,0.958751794777162,0.981184328524289
14,3,0.970723048819624,0.959839684786898,0.981729816389989
14.2,3,0.971558478628944,0.960954064721863,0.98227991539741
14.4,3,0.972409217473924,0.96209100001592,0.982838095577863
14.6,3,0.973274983417794,0.963246600090432,0.983407772483159
14.8,3,0.974155494087512,0.964417145235533,0.983992177398632
15,3,0.975050466627514,0.965599221555551,0.98459422009366
15.2,3,0.97595961765433,0.96678986276104,0.985216345330478
15.4,3,0.97688266321205,0.967986694809213,0.985860387133065
15.6,3,0.977819318728644,0.969188076474795,0.986527427737928
15.8,3,0.978769298973147,0.970393226400052,0.987217670682139
16,3,0.979732318013683,0.971602325717288,0.987930338939683
16.2,3,0.980708089176368,0.972816585624773,0.988663608729771
16.4,3,0.981696325005048,0.974038271688393,0.989414587229612
16.6,3,0.982696737221917,0.975270680940596,0.990179338125127
16.8,3,0.983709036688985,0.976518073227772,0.99095295355364
17,3,0.984732933370415,0.977785563446115,0.991729665803908
17.2,3,0.985768136295723,0.97907898498404,0.992502988460919
17.4,3,0.986814353523857,0.980404735883254,0.993265875489067
17.6,3,0.987871292108137,0.981769617465863,0.994010888512072
17.8,3,0.988938139449642,0.983179368735181,0.994730640977825
18,3,0.990011113067579,0.984632058636189,0.995419553325198
18.2,3,0.991085361027606,0.986122211945907,0.996073489618446
18.4,3,0.992156009078843,0.987643497644521,0.996689138033042
18.6,3,0.993218161949199,0.989188900376328,0.997263835906818
18.8,3,0.994266903643493,0.990750853869924,0.997795431434075
19,3,0.995297297984103,0.992321347143064,0.998282173639098
19.2,3,0.996304389395872,0.993892009952313,0.998722624178363
19.4,3,0.997283203936907,0.995454182701606,0.999115585767539
19.6,3,0.998228750576768,0.996998974976318,0.999460043077502
19.8,3,0.999136022723408,0.998517316039595,0.999755112773593
20,3,1,1,1
20.2,3,1.00081565027259,1.00019395906221,1.00143772790797
20.4,3,1.00157793192921,1.00033625636037,1.00282114873801
20.6,3,1.00228179641085,1.00042613379469,1.00414090104399
20.8,3,1.00292219099426,1.0004627709137,1.00538765702406
21,3,1.0034940618263,1.00044524401212,1.00655217079372
21.2,3,1.00399235720901,1.00037248020632,1.00762533284223
21.4,3,1.00441203113429,1.00024320421391,1.00859823294691
21.6,3,1.00474804706647,1.00005587512775,1.00946223425259
21.8,3,1.00499538197069,0.999808609892477,1.01020906180337
22,3,1.00514903058421,0.999499089457047,1.0108309095441
22.2,3,1.00520400992758,0.999124442709436,1.01132057067323
22.4,3,1.00515536405167,0.998681102369316,1.01167159715437
22.6,3,1.00499875537831,0.998165025372941,1.01187927110006
22.8,3,1.00474025345403,0.997578361196659,1.01195356292602
23,3,1.00439484019961,0.996929175243766,1.01191641299186
23.2,3,1.00397778994055,0.996226021102709,1.01178987633569
23.4,3,1.00350436949842,0.995477902717256,1.01159555310435
23.6,3,1.0029898284855,0.994694420127645,1.01135441768767
23.8,3,1.00244939191519,0.993885900995803,1.01108666733705
24,3,1.00189825512495,0.993063509126598,1.01081159905398
24.2,3,1.00135158100534,0.992239321390686,1.0105475233299
24.4,3,1.00082449952748,0.991426366854967,1.01031172091165
24.6,3,1.00033210956028,0.990638625819044,1.01012044486958
24.8,3,0.999889482969274,0.989890990860273,1.00998896583925
25,3,0.999511670990001,0.989199195882861,1.00993165441627
25.2,3,0.999213712871162,0.98857972176735,1.00996209208582
25.4,3,0.999010646785945,0.98804968817811,1.01009320111416
25.6,3,0.998917523014021,0.987626740509914,1.01033738441436
25.8,3,0.998949419401839,0.987328939256331,1.01070666810891
26,3,0.999121459114875,0.987174656794495,1.01121284181391
26.2,3,0.999448830702561,0.987182484178016,1.01186759408971
26.4,3,0.999946810504625,0.987371148334879,1.01268264271709
26.6,3,1.00063078743665,0.987759438229571,1.01366986131839
26.8,3,1.00151629020275,0.988366137076905,1.01484140533989
27,3,1.00261901699441,0.989209956506887,1.01620984162813
27.2,3,1.00395486774692,0.990309467552213,1.01778828689185
27.4,3,1.00553990367991,0.991682937415222,1.0195904958575
27.6,3,1.0073799120825,0.993336458332734,1.0216219074156
27.8,3,1.00945956894449,0.995251816175497,1.02387014499444
28,3,1.01176101759576,0.997407640732519,1.02632094935088
28.2,3,1.01426638046796,0.999782396832851,1.028960195545
28.4,3,1.01695771991106,1.00235447623695,1.03177371738721
28.6,3,1.01981700228502,1.00510227857425,1.0347471499367
28.8,3,1.02282606531643,1.0080042849228,1.03786578642451
29,3,1.02596658872816,1.01103912515204,1.04111444849199
29.2,3,1.02922006816582,1.01418563828423,1.04447737054071
29.4,3,1.03256779245948,1.01742292382773,1.04793810032647
29.6,3,1.03599082427161,1.02073038129208,1.05147941870445
29.8,3,1.0394699841935,1.02408773490342,1.05508328164983
30,3,1.04298583836122,1.02747504085394,1.05873078738532
30.2,3,1.04651868967,1.03087267513884,1.06240217074443
30.4,3,1.05004857267142,1.03426130100061,1.06607682594578
30.6,3,1.0535552522413,1.03762181602231,1.06973335793989
30.8,3,1.05701822610816,1.04093527979693,1.07334966160702
31,3,1.06041673133159,1.04418282369693,1.07690302748587
31.2,3,1.06372975481754,1.04734554448674,1.08037027248603
31.4,3,1.06693604795285,1.05040438335019,1.08372789419495
31.6,3,1.07001414543459,1.05333999140554,1.08695224787047
31.8,3,1.07294238836044,1.05613258207476,1.09001974589125
32,3,1.0756989516351,1.05876176993091,1.09290708014927
32.2,3,1.0782618757336,1.06120639508353,1.09559146839576
32.4,3,1.08061267400911,1.06344766908969,1.09805473759578
32.6,3,1.08275143774011,1.06548325130645,1.10029948804057
32.8,3,1.08468443587213,1.06731606140928,1.10233544491941
33,3,1.08641811444305,1.0689489997384,1.10417271514248
33.2,3,1.08795908043086,1.07038519045703,1.1058215035529
33.4,3,1.0893140889774,1.07162819582809,1.10729186583946
33.6,3,1.09049003092481,1.07268219599609,1.10859349766884
33.8,3,1.09149392069307,1.07355213032931,1.10973556407036
34,3,1.09233288452498,1.07424379628966,1.11072657318183
34.2,3,1.09301414912264,1.07476390282933,1.11157429742223
34.4,3,1.09354503069761,1.07512007723573,1.11228574322424
34.6,3,1.09393292445467,1.07532082674337,1.11286716805267
34.8,3,1.09418529452707,1.07537545859831,1.11332414105844
35,3,1.09430966437963,1.07529396412401,1.11366164184714
35.2,3,1.09431360769361,1.07508687336189,1.11388419080837
35.4,3,1.09420473974595,1.07476508691412,1.11399600439215
35.6,3,1.09399070929355,1.07433969076501,1.11400116956341
35.8,3,1.09367919097178,1.07382175831515,1.11390383320362
36,3,1.09327787821473,1.07322214191801,1.1137084041684
36.2,3,1.0927944767034,1.07255125416219,1.11341976775394
36.4,3,1.09223669834682,1.07181883727004,1.11304351419511
36.6,3,1.09161225579947,1.07103371753872,1.11258618426132
36.8,3,1.09092885751775,1.0702035409988,1.11205553576682
37,3,1.09019420335679,1.06933448674424,1.11146083453402
37.2,3,1.08941577891762,1.06843064776583,1.1108130806959
37.4,3,1.08859791282448,1.0674894031941,1.11012382161356
37.6,3,1.08774244358508,1.06650300451124,1.10940486672017
37.8,3,1.08685114054432,1.06546276506159,1.10866887181572
38,3,1.08592577119126,1.06435951118585,1.10792901096313
38.2,3,1.0849681006048,1.06318395979204,1.10719858824831
38.4,3,1.08397989092746,1.06192712336775,1.10649062264153
38.6,3,1.08296290086733,1.0605807256615,1.10581742273648
38.8,3,1.08191888522814,1.05913760122676,1.10519017817657
39,3,1.08084959446748,1.05759204606666,1.10461860053255
39.2,3,1.07975677428297,1.05594008706305,1.10411064594836
39.4,3,1.07864216522654,1.05417964550015,1.10367234424507
39.6,3,1.07750750234652,1.0523105833624,1.10330774580188
39.8,3,1.07635451485755,1.05033463683948,1.10301898177932
40,3,1.07518492583815,1.04825525555341,1.10280641916675
0,4,0.896647522925878,0.862524698262236,0.932120299846391
0.2,4,0.898677441376611,0.866859928622066,0.93166279461433
0.4,4,0.900663310676787,0.871069417325821,0.931262633108661
0.6,4,0.902600027448881,0.875134912341587,0.9309271039946
0.8,4,0.904482454706337,0.879037303919406,0.930664156371921
1,4,0.90630542470525,0.882756750966163,0.930482289658126
1.2,4,0.90806374208577,0.88627297946659,0.930390273420151
1.4,4,0.909752187304893,0.889565846926493,0.930396603203257
1.6,4,0.911365520361768,0.892616276399638,0.930508588813149
1.8,4,0.91289848481614,0.89540763233815,0.930731002820933
2,4,0.914345812099918,0.897927503662862,0.931064323895079
2.2,4,0.915702226121231,0.900169661666159,0.931502807338949
2.4,4,0.916962448159645,0.902135723977753,0.932032851584164
2.6,4,0.918121202050496,0.903835927405295,0.932632257797666
2.8,4,0.919173219655506,0.905288558222197,0.93327083398805
3,4,0.920113246616051,0.906518020784533,0.93391236267498
3.2,4,0.920937509908004,0.90755308694408,0.934519323835228
3.4,4,0.921651460883231,0.908428568522885,0.935066822842654
3.6,4,0.922264175799366,0.909177015290412,0.935539719612458
3.8,4,0.922784799032067,0.909825406364285,0.935928783004009
4,4,0.923222525593567,0.91039554911261,0.936230227173414
4.2,4,0.923586592342433,0.910904728187324,0.936445016870402
4.4,4,0.923886270103359,0.911366424699247,0.93657810618509
4.6,4,0.924130856707211,0.911791009813189,0.936637706587367
4.8,4,0.924329670959509,0.91218637355823,0.936634623562017
5,4,0.924492047543655,0.912558484061732,0.936581666708435
5.2,4,0.924627332863672,0.912911890270369,0.936493120300349
5.4,4,0.924744881829891,0.913250188120161,0.936384254385789
5.6,4,0.92485405559,0.913576469775816,0.93627085683497
5.8,4,0.924964220207061,0.913893769889369,0.936168772402099
6,4,0.925084746285632,0.914205512795629,0.936093444890069
6.2,4,0.925225009546849,0.914515951277594,0.936059471784023
6.4,4,0.925394392353392,0.914830573220015,0.936080195029897
6.6,4,0.925602286185516,0.915156440818747,0.936167363282031
6.8,4,0.925858095069939,0.915502422441472,0.936330905515805
7,4,0.926171239964172,0.915879282937963,0.936578850200802
7.2,4,0.926551164100031,0.916299613925891,0.936917408506685
7.4,4,0.92700733929141,0.916777606731475,0.937351218867458
7.6,4,0.927549273213095,0.917328689822772,0.937883731080471
7.8,4,0.928186517659304,0.917969062833741,0.938517697867714
8,4,0.928928285976987,0.918714706533017,0.93925541231894
8.2,4,0.929775923913302,0.919571974859454,0.940093100184965
8.4,4,0.930723442076923,0.920537273877056,0.941022324911538
8.6,4,0.931764578943685,0.921605171924392,0.942035979204909
8.8,4,0.932893073256368,0.922769040961914,0.94312817996419
9,4,0.934102657793265,0.924021343551603,0.944293961806861
9.2,4,0.935387053568523,0.925353887135919,0.945529004791534
9.4,4,0.936739964462591,0.92675805321596,0.946829388723854
9.6,4,0.938155072282235,0.928225007848028,0.948191367618253
9.8,4,0.939626032250534,0.929745897509133,0.949611160262428
10,4,0.941146468928221,0.931312031461462,0.951084755756976
10.2,4,0.942709972568544,0.932915048785266,0.952607735867643
10.4,4,0.944310095908573,0.934547065740377,0.954175118540882
10.6,4,0.945940351400561,0.936200797529046,0.955781228524381
10.8,4,0.94759420888752,0.937869648230179,0.957419601339724
11,4,0.9492650937277,0.939547763787261,0.959082925744575
11.2,4,0.950946385373039,0.941230045261722,0.960763027494087
11.4,4,0.952631416407006,0.94291212258821,0.962450894187884
11.6,4,0.954313472047458,0.944590292064948,0.964136737992916
11.8,4,0.95598579012031,0.946261423059766,0.965810090785272
12,4,0.957641561509838,0.94792284038535,0.967459925280617
12.2,4,0.959273931091423,0.949572188269012,0.969074796250139
12.4,4,0.960875999152369,0.951207279855897,0.970642997903608
12.6,4,0.962440823306239,0.952825932918682,0.972152736784762
12.8,4,0.963961433639115,0.954425793527072,0.97359234405186
13,4,0.965433357985282,0.956005198773813,0.974954498057348
13.2,4,0.966857688735336,0.957564211609738,0.976241362127709
13.4,4,0.968236277428395,0.959102524103006,0.977457013581703
13.6,4,0.969570994067924,0.960619277912237,0.978606128518429
13.8,4,0.970863726211483,0.962113189457097,0.979693850164474
14,4,0.972116378095208,0.963582660654883,0.980725672168784
14.2,4,0.973330869793876,0.965025883099139,0.981707328979877
14.4,4,0.974509136417321,0.966440942614562,0.982644686380575
14.6,4,0.975653127343975,0.967825930143608,0.983543626233319
14.8,4,0.976764805492207,0.969179063644225,0.984409920764093
15,4,0.977846146630136,0.970498823803376,0.985249093586875
15.2,4,0.978899138724524,0.97178410363429,0.986066267406478
15.4,4,0.979925781329328,0.973034368336332,0.986866002025922
15.6,4,0.980928085014455,0.974249817409049,0.987652130671251
15.8,4,0.981908070835214,0.975431536664164,0.988427606993889
16,4,0.982867769842959,0.976581624673873,0.98919437821562
16.2,4,0.983809222637346,0.977703277698864,0.989953300375873
16.4,4,0.984734478960629,0.978800820209766,0.990704108570369
16.6,4,0.985645597334398,0.97987967466458,0.991445448521251
16.8,4,0.986544644739096,0.980946272823342,0.992174967199926
17,4,0.987433696336704,0.982007919207498,0.992889451897732
17.2,4,0.988314835236888,0.983072622942831,0.993585001508193
17.4,4,0.989190152306949,0.984148915660523,0.994257212349124
17.6,4,0.990061746025864,0.985245670145089,0.994901363838963
17.8,4,0.990931315325026,0.986370810064719,0.995512906173043
18,4,0.991798237210791,0.98752559850289,0.996089361962554
18.2,4,0.992661060327142,0.988708153432058,0.996629771150684
18.4,4,0.993518327365392,0.989915785865717,0.99713397937956
18.6,4,0.994368576106664,0.991145177013641,0.997602458327643
18.8,4,0.995210339513964,0.99239251373153,0.998036166306109
19,4,0.99604214584583,0.993653593932175,0.998436439378375
19.2,4,0.99686251879169,0.994923909293713,0.998804905670781
19.4,4,0.997669977629014,0.996198711035035,0.999143417108148
19.6,4,0.998463037402399,0.997473063248638,0.999453994087781
19.8,4,0.999240209124655,0.998741887291477,0.999738779595298
20,4,1,1,1
20.2,4,1.00074091366944,1.00023993028875,1.00124214797428
20.4,4,1.00146145047841,1.00046086184269,1.00246303983055
20.6,4,1.00216010776673,1.00066507105871,1.00365737812397
20.8,4,1.00283538018094,1.0008547871837,1.00481989257655
21,4,1.00348576000902,1.00103215767233,1.0059453763028
21.2,4,1.0041097375376,1.00119920919278,1.00702872691112
21.4,4,1.0047058014315,1.00135780207754,1.00806499468604
21.6,4,1.00527243913586,1.00150957552386,1.00904944054835
21.8,4,1.00580813730053,1.00165588015941,1.00997760717878
22,4,1.00631138222696,1.00179769366946,1.01084540760947
22.2,4,1.00678066033732,1.00193551400579,1.01164923676255
22.4,4,1.00721445866596,1.00206922327874,1.01238611283402
22.6,4,1.00761141965569,1.00219789680472,1.01305418446551
22.8,4,1.00797291800305,1.00231949615277,1.01365822706966
23,4,1.00830267545903,1.00243153059554,1.01420820705214
23.2,4,1.00860449775371,1.00253168303682,1.01471409841882
23.4,4,1.0088821977587,1.00261796987291,1.01518556373316
23.6,4,1.00913959450009,1.00268889220633,1.01563179676497
23.8,4,1.00938051231544,1.00274358379869,1.01606136913136
24,4,1.00960878015555,1.00278194487128,1.01648209182507
24.2,4,1.0098282310311,1.00280474945355,1.01690090393278
24.4,4,1.01004270160483,1.00281371536958,1.01732379945481
24.6,4,1.01025603192919,1.00281152986008,1.01775579922951
24.8,4,1.01047206533004,1.00280182930974,1.01820096949282
25,4,1.01069464843635,1.00278913718891,1.01866248296369
25.2,4,1.01092763135631,1.00277876875647,1.01914271390789
25.4,4,1.011174868,1.00277671343645,1.01964335626708
25.6,4,1.01144021654884,1.00278950591024,1.02016555381058
25.8,4,1.01172754007223,1.00282409530159,1.02071003293231
26,4,1.01204070729165,1.00288771912309,1.02127723142422
26.2,4,1.01238359349268,1.0029877856429,1.02186741956803
26.4,4,1.01276008158547,1.00313176555251,1.02248081266579
26.6,4,1.01317406331425,1.003327091531,1.02311767641628
26.8,4,1.01362944061671,1.00358106254061,1.02377842830545
27,4,1.01413012713404,1.00390074833837,1.02446373953121
27.2,4,1.01468004987272,1.00429288856623,1.02517464310593
27.4,4,1.01528313320059,1.00476375230432,1.02591264682626
27.6,4,1.01594082751959,1.00531522256617,1.02667873901936
27.8,4,1.01664956317018,1.00594092948287,1.02747219444133
28,4,1.0174051621423,1.00663322370175,1.02829237062861
28.2,4,1.01820344059087,1.00738425952711,1.02913881830728
28.4,4,1.01904020697207,1.00818612628515,1.030011142141
28.6,4,1.019911260353,1.00903096684051,1.03090887512798
28.8,4,1.02081238889507,1.0099110871578,1.03183136275326
29,4,1.02173936851156,1.01081905805594,1.03277765574998
29.2,4,1.02268796169993,1.01174780810779,1.03374641251957
29.4,4,1.02365391654968,1.01269070499457,1.0347358139059
29.6,4,1.0246329659267,1.01364162160273,1.03574349404057
29.8,4,1.02562082683511,1.01459498282939,1.03676649129933
30,4,1.02661319995757,1.01554578945729,1.03780122301561
30.2,4,1.02760576937544,1.01648961648309,1.03884348657413
30.4,4,1.02859420246975,1.01742258472656,1.03988848806489
30.6,4,1.02957415000436,1.01834130611432,1.04093089811109
30.8,4,1.03054124639254,1.01924280440065,1.04196493311599
31,4,1.03149111014799,1.0201244139877,1.04298445927319
31.2,4,1.03241934452178,1.02098365978023,1.0439831164117
31.4,4,1.03332153832594,1.02181812063219,1.04495445912397
31.6,4,1.03419326694501,1.02262527801695,1.04589211354959
31.8,4,1.0350300935363,1.02340235027403,1.04678994946504
32,4,1.03582757041965,1.02414611140581,1.04764226870782
32.2,4,1.03658124065735,1.02485269221654,1.04844401214267
32.4,4,1.03728731490189,1.02551785000382,1.04919185331817
32.6,4,1.03794551280438,1.02613898695004,1.04988788190658
32.8,4,1.03855669912894,1.02671382868021,1.05053617393279
33,4,1.03912174795326,1.02723992321964,1.05114100675247
33.2,4,1.03964154167227,1.02771489541231,1.05170659683499
33.4,4,1.04011697059368,1.02813667228418,1.05223686858039
33.6,4,1.04054893253956,1.0285036757387,1.05273525661594
33.8,4,1.04093833245458,1.02881497729253,1.05320454687084
34,4,1.04128608202069,1.02907040910028,1.05364676218606
34.2,4,1.04159309927877,1.02927062676611,1.05406309696594
34.4,4,1.04186030825725,1.02941712208425,1.05445390273299
34.6,4,1.04208863860791,1.02951218723348,1.05481872306325
34.8,4,1.04227902524906,1.02955883524352,1.05515637308593
35,4,1.04243240801629,1.02956068399164,1.05546505628945
35.2,4,1.04254973132081,1.0295218120854,1.05574251027809
35.4,4,1.04263194381564,1.02944659462186,1.05598617348779
35.6,4,1.04267999806978,1.02933952519538,1.05619336648753
35.8,4,1.04269485025036,1.02920502806714,1.0563614839508
36,4,1.0426774598131,1.02904726157531,1.05648819621559
36.2,4,1.04262878920092,1.02886991106531,1.05657166215016
36.4,4,1.04254980355105,1.02867596717583,1.05661075748507
36.6,4,1.04244147041062,1.02846748349948,1.05660532458867
36.8,4,1.04230475946074,1.02824530676149,1.05655645053822
37,4,1.04214064224929,1.02800877322384,1.05646677977453
37.2,4,1.04195009574293,1.02775526690743,1.05634097627688
37.4,4,1.04173415762317,1.02747857994455,1.05618752190184
37.6,4,1.04149391355006,1.02716980543622,1.0560177744917
37.8,4,1.04123045122909,1.02681904767634,1.0558441188057
38,4,1.04094485888355,1.02641584242316,1.05567953499044
38.2,4,1.04063822501958,1.02594961380096,1.05553713438212
38.4,4,1.04031163820222,1.02541019377508,1.0554296330863
38.6,4,1.03996618684286,1.02478836993263,1.05536879760607
38.8,4,1.03960295899792,1.02407640669281,1.05536491739666
39,4,1.03922304217879,1.02326847536472,1.0554263689306
39.2,4,1.0388275231731,1.02236093570064,1.05555932862633
39.4,4,1.03841748787728,1.02135243571704,1.05576766786906
39.6,4,1.03799402114042,1.02024383021537,1.05605302969175
39.8,4,1.03755820661942,1.01903795015474,1.05641505496418
40,4,1.03711112664541,1.01773927498935,1.05685170597643
0,5,0.920701123389107,0.884805709198766,0.958052767739924
0.2,5,0.922837206881451,0.889262741307736,0.957679289646573
0.4,5,0.92492457595095,0.893585351854264,0.957362908224536
0.6,5,0.926957591361581,0.897754593901468,0.957110531118228
0.8,5,0.928930576450521,0.90175084380005,0.956929535245365
1,5,0.930837820518667,0.905554016725071,0.956827568654032
1.2,5,0.932673582565305,0.909143965939153,0.956812170794763
1.4,5,0.934432095368799,0.912501139401796,0.956890137614228
1.6,5,0.936107569914504,0.915607558034832,0.957066567178667
1.8,5,0.937694200170409,0.918448131019792,0.957343570460459
2,5,0.939186168210266,0.921012217762531,0.957718737651872
2.2,5,0.94057764968312,0.92329519134453,0.958183605175195
2.4,5,0.941862819627307,0.925299612325939,0.958722514501407
2.6,5,0.943035858626028,0.927035588128766,0.959312287513825
2.8,5,0.94409095930066,0.92852005426595,0.959922982102817
3,5,0.945022333136888,0.929775035435377,0.960519669910582
3.2,5,0.94582577095027,0.93082645530021,0.961066785220613
3.4,5,0.946506872107409,0.931707004841306,0.961541830523366
3.6,5,0.947075091568473,0.932447845241879,0.961931794519575
3.8,5,0.947539958724241,0.93307509798019,0.962229058864239
4,5,0.947911058120423,0.933610187275089,0.962430987101285
4.2,5,0.948198019411032,0.934070394324007,0.962539321959427
4.4,5,0.94841050827169,0.934469481740858,0.962559516148655
4.6,5,0.948558218284645,0.934818310241542,0.962500074739503
4.8,5,0.948650863804859,0.935125412452991,0.962371944354517
5,5,0.94869817381429,0.935397516057539,0.962187957043072
5.2,5,0.948709886769644,0.935640023365668,0.961962321809219
5.4,5,0.948695746447207,0.935857460441373,0.96171015071307
5.6,5,0.948665498787064,0.936053908759494,0.961447006595581
5.8,5,0.948628889737925,0.936233427703354,0.961188464134331
6,5,0.948595664103062,0.936400468148788,0.960949683989427
6.2,5,0.948575565387334,0.93656026722012,0.960745009950781
6.4,5,0.948578336645125,0.93671920402433,0.960587609271499
6.6,5,0.948613722329107,0.936885088505759,0.96048918403247
6.8,5,0.948691471140126,0.937067353375926,0.960459783570066
7,5,0.948821339879189,0.937277124116709,0.960507742956544
7.2,5,0.949013098303497,0.937527153749083,0.960639760832616
7.4,5,0.949276534989706,0.937831624130508,0.960861114827006
7.6,5,0.94962146420917,0.938205829056094,0.961175999294343
7.8,5,0.950057733821735,0.938665761786571,0.961587962765942
8,5,0.950594829489742,0.939227168386364,0.962100075751759
8.2,5,0.951234099529317,0.939896021947453,0.96270894969054
8.4,5,0.951969314084297,0.940668287170936,0.963406109590092
8.6,5,0.952793964642732,0.941538195632713,0.964184292544356
8.8,5,0.953701545907299,0.94249886683445,0.965037381658447
9,5,0.954685549807184,0.943542574433943,0.965960120620349
9.2,5,0.955739459963301,0.94466098485858,0.966947857455644
9.4,5,0.956856746605072,0.945845374161868,0.96799631159052
9.6,5,0.958030861938104,0.947086828030222,0.969101359307024
9.8,5,0.959255235962974,0.948376427910265,0.97025883461693
10,5,0.960523272746247,0.94970542382925,0.971464344983081
10.2,5,0.961828347145598,0.95106539205703,0.972713103745614
10.4,5,0.963163801991592,0.952448373717946,0.973999783154251
10.6,5,0.964522945729289,0.953846989186493,0.975318393185613
10.8,5,0.965899050523329,0.9552545228774,0.976662191550395
11,5,0.967285350830574,0.95666497396764,0.978023629370459
11.2,5,0.968675042444731,0.958073070508536,0.979394335086826
11.4,5,0.970061282017567,0.959474246891477,0.980765136655098
11.6,5,0.97143718706153,0.960864587147752,0.982126119568301
11.8,5,0.972795836438579,0.962240738502838,0.983466716307027
12,5,0.974130271340017,0.963599800512324,0.984775821909107
12.2,5,0.975433496761962,0.964939194743009,0.986041930713232
12.4,5,0.976698483480832,0.966256518301142,0.987253290990431
12.6,5,0.977918170532911,0.967549381639245,0.988398077045131
12.8,5,0.979085481572038,0.968815233249936,0.989464603079631
13,5,0.980195975871407,0.970052359663656,0.990445661559579
13.2,5,0.981251061152655,0.97126108683599,0.99134378805377
13.4,5,0.982252942111335,0.972441418764192,0.992163459586592
13.6,5,0.983203842094105,0.973592817334085,0.992909744091603
13.8,5,0.984106001876759,0.974714329067352,0.993588166346674
14,5,0.984961678490687,0.975804698455377,0.994204587896392
14.2,5,0.985773144098763,0.976862475145972,0.994765093705901
14.4,5,0.986542684921631,0.977886121332737,0.995275879205585
14.6,5,0.987272600215257,0.97887412468894,0.995743132392564
14.8,5,0.987965201300563,0.979825120873185,0.996172906968357
15,5,0.988622810645879,0.980738027772058,0.996570984353141
15.2,5,0.989247761002894,0.981612191045517,0.996942725015383
15.4,5,0.989842394596733,0.982447537179049,0.99729291291656
15.6,5,0.990409062370724,0.983244726395554,0.997625600720935
15.8,5,0.990950123286356,0.984005294104531,0.997943967095089
16,5,0.991467943678913,0.984731767080363,0.99825019990715
16.2,5,0.991964896669181,0.985427740367348,0.998545419329361
16.4,5,0.992443361631618,0.986097903734482,0.998829652021929
16.6,5,0.992905723719331,0.986748012223006,0.999101861855894
16.8,5,0.993354373446147,0.987384802765578,0.999360035196793
17,5,0.993791706326072,0.988015866066961,0.999601311559861
17.2,5,0.99422012257038,0.988649487923248,0.999822145460514
17.4,5,0.994642026842553,0.989294475594306,1.00001848384643
17.6,5,0.995059828071294,0.98995998238647,1.00018594595547
17.8,5,0.995475680395812,0.990654359771774,1.00032046544246
18,5,0.995890261478189,0.991380106695195,1.00042093462344
18.2,5,0.996303725045123,0.992136871945909,1.00048807841596
18.4,5,0.996716224465933,0.99292350735016,1.00052342880355
18.6,5,0.997127913369435,0.993738243155521,1.0005291458476
18.8,5,0.997538945642571,0.994578823250718,1.00050787812003
19,5,0.997949475429271,0.995442611022218,1.00046265297692
19.2,5,0.998359657129558,0.996326672826509,1.00039678969571
19.4,5,0.998769645398884,0.997227844622454,1.0003138299331
19.6,5,0.999179595147719,0.998142786118987,1.00021748114958
19.8,5,0.999589661541359,0.999068025863469,1.00011156957686
20,5,1,1,1
20.2,5,1.00041076619903,0.999886720124099,1.00093508692936
20.4,5,1.00082211606957,0.999775687626533,1.00186963977078
20.6,5,1.00123420579929,0.999670838186083,1.00280001833557
20.8,5,1.00164719183339,0.999576052844516,1.00372262225832
21,5,1.00206123087592,0.999495123000858,1.00463392698686
21.2,5,1.00247647989127,0.999431711160596,1.00553052450996
21.4,5,1.00289309610596,0.999389305249853,1.00640917101423
21.6,5,1.00331123701062,0.99937116383855,1.00726684412759
21.8,5,1.00373106036227,0.999380248971306,1.00810081305188
22,5,1.00415272418683,0.999419142454591,1.00890872573781
22.2,5,1.00457638678187,0.999489940380008,1.0096887183237
22.4,5,1.0050022067196,0.99959411940282,1.01043955332057
22.6,5,1.00543030414211,0.999732158362682,1.0111609274857
22.8,5,1.00586011433516,0.999900043305851,1.01185571136221
23,5,1.00629048414808,1.00009042737829,1.01252897814603
23.2,5,1.00672023943149,1.00029607107993,1.01318566550684
23.4,5,1.00714820403116,1.00051009305805,1.01383035705602
23.6,5,1.00757319980202,1.00072611499126,1.01446713316576
23.8,5,1.007994046636,1.00093840046128,1.01509942828187
24,5,1.00840956250361,1.00114197795049,1.01572990459403
24.2,5,1.00881856350944,1.00133273720674,1.01636035282358
24.4,5,1.00921986396146,1.00150748979974,1.01699162930679
24.6,5,1.00961227645432,1.00166398834243,1.01762363490181
24.8,5,1.00999461196649,1.00180090366288,1.01825533643621
25,5,1.01036567997151,1.00191776399582,1.01888482662789
25.2,5,1.01072428856312,1.00201486392841,1.01950941474697
25.4,5,1.0110692445945,1.00209315272566,1.02012573839504
25.6,5,1.01139935383151,1.0021541116902,1.0207298867492
25.8,5,1.01171342112002,1.00219962875963,1.02131752706911
26,5,1.01201025056727,1.0022318762256,1.02188402858452
26.2,5,1.01228864573735,1.00225319487335,1.02242458046568
26.4,5,1.01254740986067,1.00226598542534,1.02293430299389
26.6,5,1.01278534605756,1.00227260615106,1.02340835307069
26.8,5,1.01300125757585,1.00227527391488,1.02384202679373
27,5,1.01319394804251,1.0022759646945,1.0242308630666
27.2,5,1.01336222172921,1.00227630857458,1.0245707532371
27.4,5,1.01350489001071,1.00227746967885,1.02485807887586
27.6,5,1.0136216288254,1.00227953520861,1.02509207295029
27.8,5,1.01371385893249,1.00228105718522,1.02527707215952
28,5,1.01378321327756,1.00228013361561,1.0254183127584
28.2,5,1.01383132688014,1.00227468928275,1.02552121724144
28.4,5,1.01385983647745,1.00226261159585,1.02559125335963
28.6,5,1.01387038019444,1.00224187175473,1.02563380836994
28.8,5,1.01386459724011,1.00221063470347,1.02565407504481
29,5,1.01384412763025,1.00216735885123,1.02565694846476
29.2,5,1.01381061193661,1.00211088461527,1.02564693454046
29.4,5,1.01376569106261,1.00204050947955,1.02562807257108
29.6,5,1.01371100604552,1.00195604649964,1.0256038749083
29.8,5,1.01364819788521,1.0018578630507,1.02557728692891
30,5,1.01357890739941,1.00174689708641,1.02555067004751
30.2,5,1.0135047751056,1.00162464914167,1.02552580953563
30.4,5,1.01342744112935,1.00149314957465,1.02550394765074
30.6,5,1.01334854513928,1.00135490184852,1.02548584127392
30.8,5,1.01326972630854,1.00121280374293,1.02547184216494
31,5,1.01319262330279,1.00107004905309,1.02546199727603
31.2,5,1.01311887429469,1.0009300124689,1.02545616643104
31.4,5,1.01305011700488,1.00079611992379,1.02545415507981
31.6,5,1.0129879887695,1.000671705857,1.02545586068356
31.8,5,1.01293412663407,1.00055985770861,1.0254614324121
32,5,1.01289016747393,1.00046324677366,1.02547144502699
32.2,5,1.0128577481411,1.0003839435274,1.02548708883926
32.4,5,1.01283821887556,1.00032276430864,1.02551025950509
32.6,5,1.01283143903503,1.00027734646657,1.02554309314458
32.8,5,1.01283678524438,1.00024410281434,1.02558800462589
33,5,1.01285363431712,1.00021928127863,1.0256475792368
33.2,5,1.01288136343179,1.00019920080911,1.02572433127072
33.4,5,1.01291935006302,1.00018045750915,1.02582049272115
33.6,5,1.0129669719166,1.00016009926649,1.02593783429914
33.8,5,1.01302360686825,1.00013576501768,1.02607752263936
34,5,1.01308863290637,1.00010578436467,1.02624001797578
34.2,5,1.01316142807845,1.00006923420427,1.02642501562677
34.4,5,1.01324137044151,1.00002595106891,1.02663143259113
34.6,5,1.01332783801615,0.999976500506716,1.02685743792795
34.8,5,1.0134202087446,0.999922107416507,1.02710052300519
35,5,1.0135178604525,0.999864553216529,1.02735760573938
35.2,5,1.01362017081452,0.999806046671263,1.02762516200292
35.4,5,1.01372651732381,0.999749075008167,1.02789937756839
35.6,5,1.01383627726529,0.999696240754436,1.02817631516095
35.8,5,1.01394882769272,0.999650087810266,1.02845209310338
36,5,1.01406354540963,0.999612918008879,1.02872307430466
36.2,5,1.01417980695407,0.999586597135033,1.02898606662136
36.4,5,1.01429698858724,0.999572347371463,1.02923853762315
36.6,5,1.01441446628584,0.999570521673703,1.0294788482627
36.8,5,1.01453161573837,0.999580354927305,1.02970651059621
37,5,1.01464781234523,0.999599687332074,1.02992247411034
37.2,5,1.01476245518257,0.999624584379833,1.03012956717848
37.4,5,1.01487531642763,0.999648123108426,1.03033445878071
37.6,5,1.01498646338711,0.999661167704788,1.03054670336389
37.8,5,1.01509597146424,0.999653719519362,1.03077676915797
38,5,1.01520391610319,0.999615291622413,1.0310356393193
38.2,5,1.01531037278795,0.999535308274701,1.03133440565513
38.4,5,1.0154154170411,0.999403547342941,1.03168381972027
38.6,5,1.01551912442281,0.999210599668248,1.03209382727812
38.8,5,1.01562157052977,0.998948305163717,1.03257312635042
39,5,1.01572283099423,0.998610118685926,1.03312879581127
39.2,5,1.0158229814831,0.998191363205125,1.03376603700103
39.4,5,1.01592209769707,0.997689343594465,1.03448805504004
39.6,5,1.01602025536982,0.997103317191203,1.03529608368939
39.8,5,1.01611753026728,0.996434340114771,1.03618953477412
40,5,1.01621399818695,0.995685024561033,1.03716623694967
0,6,0.975710005838451,0.947011696890244,1.00527799035581
0.2,6,0.977639148122163,0.950911543500902,1.00511799491066
0.4,6,0.979522788818286,0.954695576134872,1.00499564237931
0.6,6,0.981355794352519,0.958347839408277,1.00491612283896
0.8,6,0.983133002222357,0.961851648064716,1.00488521489097
1,6,0.984849223718542,0.965189666215162,1.0049092187885
1.2,6,0.986499246915707,0.968344121078803,1.00499475649325
1.4,6,0.988077839933417,0.971297231703753,1.00514835819614
1.6,6,0.989579754468349,0.974031947033971,1.00537574094527
1.8,6,0.990999729597868,0.976533070292903,1.00568070241439
2,6,0.992332495854737,0.978788765390953,1.0060636341039
2.2,6,0.993572779572141,0.980792274069206,1.0065198252541
2.4,6,0.994715307497588,0.982543453315497,1.00703794792097
2.6,6,0.99575481167364,0.984049595826349,1.00759926041998
2.8,6,0.996686034582724,0.9853250864943,1.0081779761303
3,6,0.997503734552587,0.986389818715112,1.00874287382901
3.2,6,0.998203928069191,0.987267685833062,1.00926131414094
3.4,6,0.998790439673467,0.987987984285978,1.00971100686419
3.6,6,0.999270159457377,0.988578145018597,1.01007781389218
3.8,6,0.99965003355675,0.989060810089214,1.01035262887413
4,6,0.999937050295325,0.989454151911676,1.01053101108476
4.2,6,1.00013823339525,0.989772427361907,1.01061259967108
4.4,6,1.00026063566641,0.990026600897467,1.01060046099447
4.6,6,1.0003113331815,0.990224947254129,1.01050045857364
4.8,6,1.00029741994276,0.990373596306744,1.01032068309931
5,6,1.00022600304485,0.990477014442929,1.01007094821857
5.2,6,1.00010419833768,0.990538433318589,1.00976234125683
5.4,6,0.999939126591962,0.990560243425283,1.00940681147468
5.6,6,0.999737910169288,0.990544370058824,1.0090167782896
5.8,6,0.999507670198122,0.990492644871309,1.00860474629236
6,6,0.99925552425625,0.990407178061246,1.00818292200916
6.2,6,0.998988584559815,0.990290725219139,1.00776283839272
6.4,6,0.998713956658633,0.990147030561326,1.00735500530592
6.6,6,0.99843873863719,0.989981117710252,1.00696861483291
6.8,6,0.998170020820488,0.989799494096848,1.00661133533302
7,6,0.997914885983814,0.989610238532073,1.00628922468026
7.2,6,0.997680410065503,0.989422953866196,1.00600678075948
7.4,6,0.997473663381839,0.989248584485,1.00576712946055
7.6,6,0.997301712343443,0.98909911544713,1.00557233335867
7.8,6,0.997171621672788,0.988987180097342,1.00542379424136
8,6,0.997090198894535,0.988925290462837,1.00532251962759
8.2,6,0.997059034584897,0.988919211897969,1.00526585638821
8.4,6,0.997074875428245,0.988967611623345,1.00524860018255
8.6,6,0.997134290792593,0.989067673485149,1.00526669764764
8.8,6,0.997233855252579,0.989215587830296,1.00531711620433
9,6,0.997370147149752,0.989406791509828,1.00539759678377
9.2,6,0.997539747271405,0.989636180742623,1.00550643433386
9.4,6,0.997739237647459,0.989898303232236,1.00564227970778
9.6,6,0.997965200465107,0.990187535080426,1.00580395738719
9.8,6,0.998214217100955,0.990498246127626,1.00599029540743
10,6,0.998482867270562,0.990824954880313,1.00619996632329
10.2,6,0.998767728295333,0.991162471573834,1.00643134066634
10.4,6,0.9990653744868,0.991506025593185,1.00668235667181
10.6,6,0.999372376648396,0.991851371879611,1.00695041164806
10.8,6,0.999685301694886,0.992194870475104,1.0072322808384
11,6,1.00000071238964,0.992533534198466,1.00752406878359
11.2,6,1.00031516720002,0.992865041497565,1.00782119614275
11.4,6,1.00062522027101,0.993187714340546,1.0081184221124
11.6,6,1.00092742151759,0.993500463915398,1.00840989967687
11.8,6,1.00121831683578,0.99380270918609,1.00868925864415
12,6,1.00149444843289,0.994094274460482,1.0089497103142
12.2,6,1.00175235527705,0.994375271815201,1.00918416793616
12.4,6,1.00198857366616,0.994645972540269,1.00938537879305
12.6,6,1.00219963791651,0.994906668920122,1.00954606659755
12.8,6,1.00238208836089,0.995157525495956,1.00965909951391
13,6,1.00253389451841,0.99539872026338,1.00972021482237
13.2,6,1.00265617153951,0.995630599659136,1.00973131869436
13.4,6,1.0027504563093,0.995853036166617,1.00969564896749
13.6,6,1.00281828872817,0.996065450856822,1.00961690754623
13.8,6,1.00286121129277,0.996266918766028,1.00949915145361
14,6,1.00288076870024,0.996456261288379,1.00934669719308
14.2,6,1.00287850747608,0.99663213217173,1.00916403183372
14.4,6,1.00285597562563,0.996793102856953,1.00895572508026
14.6,6,1.00281472230923,0.996937752016295,1.00872633747317
14.8,6,1.00275629754117,0.997064763015178,1.00848032099513
15,6,1.00268225191257,0.997173031402829,1.00822190997895
15.2,6,1.00259413633801,0.997261782231058,1.00795500251755
15.4,6,1.00249350182622,0.997330693965364,1.00768303561175
15.6,6,1.0023818992746,0.99738002224293,1.00740886080092
15.8,6,1.0022608792878,0.997410713399278,1.00713463035425
16,6,1.00213199202023,0.997424495530323,1.00686170625524
16.2,6,1.0019967870425,0.997423934946047,1.00659060412242
16.4,6,1.00185681323189,0.997412448846428,1.00632098123502
16.6,6,1.00171361868669,0.99739427064383,1.00605167223857
16.8,6,1.00156875066456,0.997374371259353,1.00578076920217
17,6,1.00142375554467,0.997358345982953,1.00550573643702
17.2,6,1.00128017881389,0.997352280303475,1.00522354666951
17.4,6,1.00113956507669,0.997362608531165,1.00493082474589
17.6,6,1.00100345808894,0.997395976132116,1.00462398794888
17.8,6,1.00087328499,0.997458447592053,1.00429981321526
18,6,1.0007498105252,0.99755206056053,1.00395781118779
18.2,6,1.00063356455525,0.997676849702005,1.00359904192787
18.4,6,1.00052507656608,0.997832258310393,1.00322516184495
18.6,6,1.00042487598531,0.998017275133425,1.00283828489483
18.8,6,1.00033349222488,0.998230538624282,1.00244087607848
19,6,1.00025145472636,0.99847041754885,1.0020356688567
19.2,6,1.00017929300915,0.998735073823985,1.00162560060506
19.4,6,1.00011753672149,0.99902251214738,1.00121376154764
19.6,6,1.00006671569421,0.999330619931863,1.00080335365647
19.8,6,1.00002735999744,0.99965720026094,1.00039765679916
20,6,1,1,1
20.2,6,0.999985166431736,0.999613736088028,1.00035673478926
20.4,6,0.999983390448641,0.99924221827255,1.00072511237752
20.6,6,0.999995203700836,0.998888777335978,1.00110285560684
20.8,6,1.00002113840341,0.998556698179019,1.00148772631274
21,6,1.00006172741015,0.998249194400216,1.00187755145796
21.2,6,1.00011750429007,0.997969379436843,1.00227025297292
21.4,6,1.00018900340695,0.997720232526035,1.00266388304408
21.6,6,1.0002767600017,0.997504557344711,1.00305666699198
21.8,6,1.00038131027762,0.997324930629129,1.00344705643874
22,6,1.00050319148867,0.997183637332925,1.00383379620661
22.2,6,1.00064294203066,0.997082587938708,1.00421600933354
22.4,6,1.00080110153534,0.997023212409514,1.00459330572031
22.6,6,1.00097813335753,0.997006119404572,1.0049659715813
22.8,6,1.00117312896531,0.997027662470976,1.00533583158367
23,6,1.00138400274084,0.997080939386813,1.0057056366577
23.2,6,1.00160863000452,0.997159088486962,1.00607802634759
23.4,6,1.00184488479159,0.997255509349116,1.00645538056557
23.6,6,1.00209063958225,0.99736398423708,1.00683969524577
23.8,6,1.00234376507689,0.997478797549341,1.00723246033589
24,6,1.00260213001653,0.997594843661125,1.00763454973826
24.2,6,1.00286360104869,0.997707712470664,1.00804613389005
24.4,6,1.00312604263843,0.997813743379006,1.00846662425376
24.6,6,1.00338731702501,0.997910042059059,1.00889465536319
24.8,6,1.00364528422394,0.997994459275848,1.00932810516389
25,6,1.00389780207473,0.998065535895999,1.0097641495112
25.2,6,1.00414272633423,0.998122421857612,1.01019934305592
25.4,6,1.00437791081585,0.998164778570242,1.01062971704909
25.6,6,1.00460120757451,0.998192673957234,1.01105088485492
25.8,6,1.00481046713752,0.998206477639074,1.01145814767412
26,6,1.00500353878146,0.998206761301114,1.01184659543552
26.2,6,1.00517827085489,0.998194206737515,1.01221120036467
26.4,6,1.00533251114724,0.998169521834475,1.01254690296707
26.6,6,1.00546410730351,0.998133363019969,1.01284869189911
26.8,6,1.005570907285,0.998086261444464,1.01311168046194
27,6,1.005650759876,0.998028549240537,1.01333118337021
27.2,6,1.00570151523614,0.997960281475514,1.01350279818034
27.4,6,1.00572103443799,0.997881149980379,1.01362251319298
27.6,6,1.00570843007648,0.997790574327975,1.01368911708564
27.8,6,1.00566533887289,0.9976879297332,1.01370653454811
28,6,1.00559370357936,0.997572383895293,1.01367952140963
28.2,6,1.00549546893989,0.997442976467426,1.01361297027656
28.4,6,1.00537258115796,0.997298723839482,1.01351180221394
28.6,6,1.0052269874015,0.997138713190713,1.01338086951502
28.8,6,1.00506063534533,0.996962188565139,1.01322486680723
29,6,1.00487547275113,0.996768629613855,1.01304824985112
29.2,6,1.00467344708505,0.996557822006521,1.01285516303053
29.4,6,1.00445650517291,0.996329917340534,1.01264937770541
29.6,6,1.00422659289307,0.996085479720595,1.01243424425433
29.8,6,1.00398565490703,0.99582551608788,1.01221266072695
30,6,1.00373563442753,0.995551487835608,1.01198706056879
30.2,6,1.00347847302439,0.995265302157546,1.01175942097091
30.4,6,1.00321611046781,0.994969282750097,1.01153129222275
30.6,6,1.00295048460928,0.994666120681997,1.01130384725308
30.8,6,1.00268353129991,0.994358807211549,1.01107794957778
31,6,1.00241718434609,0.994050550879454,1.0108542373256
31.2,6,1.00215337550258,0.99374468124217,1.01063322097567
31.4,6,1.0018940345028,0.993444541150618,1.01041539290124
31.6,6,1.0016410891263,0.993153368628089,1.01020134766499
31.8,6,1.00139646530339,0.992874168328041,1.00999191308481
32,6,1.0011620872568,0.992609571464705,1.00978829317689
32.2,6,1.00093987768034,0.992361682249057,1.00959222494373
32.4,6,1.00073155984309,0.992131581798257,1.00940608407083
32.6,6,1.00053782606695,0.991917944443604,1.00923261545824
32.8,6,1.00035903503544,0.991718530317793,1.00907482151853
33,6,1.00019554565636,0.99153099839037,1.00893580853733
33.2,6,1.00004771728865,0.991353110642188,1.00881857949322
33.4,6,0.999915909798671,0.991182911546749,1.00872585172827
33.6,6,0.999800483617717,0.991018879951579,1.00865990271655
33.8,6,0.999701799800936,0.990860048515943,1.00862244877275
34,6,0.999620220087614,0.990706085779195,1.00861456162561
34.2,6,0.999556106962832,0.990557337410021,1.00863662630478
34.4,6,0.999509823720512,0.990414825837034,1.00868834113979
34.6,6,0.999481734527856,0.990280210596336,1.00876875753505
34.8,6,0.999472204491199,0.990155714554083,1.00887635436248
35,6,0.999481599723279,0.990044023009049,1.00900913996657
35.2,6,0.999510287411939,0.989948163203316,1.00916477425406
35.4,6,0.999558635890282,0.989871370983946,1.00934070412573
35.6,6,0.999627014708283,0.98981694956099,1.0095343073058
35.8,6,0.999715794705874,0.989788122924479,1.00974304200724
36,6,0.999825348087527,0.989787883929072,1.00996460242585
36.2,6,0.999956048498342,0.989818834647832,1.01019708246325
36.4,6,1.00010827110166,0.989883014549849,1.01043915212627
36.6,6,1.00028239265821,0.989981710534908,1.01069025257185
36.8,6,1.00047879160686,0.990115242079314,1.0109508165464
37,6,1.00069784814687,0.990282715112968,1.01122252060264
37.2,6,1.00093989921874,0.99048160894993,1.01150861640953
37.4,6,1.00120458069664,0.99070570921736,1.01181471256466
37.6,6,1.00149097368355,0.990945971048688,1.01214818937928
37.8,6,1.00179814448839,0.991192481727787,1.01251728680485
38,6,1.00212515958574,0.991434808589174,1.01293078150426
38.2,6,1.00247108542461,0.99166237215362,1.01339760923864
38.4,6,1.00283498824608,0.991864883608813,1.01392642311465
38.6,6,1.0032159339097,0.992032816679886,1.01452511764546
38.8,6,1.00361298772874,0.992157863153819,1.01520036936063
39,6,1.0040252143141,0.992233310755106,1.01595725526622
39.2,6,1.00445167742711,0.992254288393905,1.01679900413352
39.4,6,1.00489143984105,0.992217847308679,1.01772691209381
39.6,6,1.00534356321145,0.992122879643995,1.01874042099844
39.8,6,1.00580710795519,0.991969906502657,1.01983732750513
40,6,1.00628113313837,0.991760785539519,1.02101407282341
0,7,1.03431542528111,1.00869762651526,1.0605838368732
0.2,7,1.0358730840653,1.01216353383433,1.0601380215962
0.4,7,1.03739263465634,1.01552693442227,1.05972913367528
0.6,7,1.03886992086619,1.01877377070025,1.05936248411531
0.8,7,1.04030076870809,1.02188911193373,1.059044153359
1,7,1.04168098813943,1.02485708463454,1.05878107037538
1.2,7,1.04300637497129,1.02766088111981,1.0585810146294
1.4,7,1.04427271294496,1.03028293582006,1.05845245134865
1.6,7,1.04547577597597,1.03270541057797,1.05840405885046
1.8,7,1.04661133056558,1.03491117502061,1.05844376184887
2,7,1.04767513837958,1.03688545180949,1.05857710093548
2.2,7,1.04866295899403,1.03861812722667,1.05880493777106
2.4,7,1.04957055280713,1.04010634034969,1.05912088272579
2.6,7,1.0503936841161,1.0413564818201,1.05950931395037
2.8,7,1.05112812435792,1.0423845615471,1.05994502851842
3,7,1.051769655512,1.0432144312456,1.06039503971872
3.2,7,1.05231484601314,1.04387478349264,1.06082314914686
3.4,7,1.052765140267,1.04439655512679,1.06120078156219
3.6,7,1.05312389457642,1.04480664703829,1.06150735207484
3.8,7,1.05339449860397,1.04512608354412,1.06172832843883
4,7,1.05358036832042,1.04537050831755,1.0618547047943
4.2,7,1.05368494317396,1.04555098839997,1.06188217675596
4.4,7,1.05371168336276,1.04567486188958,1.06181027403565
4.6,7,1.05366406721316,1.04574650348444,1.06164157645944
4.8,7,1.05354558866572,1.04576796941967,1.06138105187228
5,7,1.05335975487101,1.04573952915997,1.0610355085967
5.2,7,1.05311008389691,1.04566011120561,1.0606131351101
5.4,7,1.05280010254882,1.04552769673629,1.06012309323488
5.6,7,1.05243334430417,1.04533969418135,1.05957513176679
5.8,7,1.05201334736221,1.04509332245558,1.05897919281297
6,7,1.05154365281008,1.04478602023664,1.05834499347026
6.2,7,1.05102780290582,1.04441588229331,1.0576815818383
6.4,7,1.05046933947888,1.04398210202911,1.05699688820375
6.6,7,1.04987180244858,1.04348537625234,1.05629731538287
6.8,7,1.04923872846079,1.04292821203113,1.05558742835999
7,7,1.04857364964285,1.04231507582359,1.05486980302625
7.2,7,1.04788009247689,1.04165234634905,1.05414507254556
7.4,7,1.04716157679134,1.04094806906832,1.0534121734714
7.6,7,1.04642161487049,1.04021154672831,1.05266875715058
7.8,7,1.04566371068178,1.0394528214047,1.05191171097036
8,7,1.04489129180548,1.03868196935507,1.05113773407354
8.2,7,1.044106414407,1.03790583280805,1.05034403906993
8.4,7,1.04330986449398,1.03712731979524,1.04952926470527
8.6,7,1.04250237822642,1.03634778942489,1.04869351746371
8.8,7,1.04168468992765,1.03556746824954,1.04783804677049
9,7,1.04085753201116,1.03478572971221,1.04696496176621
9.2,7,1.04002163491256,1.03400133463275,1.04607698738645
9.4,7,1.03917772702663,1.03321264380684,1.04517724867305
9.6,7,1.03832653464954,1.0324178123441,1.04426907368971
9.8,7,1.03746878192606,1.0316149723986,1.04335580838707
10,7,1.03660519080189,1.03080240710896,1.04244064059878
10.2,7,1.03573648098099,1.02997871437704,1.04152643453774
10.4,7,1.0348633698879,1.02914295519246,1.04061558108365
10.6,7,1.03398657263508,1.02829477834342,1.03970987201939
10.8,7,1.03310680199515,1.02743451234432,1.03881040738386
11,7,1.03222476837807,1.0265632167539,1.03791754376545
11.2,7,1.03134117981327,1.02568268862221,1.03703088779575
11.4,7,1.03045674193653,1.02479542472827,1.03614933417955
11.6,7,1.02957215798184,1.02390454518922,1.03527114267815
11.8,7,1.02868812877797,1.02301368757378,1.03439404491096
12,7,1.02780535274984,1.02212688196652,1.03351537052699
12.2,7,1.0269245259247,1.02124841635787,1.03263218336891
12.4,7,1.02604634194296,1.02038269872708,1.03174142126072
12.6,7,1.02517149207377,1.01953411792964,1.03084003730544
12.8,7,1.02430066500891,1.01870689502201,1.0299251506637
13,7,1.02343450216128,1.01790382264221,1.02899523207928
13.2,7,1.02257354401483,1.01712473285723,1.02805154485003
13.4,7,1.0217183161341,1.01636858107965,1.02709620993497
13.6,7,1.02086934237364,1.01563388687372,1.02613178593949
13.8,7,1.02002714490917,1.01491883598515,1.0251611650715
14,7,1.01919224427136,1.01422136636463,1.02418748532797
14.2,7,1.01836515938236,1.0135392460327,1.0232140510624
14.4,7,1.01754640759492,1.0128701496124,1.02224425510569
14.6,7,1.01673650473418,1.01221173946051,1.02128149650788
14.8,7,1.01593596514208,1.01156175624902,1.02032908904782
15,7,1.01514530172436,1.01091812220423,1.01939015730183
15.2,7,1.01436502600019,1.01027905763823,1.01846751963537
15.4,7,1.01359564815438,1.00964320772154,1.0175635611673
15.6,7,1.01283767709218,1.00900977188448,1.01668010431808
15.8,7,1.01209162049663,1.00837862367093,1.01581828911693
16,7,1.0113579848885,1.00775040579987,1.01497847851113
16.2,7,1.01063727568879,1.00712658529062,1.01416020382077
16.4,7,1.00992999728373,1.00650945776895,1.0133621612204
16.6,7,1.00923665309242,1.00590209796449,1.01258226223637
16.8,7,1.0085577456369,1.00530826272101,1.01181773193728
17,7,1.00789377661483,1.00473226053996,1.01106524079655
17.2,7,1.00724524697469,1.00417880535446,1.01032105252907
17.4,7,1.00661265699351,1.00365287116185,1.00958117127344
17.6,7,1.00599650635711,1.00315955926686,1.00884147636726
17.8,7,1.00539726692094,1.0027034664838,1.0080983043539
18,7,1.00481525415427,1.00228598476988,1.00735090615172
18.2,7,1.00425072830304,1.00190686344505,1.0066000764077
18.4,7,1.00370394979923,1.00156533195977,1.0058471341768
18.6,7,1.00317517937447,1.00126022844602,1.00509379272449
18.8,7,1.00266467810905,1.00099009553576,1.00434206213543
19,7,1.00217270748175,1.00075325280545,1.00359417549307
19.2,7,1.00169952942033,1.00054785207379,1.00285253240133
19.4,7,1.00124540635289,1.00037192021767,1.00211965518247
19.6,7,1.00081060125997,1.00022339298801,1.00139815426847
19.8,7,1.0003953777274,1.00010014244248,1.00069070016746
20,7,1,1,1
20.2,7,0.999624733036071,0.999328777018756,0.999920776702182
20.4,7,0.999269842562655,0.998679751793569,0.999860281999185
20.6,7,0.998935595131663,0.998055623890951,0.99981634223032
20.8,7,0.998622258176816,0.997459052918802,0.999786819928081
21,7,0.998330100071424,0.996892637749837,0.999769635131686
21.2,7,0.998059390187021,0.996358892575542,0.999762790058065
21.4,7,0.997810398952865,0.9958602181611,0.99976439875964
21.6,7,0.997583397916309,0.99539886624452,0.999772723825651
21.8,7,0.997378659804059,0.994976894412801,0.999786222794262
22,7,0.997196458584335,0.994596107948743,0.999803607782052
22.2,7,0.997037069529947,0.994257984028719,0.999823922950916
22.4,7,0.996900769282288,0.993963572244621,0.999846645839687
22.6,7,0.996787785239538,0.993713199810812,0.999871883549405
22.8,7,0.996697449882491,0.993503701485116,0.9999014650044
23,7,0.996628329156924,0.993329243074463,0.999938372300254
23.2,7,0.996578965950491,0.993183983423022,0.999985553484238
23.4,7,0.99654790467345,0.993062268494379,1.00004577539204
23.6,7,0.996533690980986,0.992958755112664,1.00012149764217
23.8,7,0.996534871516875,0.992868540820255,1.00021474074375
24,7,0.996549993678435,0.992787288125118,1.00032696004396
24.2,7,0.996577605402705,0.992711328725319,1.00045893992714
24.4,7,0.996616254973848,0.992637733997719,1.00061072197803
24.6,7,0.996664490851719,0.992564342335389,1.0007815765248
24.8,7,0.996720861521616,0.99248974073701,1.00097002015826
25,7,0.996783915365174,0.992413205321323,1.00117387455463
25.2,7,0.996852200552408,0.992334611001718,1.00139035636686
25.4,7,0.996924264954915,0.99225432309844,1.00161618540744
25.6,7,0.996998656080219,0.992173083121153,1.00184769889024
25.8,7,0.997073921027277,0.992091898227978,1.0020809622258
26,7,0.997148606463161,0.992011940213636,1.0023118705177
26.2,7,0.997221258620912,0.991934456349855,1.00253623843745
26.4,7,0.997290423318584,0.991860691585976,1.00274987897002
26.6,7,0.997354645999493,0.991791819664637,1.00294867347578
26.8,7,0.99741247179367,0.991728879476927,1.00312863674422
27,7,0.997462445600543,0.991672712209821,1.00328598148711
27.2,7,0.997503112192823,0.991623894250531,1.00341718730608
27.4,7,0.997533020176104,0.991582656934009,1.00351909080221
27.6,7,0.997551254026012,0.991548359735945,1.0035904902045
27.8,7,0.997557980017104,0.991519073712528,1.00363366664222
28,7,0.99755349500662,0.991492525302322,1.00365151527138
28.2,7,0.997538096231203,0.991466316165951,1.00364706012465
28.4,7,0.997512081273948,0.99143801766864,1.00362335774383
28.6,7,0.997475748032314,0.991405257522868,1.00358340886615
28.8,7,0.997429394686907,0.991365801498167,1.00353007525783
29,7,0.997373319671144,0.991317630792383,1.00346600110068
29.2,7,0.997307821641779,0.991259013744068,1.00339354025251
29.4,7,0.997233199450324,0.991188569083385,1.00331469218373
29.6,7,0.997149752115345,0.991105316990508,1.00323105032159
29.8,7,0.997057778795642,0.991008713987088,1.00314376677605
30,7,0.996957578764317,0.990898668185169,1.00305353692319
30.2,7,0.996849451383731,0.990775532575827,1.00296060616333
30.4,7,0.996733696081352,0.990640075616341,1.00286479959524
30.6,7,0.996610612326489,0.990493430015228,1.00276557370654
30.8,7,0.996480499607928,0.990337021944561,1.00266208785079
31,7,0.996343657412452,0.990172483637739,1.00255329255262
31.2,7,0.996200385204262,0.99000155232383,1.00243803168957
31.4,7,0.996050982405295,0.98982595774484,1.00231515630377
31.6,7,0.995895748376426,0.989647299275761,1.00218364902331
31.8,7,0.995734982399584,0.989466912178064,1.0020427595621
32,7,0.995568983660749,0.989285721067045,1.00189215321761
32.2,7,0.995398051233853,0.989104077607964,1.00173207535079
32.4,7,0.995222686280983,0.988921651896678,1.00156386847097
32.6,7,0.995044441067349,0.988737735979655,1.00139137373776
32.8,7,0.994865207414459,0.988551380907597,1.00121936000444
33,7,0.994686875967406,0.988361563206132,1.00105266944244
33.2,7,0.994511336018443,0.98816741121084,1.0008959881173
33.4,7,0.994340475542053,0.9879684083876,1.0007536404072
33.6,7,0.994176181265901,0.98776456663108,1.00062941391742
33.8,7,0.994020338777585,0.987556560240248,1.00052642419096
34,7,0.993874832667186,0.987345811834463,1.00044702795057
34.2,7,0.993741546705563,0.987134524907867,1.00039279017309
34.4,7,0.993622364058383,0.986925663084043,1.00036450493323
34.6,7,0.993519167535871,0.986722881843666,1.00036226424266
34.8,7,0.993433839878283,0.986530422915175,1.0003855646935
35,7,0.993368264077123,0.986352983556414,1.00043343967759
35.2,7,0.993324323732119,0.986195572392045,1.00050460551614
35.4,7,0.993303903444036,0.986063360842952,1.00059761246347
35.6,7,0.993308889243365,0.985961535401138,1.00071099533154
35.8,7,0.993341169055003,0.985895151943601,1.00084342254277
36,7,0.993402633199028,0.985868989531155,1.00099384616619
36.2,7,0.993495174927716,0.985887397954376,1.0011616586769
36.4,7,0.993620690998959,0.985954130678806,1.00134686478927
36.6,7,0.9937810822863,0.986072152746705,1.00155027880989
36.8,7,0.993978254425799,0.986243411696782,1.00177375945312
37,7,0.994214118500002,0.986468559154067,1.0020204944721
37.2,7,0.994490469003947,0.986746393421697,1.00229532079681
37.4,7,0.994807193909718,0.987070439285246,1.00260458997348
37.6,7,0.99516267271414,0.987430049422646,1.00295585063733
37.8,7,0.99555524589073,0.987813395257854,1.00335777220538
38,7,0.995983255507595,0.988207870812101,1.00381981822944
38.2,7,0.996445044615556,0.988600571506657,1.00435176304388
38.4,7,0.996938956664516,0.988978921689404,1.00496305989772
38.6,7,0.997463334947952,0.989331394731349,1.00566211672244
38.8,7,0.998016522075436,0.989648214485362,1.00645559074091
39,7,0.998596859473097,0.989921899597053,1.00734784042604
39.2,7,0.999202686911989,0.990147536288406,1.00834064918718
39.4,7,0.999832342064326,0.990322737574413,1.00943326282329
39.6,7,1.00048416008759,0.990447333733068,1.0106226959221
39.8,7,1.00115647323652,0.990522898829576,1.01190420240436
40,7,1.00184761050302,0.990552230656665,1.01327179285159
0,8,1.07439100766496,1.04505370526629,1.10455188239076
0.2,8,1.07556239327719,1.04835330130055,1.10347767341128
0.4,8,1.07670337951384,1.05154485977853,1.1024638242259
0.6,8,1.0778107504093,1.05461383490177,1.10151789712304
0.8,8,1.07888128015101,1.05754481329036,1.1006482203234
1,8,1.07991173411661,1.06032152329603,1.09986388832093
1.2,8,1.08089887000719,1.06292697519899,1.09917463235337
1.4,8,1.08183943907676,1.06534383514862,1.09859045814879
1.6,8,1.08273018745801,1.06755517066989,1.09812091313018
1.8,8,1.08356785758455,1.06954570987817,1.09777384093675
2,8,1.08434918970925,1.07130367626036,1.09755356140245
2.2,8,1.08507092351862,1.07282303921421,1.09745863579507
2.4,8,1.08572979984292,1.0741056735976,1.09747972405606
2.6,8,1.08632256246126,1.07516263243629,1.09759832988088
2.8,8,1.08684596000133,1.07601381130792,1.09778715510667
3,8,1.08729674793271,1.07668585203681,1.0980122157532
3.2,8,1.08767209011248,1.07720890463801,1.09823690698807
3.4,8,1.08797167351546,1.07761232855145,1.09843060533946
3.6,8,1.08819617437051,1.07792027787478,1.09857003177388
3.8,8,1.08834628729632,1.07815100105541,1.09863798290978
4,8,1.08842272267713,1.07831737687728,1.09862276973649
4.2,8,1.08842620616908,1.07842769487032,1.09851741745011
4.4,8,1.08835747820617,1.07848646980446,1.09831883248572
4.6,8,1.08821729350629,1.07849518724008,1.09802703980222
4.8,8,1.08800642057767,1.07845294727735,1.09764452330234
5,8,1.08772564122592,1.07835701213763,1.09717566377668
5.2,8,1.08737575006216,1.07820328097052,1.09662625099688
5.4,8,1.08695755401255,1.07798672109656,1.09600304076391
5.6,8,1.08647187182943,1.07770178371164,1.09531332889804
5.8,8,1.0859195336045,1.07734282575036,1.09456452048354
6,8,1.08530138028424,1.07690454830211,1.09376368398105
6.2,8,1.0846182631879,1.07638244580179,1.0929170959904
6.4,8,1.08387104352846,1.07577324090801,1.09202980175254
6.6,8,1.08306059193654,1.07507526205175,1.0911052344068
6.8,8,1.08218778798791,1.07428871091317,1.09014494574244
7,8,1.08125351973451,1.07341577181019,1.08914849645511
7.2,8,1.08025868323951,1.07246053553576,1.08811353336316
7.4,8,1.07920418211639,1.07142874044977,1.08703605076769
7.6,8,1.07809092707257,1.07032736199051,1.08591080477908
7.8,8,1.07691983545748,1.06916409705764,1.08473183414355
8,8,1.07569189773873,1.06794678744939,1.08349317818008
8.2,8,1.07440946138771,1.06668267907302,1.08219221457932
8.4,8,1.07307612630241,1.06537750648518,1.0808303778058
8.6,8,1.07169553056411,1.06403548468553,1.07941072150477
8.8,8,1.07027130105854,1.06265964356403,1.07793747961271
9,8,1.06880705197595,1.06125212250769,1.07641576410155
9.2,8,1.06730638343205,1.05981442714644,1.07485130126219
9.4,8,1.06577288020952,1.05834765770584,1.07325019705935
9.6,8,1.06421011061934,1.05685271705311,1.07161872347016
9.8,8,1.06262162548128,1.05533050374879,1.06996312049107
10,8,1.06101095722282,1.05378209194931,1.06828941196416
10.2,8,1.05938161909557,1.05220889639871,1.06660323697955
10.4,8,1.05773710450817,1.05061281759113,1.06490970176678
10.6,8,1.05608088647476,1.04899636011809,1.06321325905437
10.8,8,1.05441641717786,1.04736271679463,1.06151762229683
11,8,1.05274712764446,1.04571581263985,1.0598257206859
11.2,8,1.05107642753441,1.04406030593879,1.05813969771135
11.4,8,1.04940770503955,1.04240154768844,1.05646095196083
11.6,8,1.04774432689272,1.04074550467708,1.05479021490129
11.8,8,1.04608963848527,1.03909865424415,1.05312765758729
12,8,1.04444696409183,1.03746785976187,1.05147301724703
12.2,8,1.0428196072013,1.0358602349275,1.04982573565012
12.4,8,1.0412108509528,1.03428300233793,1.04818510377844
12.6,8,1.03962395867546,1.03274334799877,1.04655041114176
12.8,8,1.03806216984022,1.03124825823637,1.0449211039602
13,8,1.03652777446239,1.02980225735483,1.04329721512911
13.2,8,1.03502100567586,1.02840468141799,1.04167989658816
13.4,8,1.03354182501949,1.02705367084982,1.04007096647709
13.6,8,1.03209019579312,1.02574691122555,1.03847270763857
13.8,8,1.03066608306353,1.02448174337498,1.03688775485451
14,8,1.02926945367051,1.02325525724914,1.03531899861156
14.2,8,1.02790027623323,1.02206437741397,1.03376949752785
14.4,8,1.02655852115673,1.0209059469892,1.03224239261939
14.6,8,1.02524416063858,1.01977681589072,1.03074081754389
14.8,8,1.02395716867582,1.01867393807969,1.02926780011582
15,8,1.02269752107199,1.0175944808334,1.02782615207406
15.2,8,1.02146519544446,1.01653594652198,1.02641834661558
15.4,8,1.02026017123189,1.01549630385486,1.02504638672806
15.6,8,1.01908242970191,1.01447412127649,1.02371167163968
15.8,8,1.01793195395904,1.01346869090774,1.02241487298712
16,8,1.01680872895277,1.01248012844951,1.02115583528325
16.2,8,1.01571274148592,1.01150943427067,1.0199335154602
16.4,8,1.01464398022314,1.01055850445634,1.01874597271032
16.6,8,1.0136024356997,1.00963008761331,1.01759041282638
16.8,8,1.01258810033044,1.00872769195068,1.01646328252178
17,8,1.011600968419,1.00785545491516,1.01536040145002
17.2,8,1.01064103616724,1.00701799208325,1.01427711522036
17.4,8,1.00970830168495,1.00622024201376,1.01320845270529
17.6,8,1.00880276499968,1.00546731976651,1.0121492749335
17.8,8,1.00792440315074,1.00476381973151,1.01109492849597
18,8,1.00707305294972,1.00411084189341,1.01004400277667
18.2,8,1.00624850329879,1.00350767613598,1.00899681633711
18.4,8,1.00545054565886,1.00295302654169,1.0079542840122
18.6,8,1.00467897406262,1.00244515326415,1.00691777264501
18.8,8,1.00393358506858,1.00198197942979,1.00588899193798
19,8,1.00321417771579,1.0015611727046,1.0048699108934
19.2,8,1.00252055347915,1.00118020803131,1.00386269333513
19.4,8,1.00185251622543,1.00083641650418,1.00286964754249
19.6,8,1.00120987216986,1.00052702414774,1.0018931862278
19.8,8,1.0005924298333,1.00024918346853,1.00093579398678
20,8,1,1,1
20.2,8,0.999432395676038,0.999088354215577,0.999776555609029
20.4,8,0.998889432048182,0.998203405538228,0.999575930037566
20.6,8,0.998370926443409,0.997347680717523,0.999395221985559
20.8,8,0.99787669828893,0.99652366268476,0.999231570984797
21,8,0.997406569072759,0.995733767040254,0.99908218136111
21.2,8,0.996960362304806,0.994980315237366,0.998944349738029
21.4,8,0.996537903478485,0.994265502732626,0.998815497812109
21.6,8,0.996139020032828,0.993591359949333,0.998693212552254
21.8,8,0.995763541315085,0.992959703302135,0.998575296575407
22,8,0.995411298543823,0.992372072712675,0.998459832268558
22.2,8,0.995082124772488,0.991829650975416,0.998345264298086
22.4,8,0.994775854853443,0.99133315899957,0.998230506480846
22.6,8,0.994492307041986,0.990882575592042,0.99811518854771
22.8,8,0.994230976613678,0.990474710362624,0.998001488090785
23,8,0.993991082584309,0.990104022844444,0.997893402572667
23.2,8,0.993771837120308,0.989765013015518,0.997794881882725
23.4,8,0.993572454389229,0.989452410201187,0.997709654292833
23.6,8,0.993392150400957,0.989161297409385,0.997641099649512
23.8,8,0.993230142855235,0.988887238246872,0.997592120235202
24,8,0.993085650995467,0.988626395745496,0.997565019968346
24.2,8,0.992957895468758,0.98837563042015,0.997561404619639
24.4,8,0.992846098192173,0.988132565788635,0.997582114813404
24.6,8,0.992749482225154,0.987895613406904,0.997627199759993
24.8,8,0.992667271648108,0.98766395526971,0.997695933868733
25,8,0.992598691447109,0.987437487558766,0.997786872258965
25.2,8,0.992542967404698,0.987216734506825,0.997897936400623
25.4,8,0.992499325996779,0.987002743526748,0.998026518735168
25.6,8,0.992466994295572,0.986796972593987,0.998169595288531
25.8,8,0.99244519987862,0.986601178795208,0.998323837363428
26,8,0.99243317074383,0.986417313922595,0.998485716431717
26.2,8,0.992430135230546,0.986247429871583,0.998651599469278
26.4,8,0.992435321946635,0.986093593939699,0.998817834636039
26.6,8,0.992447959701579,0.98595781212883,0.998980829199139
26.8,8,0.992467277445582,0.985841957170437,0.999137122980004
27,8,0.992492504214659,0.985747697036652,0.999283461562741
27.2,8,0.992522869081729,0.985676418945252,0.999416874256118
27.4,8,0.992557600991888,0.985629135494244,0.999534770035748
27.6,8,0.992595911827981,0.985605342415877,0.99963606301344
27.8,8,0.992636979037828,0.985601979916928,0.999722192356385
28,8,0.992679975825408,0.985615472329991,0.999795114899343
28.2,8,0.992724075266553,0.985642107026895,0.999856928379929
28.4,8,0.992768450296313,0.985678137870446,0.999909765710239
28.6,8,0.992812273703216,0.985719879433115,0.999955698755522
28.8,8,0.99285471813042,0.985763795002098,0.999996648600529
29,8,0.992894956083755,0.985806579020826,1.00003430165355
29.2,8,0.992932159946663,0.985845232690871,1.00007003286438
29.4,8,0.992965502002037,0.985877130002945,1.00010483878778
29.6,8,0.992994154460953,0.985900070583611,1.00013928410608
29.8,8,0.993017289498314,0.98591231553994,1.00017346542887
30,8,0.993034079295377,0.985912602990251,1.00020699568212
30.2,8,0.993043696089191,0.98590014109093,1.00023901127683
30.4,8,0.993045312228929,0.985874577874666,1.00026820274213
30.6,8,0.99303810023911,0.985835948775497,1.00029286794761
30.8,8,0.993021232889709,0.985784603987873,1.00031098576777
31,8,0.992993883273161,0.98572111852426,1.00032030732397
31.2,8,0.992955224888219,0.985646187871709,1.00031846190344
31.4,8,0.992904431730697,0.9855605115303,1.00030307527205
31.6,8,0.992840678391056,0.985464665600872,1.00027189921313
31.8,8,0.992763140158826,0.985358964211454,1.00022295250212
32,8,0.992670993133862,0.985243308210434,1.00015467488859
32.2,8,0.992563414344388,0.985117018529134,1.00006609668154
32.4,8,0.992440021958228,0.984978950565226,0.99995760987506
32.6,8,0.992302723338838,0.984828746012109,0.999833421529277
32.8,8,0.99215416681403,0.984666173180935,0.999699103653031
33,8,0.991996999961077,0.984490915087711,0.999560313712092
33.2,8,0.991833868959691,0.984302796560773,0.999422562907259
33.4,8,0.991667418397766,0.984101986243268,0.999291010950764
33.6,8,0.991500291147671,0.983889167737576,0.999170292327196
33.8,8,0.991335128313,0.983665672344213,0.999064381585394
34,8,0.991174569245723,0.983433566179273,0.998976504875932
34.2,8,0.991021251633626,0.983195687117054,0.998909102285914
34.4,8,0.990877811657997,0.982955631293011,0.998863841234217
34.6,8,0.990746884221459,0.982717693620002,0.998841676472437
34.8,8,0.990631103245913,0.982486770632716,0.998842948375
35,8,0.990533102040557,0.982268236048111,0.998867509129178
35.2,8,0.99045551373996,0.982067799395965,0.998914866469777
35.4,8,0.990400971812226,0.981891356213686,0.99898433646373
35.6,8,0.990372110637285,0.98174483525606,0.999075199893797
35.8,8,0.990371566155434,0.981634044651371,0.999186860310569
36,8,0.990401976586239,0.981564515493613,0.999319005264421
36.2,8,0.990465983218015,0.98154133831485,0.999471775275701
36.4,8,0.990566231268123,0.981568985359615,0.999645947624603
36.6,8,0.990705370814393,0.981651109646227,0.999843143980352
36.8,8,0.990886057798061,0.981790310617593,1.00006607207291
37,8,0.991110955098656,0.981987856252036,1.00031881154389
37.2,8,0.991382575972777,0.982243099668125,1.00060709235269
37.4,8,0.991700984690011,0.982549573810721,1.00093763129004
37.6,8,0.992064308060663,0.982896256399598,1.00131787553351
37.8,8,0.992470623285983,0.983271015861897,1.00175630339541
38,8,0.992918010101615,0.983661037058205,1.00226209806236
38.2,8,0.993404549953248,0.984053279226415,1.00284468402321
38.4,8,0.993928325210414,0.9844350470176,1.00351315066287
38.6,8,0.994487418418221,0.984794627248492,1.00427561039342
38.8,8,0.995079911586861,0.985121905029403,1.00513857766076
39,8,0.995703885518759,0.985408854014501,1.00610647407737
39.2,8,0.99635741917326,0.985649811453303,1.00718134900047
39.4,8,0.997038589068823,0.985841498097594,1.00836285550026
39.6,8,0.997745468722674,0.985982805683877,1.00964845899737
39.8,8,0.998476128127952,0.986074423698826,1.01103380686191
40,8,0.999228633268362,0.986118395606261,1.01251316879604
0,9,1.09436264392226,1.0634194203121,1.12620624895212
0.2,9,1.09517233069143,1.06643579098727,1.12468321491887
0.4,9,1.09595862116374,1.06934487142631,1.12323473128088
0.6,9,1.09671910405558,1.07213255944125,1.1218694765014
0.8,9,1.09745136325423,1.07478395995474,1.12059682650947
1,9,1.09815297840629,1.07728344618879,1.11942680289852
1.2,9,1.09882152555917,1.0796148718276,1.11836987108954
1.4,9,1.09945457785558,1.08176203329044,1.11743648932726
1.6,9,1.10004970628118,1.08370950281147,1.11663628781508
1.8,9,1.10060448046525,1.08544393673033,1.11597677358543
2,9,1.10111646953428,1.08695586444809,1.11546155564952
2.2,9,1.1015832430185,1.08824174876491,1.11508829970583
2.4,9,1.10200237181106,1.08930582018146,1.11484690981905
2.6,9,1.10237142917958,1.0901609979273,1.11471862429668
2.8,9,1.10268799182991,1.09082834607811,1.11467657738957
3,9,1.10294964102167,1.09133502103503,1.1146878705277
3.2,9,1.10315412163657,1.09171105175038,1.11471713520953
3.4,9,1.10330017823195,1.0919841321565,1.11473349057071
3.6,9,1.10338694866515,1.09217632870914,1.11471263978367
3.8,9,1.10341358084026,1.09230399561404,1.11463615922992
4,9,1.10337923232276,1.09237828337333,1.11449096787388
4.2,9,1.10328307080066,1.09240586890173,1.11426857816051
4.4,9,1.10312427454927,1.0923897240988,1.11396430985633
4.6,9,1.10290203289916,1.0923298296352,1.11357656009387
4.8,9,1.10261554670713,1.09222380195804,1.11310616163166
5,9,1.10226402882999,1.09206743632531,1.11255582653469
5.2,9,1.10184670460066,1.09185518537222,1.11192965578623
5.4,9,1.10136281230642,1.09158059836816,1.11123268968398
5.6,9,1.1008116036689,1.09123674512311,1.11047047507128
5.8,9,1.10019234432566,1.09081664221642,1.10964863173828
6,9,1.09950431431276,1.0903136883565,1.10877241118989
6.2,9,1.0987468085482,1.08972210085052,1.10784625580469
6.4,9,1.09791913731582,1.08903732839699,1.10687338317288
6.6,9,1.09702062674924,1.08825640086422,1.1058554349486
6.8,9,1.09605061931557,1.08737816996617,1.10479223630121
7,9,1.09500847429843,1.0864034003597,1.10368170643462
7.2,9,1.09389356828001,1.08533468902988,1.10251994229904
7.4,9,1.09270529562167,1.08417621645771,1.10130147198834
7.6,9,1.09144306894275,1.08293335656475,1.10001965081398
7.8,9,1.0901063195972,1.08161218499313,1.09866716047889
8,9,1.08869463002708,1.08021898948684,1.09723677234452
8.2,9,1.0872102645966,1.07876081509088,1.09572589484967
8.4,9,1.0856579623674,1.07724446518111,1.09413717066866
8.6,9,1.08404254393192,1.07567529386486,1.09247487950766
8.8,9,1.08236881446414,1.07405748542923,1.09074445866958
9,9,1.08064156110614,1.07239434444216,1.08895220274345
9.2,9,1.07886555056353,1.07068855033843,1.0871049996984
9.4,9,1.07704552690924,1.06894238472339,1.08521009514968
9.6,9,1.0751862095944,1.06715793839124,1.08327487779804
9.8,9,1.07329229166526,1.06533730254407,1.08130668155254
10,9,1.07136843818441,1.06348274557807,1.07931260296451
10.2,9,1.0694192848549,1.0615968736103,1.0772993357923
10.4,9,1.0674494368451,1.05968277019387,1.07527302724046
10.6,9,1.06546346781249,1.05774410896559,1.07323916211945
10.8,9,1.06346591912406,1.05578523273999,1.07120248140172
11,9,1.06146129927121,1.05381119398369,1.06916694022892
11.2,9,1.05945408347672,1.0518277544377,1.06713570759079
11.4,9,1.05744871349137,1.04984134525152,1.0651112063001
11.6,9,1.0554495975779,1.04785899245149,1.0630951884291
11.8,9,1.05346111067971,1.04588821502188,1.06108883891699
12,9,1.05148759477204,1.04393690376123,1.05909289917426
12.2,9,1.04953335939302,1.0420131882359,1.05710780335096
12.4,9,1.04760268235242,1.04012529678865,1.05513382230045
12.6,9,1.04569981061574,1.03828141103178,1.0531712137995
12.8,9,1.04382895535937,1.03648949989603,1.051220382026
13,9,1.04199310825026,1.03475477423796,1.04928207597847
13.2,9,1.04019262718607,1.03307662702434,1.04735764351657
13.4,9,1.03842752250462,1.0314531711428,1.04544903216531
13.6,9,1.03669780688116,1.02988206458404,1.04355865564693
13.8,9,1.03500349536331,1.02836062242469,1.04168927908625
14,9,1.03334460540626,1.02688591291967,1.03984392042755
14.2,9,1.03172115690843,1.02545484533502,1.03802576042702
14.4,9,1.03013317224737,1.02406425612252,1.03623805461428
14.6,9,1.02858067631613,1.02271099906511,1.03448404158954
14.8,9,1.02706369655999,1.02139204384773,1.03276684319732
15,9,1.02558226301354,1.02010458583093,1.03108935379525
15.2,9,1.02413640833824,1.01884616735159,1.02945411828988
15.4,9,1.02272616786038,1.01761480753316,1.02786320195354
15.6,9,1.02135157960945,1.01640913357861,1.02631805904571
15.8,9,1.02001268435707,1.01522850254627,1.02481941123583
16,9,1.0187095256562,1.01407309984309,1.02336714959035
16.2,9,1.01744214988105,1.01294400044056,1.02196027411619
16.4,9,1.01621060626733,1.01184318200597,1.02059688166593
16.6,9,1.01501494695308,1.01077348554047,1.01927420661145
16.8,9,1.01385522701999,1.00973852719981,1.0179887106084
17,9,1.01273150453535,1.00874257236776,1.01673621038027
17.2,9,1.01164384059443,1.0077903875329,1.01551202797045
17.4,9,1.01059229936354,1.00688708593913,1.0143111474911
17.6,9,1.00957694812363,1.00603797952686,1.01312836585152
17.8,9,1.00859775644341,1.00524778873497,1.01195888785078
18,9,1.00765412163816,1.00451723503887,1.01080080404502
18.2,9,1.00674524267764,1.00384503538924,1.00965382895087
18.4,9,1.00587032447395,1.00322930548751,1.00851829598984
18.6,9,1.00502857786738,1.00266770409157,1.0073950105387
18.8,9,1.00421921937779,1.00215754214914,1.00628513796853
19,9,1.00344147096259,1.00169586642026,1.00519011748136
19.2,9,1.00269455978123,1.00127952402243,1.00411159530747
19.4,9,1.00197771796608,1.00090521285779,1.00305137230128
19.6,9,1.00129018239963,1.00056952171371,1.00201136214176
19.8,9,1.00063119449792,1.00026896294492,1.00099355722734
20,9,1,1,1
20.2,9,0.999395848763526,0.999032757886831,0.999759071602845
20.4,9,0.998817994566237,0.998093900346014,0.9995426141002
20.6,9,0.998265694913326,0.997185476676733,0.999347083314814
20.8,9,0.997738210850601,0.996309493314678,0.999168977181413
21,9,0.997234806783372,0.995467889293607,0.999004860484207
21.2,9,0.996754750300998,0.994662508405972,0.998851393162293
21.4,9,0.996297312007037,0.993895066329703,0.99870536391532
21.6,9,0.995861765354918,0.993167110582608,0.998563731247647
21.8,9,0.99544738648911,0.992479970590673,0.998423674664445
22,9,0.995053454091714,0.991834694377037,0.998282659512877
22.2,9,0.99467924923443,0.991231967364153,0.998138519975812
22.4,9,0.994324055235865,0.990672007529997,0.997989565977272
22.6,9,0.993987170733682,0.990154314078334,0.997834864258326
22.8,9,0.993668129939512,0.989675714794567,0.997676650742554
23,9,0.993366668803646,0.989231125642317,0.997519500864199
23.2,9,0.993082530996584,0.988815532837771,0.997367942370686
23.4,9,0.992815461378689,0.988424167134637,0.997226264924292
23.6,9,0.992565205957294,0.988052624937066,0.997098396595826
23.8,9,0.992331511844536,0.98769699003923,0.996987779987615
24,9,0.992114127215899,0.987353946216941,0.996897257759171
24.2,9,0.991912801269475,0.987020869251838,0.996828978973917
24.4,9,0.991727284185924,0.986695887929725,0.996784336724466
24.6,9,0.991557327089122,0.986377907030981,0.996763944017699
24.8,9,0.991402682007504,0.986066590473222,0.996767649758806
25,9,0.991263101836081,0.985762308176804,0.996794591263121
25.2,9,0.991138340299128,0.985466054482986,0.996843275465528
25.4,9,0.991028151913542,0.985179348154421,0.996911678797418
25.6,9,0.990932291952855,0.984904123979209,0.99699735570979
25.8,9,0.990850516411906,0.98464262427602,0.997097547544847
26,9,0.990782581972151,0.984397295953742,0.997209286102641
26.2,9,0.990728245967621,0.984170695966073,0.997329489062449
26.4,9,0.990687266351519,0.98396540552252,0.997455046897564
26.6,9,0.990659401663443,0.983783951485433,0.997582902854157
26.8,9,0.990644410997233,0.983628731983828,0.99771012896377
27,9,0.990642053969449,0.983501942265359,0.997834002068522
27.2,9,0.990652090688457,0.983405495997959,0.997952084647946
27.4,9,0.990674279422013,0.983340926649502,0.998062321327692
27.6,9,0.990708057228658,0.983307940964612,0.998163864816286
27.8,9,0.990752212184251,0.983303070300032,0.998257786023671
28,9,0.990805454338286,0.983322253174446,0.998345603567197
28.2,9,0.990866493738102,0.983361290763904,0.998428977868487
28.4,9,0.990934040318911,0.983415952504042,0.998509602943141
28.6,9,0.991006803810628,0.983482071869669,0.998589108321951
28.8,9,0.991083493661507,0.983555635285578,0.998668968149524
29,9,0.991162818978578,0.983632864801151,0.998750416827687
29.2,9,0.991243488484905,0.983710293299186,0.998834372433356
29.4,9,0.991324210493653,0.983784829630184,0.998921370519896
29.6,9,0.99140369289899,0.983853810253974,0.999011511720457
29.8,9,0.991480643183821,0.983915033815103,0.999104426727292
30,9,0.991553768444377,0.983966775590647,0.999199261708884
30.2,9,0.991621775431651,0.984007779827198,0.999294686148619
30.4,9,0.991683370609701,0.984037229403566,0.999388923668964
30.6,9,0.991737260230823,0.984054693711437,0.99947980494929
30.8,9,0.991782150427593,0.984060056825339,0.999564840666392
31,9,0.991816747321784,0.984053428695291,0.999641311724511
31.2,9,0.99183975715015,0.98403504212769,0.99970637400941
31.4,9,0.991849886407079,0.984005137748891,0.999757175471967
31.6,9,0.991845842004078,0.983963838113499,0.999790984378943
31.8,9,0.991826331446109,0.983911010841124,0.999805328846647
32,9,0.991790063024717,0.983846119397596,0.999798149040681
32.2,9,0.991735746027941,0.983768059172408,0.99976796438888
32.4,9,0.991662586182614,0.983675328144557,0.999714699248688
32.6,9,0.991572365524905,0.983567498684904,0.999642380809941
32.8,9,0.991467700711887,0.983444361517831,0.999556497571208
33,9,0.991351208441765,0.983305618473999,0.99946262892724
33.2,9,0.991225504677466,0.983151103713338,0.999366218897697
33.4,9,0.991093204369256,0.982980979507206,0.999272376805658
33.6,9,0.99095692124636,0.982795901640533,0.999185708982779
33.8,9,0.990819267677519,0.98259714793403,0.99911018800039
34,9,0.990682854600441,0.982386703593904,0.999049065718003
34.2,9,0.990550291520085,0.982167299325123,0.999004834211779
34.4,9,0.990424186575706,0.981942401809604,0.998979234979966
34.6,9,0.990307146676603,0.981716160259063,0.998973312713889
34.8,9,0.990201777706511,0.981493316215658,0.998987506459693
35,9,0.990110684796597,0.981279085766517,0.999021769003279
35.2,9,0.990036472667027,0.981079023526014,0.999075705123339
35.4,9,0.989981746037119,0.980898876291235,0.999148720806278
35.6,9,0.989949110104083,0.98074443169442,0.999240178098929
35.8,9,0.989941171090423,0.980621364061958,0.999349553389865
36,9,0.989960536860094,0.980535076550329,0.999476600050037
36.2,9,0.990009817603544,0.980490535795817,0.999621519197925
36.4,9,0.990091626591837,0.980492092961656,0.999785144708562
36.6,9,0.990208581000092,0.98054328331063,0.999969150342541
36.8,9,0.990363302800538,0.980646595479726,1.00017628782383
37,9,0.990558419725543,0.980803201967767,1.00041066436222
37.2,9,0.990796415042311,0.981012400601361,1.00067800922692
37.4,9,0.99107742227187,0.981267875225008,1.00098503348214
37.6,9,0.991399716185809,0.981558947868138,1.00133914462093
37.8,9,0.991761523672489,0.981873917225878,1.00174869968656
38,9,0.992161073846452,0.982200479042712,1.00222268005363
38.2,9,0.992596597350315,0.98252616227656,1.00277024968837
38.4,9,0.993066325689051,0.982838856236829,1.00340022269115
38.6,9,0.99356849059651,0.983127386397788,1.0041204824161
38.8,9,0.994101323434027,0.983382066216745,1.00493742483552
39,9,0.994663054621025,0.983595138389658,1.0058555127141
39.2,9,0.995251913097532,0.983761032056792,1.00687701407867
39.4,9,0.995866125818576,0.983876401232649,1.00800195970793
39.6,9,0.996503917280426,0.983939959461826,1.00922830464003
39.8,9,0.997163509078697,0.98395216636794,1.01055223803056
40,9,0.997843119498336,0.983914839844602,1.01196856761245
0,10,1.09665014046407,1.0681505487371,1.1259101369201
0.2,10,1.09713687444323,1.07070401796931,1.12422228838368
0.4,10,1.09760617761944,1.07316219045267,1.12260693850963
0.6,10,1.09805629229126,1.07551272518944,1.12107238975535
0.8,10,1.0984854588606,1.07774252718579,1.11962762245177
1,10,1.09889191615219,1.07983776784954,1.11828228215193
1.2,10,1.09927390176102,1.08178402983211,1.11704654327392
1.4,10,1.09962965242798,1.08356666902393,1.11593075633094
1.6,10,1.09995740444354,1.08517151511868,1.11494475733436
1.8,10,1.10025539407952,1.08658603196914,1.1140967181469
2,10,1.10052185804885,1.08780098368161,1.11339149183724
2.2,10,1.10075503399324,1.08881245586735,1.11282860361498
2.4,10,1.10095316099879,1.08962378137897,1.11240033801324
2.6,10,1.10111448013922,1.09024667355751,1.11209061928709
2.8,10,1.10123723504679,1.09070093438894,1.11187531762125
3,10,1.10131967251062,1.09101259157345,1.11172412713373
3.2,10,1.10136008475445,1.09121067194373,1.11160389783365
3.4,10,1.10135703024963,1.0913215718207,1.11148477167605
3.6,10,1.10130917399539,1.09136613300402,1.11134280242681
3.8,10,1.10121518680568,1.09135972081606,1.11115965205742
4,10,1.10107374563679,1.09131268927438,1.11092210806852
4.2,10,1.10088353415205,1.0912310828804,1.11062136588712
4.4,10,1.100643243301,1.0911173829646,1.11025226793903
4.6,10,1.1003515719128,1.09097120009868,1.10981259789576
4.8,10,1.10000722730352,1.09078987840439,1.10930246427477
5,10,1.09960892589699,1.09056901396175,1.10872377119889
5.2,10,1.09915539385901,1.09030290688318,1.10807975675589
5.4,10,1.09864536774432,1.08998497265716,1.10737457336093
5.6,10,1.09807759515614,1.08960813760087,1.1066128852881
5.8,10,1.09745083541782,1.08916523755132,1.10579946424568
6,10,1.09676386025614,1.08864942864039,1.10493877415271
6.2,10,1.09601545449591,1.0880546044554,1.10403455081663
6.4,10,1.09520441676524,1.08737579678758,1.10308939930949
6.6,10,1.09432956021121,1.08660952155231,1.10210444745712
6.8,10,1.09338971322523,1.08575402320827,1.10107910211024
7,10,1.09238372017769,1.08480937535735,1.10001095051023
7.2,10,1.09131044216129,1.08377741320955,1.09889583105752
7.4,10,1.09016875774248,1.08266149995525,1.09772807143035
7.6,10,1.0889575637204,1.08146615386133,1.09650086722541
7.8,10,1.08767577589281,1.08019657649192,1.09520676070471
8,10,1.08632246404056,1.07885819243167,1.09383837853547
8.2,10,1.08489942800507,1.07745733398217,1.09239292523597
8.4,10,1.0834109878403,1.07600027561675,1.0908727396936
8.6,10,1.08186154899169,1.07449192619136,1.08928171785839
8.8,10,1.08025550401707,1.07293608731541,1.08762485273377
9,10,1.07859723026939,1.07133572708442,1.08590795185265
9.2,10,1.07689108775416,1.06969321955436,1.08413738975317
9.4,10,1.07514141716115,1.06801055838716,1.08231988702517
9.6,10,1.07335253806978,1.06628955185804,1.08046230873527
9.8,10,1.07152874732693,1.06453200388901,1.07857147756332
10,10,1.06967431759635,1.06273988260068,1.07665400015399
10.2,10,1.06779349607816,1.06091547457594,1.0747161084841
10.4,10,1.06589050339712,1.0590615201575,1.07276352091728
10.6,10,1.06396953265797,1.05718132324885,1.07080132946878
10.8,10,1.06203474866628,1.05527882876554,1.06883392012524
11,10,1.06009028731288,1.05335866231485,1.06686493163256
11.2,10,1.05814025512015,1.05142612964028,1.06489725520594
11.4,10,1.05618872894815,1.04948717715965,1.06293307382393
11.6,10,1.05423975585865,1.0475483185771,1.06097393611644
11.8,10,1.05229735313509,1.04561653512439,1.05902085728148
12,10,1.05036550845651,1.04369915788708,1.05707443856582
12.2,10,1.04844818022337,1.04180373976596,1.0551349977498
12.4,10,1.04654929803343,1.03993792217536,1.05320270552609
12.6,10,1.04467276330571,1.03810929801263,1.05127772622986
12.8,10,1.0428224454354,1.036325257956,1.04936036669488
13,10,1.04100127152727,1.0345908188215,1.04745144419106
13.2,10,1.03921013882839,1.03290601096431,1.04555274263094
13.4,10,1.03744967278533,1.03126972319229,1.04366665612047
13.6,10,1.03572049627257,1.0296804138678,1.04179600966637
13.8,10,1.03402322980174,1.02813621544847,1.03994395266317
14,10,1.03235849173483,1.02663502362712,1.03811386805376
14.2,10,1.03072689850127,1.02517457842532,1.03630928980496
14.4,10,1.02912906481901,1.0237525436103,1.03453382232417
14.6,10,1.02756560391956,1.02236658989998,1.03279105634885
14.8,10,1.02603712777697,1.02101448633636,1.03108447692485
15,10,1.02454424734083,1.01969420263626,1.02941736066105
15.2,10,1.02308757277328,1.01840402298428,1.02779266179242
15.4,10,1.02166771369008,1.01714266848369,1.02621288983263
15.6,10,1.02028527940577,1.01590942152945,1.02467998554921
15.8,10,1.0189408791829,1.01470424141337,1.02319520594875
16,10,1.01763512248552,1.01352785770246,1.02175903172868
16.2,10,1.01636861923679,1.01238182770888,1.02037111087533
16.4,10,1.01514198008096,1.01126854759011,1.01903024886757
16.6,10,1.01395581664955,1.0101912130486,1.01773444951555
16.8,10,1.01281074183205,1.00915373364474,1.01648100241931
17,10,1.01170737005099,1.00816061196089,1.01526660580864
17.2,10,1.0106463175416,1.00721680304333,1.01408750933681
17.4,10,1.00962820263605,1.00632756966079,1.01293966128911
17.6,10,1.00865364605239,1.00549834528834,1.01181884829758
17.8,10,1.00772302924381,1.00473386219976,1.01072108930914
18,10,1.00683535624794,1.00403433442518,1.00964419226887
18.2,10,1.00598915036918,1.00339784158189,1.00858715129886
18.4,10,1.00518294416407,1.00282191797316,1.00754952911329
18.6,10,1.00441527944687,1.00230368565329,1.00653132182067
18.8,10,1.00368470673853,1.0018399541956,1.00553285614334
19,10,1.00298978473742,1.00142729669342,1.00455471067072
19.2,10,1.00232907981161,1.0010621080892,1.00359765504825
19.4,10,1.0017011655123,1.00074065049443,1.00266260243647
19.6,10,1.00110462210828,1.00045908904097,1.00175057169731
19.8,10,1.00053803614097,1.00021352096324,1.00086265660632
20,10,1,1,1
20.2,10,0.999489111519014,0.9991637711942,0.999814557778741
20.4,10,0.999003973591544,0.998355145289676,0.999653223565167
20.6,10,0.998543193806737,0.997575283142205,0.999512043599442
20.8,10,0.998105384104796,0.99682531083251,0.999387101183238
21,10,0.997689160451981,0.996106297432364,0.999274538720569
21.2,10,0.997293142535015,0.995419229724548,0.999170583054328
21.4,10,0.996915953474777,0.994764982283552,0.999071575691267
21.6,10,0.996556219559161,0.994144280939568,0.99897400989265
21.8,10,0.996212569995004,0.993557657099601,0.998874577156586
22,10,0.995883636678976,0.993005389649298,0.998770226368271
22.2,10,0.995568053987343,0.992487430171447,0.99865823988212
22.4,10,0.995264458584547,0.992003305978594,0.998536332038157
22.6,10,0.994971533545805,0.99155191959434,0.998402940888363
22.8,10,0.99468874725697,0.991130281219752,0.998259989294254
23,10,0.99441624034545,0.990734114242531,0.998112051303309
23.2,10,0.994154175317188,0.990359204046179,0.997963688591633
23.4,10,0.993902714823278,0.990001542530391,0.997819259966211
23.6,10,0.993662021677617,0.989657441350203,0.997682806262109
23.8,10,0.993432258874846,0.989323647654783,0.99755793295012
24,10,0.993213589608573,0.988997453002583,0.997447699777413
24.2,10,0.993006177289884,0.988676784205776,0.997354528687544
24.4,10,0.992810185566142,0.988360265461614,0.997280140661583
24.6,10,0.992625778340079,0.988047244315536,0.997225528934918
24.8,10,0.992453119789176,0.987737779020356,0.997190971024881
25,10,0.99229237438534,0.987432590320742,0.997176076539522
25.2,10,0.992143706914876,0.987132985114733,0.997179863315359
25.4,10,0.992007282498763,0.98684076182103,0.997200852055045
25.6,10,0.99188326661322,0.986558107396469,0.997237169520252
25.8,10,0.991771825110584,0.986287494279807,0.997286652003448
26,10,0.991673124240491,0.986031582902677,0.997346943437572
26.2,10,0.991587330671364,0.985793132590659,0.997415585320621
26.4,10,0.991514611512213,0.985574921203354,0.997490098106272
26.6,10,0.991455134334749,0.985379671953063,0.99756805562106
26.8,10,0.99140906719581,0.985209984479976,0.997647155430389
27,10,0.991376578660115,0.985068266296278,0.997725289041268
27.2,10,0.991357837823331,0.984956659945315,0.997800616595978
27.4,10,0.991353011308373,0.984876950554421,0.997871655415368
27.6,10,0.991361843395417,0.984829108379544,0.997937912454145
27.8,10,0.991383225157466,0.984809921005277,0.998000404098642
28,10,0.991415945306743,0.984815596906644,0.998060530007668
28.2,10,0.991458792813694,0.984842216825769,0.998119821686615
28.4,10,0.99151055677582,0.984885832544665,0.99817984147245
28.6,10,0.991570026301323,0.984942556938395,0.998242090498587
28.8,10,0.991635990407552,0.985008648072499,0.998307922875405
29,10,0.99170723793424,0.985080587841801,0.998378465589154
29.2,10,0.99178255747154,0.985155153811345,0.998454545458482
29.4,10,0.991860737302862,0.985229481552408,0.998536625855777
29.6,10,0.991940565362511,0.985301113970779,0.998624756696336
29.8,10,0.992020829208129,0.985368033998756,0.998718541324251
30,10,0.99210031600796,0.985428677585866,0.998817123360335
30.2,10,0.992177812542938,0.985481925067735,0.998919195433065
30.4,10,0.992252105223606,0.985527070475899,0.999023030230153
30.6,10,0.992321980121873,0.985563769846169,0.99912653281349
30.8,10,0.992386223017627,0.985591970760407,0.999227311962953
31,10,0.99244361946019,0.985611825972482,0.99932276769855
31.2,10,0.992492954844643,0.985623593921535,0.999410192177958
31.4,10,0.992533014502998,0.985627528271138,0.999486881830891
31.6,10,0.992562583810234,0.985623757494723,0.99955025970985
31.8,10,0.992580448305189,0.985612154187078,0.999598008377164
32,10,0.992585393826282,0.985592192483965,0.999628214945813
32.2,10,0.992576206662089,0.985562791015489,0.999639530847729
32.4,10,0.992552072450743,0.98552239997843,0.999631887157335
32.6,10,0.992514251014208,0.985470097755074,0.999608755973764
32.8,10,0.992464674432007,0.985405050049099,0.999574875272205
33,10,0.992405275211257,0.985326348292971,0.999535059600676
33.2,10,0.992337985730458,0.985233225652983,0.999493979987257
33.4,10,0.992264738067116,0.985125248995734,0.999455969091363
33.6,10,0.992187463862983,0.985002481255825,0.999424856465088
33.8,10,0.992108094226904,0.984865606915886,0.999403841213234
34,10,0.992028559675247,0.984716013672156,0.999395408978278
34.2,10,0.991950790109912,0.984555825966803,0.999401297568327
34.4,10,0.9918767148339,0.984387890221854,0.999422511392297
34.6,10,0.9918082626044,0.984215716142904,0.999459380333175
34.8,10,0.991747361723404,0.984043382135352,0.999511655015679
35,10,0.991695940165814,0.983875414807192,0.999578628493409
35.2,10,0.991655925745046,0.983716652436154,0.999659274476996
35.4,10,0.991629246316121,0.983572100444822,0.99975239405913
35.6,10,0.991617830016255,0.983446783985653,0.999856765834409
35.8,10,0.991623605542975,0.983345599371855,0.999971297678228
36,10,0.991648502469789,0.983273162830053,1.00009518170948
36.2,10,0.991694451599469,0.983233652201681,1.00022805681131
36.4,10,0.991763385355003,0.983230634911085,1.00037018539375
36.6,10,0.991857238208331,0.983266873826069,1.00052265277502
36.8,10,0.991977947146952,0.983344101755433,1.0006875984401
37,10,0.992127452178554,0.983462755776568,1.0008684879877
37.2,10,0.992307586530817,0.983621465632731,1.00107041244083
37.4,10,0.992518467832489,0.983813963630874,1.00129998699445
37.6,10,0.992758856740252,0.984030186077665,1.00156495357595
37.8,10,0.993027478276013,0.984259076762851,1.00187399424797
38,10,0.993323058542988,0.98448900154428,1.00223638566349
38.2,10,0.993644324368533,0.984708204344128,1.00266153871178
38.4,10,0.993990002963601,0.984905361014274,1.00315844049636
38.6,10,0.994358821598763,0.98507017986997,1.00373504984365
38.8,10,0.994749507296745,0.985193964078212,1.00439773115435
39,10,0.995160786541456,0.985270039114275,1.00515082338249
39.2,10,0.995591385003462,0.985293969485302,1.00599641994246
39.4,10,0.996040027281908,0.985263538148084,1.00693438611613
39.6,10,0.996505436662876,0.98517851896898,1.00796258361165
39.8,10,0.99698633489418,0.985040313322985,1.00907723117705
40,10,0.997481441976608,0.984851533886,1.01027331821459
0,11,1.08467914945962,1.06018283697229,1.1097414674552
0.2,11,1.08488662888293,1.06226671949715,1.10798820665879
0.4,11,1.08508153105863,1.06427226709748,1.10629766972655
0.6,11,1.08526260891405,1.06618936277552,1.1046770596556
0.8,11,1.08542861504697,1.06800713223007,1.10313427954617
1,11,1.08557830189119,1.06971384898035,1.10167803348557
1.2,11,1.08571042189644,1.0712968923578,1.10031787511324
1.4,11,1.08582372772258,1.07274283462747,1.09906412760594
1.6,11,1.08591697244801,1.07403778642318,1.09792754589924
1.8,11,1.08598890979236,1.07516818770738,1.09691853393358
2,11,1.08603829435337,1.07612224923325,1.09604571194617
2.2,11,1.08606388185798,1.07689213186591,1.09531374644986
2.4,11,1.08606442942748,1.07747659465963,1.09472071199862
2.6,11,1.08603869585676,1.07788330006668,1.09425579636061
2.8,11,1.08598544190759,1.07812962765415,1.09389849771715
3,11,1.08590343061577,1.07824124196793,1.09362006824272
3.2,11,1.08579145752255,1.07824843820506,1.09338724495766
3.4,11,1.08564850906655,1.07817954068513,1.09316921789247
3.6,11,1.08547364767125,1.07805721745854,1.09294109877246
3.8,11,1.08526593929088,1.07789828707263,1.0926839508982
4,11,1.08502445353177,1.0777141763415,1.09238431729497
4.2,11,1.0847482639408,1.07751172463763,1.09203340364422
4.4,11,1.08443644830134,1.07729404450732,1.09162620586308
4.6,11,1.0840880889365,1.07706129731056,1.09116072363625
4.8,11,1.08370227301965,1.07681134001364,1.09063730377606
5,11,1.08327809289199,1.07654025005231,1.09005810649688
5.2,11,1.08281464638704,1.0762427571487,1.08942666572416
5.4,11,1.08231103716207,1.0759126182097,1.08874750731339
5.6,11,1.08176637503605,1.07554297164723,1.08802578884079
5.8,11,1.08117977633423,1.07512670322974,1.08726692885829
6,11,1.080550364239,1.0746568462173,1.08647620286127
6.2,11,1.07987726914696,1.07412702207798,1.08565829967142
6.4,11,1.07915962903197,1.07353190385427,1.08481685616538
6.6,11,1.07839658981401,1.07286765594981,1.08395401657713
6.8,11,1.07758730573366,1.07213228150856,1.08307008519924
7,11,1.07673093973198,1.07132580467277,1.08216334519286
7.2,11,1.0758266638356,1.07045023782634,1.08123009339496
7.4,11,1.0748736595467,1.06950932790515,1.0802648970349
7.6,11,1.07387111823789,1.06850812191918,1.07926103220835
7.8,11,1.07281824155142,1.067452418612,1.07821103717395
8,11,1.07171432834603,1.06634819192283,1.07710746853811
8.2,11,1.07056043620729,1.06520125620634,1.07594657900998
8.4,11,1.06935924819193,1.06401634043858,1.07472898510398
8.6,11,1.06811350401399,1.06279671016032,1.07345689589586
8.8,11,1.06682593714986,1.06154448423874,1.07213366662807
9,11,1.06549927376416,1.06026091967479,1.07076350860897
9.2,11,1.0641362317041,1.05894665490303,1.06935124104916
9.4,11,1.06273951956241,1.05760192457253,1.06790207184639
9.6,11,1.06131183580844,1.056226756967,1.06642139616075
9.8,11,1.05985586798735,1.05482116163606,1.06491460520659
10,11,1.05837429198693,1.05338531016182,1.06338690233563
10.2,11,1.05686977137175,1.05191970784225,1.06184312862677
10.4,11,1.05534495678426,1.05042534923813,1.06028760503329
10.6,11,1.05380248541226,1.04890384710178,1.05872400156551
10.8,11,1.05224498052242,1.04735752331482,1.05715524487794
11,11,1.05067505105911,1.04578945275017,1.05558347334163
11.2,11,1.04909529130814,1.0442034561114,1.05401004354412
11.4,11,1.04750828062473,1.04260404439477,1.05243558556723
11.6,11,1.04591658322519,1.04099632367987,1.05086009833197
11.8,11,1.04432274804153,1.0393858727242,1.04928307253067
12,11,1.04272930863855,1.037778606469,1.04770362803419
12.2,11,1.04113878319262,1.03618063629053,1.04612065493558
12.4,11,1.03955367453155,1.03459813359693,1.04453295162533
12.6,11,1.03797647023494,1.0330371982384,1.04293935842643
12.8,11,1.0364096416987,1.03150372154855,1.04133889482577
13,11,1.03485542799825,1.03000198888157,1.03973173684869
13.2,11,1.03331557736765,1.02853299083681,1.03812040249865
13.4,11,1.03179176439954,1.0270968195422,1.03650817023971
13.6,11,1.03028565414162,1.0256931525072,1.03489871852545
13.8,11,1.02879890237481,1.02432134946023,1.03329602774106
14,11,1.02733315591801,1.02298053207395,1.03170429950291
14.2,11,1.02589005295946,1.02166965482056,1.03012788507065
14.4,11,1.02447122341434,1.02038757410292,1.02857121572339
14.6,11,1.02307828930846,1.01913312197842,1.02703872878002
14.8,11,1.02171286518785,1.01790518986851,1.02553478386844
15,11,1.02037655855402,1.01670282617245,1.02406356552209
15.2,11,1.01907097032481,1.01552534920182,1.02262897068498
15.4,11,1.01779769532066,1.01437247300051,1.02123448355793
15.6,11,1.01655832277615,1.01324443854832,1.01988304528571
15.8,11,1.01535443687682,1.01214213747779,1.01857693135324
16,11,1.01418761732108,1.01106721152673,1.01731765346662
16.2,11,1.01305943990731,1.01002211062612,1.01610590301743
16.4,11,1.011971477146,1.00901009716753,1.01494154858494
16.6,11,1.01092529889698,1.00803519307872,1.01382369084622
16.8,11,1.00992247303193,1.00710207714298,1.01275076745782
17,11,1.00896456612193,1.00621594874808,1.0117206917225
17.2,11,1.00805314415053,1.00538237804809,1.01073100505762
17.4,11,1.00718977325211,1.00460716071545,1.00977902508797
17.6,11,1.006376020476,1.00389618951014,1.00886197713662
17.8,11,1.00561302015156,1.00325446222803,1.00797712282539
18,11,1.00489942982911,1.00268167161694,1.00712209333838
18.2,11,1.00423303892364,1.00217516594416,1.00629513755282
18.4,11,1.00361164825783,1.00173181886049,1.00549500530448
18.6,11,1.00303307011278,1.00134815213496,1.00472082321701
18.8,11,1.002495127289,1.00102042500838,1.00397200209953
19,11,1.00199565221596,1.00074470064541,1.00324816750185
19.2,11,1.0015324861097,1.00051689599115,1.00254910711868
19.4,11,1.00110347817788,1.00033281968544,1.00187473038724
19.6,11,1.00070648487188,1.0001882014576,1.0012250368533
19.8,11,1.00033936918551,1.00007871553813,1.00060009076787
20,11,1,1,1
20.2,11,0.999686251474787,0.999424897775714,0.999947673518922
20.4,11,0.999396002484012,0.9988749260265,0.999917350768024
20.6,11,0.999127136098295,0.99835021928441,0.999904657509368
20.8,11,0.998877539111638,0.997850888113575,0.999905246392043
21,11,0.99864510161324,0.997377001025441,0.999914814509222
21.2,11,0.998427716604029,0.996928563683004,0.999929123908731
21.4,11,0.998223279657797,0.996505493941155,0.999944026509913
21.6,11,0.998029688626765,0.99610759086669,0.999955495283182
21.8,11,0.997844843391508,0.995734495288169,0.999959664142062
22,11,0.997666645655112,0.995385638581837,0.999952879841444
22.2,11,0.997492998781503,0.995060175230861,0.999931770344713
22.4,11,0.997321807677868,0.994756893127774,0.999893335689697
22.6,11,0.997151053837844,0.99447406079818,0.999835252989781
22.8,11,0.99698004879522,0.994208837659176,0.999758984275354
23,11,0.996809243248712,0.993957690753498,0.999668976526376
23.2,11,0.996639124443882,0.993717087253335,0.999569753920355
23.4,11,0.996470179294536,0.993483606154057,0.999465730559132
23.6,11,0.996302894387269,0.993254048556703,0.999361098811351
23.8,11,0.99613775598839,0.993025560749417,0.99925970501376
24,11,0.995975250053221,0.992795760278492,0.999164922340439
24.2,11,0.995815862237764,0.99256285086115,0.999079534987618
24.4,11,0.995660077912743,0.992325710546962,0.999005649266904
24.6,11,0.995508382180009,0.992083940070624,0.998944644663948
24.8,11,0.995361259891313,0.991837864574622,0.998897171683731
25,11,0.995219195669439,0.991588489979537,0.998863195204459
25.2,11,0.995082673931704,0.991337422615141,0.998842074726643
25.4,11,0.994952178915813,0.991086765141685,0.998832668487713
25.6,11,0.994828194708075,0.990839002517806,0.998833447685505
25.8,11,0.99471120527398,0.990596889467018,0.998842609358465
26,11,0.994601694491136,0.990363346985597,0.998858180379556
26.2,11,0.994500146184558,0.990141371323233,0.998878109132394
26.4,11,0.994407044164324,0.989933955450237,0.998900344855719
26.6,11,0.99432287226559,0.989744020612501,0.99892290705495
26.8,11,0.99424811439097,0.989574354059868,0.998943948895218
27,11,0.994183254555273,0.989427548107661,0.998961819416176
27.2,11,0.994128776932619,0.989305935010421,0.998975130089697
27.4,11,0.994085163315199,0.989211502337333,0.998982835913706
27.6,11,0.994052533817834,0.989144559567222,0.998984860637554
27.8,11,0.994030278271126,0.989102490838554,0.99898261633339
28,11,0.994017698953864,0.989082136623651,0.998977889952026
28.2,11,0.99401409847676,0.989080207245363,0.998972601749229
28.4,11,0.994018779717019,0.989093375421925,0.998968711127624
28.6,11,0.99403104575782,0.989118363149963,0.998968128327607
28.8,11,0.994050199832687,0.989152025967274,0.998972628925393
29,11,0.994075545274763,0.989191434981597,0.998983770751819
29.2,11,0.994106385470954,0.989233954721674,0.99900281517548
29.4,11,0.994142023820977,0.989277312975563,0.999030656585249
29.6,11,0.99418176370128,0.989319657573667,0.999067765114724
29.8,11,0.994224908433852,0.98935959480963,0.999114147915554
30,11,0.994270761259911,0.98939620499948,0.999169333479384
30.2,11,0.994318625318481,0.989429032439123,0.999232381748474
30.4,11,0.994367803629845,0.989458049338798,0.999301920436529
30.6,11,0.994417599083892,0.989483595615885,0.99937620567855
30.8,11,0.994467314433344,0.989506298139495,0.999453203416446
31,11,0.994516252291872,0.989526973749444,0.999530687197931
31.2,11,0.994563715137107,0.98954652001029,0.999606348428206
31.4,11,0.994609005318534,0.989565796369116,0.9996779164058
31.6,11,0.994651425070288,0.989585496496573,0.999743287363125
31.8,11,0.994690276528836,0.989606010497031,0.99980066382588
32,11,0.994724861755562,0.9896272737673,0.999848707511759
32.2,11,0.994754482764241,0.989648597979444,0.999886710292804
32.4,11,0.994778621805384,0.9896685136826,0.999915115737827
32.6,11,0.99479769854523,0.989684920905242,0.999936889132049
32.8,11,0.994812436516601,0.989695406619145,0.999955923033736
33,11,0.994823559515344,0.989697501105923,0.999976167930991
33.2,11,0.994831791414879,0.989688926793321,1.00000138065242
33.4,11,0.994837856142533,0.989667825956691,1.00003489459461
33.6,11,0.99484247766113,0.98963295603943,1.00007942269811
33.8,11,0.994846379955856,0.989583838014533,1.00013690775004
34,11,0.994850287026389,0.989520844619193,1.00020843318099
34.2,11,0.994854922884304,0.989445221330098,1.00029420148863
34.4,11,0.994861011555736,0.989359041757545,1.00039357860971
34.6,11,0.994869277089322,0.989265107784341,1.0005051939141
34.8,11,0.994880443569409,0.989166810532099,1.00062707973838
35,11,0.99489523513453,0.989067969729579,1.00075683288381
35.2,11,0.994914376001155,0.988972666590416,1.00089178297151
35.4,11,0.994938590492712,0.988885080326099,1.00102915752879
35.6,11,0.994968603073878,0.988809332619959,1.00116623948094
35.8,11,0.995005138390155,0.988749339028973,1.00130051808186
36,11,0.995048921312715,0.988708661944164,1.00142983865303
36.2,11,0.995100676988542,0.988690356450774,1.00155255979009
36.4,11,0.995161130895845,0.988696797934592,1.00166772919135
36.6,11,0.995231008904784,0.988729478360107,1.00177529118323
36.8,11,0.995311037343484,0.988788756913377,1.00187634025105
37,11,0.995401943069369,0.988873550973773,1.00197343461212
37.2,11,0.995504412040042,0.988980818912243,1.00207103660635
37.4,11,0.995618484095985,0.989103299890535,1.00217658356138
37.6,11,0.995743688075959,0.989230426795861,1.00229983377545
37.8,11,0.995879539004722,0.989350439261284,1.00245172676002
38,11,0.996025551992341,0.989450891157942,1.002643899851
38.2,11,0.996181242183301,0.989519321982968,1.00288801363592
38.4,11,0.996346124707999,0.989544104340441,1.00319490143627
38.6,11,0.996519714636609,0.989515341302452,1.00357366905734
38.8,11,0.996701526935318,0.989425621006416,1.00403093744906
39,11,0.996891076424933,0.989270443311431,1.00457041345448
39.2,11,0.997087877741863,0.989048228551892,1.00519287860755
39.4,11,0.997291445301459,0.988759954029105,1.00589655033925
39.6,11,0.997501293263738,0.988408564679564,1.00667766915335
39.8,11,0.997716935501462,0.987998327344676,1.00753114234692
40,11,0.997937885570607,0.987534255967975,1.00845111694984
0,12,1.06237844666247,1.03768082786752,1.08766388818456
0.2,12,1.06234798451303,1.03960334100404,1.08559023974366
0.4,12,1.06230880923809,1.0414513246767,1.0835840134297
0.6,12,1.06226006537188,1.04321514841112,1.08165266599367
0.8,12,1.06220089784959,1.0448843904683,1.07980438571468
1,12,1.062130452088,1.04644768549568,1.07804825113479
1.2,12,1.06204787407281,1.04789258741319,1.07639437512102
1.4,12,1.06195231045287,1.04920551115788,1.07485397063121
1.6,12,1.06184290864133,1.05037188060901,1.07343921086134
1.8,12,1.06171881692346,1.05137670366239,1.07216266280456
2,12,1.06157918457138,1.05220588746169,1.07103598121264
2.2,12,1.06142316196558,1.05284858450024,1.07006757224431
2.4,12,1.06124990072311,1.05330051672033,1.06925927967038
2.6,12,1.06105855383257,1.05356744104655,1.06860293019583
2.8,12,1.06084827579579,1.05366710135338,1.0680783928941
3,12,1.06061822277617,1.05362815704892,1.06765466256674
3.2,12,1.06036764665927,1.0534858086041,1.06729443994273
3.4,12,1.06009639132528,1.05327371623644,1.06696326090474
3.6,12,1.05980453070336,1.05301911212959,1.06663367298991
3.8,12,1.0594921403633,1.05274232865438,1.0662852294791
4,12,1.05915929700121,1.0524573656299,1.0659039055256
4.2,12,1.05880607842642,1.05217291858073,1.06548105536202
4.4,12,1.05843256354834,1.05189345406426,1.06501232349248
4.6,12,1.05803883236325,1.05162014492747,1.06449669701393
4.8,12,1.05762496594109,1.05135161683966,1.06393574772281
5,12,1.05719104641207,1.05108452315433,1.06333304695587
5.2,12,1.05673715695339,1.05081399014784,1.06269371111897
5.4,12,1.05626338177578,1.05053398191689,1.06202402862269
5.6,12,1.05576980611008,1.05023763550297,1.06133111765691
5.8,12,1.05525651619368,1.04991761587825,1.0606225651693
6,12,1.05472359925706,1.04956653530017,1.05990600254
6.2,12,1.05417114351012,1.04917746618584,1.05918858879933
6.4,12,1.05359923812864,1.04874454408452,1.05847640480862
6.6,12,1.05300797324056,1.04826360639092,1.05777381275859
6.8,12,1.05239743991234,1.04773275680848,1.05708289097283
7,12,1.05176773013522,1.04715271565376,1.05640308392186
7.2,12,1.05111893681148,1.04652684255591,1.0557311808891
7.4,12,1.05045115374067,1.04586080212744,1.05506165270801
7.6,12,1.04976447560583,1.04516194367684,1.05438727549451
7.8,12,1.04905899795964,1.04443852674254,1.05369990958919
8,12,1.04833482145775,1.04369884404619,1.05299139129085
8.2,12,1.0475921334015,1.04294888124541,1.05225605751092
8.4,12,1.04683120133192,1.04219137411659,1.05149168501892
8.6,12,1.04605229611001,1.04142719344963,1.0506979394042
8.8,12,1.04525568884383,1.04065582411838,1.04987588570505
9,12,1.04444165084574,1.03987571823302,1.04902763175872
9.2,12,1.04361045359012,1.03908458874978,1.04815603140935
9.4,12,1.04276236867183,1.03827966595369,1.04726442515785
9.6,12,1.0418976677652,1.03745793573432,1.04635639933315
9.8,12,1.04101662258372,1.03661637243104,1.04543555100728
10,12,1.0401195048403,1.03575217098344,1.04450525391805
10.2,12,1.03920658620816,1.03486297388896,1.04356842989564
10.4,12,1.03827813828243,1.03394707955768,1.04262733920231
10.6,12,1.03733443254227,1.03300361251705,1.0416834093308
10.8,12,1.03637574031374,1.03203263516178,1.04073712256443
11,12,1.03540233273325,1.03103518662827,1.03978797671817
11.2,12,1.03441448071165,1.0300132455702,1.03883452228191
11.4,12,1.03341245489905,1.02896962634117,1.03787446645814
11.6,12,1.03239652565014,1.02790782785652,1.03690482481981
11.8,12,1.03136696299032,1.02683185825204,1.03592209746845
12,12,1.03032403658237,1.02574605613596,1.0349224488938
12.2,12,1.02926801569382,1.02465492270181,1.03390187726506
12.4,12,1.02819916916496,1.02356297089067,1.03285636696253
12.6,12,1.02711776537752,1.02247459015689,1.03178202579316
12.8,12,1.02602407616886,1.02139391686014,1.03067522480879
13,12,1.02491915616382,1.02032427622025,1.02953472847176
13.2,12,1.02380577692213,1.01926749817716,1.02836426230963
13.4,12,1.02268692716743,1.0182247201839,1.0271686890594
13.6,12,1.02156558280149,1.0171966349513,1.02595329566196
13.8,12,1.02044470678854,1.01618359089061,1.0247236906277
14,12,1.01932724912587,1.01518567175615,1.02348572258031
14.2,12,1.01821614689999,1.01420276581404,1.02224540965013
14.4,12,1.01711432442764,1.01323463347685,1.02100887077458
14.6,12,1.01602469348111,1.01228098157355,1.0197822507331
14.8,12,1.01495015359722,1.01134155171436,1.01857163145411
15,12,1.01389359246926,1.01041622883968,1.01738292350144
15.2,12,1.01285788642139,1.00950517316695,1.01622173452334
15.4,12,1.01184590096497,1.00860897363558,1.01509321656059
15.6,12,1.01086049143624,1.00772881351705,1.01400190154376
15.8,12,1.00990450371494,1.00686663035044,1.01295154281629
16,12,1.00898077502344,1.00602524570104,1.01194498718318
16.2,12,1.00809213480614,1.00520843924265,1.01098410298233
16.4,12,1.00724140568866,1.0044209489503,1.01006978238947
16.6,12,1.00643140451683,1.00366839379659,1.00920202156231
16.8,12,1.00566494347523,1.00295713222144,1.00838006535232
17,12,1.00494483128529,1.00229408213167,1.00760259082759
17.2,12,1.00427387448302,1.00168653189237,1.00686790014414
17.4,12,1.00365487877644,1.00114196677095,1.00617409830569
17.6,12,1.0030906504831,1.0006679251216,1.00551924152495
17.8,12,1.00258333355321,1.00027073643253,1.00490127733179
18,12,1.00213128165745,0.999949854049305,1.00431746813064
18.2,12,1.00173151533252,0.999701796975574,1.00376535467496
18.4,12,1.00138106666227,0.999522575395537,1.0032430135686
18.6,12,1.00107697937696,0.999407827107,1.00274891936702
18.8,12,1.00081630745309,0.999352914368734,1.0022818434434
19,12,1.00059611380176,0.999352994427308,1.00184077952249
19.2,12,1.00041346904464,0.999403071381753,1.00142488822074
19.4,12,1.0002654503769,0.999498034874834,1.00103345510129
19.6,12,1.0001491405165,0.999632689544722,1.00066585830789
19.8,12,1.00006162673937,0.999801778083161,1.0003215429303
20,12,1,1,1
20.2,12,0.99996135413708,0.999700748514822,1.00022202769496
20.4,12,0.999942785164005,0.999423319208516,1.00046252112008
20.6,12,0.999941390643912,0.999167238959591,1.00071614213856
20.8,12,0.999954269149146,0.998932014795521,1.00097756962398
21,12,0.999978519805026,0.998717116401965,1.0012415163905
21.2,12,1.00001124191782,0.99852195588459,1.00150274920706
21.4,12,1.00004953468691,0.998345863230352,1.00175611344898
21.6,12,1.00009049700108,0.998188055433027,1.0019965644229
21.8,12,1.000131227319,0.998047596516227,1.00221920813208
22,12,1.00016882363387,0.997923344604767,1.00241935533169
22.2,12,1.00020038352222,0.997813880619718,1.00259259429893
22.4,12,1.00022300427703,0.99771741092109,1.00273488999391
22.6,12,1.00023388898008,0.997631618574241,1.00284294727348
22.8,12,1.00023211361167,0.99755335490631,1.0029180656648
23,12,1.00021835979679,0.997478986110524,1.00296525661717
23.2,12,1.00019336153174,0.997404804360179,1.00298971498729
23.4,12,1.00015785313577,0.997327126776269,1.00299661398216
23.6,12,1.00011256917123,0.997242414580155,1.0029909843289
23.8,12,1.00005824436915,0.997147421238135,1.0029775646302
24,12,0.999995613560192,0.997039360486073,1.00296063201769
24.2,12,0.999925411610966,0.996916076018137,1.00294383131923
24.4,12,0.999848373365764,0.996776188056829,1.00293002752306
24.6,12,0.99976523359367,0.996619191560751,1.0029212067824
24.8,12,0.999676726941077,0.996445488228175,1.0029184438023
25,12,0.999583587889587,0.996256347894784,1.00292194001031
25.2,12,0.999486550719319,0.996053809443071,1.00293112239324
25.4,12,0.999386349477598,0.995840541554525,1.00294478266878
25.6,12,0.999283717953044,0.995619686687224,1.00296123340896
25.8,12,0.999179389655047,0.995394708216261,1.00297846117796
26,12,0.999074097798626,0.995169253658273,1.00299426376258
26.2,12,0.998968575294668,0.994947039441237,1.00300636603402
26.4,12,0.998863554745554,0.994731756750316,1.00301251490995
26.6,12,0.998759768446151,0.994526994170583,1.00301055769584
26.8,12,0.998657948390172,0.994336170818365,1.00299851011359
27,12,0.998558826281917,0.994162472695905,1.00297462128257
27.2,12,0.998463133553357,0.994008784408081,1.00293744351449
27.4,12,0.998371600112716,0.99387759882231,1.00288592186071
27.6,12,0.998284777688143,0.99376971558428,1.00282035338332
27.8,12,0.998202858661471,0.993683035831162,1.00274324015856
28,12,0.998125992186154,0.993614878493619,1.0026575867986
28.2,12,0.998054327444556,0.99356239094592,1.00256657217314
28.4,12,0.997988013655637,0.993522649349889,1.0024734474368
28.6,12,0.997927200082877,0.993492756375814,1.00238143687939
28.8,12,0.997872036042414,0.993469941042945,1.00229363685639
29,12,0.997822670911419,0.993451661809378,1.00221291166942
29.2,12,0.997779254136689,0.993435710437621,1.00214178887027
29.4,12,0.997741935243472,0.993420310763801,1.00208235986035
29.6,12,0.997710863844513,0.99340420386563,1.00203619429016
29.8,12,0.997686189649334,0.993386709990948,1.00200427789705
30,12,0.997668062473739,0.993367758543262,1.00198698248445
30.2,12,0.997656632249549,0.993347880455734,1.00198407371129
30.4,12,0.997652049034564,0.993328161731184,1.00199475791387
30.6,12,0.997654463022756,0.993310161532337,1.00201776457597
30.8,12,0.997664024554696,0.993295801633385,1.00205145763622
31,12,0.997680884128209,0.99328723538552,1.00209396748013
31.2,12,0.997705192409261,0.993286703421282,1.00214333639198
31.4,12,0.99773710024308,0.993296380589165,1.00219767297552
31.6,12,0.997776758665515,0.993318214867453,1.00225531479447
31.8,12,0.997824318914621,0.993353755059112,1.00231500243151
32,12,0.997879932442489,0.99340396058058,1.00237607165313
32.2,12,0.997943750927309,0.993468984245735,1.00243867277947
32.4,12,0.998015795060427,0.993547595160124,1.00250408942872
32.6,12,0.998095403277415,0.993635819957659,1.0025750018613
32.8,12,0.99818169282046,0.993728641855058,1.0026546985925
33,12,0.99827378065871,0.993820953380402,1.00274655888563
33.2,12,0.998370783546947,0.993907896312174,1.00285371022657
33.4,12,0.998471817978153,0.993985187937256,1.0029786996781
33.6,12,0.998576000143897,0.994049409509501,1.00312320345868
33.8,12,0.998682445902534,0.994098224368945,1.00328780728584
34,12,0.998790270755241,0.994130496529744,1.00347188667648
34.2,12,0.998898589829879,0.994146295488757,1.00367360145276
34.4,12,0.999006517872692,0.994146794125315,1.00388999758352
34.6,12,0.999113169247854,0.994134085325221,1.00411719072878
34.8,12,0.999217657944856,0.994110952509084,1.00435059630799
35,12,0.999319097593756,0.994080627804796,1.00458517235254
35.2,12,0.999416601488287,0.994046562238501,1.00481565076903
35.4,12,0.999509282616823,0.994012220026669,1.00503674493096
35.6,12,0.999596253701227,0.993980897879431,1.005243332689
35.8,12,0.999676627243563,0.99395556202856,1.00543062208685
36,12,0.999749515580682,0.993938690445376,1.00559431231713
36.2,12,0.999814030946697,0.993932104427677,1.00573076573825
36.4,12,0.999869285543319,0.993936771290232,1.00583720921719
36.6,12,0.999914391618078,0.99395255757228,1.00591198538392
36.8,12,0.999948461550413,0.993977910076315,1.00595487648238
37,12,0.99997060794562,0.994009441704003,1.00596752385064
37.2,12,0.999979992577519,0.994041332511089,1.00595413173544
37.4,12,0.999976538654863,0.994063904812451,1.00592434049682
37.6,12,0.999960771527712,0.99406440175681,1.00589211607129
37.8,12,0.999933233400313,0.994028466576129,1.00587307595162
38,12,0.99989446684598,0.993940922715843,1.00588367173512
38.2,12,0.999845014744748,0.993786941773117,1.00594001741085
38.4,12,0.999785420223955,0.993553500294461,1.00605642896547
38.6,12,0.999716226601757,0.99323079073152,1.00624401000977
38.8,12,0.999637977333572,0.992813159270787,1.00650971071084
39,12,0.99955121596147,0.992299283982072,1.00685614658582
39.2,12,0.999456486066504,0.991691618096442,1.00728215234674
39.4,12,0.999354331223988,0.990995391286584,1.00778377792408
39.6,12,0.999245294961718,0.990217529890996,1.00835536572762
39.8,12,0.999129920721158,0.989365750099106,1.00899045512771
40,12,0.999008751821554,0.988447921512321,1.00968241674189
0,13,1.03376158105007,1.00123999793416,1.06733950767057
0.2,13,1.03352702674878,1.00345025068993,1.06450530485766
0.4,13,1.03328688228378,1.00556410881782,1.06177395527267
0.6,13,1.03304059703957,1.00756892572377,1.05915620052026
0.8,13,1.03278762103264,1.00945110446253,1.05666363179243
1,13,1.0325274049458,1.01119605170784,1.0543087467198
1.2,13,1.03225940016535,1.01278825048394,1.05210488838171
1.4,13,1.03198305882124,1.01421156537743,1.05006595275583
1.6,13,1.03169783383008,1.01544994754625,1.04820569728889
1.8,13,1.0314031789411,1.01648873968539,1.04653645042743
2,13,1.03109854878491,1.01731672694607,1.04506707610904
2.2,13,1.03078339892522,1.01792884551876,1.04380028150038
2.4,13,1.03045718591341,1.01832901349535,1.04272980336274
2.6,13,1.03011936734587,1.01853207686956,1.04183848018068
2.8,13,1.02976940192431,1.01856380675846,1.0410982739651
3,13,1.02940674951878,1.0184585565872,1.04047263298149
3.2,13,1.02903107405024,1.01825497296541,1.03992121764669
3.4,13,1.02864331480195,1.01798899518586,1.03940914301688
3.6,13,1.02824490387757,1.01768964108749,1.03890964363202
3.8,13,1.02783727262603,1.01737888652005,1.0384031681775
4,13,1.02742185042085,1.01707232186564,1.03787669374966
4.2,13,1.0270000645423,1.01678011341062,1.03732273936001
4.4,13,1.02657334007943,1.01650799504964,1.03673835099583
4.6,13,1.02614309985181,1.01625815868853,1.0361241898735
4.8,13,1.02571076435109,1.01603000434632,1.03548376288609
5,13,1.02527775170219,1.01582076038739,1.03482278481355
5.2,13,1.02484547764415,1.01562600675158,1.03414863942587
5.4,13,1.02441535553059,1.01544014203864,1.03346989861951
5.6,13,1.02398879634957,1.0152568355719,1.03279585845761
5.8,13,1.02356720876304,1.01506950006942,1.03213605648019
6,13,1.02315199916564,1.01487180819834,1.03149974700258
6.2,13,1.02274457176279,1.01465825512505,1.03089533228244
6.4,13,1.02234632866821,1.01442473937259,1.0303297772369
6.6,13,1.02195867002054,1.01416910140027,1.02980806828776
6.8,13,1.02158299411929,1.01389153537612,1.02933280085682
7,13,1.02122069757987,1.0135947890283,1.02890398061863
7.2,13,1.02087317550783,1.0132840965309,1.02851909354885
7.4,13,1.02054182169208,1.0129668418284,1.02817344735854
7.6,13,1.02022802881739,1.0126520023166,1.02786073439195
7.8,13,1.01993318869575,1.01234945191366,1.02757373695087
8,13,1.01965859539108,1.01206902187179,1.02730508363155
8.2,13,1.01940357931547,1.01181616375117,1.02704789145547
8.4,13,1.01916564891718,1.01159107330587,1.02679694131576
8.6,13,1.01894224672236,1.01139189621926,1.02654896290619
8.8,13,1.01873081818987,1.01121528920867,1.02630220389759
9,13,1.01852881137969,1.01105679845168,1.02605604472389
9.2,13,1.0183336766853,1.01091118739324,1.02581066467909
9.4,13,1.01814286662992,1.01077272946613,1.02556674378909
9.6,13,1.0179538357266,1.01063547857824,1.02532518760203
9.8,13,1.01776404040192,1.01049352528056,1.02508686698179
10,13,1.01757093898329,1.01034124040088,1.02485237111819
10.2,13,1.01737199174982,1.01017350156846,1.02462177832809
10.4,13,1.01716466104652,1.00998589263764,1.02439445463925
10.6,13,1.01694641146192,1.00977486288571,1.02416889328164
10.8,13,1.01671471006888,1.00953783311508,1.02394260795633
11,13,1.01646702672848,1.00927323973359,1.02371208880854
11.2,13,1.01620083445699,1.00898051465145,1.02347282326638
11.4,13,1.01591360985556,1.00866000653059,1.02321937620955
11.6,13,1.0156028336026,1.00831285532579,1.02294551752826
11.8,13,1.01526599100858,1.00794083547501,1.02264438171401
12,13,1.01490057263297,1.00754618293616,1.02230864428375
12.2,13,1.01450407496306,1.0071314180231,1.02193070308233
12.4,13,1.01407400115431,1.00669917076552,1.02150285773567
12.6,13,1.01360786183184,1.00625200938639,1.02101748665706
12.8,13,1.01310318584955,1.00579226830458,1.02046724509886
13,13,1.01255947756612,1.00532228619415,1.01984876858781
13.2,13,1.01198056899686,1.00484467511191,1.01916713835714
13.4,13,1.01137086236448,1.00436146328491,1.01842917976405
13.6,13,1.01073475251767,1.00387411664626,1.01764227506918
13.8,13,1.01007662569594,1.00338366650566,1.01681422952637
14,13,1.00940085848466,1.00289081579616,1.01595315966744
14.2,13,1.00871181695996,1.00239603465464,1.01506739302417
14.4,13,1.00801385602265,1.00189965472774,1.01416536989402
14.6,13,1.00731131892047,1.00140197057614,1.01325553877382
14.8,13,1.00660853695783,1.00090335540335,1.01234623823202
15,13,1.00590982939221,1.0004043964658,1.01144555985811
15.2,13,1.00521950351618,0.999906052299555,1.0105611901493
15.4,13,1.00454185492439,0.99940982887036,1.00970023422277
15.6,13,1.00388116796438,0.998917965025968,1.00886903096925
15.8,13,1.00324171637055,0.99843361029162,1.00807297660198
16,13,1.00262776408052,0.997960972330656,1.00731637927422
16.2,13,1.00204356623302,0.997505410126372,1.00660236870473
16.4,13,1.00149337034703,0.99707345422002,1.00593287947242
16.6,13,1.00098141768142,0.996672746926829,1.00530871505515
16.8,13,1.000511944775,0.996311910152643,1.004729684988
17,13,1.00008918516683,0.99600036127074,1.00419479468018
17.2,13,0.999717371296739,0.995748104198293,1.00370246075149
17.4,13,0.999400736586538,0.995565521783043,1.00325072577933
17.6,13,0.999143517702305,0.995463188284603,1.00283745367501
17.8,13,0.998949038484335,0.99545014277716,1.00246023241785
18,13,0.998815383891735,0.995526132799796,1.00211550277749
18.2,13,0.99873879051939,0.995686913217612,1.00180002212214
18.4,13,0.998715504135835,0.995927522371641,1.00151129052651
18.6,13,0.998741779807786,0.99624245933739,1.00124737044139
18.8,13,0.998813879972368,0.996625813081066,1.00100675070947
19,13,0.998928072651345,0.997071358857877,1.00078824395674
19.2,13,0.999080629806458,0.997572630739528,1.00059090846799
19.4,13,0.999267825835204,0.99812297690932,1.00041398790495
19.6,13,0.999485936206506,0.998715602656192,1.00025686393376
19.8,13,0.999731236235898,0.999343604750817,1.00011901807784
20,13,1,1,1
20.2,13,1.00028849939014,0.99989940002779,1.00067775016604
20.4,13,1.00059300330512,0.999816824132809,1.00136978504191
20.6,13,1.00090977698319,0.999751869800164,1.00206902524803
20.8,13,1.00123508147343,0.999704101304209,1.0027684062367
21,13,1.00156517324666,0.999673022849451,1.00346090504802
21.2,13,1.00189630394624,0.999658047834061,1.00413957156254
21.4,13,1.00222472027905,0.999658462124276,1.00479756636476
21.6,13,1.00254666404685,0.999673378648871,1.00542820791121
21.8,13,1.00285837231854,0.999701679769575,1.00602503254892
22,13,1.00315607774341,0.999741942667738,1.00658187214617
22.2,13,1.00343600900584,0.999792341299804,1.00709295578374
22.4,13,1.00369439142161,0.999850516202589,1.00755304422635
22.6,13,1.00392758433134,0.999913376316141,1.00795790760849
22.8,13,1.00413436348292,0.999976633231196,1.00830938085943
23,13,1.00431557871693,1.00003534427895,1.00861413291425
23.2,13,1.00447214961621,1.00008457214004,1.00887897630055
23.4,13,1.00460499820643,1.00011953348971,1.00911057991222
23.6,13,1.0047150487327,1.00013575663902,1.00931530789603
23.8,13,1.00480322744454,1.00012925788254,1.00949904017461
24,13,1.00487046238914,1.00009672321746,1.00966698794253
24.2,13,1.004917683213,1.00003567588147,1.00982352368985
24.4,13,1.00494582097208,0.999944607752427,1.00997204771095
24.6,13,1.00495580795039,0.999823055649284,1.01011491006012
24.8,13,1.00494857748714,0.999671611795209,1.01025339869342
25,13,1.0049250638125,0.999491868842957,1.01038779339707
25.2,13,1.00488620189182,0.999286310384147,1.01051747458082
25.4,13,1.00483292727868,0.999058164664986,1.01064106921344
25.6,13,1.0047661759764,0.998811240975352,1.01075661443336
25.8,13,1.00468688430835,0.998549765515915,1.01086172202914
26,13,1.00459598879689,0.998278228330486,1.01095373220209
26.2,13,1.004494426051,0.998001247090483,1.01102985082346
26.4,13,1.00438313266265,0.997723448496169,1.01108726942094
26.6,13,1.00426304511186,0.99744936437419,1.01112327081397
26.8,13,1.00413509968048,0.99718333714064,1.0111353257281
27,13,1.00400023237471,0.996929427774162,1.01112118724298
27.2,13,1.00385937885631,0.996691318325663,1.01107899104675
27.4,13,1.00371347502767,0.996472190992604,1.01100738089699
27.6,13,1.00356354645547,0.996273385443195,1.0109070527125
27.8,13,1.00341080005133,0.996093193923576,1.01078216355819
28,13,1.00325646391668,0.995929251720959,1.01063758359475
28.2,13,1.00310176541097,0.995778993084907,1.01047838803405
28.4,13,1.00294793113978,0.995639786605835,1.01030971854462
28.6,13,1.00279618695785,0.995509061987457,1.01013665367304
28.8,13,1.00264775798713,0.995384432834165,1.00996408365982
29,13,1.00250386864983,0.995263816264873,1.00979658883772
29.2,13,1.00236574271643,0.995145546800805,1.00963832416423
29.4,13,1.00223460336856,0.995028479204052,1.00949291521067
29.6,13,1.00211167327692,0.994912073111668,1.00936337276224
29.8,13,1.00199817469406,0.994796451797871,1.00925203369566
30,13,1.0018953295621,0.994682428417512,1.00916053478026
30.2,13,1.00180435963534,0.994571495508097,1.00908982362465
30.4,13,1.00172648661784,0.99446577682867,1.00904020768992
30.6,13,1.00166293231589,0.994367943984558,1.00901143891989
30.8,13,1.0016149188054,0.994281102888418,1.00900282893754
31,13,1.00158366861426,0.994208656337802,1.00901338852752
31.2,13,1.00157040491967,0.994154148643541,1.00904198547044
31.4,13,1.00157635176049,0.994121096513038,1.00908751652541
31.6,13,1.00160273426458,0.994112807734132,1.00914909201591
31.8,13,1.00165077889124,0.994132186174477,1.00922623450534
32,13,1.00172171368882,0.994181518761838,1.00931909589847
32.2,13,1.00181676856743,0.994262238007404,1.0094286994086
32.4,13,1.00193666899992,0.994373932135422,1.0095569244568
32.6,13,1.00207950783656,0.994511314034679,1.00970529530943
32.8,13,1.00224252459204,0.994667339385531,1.0098754008764
33,13,1.00242295787669,0.994834847222864,1.01006894690445
33.2,13,1.00261804531744,0.995006898978108,1.01028741190494
33.4,13,1.00282502311525,0.995177088481781,1.01053173211646
33.6,13,1.00304112567872,0.995339810438534,1.01080202886646
33.8,13,1.00326358533388,0.995490469230928,1.01109739647692
34,13,1.00348963211046,0.995625610656696,1.01141576811085
34.2,13,1.00371649360449,0.995742965823865,1.01175387033756
34.4,13,1.00394139491751,0.995841406993246,1.01210726663001
34.6,13,1.00416155867237,0.995920826261835,1.01247047890353
34.8,13,1.00437420510589,0.995981956152335,1.0128371680338
35,13,1.0045765522384,0.996026154316401,1.01320035114923
35.2,13,1.00476581612024,0.996055172566412,1.01355263548562
35.4,13,1.00493921115539,0.996070924789485,1.0138864542513
35.6,13,1.00509395050229,0.996075261017498,1.01419429723048
35.8,13,1.00522724655179,0.996069747759201,1.01446893601911
36,13,1.00533631148235,0.996055448627395,1.01470364985979
36.2,13,1.00541835789241,0.996032694591256,1.0148924627438
36.4,13,1.0054705995098,0.996000829733856,1.0150304058971
36.6,13,1.00549025197821,0.995957916092519,1.01511382206765
36.8,13,1.00547453372029,0.995900380340415,1.01514072884927
37,13,1.00542066687735,0.995822587004268,1.01511125633843
37.2,13,1.00532603253896,0.995716350618836,1.01502845772531
37.4,13,1.00519042005152,0.995570943906795,1.01490284218053
37.6,13,1.00501552301009,0.995373781008833,1.01475066026708
37.8,13,1.00480309040098,0.99511090813728,1.01458967259163
38,13,1.00455487408658,0.994767709170285,1.01443833142996
38.2,13,1.00427262817054,0.99432986545432,1.01431481315482
38.4,13,1.00395810839277,0.993784489990413,1.01423587665099
38.6,13,1.00361307155461,0.993121256955755,1.01421572677116
38.8,13,1.00323927497411,0.992333289391778,1.01426512000567
39,13,1.00283847597169,0.991417603082855,1.01439091434528
39.2,13,1.00241243138618,0.990375031723011,1.01459613824208
39.4,13,1.00196289712131,0.989209713866733,1.01488049817409
39.6,13,1.00149162772275,0.987928325989181,1.01524114048912
39.8,13,1.00100037598566,0.986539261134567,1.01567346804939
40,13,1.00049089259276,0.985051899501768,1.01617186532745
0,14,1.00263558264304,0.958051364806312,1.04929458744123
0.2,14,1.0022202570238,0.960825609916343,1.04539828374922
0.4,14,1.00180203592374,0.963471207380261,1.04165782173172
0.6,14,1.00138062174161,0.965971147375711,1.03808809644456
0.8,14,1.00095571741211,0.968307375967889,1.03470486034305
1,14,1.00052702641585,0.970460923369071,1.03152461524495
1.2,14,1.00009425279022,0.972412263373609,1.02856427477997
1.4,14,0.99965710114114,0.974142043560961,1.02584045773133
1.6,14,0.999215276655661,0.975632347263419,1.02336825127065
1.8,14,0.998768485115429,0.976868609844371,1.02115932153731
2,14,0.998316432911041,0.977842154773107,1.01921940607222
2.2,14,0.997858827057246,0.978553007269842,1.0175455303276
2.4,14,0.997395375209009,0.979012265225576,1.01612366854169
2.6,14,0.996925785678431,0.979243104035871,1.01492777233196
2.8,14,0.996449767452517,0.979279745267407,1.01392083707914
3,14,0.99596703021179,0.979164434985659,1.01305796026325
3.2,14,0.995477612251571,0.978942971171391,1.01229152839036
3.4,14,0.994983612018473,0.978657667154265,1.01158190592224
3.6,14,0.994487922007113,0.97834283388931,1.01089944420232
3.8,14,0.993993430733491,0.978024738563152,1.01022285161505
4,14,0.993503020976828,0.97772238401141,1.00953836061358
4.2,14,0.993019569856143,0.977448554311148,1.00883863582183
4.4,14,0.992545948990269,0.977210889582225,1.00812165660389
4.6,14,0.992085024741043,0.977012872402565,1.00738969169886
4.8,14,0.991639658539394,0.976854688384216,1.00664840337169
5,14,0.991212707294092,0.976733968848262,1.00590607313455
5.2,14,0.990807023882969,0.97664644546608,1.00517291915943
5.4,14,0.990425457726401,0.976586554385978,1.00446046784794
5.6,14,0.990070855442966,0.976548025918478,1.00378094346729
5.8,14,0.989746061587165,0.976524487167626,1.00314664844564
6,14,0.989453919469193,0.976510089177905,1.00256932273701
6.2,14,0.989197272056813,0.976500147586833,1.00205949324511
6.4,14,0.988978962959416,0.97649175920077,1.00162585086925
6.6,14,0.988801837494484,0.976484332861772,1.00127471678634
6.8,14,0.988668743836691,0.976479960789751,1.00100967176948
7,14,0.988582534250039,0.976483564384573,1.0008314145463
7.2,14,0.988546066403442,0.976502777506585,1.00073788617066
7.4,14,0.988562204770364,0.976547571771625,1.00072465586856
7.6,14,0.988633822113131,0.976629666598491,1.00078552562324
7.8,14,0.988763801052753,0.976761786768274,1.00091329074919
8,14,0.988954832139055,0.976956532734394,1.00110048629675
8.2,14,0.989205501409085,0.977219656840627,1.00133835537202
8.4,14,0.989510577579486,0.977549155318966,1.00161836140322
8.6,14,0.989864687193932,0.97794056896286,1.00193419728224
8.8,14,0.990262456890948,0.978387686506794,1.00228135232248
9,14,0.99069851087594,0.978882983918269,1.00265665618492
9.2,14,0.991167468686319,0.979418011965325,1.00305787618783
9.4,14,0.991663943249569,0.9799837456788,1.00348335436943
9.6,14,0.992182539234428,0.980570906850134,1.00393167315552
9.8,14,0.992717851695636,0.981170266106391,1.00440134308793
10,14,0.993264465012902,0.981772925524747,1.00489051165274
10.2,14,0.993816952124981,0.982370577171577,1.00539669782728
10.4,14,0.994369874059822,0.982955728404819,1.00591656151429
10.6,14,0.994917779761918,0.983521882282626,1.00644571952893
10.8,14,0.995455206217973,0.984063661723886,1.00697861950369
11,14,0.995976678882039,0.984576869307031,1.00750847983568
11.2,14,0.996476712401242,0.985058480105632,1.00802729828945
11.4,14,0.996949811643084,0.985506571372265,1.00852592545498
11.6,14,0.997390473025229,0.985920198540128,1.00899419360156
11.8,14,0.997793186148456,0.986299230522024,1.00942108795659
12,14,0.998152435733256,0.986644157930647,1.00979494679202
12.2,14,0.998462703860265,0.986955885667231,1.01010367887515
12.4,14,0.998718472514416,0.987235516902204,1.01033499126059
12.6,14,0.998914226432307,0.987484129503235,1.01047662636444
12.8,14,0.999044472440546,0.987702544891088,1.01051664094281
13,14,0.999106944926915,0.987892227221789,1.01044897398215
13.2,14,0.999106469084422,0.988056348702964,1.01028017063674
13.4,14,0.999048824594137,0.988197500930553,1.01001930584023
13.6,14,0.998939800311498,0.988317540977607,1.00967622577993
13.8,14,0.998785191124184,0.988417760233833,1.0092613651266
14,14,0.998590795143685,0.988499029275358,1.00878558968005
14.2,14,0.998362411231768,0.988561931094996,1.00826005211071
14.4,14,0.998105836862597,0.988606893500659,1.00769604999575
14.6,14,0.997826866320896,0.988634330147723,1.00710487668682
14.8,14,0.99753128923623,0.988644798037268,1.00649765717756
15,14,0.997224889453193,0.988639176815428,1.00588516363295
15.2,14,0.996913444237119,0.988618871289632,1.00527760916022
15.4,14,0.996602723814728,0.988586032910752,1.00468442406631
15.6,14,0.996298491249069,0.988543788805904,1.0041140260101
15.8,14,0.99600650264802,0.988496459443897,1.00357360295982
16,14,0.995732507705671,0.9884497403115,1.00306893357002
16.2,14,0.995482250575914,0.988410821686349,1.002604270885
16.4,14,0.995261471077743,0.988388425652571,1.00218231021659
16.6,14,0.995075906231868,0.988392750853126,1.00180425069742
16.8,14,0.994931292128539,0.98843533041511,1.0014699450705
17,14,0.994833366126684,0.988528822497958,1.00117811826472
17.2,14,0.994787869384846,0.988686761620355,1.00092662660253
17.4,14,0.994800549724755,0.988923300010512,1.00071272840083
17.6,14,0.994877164828832,0.989252962059356,1.00053334289482
17.8,14,0.995022302556222,0.989688340160668,1.00038501254199
18,14,0.995233804671539,0.99022972781906,1.00026316937838
18.2,14,0.995507126037598,0.990872066316214,1.00016386744661
18.4,14,0.995837725759872,0.991609279103215,1.0000842034712
18.6,14,0.996221067282202,0.992434508125747,1.00002207377007
18.8,14,0.996652615865234,0.99334028903985,0.999975987756563
19,14,0.99712783627363,0.994318684117492,0.999944924854943
19.2,14,0.997642190671408,0.99536138379573,0.999928223869996
19.4,14,0.99819113672501,0.99645978528294,0.999925496394667
19.6,14,0.99877012591398,0.997605054628391,0.999936557849351
19.8,14,0.999374602049343,0.998788177148241,0.999961371261855
20,14,1,1,1
20.2,14,1.0006417446276,1.00005256644115,1.00123126992675
20.4,14,1.00129524993057,1.00011921407141,1.00247266868522
20.6,14,1.00195591839797,1.00020007079894,1.00371484838109
20.8,14,1.00261914057413,1.00029521136956,1.00494846883179
21,14,1.00328029483492,1.00040461669784,1.00616423915211
21.2,14,1.00393474737663,1.00052812766754,1.00735296601785
21.4,14,1.00457785241846,1.00066539048416,1.00850561153254
21.6,14,1.00520495261956,1.00081578993744,1.00961336434756
21.8,14,1.0058113797116,1.00097836588643,1.01066772872905
22,14,1.00639245534759,1.00115170683455,1.01166063770986
22.2,14,1.00694349216797,1.00133381252703,1.01258459839741
22.4,14,1.00745979508429,1.00152191501974,1.01343287998973
22.6,14,1.00793683040773,1.00171218890241,1.01420015184757
22.8,14,1.00837302696952,1.00189876129493,1.01488912932227
23,14,1.00876935983715,1.00207458352557,1.0155088633882
23.2,14,1.00912689288818,1.00223270392896,1.01606850580515
23.4,14,1.00944669613816,1.00236649056416,1.01657691267268
23.6,14,1.00972984532719,1.00246984099876,1.01704242745965
23.8,14,1.00997742151693,1.00253740221369,1.01747265460782
24,14,1.01019051069854,1.00256478368198,1.01787424066262
24.2,14,1.01037020341147,1.00254874199168,1.01825268456643
24.4,14,1.01051759437341,1.00248731528745,1.01861219884405
24.6,14,1.01063378212152,1.00237989086878,1.01895563834586
24.8,14,1.01071986866504,1.002227198485,1.01928450401116
25,14,1.01077695914942,1.00203123270322,1.01959901827726
25.2,14,1.01080616153214,1.00179511716049,1.01989825932407
25.4,14,1.01080858627023,1.00152292921967,1.02018033563515
25.6,14,1.01078534601972,1.00121950472171,1.02044258118222
25.8,14,1.01073755534694,1.00089023986194,1.02068175420477
26,14,1.01066633045193,1.00054090227562,1.02089422749835
26.2,14,1.01057278890384,1.00017745783314,1.0210761637094
26.4,14,1.01045804938859,0.999805914593834,1.02122367418578
26.6,14,1.01032323146866,0.999432181397956,1.02133296390106
26.8,14,1.01016945535516,0.999061935722086,1.02140046782485
27,14,1.00999784169218,0.998700493408003,1.02142298612655
27.2,14,1.00980951135349,0.998352671303993,1.02139782717071
27.4,14,1.00960558813474,0.998022622409983,1.02132298477516
27.6,14,1.00938759841231,0.997712302723841,1.02119951918704
27.8,14,1.00915788067779,0.997420132015029,1.02103376044424
28,14,1.00891886958232,0.997143723482284,1.02083306691681
28.2,14,1.00867299778492,0.996880434986808,1.02060506029882
28.4,14,1.00842269575797,0.996627553532672,1.02035743414396
28.6,14,1.00817039165128,0.996382464101641,1.02009777893743
28.8,14,1.00791851121472,0.996142808288371,1.01983341825744
29,14,1.00766947777922,0.995906633819707,1.01957125494123
29.2,14,1.00742571229608,0.995672532432342,1.01931762977927
29.4,14,1.00718963343447,0.995439760819881,1.0190781980241
29.6,14,1.0069636577371,0.995208337682786,1.01885783067714
29.8,14,1.00675019983387,0.994979109563607,1.01866054786826
30,14,1.00655167271345,0.994753779211154,1.01848949058095
30.2,14,1.00637048805281,0.994534892505366,1.01834693468855
30.4,14,1.00620905660456,0.994325783009606,1.01823434823197
30.6,14,1.00606978864214,0.994130476318599,1.01815248976842
30.8,14,1.0059550944629,0.993953558837964,1.01810154315352
31,14,1.00586738494897,0.993800016938975,1.01808128281227
31.2,14,1.00580907218628,0.993675052353878,1.01809126363368
31.4,14,1.00578257014149,0.993583878306104,1.01813103099563
31.6,14,1.00579029539739,0.993531498543764,1.01820034875422
31.8,14,1.00583466794657,0.993522468634974,1.01829944584261
32,14,1.00591811204401,0.993560636110389,1.01842928489949
32.2,14,1.00604305711864,0.993648853863237,1.01859185852383
32.4,14,1.00621102264096,0.993787488659546,1.01878986567822
32.6,14,1.00641876947922,0.99396948267282,1.01902398133632
32.8,14,1.0066615163799,0.994185133072036,1.01929447026529
33,14,1.00693448066642,0.994424560511416,1.01960177636151
33.2,14,1.00723287748118,0.994678097303261,1.01994612350423
33.4,14,1.0075519184601,0.994936634113426,1.02032715811818
33.6,14,1.00788681063486,0.995191917061111,1.0207436431473
33.8,14,1.00823275556321,0.995436781747066,1.0211932169178
34,14,1.00858494868759,0.995665310631292,1.02167223047488
34.2,14,1.00893857892245,0.995872904364473,1.02217567279598
34.4,14,1.00928882847094,0.996056265019456,1.02269718594295
34.6,14,1.00963087287135,0.996213297587634,1.02322916379792
34.8,14,1.00995988127394,0.996342943257108,1.02376292087577
35,14,1.01027101694865,0.996444962091016,1.02428891360407
35.2,14,1.01055943802427,0.996519683080062,1.02479699610498
35.4,14,1.0108202984593,0.996567736568244,1.0252766954867
35.6,14,1.01104874924494,0.996589778870356,1.02571749683049
35.8,14,1.01123993984025,0.996586212809697,1.02610913414612
36,14,1.01138901983952,0.99655690196024,1.02644188950965
36.2,14,1.0114911408715,0.996500871238188,1.02670690773233
36.4,14,1.0115414587301,0.996415982495912,1.02689653789653
36.6,14,1.01153513573577,0.996298571189754,1.02700471567083
36.8,14,1.01146734332648,0.99614302953055,1.0270274009728
37,14,1.01133326487695,0.995941323920024,1.02696308314727
37.2,14,1.01112836665454,0.995682547093169,1.02681379405339
37.4,14,1.01085230610863,0.995354178984467,1.02659174627435
37.6,14,1.0105080543759,0.994942682367796,1.02631693870893
37.8,14,1.01009868280384,0.994433106853053,1.02601104284516
38,14,1.00962727085951,0.993809796210686,1.02569649640194
38.2,14,1.00909690421595,0.993057316148442,1.02539555928914
38.4,14,1.00851067292903,0.992161518662512,1.02512923377926
38.6,14,1.00787166970572,0.991110621313238,1.02491617055768
38.8,14,1.00718298826431,0.989896133402974,1.02477172868809
39,14,1.00644772178727,0.988513465333609,1.02470735322653
39.2,14,1.00566896146717,0.986962121072062,1.02473037056365
39.4,14,1.00484979514591,0.985245473827809,1.02484420139671
39.6,14,1.00399330604744,0.983370218709968,1.02504889756619
39.8,14,1.00310257160411,0.98134564709663,1.02534185802496
40,14,1.00218066237654,0.979182886265775,1.02571858038875
