"value","lag","rr","lo","hi"
0,0,0.883528817641003,0.817130604129203,0.955322402144025
0.2,0,0.889321818621845,0.825133193714551,0.958503794419485
0.4,0,0.895152802359665,0.83316633434102,0.961750981220498
0.6,0,0.901022017894613,0.84122274540328,0.965072189461171
0.8,0,0.906928118662254,0.849291612904019,0.968476080445187
1,0,0.912857908485491,0.857344758883815,0.971965539474923
1.2,0,0.918792543037919,0.865345566270135,0.975540604871555
1.4,0,0.924712665050063,0.873256289722627,0.979201092471483
1.6,0,0.930598429327534,0.881038484155755,0.982946207505022
1.8,0,0.936429508025178,0.888653554644942,0.986774000865431
2,0,0.942185100272063,0.896063471501337,0.990680673197549
2.2,0,0.947843946316863,0.903231641155971,0.994659736919453
2.4,0,0.953384346356026,0.910123892485833,0.998701077272132
2.6,0,0.958784184197068,0.916709500024356,1.00278999164077
2.8,0,0.964020955896352,0.922962128783137,1.00690632304988
3,0,0.969071803494654,0.928860563440054,1.01102382563256
3.2,0,0.97391355395462,0.934389090840229,1.01510989359218
3.4,0,0.978522763381765,0.939537445403781,1.01912574441861
3.6,0,0.982875766584969,0.944300295251546,1.02302707877757
3.8,0,0.986948732003408,0.948676322843019,1.02676516336365
4,0,0.990717721994615,0.952667013132341,1.03028822363334
4.2,0,0.994158758442833,0.956275287017111,1.03354300838573
4.4,0,0.997247893608233,0.959504104835356,1.0364764009808
4.6,0,0.999961286095953,0.962355123877578,1.03903699256229
4.8,0,1.00227819437837,0.964829727261951,1.04118016945556
5,0,1.00420639157845,0.966947489511074,1.04290097220989
5.2,0,1.00577003634265,0.968735593123298,1.04422029414992
5.4,0,1.00699404335111,0.970217319167014,1.04516481339997
5.6,0,1.00790381937092,0.971412955523321,1.04576545260838
5.8,0,1.0085251788011,0.97234076495662,1.04605614917438
6,0,1.0088842652578,0.973017878695207,1.04607272175684
6.2,0,1.0090074794932,0.973461119993663,1.04585182989111
6.4,0,1.00892141388734,0.973687756493805,1.04543002888925
6.6,0,1.00865279370171,0.973716171750265,1.0448429303721
6.8,0,1.00822842523852,0.97356643790858,1.04412448691498
7,0,1.00767515100836,0.973260765725994,1.043306424874
7.2,0,1.00701981197348,0.972823806822697,1.04241785058609
7.4,0,1.00628921690331,0.972282787102701,1.04148505094219
7.6,0,1.00551011885348,0.971667459083695,1.0405315004273
7.8,0,1.00470919875936,0.971009872312288,1.03957807521346
8,0,1.0039130561205,0.970343971982523,1.03864346391525
8.2,0,1.00314820674274,0.969705043057831,1.03774475743462
8.4,0,1.00244108750033,0.969129018160184,1.03689819939202
8.6,0,1.00181806808165,0.968651661172908,1.03612008502579
8.8,0,1.0013039648217,0.968305841946453,1.03542660442102
9,0,1.00090397415655,0.968099014417382,1.03482056128864
9.2,0,1.000609600139,0.968019681883006,1.03429670969369
9.4,0,1.00041210944605,0.96805396151041,1.03385186003965
9.6,0,1.00030280546956,0.96818670310685,1.0334842437098
9.8,0,1.00027302029784,0.968402192704869,1.03319274024061
10,0,1.00031410746109,0.968684787315036,1.03297618243721
10.2,0,1.00041743543382,0.969019484841139,1.03283273533356
10.4,0,1.00057438188875,0.969392424308062,1.03275935378457
10.6,0,1.00077632869845,0.969791304353747,1.03275133071086
10.8,0,1.0010146576822,0.970205703666361,1.03280195231587
11,0,1.00128074709646,0.970627286516149,1.03290227714957
11.2,0,1.00156596886865,0.971049879791302,1.03304105265054
11.4,0,1.00186168657443,0.971469414123237,1.03320477663379
11.6,0,1.00215925415927,0.971883729070806,1.03337790381291
11.8,0,1.00245001540562,0.972292248771912,1.03354319100662
12,0,1.0027253041471,0.972695537913669,1.03368217123057
12.2,0,1.00297644523124,0.973094746852285,1.03377574788347
12.4,0,1.00319475623211,0.973490948582255,1.03380490634995
12.6,0,1.00337154991382,0.973884359126595,1.03375155144636
12.8,0,1.00349851487906,0.974273535339749,1.03360014701961
13,0,1.00357419848894,0.974656485675689,1.03334988960187
13.2,0,1.00360312906527,0.975030479998883,1.03301308146874
13.4,0,1.00359004228667,0.975391102878765,1.03260422409465
13.6,0,1.00353967928109,0.97573302150073,1.03213877741129
13.8,0,1.00345678475316,0.976050761113062,1.03163232793228
14,0,1.00334610533492,0.97633944115569,1.03109980469408
14.2,0,1.00321238816048,0.976595471846828,1.03055474326068
14.4,0,1.00306037966481,0.976817196426556,1.03000861259812
14.6,0,1.00289482460699,0.977005452358183,1.02947023150772
14.8,0,1.00272046531784,0.977164018350825,1.0289453077326
15,0,1.00254204117174,0.977299915355655,1.02843613155439
15.2,0,1.00236428828269,0.977423539371871,1.02794144600829
15.4,0,1.00219193942408,0.977548620292709,1.02745649944845
15.6,0,1.00202972417215,0.977692020238253,1.02697326698015
15.8,0,1.00188236927266,0.977873401944294,1.02648081015765
16,0,1.00175459923078,0.97811480856517,1.02596573356467
16.2,0,1.00165113712378,0.978440198491119,1.02541269466298
16.4,0,1.0015767056366,0.978874972610709,1.02480492947776
16.6,0,1.00153602832034,0.979445518531708,1.02412476962211
16.8,0,1.0015335852851,0.980178045458799,1.0233544069889
17,0,1.00156731553995,0.981079023446824,1.02248347338381
17.2,0,1.00162807888083,0.982131846112309,1.02151133004579
17.4,0,1.00170638210255,0.983316660509133,1.02044002328348
17.6,0,1.0017927303741,0.984611935570661,1.01927331812073
17.8,0,1.00187762602593,0.985994866851412,1.01801623038533
18,0,1.00195156823747,0.987441693227638,1.01667465732793
18.2,0,1.00200505362532,0.988927956899584,1.0152550754439
18.4,0,1.00202857773273,0.990428730918312,1.01376428131494
18.6,0,1.00201263742033,0.991918833999415,1.01220915576509
18.8,0,1.00194773415782,0.9933730500545,1.01059643396698
19,0,1.0018243782155,0.994766369339762,1.00893246466807
19.2,0,1.00163309375359,0.996074269224136,1.00722294059845
19.4,0,1.00136442480584,0.997273055250237,1.00547257943827
19.6,0,1.00100894215284,0.998340287311885,1.00368473055211
19.8,0,1.00055725107828,0.999255321059015,1.00186087738251
20,0,1,1,1
20.2,0,0.999327889964907,0.998097759487865,1.00055953654694
20.4,0,0.998531684995084,0.9961454712836,1.00092361475512
20.6,0,0.997602223269301,0.994128858876731,1.00108772317136
20.8,0,0.996530845888306,0.99202694338122,1.00105519656762
21,0,0.995326518915609,0.98982469482424,1.00085892424878
21.2,0,0.99402177217692,0.9875250259786,1.00056125927806
21.4,0,0.992650660921053,0.985138095778142,1.00022051613859
21.6,0,0.99124707338733,0.982681075808888,0.99988774047587
21.8,0,0.989844713987122,0.980178138076719,0.999606622252125
22,0,0.988477097990393,0.977659779093367,0.999414105137486
22.2,0,0.987177557608244,0.975161758538474,0.99934141357834
22.4,0,0.985979259362759,0.972723920336187,0.999415229305294
22.6,0,0.984915232646594,0.970389088592854,0.999658824385546
22.8,0,0.984018409396433,0.968202140575058,1.00009304818927
23,0,0.983321674836662,0.966209287525605,1.00073713706458
23.2,0,0.982857929292273,0.964457551104551,1.00160935861445
23.4,0,0.982660161123169,0.962994403650775,1.00272752219315
23.6,0,0.982761530895729,0.961867535314519,1.0041093925607
23.8,0,0.983195466982005,0.961124712818595,1.00577304214673
24,0,0.983995772862556,0.96081369827947,1.00773717396538
24.2,0,0.985196746506149,0.960982199477475,1.01002144457417
24.4,0,0.986833312309114,0.961677823829007,1.01264681596332
24.6,0,0.988941166199813,0.962948006261348,1.01563596772141
24.8,0,0.99155660269845,0.96483942868354,1.01901359659025
25,0,0.994692002480934,0.967364749691696,1.02279122752288
25.2,0,0.998318526120484,0.970480101369036,1.02695550191028
25.4,0,1.00240355993291,0.974136379416,1.0314909885293
25.6,0,1.00691453942604,0.978284782964364,1.03638215309384
25.8,0,1.01181879337548,0.982876953454562,1.04161285604419
26,0,1.01708339939375,0.987865132505934,1.04716586028117
26.2,0,1.02267505080776,0.993202346617609,1.05302234041874
26.4,0,1.02855993479886,0.998842613028922,1.05916139907701
26.6,0,1.03470362188674,1.00474115016893,1.06555960703463
26.8,0,1.04107096695506,1.01085456796913,1.07219059257378
27,0,1.04762602212185,1.01714100866712,1.0790247103153
27.2,0,1.0543319618516,1.02356020830854,1.08602882054082
27.4,0,1.06115102078813,1.03007345304381,1.09316620634413
27.6,0,1.06804444485802,1.03664341163796,1.10039664882418
27.8,0,1.07497245625091,1.04323383457441,1.10767667171141
28,0,1.08189423292744,1.04980911848752,1.11495995855704
28.2,0,1.08876790333414,1.05633374035589,1.12219793995336
28.4,0,1.09555055701848,1.06277156770045,1.12934054641722
28.6,0,1.10219827183401,1.06908504891045,1.13633712460199
28.8,0,1.10866622613569,1.07523434496211,1.14313759296561
29,0,1.11491995494222,1.08118656450465,1.14970583869386
29.2,0,1.12094825659045,1.08692711616369,1.15603426878159
29.4,0,1.12674294088787,1.09244196261508,1.16212091652138
29.6,0,1.13229587469821,1.09771597141123,1.16796510322275
29.8,0,1.13759899527833,1.10273387169856,1.17356644905165
30,0,1.14264432389728,1.10748108961046,1.17892401340588
30.2,0,1.14742397971499,1.11194445038241,1.18403557729182
30.4,0,1.15193019389607,1.11611272971945,1.18889708564025
30.6,0,1.15615532393308,1.11997703656697,1.19350226782876
30.8,0,1.1600918681515,1.123531014327,1.19784244973192
31,0,1.16373248036745,1.1267708563906,1.20190656173016
31.2,0,1.1670699846676,1.12969514222596,1.20568133667303
31.4,0,1.17009739027918,1.13230450943077,1.20915168255087
31.6,0,1.17280790649658,1.13460118283835,1.21230120887055
31.8,0,1.17519495762972,1.13658838271453,1.21511288470137
32,0,1.17725219793811,1.13826963026983,1.21756981008231
32.2,0,1.17897352651312,1.13964796114903,1.21965608995374
32.4,0,1.18035310207009,1.1407250479195,1.2213578093227
32.6,0,1.18138535761062,1.14150022291471,1.22266411793865
32.8,0,1.18206503282164,1.14196939784223,1.2235684637958
33,0,1.18239721951905,1.14213101011236,1.22408302755815
33.2,0,1.18241409628347,1.14199898152837,1.22425949383836
33.4,0,1.18215252221538,1.14159007708912,1.22415621318605
33.6,0,1.1816495390102,1.14092252394173,1.22383036862048
33.8,0,1.1809422897176,1.1400172987501,1.22333642934409
34,0,1.18006794898326,1.13889910132548,1.22272496536074
34.2,0,1.17906366487943,1.13759696872177,1.2220418690118
34.4,0,1.17796651237482,1.13614449393937,1.2213280191723
34.6,0,1.17681345844869,1.13457963976638,1.22061939721668
34.8,0,1.17564133881795,1.13294417200175,1.21994762998395
35,0,1.17448684622092,1.13128276623494,1.21934090495947
35.2,0,1.17338653018594,1.1296418593972,1.21882518584828
35.4,0,1.1723768082078,1.12806831742797,1.21842565666354
35.6,0,1.1714939882598,1.12660797539139,1.21816833761725
35.8,0,1.17077430258375,1.12530408231784,1.21808184039211
36,0,1.17025395272496,1.1241956580126,1.21819925571447
36.2,0,1.16996916581342,1.12331575145852,1.21856018414845
36.4,0,1.16995626213646,1.12268958857266,1.21921292336251
36.6,0,1.1702517341023,1.12233261978638,1.22021680295641
36.8,0,1.17089233525676,1.12224853297411,1.22164460053221
37,0,1.17190434690137,1.12241565867728,1.22357505231597
37.2,0,1.17327761176703,1.12276187264526,1.22606617468268
37.4,0,1.17499442785158,1.12320463484239,1.22917219414429
37.6,0,1.17703729545185,1.12366463528081,1.23294509000754
37.8,0,1.17938886516517,1.12407019647489,1.23742992175903
38,0,1.1820318888327,1.12436095226908,1.24266089408183
38.2,0,1.18494917332016,1.1244902248188,1.2486587365207
38.4,0,1.18812353705316,1.1244257878347,1.25542970872102
38.6,0,1.19153776924361,1.1241490893026,1.26296615728688
38.8,0,1.19517459176238,1.12365333551633,1.27124822188864
39,0,1.19901662363057,1.12294098710074,1.28024613960724
39.2,0,1.20304634811758,1.12202117624961,1.28992263814196
39.4,0,1.20724608244914,1.1209073979483,1.30023506514141
39.6,0,1.21159795014217,1.11961564897764,1.31113708005883
39.8,0,1.21608385599581,1.11816304751508,1.32257987607455
40,0,1.22068546377952,1.11656688212997,1.33451298379919
0,1,1.01934141564072,0.933899032119954,1.1126009192683
0.2,1,1.0171739266194,0.934843032988682,1.10675563756045
0.4,1,1.01501104646474,0.935724739324987,1.10101548152787
0.6,1,1.0128527653766,0.936536527243142,1.09538784071867
0.8,1,1.01069940163141,0.937269424604059,1.08988221918114
1,1,1.00855367537159,0.937911142674309,1.08451693324082
1.2,1,1.00641935333853,0.93844848996599,1.07931327675859
1.4,1,1.00430017526095,0.938869043446002,1.07429129660849
1.6,1,1.0021998493969,0.939161569850148,1.06946937606427
1.8,1,1.00012205316937,0.939316511726634,1.0648637692923
2,1,0.998070433937709,0.939326527164182,1.06048808619081
2.2,1,0.996048609902883,0.939187051962418,1.05635275871453
2.4,1,0.994060171144752,0.938896837931947,1.05246453490342
2.6,1,0.992108680789597,0.9384584088811,1.04882605897432
2.8,1,0.990197676306301,0.93787837100458,1.04543560068687
3,1,0.988330670929666,0.937167520553765,1.04228699104201
3.2,1,0.98651115520951,0.936340710100179,1.03936980295205
3.4,1,0.984742598684339,0.935416462866617,1.03666978737134
3.6,1,0.983028451678547,0.934416356275304,1.03416954371549
3.8,1,0.981372147222288,0.933364223045673,1.03184937622851
4,1,0.97977710309334,0.932285234003234,1.02968827214381
4.2,1,0.978246723980498,0.931204927982678,1.02766493627961
4.4,1,0.976784403768231,0.930148241949382,1.02575882898543
4.6,1,0.975393527942578,0.929138573128986,1.02395117570928
4.8,1,0.974077433297661,0.928196434312767,1.02222634238222
5,1,0.972839040057238,0.927334544253082,1.02057645077999
5.2,1,0.97168103858517,0.926558997022644,1.0190004562903
5.4,1,0.970606121916203,0.925872319373043,1.01750125172674
5.6,1,0.969616990707416,0.925274416559069,1.01608462510482
5.8,1,0.968716355708197,0.92476340837773,1.01475833636495
6,1,0.967906940314961,0.92433638585799,1.01353128519361
6.2,1,0.967191483212388,0.923990093056772,1.01241276527529
6.4,1,0.966572741103219,0.923721534718526,1.01141180402217
6.6,1,0.966053491528837,0.923528505753726,1.01053659164899
6.8,1,0.96563653578314,0.923410034042265,1.00979400793103
7,1,0.965324701922416,0.923366725096336,1.00918925797806
7.2,1,0.965120847874234,0.923400996344669,1.00872562915646
7.4,1,0.965027864648588,0.923517190423939,1.00840437969618
7.6,1,0.965048679654857,0.923721560481631,1.0082247659327
7.8,1,0.965186260128397,0.924022125150164,1.00818421051254
8,1,0.965443616670906,0.924428395227113,1.00827860955267
8.2,1,0.965823806909019,0.924950976817969,1.00850277406195
8.4,1,0.966329939275924,0.925601055657423,1.00885100101552
8.6,1,0.966965176921126,0.926389763916465,1.00931777292654
8.8,1,0.967731749272579,0.927326226073406,1.0098978247554
9,1,0.968619001980079,0.928402260878532,1.0105778610546
9.2,1,0.96960721508451,0.929596599941415,1.01133992056682
9.4,1,0.97067643599618,0.93088606241749,1.01216763408332
9.6,1,0.971806646954989,0.932246396278243,1.01304565277614
9.8,1,0.97297775029707,0.933652838265337,1.01395900464676
10,1,0.974169557869788,0.935080621755759,1.01489251878444
10.2,1,0.975361784623049,0.936505432885089,1.01583031715288
10.4,1,0.976534046409809,0.937903810312642,1.01675537865619
10.6,1,0.977665862031191,0.939253480130199,1.01764918416772
10.8,1,0.978736659561636,0.940533615222828,1.01849145343191
11,1,0.979725786987102,0.941725008192638,1.01925998496065
11.2,1,0.980612527184297,0.942810148674803,1.01993060832277
11.4,1,0.98137611726146,0.943773199011384,1.02047725506514
11.6,1,0.981995772271069,0.944599865944294,1.02087215076433
11.8,1,0.982450713292244,0.945277169182929,1.02108612745058
12,1,0.98272019986536,0.945793109336834,1.02108905392699
12.2,1,0.982783566743632,0.946136236915474,1.0208503821925
12.4,1,0.982620264906208,0.946295120332496,1.020339811818
12.6,1,0.982209906754567,0.946257703896901,1.01952808093801
12.8,1,0.981533912181383,0.946011823515995,1.01838983066981
13,1,0.980602935330286,0.945566519278228,1.01693756829754
13.2,1,0.979453012180956,0.944949070650565,1.0152168332309
13.4,1,0.978121019149899,0.944185994712434,1.01327570358023
13.6,1,0.976643752336408,0.943303033507228,1.01116288731879
13.8,1,0.975057866545056,0.942325784109402,1.00892691163061
14,1,0.973399828041398,0.941280299783127,1.00661537848963
14.2,1,0.971705880968212,0.940193662243497,1.00427428627324
14.4,1,0.970012027307571,0.939094516089389,1.00194742595194
14.6,1,0.968354020246148,0.938013548834059,0.999675867893849
14.8,1,0.966767370787352,0.936983895249051,0.997497559945425
15,1,0.965287367453803,0.936041444432289,0.995447057721914
15.2,1,0.963949108937258,0.935225032880575,0.993555403194162
15.4,1,0.962787549579967,0.934576516454648,0.991850158125795
15.6,1,0.961837557611566,0.934140726674093,0.990355586492853
15.8,1,0.961133986118809,0.933965329470216,0.989092967505159
16,1,0.960711756791701,0.934100614347593,0.988081011254262
16.2,1,0.960605956569057,0.934599246512157,0.987336344684234
16.4,1,0.960851947399396,0.935516012742972,0.986874037692038
16.6,1,0.961485489439876,0.936907583473094,0.986708147858626
16.8,1,0.962541328790915,0.938830320477766,0.986851180050403
17,1,0.964013568610804,0.941288856100516,0.987286903953846
17.2,1,0.965852015925835,0.944229382132829,0.987969803016326
17.4,1,0.968004299708229,0.947593008923648,0.98885525265533
17.6,1,0.970417908697859,0.951318829523143,0.9899004290639
17.8,1,0.973040032387573,0.955344081374611,0.991063767586733
18,1,0.97581743092453,0.959604263317799,0.992304531040622
18.2,1,0.978696334116684,0.964033238497101,0.993582457703108
18.4,1,0.981622369913115,0.968563347949035,0.994857465083991
18.6,1,0.984540522861319,0.973125555856661,0.996089389824654
18.8,1,0.987395123132828,0.977649645313771,0.997237746527887
19,1,0.990129866749672,0.98206448263683,0.99826148930412
19.2,1,0.992687867636729,0.986298368563043,0.999118759558375
19.4,1,0.995011742067647,0.990279495849708,0.999766602259076
19.6,1,0.997043725963356,0.993936534506369,1.00016063095679
19.8,1,0.998725825341343,0.997199367501662,1.00025461979857
20,1,1,1,1
20.2,1,1.00080838025569,0.999345241150989,1.00227366153904
20.4,1,1.00109351623123,0.998235108652293,1.00396010874959
20.6,1,1.00079865882501,0.996609814203805,1.00500510955345
20.8,1,0.999869511377287,0.994405454709384,1.00536359193045
21,1,0.998313672942618,0.991609203563432,1.0050634725885
21.2,1,0.996221181469113,0.988285337216643,1.00422074985228
21.4,1,0.993688019229552,0.984509355461442,1.00295225645423
21.6,1,0.990809900234939,0.980362885909929,1.00136824079422
21.8,1,0.987681898210946,0.975933147014075,0.99957208650841
22,1,0.984398165387365,0.971311993869158,0.997660642650878
22.2,1,0.981051741298147,0.966594767418184,0.995724942392256
22.4,1,0.977734450165776,0.961879141186734,0.993851113001093
22.6,1,0.974536885056587,0.95726410450396,0.992121333984343
22.8,1,0.971548476837782,0.952849160625009,0.99061476029078
23,1,0.968857646035352,0.948733769060212,0.989408376610223
23.2,1,0.966552035978009,0.945017029217672,0.988577781531225
23.4,1,0.964718826109204,0.941797585255102,0.988197918555323
23.6,1,0.963445125053281,0.939173725192204,0.988343779314064
23.8,1,0.962818443931656,0.937243646375048,0.989091107270114
24,1,0.962927251543519,0.936105860985779,0.990517131031232
24.2,1,0.96386161436107,0.935859717292814,0.992701357342481
24.4,1,0.96571392585619,0.936606013377425,0.995726456239143
24.6,1,0.968579731495543,0.93844767919774,0.99967927574394
24.8,1,0.97255779618434,0.941489545824312,1.0046512689536
25,1,0.97768692385904,0.945768250543189,1.01068281847689
25.2,1,0.983900574936833,0.951203088570241,1.01772203327906
25.4,1,0.991123286646769,0.957703696393081,1.02570907163995
25.6,1,0.999280106429248,0.965180829811622,1.03458409063112
25.8,1,1.00829574973624,0.973545728443986,1.04428614828508
26,1,1.01809382292605,0.982709562702526,1.05475215833831
26.2,1,1.02859610890661,0.992582968372462,1.06591588710478
26.4,1,1.03972191502971,1.00307566325826,1.07770699677989
26.6,1,1.05138748442987,1.01409613242003,1.0900501511408
26.8,1,1.06350547354317,1.02555136304208,1.1028642084793
27,1,1.07598449993383,1.03734660718812,1.11606153244775
27.2,1,1.08872876579187,1.04938515083146,1.12954745407205
27.4,1,1.10163776353084,1.06156807048232,1.14321991757517
27.6,1,1.11460607078978,1.07379396384259,1.15696933943983
27.8,1,1.12752324280514,1.08595864712739,1.17067870533442
28,1,1.14027381053637,1.09795481772955,1.18422392433584
28.2,1,1.15273739307388,1.1096716856307,1.19747445537057
28.4,1,1.16478893269534,1.12099457968957,1.21029421757352
28.6,1,1.1762990604351,1.1318045356174,1.22254279430476
28.8,1,1.18713487854314,1.14197813601832,1.23407723440953
29,1,1.19720691407816,1.15143090196793,1.24480278639982
29.2,1,1.20652361964427,1.16016824996725,1.25473115196921
29.4,1,1.21510841762343,1.1682076291019,1.26389216248691
29.6,1,1.22298730223453,1.17556774668802,1.27231964779638
29.8,1,1.23018864005894,1.18226923945314,1.28005029618301
30,1,1.23674297122839,1.18833523132781,1.28712263724924
30.2,1,1.24268281319949,1.19379176814792,1.29357616246359
30.4,1,1.24804246889574,1.19866811809881,1.29945059908481
30.6,1,1.25285784084895,1.20299692788771,1.30478535147448
30.8,1,1.25716625282013,1.20681422843462,1.30961911948939
31,1,1.26100628022758,1.21015928960309,1.31398969741822
31.2,1,1.26441759056057,1.21307432992073,1.31793395003542
31.4,1,1.26744079481134,1.2156040929464,1.32148795621309
31.6,1,1.27011731081942,1.21779530567717,1.32468730641569
31.8,1,1.27248923929138,1.21969603535157,1.32756753910873
32,1,1.27459925313798,1.22135495898789,1.33016470285278
32.2,1,1.27649050066037,1.22282055537665,1.33251603525284
32.4,1,1.27820652301848,1.22414022289051,1.33466075612574
32.6,1,1.27979118632903,1.22535931963508,1.33664097898504
32.8,1,1.2812886091839,1.22652009400878,1.33850273472377
33,1,1.28273220047018,1.2276480303474,1.34028797949316
33.2,1,1.28412634577201,1.22873178568109,1.34201824281101
33.4,1,1.2854706446926,1.22975397920922,1.34371167428871
33.6,1,1.28676470163235,1.23069830160016,1.34538529484779
33.8,1,1.28800812591234,1.23155068910601,1.34705371617345
34,1,1.28920053189769,1.23230021237199,1.34872817091066
34.2,1,1.29034153912075,1.23293965393847,1.35041587985425
34.4,1,1.29143077240407,1.23346575345323,1.35211977733714
34.6,1,1.29246786198303,1.23387911410006,1.35383860150463
34.8,1,1.29345244362827,1.23418378283651,1.35556733704835
35,1,1.29438415876763,1.23438653500365,1.35729797997483
35.2,1,1.29526265460778,1.23449590590822,1.35902058191703
35.4,1,1.29608758425533,1.23452101555246,1.36072452789237
35.6,1,1.29685860683752,1.23447022809603,1.36240000597059
35.8,1,1.29757538762222,1.23434967764996,1.36403963726753
36,1,1.29823759813749,1.23416168103334,1.36564024561728
36.2,1,1.29884491629043,1.23390305140289,1.36720475296293
36.4,1,1.29939702648529,1.23356332976222,1.36874418337668
36.6,1,1.29989361974092,1.23312296992614,1.37027974002005
36.8,1,1.30033439388969,1.23255155160759,1.37184488042475
37,1,1.30071964737542,1.23180553313764,1.37348920389968
37.2,1,1.30105170415751,1.23082971648443,1.37528003607685
37.4,1,1.30133332562289,1.22956690872065,1.37728854962335
37.6,1,1.30156728167255,1.22796288819872,1.37958354035072
37.8,1,1.30175634967142,1.22597008242515,1.38222752594236
38,1,1.30190331345637,1.22355067081235,1.38527343249573
38.2,1,1.30201096240286,1.22067875943498,1.38876222193125
38.4,1,1.30208209055047,1.21734140467688,1.3927216835135
38.6,1,1.30211949578789,1.21353846694184,1.3971664083988
38.8,1,1.30212597909741,1.20928147898891,1.40209876269504
39,1,1.30210434385926,1.20459184758197,1.40751054035486
39.2,1,1.30205739521609,1.19949874267584,1.41338494165897
39.4,1,1.30198793949749,1.19403697962064,1.41969857176074
39.6,1,1.30189878370496,1.18824510582483,1.42642324778262
39.8,1,1.3017927350572,1.18216380337161,1.43352750288445
40,1,1.30167260059584,1.17583463843465,1.44097775635999
0,2,1.04479558550573,0.958613530321573,1.13872565008141
0.2,2,1.04363849209761,0.960568422434287,1.13389247111367
0.4,2,1.04248268015083,0.962464000327627,1.12915406502947
0.6,2,1.0413281482462,0.964292273729228,1.12451830411985
0.8,2,1.04017511906815,0.96604369044475,1.11999518140875
1,2,1.03902545864503,0.967704374962008,1.11560299988815
1.2,2,1.03788175701774,0.96925902494054,1.11136292139897
1.4,2,1.03674659621706,0.970692983597854,1.10729501802287
1.6,2,1.03562254706265,0.971992678605992,1.10341783800542
1.8,2,1.03451216940809,0.973146136362219,1.09974790903869
2,2,1.03341801244936,0.974143564631728,1.09629917727633
2.2,2,1.03234261509638,0.97497797300962,1.09308241257418
2.4,2,1.0312885064071,0.975645783074498,1.09010462802992
2.6,2,1.03025820608382,0.976147364754329,1.08736857725388
2.8,2,1.02925422503136,0.976487427361095,1.0848724008744
3,2,1.02827906597669,0.976675197749987,1.08260948978921
3.2,2,1.02733522414975,0.976724336411116,1.08056861433068
3.4,2,1.02642518802527,0.976652572946211,1.07873433787671
3.6,2,1.02555144012529,0.976481078643919,1.0770876971868
3.8,2,1.02471645788232,0.976233626414269,1.07560709920609
4,2,1.023922714563,0.975935608659367,1.07426936377316
4.2,2,1.02317268025228,0.975612987232885,1.07305083810322
4.4,2,1.02246882289809,0.975291237214539,1.07192852135575
4.6,2,1.02181360941669,0.974994322672241,1.07088116116155
4.8,2,1.02120912778357,0.974742915167106,1.06989039514045
5,2,1.02065380435094,0.974546310665561,1.06894272435817
5.2,2,1.02014402313064,0.974404979630185,1.06803007957138
5.4,2,1.0196761589888,0.974315526381035,1.06714861978247
5.6,2,1.01924659879247,0.974271698455748,1.0662976568001
5.8,2,1.01885173999949,0.974265265208656,1.06547867933859
6,2,1.01848798937674,0.974286817354208,1.06469446781763
6.2,2,1.01815176184606,0.974326492176051,1.06394829502688
6.4,2,1.01783947945696,0.974374624944962,1.06324321202406
6.6,2,1.01754757048566,0.974422321548902,1.0625814241975
6.8,2,1.01727246865975,0.974461942078153,1.06196376770361
7,2,1.0170106125082,0.974487481441688,1.06138930017255
7.2,2,1.01675844483623,0.974494831916298,1.06085502076279
7.4,2,1.01651241232477,0.974481914176755,1.06035573300839
7.6,2,1.01626896525414,0.974448667464361,1.05988405979988
7.8,2,1.01602455735193,0.974396895096191,1.05943061429837
8,2,1.0157756457646,0.974329967009979,1.05898432508946
8.2,2,1.01551869115277,0.97425238488315,1.05853291003679
8.4,2,1.01525015790988,0.974169216243228,1.0580634924094
8.6,2,1.01496651450407,0.974085401170764,1.05756335566304
8.8,2,1.01466450071308,0.97400493150182,1.05702139250966
9,2,1.01434433575928,0.973929950464017,1.05643576419098
9.2,2,1.01400867214363,0.973860345960438,1.05581215155491
9.4,2,1.01366020974727,0.973794290314824,1.05515819002461
9.6,2,1.01330164531963,0.97372893325171,1.05448260737062
9.8,2,1.01293567217454,0.973661025968855,1.05379454306771
10,2,1.01256497995793,0.973587479053981,1.05310294215519
10.2,2,1.01219225448701,0.973505853962401,1.05241602387229
10.4,2,1.01182017766084,0.973414783173648,1.05174082993043
10.6,2,1.01145142744188,0.973314310717102,1.05108286070558
10.8,2,1.01108867790868,0.973206143153736,1.05044580923246
11,2,1.01073459937923,0.973093801605628,1.04983140237524
11.2,2,1.0103918586049,0.972982667863696,1.04923935610955
11.4,2,1.0100631190349,0.97287992133319,1.04866744812293
11.6,2,1.009751041151,0.972794367576811,1.04811170694306
11.8,2,1.00945828287237,0.972736162290193,1.04756671373305
12,2,1.00918750003059,0.972716435558495,1.0470260118852
12.2,2,1.0089413469146,0.972746819319032,1.04648262147644
12.4,2,1.00872247688567,0.972838875567299,1.04592966104588
12.6,2,1.00853354306236,0.973003413801388,1.04536108820842
12.8,2,1.00837703600762,0.973249250147728,1.04477269989488
13,2,1.00825248605781,0.973575121263389,1.04416500939605
13.2,2,1.00815684677127,0.973970746893183,1.043542869161
13.4,2,1.00808698921426,0.974424055611042,1.04291285911021
13.6,2,1.00803978746535,0.974922134642483,1.04228243159729
13.8,2,1.00801211786505,0.975451912194411,1.04165917054482
14,2,1.00800085836252,0.976000811139804,1.04105008813773
14.2,2,1.00800288795906,0.976557376406247,1.04046095670585
14.4,2,1.00801508624835,0.977111866814043,1.03989568504303
14.6,2,1.00803433305341,0.977656791735653,1.0393557587939
14.8,2,1.00805750816008,0.978187365707982,1.03883977178792
15,2,1.00808149114714,0.978701851908746,1.03834307742599
15.2,2,1.008103161313,0.97920176939698,1.03785758524019
15.4,2,1.008119397699,0.979691949028394,1.03737171773731
15.6,2,1.00812707920931,0.98018043712069,1.03687052847184
15.8,2,1.00812308482746,0.980678261050238,1.03633596718421
16,2,1.00810429392951,0.981199083375705,1.03574726542012
16.2,2,1.00806758669375,0.981758777846518,1.03508140927611
16.4,2,1.00800984460699,0.982374960196067,1.03431366636402
16.6,2,1.00792795106718,0.983066498709592,1.03341814198329
16.8,2,1.00781879560801,0.983852535597405,1.03236886426688
17,2,1.00767936503317,0.984739307380701,1.03115382426903
17.2,2,1.00750675193218,0.985717143020627,1.02977802747587
17.4,2,1.00729805905754,0.986773283359349,1.02824974783147
17.6,2,1.00705039525254,0.987893123288497,1.02657916597535
17.8,2,1.00676087653251,0.989060661959582,1.0247778538764
18,2,1.00642662724801,0.990258864719567,1.02285835766858
18.2,2,1.00604478132917,0.991469965681889,1.02083384981165
18.4,2,1.00561248361065,0.992675734053898,1.01871782748611
18.6,2,1.00512689123617,0.993857723518761,1.01652383794854
18.8,2,1.00458517514191,0.994997521818278,1.014265213717
19,2,1.00398452161744,0.996077016969817,1.01195480115965
19.2,2,1.00332213394321,0.997078697102595,1.0096046654949
19.4,2,1.00259523410324,0.99798600255306,1.00722575354265
19.6,2,1.00180106457148,0.998783751360143,1.00482749304827
19.8,2,1.00093689017041,0.999458662106646,1.00241730457594
20,2,1,1,1
20.2,2,0.998987709435289,0.997577042827901,1.0004003708563
20.4,2,0.99789736219053,0.995145654159644,1.00065667905441
20.6,2,0.996726332447679,0.99269777071454,1.00077124287235
20.8,2,0.995472346763645,0.990219125276762,1.00075343716892
21,2,0.994146609654141,0.987698572616775,1.00063674170185
21.2,2,0.992778346972547,0.985138429102772,1.00047751371876
21.4,2,0.991397903772596,0.982547691741534,1.00032783331117
21.6,2,0.990035459203318,0.979941759066929,1.00023312754139
21.8,2,0.988721027386236,0.977342247321946,1.00023228574675
22,2,0.987484467429606,0.974776350778205,1.00035825924198
22.2,2,0.986355502497068,0.97227595184218,1.00063893945221
22.4,2,0.985363747860463,0.96987666138789,1.00109813366187
22.6,2,0.984538747886487,0.967616917140837,1.00175651016321
22.8,2,0.983910021934452,0.96553721076812,1.0026324417812
23,2,0.983507119177485,0.963679468641547,1.00374272250122
23.2,2,0.983359682402192,0.962086581859148,1.00510316140727
23.4,2,0.983497520892162,0.960802065773218,1.00672907361269
23.6,2,0.983950692558903,0.959869823319421,1.00863569399344
23.8,2,0.984749595550128,0.959333985529624,1.01083854065774
24,2,0.985925069640114,0.959238803621273,1.01335375432607
24.2,2,0.987508507790675,0.959628568029699,1.0161984391119
24.4,2,0.98953197836466,0.960547529509739,1.01939103076559
24.6,2,0.992028358577699,0.962039795201588,1.0229517210524
24.8,2,0.995031190137338,0.964148766026844,1.02690280196714
25,2,0.998553280851409,0.966887201357055,1.03125644159902
25.2,2,1.00257155315462,0.970217067185502,1.0360049860911
25.4,2,1.00705970507104,0.974095757239263,1.04113917142199
25.6,2,1.01199155166845,0.978481143064784,1.04664960373233
25.8,2,1.01734089211739,0.983331747648823,1.05252626415133
26,2,1.02308138449824,0.988606916633584,1.05875803789746
26.2,2,1.02918642812777,0.99426699389854,1.06533226019016
26.4,2,1.03562905327767,1.00027349671357,1.07223428344009
26.6,2,1.04238181825166,1.00658927730052,1.07944707888761
26.8,2,1.04941671387672,1.01317865218527,1.08695089162068
27,2,1.05670507554558,1.02000747828086,1.09472297062543
27.2,2,1.06421750302434,1.02704315523446,1.10273739518259
27.4,2,1.07192378830965,1.03425453683677,1.11096501588317
27.6,2,1.07979285188353,1.04161173937711,1.11937352364712
27.8,2,1.08779268777239,1.04908584049877,1.12792765462214
28,2,1.09589031786717,1.05664846702741,1.13658953405157
28.2,2,1.1040517560055,1.06427127330397,1.14531915923535
28.4,2,1.11224198235233,1.07192531216118,1.15407502115317
28.6,2,1.12042492864254,1.07958029891274,1.1628148660993
28.8,2,1.12856350603996,1.08720379182036,1.17149663820862
29,2,1.13662477365961,1.09476464667277,1.18008549145533
29.2,2,1.14458592284279,1.10223765746088,1.18856121989859
29.4,2,1.15242500030235,1.10959633345043,1.19690678608501
29.6,2,1.16011956464559,1.11681266473987,1.2051057861051
29.8,2,1.16764671094912,1.12385795262853,1.21314160602016
30,2,1.17498309965611,1.13070353842911,1.22099669591157
30.2,2,1.18210498990495,1.13732142448365,1.2286519686311
30.4,2,1.18898827738271,1.14368477676147,1.23608633469496
30.6,2,1.19560853677815,1.14976829719254,1.24327638595292
30.8,2,1.20194106888856,1.15554845588566,1.25019623861098
31,2,1.20796095241188,1.16100357790965,1.25681754157813
31.2,2,1.21364310042974,1.16611378514079,1.26310965018125
31.4,2,1.2189623215599,1.17086079933913,1.2690399595079
31.6,2,1.22389338572612,1.17522761678804,1.27457438731574
31.8,2,1.22841109446172,1.17919806663946,1.27967799446708
32,2,1.23249035562869,1.18275626427896,1.2843157314781
32.2,2,1.23610626239817,1.18588596789955,1.28845330267825
32.4,2,1.23923417630028,1.18856984190932,1.29205814379716
32.6,2,1.24184981411195,1.19078862607324,1.29510051325854
32.8,2,1.24392936105502,1.19252022361918,1.29755472875643
33,2,1.24546231768446,1.19374873858104,1.29941614565873
33.2,2,1.24647292156694,1.19448228150148,1.30072648900795
33.4,2,1.24699178752391,1.19473360442657,1.30153576696157
33.6,2,1.24705019127098,1.19451723424346,1.30189346370871
33.8,2,1.24667994887299,1.19385056153802,1.30184710297384
34,2,1.2459133032313,1.19275462627387,1.30144115560303
34.2,2,1.2447828180322,1.19125457247881,1.30071632031092
34.4,2,1.24332127950913,1.18937975330812,1.29970919698325
34.6,2,1.24156160629846,1.18716348622032,1.29845235313136
34.8,2,1.23953676760162,1.18464248001389,1.29697476171735
35,2,1.23727970980452,1.18185597488016,1.29530256886773
35.2,2,1.23482329164883,1.17884464842044,1.29346013797624
35.4,2,1.23220022799996,1.17564934245944,1.29147131465821
35.6,2,1.22944304221221,1.17230965831591,1.28936086410431
35.8,2,1.22658402705409,1.16886245541844,1.2871560451359
36,2,1.22365521412514,1.16534027480414,1.28488829866221
36.2,2,1.22068835167034,1.16176970079411,1.28259503659385
36.4,2,1.21771489067906,1.15816967685659,1.28032151472493
36.6,2,1.21476597914254,1.15454981113087,1.27812275386952
36.8,2,1.21187246339275,1.15090874728662,1.27606543176604
37,2,1.20905810623711,1.14722531426918,1.27422354273005
37.2,2,1.20632343003402,1.14344405447724,1.27266061872555
37.4,2,1.20366408765023,1.1395034715668,1.27143731638376
37.6,2,1.20107578039881,1.1353459476098,1.27061098275607
37.8,2,1.1985542555749,1.13092135357339,1.27023183267136
38,2,1.19609530414539,1.126189977631,1.27033982277848
38.2,2,1.19369475858942,1.12112441361312,1.27096257951579
38.4,2,1.19134849088651,1.11571021843023,1.27211457176981
38.6,2,1.18905241064982,1.10994538162688,1.27379748470132
38.8,2,1.18680246340163,1.1038388613252,1.27600154015706
39,2,1.18459462898875,1.09740855764853,1.27870739229138
39.2,2,1.18242492013559,1.09067909860347,1.28188822317017
39.4,2,1.18028938113256,1.08367973389478,1.28551174266911
39.6,2,1.178184086658,1.07644251865429,1.28954191050489
39.8,2,1.17610514073151,1.06900086321902,1.29394030411711
40,2,1.174048675797,1.06138844849808,1.29866713274595
0,3,0.986657108311709,0.928273686533372,1.04871253328048
0.2,3,0.986685749931154,0.930614671888654,1.04613520345796
0.4,3,0.986714392382035,0.932915002626865,1.04361628807813
0.6,3,0.986743035664376,0.935167984961865,1.04116247999214
0.8,3,0.98677191107252,0.937365496870323,1.03878242556694
1,3,0.986802948966733,0.939495887425687,1.03649209445472
1.2,3,0.986838837442139,0.941546149303908,1.03431031161258
1.4,3,0.986882268524329,0.943503491337877,1.03225544035528
1.6,3,0.986935934851846,0.945355725784372,1.03034499388441
1.8,3,0.987002529918662,0.947091762351883,1.02859515074516
2,3,0.987084748390172,0.948702211072697,1.02702016410693
2.2,3,0.987185286492761,0.950180069255771,1.02563168961342
2.4,3,0.987306842477047,0.951521440407926,1.02443808390077
2.6,3,0.987452117154921,0.952726204901076,1.02344375399539
2.8,3,0.987623814510549,0.953798542540563,1.0226486574306
3,3,0.987824642385561,0.95474720658856,1.02204805352698
3.2,3,0.988057313238666,0.955585473942605,1.02163258114056
3.4,3,0.988324544980023,0.956330744716036,1.0213886896421
3.6,3,0.988629061880743,0.957003823498929,1.02129939086528
3.8,3,0.988973595557949,0.957627965265302,1.021345249081
4,3,0.989360886035941,0.958227795245906,1.0215054997091
4.2,3,0.989793682884028,0.958828208228543,1.0217591913437
4.4,3,0.990274746431728,0.959453324139849,1.02208627428496
4.6,3,0.9908068490621,0.960125535521206,1.02246860002057
4.8,3,0.991392080625641,0.960863515942256,1.02289059915384
5,3,0.992025809565013,0.961671478898267,1.02333824849476
5.2,3,0.992699622096685,0.962543282050589,1.02380075585953
5.4,3,0.993405045248475,0.963469138744787,1.02427108896379
5.6,3,0.994133585387255,0.964436592800959,1.02474500964822
5.8,3,0.994876725870768,0.965431334037885,1.02522019410704
6,3,0.99562592542782,0.966437938640009,1.02569543656258
6.2,3,0.996372617270251,0.967440548660785,1.02616992209003
6.4,3,0.997108208940404,0.968423497084201,1.02664256219497
6.6,3,0.997824082897915,0.969371875372999,1.02711139626158
6.8,3,0.998511597849624,0.970272031269908,1.02757307116777
7,3,0.999162090826144,0.971111977619589,1.02802241837361
7.2,3,0.999766880008235,0.971881689704733,1.02845215106899
7.4,3,1.00031726830553,0.972573269932554,1.02885270262428
7.6,3,1.00080454768939,0.973180964476527,1.02921222181379
7.8,3,1.00122000428068,0.97370102523108,1.02951673151818
8,3,1.00155492419215,0.97413141974884,1.02975044828363
8.2,3,1.00180060012381,0.974471398952795,1.02989625297053
8.4,3,1.00194833870808,0.974720935072834,1.02993630003943
8.6,3,1.00198946859989,0.974880039238516,1.02985275600608
8.8,3,1.0019162193483,0.974948540528533,1.02962984082113
9,3,1.00173219392171,0.974932133927262,1.02926896490425
9.2,3,1.00144896513698,0.974839593160215,1.02878467063771
9.4,3,1.00107828800299,0.974678056208816,1.02819359923735
9.6,3,1.00063192532758,0.974453557192645,1.02751356654634
9.8,3,1.00012163817203,0.974171605469937,1.02676292916317
10,3,0.999559177680757,0.973837708924953,1.02596001420893
10.2,3,0.998956278288044,0.973457843204546,1.02512261100701
10.4,3,0.998324652301125,0.973038862463491,1.02426752911892
10.6,3,0.997675985857149,0.972588842036329,1.02341023229511
10.8,3,0.997021936249815,0.972117340431891,1.02256456090136
11,3,0.996374130620444,0.971635567830974,1.02174255558165
11.2,3,0.995744166007611,0.971156450951005,1.02095439222718
11.4,3,0.995143610749225,0.970694589082601,1.0202084333765
11.6,3,0.994584007231203,0.970266101985406,1.01951139529242
11.8,3,0.994076875977551,0.969888375453873,1.01886862484649
12,3,0.993633721077771,0.969579713071298,1.01828447764795
12.2,3,0.993266036949096,0.969358901742653,1.01776278980154
12.4,3,0.992985316432978,0.969244693452983,1.01730744084732
12.6,3,0.992803060227741,0.96925519637092,1.01692301479328
12.8,3,0.992730190099595,0.969406379187651,1.01661516933799
13,3,0.992766803732002,0.969698025765459,1.01638437988389
13.2,3,0.992903576612148,0.97011558866821,1.01622685375317
13.4,3,0.993130894853991,0.970642717906943,1.01614008544805
13.6,3,0.993439162356909,0.971262316597126,1.01612237233926
13.8,3,0.993818792493787,0.97195714440716,1.01617216149611
14,3,0.994260200733591,0.972710393443523,1.01628743090036
14.2,3,0.99475379819444,0.973506237430964,1.01646510415136
14.4,3,0.995289986125091,0.974330342917308,1.01670050992649
14.6,3,0.995859151314344,0.975170321130974,1.01698690758589
14.8,3,0.996451662429275,0.97601609330816,1.01731510613993
15,3,0.997057867284309,0.976860142686399,1.01767320343285
15.2,3,0.997668091044005,0.977697633585002,1.01804646518136
15.4,3,0.998272635363072,0.978526390823403,1.01841735068194
15.6,3,0.998861778467449,0.979346748110959,1.01876567661826
15.8,3,0.999425776180437,0.980161288022128,1.01906889641546
16,3,0.999954863897681,0.980974505266597,1.01930246348338
16.2,3,1.00043925951441,0.981792427281755,1.01944024435882
16.4,3,1.00086916730769,0.982622221709248,1.01945495220401
16.6,3,1.00123478277544,0.98347181032693,1.01931858108485
16.8,3,1.00152657335454,0.984349370091008,1.01900352416799
17,3,1.00174233265688,0.985259488367263,1.01850092578128
17.2,3,1.00188779404121,0.986201526542452,1.01782356327102
17.4,3,1.00196910542823,0.987172886644856,1.01698709700667
17.6,3,1.00199242989538,0.988169630239142,1.01600858683005
17.8,3,1.00196394191596,0.989186826788859,1.01490609631224
18,3,1.00188982397514,0.990218827423879,1.01369837816187
18.2,3,1.00177626356478,0.991259488434944,1.01240461650085
18.4,3,1.00162945055862,0.992302363336935,1.01104420718356
18.6,3,1.00145557496879,0.993340878902333,1.0096365607588
18.8,3,1.00126082508422,0.994368508780467,1.00820091444555
19,3,1.00105138599112,0.995378957950968,1.00675613985011
19.2,3,1.00083343847561,0.996366372206274,1.00532053219831
19.4,3,1.00061315830796,0.997325589101424,1.00391156460863
19.6,3,1.00039671590824,0.998252450341859,1.00254558739852
19.8,3,1.00019027639263,0.999144200239375,1.00123744775849
20,3,1,1,1
20.2,3,0.999832042898067,0.998843472777759,1.00082159142081
20.4,3,0.999692558368853,0.99777466127552,1.00161414199523
20.6,3,0.999587698373093,0.996795927275862,1.00238728850895
20.8,3,0.999523554920999,0.995903877718457,1.00315638807498
21,3,0.999503672396608,0.995083066646956,1.00394391646174
21.2,3,0.999528169125023,0.994309734516725,1.00477399163753
21.4,3,0.999596927739493,0.993564186078618,1.00566629911434
21.6,3,0.999709836730975,0.992832278550379,1.00663503720479
21.8,3,0.999866790396803,0.992105546495751,1.00768875052619
22,3,1.00006768879076,0.99138079906268,1.00883069664945
22.2,3,1.00031243767455,0.990659380363361,1.01005955508076
22.4,3,1.00060094847059,0.989946292041885,1.01137027950793
22.6,3,1.00093313821621,0.98924933079598,1.01275494052971
22.8,3,1.0013089295191,0.98857832868571,1.01420347102656
23,3,1.00172825051411,0.987944528513756,1.0157042818868
23.2,3,1.00219103482128,0.98736009077726,1.01724475159361
23.4,3,1.00269722150517,0.986837710903815,1.01881161097237
23.6,3,1.00324675503538,0.986390319579225,1.02039125030989
23.8,3,1.0038395852483,0.986030839153803,1.0219699758846
24,3,1.0044756673101,0.985771971401723,1.02353424066559
24.2,3,1.00515496168083,0.985625994021345,1.02507087183185
24.4,3,1.00587743407971,0.985604544008137,1.02656731702572
24.6,3,1.00664305545159,0.985718364738514,1.02801193255411
24.8,3,1.00745179335382,0.98597688318676,1.02939443433136
25,3,1.00830297538914,0.986380041660592,1.03071316048427
25.2,3,1.00919484834359,0.986913411579667,1.03197933068216
25.4,3,1.01012555379135,0.987561060466415,1.03320561661309
25.6,3,1.01109323070012,0.988307211663978,1.03440459515253
25.8,3,1.01209601471283,0.989136568231422,1.03558838677768
26,3,1.01313203746434,0.990034620237991,1.03676831532406
26.2,3,1.01419942593313,0.990987940152535,1.03795458439663
26.4,3,1.01529630182806,0.99198446052145,1.03915597625781
26.6,3,1.01642078101012,0.993013720445994,1.04037958670422
26.8,3,1.01757097294945,0.994067062539998,1.04163061428023
27,3,1.01874498021762,0.995137760441662,1.04291222378899
27.2,3,1.01994089801546,0.996221058740171,1.04422550227972
27.4,3,1.02115681373642,0.997314111954073,1.04556952091774
27.6,3,1.0223908065659,0.998415815855838,1.04694150948968
27.8,3,1.02364094711664,0.99952653134812,1.04833714338784
28,3,1.0249052971004,1.00064770654248,1.04975093747427
28.2,3,1.02618190903632,1.00178140535368,1.05117673856369
28.4,3,1.02746882599616,1.00292975025578,1.0526083089316
28.6,3,1.02876408138668,1.00409428320968,1.05403999688978
28.8,3,1.03006568626178,1.00527522796089,1.05546748641778
29,3,1.03136957127585,1.0064681929068,1.05688704327712
29.2,3,1.032667280351,1.00766113956572,1.05829397407061
29.4,3,1.03394976166297,1.00883978231284,1.05968472733305
29.6,3,1.03520791909595,1.00998910381924,1.06105643289273
29.8,3,1.03643261397702,1.01109408427592,1.06240614006212
30,3,1.03761466761414,1.01214032310797,1.06373017047869
30.2,3,1.03874486464385,1.0131145472824,1.06502359157539
30.4,3,1.03981395719362,1.01400499537323,1.0662798216065
30.6,3,1.04081266986324,1.014801666272,1.06749037743251
30.8,3,1.04173170552835,1.01549642563758,1.06864477205979
31,3,1.04256175196797,1.016082970478,1.0697305616245
31.2,3,1.04329348931621,1.01655666045603,1.07073353329986
31.4,3,1.04391759833675,1.01691423127551,1.07163801882316
31.6,3,1.04442476951665,1.01715340905137,1.07242731477177
31.8,3,1.04480571297404,1.01727244409898,1.07308419115791
32,3,1.04505116917162,1.01726957835508,1.0735914741036
32.2,3,1.04515192042581,1.01714245371539,1.07393269524803
32.4,3,1.04509880319818,1.01688746042485,1.07409280864763
32.6,3,1.04488272115335,1.01649901695004,1.07405898358924
32.8,3,1.04449467342557,1.01596877769116,1.07382150590659
33,3,1.04393386352838,1.0152907279419,1.0733850723038
33.2,3,1.04322116939973,1.01447201284054,1.07278504927548
33.4,3,1.04238103796914,1.01352221998086,1.07206157585587
33.6,3,1.04143789152885,1.01245214787343,1.07125347522858
33.8,3,1.04041610090049,1.01127481840448,1.07039712975433
34,3,1.03933996429494,1.01000623078953,1.06952564098162
34.2,3,1.03823369185005,1.00866582251029,1.06866830900438
34.4,3,1.03712139581958,1.00727661317385,1.06785045497837
34.6,3,1.03602708637792,1.00586503045896,1.06709358731654
34.8,3,1.03497467300094,1.00446044476803,1.0664158846004
35,3,1.03398797138248,1.00309446140061,1.06583294605259
35.2,3,1.03309071584816,1.00180002907066,1.06535875045017
35.4,3,1.03230657723522,1.00061041921849,1.0650067688036
35.6,3,1.03165918621609,0.999558114341065,1.06479119246176
35.8,3,1.03117216205727,0.998673620981574,1.06472826102761
36,3,1.03086914682158,0.997984200545103,1.06483769711805
36.2,3,1.03077384504233,0.997512495090499,1.06514427122736
36.4,3,1.0309100689218,0.997275022207026,1.0656795232396
36.6,3,1.03130178913379,0.99728053091113,1.0664836495894
36.8,3,1.03197319028713,0.997528258180041,1.06760751561504
37,3,1.0329411198831,0.997997703180753,1.06910802875076
37.2,3,1.03419682963855,0.998630328159781,1.07103004212315
37.4,3,1.03572626619652,0.999359013726008,1.07341694401677
37.6,3,1.03751551253489,1.00011843908101,1.07631096146938
37.8,3,1.03955075056729,1.00084892048227,1.07974914184278
38,3,1.04181822583223,1.00149979148657,1.08375980195176
38.2,3,1.04430421420515,1.00203171875959,1.0883600502753
38.4,3,1.04699499058148,1.0024175695254,1.09355476562699
38.6,3,1.04987679949209,1.00264183037827,1.09933703214428
38.8,3,1.05293582762395,1.00269893284791,1.10568967491092
39,3,1.0561581782306,1.00259101622432,1.11258736552832
39.2,3,1.05952984742692,1.00232562643579,1.11999879877402
39.4,3,1.06303670237273,1.00191369072019,1.12788860064303
39.6,3,1.06666446135848,1.00136792509327,1.13621881090229
39.8,3,1.07039867581451,1.00070169189242,1.14494992310719
40,3,1.07422471427299,0.999928246398312,1.15404154339212
0,4,0.98406058897519,0.949348038056817,1.02004239115122
0.2,4,0.98393648118213,0.950733257992713,1.01829928727337
0.4,4,0.983812389041301,0.952094503787806,1.01658691755967
0.6,4,0.98368831255073,0.953427775215564,1.01490927934224
0.8,4,0.983564394363803,0.954728086457909,1.01327166507622
1,4,0.983441824814676,0.955987894458542,1.01168417340954
1.2,4,0.983322260693472,0.957198530123606,1.01015895652332
1.4,4,0.983207360154154,0.958351244118365,1.00870815266757
1.6,4,0.983098780628474,0.959437415630742,1.00734367529102
1.8,4,0.982998178918605,0.960448846823373,1.0060769222153
2,4,0.98290721131771,0.961378158696432,1.00491838442672
2.2,4,0.982827533758424,0.962219286614246,1.00387715622761
2.4,4,0.982760801989263,0.962968051128054,1.00296037111012
2.6,4,0.982708671778942,0.963622749830239,1.00217261761375
2.8,4,0.982672799148626,0.964184686120929,1.00151541928294
3,4,0.98265484063213,0.964658533440046,1.00098688017025
3.2,4,0.982656453564101,0.965052441761751,1.00058158908795
3.4,4,0.98267929639623,0.965377832324206,1.00029083663637
3.6,4,0.982725029041553,0.96564888770827,1.00010313789797
3.8,4,0.982795313246914,0.965881805819893,1.00000499224665
4,4,0.982891812993689,0.966093924734977,0.999981773319854
4.2,4,0.983016194926875,0.966302828634078,1.00001863893378
4.4,4,0.983170128812682,0.966525517385618,1.00010137839319
4.6,4,0.983355288024771,0.966777678790413,1.00021715819518
4.8,4,0.983573056517396,0.967072464509375,1.00035518847884
5,4,0.983821983234961,0.967414649241712,1.00050758529969
5.2,4,0.984099026553691,0.96780271137421,1.0006697467181
5.4,4,0.984401126421505,0.968232534415468,1.00083971902984
5.6,4,0.984725221081288,0.96869810407977,1.00101750684725
5.8,4,0.985068246336486,0.969192094130676,1.00120446278589
6,4,0.985427134912172,0.96970639328866,1.00140273895477
6.2,4,0.985798815911661,0.97023258766712,1.00161478577985
6.4,4,0.986180214368807,0.970762406374806,1.00184289052187
6.6,4,0.98656825089616,0.971288129500511,1.00208875627548
6.8,4,0.986959841429191,0.971802949347185,1.00235313058916
7,4,0.987351897066826,0.972301269205319,1.00263549942523
7.2,4,0.987741324008536,0.972778920738777,1.0029338653979
7.4,4,0.98812502358826,0.97323328222108,1.0032446280639
7.6,4,0.988499892405421,0.973663285329273,1.00356257857159
7.8,4,0.98886282255329,0.974069306554253,1.00388101262238
8,4,0.989210701944956,0.974452948042057,1.00419195694218
8.2,4,0.989540414737099,0.974816719078616,1.00448649806046
8.4,4,0.989848841851781,0.975163631330771,1.00475520029209
8.6,4,0.990132861596366,0.975496717430486,1.00498860333978
8.8,4,0.990389633937711,0.975818557791392,1.00517828768426
9,4,0.990620013339693,0.976131633067891,1.00532343957025
9.2,4,0.990827445670073,0.97643761374927,1.00542934158738
9.4,4,0.99101543477345,0.976736931949819,1.00550266897215
9.6,4,0.991187488459069,0.977029204502994,1.00555094233602
9.8,4,0.991347117873752,0.977313628319414,1.00558211779627
10,4,0.991497836999045,0.977589340291266,1.00560421462952
10.2,4,0.991643162272802,0.977855745511378,1.00562497668626
10.4,4,0.991786612335411,0.978112811707216,1.00565156967005
10.6,4,0.991931707900799,0.978361322573517,1.00569032159901
10.8,4,0.992081971752368,0.978603079108321,1.00574651734477
11,4,0.992240928863987,0.978841036916355,1.00582425928368
11.2,4,0.992412106646162,0.979079369082807,1.00592640445534
11.4,4,0.992599035317572,0.979323448280645,1.0060545845636
11.6,4,0.992805248402113,0.979579747158519,1.00620930977177
11.8,4,0.993034283351714,0.97985566117675,1.00639015212463
12,4,0.99328968229519,0.980159261296249,1.00659600119401
12.2,4,0.993574992913484,0.980498984088546,1.00682538438396
12.4,4,0.993893769441746,0.980883263421324,1.007076847748
12.6,4,0.994249573798756,0.981320101048758,1.00734939999959
12.8,4,0.994645716215469,0.981816192163396,1.00764288538148
13,4,0.995080780584656,0.982370038896248,1.00795598469341
13.2,4,0.995549224590509,0.982972824899863,1.00828652987811
13.4,4,0.996045360967117,0.983614549861364,1.00863327127882
13.6,4,0.996563493685782,0.984284676353772,1.00899548759231
13.8,4,0.997097916529352,0.984972550409969,1.00937255026383
14,4,0.997642911993048,0.985667801393727,1.0097635110355
14.2,4,0.998192750512727,0.986360720454512,1.01016671336733
14.4,4,0.998741690021715,0.987042607853562,1.01057943745364
14.6,4,0.999283975837422,0.987706072400055,1.01099759560959
14.8,4,0.999813840878982,0.988345262997737,1.01141549804289
15,4,1.00032550621719,0.988956014217557,1.01182570711234
15.2,4,1.0008131819579,0.989535894954681,1.01221899103172
15.4,4,1.00127106845998,0.990084160018955,1.01258437718648
15.6,4,1.00169335788872,0.990601616066353,1.01290929367025
15.8,4,1.00207423610533,0.991090422454729,1.01317977846966
16,4,1.00240788489303,0.991553852161913,1.01338073116743
16.2,4,1.00268848451965,0.991996037198492,1.0134961827344
16.4,4,1.0029102166366,0.992421717815086,1.013509564108
16.6,4,1.00306726751326,0.992836006778975,1.0134039622724
16.8,4,1.00315405802217,0.993244145040247,1.01316284536021
17,4,1.00317105024611,0.993650485214749,1.01278283564104
17.2,4,1.00312524484044,0.994057669084165,1.01227553303147
17.4,4,1.00302397948438,0.994467259652119,1.01165432411784
17.6,4,1.00287459896009,0.994880047400348,1.01093339228928
17.8,4,1.00268445136475,0.995296260408616,1.01012748565525
18,4,1.00246088485903,0.995715727071474,1.00925173556109
18.2,4,1.00221124495288,0.996138007122658,1.00832150999968
18.4,4,1.00194287232899,0.996562502864624,1.00735229002213
18.6,4,1.00166310120397,0.996988560174061,1.00635955957047
18.8,4,1.00137925822649,0.997415567693275,1.00535870031117
19,4,1.00109866191171,0.997843062446573,1.00436488321538
19.2,4,1.00082862261108,0.998270850884779,1.00339294786561
19.4,4,1.00057644301633,0.998699156097597,1.00245725873166
19.6,4,1.00034941919684,0.999128804727291,1.0015715248652
19.8,4,1.00015484216942,0.99956147099929,1.00074856558336
20,4,1,1,1
20.2,4,0.999892180437128,0.99933583377661,1.00044883682496
20.4,4,0.9998386740774,0.998763915058031,1.0009145896333
20.6,4,0.999846778063881,0.998289239563968,1.00140674664726
20.8,4,0.999923662704463,0.997912915646298,1.00193846132231
21,4,1.00007071816086,0.99762392120492,1.00252351619117
21.2,4,1.00028155154397,0.997400049739414,1.00317137804498
21.4,4,1.0005492284081,0.997221249292125,1.00388831383073
21.6,4,1.00086681737528,0.997071134851232,1.00467694942587
21.8,4,1.00122738642553,0.996937160273556,1.00553607516589
22,4,1.00162399966926,0.996810369138973,1.00646087538198
22.2,4,1.00204971460122,0.996684871506578,1.00744343496916
22.4,4,1.00249757983615,0.996557211505202,1.00847335805175
22.6,4,1.00296063332662,0.996425752109312,1.00953837240105
22.8,4,1.00343190106396,0.996290146028675,1.01062485068869
23,4,1.0039043962637,0.996150913924813,1.01171822737859
23.2,4,1.00437111903668,0.996009122550069,1.01280331868072
23.4,4,1.00482505654771,0.995866143029567,1.01386456536673
23.6,4,1.00525918366314,0.995723466947448,1.01488622080695
23.8,4,1.00566646408885,0.99558255974643,1.0158525047391
24,4,1.00603985200012,0.995444733887696,1.01674774033875
24.2,4,1.00637229416431,0.995311026579427,1.01755648979612
24.4,4,1.00665673255705,0.9951820679305,1.01826370255016
24.6,4,1.00688610747223,0.995057924765602,1.01885489094457
24.8,4,1.00705342020017,0.994937898111742,1.01931647498963
25,4,1.00715611595668,0.994820004539456,1.01964519941327
25.2,4,1.0071990995949,0.99470105241313,1.01985418007122
25.4,4,1.00718800029032,0.994577599427076,1.01995829034675
25.6,4,1.00712845631885,0.994446239919869,1.01997240957834
25.8,4,1.00702611218758,0.99430380832486,1.01991120031625
26,4,1.00688661607978,0.994147576665782,1.01978889395958
26.2,4,1.00671561761533,0.993975449967548,1.01961908091765
26.4,4,1.00651876592716,0.993786156306172,1.01941450857905
26.6,4,1.00630170805422,0.993579422415157,1.01918689617318
26.8,4,1.00607008765111,0.993356121484361,1.01894677988578
27,4,1.00582954401409,0.993118377590865,1.01870340378332
27.2,4,1.00558571142338,0.992869611601437,1.01846467169829
27.4,4,1.00534421880129,0.992614516451184,1.01823717216095
27.6,4,1.00511068968555,0.992358954817448,1.01802628334826
27.8,4,1.00489074251758,0.992109778112633,1.01783635911598
28,4,1.00468999124486,0.991874570853795,1.01767099204762
28.2,4,1.00451404623734,0.991661327474328,1.0175333464481
28.4,4,1.0043685155173,0.991478068823431,1.0174265540331
28.6,4,1.00425900630259,0.991332403129977,1.01735416753812
28.8,4,1.00419110640011,0.99123101079109,1.01732065199239
29,4,1.00416702402172,0.991175624142746,1.01732870297809
29.2,4,1.00418184764026,0.991159029104732,1.01737577272642
29.4,4,1.00422976852015,0.99117208248874,1.01745947630994
29.6,4,1.00430498050595,0.991205235045272,1.01757785189966
29.8,4,1.00440167827595,0.99124903642736,1.01772883932328
30,4,1.00451405593162,0.991294561528316,1.01790984004643
30.2,4,1.00463630592296,0.991333751548854,1.01811736521793
30.4,4,1.00476261830954,0.991359660334246,1.01834678123968
30.6,4,1.00488718035747,0.991366597925537,1.01859216092193
30.8,4,1.00500417647256,0.991350168421597,1.01884624313469
31,4,1.00510778846987,0.991307206480882,1.01910049663528
31.2,4,1.00519219618004,0.991235623811086,1.01934527673294
31.4,4,1.00525157839244,0.991134181694599,1.01957005875101
31.6,4,1.00528011413532,0.991002206733133,1.0197637311095
31.8,4,1.00527198429285,0.990839264437424,1.01991493340532
32,4,1.00522137355855,0.990644799819748,1.02001243033102
32.2,4,1.00512247272473,0.99041774700533,1.02004551940934
32.4,4,1.00496948130672,0.990156102339056,1.02000447805356
32.6,4,1.0047566105006,0.989856448674567,1.01988106224538
32.8,4,1.0044780933146,0.989513417622455,1.01966908379397
33,4,1.00413201849561,0.989121422497751,1.0193704105831
33.2,4,1.0037267087894,0.988679169092468,1.01900326964711
33.4,4,1.00327216729541,0.988186235889979,1.01858840480924
33.6,4,1.00277838743357,0.987643013049296,1.01814570752569
33.8,4,1.00225534855226,0.98705143410729,1.01769345445521
34,4,1.00171301252915,0.986415549906273,1.0172477102227
34.2,4,1.00116132136305,0.985741906491929,1.01682193360379
34.4,4,1.00061019575379,0.985039694975915,1.01642681909475
34.6,4,1.00006953466665,0.984320661641042,1.01607038553976
34.8,4,0.999549215877745,0.983598793089536,1.0157582969613
35,4,0.999059097496633,0.982889814123023,1.01549437785288
35.2,4,0.998609020462749,0.98221054752047,1.0152812737218
35.4,4,0.998208812012898,0.981578182231202,1.01512121033014
35.6,4,0.99786829011774,0.981009482218446,1.01501681937951
35.8,4,0.997597268886388,0.980519947865257,1.01497201872974
36,4,0.997405564939545,0.980122921679952,1.01499295544199
36.2,4,0.997303004753276,0.979828615544937,1.01508903446013
36.4,4,0.997299432977375,0.979643033278644,1.01527405925429
36.6,4,0.997404721734464,0.979566776612773,1.01556749645814
36.8,4,0.997628780468265,0.979593764020523,1.01599583436889
37,4,0.997978391180003,0.979706053083665,1.01659152367937
37.2,4,0.998449593092255,0.979865881711989,1.01738575508348
37.4,4,0.999036170623762,0.980030912785798,1.0184099880865
37.6,4,0.999731934703234,0.980160316856202,1.01969435415544
37.8,4,1.00053071569999,0.980217784259295,1.02126458949691
38,4,1.00142635675603,0.980174088810806,1.02313941926619
38.2,4,1.00241270751402,0.980008646194388,1.02532894999201
38.4,4,1.00348361823684,0.979709782491771,1.02783435468876
38.6,4,1.00463293431543,0.979273832332253,1.03064873111895
38.8,4,1.00585449116265,0.978703494842736,1.03375870498413
39,4,1.00714210949175,0.978005955589311,1.03714626983053
39.2,4,1.00848959097915,0.977191166749559,1.04079047142466
39.4,4,1.0098907143116,0.976270487871558,1.04466873425244
39.6,4,1.01133923161904,0.97525572838832,1.0487577889976
39.8,4,1.01282886529466,0.974158539680049,1.05303425324484
40,4,1.01435330520461,0.97299007084946,1.0574749512924
0,5,1.01506168784949,0.981092534157193,1.05020698279492
0.2,5,1.01441455821494,0.982050215600075,1.04784549666803
0.4,5,1.01376784114326,0.982984283464942,1.0455154299249
0.6,5,1.01312153637144,0.983890669044551,1.04322083718546
0.8,5,1.0124758448645,0.984764232591992,1.0409672716645
1,5,1.01183244426625,0.985597232982153,1.03876599995319
1.2,5,1.01119366609869,0.98638065978704,1.03663085869798
1.4,5,1.01056183905748,0.987105196389519,1.03457588339577
1.6,5,1.00993928611005,0.987761400737494,1.03261512432753
1.8,5,1.00932832468266,0.98833999711109,1.03076235909149
2,5,1.00873126690067,0.988832313393759,1.0290306607505
2.2,5,1.00815041988193,0.98923088217241,1.0274318032572
2.4,5,1.00758808608302,0.989530194394107,1.02597551541929
2.6,5,1.00704656369823,0.989727545457555,1.02466864351803
2.8,5,1.00652814711111,0.989823853866254,1.02351434244563
3,5,1.00603512739844,0.989824284690099,1.0225114631093
3.2,5,1.00556979288665,0.989738505484415,1.02165430844908
3.4,5,1.00513442976049,0.989580461930681,1.02093287080351
3.6,5,1.00473132272401,0.989367673050344,1.02033355077226
3.8,5,1.00436275571391,0.989120165552266,1.019840238018
4,5,1.00403101266521,0.988859239705344,1.01943556162141
4.2,5,1.00373837832959,0.988606258340373,1.01910211839347
4.4,5,1.00348713914622,0.98838158981436,1.01882354832308
4.6,5,1.00327958416566,0.988203751970311,1.01858541014106
4.8,5,1.00311765735642,0.988088025653133,1.01837590212177
5,5,1.00299993608953,0.988039646182173,1.0181867455247
5.2,5,1.002923114596,0.988056423995708,1.01801349534601
5.4,5,1.00288387254816,0.988133191065412,1.0178547496545
5.6,5,1.00287889461998,0.988262631614087,1.0177113300657
5.8,5,1.00290486930039,0.988435963100524,1.01758557399246
6,5,1.00295848781656,0.988643541001005,1.01748070620558
6.2,5,1.00303644316696,0.988875413001927,1.01740026407054
6.4,5,1.00313542926381,0.989121837021388,1.01734756202994
6.6,5,1.0032521401848,0.989373764205692,1.0173251941782
6.8,5,1.00338326953387,0.989623274789589,1.01733458703721
7,5,1.00352550991107,0.989863943980181,1.01737562537427
7.2,5,1.00367555249148,0.990091109536862,1.01744637939461
7.4,5,1.00383008671316,0.990302014447895,1.01754295991444
7.6,5,1.00398580007435,0.990495807120519,1.01765951910616
7.8,5,1.00413937803989,0.990673395367344,1.01778840054189
8,5,1.00428750405697,0.99083716478283,1.01792042795048
8.2,5,1.00442685968047,0.990990582085891,1.01804531211996
8.4,5,1.00455412480783,0.991137706301122,1.01815215307916
8.6,5,1.00466597802361,0.99128262429666,1.018230021044
8.8,5,1.00475929735747,0.991428767907809,1.01826906612432
9,5,1.00483357055657,0.991577613882748,1.01826674017356
9.2,5,1.00489011417786,0.991728394365288,1.0182265097075
9.4,5,1.00493028370214,0.991878858354394,1.01815344343275
9.6,5,1.00495543567396,0.992025773639191,1.0180536176855
9.8,5,1.00496692748953,0.992165368156393,1.0179336608215
10,5,1.00496611720303,0.992293733623244,1.01780033724327
10.2,5,1.00495436335111,0.992407199428654,1.01766016308615
10.4,5,1.00493302479582,0.992502676149124,1.01751905419905
10.6,5,1.00490346058581,0.992577959915169,1.0173820151957
10.8,5,1.00486702983592,0.992631982621728,1.01725288458297
11,5,1.00482509162518,0.992664990086998,1.01713415386097
11.2,5,1.00477900491312,0.992678631648298,1.01702687710507
11.4,5,1.00473012847452,0.992675950203095,1.01693068201953
11.6,5,1.00467982085246,0.992661269896841,1.0168438852591
11.8,5,1.00462944032985,0.992639987051303,1.0167637064225
12,5,1.00458034491921,0.992618275834682,1.01668656921452
12.2,5,1.00453389237088,0.992602721618983,1.01660847682941
12.4,5,1.00449144019959,0.99259989122604,1.01652545235315
12.6,5,1.00445434572929,0.99261584084708,1.01643404339937
12.8,5,1.00442388672832,0.992655365639627,1.01633193064982
13,5,1.00439989820829,0.992718268450731,1.01621898939687
13.2,5,1.00438095838731,0.992799833507499,1.01609717842825
13.4,5,1.00436560363121,0.992894188554781,1.01596955384117
13.6,5,1.00435237044629,0.992994924058156,1.01583971839318
13.8,5,1.00433979543771,0.99309557413668,1.01571132826441
14,5,1.00432641528928,0.993190065627689,1.01558763358183
14.2,5,1.00431076676447,0.993273132072847,1.01547105591604
14.4,5,1.0042913867289,0.99334067930552,1.01536281607133
14.6,5,1.00426681219395,0.99339008272315,1.01526263208657
14.8,5,1.00423558038182,0.993420395336288,1.01516850835684
15,5,1.00419622881184,0.993432451179793,1.01507663129219
15.2,5,1.00414729540815,0.993428859571727,1.01498137602947
15.4,5,1.0040873186285,0.993413899017315,1.01487541540124
15.6,5,1.00401483761452,0.993393331407193,1.01474991051346
15.8,5,1.00392839236311,0.993374164341087,1.01459475510046
16,5,1.00382652391901,0.993364390540263,1.01439884469312
16.2,5,1.0037077745887,0.99337272903151,1.01415034591496
16.4,5,1.00357068817524,0.993408385001322,1.01383694900379
16.6,5,1.00341381023433,0.993480835981652,1.01344609589185
16.8,5,1.00323577406547,0.993599467020774,1.01296553769559
17,5,1.00303749717435,0.993768749929729,1.01239269277578
17.2,5,1.00282236641572,0.993987169298474,1.01173609644617
17.4,5,1.00259388991595,0.994251988136237,1.01100578132217
17.6,5,1.0023555732517,0.994559757381698,1.01021249630468
17.8,5,1.00211091904501,0.994906511673568,1.00936749562529
18,5,1.00186342668098,0.995287918006921,1.0084823773717
18.2,5,1.00161659214754,0.995699393335651,1.00756895542977
18.4,5,1.0013739079975,0.99613620297082,1.00663915298695
18.6,5,1.00113886343229,0.996593549110585,1.0057049082537
18.8,5,1.00091494450749,0.997066657606125,1.00477808428951
19,5,1.00070563445979,0.997550870913029,1.00387037497447
19.2,5,1.00051441415527,0.998041756062643,1.00299319828221
19.4,5,1.00034476265886,0.998535238524468,1.00215756597407
19.6,5,1.00020015792491,0.999027776259113,1.00137391540707
19.8,5,1.00008407760884,0.999516593394307,1.00065188401746
20,5,1,1,1
20.2,5,0.99995140507572,0.999425254159714,1.00047783298571
20.4,5,0.999941775676986,0.998932510126635,1.00095206093281
20.6,5,0.999974598805943,0.998523709850177,1.00142759595277
20.8,5,1.00005328213424,0.998196697348626,1.00191332005397
21,5,1.00017766446609,0.99793842460508,1.00242192888076
21.2,5,1.00034277930934,0.997726464701767,1.00296595461707
21.4,5,1.000543323463,0.997540445856519,1.00355524057657
21.6,5,1.00077399362776,0.997363748999179,1.00419589876479
21.8,5,1.00102948466512,0.997183969386881,1.00488982969215
22,5,1.00130448813837,0.996992808212825,1.00563481472178
22.2,5,1.00159369113502,0.996785538293332,1.00642503686311
22.4,5,1.0018917753712,0.996560266119034,1.00725180772616
22.6,5,1.00219341657829,0.996317183307807,1.00810430760437
22.8,5,1.00249328417219,0.996057920421386,1.00897022573263
23,5,1.00278604120602,0.995785041335673,1.009836262542
23.2,5,1.00306634460654,0.995501670226313,1.01068850186217
23.4,5,1.00332884569508,0.995211223750901,1.01151268050388
23.6,5,1.00356819099342,0.994917217662379,1.01229438599944
23.8,5,1.00377902331504,0.994623120666746,1.01301920970012
24,5,1.00395598314198,0.994332233391755,1.01367287737264
24.2,5,1.00409371028749,0.994047574348814,1.01424137541844
24.4,5,1.00418684584421,0.99377175681059,1.01471108879454
24.6,5,1.00423003441758,0.993506840242377,1.01506896699404
24.8,5,1.0042179757066,0.993254120246652,1.01530285369654
25,5,1.0041490633567,0.993012706510014,1.01541031129794
25.2,5,1.00402788504231,0.99277894840017,1.01540428064778
25.4,5,1.00385962613857,0.992548748503988,1.01529940016544
25.6,5,1.00364947569115,0.992317986921171,1.01511036112574
25.8,5,1.00340262412191,0.992082720374982,1.01485169070798
26,5,1.00312426120168,0.991839382088547,1.01453753660447
26.2,5,1.00281957429076,0.991584988399369,1.01418144722424
26.4,5,1.00249374684714,0.991317349943064,1.01379614966422
26.6,5,1.00215195720254,0.991035277808864,1.01339333504389
26.8,5,1.00179937760591,0.99073876865601,1.01298346720906
27,5,1.0014411735341,0.990429148384127,1.01257563520374
27.2,5,1.00108250326898,0.990109152757433,1.01217747110031
27.4,5,1.00072851774066,0.989782926108027,1.01179515205148
27.6,5,1.00038436063595,0.989455925552364,1.01143349911853
27.8,5,1.00005516877146,0.989134726474183,1.01109617711173
28,5,0.999746072730845,0.988826732944637,1.01078599176253
28.2,5,0.99946219776548,0.988539801877758,1.01050527542211
28.4,5,0.999208664958197,0.988281790603838,1.01025635159939
28.6,5,0.998990592649857,0.98806003421978,1.01004207197892
28.8,5,0.998813083225074,0.987880737186588,1.00986641167106
29,5,0.99867877653209,0.98774573779096,1.00973282955001
29.2,5,0.998585128300882,0.987649516859838,1.00964182277345
29.4,5,0.998528943783392,0.98758470963227,1.00959445994707
29.6,5,0.998507033413704,0.987543513312797,1.00959226842781
29.8,5,0.998516211663397,0.98751830833426,1.00963659766107
30,5,0.99855329599925,0.987502191385993,1.00972807316153
30.2,5,0.998615105942955,0.987489403498485,1.00986615783872
30.4,5,0.998698462232518,0.987475632482959,1.01004884136501
30.6,5,0.99880018608516,0.987458173361969,1.0102724739492
30.8,5,0.998917098561581,0.987435941970425,1.0105317493381
31,5,0.99904602003149,0.987409351732349,1.01081982704505
31.2,5,0.999183769740406,0.987380076604353,1.01112857081954
31.4,5,0.99932716547772,0.987350730180156,1.01144887336997
31.6,5,0.999473023346091,0.987324490333177,1.01177103796896
31.8,5,0.999618157632247,0.987304691517783,1.0120851948267
32,5,0.999759380779281,0.987294395493778,1.01238174147264
32.2,5,0.999893503460552,0.987295938519751,1.01265180910355
32.4,5,1.00001733475528,0.987310441038975,1.01288776887509
32.6,5,1.00012768242592,0.987337255868312,1.01308380212491
32.8,5,1.00022135451427,0.987373321875646,1.01323657006033
33,5,1.00029584133346,0.98741133980373,1.01334846973492
33.2,5,1.00035045232835,0.987438758430226,1.01343097881269
33.4,5,1.00038479753313,0.987442448636499,1.0134967810198
33.6,5,1.00039848814507,0.98741039748923,1.01355742012414
33.8,5,1.00039113660376,0.987332664892978,1.01362231979213
34,5,1.00036235667184,0.987202155959078,1.01369799347107
34.2,5,1.00031176351699,0.987015131214594,1.01378752218229
34.4,5,1.00023897379535,0.986771391352554,1.01389036352973
34.6,5,1.00014360573617,0.986474116138532,1.01400251231171
34.8,5,1.00002527922781,0.986129390451432,1.01411697975746
35,5,0.999883615905052,0.985745492066687,1.0142245167759
35.2,5,0.999718239237554,0.98533203063586,1.0143144917549
35.4,5,0.999528774619664,0.984899013720516,1.01437584704109
35.6,5,0.999314849461362,0.984455882990498,1.0143980909743
35.8,5,0.999076093280419,0.984010524668908,1.01437232137361
36,5,0.998812137795708,0.983568223401003,1.01429231127295
36.2,5,0.998522617021645,0.983130504466227,1.01415571195717
36.4,5,0.998207167363739,0.982693801128994,1.01396543646818
36.6,5,0.997865427715218,0.982247901573615,1.01373126909617
36.8,5,0.997497039601723,0.981774192362039,1.01347168397281
37,5,0.997101986332073,0.981243076192238,1.01321720913992
37.2,5,0.996681405098329,0.980613663230516,1.01301242325772
37.4,5,0.996236677508466,0.979841842658052,1.01290583276251
37.6,5,0.99576918458353,0.978885526822355,1.01294404891747
37.8,5,0.995280306436259,0.977709308898048,1.01316708285852
38,5,0.994771421968635,0.976288378577632,1.01360438542474
38.2,5,0.994243908588395,0.974610553975444,1.01427277360474
38.4,5,0.993699141944491,0.972675971093161,1.0151767022593
38.6,5,0.99313849568149,0.97049489934015,1.01631041263082
38.8,5,0.992563341212901,0.968084695860935,1.01766094488621
39,5,0.991975047513379,0.965466851193896,1.0192110621637
39.2,5,0.991374980929788,0.96266466713932,1.02094154523623
39.4,5,0.990764505011069,0.95970169620779,1.02283272840782
39.6,5,0.990144980356852,0.956600831553639,1.02486538772248
39.8,5,0.989517764484771,0.953383859462335,1.02702116939879
40,5,0.988884211716399,0.95007130131903,1.02928273154268
0,6,1.06385264627556,1.02958804209147,1.09925757362959
0.2,6,1.06261541935944,1.02994382867934,1.09632340912058
0.4,6,1.06137963129902,1.03027458088928,1.09342377520766
0.6,6,1.06014528042096,1.0305763118708,1.09056263243487
0.8,6,1.05891278464633,1.03084424748227,1.08774559127248
1,6,1.05768563851378,1.03107278726793,1.08498538971488
1.2,6,1.05646869127177,1.03125592439875,1.08229787507715
1.4,6,1.05526677627771,1.03138747450144,1.07969894597939
1.6,6,1.05408470524473,1.03146126505761,1.07720435412455
1.8,6,1.05292726904109,1.03147142762019,1.07482941766814
2,6,1.05179923870814,1.03141281465879,1.07258861129527
2.2,6,1.05070536669525,1.0312815491561,1.07049502486066
2.4,6,1.04965038831044,1.03107568827625,1.068559709251
2.6,6,1.04863902338526,1.03079594241788,1.06679096813966
2.8,6,1.04767597815327,1.03044634607702,1.06519369919468
3,6,1.04676594734096,1.03003474514596,1.06376892010312
3.2,6,1.04591361647081,1.02957296852904,1.06251361152379
3.4,6,1.04512366437627,1.02907660254923,1.0614209584918
3.6,6,1.04440076592847,1.02856437371662,1.06048098470548
3.8,6,1.04374959497532,1.02805723540229,1.05968148415865
4,6,1.04317482749361,1.02757730888999,1.05900909965776
4.2,6,1.04268114495529,1.02714683020846,1.05845039683823
4.4,6,1.04227323790943,1.02678720979212,1.05799282665603
4.6,6,1.04195580978202,1.02651824799141,1.05762553336275
4.8,6,1.04173260380916,1.02635619384287,1.05733937628008
5,6,1.04159793724344,1.02630182959929,1.05712201964346
5.2,6,1.04154085801305,1.02634558966152,1.05696109559775
5.4,6,1.04155037708933,1.02647510431587,1.05684705206557
5.6,6,1.04161551933739,1.02667599821438,1.05677243065145
5.8,6,1.04172531707598,1.02693251887646,1.05673120316059
6,6,1.04186880479555,1.0272280979864,1.05671818025025
6.2,6,1.04203501503226,1.02754586628037,1.05672847138583
6.4,6,1.04221297539706,1.02786913340748,1.05675698470011
6.6,6,1.04239170676004,1.02818183294382,1.05679796657278
6.8,6,1.04256022259082,1.02846892165631,1.05684459184061
7,6,1.04270752945643,1.02871671329393,1.05688862437534
7.2,6,1.04282262867775,1.02891312279682,1.05692017215832
7.4,6,1.04289451914555,1.0290477983457,1.05692755945088
7.6,6,1.04291220129643,1.0291121260855,1.05689733124629
7.8,6,1.04286468224796,1.02909910367273,1.05681439387009
8,6,1.04274098209089,1.0290030905335,1.05666228385004
8.2,6,1.04253014133475,1.02881945108871,1.0564235487979
8.4,6,1.04222122950107,1.028544109448,1.05608022178618
8.6,6,1.0418033548561,1.02817302925991,1.05561437550125
8.8,6,1.04126649836663,1.02770221332408,1.05500981370251
9,6,1.04061141781181,1.02713412351103,1.05426555120061
9.2,6,1.03984640993727,1.02647493825724,1.05339206634235
9.4,6,1.03897993864442,1.02572959827717,1.0524014464618
9.6,6,1.03802047178492,1.0249021617254,1.05130669061198
9.8,6,1.03697647335335,1.02399622191139,1.05012126341751
10,6,1.03585639635785,1.02301528713222,1.0488586899648
10.2,6,1.03466867637097,1.02196312810726,1.04753218625994
10.4,6,1.03342172576128,1.02084409125947,1.04615432701171
10.6,6,1.03212392860522,1.01966336950892,1.0447367590664
10.8,6,1.0307836362771,1.01842721756845,1.0432899734882
11,6,1.0294091637145,1.01714309707465,1.0418231509284
11.2,6,1.02800878635495,1.01581973882792,1.04034409298085
11.4,6,1.02659073773948,1.01446711460937,1.0388592470228
11.6,6,1.02516320777758,1.01309631810279,1.03737382497741
11.8,6,1.02373434166806,1.0117193612802,1.03589200960273
12,6,1.02231223946953,1.01034889705624,1.03441723746548
12.2,6,1.02090495631462,1.00899787956322,1.03295254721342
12.4,6,1.01952050326145,1.00767916953148,1.03150098562993
12.6,6,1.01816684877635,1.00640508442116,1.03006607179792
12.8,6,1.01685171531812,1.00518657099525,1.02865223310896
13,6,1.01557906009738,1.00402736698183,1.02726365956412
13.2,6,1.01434958023596,1.0029248092326,1.02590449598325
13.4,6,1.01316386572971,1.0018751007989,1.02457982836566
13.6,6,1.01202250869334,1.00087395625154,1.02329524282732
13.8,6,1.01092610365138,0.999917044020165,1.0220563727316
14,6,1.00987524783359,0.999000399943862,1.02086847637325
14.2,6,1.00887054147511,0.99812081055923,1.01973604666756
14.4,6,1.00791258812126,0.99727615509668,1.01866246385367
14.6,6,1.0070019949372,0.996465688398468,1.01764970898025
14.8,6,1.00613937302258,0.995690245005488,1.01669815791023
15,6,1.00532533773121,0.994952348593127,1.0158064716501
15.2,6,1.004560508996,0.99425622020406,1.01497158954377
15.4,6,1.00384551165923,0.993607690919456,1.01418881967981
15.6,6,1.00318097580829,0.993014036226963,1.01345200924597
15.8,6,1.00256753711707,0.992483757154026,1.01275376975765
16,6,1.00200583719315,0.992026335504657,1.01208572981925
16.2,6,1.00149652393099,0.991651987438892,1.01143879117941
16.4,6,1.00104025187114,0.991371432727914,1.0108033707496
16.6,6,1.0006376825659,0.991195688224838,1.01016962005158
16.8,6,1.00028942251847,0.991135580700326,1.00952780657449
17,6,0.999994424090841,0.991193642870222,1.00887334720699
17.2,6,0.99974985141586,0.991362771508546,1.00820788729549
17.4,6,0.999552789549773,0.991634502218693,1.00753430509056
17.6,6,0.999400332874089,0.991999689693043,1.00685618728157
17.8,6,0.999289583763078,0.99244869209912,1.0061776292992
18,6,0.999217651336838,0.992971510347925,1.00550308275538
18.2,6,0.999181650299269,0.993557897850359,1.00483723440256
18.4,6,0.9991786998604,0.994197452344498,1.00418490502104
18.6,6,0.999205922742602,0.99487969894711,1.00355095907628
18.8,6,0.999260444270313,0.995594172366538,1.00294021720699
19,6,0.999339391542954,0.996330506012001,1.00235736380977
19.2,6,0.999439892690806,0.997078536495531,1.00180684122698
19.4,6,0.999559076213681,0.997828433819124,1.0012927202496
19.6,6,0.999694070402268,0.998570870535595,1.00081853365242
19.8,6,0.999842002842081,0.999297247550507,1.00038705510068
20,6,1,1,1
20.2,6,1.0001651868934,0.999657618373056,1.00067301312779
20.4,6,1.00033468684195,0.999358145086689,1.00131218284349
20.6,6,1.00050562130206,0.999097076109344,1.00191615228736
20.8,6,1.00067512805848,0.998866218480482,1.00248731350446
21,6,1.00084111259066,0.9986515632022,1.00303546257895
21.2,6,1.00100251455781,0.99843621948934,1.00357540581164
21.4,6,1.00115834591065,0.998205743852168,1.00411968149823
21.6,6,1.00130761806912,0.997949209646448,1.00467732857714
21.8,6,1.00144934198222,0.997659531543555,1.00525354877827
22,6,1.00158252819753,0.997333305785686,1.00584985477877
22.2,6,1.00170618694057,0.996970307265866,1.0064645633297
22.4,6,1.00181932820391,0.996572831964136,1.00709344482617
22.6,6,1.00192096184604,0.996145040414512,1.00773037364998
22.8,6,1.0020100977,0.995692391129537,1.00836789036198
23,6,1.00208574569181,0.995221193423589,1.00899764630647
23.2,6,1.00214691596862,0.99473827268662,1.00961073757922
23.4,6,1.0021926190366,0.994250725549896,1.01019795092021
23.6,6,1.00222186590859,0.993765739391855,1.01074994708508
23.8,6,1.00223366826144,0.993290453183338,1.0112574046973
24,6,1.00222703860305,0.992831840504519,1.01171114374878
24.2,6,1.00220099044903,0.992396598634435,1.01210224484758
24.4,6,1.00215453850902,0.991991029089884,1.01242217883326
24.6,6,1.00208669888263,0.991620894517738,1.01266296185283
24.8,6,1.00199650362334,0.991291187639611,1.01281743022859
25,6,1.00188406501689,0.991002519733878,1.01288509337425
25.2,6,1.00175130650653,0.990749040148042,1.01287575301369
25.4,6,1.00160032486408,0.99052413239088,1.012800373017
25.6,6,1.00143321667683,0.990321188585017,1.0126699287295
25.8,6,1.00125207798875,0.990133800345744,1.01249520350354
26,6,1.00105900398548,0.989955948597729,1.01228658798395
26.2,6,1.00085608872312,0.989782197055108,1.01205387742327
26.4,6,1.00064542490082,0.98960788656908,1.01180606982264
26.6,6,1.00042910367717,0.989429320976372,1.01155117426341
26.8,6,1.00020921453021,0.98924392975283,1.01129604412241
27,6,0.999987845161251,0.989050389511167,1.01104625312819
27.2,6,0.999767081442125,0.988848686051048,1.01080603254572
27.4,6,0.999549007406114,0.988640101654876,1.01057828479157
27.6,6,0.999335705282273,0.988427118108484,1.01036468299569
27.8,6,0.999129255573191,0.988213233048807,1.01016585890318
28,6,0.998931737176072,0.988002693690466,1.00998167506032
28.2,6,0.998745227547125,0.987800155905948,1.00981157330687
28.4,6,0.998571802909169,0.987610277003947,1.00965499122817
28.6,6,0.998413538502454,0.98743724753019,1.00951184124185
28.8,6,0.998272505219046,0.987284257429675,1.00938304969103
29,6,0.998150168688288,0.987152137706527,1.00927073061625
29.2,6,0.998046720867752,0.987038382037887,1.00917783458256
29.4,6,0.997962193470486,0.986939226987357,1.00910827370446
29.6,6,0.997896619271436,0.986850496164273,1.00906638505413
29.8,6,0.997850032114119,0.986768150067111,1.0090563690391
30,6,0.99782246691742,0.986688755977949,1.00908180969219
30.2,6,0.997813959682485,0.98660986610202,1.00914528867512
30.4,6,0.997824547499753,0.986530288571763,1.00924810837236
30.6,6,0.997854268556082,0.986450238627856,1.00939013676009
30.8,6,0.997903162142015,0.986371365549628,1.00956977847603
31,6,0.997971268659153,0.986296662016323,1.00978406540798
31.2,6,0.998058629627655,0.986230272833195,1.01002884986751
31.4,6,0.998165287693861,0.986177226137588,1.01029907723499
31.6,6,0.998291286638042,0.986143110735715,1.01058911442775
31.8,6,0.99843667138227,0.986133718438851,1.01089311532625
32,6,0.998601487998426,0.986154661811685,1.01120541275005
32.2,6,0.99878578371633,0.986210967652232,1.01152093667003
32.4,6,0.998989606932003,0.986306636523934,1.01183566834282
32.6,6,0.999213007216068,0.986444150010573,1.01214714870485
32.8,6,0.999456033075229,0.986623895966155,1.01245506634753
33,6,0.999717473221416,0.986840722469444,1.01276224572822
33.2,6,0.999992755996212,0.987079933556008,1.01307450192245
33.4,6,1.00027675183348,0.987325447693957,1.01339794552594
33.6,6,1.0005643256723,0.987562069082984,1.0137377701613
33.8,6,1.00085033664134,0.987776297517191,1.01409742152439
34,6,1.00112963800712,0.987956980195024,1.01447792989773
34.2,6,1.00139707738668,0.988095749803446,1.01487746182296
34.4,6,1.00164749722528,0.988187201593568,1.01529113823751
34.6,6,1.00187573553944,0.988228790975361,1.0157111375717
34.8,6,1.00207662692573,0.988220470766764,1.0161270646941
35,6,1.00224500383569,0.988164118682027,1.0165265351401
35.2,6,1.00237569811673,0.988062819744366,1.01689590995334
35.4,6,1.00246354281908,0.987920062228221,1.01722112254183
35.6,6,1.00250337426835,0.987738884451304,1.01748856022583
35.8,6,1.00249003440303,0.987520981895302,1.01768599098377
36,6,1.00241837337605,0.987265757979152,1.01780355204328
36.2,6,1.002283252419,0.986969283667224,1.01783483508928
36.4,6,1.00207954696735,0.986623126737916,1.01777810719922
36.6,6,1.00180215004453,0.986213029292368,1.01763768884088
36.8,6,1.00144597615452,0.985717465936701,1.01742545690114
37,6,1.00100778398396,0.985107108781635,1.01716511297514
37.2,6,1.00049053509361,0.984348494892239,1.01689728384405
37.4,6,0.99989851434174,0.983406935760377,1.01666665408432
37.6,6,0.999236014133939,0.982249759577261,1.01651601561298
37.8,6,0.998507331353193,0.980849989037484,1.01648254260007
38,6,0.997716764468976,0.979189377442031,1.01659471092595
38.2,6,0.996868610826611,0.977260021298668,1.01687064403883
38.4,6,0.995967164117841,0.975064232304323,1.01731820236776
38.6,6,0.995016712033236,0.972612971633854,1.01793651339265
38.8,6,0.99402153409677,0.969923539850679,1.01871824906962
39,6,0.992985899682654,0.967017219230341,1.01965195382286
39.2,6,0.991914066214238,0.963917312908486,1.0207239786833
39.4,6,0.9908102775446,0.960647736782923,1.02191986562692
39.6,6,0.989678762518218,0.957232126250616,1.02322522000599
39.8,6,0.98852373371294,0.953693337841324,1.02462619097834
40,6,0.987349386361332,0.950053217760224,1.02610968788291
0,7,1.11516974084128,1.08863224056772,1.14235414361738
0.2,7,1.1133753025437,1.08816710762823,1.13916746391656
0.4,7,1.11158375170682,1.08768570504588,1.13600687342533
0.6,7,1.10979508368438,1.08718525243694,1.13287512409616
0.8,7,1.10800999749598,1.08666269199704,1.12977666721477
1,7,1.10623434811439,1.08611676263907,1.12672456133958
1.2,7,1.10447624998108,1.08554686404551,1.12373571991742
1.4,7,1.10274377681888,1.08495206018976,1.1208272530494
1.6,7,1.10104495259382,1.08433114809134,1.1180163825103
1.8,7,1.09938775368802,1.08368280852003,1.11532029802137
2,7,1.09778011165336,1.08300586658996,1.11275590531767
2.2,7,1.09622991654026,1.08229969469856,1.11033943352683
2.4,7,1.09474502079693,1.08156477701837,1.10808588262607
2.6,7,1.09333324373484,1.08080342112186,1.10600832537611
2.8,7,1.09200237655722,1.08002054623261,1.10411713422144
3,7,1.09076018794824,1.07922441121231,1.10241927003524
3.2,7,1.08961443022176,1.07842709975245,1.10091781523296
3.4,7,1.08857284602952,1.07764459403991,1.09961191998418
3.6,7,1.08764317563016,1.07689635841573,1.09849724000848
3.8,7,1.08683316472177,1.07620449114351,1.09756680785087
4,7,1.08615057284218,1.07559261871542,1.09681216322805
4.2,7,1.08560318234294,1.07508474660796,1.09622452856072
4.4,7,1.08519880794482,1.07470423602894,1.09579586018599
4.6,7,1.08494530688418,1.07447298598997,1.09551969596098
4.8,7,1.08484873791714,1.0744086864957,1.09539023553411
5,7,1.0848973159996,1.07450578473204,1.09538934362894
5.2,7,1.0850692751813,1.07474414657899,1.09549359788576
5.4,7,1.08534277238396,1.07510098680357,1.09568212477265
5.6,7,1.08569597549653,1.07555164711567,1.09593598259125
5.8,7,1.08610704511522,1.07607015448203,1.09623755341186
6,7,1.08655412068367,1.07662971762162,1.09657000717268
6.2,7,1.08701531103339,1.0772031876685,1.09691681193265
6.4,7,1.08746868933118,1.07776349834753,1.09726127493543
6.6,7,1.08789229244444,1.07828408780383,1.09758611236719
6.8,7,1.08826412473661,1.07873929050297,1.09787305942711
7,7,1.08856216630453,1.07910467607626,1.09810254387766
7.2,7,1.08876438566562,1.07935730578686,1.09825345243728
7.4,7,1.08884875689712,1.07947587892476,1.09830301773611
7.6,7,1.08879328122136,1.0794407511887,1.09822684378676
7.8,7,1.08857601301961,1.07923382223204,1.09799907277822
8,7,1.0881750902441,1.07883830494762,1.09759268056881
8.2,7,1.08756876918157,1.07823839938526,1.0969798778948
8.4,7,1.0867354635036,1.07741889602355,1.09613259243467
8.6,7,1.08565378751815,1.07636472599698,1.09502301393312
8.8,7,1.08430436962126,1.07506200694374,1.09362618936015
9,7,1.08269110305218,1.07351601352724,1.09194460991484
9.2,7,1.08083412089203,1.07174467690403,1.09000065226269
9.4,7,1.07875392958561,1.0697650252619,1.08781836488953
9.6,7,1.07647103375075,1.06759328146577,1.08542261048462
9.8,7,1.07400589695236,1.06524520786523,1.08283863487174
10,7,1.07137890624315,1.06273642185122,1.08009167385389
10.2,7,1.06861034048654,1.06008268978855,1.0772065903864
10.4,7,1.06572034245998,1.05730019827547,1.07420754312305
10.6,7,1.06272889472175,1.05440579341352,1.07111769560771
10.8,7,1.05965579921092,1.05141717252572,1.06795898159432
11,7,1.05652066053868,1.04835301026745,1.06475194444315
11.2,7,1.05334287291983,1.04523300346747,1.06151566612441
11.4,7,1.0501416106857,1.04207782607697,1.05826779430205
11.6,7,1.04693582231396,1.03890899535319,1.05502466620917
11.8,7,1.04374422790679,1.03574865974026,1.05180151868306
12,7,1.04058532004692,1.03261932471817,1.04861276791684
12.2,7,1.03747736796041,1.02954353325464,1.04547234212372
12.4,7,1.03443842491661,1.02654351222201,1.04239405558928
12.6,7,1.03148633879814,1.02364078643939,1.03939202230117
12.8,7,1.02863829156947,1.02085519038517,1.03648073188885
13,7,1.02590270447199,1.01819489186271,1.03366886580771
13.2,7,1.02328046951119,1.01565789669228,1.03096025019169
13.4,7,1.02077224870767,1.0132410968435,1.02835937762268
13.6,7,1.0183787270872,1.01094099000158,1.02587118540137
13.8,7,1.01610061391779,1.00875406584004,1.02350066539195
14,7,1.01393864396679,1.00667716666815,1.02125250057262
14.2,7,1.01189357877954,1.00470782136369,1.01913072935522
14.4,7,1.00996620798084,1.0028445409794,1.01713844926254
14.6,7,1.00815735060051,1.00108705730636,1.01527757865998
14.8,7,1.00646785642483,0.999436484358714,1.0135486965601
15,7,1.00489860737502,0.997895388310743,1.0119509749551
15.2,7,1.00345051891467,0.996467762674231,1.01048220687829
15.4,7,1.00212454148758,0.995158918992651,1.00913891991064
15.6,7,1.00092166198771,0.993975314677057,1.00791655350289
15.8,7,0.999842905263272,0.992924345483845,1.00680967261223
16,7,0.998889335656447,0.992014129557766,1.00581219073259
16.2,7,0.998062058581024,0.99125330426319,1.00491758110146
16.4,7,0.997362222139726,0.990650848700715,1.00411906319581
16.6,7,0.996791018783426,0.990215936156926,1.00340976028267
16.8,7,0.996349498918026,0.98995743896794,1.0027828317843
17,7,0.996033753921271,0.989874137808901,1.00223169901831
17.2,7,0.995834511357333,0.989953442727626,1.00175051796163
17.4,7,0.995742278874413,0.990181606543998,1.00133417888727
17.6,7,0.995747604225484,0.990544432796829,1.0009781070812
17.8,7,0.995841065573313,0.991027399029477,1.0006781132927
18,7,0.996013262704087,0.991615745831629,1.00043028123808
18.2,7,0.996254809141019,0.992294544380244,1.00023087938724
18.4,7,0.996556325151487,0.993048751682547,1.00007628781242
18.6,7,0.996908431643289,0.993863260634108,0.999962932976713
18.8,7,0.997301744947273,0.994722950976584,0.999887224375795
19,7,0.997726872485134,0.995612747077971,0.999845487113884
19.2,7,0.998174409322419,0.996517689120271,0.99983388383777
19.4,7,0.998634935607824,0.997423025851556,0.999848317883995
19.6,7,0.999099014900634,0.99831433974045,0.999884306815563
19.8,7,0.999557193388741,0.999177719428658,0.999936811467816
20,7,1,1,1
20.2,7,1.00041794740975,1.00006691958417,1.00076909844762
20.4,7,1.00080153394719,1.00012904219265,1.00147447788854
20.6,7,1.00114124640295,1.00017565140261,1.00210777361325
20.8,7,1.00142769393978,1.00019313841262,1.00266377329998
21,7,1.00165696640125,1.00016803051221,1.00314811884792
21.2,7,1.00183253803004,1.00009103001155,1.00357707862267
21.4,7,1.00195841412102,0.999955243982576,1.00396559712967
21.6,7,1.00203860980743,0.999756714637517,1.00432571329001
21.8,7,1.00207714814555,0.9994947432914,1.00466622518569
22,7,1.00207805835915,0.999171734041225,1.00499283640004
22.2,7,1.00204537424461,0.998792706805394,1.00530863431772
22.4,7,1.00198313273742,0.99836468120534,1.00561469890761
22.6,7,1.0018953726406,0.997896087915644,1.00591068536538
22.8,7,1.00178613351545,0.997396285992165,1.00619530210654
23,7,1.00165945473485,0.996875202454513,1.00646666783298
23.2,7,1.00151937469934,0.996343077669771,1.00672256412324
23.4,7,1.00136993021581,0.995810289758071,1.0069606103227
23.6,7,1.00121515603906,0.995287232347209,1.00717838640234
23.8,7,1.00105908457584,0.994784224875909,1.00737352458201
24,7,1.00090574575148,0.994311439470067,1.00754378568979
24.2,7,1.00075916703871,0.993878831773578,1.00768713287191
24.4,7,1.00062337364867,0.993496064647643,1.00780181373658
24.6,7,1.00050238888396,0.993172413279235,1.00788646238916
24.8,7,1.00040020708026,0.992916562393045,1.00794025624286
25,7,1.00031875085769,0.992730899356483,1.00796459943589
25.2,7,1.000256467799,0.992607869634131,1.00796400268569
25.4,7,1.00021147469964,0.992538841206281,1.00794342003278
25.6,7,1.00018188965839,0.992515154608447,1.00790784680289
25.8,7,1.00016583176995,0.992528252107181,1.00786218318353
26,7,1.00016142085295,0.992569812646203,1.00781109300083
26.2,7,1.00016677721338,0.992631897942558,1.00775885231455
26.4,7,1.00018002144337,0.992707109214791,1.00770918834833
26.6,7,1.00019927425527,0.992788748081663,1.0076651152159
26.8,7,1.00022265635114,0.992870969377345,1.00762877869773
27,7,1.00024828832746,0.99294890889567,1.00760132705592
27.2,7,1.00027429061521,0.993018766685931,1.00758282726615
27.4,7,1.00029878345525,0.993077827557511,1.00757224501028
27.6,7,1.00031988690902,0.993124405120646,1.00756750210375
27.8,7,1.00033572090459,0.993157702927863,1.00756561779432
28,7,1.00034440531798,0.993177593925932,1.0075629327232
28.2,7,1.00034406008992,0.993184325027125,1.00755540874032
28.4,7,1.00033280537783,0.993178155436154,1.00753899593738
28.6,7,1.0003087617432,0.993158935167202,1.00751006046354
28.8,7,1.00027005937114,0.99312563372666,1.00746588114926
29,7,1.00021631657613,0.993077216260748,1.00740673893624
29.2,7,1.00015028467847,0.993014109653253,1.00733774295686
29.4,7,1.00007511121415,0.992936186885024,1.0072653623468
29.6,7,0.999993943091578,0.99284296755497,1.0071964237028
29.8,7,0.999909926353511,0.992734126447881,1.00713759523686
30,7,0.99982620603798,0.992609933646333,1.00709494071664
30.2,7,0.999745926138144,0.9924716076321,1.00707356174598
30.4,7,0.99967222966104,0.992321559999614,1.00707734976137
30.6,7,0.999608258785172,0.99216351621763,1.0071088633059
30.8,7,0.999557155116882,0.992002509827243,1.00716933318984
31,7,0.999522060045485,0.991844762923411,1.00725878268787
31.2,7,0.999506115197175,0.991697478109864,1.00737623758067
31.4,7,0.999512462987719,0.991568572376865,1.00751999558945
31.6,7,0.999544247274037,0.991466380707371,1.00768792739681
31.8,7,0.999604614104797,0.991399348608621,1.00787779005699
32,7,0.999696712570208,0.991375721287839,1.0080875450787
32.2,7,0.999823695751298,0.991403225509907,1.00831568514581
32.4,7,0.999988721769,0.991488729773541,1.00856158384533
32.6,7,1.0001949549335,0.991637859761276,1.00882589145522
32.8,7,1.00044556288457,0.991854532314791,1.00911100538054
33,7,1.00074141567608,0.992136661731621,1.00942079824106
33.2,7,1.00107724423558,0.992470392151455,1.00975873623176
33.4,7,1.00144676494893,0.992839949592291,1.0101281917982
33.6,7,1.00184368873524,0.993230117292496,1.01053195949662
33.8,7,1.00226171912302,0.993626918312217,1.01097155794222
34,7,1.00269455072206,0.994018208530363,1.01144662484018
34.2,7,1.00313586809182,0.994394120177658,1.01195446496862
34.4,7,1.00357934500707,0.994747294372824,1.01248981266124
34.6,7,1.00401864412212,0.995072864730173,1.0130448467391
34.8,7,1.00444741703464,0.995368193872256,1.01360945607735
35,7,1.00485930475037,0.995632403669506,1.01417171500433
35.2,7,1.00524793854991,0.995865762358059,1.01471850539985
35.4,7,1.00560694125862,0.996068990715626,1.01523622332724
35.6,7,1.00592992892038,0.996242529302699,1.0157115282019
35.8,7,1.00621051287612,0.996385779449093,1.01613212181955
36,7,1.00644230224699,0.996496302206678,1.01648757301874
36.2,7,1.00661890682233,0.996568939154653,1.01677022407672
36.4,7,1.00673394035177,0.996594812628829,1.01697622124156
36.6,7,1.0067810242402,0.996560179230941,1.01710669550569
36.8,7,1.00675379192438,0.996445165010616,1.01716906573913
37,7,1.00664791619681,0.996223801088001,1.01718110536677
37.2,7,1.00646596212307,0.995868397693886,1.01717630086269
37.4,7,1.00621196851128,0.995350764854613,1.01719168892508
37.6,7,1.00588998619052,0.994644933167139,1.01726217123186
37.8,7,1.00550407521116,0.993730575154612,1.01741706509227
38,7,1.00505830220375,0.992595585257072,1.01767749709169
38.2,7,1.0045567378982,0.991237052843357,1.01805540537652
38.4,7,1.00400345480435,0.989660513032952,1.0185542658157
38.6,7,1.00340252505479,0.987878031124252,1.01917098626085
38.8,7,1.00275801841066,0.98590592984162,1.01989815970414
39,7,1.00207400043076,0.983762783388598,1.02072605235225
39.2,7,1.00135453080434,0.981467953651478,1.02164405127226
39.4,7,1.00060366184743,0.979040671961696,1.0226415681959
39.6,7,0.999825437162571,0.976499543641216,1.02370852224854
39.8,7,0.999023890461784,0.9738623324121,1.02483554450801
40,7,0.998203044552063,0.971145909147562,1.02601401989905
0,8,1.15105415598409,1.12432370194403,1.17842011843864
0.2,8,1.14888494726993,1.12354250648037,1.17479900800397
0.4,8,1.14671982651846,1.12274658449278,1.17120495282966
0.6,8,1.14455878602575,1.12193326793945,1.16764058264777
0.8,8,1.14240274738602,1.12109980264835,1.16411048699871
1,8,1.140259438493,1.12024666162267,1.16062973594499
1.2,8,1.13813956112874,1.11937555695933,1.15721810482001
1.4,8,1.13605375192669,1.11848775907427,1.15389562093635
1.6,8,1.13401257104008,1.11758412330342,1.150682516387
1.8,8,1.13202650583237,1.11666519703838,1.14759913115031
2,8,1.13010597554321,1.11573144022455,1.14466570530757
2.2,8,1.12826133691935,1.11478360678144,1.14190201277028
2.4,8,1.12650289080124,1.11382332893676,1.13932679448807
2.6,8,1.12484088965766,1.11285391587874,1.13695697970093
2.8,8,1.12328554606266,1.11188131224967,1.13480674968837
3,8,1.12184704211109,1.11091506675058,1.1328865937291
3.2,8,1.12053553977128,1.10996907347328,1.13120259464666
3.4,8,1.11936119217619,1.10906183154304,1.12975619835987
3.6,8,1.11833415585691,1.10821606910174,1.12854462142019
3.8,8,1.11746460392576,1.10745777088346,1.12756185730748
4,8,1.1167627402192,1.10681483450831,1.12680005639419
4.2,8,1.11623881441478,1.10631565693889,1.12625097818256
4.4,8,1.11590313813974,1.10598789555347,1.12590727142359
4.6,8,1.11576610209344,1.10585751637066,1.1257634696616
4.8,8,1.11583563428012,1.10594525901052,1.12581445834244
5,8,1.1160950151109,1.10624124899865,1.12603655295169
5.2,8,1.11651372646823,1.10671674336052,1.12639743536065
5.4,8,1.11706112879865,1.10734003251156,1.12686756446682
5.6,8,1.11770657458257,1.10807732140685,1.12741950650068
5.8,8,1.11841937713976,1.10889333075301,1.12802725787185
6,8,1.1191687878665,1.10975183057369,1.1286656540923
6.2,8,1.11992398191942,1.11061614078561,1.1293098301192
6.4,8,1.12065405237503,1.11144961967634,1.12993471127399
6.6,8,1.12132801290202,1.11221614406079,1.1305145310407
6.8,8,1.1219148089843,1.11288056673684,1.13102239021837
7,8,1.12238333772765,1.11340912119879,1.13142988756218
7.2,8,1.12270247627075,1.11376973495013,1.13170686064739
7.4,8,1.12284111880264,1.11393221497539,1.13182127343522
7.6,8,1.12276822216334,1.1138682825593,1.13173927333972
7.8,8,1.12245285997265,1.11355145564653,1.13142541951893
8,8,1.1218642851933,1.11295679783121,1.13084306313133
8.2,8,1.12097200098993,1.11206056627263,1.12995484698745
8.4,8,1.11974583969432,1.11083979206857,1.12872329067173
8.6,8,1.11815604963,1.10927181610038,1.12711143759109
8.8,8,1.11617594094568,1.10733608109374,1.12508636936622
9,8,1.11381258599211,1.1050410947546,1.12265370274752
9.2,8,1.1110965874243,1.10241484191372,1.11984670348129
9.4,8,1.10805910208003,1.09948445949157,1.11670061645997
9.6,8,1.10473127009549,1.09627618620973,1.11325156423065
9.8,8,1.10114413251128,1.09281569856454,1.10953603810479
10,8,1.09732855724081,1.0891284197458,1.10559043424579
10.2,8,1.09331517343855,1.08523981210844,1.10145062421608
10.4,8,1.08913431425325,1.0811756529724,1.09715156017687
10.6,8,1.08481596790519,1.07696228283998,1.09272692551383
10.8,8,1.08038973698713,1.07262680662258,1.08820885006824
11,8,1.07588480585488,1.06819722462951,1.08362771291683
11.2,8,1.07132991594636,1.06370247275482,1.07901205289967
11.4,8,1.06675334884664,1.05917236048441,1.07438859786247
11.6,8,1.06218291690112,1.05463740848623,1.06978241040774
11.8,8,1.05764596116932,1.05012860024499,1.06521713523164
12,8,1.05316935650767,1.04567707004282,1.06071532527853
12.2,8,1.04877952357046,1.04131374999809,1.0562988235416
12.4,8,1.04450244752467,1.03706899190752,1.0519891843245
12.6,8,1.04036370328491,1.03297216734531,1.04780813010122
12.8,8,1.03638777580548,1.02905044118609,1.04377742708221
13,8,1.03258594689722,1.02531481719351,1.03990864059502
13.2,8,1.02895821379874,1.02176235387782,1.03620475125716
13.4,8,1.02550426276584,1.01838888792143,1.03266935197749
13.6,8,1.02222384813308,1.01518991278931,1.02930651942841
13.8,8,1.01911679337664,1.01216099139855,1.02612039721785
14,8,1.01618299222541,1.00929813654098,1.0231148124648
14.2,8,1.01342240982275,1.00659815739685,1.02029292740505
14.4,8,1.01083508394129,1.00405895892708,1.0176569392085
14.6,8,1.00842112625338,1.00167977399943,1.01520784812684
14.8,8,1.00618072365971,0.999461308243884,1.0129453139544
15,8,1.0041141396789,0.997405785465099,1.01086761295749
15.2,8,1.00222171590082,0.995516894796228,1.00897169407536
15.4,8,1.00050387350664,0.993799655198107,1.00725331878109
15.6,8,0.998961114858526,0.992260223571166,1.00570725833173
15.8,8,0.997594025162306,0.990905676673644,1.00432751821574
16,8,0.996403274206296,0.989743794130838,1.00310756251914
16.2,8,0.995389618179738,0.988782862271156,1.00204051848574
16.4,8,0.99455390157445,0.988031509285956,1.00111935079055
16.6,8,0.993897059173385,0.987498573568012,1.00033700369236
16.8,8,0.993419854791017,0.98719254929312,0.999686442730614
17,8,0.993116137018659,0.987109854710848,0.999158965843545
17.2,8,0.992972270019107,0.9872334192407,0.998744481102801
17.4,8,0.992974328924968,0.9875449901422,0.998433517203114
17.6,8,0.993108457358894,0.98802592794485,0.998217131942325
17.8,8,0.99336084803527,0.9886573088949,0.998086764272583
18,8,0.99371772532419,0.989419995562061,0.99803412307483
18.2,8,0.994165329756255,0.990294688210253,0.998051099996934
18.4,8,0.994689904453135,0.991261965919002,0.998129697333543
18.6,8,0.995277683474561,0.992302324330797,0.998261964054683
18.8,8,0.995914882077283,0.993396215870067,0.998439934134738
19,8,0.996587688885717,0.994524098125056,0.998655561500216
19.2,8,0.997282259977435,0.995666496766394,0.998900645241907
19.4,8,0.997984714889303,0.996804091005675,0.999166737114659
19.6,8,0.998681134552024,0.997917832427732,0.999445020522115
19.8,8,0.999357561162019,0.998989112442467,0.999726145773402
20,8,1,1,1
20.2,8,1.00059442320527,1.00025538168712,1.00093357964321
20.4,8,1.00112677551366,1.00047954071805,1.00177442902136
20.6,8,1.00158298196525,1.00065754072908,1.00250927908012
20.8,8,1.00194916699905,1.00077157238728,1.00312814727076
21,8,1.00222027736472,1.00080699063284,1.00363555986542
21.2,8,1.00240314883273,1.0007573892914,1.00405161484868
21.4,8,1.00250548247412,1.00061892359398,1.00439559825721
21.6,8,1.00253500324039,1.0003906898848,1.00468391288003
21.8,8,1.00249945404625,1.00007518569811,1.00492959902957
22,8,1.00240659044298,0.999678217924777,1.00514240937391
22.2,8,1.00226417588676,0.999208403465727,1.00532929345046
22.4,8,1.00207997760455,0.998676496477955,1.00549505776628
22.6,8,1.0018617630598,0.99809473563451,1.00564300806896
22.8,8,1.00161729701886,0.997476311121572,1.00577547406546
23,8,1.00135433921869,0.996834972983753,1.00589419497468
23.2,8,1.00108064263566,0.99618476132864,1.00600058539665
23.4,8,1.00080395235484,0.995539826480344,1.00609591340026
23.6,8,1.00053200503898,0.994914309111469,1.00618142079124
23.8,8,1.00027252899596,0.994322256767575,1.00625840913652
24,8,1.00003324484381,0.993777559294766,1.00632830902575
24.2,8,0.999821866771995,0.99329388988191,1.00639274585116
24.4,8,0.999646104398349,0.992884640446466,1.00645361337189
24.6,8,0.999513665221054,0.992562839948185,1.00651316647697
24.8,8,0.999432197973426,0.992340934030404,1.00657413605735
25,8,0.99940487225384,0.992222690980181,1.00663904158252
25.2,8,0.999427340447092,0.992197887866538,1.00670946899607
25.4,8,0.99949454279472,0.992254836326658,1.00678707173119
25.6,8,0.999601424662329,0.99238180591372,1.00687356643642
25.8,8,0.999742934403211,0.992567138315901,1.0069706081394
26,8,0.999914021478384,0.992799369413091,1.00707965894472
26.2,8,1.00010963483252,0.993067365809616,1.00720184362255
26.4,8,1.00032472152543,0.993360476863087,1.00733779106539
26.6,8,1.00055422561904,0.993668697196943,1.0074874666256
26.8,8,1.00079308731994,0.993982828252296,1.00765000677975
27,8,1.00103624237771,0.994294621468482,1.00782357353369
27.2,8,1.00127862173935,0.994596881676229,1.00800524998893
27.4,8,1.00151515146024,0.994883508806484,1.00819099897206
27.6,8,1.00174075287203,0.995149459861412,1.00837570278577
27.8,8,1.00195034300788,0.995390620584752,1.00855329464915
28,8,1.00213883528543,0.995603585173961,1.00871698348872
28.2,8,1.00230114044779,0.995785349695352,1.00885956642191
28.4,8,1.00243216776279,0.995932928143132,1.00897381999321
28.6,8,1.00252682648038,0.99604289857861,1.00905296272587
28.8,8,1.00258004631621,0.996110900404846,1.00909120547009
29,8,1.00258986331513,0.996134122093624,1.00908744287326
29.2,8,1.00256085358948,0.996114619577388,1.00904880361709
29.4,8,1.00249842463811,0.99605429507296,1.00898424551071
29.6,8,1.00240798634518,0.995954707874423,1.00890307876861
29.8,8,1.00229494932359,0.995817637487415,1.00881439293877
30,8,1.00216472355015,0.995645572764293,1.00872655953255
30.2,8,1.00202271729244,0.995442099388598,1.00864683800978
30.4,8,1.00187433632767,0.995212156304307,1.00858111452276
30.6,8,1.00172498345306,0.994962142185544,1.00853379232082
30.8,8,1.00158005828783,0.994699872712834,1.00850783304509
31,8,1.00144495736626,0.994434410667833,1.00850492689689
31.2,8,1.00132507452175,0.994175805537879,1.00852575498307
31.4,8,1.00122580156142,0.99393478289399,1.00857030357014
31.6,8,1.00115252923125,0.993722416845711,1.00863819694002
31.8,8,1.00111064847162,0.993549805463128,1.00872902895501
32,8,1.00110555196333,0.993427753864263,1.00884268863374
32.2,8,1.00114263596458,0.993366455840811,1.00897968886795
32.4,8,1.00122730243933,0.993375153527587,1.00914151878079
32.6,8,1.00136496147796,0.993461745420442,1.00933104943199
32.8,8,1.00156102911675,0.993632297623157,1.00955302826301
33,8,1.00181818839135,0.993886136890315,1.0098135443683
33.2,8,1.0021318160984,0.994209171900491,1.0101175941849
33.4,8,1.00249608725972,0.994585137012808,1.01046996136451
33.6,8,1.00290517665952,0.994998379598942,1.01087480542018
33.8,8,1.00335325605805,0.995434617110181,1.01133488743325
34,8,1.00383449174516,0.995881616732598,1.0118508765363
34.2,8,1.00434304243389,0.996329716667649,1.01242081813951
34.4,8,1.00487305749415,0.996772104234437,1.01303984871566
34.6,8,1.00541867552714,0.997204798000217,1.01370020995279
34.8,8,1.00597402328144,0.997626336725332,1.01439155950798
35,8,1.00653321491167,0.998037231875166,1.01510152163055
35.2,8,1.00709035158107,0.998439269343488,1.01581639203212
35.4,8,1.00763952140914,0.998834741355519,1.01652191605562
35.6,8,1.00817479976579,0.999225659143243,1.01720408956901
35.8,8,1.00869024991331,0.999612956255459,1.017849972735
36,8,1.00917992399723,0.999995654449971,1.01844854471815
36.2,8,1.0096378643874,1.00036993648682,1.01899165501179
36.4,8,1.01005810537005,1.00072805759408,1.01947513960637
36.6,8,1.0104346751915,1.00105703885877,1.0199001587295
36.8,8,1.01076159868905,1.00133714250153,1.0202747566441
37,8,1.01103459682904,1.00154105395056,1.0206181283865
37.2,8,1.01125516145044,1.00163687208003,1.02096581112924
37.4,8,1.01142601800421,1.00159094912679,1.02135766181564
37.6,8,1.01154990141483,1.00137164524054,1.02183161258432
37.8,8,1.0116295547672,1.00095371358226,1.02241926094256
38,8,1.01166772806624,1.00032171464887,1.02314243210242
38.2,8,1.01166717706972,0.999471255547392,1.02401191778115
38.4,8,1.01163066219505,0.998407860024145,1.02502858568085
38.6,8,1.01156094750028,0.997144335775862,1.02618599313557
38.8,8,1.01146079973995,0.995697839367764,1.02747330461236
39,8,1.01133298749593,0.994087467868809,1.02887768396293
39.2,8,1.01118028038354,0.992332651208778,1.03038588742498
39.4,8,1.01100544833328,0.990452254096963,1.03198514853348
39.6,8,1.01081126094803,0.98846417147349,1.03366357096813
39.8,8,1.01060048693608,0.986385216301022,1.03541023052373
40,8,1.01037589361985,0.984231157760364,1.03721512813218
0,9,1.16075952732818,1.13080302822298,1.19150961454399
0.2,9,1.15849792829519,1.13005419692105,1.18765759511445
0.4,9,1.15624073571338,1.12928679269829,1.18383801844409
0.6,9,1.15398794099731,1.12849760108127,1.1800540530093
0.8,9,1.15174054654151,1.127683285147,1.17631102989596
1,9,1.14950695855359,1.1268440400998,1.17262567022682
1.2,9,1.1472988159967,1.12598146724001,1.16901974986669
1.4,9,1.14512768414995,1.12509677692625,1.16551521602358
1.6,9,1.14300504250672,1.1241908707223,1.16213408347319
1.8,9,1.14094228910001,1.12326452459715,1.1588982635445
2,9,1.13895074597116,1.12231870289223,1.15582926525713
2.2,9,1.1370416657694,1.12135503983608,1.15294773177695
2.4,9,1.13522623947111,1.12037650786604,1.15027279288313
2.6,9,1.13351560520991,1.11938825009508,1.14782125607023
2.8,9,1.13192085821091,1.11839848690442,1.14560672627449
3,9,1.1304530618251,1.11741933055425,1.14363882031276
3.2,9,1.12912325966292,1.11646729521993,1.14192268861818
3.4,9,1.12794248882908,1.11556331689583,1.14045902983447
3.6,9,1.12692179426447,1.11473221198902,1.13924466946396
3.8,9,1.12607224420485,1.11400166282603,1.13827361437842
4,9,1.12540494677004,1.11340094339967,1.137538369913
4.2,9,1.12493106770212,1.11295962994588,1.13703127501845
4.4,9,1.12466184927596,1.11270647901737,1.13674567288745
4.6,9,1.12460863041038,1.11266854902055,1.13667684119123
4.8,9,1.12478004724465,1.11286742047225,1.13682019206099
5,9,1.12515758514202,1.11329146720822,1.13715017916852
5.2,9,1.12570752092262,1.11390870582963,1.13763131218005
5.4,9,1.12639598679981,1.11468412043853,1.13823090848336
5.6,9,1.1271890921255,1.1155805615548,1.13891841897633
5.8,9,1.12805288667837,1.11655935747321,1.13966472684721
6,9,1.12895333418202,1.11758086205913,1.14044153226852
6.2,9,1.12985629607993,1.11860496953759,1.14122079246543
6.4,9,1.13072752561208,1.11959161392907,1.14197419958331
6.6,9,1.1315326722476,1.12050125519478,1.14267269441053
6.8,9,1.13223729652826,1.12129533813902,1.14328603004562
7,9,1.13280689536969,1.12193669675374,1.14378241295621
7.2,9,1.13320693784984,1.12238986960339,1.14412825593728
7.4,9,1.13340291148843,1.12262129386002,1.14428807541453
7.6,9,1.13336037898627,1.12259935697888,1.14422455408557
7.8,9,1.13304504534941,1.1222943025383,1.14389877226257
8,9,1.1324228352707,1.12167800458609,1.14327059334265
8.2,9,1.13145998058043,1.12072363681868,1.14229917670791
8.4,9,1.13012311750806,1.11940526521726,1.14094358889605
8.6,9,1.12837939342024,1.11769738492184,1.13916349154244
8.8,9,1.12619943351815,1.11557699143512,1.13692302171361
9,9,1.12359164542227,1.11305397772529,1.1342290768708
9.2,9,1.12059075736216,1.11016034077522,1.13111917203657
9.4,9,1.11723212477899,1.10692725491915,1.12763292717854
9.6,9,1.11355108040678,1.10338497053994,1.12381085639431
9.8,9,1.10958283153363,1.09956315401586,1.11969381252696
10,9,1.1053623679035,1.0954911977199,1.11532248448942
10.2,9,1.10092438030721,1.09119850830472,1.11073693918243
10.4,9,1.09630318983892,1.08671477206267,1.10597620916639
10.6,9,1.0915326877306,1.08207018720541,1.1010779360454
10.8,9,1.08664628562193,1.07729564622083,1.09607808608362
11,9,1.08167687607735,1.07242284890064,1.09101075703475
11.2,9,1.07665680312466,1.06748432940399,1.08590809231067
11.4,9,1.07161784256102,1.06251338855307,1.08080031072266
11.6,9,1.06659119175181,1.05754393332351,1.07571584921999
11.8,9,1.06160746863549,1.05261023578355,1.07068160573579
12,9,1.05669671964311,1.04774663013639,1.06572326284567
12.2,9,1.05188843624373,1.0429871669228,1.0608656725545
12.4,9,1.04721157983688,1.03836523764327,1.0561332883538
12.6,9,1.04269461472974,1.03391317242949,1.05155064136737
12.8,9,1.03836473429429,1.02966090003431,1.04714214300079
13,9,1.03423399800535,1.02562017154072,1.04292016899714
13.2,9,1.03030155420695,1.02178708633531,1.03888697244008
13.4,9,1.02656621670969,1.01815647902719,1.03504541688577
13.6,9,1.02302689781223,1.014722865907,1.03139888614989
13.8,9,1.01968260826534,1.01148086665559,1.02795085490513
14,9,1.01653245731406,1.00842559126259,1.02470449552869
14.2,9,1.0135756528192,1.005552991227,1.02166232207641
14.4,9,1.01081150145938,1.00286016357135,1.01882588280701
14.6,9,1.00823940901498,1.00034558962552,1.01619551926192
14.8,9,1.00585888073544,0.998009290059994,1.01377021038905
15,9,1.00366952179145,0.995852883963038,1.01154751389008
15.2,9,1.00167103781375,0.993879551291191,1.00952360544232
15.4,9,0.999863235520235,0.992093911181929,1.00769340329281
15.6,9,0.998246023433375,0.990501839200251,1.00605075514563
15.8,9,0.996819412689923,0.989110251607468,1.00458865925274
16,9,0.995583517945088,0.987926883508412,1.00329949285713
16.2,9,0.994538558373475,0.986960081693407,1.00217522718295
16.4,9,0.993684858769256,0.986218624577709,1.00120761658712
16.6,9,0.993022850748134,0.985711573010444,1.00038835812421
16.8,9,0.992552797824872,0.98544766855384,0.999709155449849
17,9,0.992267720013212,0.985422832253229,0.999160153341364
17.2,9,0.99215279474324,0.985618615314912,0.998730292652102
17.4,9,0.992192901904121,0.986015274781512,0.998409233373246
17.6,9,0.992372996564862,0.986592623610823,0.998187236295003
17.8,9,0.992678086591552,0.987330143615432,0.998054997075918
18,9,0.993093212580331,0.988207064021406,0.998003520496753
18.2,9,0.993603430080579,0.989202419193482,0.998024021284557
18.4,9,0.994193794090839,0.990295095311164,0.998107841681435
18.6,9,0.994849345817066,0.99146387355661,0.998246378178432
18.8,9,0.99555510168887,0.992687476276507,0.998431010952598
19,9,0.996296044634565,0.993944622399305,0.998653029741644
19.2,9,0.997057117620016,0.995214099082798,0.99890354920909
19.4,9,0.997823219459461,0.996474858233827,0.999173405194746
19.6,9,0.998579202908792,0.997706149411609,0.999453020380828
19.8,9,0.999309875053018,0.998887705028567,0.999732223503461
20,9,1,1,1
20.2,9,1.00063430389187,1.00024414403324,1.00102461593805
20.4,9,1.00119748224388,1.00045077381742,1.00194474799258
20.6,9,1.0016742096179,1.00060366974176,1.00274589485825
20.8,9,1.00204938607322,1.00068358833015,1.00341704794546
21,9,1.0023177917975,1.00067515755113,1.00396312247062
21.2,9,1.00248752086485,1.00057244175453,1.00440626540493
21.4,9,1.00256763922425,1.00037229026163,1.00476780595033
21.6,9,1.00256724148032,1.00007461041911,1.0050660852876
21.8,9,1.00249544316833,0.99968281308276,1.00531598665192
22,9,1.00236137384825,0.999203733603949,1.00552899273012
22.2,9,1.00217417102329,0.9986471576818,1.00571364103982
22.4,9,1.00194297488688,0.99802516426611,1.00587616511993
22.6,9,1.00167692390052,0.997351468534294,1.00602113851533
22.8,9,1.00138515120374,0.996640867564099,1.00615201893358
23,9,1.0010767818564,0.99590881885113,1.00627156241878
23.2,9,1.00076093091269,0.995171139763137,1.0063821194409
23.4,9,1.0004467023256,0.994443800322794,1.00648584049625
23.6,9,1.00014318868034,0.993742780774793,1.00658481974961
23.8,9,0.999859471754907,0.993083970050572,1.00668120059081
24,9,0.999604623906122,0.992483086548184,1.00677726167577
24.2,9,0.999387710279567,0.991955606580267,1.00687549808915
24.4,9,0.999217791842502,0.991516687811439,1.00697871030133
24.6,9,0.99910392923937,0.991181074853608,1.00709011375038
24.8,9,0.999055114411759,0.990962847390447,1.00721346341154
25,9,0.999074861179752,0.990866086664024,1.00735164082751
25.2,9,0.99915748587306,0.990878750422889,1.00750538968578
25.4,9,0.999296434610342,0.990987129422424,1.00767541230021
25.6,9,0.999485160165309,0.991177492190235,1.00786245981355
25.8,9,0.999717118484774,0.991436217602884,1.00806718500556
26,9,0.99998576563735,0.991749933429647,1.0082899910255
26.2,9,1.00028455519185,0.992105666903294,1.0085308699813
26.4,9,1.00060693602496,0.992491007016628,1.00878923168366
26.6,9,1.00094635055821,0.992894271928195,1.00906372916235
26.8,9,1.00129623342467,0.993304668745094,1.00935209369053
27,9,1.00165001056595,0.993712427935262,1.00965099707108
27.2,9,1.00200109876042,0.994108892003564,1.00995596155827
27.4,9,1.00234290558374,0.994486538954911,1.01026133690042
27.6,9,1.00266882980258,0.994838925706559,1.01056035935028
27.8,9,1.00297226220265,0.995160543956051,1.01084530014519
28,9,1.00324658685199,0.995446588894438,1.01110770307427
28.2,9,1.00348518280007,0.995692647074617,1.01133870482808
28.4,9,1.00368142621326,0.995894311902843,1.01152942966478
28.6,9,1.00382869294678,0.996046733304641,1.01167145184045
28.8,9,1.0039203848883,0.996144126247223,1.01175734779582
29,9,1.00395376792226,0.996182967228278,1.01178518533567
29.2,9,1.00393424272884,0.996166094624762,1.01176296720196
29.4,9,1.00386824686936,0.996096390142047,1.01170074206257
29.6,9,1.00376222330319,0.995976393883647,1.01160891675537
29.8,9,1.00362261761397,0.995808851955901,1.01149769517305
30,9,1.00345587564846,0.99559718717513,1.01137659622205
30.2,9,1.00326844156878,0.995345872072849,1.01125407166423
30.4,9,1.00306675631811,0.995060681382849,1.01113724665745
30.6,9,1.0028572565,0.994748808449046,1.01103179855301
30.8,9,1.00264637367075,0.994418844538893,1.0109419749595
31,9,1.00244053404454,0.994080636676812,1.01087073545141
31.2,9,1.00224615861067,0.993745052325567,1.01081998858672
31.4,9,1.00206966366234,0.993423684052354,1.01079089108916
31.6,9,1.00191746173646,0.993128523665346,1.01078417970269
31.8,9,1.00179596296406,0.992871625487834,1.01080051604655
32,9,1.00171157683116,0.992664765815604,1.01084083742322
32.2,9,1.00167071435018,0.99251909297349,1.01090671916535
32.4,9,1.00167979064225,0.992444751260394,1.01100076523842
32.6,9,1.00174522793147,0.992450452921935,1.01112705297178
32.8,9,1.00187345399358,0.992542957481913,1.01129166274429
33,9,1.00206812845365,0.992722143847373,1.01150210085067
33.2,9,1.00232551215109,0.992974410677237,1.01176467540966
33.4,9,1.00264065276306,0.993284073256306,1.01208536977491
33.6,9,1.0030086022648,0.993636222597086,1.01246938601707
33.8,9,1.00342441418668,0.994017512774626,1.0129203379681
34,9,1.00388314111739,0.994416834526649,1.01343956179043
34.2,9,1.00437983245285,0.994825800266373,1.01402561892535
34.4,9,1.00490953239036,0.99523897003143,1.01467406190609
34.6,9,1.00546727816792,0.995653782574724,1.01537749884513
34.8,9,1.00604809854896,0.996070206585169,1.01612594162803
35,9,1.0066470125529,0.996490171731883,1.01690737814355
35.2,9,1.00725902843218,0.996916859943156,1.01770848816419
35.4,9,1.00787914289647,0.997353929339065,1.01851543048404
35.6,9,1.00850234058508,0.997804714366783,1.01931465778956
35.8,9,1.00912359378843,0.998271408824231,1.02009375259969
36,9,1.0097378624198,0.998754204347255,1.02084231171819
36.2,9,1.01034009423825,0.99925033189587,1.02155293167491
36.4,9,1.01092522532392,0.999752942316693,1.02222235908409
36.6,9,1.0114881808067,1.00024977241274,1.02285285948505
36.8,9,1.01202387602934,1.00072159355283,1.023453807984
37,9,1.01252851894764,1.00114087570176,1.02404569283385
37.2,9,1.01300273633319,1.00147360577845,1.02466459215455
37.4,9,1.01344809806388,1.00168331164578,1.02535106208547
37.6,9,1.01386617941275,1.00173492562513,1.02614434563668
37.8,9,1.0142585606065,1.00159902466858,1.02707810453785
38,9,1.01462682640824,1.00125541966089,1.02817680349329
38.2,9,1.01497256572473,1.00069493181909,1.02945390889627
38.4,9,1.01529737123817,0.999918926630778,1.03091233157923
38.6,9,1.01560283906277,0.998937146671748,1.03254657227328
38.8,9,1.01589056842631,0.997764888586332,1.03434552450502
39,9,1.01616216137658,0.996420421017953,1.03629503815128
39.2,9,1.01641922251311,0.994923079013573,1.03837980813396
39.4,9,1.01666335874406,0.993292074105846,1.04058454905442
39.6,9,1.01689617906845,0.991545864864293,1.04289461097753
39.8,9,1.01711929438381,0.989701895953243,1.04529622832681
40,9,1.01733431731926,0.98777654954953,1.04777655803576
0,10,1.14725991150086,1.11866673053649,1.1765839356872
0.2,10,1.14515883909475,1.11800544812741,1.17297171400492
0.4,10,1.14306161455713,1.11732627033169,1.16938972023462
0.6,10,1.14096823084108,1.11662611484421,1.16584099770069
0.8,10,1.13887964066264,1.1159017771176,1.16233064819214
1,10,1.13680382675925,1.11515339720721,1.1588745940881
1.2,10,1.1347518453006,1.11438244812595,1.15549356738215
1.4,10,1.1327346875833,1.11359003401906,1.15220847282876
1.6,10,1.13076326839393,1.11277697033801,1.14904028680656
1.8,10,1.12884842992395,1.11194396075426,1.14600989143138
2,10,1.12700094673004,1.11109189898289,1.14313778643612
2.2,10,1.12523153172912,1.110222330106,1.14044364418124
2.4,10,1.12355084321862,1.10933808897652,1.13794569017452
2.6,10,1.12196949291449,1.1084440931542,1.13565993161523
2.8,10,1.12049805500141,1.10754820386714,1.13359932044326
3,10,1.11914707619185,1.10666199682355,1.13177300905224
3.2,10,1.11792708679346,1.10580124165208,1.13018589988139
3.4,10,1.11684861278693,1.10498591543981,1.12883866342098
3.6,10,1.11592218891956,1.10423968460343,1.1277282904121
3.8,10,1.11515837282344,1.10358893974354,1.12684909361925
4,10,1.11456776017051,1.10306158555192,1.12619395714876
4.2,10,1.11416100088094,1.10268581670834,1.12575560243409
4.4,10,1.11394881640563,1.10248905202961,1.1255276986988
4.6,10,1.11394201810796,1.10249709850705,1.12550574635231
4.8,10,1.11414885838061,1.10273056563246,1.12568538255659
5,10,1.1145519016568,1.10317858475249,1.1260424727747
5.2,10,1.11511931912451,1.10381097597349,1.1265435141991
5.4,10,1.11581914000147,1.104594665972,1.12715767289897
5.6,10,1.11661936839938,1.10549454437969,1.12785614386206
5.8,10,1.1174879498219,1.10647404696672,1.12861148566524
6,10,1.11839274686771,1.10749567775386,1.12939703636866
6.2,10,1.11930152416394,1.10852149900049,1.13018638170334
6.4,10,1.1201819425712,1.10951360588695,1.13095285880652
6.6,10,1.12100156270974,1.11043458801951,1.13166909348432
6.8,10,1.1217278578574,1.111247964759,1.13230658412612
7,10,1.12232823626307,1.11191856869118,1.13283535807487
7.2,10,1.12277007290526,1.11241284473038,1.13322373306219
7.4,10,1.12302075070366,1.11269903406679,1.13343821455614
7.6,10,1.12304771116148,1.11274722274672,1.13344354922925
7.8,10,1.12281851437979,1.11252925115183,1.13320293819581
8,10,1.12230090833983,1.11201849751752,1.13267839669237
8.2,10,1.12146290729739,1.11118956010125,1.13183123528385
8.4,10,1.12027287907418,1.1100178649606,1.13062263518947
8.6,10,1.11869964096467,1.10847921900035,1.12901429746523
8.8,10,1.11671526210535,1.10655175980106,1.12697211456536
9,10,1.11432753312476,1.10424472033058,1.12450241166485
9.2,10,1.11156914366942,1.10158822774922,1.1216404914589
9.4,10,1.10847337874285,1.09861161627525,1.11842366599713
9.6,10,1.10507350917417,1.09534333959618,1.11489011393333
9.8,10,1.10140269935673,1.09181130052634,1.11107835719
10,10,1.09749392452678,1.08804315209423,1.10702678662592
10.2,10,1.09337989762627,1.08406657793212,1.102773228941
10.4,10,1.08909300573177,1.07990955081548,1.09835455593311
10.6,10,1.08466525597701,1.07560055961513,1.09380634567971
10.8,10,1.08012823084931,1.07116878847217,1.0891626115635
11,10,1.0755130527011,1.06664422948132,1.08445561749574
11.2,10,1.07085035728562,1.06205771275653,1.07971579503196
11.4,10,1.06617027610163,1.05744084520876,1.07497177056576
11.6,10,1.06150242731417,1.05282585967169,1.07025050044387
11.8,10,1.05687591500845,1.04824538590132,1.06557750193627
12,10,1.05231933652957,1.04373216116331,1.06097716180345
12.2,10,1.04786079766358,1.03931869856347,1.0564731037725
12.4,10,1.043527935424,1.03503692575282,1.05208860178419
12.6,10,1.03934794822227,1.03091779643433,1.04784703611686
12.8,10,1.03534683589191,1.02698998363833,1.04377168976255
13,10,1.03153582342129,1.02326443971518,1.03987406744791
13.2,10,1.0279135132218,1.01973683522421,1.03615575525589
13.4,10,1.02447818465095,1.01640161278274,1.0326189349033
13.6,10,1.02122821646656,1.01325290213035,1.02926630450776
13.8,10,1.01816208557891,1.01028492409207,1.02610066505944
14,10,1.01527836588774,1.00749236259082,1.02312454020887
14.2,10,1.01257572720287,1.00487070385698,1.02033983017417
14.4,10,1.01005293424746,1.00241653165457,1.01774751090545
14.6,10,1.00770884574276,1.00012776074661,1.0153473962468
14.8,10,1.00554241357351,0.998003790100215,1.01313798156389
15,10,1.00355268203314,0.996045563265956,1.01111638137681
15.2,10,1.00173878714805,0.994255534528538,1.00927836238064
15.4,10,1.00009995608036,0.992637552355366,1.00761846031174
15.6,10,0.998635506608493,0.991196682228775,1.00613015856426
15.8,10,0.997344846685319,0.989938996123033,1.00480610129045
16,10,0.996227474073299,0.988871354916018,1.0036383146954
16.2,10,0.995282976056528,0.988001204261758,1.00261841600498
16.4,10,0.994511029229424,0.987336396271155,1.00173779777013
16.6,10,0.993911399362001,0.986885040894074,1.00098778362956
16.8,10,0.993483705338281,0.986654951461336,1.00035972181644
17,10,0.993221372751223,0.986642365684189,0.999844249142638
17.2,10,0.993111120810432,0.986830513545347,0.999431700519697
17.4,10,0.993139409334737,0.987201395845706,0.999113139957419
17.6,10,0.993292758535754,0.987736567242064,0.998880204379205
17.8,10,0.993557731119826,0.988417251550432,0.998724944874769
18,10,0.993920916243993,0.989224423137091,0.998639706664818
18.2,10,0.994368915307706,0.99013886751636,0.998617034608922
18.4,10,0.994888329567719,0.991141230632894,0.998649594748476
18.6,10,0.995465749568679,0.99221206415284,0.998730104547173
18.8,10,0.996087746386273,0.993331873022533,0.998851265571317
19,10,0.996740864683447,0.994481171375874,0.999005692541568
19.2,10,0.99741161758321,0.995640553539375,0.999185832028899
19.4,10,0.998086483363804,0.996790788490536,0.999383862467328
19.6,10,0.998751903983641,0.997912948888389,0.999591564396578
19.8,10,0.999394285444282,0.998988590023476,0.999800145620497
20,10,1,1,1
20.2,10,1.00055539022191,1.0001803710573,1.00093055000054
20.4,10,1.00104677492353,1.00032888411115,1.0017651809337
20.6,10,1.00146045695263,1.00043090885366,1.00249106456433
20.8,10,1.00178294530508,1.00046888891874,1.00309872762633
21,10,1.00200970246147,1.00042847231993,1.00359343182092
21.2,10,1.00214825291256,1.00030370423962,1.00399620291231
21.4,10,1.00220699773628,1.00009129069446,1.00432718058579
21.6,10,1.00219436046867,0.999790899887542,1.00460359888071
21.8,10,1.00211878074525,0.999405573456285,1.00483935390648
22,10,1.00198870864628,0.998941634915965,1.00504507687189
22.2,10,1.00181259974977,0.998408225037697,1.00522858270673
22.4,10,1.00159891089498,0.997816668757236,1.00539548968998
22.6,10,1.00135609665807,0.997179847005839,1.00554983669702
22.8,10,1.00109260654058,0.996511669078929,1.00569460244909
23,10,1.00081688287073,0.995826672491805,1.00583209980984
23.2,10,1.0005373594169,0.995139737987781,1.0059642574551
23.4,10,1.00026246071234,0.994465892998259,1.00609281560556
23.6,10,1.00000060208979,0.993820176264589,1.00621946310104
23.8,10,0.999760190424599,0.993217540872967,1.00634593855373
24,10,0.999549625585326,0.992672778011792,1.00647411326101
24.2,10,0.999377302590541,0.992200447474202,1.00660606984771
24.4,10,0.999251614471481,0.991814802751028,1.00674418878835
24.6,10,0.999180955840489,0.99152969834948,1.00689125517491
24.8,10,0.999173657055169,0.991358345056381,1.00705058058115
25,10,0.999232792543539,0.991304337335589,1.00722465956118
25.2,10,0.999352609887882,0.991355768692082,1.00741395816694
25.4,10,0.999526520195127,0.991499127999179,1.00761890390105
25.6,10,0.999747939514266,0.991720881911052,1.00783996867847
25.8,10,1.00001028548299,0.992007604298383,1.0080775255539
26,10,1.00030697440954,0.992346111765961,1.00833170119616
26.2,10,1.00063141878912,0.992723610957256,1.00860221839836
26.4,10,1.00097702525459,0.993127857145081,1.0088882291227
26.6,10,1.00133719296174,0.993547317451609,1.00918814473809
26.8,10,1.00170531240964,0.993971326117674,1.00949947603509
27,10,1.00207476469692,0.994390214452391,1.00981870039356
27.2,10,1.00243892121493,0.994795395707123,1.01014117586689
27.4,10,1.00279114377895,0.995179386184671,1.01046112088066
27.6,10,1.00312478519841,0.995535748593865,1.01077167354427
27.8,10,1.00343319028738,0.99585895090969,1.01106503732336
28,10,1.00370969731594,0.996144141652594,1.01133271216627
28.2,10,1.00394763990342,0.996386848132682,1.01156580454324
28.4,10,1.00414034935353,0.996582606115317,1.01175540794373
28.6,10,1.00428115743167,0.996726527305337,1.011893047433
28.8,10,1.00436342293404,0.996812829017904,1.01197121060493
29,10,1.00438437224421,0.996838035563878,1.01198783675801
29.2,10,1.00434937263528,0.996805056577988,1.01195078782584
29.4,10,1.00426482954945,0.996716870972505,1.01186994746657
29.6,10,1.00413715427793,0.996576119739485,1.01175555447281
29.8,10,1.00397276100554,0.996385629515429,1.0116176658743
30,10,1.00377806426364,0.996148863036427,1.01146569522313
30.2,10,1.00355947679197,0.995870277327662,1.01130804522205
30.4,10,1.0033234078098,0.995555568161,1.01115185616266
30.6,10,1.0030762616963,0.995211785699808,1.01100288525133
30.8,10,1.00282443707989,0.994847319632703,1.01086551851582
31,10,1.00257432633585,0.994471767718725,1.01074290136317
31.2,10,1.00233231549189,0.994095713899897,1.01063716162497
31.4,10,1.00210478454063,0.993730447105396,1.01054969395811
31.6,10,1.00189810815853,0.993387648858493,1.01048147748274
31.8,10,1.00171865683068,0.993079068808299,1.01043340752996
32,10,1.00157279838091,0.992816195464438,1.01040663421823
32.2,10,1.00146689990719,0.992609917395859,1.01040291259727
32.4,10,1.00140733012226,0.992470159486674,1.01042497977095
32.6,10,1.00140046210026,0.992405470067998,1.01047698318905
32.8,10,1.00145267199512,0.992422520971219,1.01056498925949
33,10,1.00156785863991,0.992521578538102,1.01069659053465
33.2,10,1.00174330387915,0.992690502892604,1.01087866151901
33.4,10,1.00197520659591,0.992915243837847,1.01111783796612
33.6,10,1.00225977211715,0.993182498120158,1.01142000861437
33.8,10,1.00259321013682,0.993480462240912,1.01178954515635
34,10,1.00297173278468,0.99379947305187,1.0122286477733
34.2,10,1.00339155284019,0.994132465964727,1.01273687640211
34.4,10,1.0038488820907,0.994475185311255,1.01331093320277
34.6,10,1.00433992983384,0.994826114373697,1.01394472871641
34.8,10,1.00486090152374,0.995186140307856,1.01462971650584
35,10,1.00540799756113,0.995558010855862,1.01535543939913
35.2,10,1.00597741222732,0.995945658828085,1.01611021137677
35.4,10,1.00656533276245,0.99635346259678,1.01688186688141
35.6,10,1.00716793858805,0.996785483694462,1.01765853647869
35.8,10,1.00778140067471,0.997244688109666,1.01842944229772
36,10,1.00840188105493,0.997732126105001,1.0191857384455
36.2,10,1.00902553248202,0.998246022347009,1.0199214446223
36.4,10,1.00964849823548,0.998780718156105,1.02063453114224
36.6,10,1.01026691207354,0.99932541841168,1.02132820283187
36.8,10,1.01087689845498,0.999862743722423,1.02201238144508
37,10,1.01147544982623,1.00036714946587,1.02270709923594
37.2,10,1.01206253394123,1.00080585138088,1.02344582737431
37.4,10,1.01263875203703,1.00114357882387,1.02426591331863
37.6,10,1.01320470712895,1.00134641922011,1.02520342495239
37.8,10,1.0137610039468,1.00138571842039,1.02628922523916
38,10,1.01430824887453,1.00124137339855,1.02754565589189
38.2,10,1.01484704989359,1.00090348257262,1.02898486478491
38.4,10,1.01537801652986,1.00037196651161,1.03060916435642
38.6,10,1.01590175980422,0.999654629864275,1.03241295017403
38.8,10,1.0164188921868,0.998764592824997,1.03438525135548
39,10,1.01693002755492,0.997717905922915,1.03651209906496
39.2,10,1.01743578115471,0.996531760105693,1.03877830111917
39.4,10,1.01793676956641,0.995223346404209,1.04116856842147
39.6,10,1.01843361067346,0.99380923566735,1.04366812273876
39.8,10,1.0189269236353,0.99230510742336,1.04626295676814
40,10,1.01941732886391,0.990725684558197,1.04893988980557
0,11,1.11583461324171,1.09186258936478,1.14033294687075
0.2,11,1.11408312106287,1.0913635436697,1.13727566569039
0.4,11,1.11233437814886,1.09085168837481,1.13424013731433
0.6,11,1.11058838018423,1.09032470247514,1.13122865821557
0.8,11,1.10884593027234,1.08978016284459,1.1282452544118
1,11,1.10711374807302,1.08921832124076,1.12530318970036
1.2,11,1.10540114718561,1.08864043035104,1.12241991215158
1.4,11,1.10371739613303,1.0880473192322,1.11961315376093
1.6,11,1.1020717082117,1.08743939890177,1.11690090617213
1.8,11,1.10047324430458,1.08681673417121,1.1143013567543
2,11,1.09893111645943,1.08617921314187,1.1118327289928
2.2,11,1.09745439222551,1.0855268619923,1.10951297953565
2.4,11,1.09605209974285,1.08486035278664,1.10735930413983
2.6,11,1.09473323357941,1.08418172975737,1.10538742704273
2.8,11,1.09350676131265,1.08349532139958,1.10361070640517
3,11,1.09238163085351,1.08280871112945,1.1020391830626
3.2,11,1.09136677851242,1.08213353901582,1.10067880007106
3.4,11,1.09047113780887,1.0814858664217,1.0995310612136
3.6,11,1.08970364902771,1.08088591557702,1.09859331645597
3.8,11,1.08907326952805,1.08035718867986,1.09785966977259
4,11,1.08858898481237,1.07992517660944,1.09732229928684
4.2,11,1.0882598203664,1.07961596674995,1.09697288026327
4.4,11,1.08809485428287,1.07945501285275,1.0968038480714
4.6,11,1.08810323068509,1.07946619437658,1.09680937373968
4.8,11,1.08829197455476,1.07966867568614,1.09698414759288
5,11,1.08864692692701,1.08005479601536,1.09730741058694
5.2,11,1.08914205860931,1.08060023899059,1.09775139874095
5.4,11,1.08975122257305,1.08127789595434,1.09829094957251
5.6,11,1.0904482548572,1.0820586861171,1.098902870775
5.8,11,1.09120695024681,1.08291212067043,1.09956531609394
6,11,1.0920010442526,1.08380680015977,1.10025724185618
6.2,11,1.0928042014058,1.08471087982023,1.10095790945517
6.4,11,1.09359000989268,1.08559252453541,1.10164641217375
6.6,11,1.09433198255894,1.08642035849953,1.1023012213296
6.8,11,1.09500356431531,1.08716389659801,1.10289976480573
7,11,1.09557814597342,1.0877939284068,1.10341806714486
7.2,11,1.09602908453322,1.08828281627873,1.10383048980814
7.4,11,1.096329729932,1.08860467046595,1.10410960869598
7.6,11,1.09645345824905,1.08873537761654,1.10422625260711
7.8,11,1.09637371133954,1.0886524803351,1.10414970491449
8,11,1.09606404284675,1.08833492699724,1.1038480491811
8.2,11,1.09549817051262,1.08776272460094,1.10328862577707
8.4,11,1.09465003467363,1.08691652859192,1.10243856532691
8.6,11,1.09349386279181,1.08577719263969,1.10126537568574
8.8,11,1.09200643729818,1.08432724318033,1.0997400153879
9,11,1.09019354230358,1.08257385497258,1.0978668607423
9.2,11,1.08808120455457,1.08054066925936,1.09567436135136
9.4,11,1.08569593255903,1.07825048215026,1.09319279470627
9.6,11,1.08306423569345,1.07572524259821,1.09045329809776
9.8,11,1.08021256290824,1.07298637603708,1.08748741561325
10,11,1.07716724767068,1.07005508472422,1.08432668188615
10.2,11,1.07395445917365,1.06695263649939,1.08100223095483
10.4,11,1.07060015980444,1.0637006425948,1.07754442958433
10.6,11,1.06713006883764,1.06032131374171,1.07398254572371
10.8,11,1.06356963229066,1.05683767424647,1.07034447228373
11,11,1.05994399885824,1.05327370879431,1.06665653128439
11.2,11,1.05627800182479,1.04965441887416,1.06294338124701
11.4,11,1.05259614683979,1.04600577524912,1.05922804114356
11.6,11,1.04892260543121,1.0423545671925,1.05553202990034
11.8,11,1.04528121412633,1.038728163327,1.05187560632401
12,11,1.04169547904665,1.03515420775855,1.04827808546119
12.2,11,1.03818858584488,1.03166027584639,1.04475820675979
12.4,11,1.0347834148565,1.02827350653864,1.04133453682622
12.6,11,1.03150256134657,1.02502021516971,1.03802590262902
12.8,11,1.02836767638403,1.02192471153042,1.03485126242591
13,11,1.0253877943174,1.01899585248481,1.03181983142642
13.2,11,1.02256112740085,1.01622910652222,1.02893260246175
13.4,11,1.01988560269985,1.01361876382929,1.02619118717262
13.6,11,1.01735922339399,1.01115877154667,1.02359769657307
13.8,11,1.01498006670781,1.00884312405921,1.02115434129055
14,11,1.01274628191486,1.00666622609806,1.01886306001138
14.2,11,1.01065608841243,1.00462322689246,1.01672517786059
14.4,11,1.00870777386405,1.00271031144668,1.01474110861169
14.6,11,1.00689969240739,1.00092492752649,1.0129101221163
14.8,11,1.00523026292504,0.99926592688434,1.01123019840274
15,11,1.00369796737581,0.997733607429541,1.00969798171851
15.2,11,1.00230134918434,0.996329657158864,1.00830883368612
15.4,11,1.00103901168677,0.995057015838418,1.00705696956921
15.6,11,0.999909616630467,0.993919681442983,1.0059356506338
15.8,11,0.998911882725738,0.992922492100067,1.00493740185122
16,11,0.998044584247589,0.992070910848933,1.00405422762932
16.2,11,0.997306549685736,0.991370832445069,1.00327780634113
16.4,11,0.996696660441013,0.990828421930085,1.00259965393319
16.6,11,0.996213849566484,0.990449986115642,1.00201125547009
16.8,11,0.995856947561607,0.990241545023002,1.00150419358913
17,11,0.995620761464409,0.990200270299714,1.00107092513612
17.2,11,0.995495741502846,0.990313377416423,1.00070522518407
17.4,11,0.995472162160579,0.990567072393023,1.00040154095035
17.6,11,0.995540331918305,0.990947172974278,1.00015478070468
17.8,11,0.995690583852633,0.99143921565983,0.999960182241725
18,11,0.995913267187961,0.992028531736635,0.999813215074256
18.2,11,0.996198739793989,0.992700304143344,0.999709504494954
18.4,11,0.996537361623666,0.993439613549245,0.999644769110699
18.6,11,0.996919489088295,0.994231480028975,0.999614765461965
18.8,11,0.997335470368182,0.995060905743026,0.999615234317524
19,11,0.997775641658602,0.995912923892829,0.999641843381047
19.2,11,0.998230324352015,0.996772659871648,0.999690120497729
19.4,11,0.99868982315835,0.997625412086726,0.999755369897646
19.6,11,0.999144425165824,0.998456762633214,0.999832561309087
19.8,11,0.999584399845135,0.999252732231622,0.999916177544317
20,11,1,1,1
20.2,11,1.00038146366689,1.00007680336917,1.00068621677537
20.4,11,1.00071901696637,1.00013792211977,1.00130044943763
20.6,11,1.00100287790798,1.00017264750436,1.00183379747513
20.8,11,1.00122341405665,1.00016753452958,1.00228040827855
21,11,1.00137743509781,1.00011034260965,1.00264613293221
21.2,11,1.00147042565904,0.999994200790184,1.00294882978041
21.4,11,1.00150849430374,0.999814511241807,1.00320534747666
21.6,11,1.00149776027164,0.999569485162427,1.0034297552272
21.8,11,1.00144435030851,0.999260557473024,1.00363291562413
22,11,1.00135439586846,0.998892263004372,1.00382259755344
22.2,11,1.00123403069005,0.998471730755983,1.00400397260404
22.4,11,1.00108938874731,0.998008031317558,1.0041802598917
22.6,11,1.00092660257599,0.997511561413213,1.00435333533875
22.8,11,1.00075180197525,0.996993553229599,1.00452421774695
23,11,1.00057111308479,0.996465721523784,1.00469341866452
23.2,11,1.00039065783713,0.995940025189938,1.00486117936364
23.4,11,1.00021655378461,0.995428510942173,1.00502762726562
23.6,11,1.00005491430068,0.994943210339223,1.00519288058255
23.8,11,0.999911849155067,0.994496068207914,1.00535712311301
24,11,0.999793465462424,0.994098886513194,1.00552066513968
24.2,11,0.999705869004152,0.993763271656803,1.00568400244369
24.4,11,0.999655165923418,0.993500574961818,1.00584788367715
24.6,11,0.999647464793536,0.993321815805144,1.00601339663335
24.8,11,0.999688824955498,0.99323747557064,1.0061820776212
25,11,0.99978124892127,0.993250069491047,1.00635537454003
25.2,11,0.999919925039068,0.993349272364463,1.00653404024772
25.4,11,1.00009939335724,0.993523405183806,1.00671890704827
25.6,11,1.0003141954604,0.993760739482027,1.00691086886885
25.8,11,1.00055887238796,0.994049603112946,1.00711076588049
26,11,1.00082796285116,0.99437849562675,1.00731926085497
26.2,11,1.00111600174867,0.994736219622064,1.00753670087334
26.4,11,1.00141751898061,0.995112029097477,1.00776296336285
26.6,11,1.00172703856152,0.995495789850745,1.00799729141565
26.8,11,1.00203907803241,0.995878140435283,1.00823812988321
27,11,1.00234814817274,0.996250636026531,1.008482979898
27.2,11,1.0026487530128,0.996605853409039,1.00872829361712
27.4,11,1.00293539014715,0.996937434886301,1.00896943139098
27.6,11,1.00320255134971,0.997240053115149,1.00920069936096
27.8,11,1.00344472349116,0.997509286913014,1.00941547744213
28,11,1.00365638975896,0.997741407512035,1.00960643822116
28.2,11,1.00383203118027,0.997933082272482,1.00976584975902
28.4,11,1.00396612844792,0.998081005919477,1.00988595223504
28.6,11,1.00405316404908,0.99818146721118,1.0099594005222
28.8,11,1.00408764441366,0.998229872165426,1.00997979100458
29,11,1.00406734243394,0.998223347554707,1.00994555037405
29.2,11,1.00399690464807,0.998164146465997,1.00986374647073
29.4,11,1.00388185304426,0.998054413566921,1.00974331777152
29.6,11,1.00372771355169,0.997895935506784,1.0095935729411
29.8,11,1.00354001374,0.997690674898539,1.00942364654226
30,11,1.0033242808221,0.99744123874339,1.00924202187128
30.2,11,1.00308603996069,0.997151254885366,1.00905614733414
30.4,11,1.00283081287896,0.996825626648986,1.00887217621021
30.6,11,1.00256411677491,0.996470644763709,1.00869485069779
30.8,11,1.00229146353955,0.996093954574201,1.00852753223835
31,11,1.0020183592781,0.995704398002248,1.00837235864866
31.2,11,1.00175030413402,0.995311765303671,1.00823049301184
31.4,11,1.00149279241519,0.99492649624964,1.00810242469199
31.6,11,1.00125131302159,0.994559364127383,1.00798828907217
31.8,11,1.00103135017419,0.994221162902794,1.00788818566873
32,11,1.00083838444432,0.993922402835807,1.00780248932832
32.2,11,1.00067789408355,0.993673006120143,1.00773216293491
32.4,11,1.00055535665371,0.993481982942831,1.00767909123325
32.6,11,1.00047625095731,0.993357059486657,1.00764646425009
32.8,11,1.00044605582596,0.99330421616249,1.00763924518971
33,11,1.00046832461951,0.993323756212426,1.0076642809627
33.2,11,1.00054147312953,0.993405175305413,1.00772903578284
33.4,11,1.00066307698816,0.993536220811416,1.00784105568857
33.6,11,1.00083071792541,0.99370522381868,1.00800730632554
33.8,11,1.00104198262327,0.993901823215725,1.00823343671121
34,11,1.00129446162953,0.994117613862013,1.00852312131866
34.2,11,1.00158574833096,0.994346638263382,1.00887756106032
34.4,11,1.00191343798548,0.994585639033991,1.00929522589011
34.6,11,1.00227512681295,0.994834023341392,1.00977188783097
34.8,11,1.00266841114448,0.99509354699277,1.01030093677646
35,11,1.00309088662987,0.995367778654397,1.01087391858327
35.2,11,1.00354014750324,0.995661430799801,1.01148120887021
35.4,11,1.00401378590673,0.995979636485229,1.01211274343731
35.6,11,1.00450939127217,0.996327219478638,1.01275875779244
35.8,11,1.00502454976084,0.996707965595689,1.01341052794567
36,11,1.00555684376131,0.99712386805815,1.01406113967
36.2,11,1.0061038514455,0.997574295855753,1.01470633726095
36.4,11,1.00666314638303,0.998055025232178,1.01534551168663
36.6,11,1.00723229721412,0.998557087867787,1.01598287456706
36.8,11,1.00780886744106,0.999065442489809,1.01662881138358
37,11,1.00839084812295,0.999557204223436,1.01730255985512
37.2,11,1.00897769770708,1.0000017954497,1.01803416664115
37.4,11,1.00956918594836,1.00036651592971,1.01885651407394
37.6,11,1.01016508210911,1.00062062059025,1.01980058387221
37.8,11,1.01076515494852,1.00073905262038,1.02089170576785
38,11,1.01136917271269,1.00070528917368,1.022146694516
38.2,11,1.01197690312514,1.00051234804282,1.02357282692418
38.4,11,1.01258811337788,1.00016183320639,1.02516878100325
38.6,11,1.01320257012307,0.99966173550949,1.02692682098188
38.8,11,1.01382003946511,0.999023964001666,1.02883525266399
39,11,1.01444028695336,0.998262290783726,1.03088046628116
39.2,11,1.01506307757536,0.997390949586838,1.03304832662015
39.4,11,1.01568817575059,0.996423828424824,1.03532497008865
39.6,11,1.01631534532478,0.995374086191698,1.03769717885112
39.8,11,1.01694434956483,0.994254027851889,1.04015249739164
40,11,1.01757495115416,0.993075117796302,1.04267921193528
0,12,1.07226388040087,1.0499903293585,1.09500992253402
0.2,12,1.0709778946889,1.04991960861997,1.09245854777385
0.4,12,1.06969345128315,1.04984029425611,1.08992204431326
0.6,12,1.0684105483339,1.04975074200164,1.08740204137846
0.8,12,1.06712977515033,1.04964911273005,1.08490155729333
1,12,1.06585605539674,1.04953478620521,1.08243113592593
1.2,12,1.06459622056925,1.04940748145748,1.08000479592184
1.4,12,1.06335707900742,1.04926646569265,1.07763691535569
1.6,12,1.06214540808173,1.04911048185855,1.07534228988975
1.8,12,1.06096795573686,1.04893769413986,1.07313619234887
2,12,1.0598314424651,1.04874567566993,1.07103439136485
2.2,12,1.05874256370732,1.04853148664173,1.06905308089098
2.4,12,1.0577079926787,1.04829191774241,1.06720864564683
2.6,12,1.05673438361742,1.04802399820403,1.06551716318798
2.8,12,1.05582837545465,1.04772586584765,1.06399354521357
3,12,1.05499659590502,1.04739802685978,1.06265029036586
3.2,12,1.0542456659774,1.04704485948299,1.06149599433679
3.4,12,1.05358220490652,1.04667597066465,1.06053400823828
3.6,12,1.05301283550692,1.04630685646663,1.05976179443843
3.8,12,1.05254418995149,1.04595845317321,1.05917139293599
4,12,1.05218291597805,1.04565561283213,1.05875096455281
4.2,12,1.05193568352823,1.04542500073422,1.05848691345897
4.4,12,1.05180919182441,1.04529305386259,1.05836595002547
4.6,12,1.05181017689137,1.04528442190009,1.0583766724479
4.8,12,1.05194389310307,1.04541912328951,1.05850938593399
5,12,1.05220088166584,1.04569576098845,1.05874646974933
5.2,12,1.05256344052635,1.04609901038406,1.05906781799356
5.4,12,1.05301378737122,1.04661028007418,1.05945647344043
5.6,12,1.05353413453031,1.04720864802561,1.05989782906509
5.8,12,1.05410667560933,1.04787152408025,1.06037892817006
6,12,1.05471357513523,1.04857521560871,1.06088786861967
6.2,12,1.0553369612183,1.04929545527014,1.06141325221575
6.4,12,1.05595892123887,1.05000793194787,1.06194363815465
6.6,12,1.0565615005694,1.05068884039224,1.06246698505784
6.8,12,1.05712670434411,1.05131543331962,1.06297009785996
7,12,1.05763650228806,1.05186652742118,1.0634381281383
7.2,12,1.05807283661612,1.05232289317516,1.06385419802754
7.4,12,1.0584176330092,1.05266745982445,1.06419921639034
7.6,12,1.05865281467059,1.05288529576158,1.06445192702525
7.8,12,1.05876031945935,1.05296337086356,1.06458918237804
8,12,1.05872212009019,1.05289015030844,1.06458639321481
8.2,12,1.05852024738043,1.05265509020715,1.06441808388903
8.4,12,1.05813681651438,1.05224809791472,1.06405849027624
8.6,12,1.05755405628348,1.05165899123027,1.06348216607103
8.8,12,1.05675581222863,1.05087814887581,1.06266634992232
9,12,1.05574525191862,1.04991026323848,1.06161266917298
9.2,12,1.05453905536491,1.04876924038561,1.06034061304185
9.4,12,1.05315421945929,1.04746781798158,1.05887149077492
9.6,12,1.05160775181922,1.04601775384511,1.05722762316522
9.8,12,1.04991664387173,1.04443018459423,1.05543192387449
10,12,1.04809784661915,1.04271596863721,1.05350750264561
10.2,12,1.04616824909763,1.04088604015528,1.0514772637903
10.4,12,1.0441446595295,1.03895178305291,1.04936349097968
10.6,12,1.04204378916152,1.03692541198254,1.04718743120973
10.8,12,1.03988223877342,1.03482032455989,1.04496891378348
11,12,1.03767648783453,1.03265137217701,1.04272605684392
11.2,12,1.03544288628099,1.03043499548149,1.04047511531664
11.4,12,1.03319764888182,1.0281891893206,1.03823050538033
11.6,12,1.03095685215905,1.02593329559775,1.03600500692828
11.8,12,1.02873643382531,1.02368765690208,1.03381011106676
12,12,1.02655219470136,1.02147318390603,1.03165645956217
12.2,12,1.02441980307649,1.0193108884206,1.02955432425661
12.4,12,1.0223548014758,1.01722141524359,1.02751409323242
12.6,12,1.02037261580116,1.01522457889493,1.02554675755605
12.8,12,1.01848806446962,1.01333829569446,1.02366400428614
13,12,1.01670676924737,1.01156806271757,1.02187158010546
13.2,12,1.01502641609389,1.0099085491002,1.02017021866619
13.4,12,1.01344446853496,1.00835318120639,1.01856146233935
13.6,12,1.01195843188281,1.00689495641589,1.01704737056576
13.8,12,1.01056585106382,1.00552689810316,1.01563005550904
14,12,1.0092643085179,1.00424248094195,1.01431124830797
14.2,12,1.00805142216679,1.00303602118271,1.01309190126024
14.4,12,1.00692484344925,1.00190300868076,1.01197184914169
14.6,12,1.00588225542084,1.00084034867803,1.01094956164283
14.8,12,1.00492137091635,0.999846485614945,1.01002201463287
15,12,1.00403993077285,0.998921397979074,1.00918469123381
15.2,12,1.00323570211166,0.998066476110295,1.00843170077606
15.4,12,1.00250647667747,0.997284314770223,1.00775598382075
15.6,12,1.0018500692331,0.996578461993612,1.00714956172593
15.8,12,1.00126431600833,0.995953163620958,1.00660379135376
16,12,1.00074707320145,0.995413132432109,1.00610959599688
16.2,12,1.00029621553219,0.994963357438167,1.00565765696572
16.4,12,0.999909634844912,0.994608957052133,1.00523856211691
16.6,12,0.999585238760802,0.994355071539455,1.00484291592296
16.8,12,0.999320912082989,0.994206570984954,1.00446156208466
17,12,0.99911355997936,0.994162429671056,1.00408934791965
17.2,12,0.998959025992533,0.994214937190883,1.00372575213116
17.4,12,0.998853111433181,0.994355573058581,1.00337099248195
17.6,12,0.998791626905449,0.994575462639184,1.00302566416556
17.8,12,0.998770390359104,0.994865482032981,1.00269062569105
18,12,0.998785225318425,0.995216332954014,1.00236691589795
18.2,12,0.998831959286954,0.995618599029778,1.00205569066833
18.4,12,0.998906422327446,0.996062791399545,1.00175817145525
18.6,12,0.999004445816524,0.996539389495511,1.00147559974163
18.8,12,0.999121861373692,0.997038881966675,1.00120919246978
19,12,0.999254499964506,0.997551812628687,1.00096009355956
19.2,12,0.999398191177822,0.998068837069263,1.00072931588805
19.4,12,0.999548762677109,0.998580797260487,1.0005176663824
19.6,12,0.999702039825933,0.999078824571735,1.0003256438355
19.8,12,0.999853845487722,0.999554486502143,1.00015329412905
20,12,1,1,1
20.2,12,1.00013632132325,0.999864171718715,1.00040854500326
20.4,12,1.00025862536462,0.999742791837652,1.00077472504427
20.6,12,1.00036272647654,0.999630757257571,1.00109523167235
20.8,12,1.00044450342261,0.999519990562774,1.00136987141694
21,12,1.00050258445858,0.999399615662415,1.00160677052573
21.2,12,1.00053929817184,0.999258883452615,1.00182135356884
21.4,12,1.00055723540553,0.999088969041962,1.00202765954101
21.6,12,1.00055898834989,0.998884118237816,1.00223666678561
21.8,12,1.00054715008928,0.998642192351103,1.00245574162543
22,12,1.00052431421635,0.9983644950012,1.00268880589238
22.2,12,1.00049307451342,0.998055110289847,1.00293699398885
22.4,12,1.00045602470094,0.997720093654679,1.00319945817071
22.6,12,1.00041575825337,0.997366757893663,1.00347407956058
22.8,12,1.00037486828212,0.997003145528923,1.00375799372184
23,12,1.00033594748584,0.996637679193092,1.00404793910919
23.2,12,1.00030158816779,0.99627894490723,1.0043404735249
23.4,12,1.00027438232054,0.995935562018004,1.00463210481147
23.6,12,1.00025692177769,0.995616104468944,1.00491937110424
23.8,12,1.00025179843288,0.995329049405478,1.00519889464275
24,12,1.0002616045259,0.995082737278154,1.00546742497559
24.2,12,1.00028893299603,0.994885332374378,1.0057218826278
24.4,12,1.00033637790264,0.994744774667808,1.00595941234228
24.6,12,1.00040653491308,0.99466871346559,1.00617745541609
24.8,12,1.00050197358586,0.994664336128892,1.00637387185809
25,12,1.00062314230772,0.99473275337407,1.00654841164687
25.2,12,1.00076692644616,0.994865336141354,1.0067035252761
25.4,12,1.0009298702848,0.995052381071577,1.00684207614219
25.6,12,1.00110851709573,0.995284098011176,1.00696702077758
25.8,12,1.00129940853673,0.995550696895973,1.00708131555933
26,12,1.00149908416794,0.995842488127497,1.00718781087076
26.2,12,1.00170408108821,0.996150005257079,1.00728912390039
26.4,12,1.00191093369103,0.996464154554945,1.00738748550164
26.6,12,1.00211617354035,0.996776390247911,1.00748456233137
26.8,12,1.00231632936643,0.997078906313681,1.00758126338151
27,12,1.00250792718176,0.997364826337583,1.00767754940066
27.2,12,1.00268749051741,0.997628364140766,1.00777227249951
27.4,12,1.00285154077982,0.997864922875604,1.00786307824736
27.6,12,1.00299659772818,0.998071102045343,1.00794640080523
27.8,12,1.00311918007251,0.998244591256412,1.00801757228943
28,12,1.00321580619244,0.998383943763528,1.00807105330684
28.2,12,1.00328299497665,0.998488236476065,1.00810077799393
28.4,12,1.00331726678288,0.99855663032498,1.00810059965959
28.6,12,1.00331514451829,0.998587842887296,1.00806482513264
28.8,12,1.00327316819643,0.998579548062522,1.00798884973746
29,12,1.00319009075608,0.998529767352814,1.007872164752
29.2,12,1.00306932016963,0.99843902222703,1.00772109129042
29.4,12,1.00291485569763,0.998307176019069,1.00754380208901
29.6,12,1.00273069782437,0.998133599112446,1.00734896936985
29.8,12,1.00252084699603,0.997917853521671,1.00714507222694
30,12,1.00228930251812,0.997660323716005,1.00693975901584
30.2,12,1.00204006161207,0.997362737565288,1.00673932086799
30.4,12,1.00177711863123,0.997028511433545,1.00654834230384
30.6,12,1.00150446443606,0.996662873459308,1.00636957490351
30.8,12,1.00122608592827,0.996272763128691,1.006204035926
31,12,1.00094596574391,0.995866552494424,1.00605128651975
31.2,12,1.00066808210491,0.995453662575663,1.00590981598543
31.4,12,1.00039640882886,0.995044148415366,1.00577745860972
31.6,12,1.0001349154968,0.994648304591396,1.00565179126979
31.8,12,0.999887567778577,0.99427631349345,1.00553048949279
32,12,0.999658327915606,0.993937932484352,1.00541164584918
32.2,12,0.999451155360811,0.993642197431656,1.00529407319254
32.4,12,0.999270007575525,0.99339710787174,1.00517762748401
32.6,12,0.999118840983321,0.993209249925534,1.00506359408422
32.8,12,0.999001609978903,0.993083298851545,1.00495519146741
33,12,0.998921091196081,0.993018486992356,1.00485878108738
33.2,12,0.998876923262096,0.993004263875749,1.00478431374631
33.4,12,0.998868231543549,0.993028360624556,1.00474244598555
33.6,12,0.998894145279837,0.993078978495147,1.00474336390277
33.8,12,0.998953797277843,0.993145649372862,1.00479591258943
34,12,0.999046323614811,0.993220081439633,1.00490674260389
34.2,12,0.999170863349293,0.993296857462579,1.00507960602682
34.4,12,0.999326558240079,0.993373831454702,1.00531495634582
34.6,12,0.999512552473019,0.993452119341855,1.00560995653516
34.8,12,0.999727992395639,0.99353568322962,1.00595889573946
35,12,0.999972026259495,0.993630611687478,1.00635391214782
35.2,12,1.00024380397018,0.993744246952425,1.00678587116251
35.4,12,1.0005424768449,0.993884290512109,1.00724526740945
35.6,12,1.00086719737763,0.994057956772229,1.00772308089485
35.8,12,1.00121711901169,0.994271176526259,1.00821158560015
36,12,1.00159139591979,0.994527800491342,1.00870516026292
36.2,12,1.00198918279144,0.994828724519703,1.00920117974657
36.4,12,1.00240963462775,0.995170852469895,1.00970107102784
36.6,12,1.00285190654349,0.995545837436947,1.01021159311673
36.8,12,1.00331515357322,0.995938621848762,1.01074632041181
37,12,1.00379850705643,0.996325059067389,1.01132801348177
37.2,12,1.00430101818484,0.996671196272219,1.0119892487107
37.4,12,1.00482172041575,0.996941278317997,1.01276445441475
37.6,12,1.00535964616918,0.997103197899063,1.01368446142296
37.8,12,1.0059138266549,0.997132821288848,1.01477215978872
38,12,1.00648329170883,0.997016563337833,1.01603990719839
38.2,12,1.00706706963887,0.996751319918467,1.0174895808856
38.4,12,1.00766418708015,0.996342256460276,1.01911477440622
38.6,12,1.00827366885971,0.995799783016444,1.02090380883226
38.8,12,1.00889453787063,0.995136866370897,1.0228424078561
39,12,1.00952581495561,0.994367173410945,1.02491554258158
39.2,12,1.01016651880016,0.993504020755579,1.02710847101431
39.4,12,1.01081566583519,0.99255989820856,1.02940720468553
39.6,12,1.01147227014926,0.991546330665212,1.03179863778482
39.8,12,1.01213534341044,0.990473910860361,1.03427050641921
40,12,1.01280389479774,0.989352403172942,1.03681127778911
0,13,1.02214556658897,0.993280328591321,1.05184964327161
0.2,13,1.02137239959315,0.994004251605361,1.04949408110263
0.4,13,1.02059981743302,0.994714960292419,1.04715826033028
0.6,13,1.01982781966619,0.995409920590711,1.04484470191728
0.8,13,1.01905675236132,0.996085898601207,1.04255733967474
1,13,1.01828950393599,0.996738355087972,1.0403066246354
1.2,13,1.01753008716335,0.997361930112788,1.03810607465794
1.4,13,1.01678250815965,0.997950726366424,1.03596965419695
1.6,13,1.01605076154489,0.998498287913564,1.0339117878641
1.8,13,1.01533883098818,0.998997629430598,1.03194733535057
2,13,1.01465068990958,0.999441359467331,1.03009147338337
2.2,13,1.01399030233793,0.999821956930601,1.02835942550393
2.4,13,1.01336162392396,1.00013227225671,1.02676596819007
2.6,13,1.01276860310816,1.00036631733054,1.02532464925321
2.8,13,1.01221518244326,1.00052035882763,1.0240467038264
3,13,1.01170530007078,1.00059422039636,1.02293976252018
3.2,13,1.01124289135195,1.00059254432596,1.02200660109728
3.4,13,1.01083189065276,1.00052563702645,1.02124430733965
3.6,13,1.01047623328369,1.00040953827032,1.0206442251606
3.8,13,1.01017985759445,1.00026516975711,1.02019282040714
4,13,1.00994670722455,1.00011674318155,1.01987328818127
4.2,13,1.00978073351064,0.999989844653926,1.01966748484547
4.4,13,1.0096858980517,0.999909627752194,1.01955775245033
4.6,13,1.00966617543389,0.999899377305231,1.01952837350763
4.8,13,1.00972479828424,0.999978370584214,1.01956622089186
5,13,1.00985768823681,1.00015130606421,1.01965827001132
5.2,13,1.01005667223446,1.0004125560596,1.01979375903052
5.4,13,1.01031353952063,1.00075293435377,1.01996548108833
5.6,13,1.01062008191242,1.00116068064631,1.02016885971322
5.8,13,1.0109680894199,1.00162222941363,1.02040115306113
6,13,1.01134934653424,1.00212288230087,1.02066075807672
6.2,13,1.01175562918433,1.00264743039841,1.02094656820637
6.4,13,1.01217870236235,1.00318075593203,1.02125735512548
6.6,13,1.01261031841912,1.00370842011413,1.02159116773403
6.8,13,1.01304221603102,1.00421721842324,1.02194476716143
7,13,1.01346611983992,1.00469566185847,1.02231313924799
7.2,13,1.01387374076837,1.005134330249,1.02268913844082
7.4,13,1.01425677701185,1.00552604792984,1.02306331281259
7.6,13,1.01460691570991,1.00586585391236,1.0234239380951
7.8,13,1.01491583529779,1.0061507709671,1.02375725632862
8,13,1.0151752085394,1.00637940817612,1.02404788458536
8.2,13,1.01537670624232,1.00655144777131,1.02427934296085
8.4,13,1.0155120016542,1.00666706430897,1.02443465378659
8.6,13,1.01557277553957,1.00672630484554,1.02449698339351
8.8,13,1.01555135900884,1.00672876584078,1.02445127007309
9,13,1.01544840219148,1.00667688728934,1.02429634625837
9.2,13,1.01527038602677,1.00657419862841,1.02404170318245
9.4,13,1.0150239241987,1.00642270278808,1.02369865449336
9.6,13,1.01471563877851,1.00622332223,1.02327962872075
9.8,13,1.01435215599105,1.00597634935323,1.02279769999088
10,13,1.01394010241001,1.00568186972906,1.02226614819277
10.2,13,1.01348610158323,1.00534017768067,1.02169802909103
10.4,13,1.01299677108906,1.00495218763461,1.02110575096331
10.6,13,1.01247872002385,1.00451982727419,1.0205006717317
10.8,13,1.01193854692025,1.00404638272416,1.01989274635373
11,13,1.01138283809569,1.00353675639463,1.01929026383588
11.2,13,1.01081816642984,1.00299759918363,1.01869971215905
11.4,13,1.01025109056989,1.00243729194556,1.01812579619502
11.6,13,1.00968815456197,1.00186577289548,1.01757161193
11.8,13,1.0091358879072,1.00129423009257,1.0170389578377
12,13,1.00860080604074,1.00073469287811,1.01652874951337
12.2,13,1.00808941123217,1.00019955818307,1.01604150164242
12.4,13,1.00760819390574,0.999701077248262,1.01557785175203
12.6,13,1.00716363437934,0.999250809651849,1.01513911884607
12.8,13,1.0067619272664,0.998858651301637,1.01472773637426
13,13,1.00640421877494,0.998525778798748,1.01434482020734
13.2,13,1.00608726641048,0.998245629051815,1.01399050311371
13.4,13,1.00580769000464,0.998010295585547,1.0136660049974
13.6,13,1.00556211752982,0.997811305941732,1.01337313597256
13.8,13,1.00534718390802,0.997640148098534,1.01311375862147
14,13,1.00515952993318,0.997488760257941,1.01288928845095
14.2,13,1.00499580130624,0.997349978920331,1.01270023762025
14.4,13,1.00485264778269,0.997217924541722,1.01254582263944
14.6,13,1.00472672243208,0.997088295664373,1.0124236651444
14.8,13,1.00461468100919,0.996958544496168,1.01232961277166
15,13,1.0045131814368,0.996827919646262,1.01225769442568
15.2,13,1.00441888339957,0.996697381104888,1.01220020485183
15.4,13,1.00432844804925,0.99656941175804,1.01214789422606
15.6,13,1.00423853782072,0.996447762298093,1.01209022590249
15.8,13,1.0041458163592,0.996337169202982,1.0120156626479
16,13,1.00404694855813,0.996243079523483,1.01191194762536
16.2,13,1.00393860070798,0.99617140523122,1.01176635737457
16.4,13,1.00381744075573,0.996128317880565,1.01156591603513
16.6,13,1.00368013867498,0.996120084013105,1.01129757038146
16.8,13,1.00352346787383,0.996152801128545,1.0109486711603
17,13,1.00334689180608,0.99622877462857,1.01051586837798
17.2,13,1.00315278257869,0.996345737626911,1.01000633333586
17.4,13,1.0029436565453,0.996500484990277,1.00942848835068
17.6,13,1.00272202872502,0.996689275563826,1.00879129688802
17.8,13,1.00249041245802,0.996907987619137,1.00810409742067
18,13,1.0022513191241,0.997152233646981,1.00737647952923
18.2,13,1.00200725792424,0.9974174491207,1.00661818761841
18.4,13,1.0017607357249,0.997698965567602,1.00583904190898
18.6,13,1.0015142569652,0.997992075821754,1.0050488688286
18.8,13,1.00127032362669,0.998292098162823,1.00425743409218
19,13,1.00103143526564,0.998594445923644,1.0034743718839
19.2,13,1.00080008910786,0.998894710039046,1.00270910266323
19.4,13,1.00057878020581,0.999188764065345,1.00197073005985
19.6,13,1.00037000165795,0.999472904771953,1.00126790375119
19.8,13,1.00017624489028,0.999744047028367,1.00060862959501
20,13,1,1,1
20.2,13,0.999843756161215,0.999447806299474,1.00023986288587
20.4,13,0.999710002092703,0.998955982214804,1.00046459111077
20.6,13,0.999601226587749,0.998525820101415,1.0006777912806
20.8,13,0.999519878196399,0.998154813383546,1.00088680985588
21,13,0.999466684241512,0.997831819024912,1.00110422805006
21.2,13,0.999440056947744,0.997538922675293,1.00134481444876
21.4,13,0.999438247763448,0.997260126596083,1.00162112617689
21.6,13,0.999459510088275,0.996983056385076,1.00194211517279
21.8,13,0.999502098854735,0.99669956003112,1.00231251791044
22,13,0.999564270140434,0.996405589110224,1.00273296442826
22.2,13,0.999644280810908,0.996100553839918,1.00320061494369
22.4,13,0.999740388192984,0.99578646533999,1.00371001070295
22.6,13,0.99985084977862,0.995467118298371,1.00425388586606
22.8,13,0.999973922959184,0.99514743771562,1.00482381675401
23,13,1.00010786479015,0.994833009951312,1.00541068823607
23.2,13,1.0002509317862,0.994529767188091,1.00600500814364
23.4,13,1.00040137974674,0.994243781440027,1.00659711358682
23.6,13,1.00055746361183,0.993981128987931,1.00717730829425
23.8,13,1.00071743734858,0.993747795525035,1.00773596069656
24,13,1.00087955386791,0.993549600568592,1.00826358420107
24.2,13,1.00104206497194,0.993392125140171,1.0087509156587
24.4,13,1.00120322133178,0.993280629214228,1.0091890055262
24.6,13,1.00136127249596,0.993219945126242,1.00956933353495
24.8,13,1.0015144710854,0.993214274646766,1.00988403146964
25,13,1.00166138093918,0.993262948717672,1.01013082523647
25.2,13,1.00180108925546,0.993357812442209,1.01031613167265
25.4,13,1.00193273299067,0.993489810743325,1.01044740528044
25.6,13,1.00205544883093,0.993649806743084,1.0105321972768
25.8,13,1.00216837326509,0.993828725049937,1.01057800308834
26,13,1.00227064266524,0.994017707981685,1.01059209819137
26.2,13,1.00236139337463,0.994208293387726,1.01058135363602
26.4,13,1.00243976180302,0.994392615781567,1.01055202954609
26.6,13,1.00250488452949,0.994563624530243,1.01050955285056
26.8,13,1.00255589841256,0.994715303902674,1.01045829444699
27,13,1.00259194070781,0.994842871138518,1.01040136963728
27.2,13,1.00261214919283,0.994942922674685,1.0103404917005
27.4,13,1.00261566229959,0.995013497778364,1.01027590935491
27.6,13,1.00260161925407,0.995054034470541,1.01020645322618
27.8,13,1.00256916022333,0.995065203820429,1.0101297052412
28,13,1.00251742646976,0.995048621953338,1.0100422916044
28.2,13,1.00244556051274,0.995006449690774,1.00994028943632
28.4,13,1.00235270629741,0.994940893777745,1.0098197331169
28.6,13,1.0022380093707,0.994853619997707,1.00967721002981
28.8,13,1.00210062225619,0.994745083227205,1.00951055105329
29,13,1.00194055757141,0.994614460267034,1.00932061719371
29.2,13,1.00175963653626,0.994460258597949,1.00911259219959
29.4,13,1.00155990911472,0.994279850953294,1.00889327143069
29.6,13,1.00134342478455,0.99407009430424,1.00866997217238
29.8,13,1.00111223217436,0.993828058475477,1.00844979457164
30,13,1.00086837874259,0.99355167612692,1.00823896294133
30.2,13,1.00061391049833,0.993240274609105,1.00804228692479
30.4,13,1.00035087176391,0.992894942537693,1.00786278967358
30.6,13,1.0000813049793,0.992518695652579,1.00770153846975
30.8,13,0.999807250548193,0.992116434828074,1.0075576849223
31,13,0.999530746725796,0.991694722651382,1.00742868831564
31.2,13,0.999253829548145,0.99126142995678,1.00731067071799
31.4,13,0.998978532802965,0.99082531143172,1.00719884472787
31.6,13,0.99870688804194,0.990395559988419,1.00708796416058
31.8,13,0.998440924634344,0.989981369551698,1.00697276801897
32,13,0.998182669861933,0.989591513088739,1.00684841091937
32.2,13,0.997934149055039,0.989233922361699,1.00671089348883
32.4,13,0.997697385769796,0.988915239752674,1.00655752238264
32.6,13,0.997474402006431,0.988640300027829,1.0063874420556
32.8,13,0.997267217936499,0.988411486028363,1.00620229330506
33,13,0.997077554275086,0.988225694152775,1.00600870339797
33.2,13,0.996906336332326,0.988071298868049,1.00582037405406
33.4,13,0.996754358855205,0.98793535392987,1.00565208841324
33.6,13,0.996622417183835,0.987805800548103,1.0055177261383
33.8,13,0.99651130740903,0.987672523968752,1.00542919003533
34,13,0.99642182653635,0.987528298293706,1.00539544852895
34.2,13,0.996354772656647,0.987369482904879,1.00542183061507
34.4,13,0.996310945123153,0.987196338394254,1.00550970538118
34.6,13,0.996291144735131,0.987012895972811,1.0056566121148
34.8,13,0.996296173928155,0.986826413206156,1.0058568081482
35,13,0.99632683697103,0.986646531891521,1.00610211862361
35.2,13,0.99638394016944,0.98648428427549,1.0063829419814
35.4,13,0.996468292076348,0.986351068001403,1.00668929078723
35.6,13,0.996580703709225,0.986257651330212,1.00701180636321
35.8,13,0.996721988774159,0.986213206739972,1.00734274913016
36,13,0.996892963896932,0.986224321085348,1.00767701649614
36.2,13,0.997094448861116,0.986293900414835,1.00801327021438
36.4,13,0.997327266853285,0.986419879865593,1.00835526281625
36.6,13,0.997592244715418,0.986593673292171,1.0087134284933
36.8,13,0.997890213137376,0.986798379161592,1.00910672180208
37,13,0.998221521894241,0.987005312386934,1.00956519105565
37.2,13,0.998584875687732,0.987171744914075,1.01012995873284
37.4,13,0.998978630460764,0.987251713464235,1.0108448438296
37.6,13,0.999401142390615,0.987202628790629,1.01175038870718
37.8,13,0.999850767396927,0.986990481220657,1.0128786204988
38,13,1.0003258606771,0.986593538127528,1.01424932240944
38.2,13,1.00082477626904,0.986003262391773,1.01586908583268
38.4,13,1.00134586664122,0.985222510061901,1.01773308506365
38.6,13,1.00188748231003,0.984262214130615,1.01982836768366
38.8,13,1.00244797148447,0.983137954226967,1.02213726081146
39,13,1.00302567973812,0.981867267194135,1.02464003824989
39.2,13,1.0036189497085,0.980467913104759,1.02731663397778
39.4,13,1.00422612082389,0.978956938565772,1.03014756013934
39.6,13,1.00484552905758,0.977350275357408,1.03311429149367
39.8,13,1.0054755067097,0.975662647990187,1.03619934274998
40,13,1.00611438221676,0.973907636104102,1.03938619287631
0,14,0.970461775386169,0.930253236497768,1.01240825673594
0.2,14,0.970192868180592,0.931942700868204,1.01001295529391
0.4,14,0.969924035487054,0.933611756410788,1.0076486592587
0.6,14,0.969655277284908,0.935256245803523,1.00531951642694
0.8,14,0.969386696518735,0.936870636864573,1.00303129419494
1,14,0.9691191521474,0.938445120453492,1.00079579571477
1.2,14,0.968853839183429,0.939967703991358,0.998627673817504
1.4,14,0.968591952891719,0.941425767858198,0.996542056991907
1.6,14,0.968334687271882,0.942806158183913,0.994554456856891
1.8,14,0.968083235107907,0.944095383299413,0.992680577275705
2,14,0.967838788032522,0.945279973360076,0.990935961851219
2.2,14,0.967602536606245,0.946347059944482,0.989335422991397
2.4,14,0.967375670411083,0.94728521886795,0.987892209298521
2.6,14,0.967159378158884,0.948085574496484,0.986616912990641
2.8,14,0.966954847814315,0.948743079215999,0.985516203695791
3,14,0.966763266732448,0.949257769370782,0.984591587301644
3.2,14,0.966585821810967,0.94963570390307,0.983838483626923
3.4,14,0.966423699656974,0.949889282107984,0.983245926499987
3.6,14,0.966278086768418,0.950036758056906,0.982797068692901
3.8,14,0.966150169730141,0.950100991396317,0.982470452007149
4,14,0.966041135424562,0.950107690873476,0.982241786164696
4.2,14,0.965952171257033,0.950083507472489,0.982085879628002
4.4,14,0.965884465395882,0.950054285053896,0.981978414465195
4.6,14,0.965839207027195,0.950043632066945,0.981897401702902
4.8,14,0.965817601387534,0.950071391404133,0.981824784526305
5,14,0.96582099805076,0.950148849439834,0.981751649571234
5.2,14,0.965850828516797,0.950279963137224,0.981676831180196
5.4,14,0.965908527439689,0.950464568222083,0.981603433283072
5.6,14,0.965995532147541,0.950699489655198,0.981537676503273
5.8,14,0.966113283067169,0.950979474222747,0.981487930096166
6,14,0.9662632241706,0.951298016683807,0.981463854659644
6.2,14,0.966446803443562,0.951648119087331,0.981475615989281
6.4,14,0.966665473376156,0.952023006499681,0.981533146823023
6.6,14,0.966920691475904,0.952416801417536,0.981645454188462
6.8,14,0.967213920803391,0.952825137342154,0.981819991866917
7,14,0.967546630530748,0.953245674124087,0.982062135358342
7.2,14,0.967920296523231,0.953678469091204,0.98237480533077
7.4,14,0.968336401944199,0.954126162512903,0.982758281002024
7.6,14,0.968796437883794,0.954593953491237,0.983210227368095
7.8,14,0.969301904011664,0.955089367629433,0.983725934938032
8,14,0.969854309254109,0.955621841990789,0.984298746478245
8.2,14,0.970455172496029,0.956202167303595,0.984920630832747
8.4,14,0.971106023308116,0.95684182722996,0.985582864030314
8.6,14,0.97180840269974,0.957552259893519,0.986276792519753
8.8,14,0.972563660147415,0.958343493649722,0.986994829418709
9,14,0.973370500590503,0.959216600991807,0.987733250696627
9.2,14,0.97422577033735,0.96016525095851,0.988492189903689
9.4,14,0.975126273356881,0.961181066605119,0.989273802853135
9.6,14,0.976068807963229,0.962254357641578,0.990081583224824
9.8,14,0.977050165355432,0.963374683094579,0.990919776461842
10,14,0.978067128263525,0.9645313745984,0.991792835964473
10.2,14,0.979116469701197,0.965714036271986,0.992704905627087
10.4,14,0.980194951825313,0.96691302185846,0.993659328051195
10.6,14,0.981299324902689,0.968119874597188,0.994658192979596
10.8,14,0.982426326384647,0.969327702751573,0.995701953048373
11,14,0.983572680089942,0.970531456996793,0.996789140676465
11.2,14,0.98473509549673,0.971728077510205,0.997916218277401
11.4,14,0.985910267144356,0.972916488933224,0.999077583654119
11.6,14,0.98709487414576,0.974097437624777,1.00026573618825
11.8,14,0.988285579811368,0.975273182551428,1.00147159251104
12,14,0.989479031385383,0.976447063027804,1.00268492847469
12.2,14,0.990671859895415,0.977622969413248,1.00389492134956
12.4,14,0.991860680116397,0.978804735910518,1.00509077313138
12.6,14,0.993042090649768,0.979995459634425,1.00626241081762
12.8,14,0.994212638318635,0.981196559987566,1.00740138164062
13,14,0.995368203074198,0.982404097919286,1.00850338652858
13.2,14,0.996504078634639,0.983609214274324,1.00956799135731
13.4,14,0.997615519496527,0.984801460354886,1.01059631286664
13.6,14,0.99869776091047,0.985969605739742,1.01159022736737
13.8,14,0.999746020150734,0.987102301624766,1.01255169110848
14,14,1.00075549801281,0.98818870237817,1.01348210558634
14.2,14,1.00172138054007,0.989219039132442,1.01438173401024
14.4,14,1.00263884098052,0.990185123263063,1.0152491911108
14.6,14,1.00350304197425,0.991080748029855,1.01608103805204
14.8,14,1.00430913797206,0.991901956836867,1.01687151402613
15,14,1.00505227788549,0.992647157393023,1.0176124252808
15.2,14,1.00572760796776,0.9933170798095,1.01829319357172
15.4,14,1.00633027492537,0.993914597592141,1.01890104510462
15.6,14,1.00685542925911,0.994444447097431,1.01942130441523
15.8,14,1.00729822883322,0.994912888878217,1.01983774976981
16,14,1.0076538426708,0.995327352587093,1.02013298841839
16.2,14,1.00791745497308,0.995696098030372,1.02028881909751
16.4,14,1.00808426935971,0.99602791228111,1.02028656185259
16.6,14,1.00814951332675,0.996331849696075,1.02010734830066
16.8,14,1.00810869419927,0.996616926230451,1.01973297118693
17,14,1.00796404272334,0.996889606091931,1.01916150516018
17.2,14,1.00772505871337,0.997152822465384,1.01840938628453
17.4,14,1.00740162249134,0.997408237067953,1.01749513517307
17.6,14,1.0070036247509,0.997656674678378,1.01643814550568
17.8,14,1.00654095878289,0.997898359859895,1.01525840953363
18,14,1.00602351366593,0.998133095238253,1.01397630724503
18.2,14,1.00546116842435,0.998360401582921,1.0126124389613
18.4,14,1.00486378715415,0.998579634355515,1.01118748670003
18.6,14,1.00424121511602,0.998790088109611,1.0097220929039
18.8,14,1.00360327579363,0.998991098538697,1.00823674671079
19,14,1.00295976891394,0.999182151776686,1.00675166812299
19.2,14,1.00232046942617,0.999363011708235,1.00528667927527
19.4,14,1.00169512743513,0.999533878712725,1.00386104933184
19.6,14,1.00109346908483,0.999695597818896,1.00249329498984
19.8,14,1.00052519838834,0.999849941220279,1.00120091159708
20,14,1,1,1
20.2,14,0.999527542927065,0.998904741556115,1.00015073260486
20.4,14,0.999117485178482,0.997926660691284,1.00030973067487
20.6,14,0.998779479349723,0.997073609472674,1.00048826775958
20.8,14,0.998523022885723,0.996348185336929,1.00070260768897
21,14,0.998351043212383,0.995736999114058,1.00097194979202
21.2,14,0.998257637197503,0.995211802899324,1.00131279323659
21.4,14,0.998236300372721,0.994746656106505,1.0017381865671
21.6,14,0.998280545411664,0.994320411033561,1.00225645203392
21.8,14,0.99838389765853,0.993917401905356,1.00287046508393
22,14,0.998539891081742,0.993527333209253,1.00357773838069
22.2,14,0.998742064650146,0.993144558995312,1.00437111865237
22.4,14,0.99898395912988,0.992767075275963,1.00523977421532
22.6,14,0.999259114300706,0.992395507028408,1.00617019166377
22.8,14,0.999561066591124,0.992032249787376,1.00714702174141
23,14,0.99988334713203,0.991680814200127,1.00815372603366
23.2,14,1.00021948022913,0.991345356115918,1.00917304192511
23.4,14,1.00056298225456,0.991030349630883,1.010187308422
23.6,14,1.00090736095849,0.990740358521788,1.0111786974295
23.8,14,1.00124611520156,0.990479868491189,1.01212938808472
24,14,1.00157273510916,0.990253150820336,1.01302171357196
24.2,14,1.00188070264852,0.990064134142991,1.01383830372602
24.4,14,1.00216349262958,0.989916264111698,1.01456224366691
24.6,14,1.00241457413037,0.989812330448891,1.01517726898115
24.8,14,1.00262745228172,0.989754193937956,1.01566814692572
25,14,1.00279863083286,0.989739381123112,1.01603019257366
25.2,14,1.00292965206491,0.989759216509389,1.01627534274292
25.4,14,1.00302254563328,0.989804189841738,1.01641742616742
25.6,14,1.00307934645906,0.989864729337254,1.01647037769129
25.8,14,1.00310209397424,0.989931434896359,1.01644798363319
26,14,1.0030928314076,0.989995319793687,1.01636362142701
26.2,14,1.00305360511143,0.990048069729491,1.01622998467331
26.4,14,1.00298646392964,0.990082317759878,1.01605879509309
26.6,14,1.00289345860704,0.990091923366025,1.01586051313032
26.8,14,1.0027766412404,0.990072234166475,1.01564406870166
27,14,1.00263806477102,0.990020301103234,1.01541664126235
27.2,14,1.00247978251923,0.989935014476689,1.01518352181033
27.4,14,1.00230384776071,0.989817130647,1.01494808700597
27.6,14,1.00211231334474,0.989669167686232,1.01471190711636
27.8,14,1.00190723135449,0.989495160730731,1.01447499702689
28,14,1.00169065280916,0.989300280490407,1.01423620685506
28.2,14,1.00146462740815,0.989090327220607,1.01399373985189
28.4,14,1.0012312033172,0.988871114689665,1.01374578304941
28.6,14,1.00099242699634,0.988647753989408,1.01349124079915
28.8,14,1.0007503392113,0.988423832326286,1.01323056838327
29,14,1.00050634110648,0.988199654826988,1.01296629047046
29.2,14,1.00026048967258,0.987971133528544,1.01270271290889
29.4,14,1.00001267194217,0.987732377224488,1.0124456453022
29.6,14,0.999762775072366,0.987476902235448,1.01220150482272
29.8,14,0.999510686347075,0.987198497021679,1.01197643142285
30,14,0.99925629317945,0.986891973414146,1.01177551987214
30.2,14,0.998999483114428,0.986553772996406,1.01160220008254
30.4,14,0.998740143831412,0.986182390731339,1.01145780362259
30.6,14,0.998478163147075,0.985778586559797,1.01134134568775
30.8,14,0.998213429018288,0.98534537731009,1.01124953018262
31,14,0.997945829545176,0.984887828138234,1.01117695868897
31.2,14,0.997675252974296,0.984412684999757,1.01111650181303
31.4,14,0.997401587701947,0.983927899959999,1.0110597810986
31.6,14,0.997124722277597,0.983442097498144,1.01099771334433
31.8,14,0.996844545407435,0.982964015387846,1.01092108373517
32,14,0.99656094595805,0.982501933619967,1.0108211343154
32.2,14,0.996273812960237,0.982063084053707,1.010690175109
32.4,14,0.995983035612911,0.981653015004956,1.01052224367049
32.6,14,0.995688503287164,0.981274870098554,1.01031385373057
32.8,14,0.99539010667858,0.980928526977682,1.01006488976963
33,14,0.995088380610425,0.980607833888608,1.00978276024905
33.2,14,0.994785574235266,0.980298735690259,1.00948649904132
33.4,14,0.994484216352698,0.979986213504769,1.00919670393896
33.6,14,0.994186832703744,0.979656699336832,1.00893247500945
33.8,14,0.993895946039723,0.979299409406254,1.00871004522827
34,14,0.9936140762552,0.978907453903705,1.00854164364101
34.2,14,0.993343740584874,0.978478587404343,1.00843472679019
34.4,14,0.993087453864308,0.978015485506963,1.00839169280789
34.6,14,0.992847728854389,0.977525507206513,1.00841011863547
34.8,14,0.992627076629446,0.977019996938523,1.00848346640332
35,14,0.992428007028975,0.976513252928564,1.00860213231285
35.2,14,0.99225302917295,0.976021311458538,1.00875468839055
35.4,14,0.992104652040729,0.975560669111972,1.00892919504105
35.6,14,0.991985385113603,0.975147006834805,1.0091145205614
35.8,14,0.991897739081101,0.974793915036713,1.00930166840152
36,14,0.991844226611162,0.97451156487511,1.00948516705183
36.2,14,0.991827363184404,0.974305235330114,1.00966461298755
36.4,14,0.991849667992712,0.974173594085541,1.00984646870943
36.6,14,0.99191366490248,0.974106654872918,1.01004619329762
36.8,14,0.992021883351753,0.974083423046825,1.01029069355331
37,14,0.992175913505505,0.974066944406258,1.01062154813244
37.2,14,0.992374137596004,0.974000299403064,1.01109458546673
37.4,14,0.992614260225075,0.973821307521555,1.01176988220743
37.6,14,0.992893989256131,0.973470870014376,1.01270464712149
37.8,14,0.993211034866922,0.97289950461245,1.01394661535405
38,14,0.993563108656096,0.972072621725478,1.01552870518058
38.2,14,0.993947922803334,0.970972858351709,1.0174666209745
38.4,14,0.994363189282821,0.969599000550884,1.01975987149217
38.6,14,0.994806619129948,0.967962457678835,1.022395240243
38.8,14,0.995275921761103,0.966082896653206,1.02535109965103
39,14,0.995768804346536,0.963984338619144,1.02860126662439
39.2,14,0.996282971236256,0.961692313527363,1.03211780401435
39.4,14,0.996816123439014,0.959232095542613,1.03587274504812
39.6,14,0.997365958154415,0.956627773548252,1.03983898648025
39.8,14,0.997930168358277,0.953901867845268,1.04399063938212
40,14,0.998506442441334,0.951075261326754,1.04830306931337
