"value","lag","rr","lo","hi"
0,0,1.11136985701009,1.08696531541647,1.13632232928921
0.2,0,1.11149235992795,1.0878969073,1.13559957555566
0.4,0,1.11161309820845,1.08881407881167,1.13488951342108
0.6,0,1.11173173315162,1.08971484104301,1.13419346047754
0.8,0,1.11184792592388,1.09059716766777,1.13351276441039
1,0,1.11196133756505,1.09145899790768,1.13284880019289
1.2,0,1.11207162899623,1.09229824138212,1.13220296542225
1.4,0,1.11217846102884,1.09311278536356,1.13157667327539
1.6,0,1.1122814943746,1.09390050503666,1.13097134248671
1.8,0,1.1123803896566,1.094659277417,1.13038838369174
2,0,1.11247480742139,1.09538699960782,1.12982918145857
2.2,0,1.11256440815211,1.09608161203495,1.12929507136682
2.4,0,1.11264885228264,1.09674112717063,1.12878731162352
2.6,0,1.11272780021279,1.09736366400483,1.12830704895744
2.8,0,1.11280091232455,1.09794748811827,1.12785527893749
3,0,1.1128678489993,1.09849105664048,1.12743280143215
3.2,0,1.1129282706362,1.09899306665147,1.12704017265115
3.4,0,1.11298183767143,1.09945250476017,1.12667765603634
3.6,0,1.1130282105986,1.09986869477026,1.12634517509118
3.8,0,1.11306704999013,1.10024133967457,1.12604227190751
4,0,1.11309801651969,1.10057055387937,1.12576807548848
4.2,0,1.11312077098564,1.1008568817095,1.12552128381629
4.4,0,1.11313497433555,1.10110129897775,1.12530016288178
4.6,0,1.11314028769164,1.10130519568947,1.12510256460427
4.8,0,1.1131363723774,1.1014703396355,1.12492596388891
5,0,1.11312288994508,1.10159882242301,1.12476751327162
5.2,0,1.1130995022043,1.10169299108251,1.12462411201331
5.4,0,1.11306587125166,1.10175536948415,1.12449248541016
5.6,0,1.11302165950131,1.10178857423271,1.12436926965028
5.8,0,1.11296652971661,1.10179522947403,1.12425109778406
6,0,1.11290014504273,1.10177788426198,1.12413468315871
6.2,0,1.11282216904031,1.10173893501481,1.12401689778798
6.4,0,1.11273219695968,1.10168048639517,1.1238947747928
6.6,0,1.11262835365557,1.10160288140501,1.12376417514395
6.8,0,1.11250735326287,1.10150464905271,1.12361996123063
7,0,1.11236585508663,1.10138384488747,1.12345736802507
7.2,0,1.11220052115421,1.10123815842674,1.12327200959228
7.4,0,1.11200801688133,1.10106496513005,1.12305982732118
7.6,0,1.11178501183786,1.10086137710519,1.12281703968728
7.8,0,1.1115281806133,1.10062429176381,1.12254009432916
8,0,1.11123420378149,1.10035043800976,1.12222562285465
8.2,0,1.11089976896412,1.10003641977265,1.12187039856336
8.4,0,1.11052157199253,1.09967875682233,1.12147129714901
8.6,0,1.11009631816712,1.09927392284775,1.12102526039716
8.8,0,1.10962072361386,1.09881838078171,1.12052926289549
9,0,1.10909151673672,1.09830861532337,1.11998028180376
9.2,0,1.1085054397655,1.09774116257011,1.11937526977014
9.4,0,1.10785925039758,1.0971126366344,1.11871113111652
9.6,0,1.10714972353277,1.09641975309906,1.11798470143755
9.8,0,1.10637365309956,1.09565934916315,1.1171927307587
10,0,1.10552785397164,1.09482840035364,1.11633187037563
10.2,0,1.10460916397272,1.09392403372476,1.11539866345008
10.4,0,1.10361444596812,1.09294353753367,1.11438953936995
10.6,0,1.10254059004096,1.09188436746247,1.11330081180016
10.8,0,1.101384515751,1.09074414954334,1.11212868026286
11,0,1.10014317447363,1.08952068002877,1.11086923500062
11.2,0,1.09881355181659,1.08821192252289,1.10951846480105
11.4,0,1.09739267011186,1.0868160027473,1.10807226740409
11.6,0,1.09587759097955,1.08533120134993,1.10652646207664
11.8,0,1.09426541796095,1.08375594517779,1.1048768039273
12,0,1.09255329921743,1.08208879742206,1.10311899954482
12.2,0,1.09073843029158,1.08032844701155,1.10124872357658
12.4,0,1.088818056927,1.07847369757893,1.09926163591349
12.6,0,1.08678947794285,1.07652345625939,1.09715339921278
12.8,0,1.08465004815895,1.07447672250466,1.09491969656524
13,0,1.08239718136727,1.07233257701063,1.09255624919823
13.2,0,1.08002835334505,1.07009017076298,1.09005883419856
13.4,0,1.07754110490509,1.06774871410031,1.08742330234359
13.6,0,1.07493424498999,1.06530846990278,1.0846469953981
13.8,0,1.07221633280148,1.062777815454,1.08173867351111
14,0,1.06940057126474,1.06016890634009,1.07871262303791
14.2,0,1.06650009330962,1.05749373382803,1.07558315727514
14.4,0,1.06352791992601,1.05476410759992,1.07236454891881
14.6,0,1.06049695085892,1.05199166323596,1.06907100320701
14.8,0,1.05741995686974,1.04918786885168,1.06571663510578
15,0,1.05430957354103,1.04636403125624,1.06231545012662
15.2,0,1.05117829659973,1.04353130192937,1.05888132842718
15.4,0,1.04803847873196,1.04070068306032,1.05542801189758
15.6,0,1.04490232786125,1.03788303384932,1.05196909397438
15.8,0,1.04178190686121,1.03508907723911,1.04851801195529
16,0,1.03868913467346,1.03232940721907,1.04508804161166
16.2,0,1.03563578880149,1.02961449682704,1.04169229391363
16.4,0,1.03263350915204,1.02695470696175,1.03834371369541
16.6,0,1.02969380319639,1.02436029611275,1.03505508009688
16.8,0,1.02682805242545,1.02184143111282,1.03183900862153
17,0,1.02404752007433,1.01940819902132,1.02870795465169
17.2,0,1.02136336009448,1.01707062025441,1.02567421825885
17.4,0,1.01878662735396,1.01483866309009,1.02274995013973
17.6,0,1.01632828904955,1.0127222596931,1.01994715849873
17.8,0,1.01399923731765,1.0107313238255,1.01727771668259
18,0,1.01181030303493,1.00887577043525,1.01475337135509
18.2,0,1.00977227080358,1.00716553734505,1.01238575097759
18.4,0,1.0078958951207,1.00561060929777,1.01018637433683
18.6,0,1.00619191773618,1.00422104465105,1.00816665883498
18.8,0,1.0046710862086,1.00300700504923,1.00633792823213
19,0,1.00334417367451,1.00197878843179,1.00471141951237
19.2,0,1.00222199985244,1.0011468657558,1.00329828853824
19.4,0,1.00131545330914,1.0005219218062,1.00210961417586
19.6,0,1.00063551502315,1.00011490042528,1.00115640062943
19.8,0,1.00019328328723,0.999937054392315,1.00044957783953
20,0,1,1,1
20.2,0,1.00006707840463,0.999818442561155,1.00031577607911
20.4,0,1.000406132342,0.999915598536044,1.00089690679168
20.6,0,1.00102900700209,1.00030207542684,1.00175646684727
20.8,0,1.00194325761679,1.00098375572602,1.00290367924663
21,0,1.00313995100736,1.00194955751084,1.00433175878334
21.2,0,1.00460649423073,1.00318486485943,1.00603013821583
21.4,0,1.00633044016313,1.00467547248095,1.0079881340172
21.6,0,1.00829945329289,1.00640756185257,1.01019490119815
21.8,0,1.01050127728132,1.00836767040117,1.01263939866392
22,0,1.01292370422711,1.01054265512418,1.01531036357797
22.2,0,1.01555454558137,1.01291965205103,1.01819629322289
22.4,0,1.01838160467158,1.01548603307839,1.02128543273958
22.6,0,1.02139265080309,1.01822936170034,1.02456576715924
22.8,0,1.02457539491631,1.02113734899576,1.02802501632154
23,0,1.02791746678712,1.02419781098384,1.03165063154263
23.2,0,1.03140639376659,1.02739862817321,1.03542979319927
23.4,0,1.03502958106363,1.03072770785607,1.03934940868627
23.6,0,1.03877429358238,1.03417294946263,1.04339611045547
23.8,0,1.04262763933219,1.03772221310535,1.0475562540445
24,0,1.04657655443499,1.04136329130726,1.05181591615163
24.2,0,1.05060778976034,1.04508388381842,1.05616089291535
24.4,0,1.05470789922349,1.04887157536983,1.06057669862223
24.6,0,1.05886322978688,1.05271381618636,1.06504856510424
24.8,0,1.06305991320886,1.05659790507062,1.06956144210423
25,0,1.06728385958746,1.06051097487117,1.07409999889373
25.2,0,1.07152075274918,1.06443998015634,1.07864862742522
25.4,0,1.07575604753532,1.06837168692428,1.08319144729529
25.6,0,1.07997496903959,1.07229266418874,1.08771231278961
25.8,0,1.08416251385116,1.07618927728596,1.09219482227544
26,0,1.08830345335762,1.08004768274938,1.09662233020592
26.2,0,1.0923823391612,1.08385382459535,1.10097796200222
26.4,0,1.09638351065987,1.08759343185208,1.10524463208633
26.6,0,1.10029110484258,1.09125201714664,1.10940506534984
26.8,0,1.10408906834439,1.09481487613858,1.11344182236274
27,0,1.10776117180289,1.09826708755282,1.1173373286533
27.2,0,1.11129102655234,1.10159351351813,1.12107390842533
27.4,0,1.11466210368554,1.10477879985877,1.12463382312505
27.6,0,1.11785775550655,1.10780737591468,1.12799931532716
27.8,0,1.12086132580177,1.11066353027967,1.13115275457162
28,0,1.12366372860663,1.11333814243756,1.13408507878995
28.2,0,1.12626944802478,1.11583408566268,1.13680240266249
28.4,0,1.12868451708447,1.11815559118336,1.13931258686279
28.6,0,1.13091513172771,1.12030703834231,1.14162367225967
28.8,0,1.13296763950296,1.12229296535422,1.14374384566848
29,0,1.1348485285206,1.12411807973636,1.14568140651863
29.2,0,1.13656441669684,1.12578726853333,1.14744473437184
29.4,0,1.13812204131033,1.12730560829011,1.14904225738851
29.6,0,1.13952824889369,1.12867837458408,1.15048242197891
29.8,0,1.14078998548054,1.12991105080545,1.15177366399329
30,0,1.14191428722707,1.13100933577811,1.1529243818984
30.2,0,1.14290827142511,1.13197914974501,1.15394291245221
30.4,0,1.1437791279227,1.13282663820676,1.15483750942025
30.6,0,1.14453411096593,1.13355817310463,1.15561632587132
30.8,0,1.14518053147489,1.1341803508792,1.15628740054658
31,0,1.14572574976478,1.13469998701175,1.15685864871739
31.2,0,1.1461771687221,1.13512410676114,1.15733785783852
31.4,0,1.14654222744452,1.13545993193335,1.1577326881761
31.6,0,1.14682839535175,1.13571486365247,1.1580506784558
31.8,0,1.14704316677366,1.13589646122617,1.15829925644972
32,0,1.14719405602097,1.1360124173033,1.15848575431414
32.2,0,1.14728859294279,1.13607052959545,1.15861742841385
32.4,0,1.14733431897432,1.13607866947158,1.15870148332999
32.6,0,1.14733878367755,1.13604474773412,1.1587450997474
32.8,0,1.14730954177676,1.13597667784907,1.15875546595234
33,0,1.14725415069033,1.13588233683914,1.15873981273344
33.2,0,1.14718016855977,1.13576952397113,1.15870545155628
33.4,0,1.14709515277625,1.13564591729034,1.15865981595948
33.6,0,1.14700665900502,1.13551902799552,1.15861050617906
33.8,0,1.14692224070754,1.13539615262954,1.1585653370263
34,0,1.14684944916116,1.13528432310841,1.15853238899667
34.2,0,1.14679583397597,1.13519025475439,1.15852006244468
34.4,0,1.14676894410893,1.13512029277016,1.15853713438896
34.6,0,1.14677632937483,1.13508035802427,1.15859281707902
34.8,0,1.14682554245465,1.1350758936425,1.15869681683208
35,0,1.1469239036636,1.13511157932504,1.1588591507252
35.2,0,1.14707418856386,1.13518706282372,1.15908579049211
35.4,0,1.14727508443209,1.13529759952196,1.15937893281276
35.6,0,1.14752513835905,1.13543811336232,1.15974083278439
35.8,0,1.14782290259357,1.13560344414482,1.16017384634693
36,0,1.14816693392466,1.13578845578355,1.16068031986511
36.2,0,1.14855579308317,1.13598814734117,1.16126247700077
36.4,0,1.14898804416263,1.13619776141131,1.16192230830382
36.6,0,1.14946225405903,1.13641288341384,1.16266146995564
36.8,0,1.14997699192956,1.13662952528296,1.16348119818384
37,0,1.15053082866988,1.13684418799917,1.16438224489631
37.2,0,1.15112233641003,1.13705389933368,1.16536483816518
37.4,0,1.15175008802864,1.13725622568705,1.16642866867806
37.6,0,1.15241265668551,1.13744925951503,1.167572900663
37.8,0,1.15310861537232,1.13763158604805,1.16879620358018
38,0,1.15383653648154,1.13780223446992,1.17009679941432
38.2,0,1.15459499139336,1.13796061928943,1.17147251983382
38.4,0,1.15538255008066,1.13810647739249,1.17292086772872
38.6,0,1.15619778073195,1.1382398054247,1.17443907847757
38.8,0,1.15703924939236,1.13836080100341,1.17602417744393
39,0,1.15790551962259,1.13846981004645,1.17767303141552
39.2,0,1.15879515217575,1.13856728141408,1.17938239278953
39.4,0,1.15970670469237,1.13865372919138,1.18114893617706
39.6,0,1.16063873141339,1.13872970231927,1.18296928771882
39.8,0,1.16158978291118,1.1387957608956,1.18484004779093
40,0,1.16255840583883,1.13885245827002,1.18675780797767
0,1,1.08644880944086,1.07021179567694,1.10293216754244
0.2,1,1.08662699727598,1.07095238257325,1.10253102791734
0.4,1,1.0868031386066,1.07168251748712,1.10213710013175
0.6,1,1.08697683769727,1.07240066881465,1.10175112721284
0.8,1,1.08714769857506,1.07310527406894,1.101373879224
1,1,1.08731532503917,1.07379474059209,1.10100615264062
1.2,1,1.08747932067197,1.07446744739389,1.10064876861332
1.4,1,1.0876392888515,1.07512174850387,1.10030256973185
1.6,1,1.08779483276539,1.07575597830469,1.09996841482198
1.8,1,1.08794555542624,1.07636845939309,1.09964717122899
2,1,1.08809105968849,1.07695751357905,1.0993397039772
2.2,1,1.08823094826663,1.07752147666382,1.09904686116504
2.4,1,1.088364823755,1.07805871760731,1.09876945498504
2.6,1,1.08849228864891,1.07856766257182,1.09850823788188
2.8,1,1.08861294536728,1.07904682407566,1.09826387361494
3,1,1.08872639627674,1.07949483507563,1.09803690340648
3.2,1,1.08883224371709,1.0799104872074,1.09782770794623
3.4,1,1.08893009002833,1.08029277166832,1.09763646676808
3.6,1,1.08901953757904,1.08064092039848,1.09746311734295
3.8,1,1.08910018879625,1.08095444443357,1.09730731701425
4,1,1.08917164619675,1.08123316574789,1.09716841145764
4.2,1,1.08923351241982,1.08147723877196,1.09704541348057
4.4,1,1.08928539026144,1.0816871582074,1.09693699553888
4.6,1,1.08932688270991,1.08186375081265,1.09684149829695
4.8,1,1.08935759298291,1.08200815037988,1.0967569560108
5,1,1.08937712456596,1.08212175690144,1.09668113773605
5.2,1,1.08938508125241,1.08220618257908,1.09661160170705
5.4,1,1.08938106718472,1.08226318852902,1.09654575903438
5.6,1,1.08936468689727,1.08229461656473,1.0964809423385
5.8,1,1.0893355453605,1.08230232026052,1.09641447511654
6,1,1.08929324802654,1.08228809873845,1.09634373839952
6.2,1,1.0892374008762,1.08225363551026,1.09626623236814
6.4,1,1.08916756545336,1.08220039743203,1.09617958785689
6.6,1,1.08908234099988,1.08212863172928,1.09608073448934
6.8,1,1.08897940348724,1.08203732156375,1.0959660240791
7,1,1.08885639326806,1.08192509493854,1.09583209660932
7.2,1,1.08871095279144,1.08179030208338,1.09567587770506
7.4,1,1.08854072706369,1.08163105508777,1.09549453938358
7.6,1,1.08834336416008,1.08144526628794,1.09528546218251
7.8,1,1.08811651578704,1.08123068483989,1.09504619923348
8,1,1.08785783789506,1.08098493122531,1.09477444253387
8.2,1,1.08756499134166,1.08070552962629,1.09446799148054
8.4,1,1.08723564260449,1.08038993819936,1.09412472363426
8.6,1,1.08686746454394,1.08003557730701,1.09374256765654
8.8,1,1.08645813721517,1.07963985574866,1.09331947837599
9,1,1.08600534872898,1.07920019499212,1.09285341398272
9.2,1,1.08550679616112,1.07871405135651,1.0923423153988
9.4,1,1.0849601865096,1.07817893605066,1.09178408792031
9.6,1,1.08436323769926,1.07759243293634,1.09117658526011
9.8,1,1.08371367963314,1.07695221387126,1.09051759613578
10,1,1.08300925528995,1.07625605149467,1.08980483353826
10.2,1,1.08224772186679,1.07550182935077,1.08903592678488
10.4,1,1.08142685196637,1.07468754929838,1.08820841640662
10.6,1,1.08054443482792,1.07381133622457,1.08731975185016
10.8,1,1.07959827760062,1.07287144015822,1.08636729189692
11,1,1.07858620665884,1.07186623595757,1.08534830762293
11.2,1,1.07750606895777,1.07079422081658,1.08425998765239
11.4,1,1.07635573342849,1.0696540098908,1.08309944540167
11.6,1,1.0751330924111,1.06844433037976,1.08186372797411
11.8,1,1.07383606312462,1.06716401441782,1.08054982635078
12,1,1.07246258917224,1.06581199111766,1.07915468652956
12.2,1,1.07101064208045,1.06438727808452,1.07767522129148
12.4,1,1.06947822287031,1.0628889726756,1.07610832231573
12.6,1,1.06786336365944,1.06131624322446,1.07445087242001
12.8,1,1.06616412929275,1.05966832038606,1.07269975776614
13,1,1.0643786190002,1.05794448868856,1.07085187994044
13.2,1,1.06250496807955,1.05614407830329,1.06890416789285
13.4,1,1.06054134960222,1.05426645696307,1.06685358979935
13.6,1,1.05848688631235,1.05231180051188,1.06469820822138
13.8,1,1.05634808905585,1.05028657402702,1.062444586884
14,1,1.0541349989151,1.04820018535117,1.06010341485054
14.2,1,1.05185761750178,1.04606193263286,1.05768541324487
14.4,1,1.04952587698959,1.0438809914151,1.0552012878188
14.6,1,1.04714963462569,1.04166642074402,1.05266171152326
14.8,1,1.04473866816923,1.03942716847064,1.05007730976858
15,1,1.04230267224611,1.03717207603259,1.04745864806454
15.2,1,1.03985125560764,1.03490988294888,1.04481622178325
15.4,1,1.0373939392803,1.03264923121757,1.04216044782853
15.6,1,1.03494015559294,1.03039866977284,1.03950165802803
15.8,1,1.03249924806771,1.02816665913171,1.03685009408949
16,1,1.03008047216041,1.02596157634145,1.03421590398147
16.2,1,1.02769299683656,1.02379172032407,1.03160913961347
16.4,1,1.02534590696933,1.02166531770506,1.02903975570037
16.6,1,1.02304820654635,1.01959052920784,1.02651760970246
16.8,1,1.02080882267276,1.01757545669357,1.02405246273579
17,1,1.01863661035902,1.01562815092764,1.0216539813474
17.2,1,1.01654035808306,1.01375662015937,1.01933174004742
17.4,1,1.01452879411749,1.01196883960977,1.01709522448377
17.6,1,1.01261059361423,1.01027276197436,1.01495383513645
17.8,1,1.01079438644057,1.00867632906359,1.01291689139594
18,1,1.00908876576228,1.00718748472297,1.01099363587477
18.2,1,1.00750229737184,1.00581418919732,1.00919323878261
18.4,1,1.00604352976163,1.00456443513012,1.00752480217374
18.6,1,1.00472100494462,1.00344626541635,1.00599736385294
18.8,1,1.00354327002755,1.00246779315534,1.00461990070291
19,1,1.00251888954441,1.00163722397405,1.00340133117835
19.2,1,1.00165645856097,1.00096288100588,1.00235051670313
19.4,1,1.00096461656428,1.00045323280529,1.00147626171814
19.6,1,1.0004520621545,1.00011692444211,1.00078731217104
19.8,1,1.00012756855992,0.999962811932115,1.00029235233349
20,1,1,1,1
20.2,1,1.00007832892513,0.999918800389964,1.00023788291171
20.4,1,1.0003716541664,1.00005721946295,1.00068618773338
20.6,1,1.0008892199601,1.00042363780034,1.00135501879481
20.8,1,1.00163685704396,1.00102270967334,1.00225138120622
21,1,1.00260739597934,1.00184575537807,1.00336961560828
21.2,1,1.00379075946247,1.00288127868154,1.00470106502228
21.4,1,1.00517695980341,1.00411806444924,1.00623697181847
21.6,1,1.00675607747159,1.00554516654125,1.00796844662114
21.8,1,1.00851824074701,1.00715188935735,1.00988644579564
22,1,1.01045360644555,1.00892776419572,1.0119817562883
22.2,1,1.01255234169248,1.01086252169749,1.01424498649455
22.4,1,1.01480460672393,1.01294606178072,1.01666656170983
22.6,1,1.01720053870108,1.01516842243836,1.01923672275827
22.8,1,1.01973023652665,1.01751974860445,1.02194552657369
23,1,1.02238374665808,1.01999026204196,1.02478284776763
23.2,1,1.02515104991557,1.02257023293392,1.02773838049998
23.4,1,1.02802204928757,1.02524995360802,1.03080164022662
23.6,1,1.03098655873965,1.02801971461699,1.03396196511449
23.8,1,1.03403429303615,1.03086978324029,1.03720851707761
24,1,1.03715485858718,1.0337903843643,1.04053028250254
24.2,1,1.0403377453362,1.03677168362995,1.04391607280578
24.4,1,1.04357231970607,1.03980377269962,1.0473545250074
24.6,1,1.04684781862353,1.04287665647956,1.05083410252583
24.8,1,1.05015334464409,1.04598024213267,1.05434309640363
25,1,1.05347786220087,1.04910432972255,1.05786962717123
25.2,1,1.05681019500212,1.05223860434022,1.0614016475481
25.4,1,1.06013902460329,1.05537262957511,1.06492694617188
25.6,1,1.06345289017987,1.05849584220142,1.06843315253827
25.8,1,1.06674018952772,1.06159754795679,1.07190774332869
26,1,1.06998918131727,1.06466691829304,1.07533805029985
26.2,1,1.07318798862758,1.0676929879763,1.07871126991056
26.4,1,1.07632460378547,1.07066465340668,1.0820144748665
26.6,1,1.07938689453337,1.07357067151465,1.08523462777409
26.8,1,1.08236261154815,1.0763996590712,1.08835859711084
27,1,1.08523939733096,1.07914009222226,1.09137317574213
27.2,1,1.0880047964855,1.08178030602169,1.09426510224501
27.4,1,1.09064626739932,1.08430849369198,1.09702108533881
27.6,1,1.09315119533926,1.08671270528558,1.09962783177144
27.8,1,1.09550697299117,1.08898090499318,1.10207215054866
28,1,1.09770678384139,1.0911061869174,1.10434731077427
28.2,1,1.09975416438935,1.09309094226856,1.10645800392569
28.4,1,1.10165380821962,1.09493859604523,1.10841020450672
28.6,1,1.10341050830814,1.09665266751178,1.11020999256518
28.8,1,1.10502915019752,1.09823677814554,1.11186353169501
29,1,1.10651470534396,1.0996946595152,1.11337704748171
29.2,1,1.10787222464824,1.10103016117131,1.11475680633608
29.4,1,1.10910683218192,1.10224725850582,1.11600909478345
29.6,1,1.11022371911956,1.10335006042694,1.11714019938397
29.8,1,1.11122813788649,1.10434281660082,1.11815638755317
30,1,1.11212539653127,1.10522992393278,1.11906388962833
30.2,1,1.11292085333098,1.10601593190419,1.11986888258156
30.4,1,1.11361991163668,1.10670554635079,1.12057747580908
30.6,1,1.114228014966,1.10730363126818,1.12119569942455
30.8,1,1.1147506423487,1.10781520826178,1.12172949545136
31,1,1.11519330393071,1.10824545332103,1.122184712245
31.2,1,1.11556153684137,1.10859969068411,1.12256710238835
31.4,1,1.11586090132809,1.10888338366361,1.12288232419801
31.6,1,1.11609697716197,1.1091021224115,1.12313594686994
31.8,1,1.11627536031756,1.10926160870454,1.12333345918943
32,1,1.11640165992931,1.10936763791452,1.12348028164579
32.2,1,1.11648149552696,1.10942607838542,1.12358178173371
32.4,1,1.1165204945515,1.10944284846456,1.12364329219736
32.6,1,1.11652429015322,1.10942389142744,1.12367013198009
32.8,1,1.11649851927278,1.10937514849925,1.12366762967843
33,1,1.11644882100625,1.10930253011763,1.12364114935722
33.2,1,1.11638083525441,1.10921188551172,1.12359611865173
33.4,1,1.11630020165677,1.10910897060558,1.123538059149
33.6,1,1.1162125588104,1.10899941420587,1.12347261908903
33.8,1,1.11612354377362,1.10888868242285,1.12340560843667
34,1,1.11603879185431,1.10878204132346,1.12334303632563
34.2,1,1.11596393668292,1.10868451795031,1.12329115074074
34.4,1,1.11590461056988,1.10860086009153,1.12325648005389
34.6,1,1.11586644514734,1.10853549558313,1.12324587563229
34.8,1,1.11585507229516,1.10849249249381,1.12326655416999
35,1,1.11587595125379,1.10847534892961,1.12332596280913
35.2,1,1.11593121025095,1.1084838521802,1.12342860345944
35.4,1,1.11601998158529,1.1085145581254,1.12357622204248
35.6,1,1.11614129341204,1.10856378965062,1.12377059262608
35.8,1,1.11629417636485,1.10862782619554,1.12401354065082
36,1,1.11647766327587,1.10870299156527,1.12430685411437
36.2,1,1.11669078890461,1.10878574336958,1.12465219315933
36.4,1,1.1169325896755,1.10887275875068,1.12505100340345
36.6,1,1.11720210342407,1.1089610103558,1.12550443905573
36.8,1,1.11749836915179,1.10904782680718,1.12601330156525
37,1,1.11782042678933,1.10913093327559,1.12657799819654
37.2,1,1.11816731696839,1.10920846994037,1.12719852274794
37.4,1,1.11853808080195,1.10927898865522,1.12787445809358
37.6,1,1.11893175967293,1.10934143048215,1.12860499788653
37.8,1,1.11934739503121,1.10939508844954,1.12938898306664
38,1,1.11978402819904,1.10943956069894,1.13022494800863
38.2,1,1.12024070018477,1.10947469912606,1.13111117120469
38.4,1,1.12071645150485,1.10950055790242,1.13204572609516
38.6,1,1.12121032201426,1.10951734518009,1.1330265287446
38.8,1,1.1217213507451,1.1095253801102,1.13405138023292
39,1,1.12224857575359,1.10952505624994,1.13511800268642
39.2,1,1.12279103397529,1.10951681160305,1.13622406870418
39.4,1,1.12334776108869,1.10950110496355,1.13736722450983
39.6,1,1.12391779138708,1.10947839789069,1.13854510750093
39.8,1,1.12450015765873,1.10944914148466,1.13975535902652
40,1,1.12509389107546,1.10941376710392,1.14099563325208
0,2,1.0639160131645,1.05354834774328,1.07438570379084
0.2,2,1.06413643236809,1.05415588545646,1.07421147319474
0.4,2,1.06435460743299,1.05475600534839,1.07404055973083
0.6,2,1.06457010150126,1.05534751358567,1.07387328479114
0.8,2,1.0647824773806,1.0559291902012,1.07370999367935
1,2,1.06499129755628,1.05649978779984,1.07355105696006
1.2,2,1.06519612420475,1.05705803066961,1.07339687141117
1.4,2,1.06539651920919,1.05760261454335,1.07324786033472
1.6,2,1.06559204417675,1.05813220733991,1.07310447289695
1.8,2,1.06578226045765,1.05864545131557,1.07296718206709
2,2,1.06596672916604,1.05914096717164,1.07283648060873
2.2,2,1.06614501120274,1.05961736078371,1.07271287445855
2.4,2,1.06631666727966,1.06007323332432,1.07259687272053
2.6,2,1.06648125794619,1.06050719561218,1.0724889734425
2.8,2,1.06663834361723,1.06091788749247,1.07238964437065
3,2,1.06678748460317,1.06130400287389,1.07229929805625
3.2,2,1.06692824114156,1.0616643206524,1.07221826108454
3.4,2,1.06706017343066,1.06199774108588,1.07214673786184
3.6,2,1.06718284166478,1.06230332623711,1.07208477034318
3.8,2,1.06729580607142,1.06258034194819,1.07203219623762
4,2,1.06739862695018,1.06282829763623,1.07198860940104
4.2,2,1.06749086471354,1.06304697930963,1.0719533270175
4.4,2,1.06757207992935,1.06323647095044,1.07192536842334
4.6,2,1.06764183336521,1.06339716007363,1.0719034497633
4.8,2,1.06769968603454,1.06352972491717,1.0718859970247
5,2,1.06774519924452,1.06363510308064,1.07187117763195
5.2,2,1.06777793464578,1.06371444397362,1.07185694824003
5.4,2,1.06779745428383,1.06376904951684,1.07184111428407
5.6,2,1.06780332065235,1.06380030865512,1.07182139572572
5.8,2,1.06779509674812,1.06380963121204,1.07179549346651
6,2,1.06777234612784,1.06379838560903,1.07176115190532
6.2,2,1.06773463296659,1.06376784338749,1.0717162147014
6.4,2,1.06768149773668,1.06371910469428,1.07165865083984
6.6,2,1.0676119600809,1.06365249436693,1.07158616497786
6.8,2,1.06752453995974,1.06356751763478,1.07149628445834
7,2,1.06741773847055,1.06346339602693,1.07138678459294
7.2,2,1.06729005831548,1.06333912337375,1.07125567332171
7.4,2,1.06714000408441,1.06319349912982,1.0711011582081
7.6,2,1.06696608255867,1.06302516002277,1.0709216151631
7.8,2,1.06676680303566,1.06283260964025,1.07071555928653
8,2,1.06654067767403,1.06261424589337,1.0704816178867
8.2,2,1.0662862218595,1.06236838647466,1.07021850556028
8.4,2,1.06600195459108,1.06209329250325,1.06992500113969
8.6,2,1.06568639888766,1.06178719055212,1.06959992631254
8.8,2,1.0653380822147,1.06144829320885,1.06924212576184
9,2,1.06495553693095,1.06107481825017,1.06885044874611
9.2,2,1.06453730075494,1.0606650064295,1.06842373212013
9.4,2,1.06408191725112,1.06021713779667,1.06796078487646
9.6,2,1.0635879363353,1.05972954640339,1.06746037435422
9.8,2,1.06305391479937,1.05920063320366,1.06692121430499
10,2,1.06247841685472,1.05862887694426,1.06634195502069
10.2,2,1.0618600146944,1.05801284285743,1.06572117571046
10.4,2,1.06119728907351,1.05735118901688,1.06505737926492
10.6,2,1.06048882990759,1.05664267029329,1.06434898947115
10.8,2,1.05973323688859,1.05588613993725,1.06359435064951
11,2,1.05892912011818,1.05508054891566,1.06279172958565
11.2,2,1.05807510075781,1.05422494321974,1.06193931953884
11.4,2,1.05716981169532,1.05331845943745,1.06103524603263
11.6,2,1.05621189822753,1.05236031893473,1.06007757408287
11.8,2,1.05520001875831,1.05134982101218,1.05906431649512
12,2,1.05413284551176,1.05028633539887,1.05799344286882
12.2,2,1.05300906525994,1.04916929441516,1.05686288897514
12.4,2,1.0518273800645,1.04799818508754,1.05567056622425
12.6,2,1.0505865080318,1.04677254143708,1.05441437099904
12.8,2,1.04928518408085,1.04549193709533,1.05309219370019
13,2,1.04792216072342,1.04415597833071,1.05170192741781
13.2,2,1.04649620885568,1.04276429749933,1.05024147621435
13.4,2,1.04500611856079,1.04131654686408,1.0487087630732
13.6,2,1.04345135009593,1.03981295570541,1.04710247553935
13.8,2,1.04183663643958,1.03825829663719,1.04542730893007
14,2,1.04016923761705,1.03665947368772,1.04369088437113
14.2,2,1.03845639437376,1.03502331834715,1.04190085759406
14.4,2,1.0367053080083,1.03335658160434,1.04006488639571
14.6,2,1.03492313751433,1.03166593941158,1.03819061931364
14.8,2,1.03311699721763,1.02995799729664,1.03628568615558
15,2,1.03129395490379,1.02823929436916,1.03435769012662
15.2,2,1.02946103043133,1.02651630691946,1.03241420134585
15.4,2,1.02762519482492,1.0247954517698,1.03046275158153
15.6,2,1.02579336984305,1.02308308950833,1.02851083006331
15.8,2,1.02397242801441,1.02138552771307,1.02656588025229
16,2,1.02216919313719,1.01970902425611,1.02463529746728
16.2,2,1.02039044123555,1.01805979076551,1.02272642727789
16.4,2,1.0186429019677,1.01644399631361,1.02084656458438
16.6,2,1.01693326048016,1.01486777139537,1.01900295330978
16.8,2,1.01526815970318,1.01333721225787,1.01720278663248
17,2,1.01365420308264,1.01185838564291,1.01545320768801
17.2,2,1.01209795774409,1.01043733400817,1.01376131066577
17.4,2,1.01060595808542,1.00908008129862,1.01213414222127
17.6,2,1.00918470979505,1.00779263934961,1.01057870311634
17.8,2,1.00784069429322,1.00658101501567,1.00910194998822
18,2,1.00658037359494,1.0054512181356,1.00771079713375
18.2,2,1.00541019559385,1.00440927046425,1.00641211817652
18.4,2,1.00433659976713,1.00346121572513,1.00521274746318
18.6,2,1.0033660233029,1.0026131309648,1.0041194810105
18.8,2,1.00250490765227,1.00187113941779,1.00313907679877
19,2,1.00175970550965,1.00124142511777,1.00227825418304
19.2,2,1.00113688822605,1.00073024950999,1.0015436921765
19.4,2,1.00064295366154,1.00034397032377,1.00094202635961
19.6,2,1.00028443448429,1.00008906293643,1.0004798441988
19.8,2,1.0000679069254,0.9999721443819,1.00016367863963
20,2,1,1,1
20.2,2,1.00008740520713,0.999995206461225,1.00017961245369
20.4,2,1.00033688672252,1.0001556138678,1.00051819243199
20.6,2,1.00075529204573,1.00048744605724,1.00102320974075
20.8,2,1.00134688815599,1.00099411398498,1.00169978665301
21,2,1.00210619644227,1.00166904749066,1.00254353617467
21.2,2,1.00302554303412,1.0025035505835,1.0035478072804
21.4,2,1.00409730383682,1.00348912146496,1.00470585480838
21.6,2,1.00531389231565,1.00461745028977,1.00601081714372
21.8,2,1.00666774790772,1.00588041001156,1.00745570208088
22,2,1.00815132504795,1.00727004143618,1.00903337971492
22.2,2,1.00975708279848,1.00877853392961,1.01073658089242
22.4,2,1.01147747507277,1.01039820340149,1.01255789958393
22.6,2,1.01330494144823,1.01212146910531,1.01448979762385
22.8,2,1.01523189856296,1.01394083053552,1.01652461052918
23,2,1.01725073209454,1.01584884536143,1.01865455345249
23.2,2,1.01935378932015,1.01783810900062,1.02087172666544
23.4,2,1.02153337225943,1.0199012361502,1.02316812025713
23.6,2,1.02378173140274,1.02203084438041,1.0255356179484
23.8,2,1.02609106002909,1.02421953975159,1.02796600006965
24,2,1.02845348911924,1.02645990432968,1.03045094583823
24.2,2,1.0308610828707,1.0287444854327,1.0329820351167
24.4,2,1.03330583482237,1.03106578642676,1.03555074984907
24.6,2,1.03577966459752,1.0334162588937,1.03814847537066
24.8,2,1.03827441527451,1.03578829600543,1.04076650177555
25,2,1.04078185139558,1.03817422695677,1.04339602551076
25.2,2,1.043293657624,1.04056631232483,1.04602815135023
25.4,2,1.04580143806099,1.04295674023816,1.04865389488799
25.6,2,1.04829671623331,1.04533762325023,1.05126418567878
25.8,2,1.05077093576307,1.0477009958192,1.05384987114676
26,2,1.05321546173086,1.05003881230017,1.05640172137927
26.2,2,1.05562158274324,1.05234294535457,1.05891043492281
26.4,2,1.05798051371533,1.05460518467624,1.06136664570351
26.6,2,1.06028339937831,1.05681723592295,1.06376093120342
26.8,2,1.06252131852147,1.05897071972565,1.06608382203909
27,2,1.06468528897702,1.06105717062506,1.06832581310988
27.2,2,1.06676627335524,1.06306803575486,1.07047737651162
27.4,2,1.06875518553596,1.06499467305139,1.07252897644764
27.6,2,1.07064289792127,1.06682834872076,1.07447108641589
27.8,2,1.07242029734387,1.06856027728522,1.07629426116888
28,2,1.0740824753931,1.07018543485849,1.07799370685615
28.2,2,1.07563202297416,1.07170559545064,1.07957283582249
28.4,2,1.07707235225879,1.07312327522491,1.081035961835
28.6,2,1.07840693038008,1.07444104468824,1.08238745461296
28.8,2,1.07963927575504,1.07566153493219,1.08363172605809
29,2,1.08077295450357,1.07678744408523,1.0847732164807
29.2,2,1.08181157696875,1.07782154402865,1.08581638077974
29.4,2,1.082758794343,1.07876668732818,1.0867656746342
29.6,2,1.08361829540434,1.07962581423922,1.0876255408569
29.8,2,1.08439380336679,1.08040195955698,1.08840039614745
30,2,1.08508907284857,1.0810982590075,1.08909461855603
30.2,2,1.08570788696124,1.08171795481807,1.08971253602616
30.4,2,1.0862540545231,1.08226440007295,1.09025841641686
30.6,2,1.08673140739944,1.08274106145751,1.09073645940665
30.8,2,1.08714379797218,1.08315152002488,1.09115079065045
31,2,1.08749509674119,1.08349946968243,1.09150545849622
31.2,2,1.08778919005924,1.08378871318581,1.09180443347805
31.4,2,1.08802997800238,1.08402315553501,1.09205161069424
31.6,2,1.08822137237726,1.08420679477867,1.09225081506743
31.8,2,1.0883672948668,1.08434371033374,1.09240580938225
32,2,1.08847167531525,1.08443804900646,1.0925203049165
32.2,2,1.08853845015372,1.08449400894758,1.09259797443503
32.4,2,1.08857156096685,1.08451582178541,1.09264246730397
32.6,2,1.08857495320145,1.08450773315516,1.09265742650819
32.8,2,1.08855257501744,1.08447398178831,1.09264650740915
33,2,1.08850837628151,1.08441877724943,1.09261339815631
33.2,2,1.08844630770394,1.08434627632371,1.09256184174941
33.4,2,1.08837032011851,1.08426055797999,1.09249565982713
33.6,2,1.08828436390582,1.08416559677856,1.09241877831307
33.8,2,1.08819238855986,1.08406523458062,1.09233525506214
34,2,1.08809834239806,1.08396315047191,1.09224930959503
34.2,2,1.08800617241448,1.08386282896686,1.09216535485433
34.4,2,1.0879198242763,1.08376752684851,1.0920880306269
34.6,2,1.08784324246341,1.08368023946359,1.0920222378135
34.8,2,1.08778037055104,1.08360366796418,1.09197317205396
35,2,1.08773503344376,1.08354007118288,1.09194623664379
35.2,2,1.08770879297036,1.08348911870084,1.09194490086217
35.4,2,1.08770117585033,1.08344824464679,1.0919708013666
35.6,2,1.08771163720986,1.08341472474781,1.09202559158236
35.8,2,1.08773963307403,1.08338582791234,1.09211093488271
36,2,1.08778462027766,1.08335890017109,1.0922284202638
36.2,2,1.08784605637904,1.08333144893566,1.09237947771396
36.4,2,1.08792339957641,1.08330122036467,1.09256530048721
36.6,2,1.08801610862711,1.08326626235136,1.09278678176734
36.8,2,1.08812364276962,1.08322496699666,1.09304447185795
37,2,1.0882454616482,1.08317608919833,1.09333855926824
37.2,2,1.08838102524038,1.08311874145993,1.09366887559033
37.4,2,1.08852979378704,1.08305236826862,1.09403492081944
37.6,2,1.08869122772534,1.0829767056191,1.09443590353916
37.8,2,1.0888647876242,1.08289173211053,1.09487078954527
38,2,1.08904993412266,1.08279761761957,1.0953383529047
38.2,2,1.08924612787073,1.08269467428156,1.09583722471774
38.4,2,1.08945282947315,1.08258331290344,1.09636593645973
38.6,2,1.08966949943563,1.08246400640107,1.0969229563097
38.8,2,1.08989559811394,1.08233726064187,1.09750671808497
39,2,1.09013058566556,1.08220359225744,1.09811564321702
39.2,2,1.09037392200414,1.08206351253651,1.0987481566583
39.4,2,1.09062506675651,1.08191751633082,1.09940269778748
39.6,2,1.09088347922246,1.08176607491093,1.10007772737603
39.8,2,1.09114861833721,1.08160963181553,1.10077173157262
40,2,1.09141994263652,1.0814486008894,1.10148322371034
0,3,1.04530324058606,1.03699787285301,1.0536751264239
0.2,3,1.04554359227007,1.03755261275335,1.05359611638015
0.4,3,1.04578163546858,1.03810092038049,1.05351917873503
0.6,3,1.04601691904811,1.03864173213559,1.05344447568574
0.8,3,1.04624899149042,1.03917396248614,1.05337218955707
1,3,1.04647740090532,1.03969650265777,1.05330252415596
1.2,3,1.0467016950455,1.04020821959453,1.05323570586491
1.4,3,1.04692142132328,1.04070795537932,1.05317198428263
1.6,3,1.04713612682935,1.04119452737835,1.05311163214818
1.8,3,1.0473453583534,1.041666729462,1.05305494419597
2,3,1.04754866240681,1.04212333475935,1.05300223448475
2.2,3,1.0477455852472,1.04256310051685,1.05295383162974
2.4,3,1.047935672905,1.04298477574141,1.05291007125797
2.6,3,1.04811847121198,1.04338711238744,1.05287128492709
2.8,3,1.04829352583169,1.04376888085797,1.05283778473768
3,3,1.04846038229195,1.04412889047546,1.05280984298329
3.2,3,1.04861858601924,1.04446601527382,1.0527876664869
3.4,3,1.04876768237507,1.04477922490903,1.05277136582625
3.6,3,1.04890721669429,1.04506761965518,1.05276092048128
3.8,3,1.04903673432545,1.04533046739437,1.05275614199527
4,3,1.04915578067298,1.04556723938083,1.05275663836919
4.2,3,1.04926390124142,1.04577764064171,1.05276178382701
4.4,3,1.04936064168163,1.04596163051743,1.0527706984488
4.6,3,1.04944554783883,1.0461194293453,1.05278224166814
4.8,3,1.0495181658027,1.04625150874567,1.05279502217438
5,3,1.0495780419594,1.04635856516232,1.05280742456812
5.2,3,1.04962472304546,1.04644147872215,1.05281765070476
5.4,3,1.04965775620369,1.04650126147753,1.05282377166272
5.6,3,1.04967668904093,1.0465390001711,1.05282378519654
5.8,3,1.04968106968782,1.04655579863141,1.05281567356642
6,3,1.04967044686037,1.04655272393782,1.05279745760569
6.2,3,1.04964436992348,1.04653075898309,1.0527672443977
6.4,3,1.04960238041794,1.046490751546,1.05272326138715
6.6,3,1.04954383800827,1.04643314853134,1.05266377450593
6.8,3,1.04946792792751,1.04635794915893,1.05258715015617
7,3,1.04937382940669,1.04626492270013,1.05249197402299
7.2,3,1.04926072289034,1.04615364630388,1.05237702749503
7.4,3,1.04912779018213,1.04602353336833,1.05224125941808
7.6,3,1.04897421459688,1.04587386030312,1.05208375947959
7.8,3,1.04879918111881,1.04570379138661,1.0519037335199
8,3,1.048601876566,1.04551240170687,1.05170048078112
8.2,3,1.04838148976103,1.04529869832853,1.05147337295173
8.4,3,1.04813721170777,1.04506163988719,1.05122183480501
8.6,3,1.04786823577428,1.04480015480945,1.05094532623319
8.8,3,1.04757375788169,1.04451315831291,1.05064332552295
9,3,1.04725297669909,1.04419956827337,1.0503153137849
9.2,3,1.04690509384435,1.04385831996936,1.0499607605268
9.4,3,1.04652931409081,1.04348837963938,1.04957911043521
9.6,3,1.04612484557965,1.04308875672301,1.049169771494
9.8,3,1.04569090003811,1.04265851461409,1.04873210461168
10,3,1.04522669300326,1.04219677973616,1.04826541494699
10.2,3,1.0447314440513,1.0417027487633,1.04776894510963
10.4,3,1.0442043770324,1.0411756938506,1.04724187037167
10.6,3,1.04364472031082,1.04061496580507,1.04668329595855
10.8,3,1.04305170701035,1.04001999521116,1.04609225640542
11,3,1.04242457526491,1.03939029161407,1.0454677168754
11.2,3,1.04176256847419,1.03872544094879,1.04480857625151
11.4,3,1.04106493556424,1.03802510147185,1.04411367174513
11.6,3,1.04033093125292,1.03728899849993,1.04338178471643
11.8,3,1.03955981631997,1.03651691828023,1.04261164738176
12,3,1.03875085788172,1.03570870131279,1.04180195008726
12.2,3,1.03790332967024,1.03486423541739,1.040951348856
12.4,3,1.03701651231671,1.03398344879327,1.04005847295968
12.6,3,1.03608969363905,1.03306630326441,1.03912193232219
12.8,3,1.03512216893342,1.03211278784203,1.03814032462257
13,3,1.03411324126969,1.0311229126741,1.03711224202744
13.2,3,1.03306222179045,1.0300967033908,1.0360362775433
13.4,3,1.03196843001365,1.02903419579546,1.03491103103877
13.6,3,1.03083163140257,1.02793579766326,1.03373562309597
13.8,3,1.02965513464384,1.02680487144667,1.03251330976325
14,3,1.02844395095299,1.02564616163023,1.03124937217201
14.2,3,1.02720308369596,1.0244643605802,1.02994912830049
14.4,3,1.02593751554142,1.02326410553089,1.02861791018187
14.6,3,1.02465220715538,1.02204998394632,1.02726105583849
14.8,3,1.02335209613619,1.02082653801443,1.02588390257104
15,3,1.022042096188,1.01959826848551,1.02449178138752
15.2,3,1.02072709653103,1.01836963802473,1.02309001239819
15.4,3,1.0194119615465,1.01714507421613,1.0216839010354
15.6,3,1.01810153065425,1.01592897232966,1.02027873498246
15.8,3,1.01680061842106,1.0147256979437,1.01887978171497
16,3,1.0155140148974,1.01353958950024,1.01749228657319
16.2,3,1.01424648618088,1.01237496085944,1.01612147129456
16.4,3,1.01300277520408,1.01123610391258,1.01477253294339
16.6,3,1.01178760274518,1.01012729130765,1.01345064317944
16.8,3,1.01060566865939,1.00905277933961,1.0121609478098
17,3,1.00946165332972,1.00801681105793,1.01090856656815
17.2,3,1.00836021933552,1.00702361964597,1.00969859306364
17.4,3,1.00730601333769,1.00607743213234,1.00853609483688
17.6,3,1.00630366817938,1.00518247350156,1.00742611345353
17.8,3,1.00535780520162,1.00434297128151,1.00637366455619
18,3,1.00447303677328,1.00356316069879,1.00538373778287
18.2,3,1.0036539690353,1.00284729050884,1.00446129644445
18.4,3,1.00290520485937,1.00219962962755,1.00361127683496
18.6,3,1.0022313470217,1.00162447471276,1.00283858702733
18.8,3,1.00163700159271,1.0011261588675,1.00214810498464
19,3,1.00112678154427,1.00070906165939,1.00154467579543
19.2,3,1.00070531057625,1.000377620667,1.00103310782565
19.4,3,1.00037722716466,1.00013634476805,1.00061816757768
19.6,3,1.00014718883448,0.999989829361956,1.00030457306925
19.8,3,1.00001987666046,0.999942773654487,1.00009698561166
20,3,1,1,1
20.2,3,1.00009230146264,1.00001813335769,1.00016647506839
20.4,3,1.00030156212163,1.00015581322964,1.00044733225305
20.6,3,1.00063260693455,1.00041736596594,1.0008478942125
20.8,3,1.00108840364954,1.00080506771124,1.0013718198025
21,3,1.00166495579021,1.00131403251882,1.00201600204714
21.2,3,1.00235668889975,1.00193785186643,1.00277570101824
21.4,3,1.00315805365313,1.00267026090855,1.00364608370579
21.6,3,1.00406351950107,1.00350514096917,1.00462220873052
21.8,3,1.00506756863933,1.00443651587123,1.00569901787608
22,3,1.00616469029833,1.00545854304105,1.00687133349247
22.2,3,1.00734937534924,1.00656550063074,1.00813386051939
22.4,3,1.00861611122327,1.00775177206462,1.00948119171743
22.6,3,1.00995937714197,1.00901182934977,1.01090781476201
22.8,3,1.01137363965698,1.01034021626467,1.01240812008324
23,3,1.01285334849846,1.01173153224217,1.01397640863386
23.2,3,1.0143929327321,1.01318041746825,1.01560689906353
23.4,3,1.01598679722527,1.01468153947025,1.01729373402711
23.6,3,1.01762931942345,1.01622958128224,1.01903098554127
23.8,3,1.01931484643845,1.01781923115155,1.02081265942904
24,3,1.02103769245079,1.01944517367669,1.02263269896638
24.2,3,1.02279213642866,1.0211020822305,1.02448498788211
24.4,3,1.0245724201664,1.022784612511,1.0263633528749
24.6,3,1.02637274664596,1.02448739706594,1.02826156580799
24.8,3,1.02818727872479,1.02620504064802,1.03017334573208
25,3,1.03001013815404,1.0279321162722,1.03209236087256
25.2,3,1.03183540493108,1.02966316186084,1.03401223070383
25.4,3,1.03365711699049,1.03139267737444,1.03592652822102
25.6,3,1.0354692702377,1.03311512233592,1.03782878251003
25.8,3,1.03726581892957,1.0348249136626,1.03971248171014
26,3,1.03904067640609,1.03651642372314,1.04157107646062
26.2,3,1.04078771617731,1.03818397853576,1.04339798392321
26.4,3,1.04250077336952,1.03982185601985,1.04518659247656
26.6,3,1.0441736465343,1.04142428420367,1.04693026718735
26.8,3,1.0458000998242,1.04298543927755,1.04862235617583
27,3,1.04737386553787,1.04449944336285,1.05025619801182
27.2,3,1.04888864703776,1.04596036184169,1.05182513030185
27.4,3,1.05033812204247,1.04736220005986,1.05332249965929
27.6,3,1.05171594629572,1.04869889917463,1.05474167328987
27.8,3,1.05301579066663,1.04996436056428,1.05607608890395
28,3,1.0542342303902,1.05115503671637,1.05732244407854
28.2,3,1.05537301018361,1.05227199467356,1.05848316429779
28.4,3,1.05643443076449,1.05331679744335,1.05956129173448
28.6,3,1.05742082053474,1.0542910381711,1.06055989401183
28.8,3,1.05833453381749,1.05519634650921,1.06148205419409
29,3,1.05917794913992,1.05603439516603,1.06233086069879
29.2,3,1.05995346756339,1.05680690666767,1.063109397101
29.4,3,1.06066351106266,1.05751566027853,1.06382073188729
29.6,3,1.06131052095561,1.05816249894395,1.06446790829878
29.8,3,1.06189695638472,1.05874933604375,1.06505393447778
30,3,1.06242529285175,1.05927816168146,1.06558177419554
30.2,3,1.06289802080665,1.05975104818799,1.06605433848487
30.4,3,1.06331764429191,1.06017015449545,1.06647447852424
30.6,3,1.06368667964315,1.06053772904209,1.0668449801142
30.8,3,1.06400765424705,1.06085611090466,1.06716856005183
31,3,1.06428310535729,1.06112772891792,1.06744786464493
31.2,3,1.0645155789693,1.06135509862652,1.06768547052234
31.4,3,1.06470762875441,1.0615408170119,1.06788388779886
31.6,3,1.06486181505412,1.06168755503377,1.0680455655565
31.8,3,1.06498070393476,1.06179804811036,1.06817289951873
32,3,1.06506686630329,1.0618750847221,1.0682682417339
32.2,3,1.06512287708436,1.06192149335438,1.06833391205302
32.4,3,1.06515131445908,1.06194012799187,1.06837221118986
32.6,3,1.06515475916578,1.0619338523437,1.06838543518463
32.8,3,1.06513579386294,1.06190552291939,1.06837589115182
33,3,1.06509700255449,1.06185797099987,1.06834591426795
33.2,3,1.06504097007761,1.06179398346587,1.06829788603743
33.4,3,1.06497028165313,1.06171628236953,1.06823425395072
33.6,3,1.06488752249861,1.06162750307841,1.06815755270563
33.8,3,1.06479527750412,1.0615301708003,1.06807042718371
34,3,1.06469613097073,1.06142667533333,1.0679756573369
34.2,3,1.06459266641176,1.06131924400746,1.06787618501879
34.4,3,1.0644874664167,1.0612099130236,1.06777514255376
34.6,3,1.06438311257776,1.06110049779862,1.06767588243627
34.8,3,1.06428218547912,1.06099256352672,1.06758200694937
35,3,1.06418719152878,1.06088732374392,1.06749732348321
35.2,3,1.06409923435738,1.06078429607568,1.0674245317817
35.4,3,1.06401815626662,1.06068154823154,1.06736526033907
35.6,3,1.06394375478733,1.06057701910713,1.06732117796021
35.8,3,1.06387582763481,1.06046863138986,1.06729397091385
36,3,1.06381417269635,1.06035436477995,1.06728526954712
36.2,3,1.06375858801914,1.06023233108098,1.06729657303579
36.4,3,1.06370887179859,1.06010084447256,1.06732917895748
36.6,3,1.06366482236705,1.05995847971791,1.06738412493498
36.8,3,1.06362623818287,1.05980411211715,1.067462148539
37,3,1.06359291781991,1.05963693557404,1.06756366908242
37.2,3,1.06356465995736,1.05945645853014,1.0676887915522
37.4,3,1.06354126337,1.05926248077206,1.06783732967322
37.6,3,1.06352252691881,1.05905505638702,1.0680088428287
37.8,3,1.06350824954198,1.05883444901896,1.06820268068515
38,3,1.06349823024628,1.0586010851583,1.06841802978866
38.2,3,1.06349226809886,1.05835550992433,1.06865395767337
38.4,3,1.06349016221936,1.05809834820332,1.06890945161936
38.6,3,1.06349171177247,1.05783027251219,1.06918345068982
38.8,3,1.0634967159608,1.05755197780517,1.0694748708302
39,3,1.06350497401821,1.05726416269221,1.06978262356059
39.2,3,1.06351628520344,1.05696751614703,1.07010562918339
39.4,3,1.06353044879418,1.05666270865503,1.070442825556
39.6,3,1.06354726408149,1.05635038678955,1.07079317344026
39.8,3,1.0635665303646,1.05603117032989,1.0711556593149
40,3,1.06358804694611,1.0557056511923,1.07152929638015
0,4,1.0307774845317,1.02176845737861,1.03986594511187
0.2,4,1.03101470627858,1.02232144940099,1.03978188581051
0.4,4,1.03124969037306,1.02286748109822,1.03970059029808
0.6,4,1.03148199932712,1.02340547383589,1.03962226325407
0.8,4,1.03171119527875,1.02393433075951,1.03954712571651
1,4,1.03193684000422,1.02445293703669,1.03947541488648
1.2,4,1.03215849493217,1.0249601607214,1.03940738331802
1.4,4,1.03237572115966,1.02545485446519,1.03934329726859
1.6,4,1.03258807946994,1.0259358583497,1.03928343393566
1.8,4,1.03279513035219,1.02640200416546,1.03922807725466
2,4,1.03299643402313,1.02685212150414,1.03917751189085
2.2,4,1.03319155045044,1.02728504605648,1.03913201503324
2.4,4,1.03338003937806,1.02769963049737,1.0390918456088
2.6,4,1.03356146035343,1.02809475827458,1.03905723060074
2.8,4,1.03373537275654,1.02846936047368,1.03902834829804
3,4,1.03390133583085,1.02882243568894,1.03900530854677
3.2,4,1.03405890871611,1.02915307247627,1.03898813042684
3.4,4,1.03420765048305,1.02946047351064,1.03897671823202
3.6,4,1.03434712016993,1.02974398005804,1.03897083714297
3.8,4,1.03447687682099,1.03000309488142,1.03897009047386
4,4,1.03459647952668,1.03023750134544,1.03897390072786
4.2,4,1.03470548746589,1.03044707638957,1.03898149679185
4.4,4,1.03480345994995,1.03063189530318,1.03899190933675
4.6,4,1.03488995646852,1.03079222688472,1.03900397584118
4.8,4,1.03496453673729,1.03092851852875,1.03901635569505
5,4,1.03502676074766,1.03104137188623,1.03902755473717
5.2,4,1.03507618881812,1.03113151076231,1.03903595756294
5.4,4,1.03511238164753,1.0311997436386,1.03903986521504
5.6,4,1.03513490037032,1.03124692350427,1.03903753557257
5.8,4,1.03514330661335,1.03127390753623,1.03902722389859
6,4,1.03513716255474,1.03128151867019,1.03900722150395
6.2,4,1.03511603098447,1.03127051040452,1.03897589118568
6.4,4,1.03507947782605,1.03124153720674,1.03893170199355
6.6,4,1.03502712235215,1.03119515445571,1.03887333001483
6.8,4,1.03495863512773,1.03113176875934,1.0387997042456
7,4,1.03487368958724,1.03105160389895,1.03870994366338
7.2,4,1.03477196004821,1.03095472227241,1.0386033316205
7.4,4,1.03465312176383,1.03084104790584,1.03847929275845
7.6,4,1.03451685097661,1.03071038860219,1.0383373707972
7.8,4,1.03436282497287,1.03056245691402,1.03817720751214
8,4,1.03419072213821,1.03039688981576,1.0379985230235
8.2,4,1.03400022201394,1.03021326706131,1.03780109741225
8.4,4,1.03379100535435,1.03001112826703,1.03758475362268
8.6,4,1.03356275418493,1.02978998877341,1.03734934159803
8.8,4,1.03331515186147,1.02954935432675,1.03709472360819
9,4,1.03304788313004,1.02928873459466,1.03682076075545
9.2,4,1.03276063418781,1.02900765549674,1.036527300677
9.4,4,1.03245309274473,1.02870567030113,1.03621416649344
9.6,4,1.03212494808609,1.02838236941433,1.03588114707607
9.8,4,1.0317758911358,1.02803738878,1.03552798871684
10,4,1.03140561452054,1.02767041680558,1.03515438828259
10.2,4,1.03101381263473,1.02728119975215,1.03475998791769
10.4,4,1.03060018170619,1.02686954555376,1.03434437132912
10.6,4,1.03016441986259,1.02643532607286,1.03390706164715
10.8,4,1.02970622719867,1.02597847784449,1.03344752080894
11,4,1.02922530584411,1.02549900140913,1.03296515036516
11.2,4,1.02872136003216,1.02499695937638,1.03245929356734
11.4,4,1.02819409616891,1.02447247339555,1.03192923855986
11.6,4,1.02764322290327,1.02392572023156,1.03137422247796
11.8,4,1.02706845119748,1.0233569271536,1.03079343624442
12,4,1.02646949439842,1.02276636683972,1.03018602986156
12.2,4,1.02584606830931,1.0221543519846,1.02955111801112
12.4,4,1.02519789126216,1.02152122977211,1.02888778580046
12.6,4,1.02452468419066,1.02086737634084,1.02819509452667
12.8,4,1.02382617070363,1.02019319133301,1.02747208736812
13,4,1.02310207715904,1.01949909257505,1.02671779495486
13.2,4,1.02235213273837,1.01878551089411,1.02593124081378
13.4,4,1.02157606952159,1.01805288502612,1.02511144673236
13.6,4,1.02077389522399,1.01730185641873,1.02425778405527
13.8,4,1.01994782552398,1.01653467043575,1.02337244075026
14,4,1.01910113926647,1.01575430964305,1.02245899642719
14.2,4,1.01823711300743,1.01496371288703,1.02152107030165
14.4,4,1.01735901336398,1.01416577659534,1.02056230446623
14.6,4,1.01647009651379,1.01336336022681,1.01958635733139
14.8,4,1.01557360779882,1.01255929089561,1.01859689810881
15,4,1.01467278143293,1.01175636734348,1.01759760216197
15.2,4,1.0137708403127,1.01095736340233,1.0165921470808
15.4,4,1.01287099593098,1.01016503106389,1.01558420936204
15.6,4,1.01197644839229,1.00938210325364,1.01457746159715
15.8,4,1.01109038652977,1.00861129639057,1.01357557008468
16,4,1.01021598812275,1.00785531280286,1.01258219279581
16.2,4,1.00935642021453,1.00711684306087,1.01160097763028
16.4,4,1.00851483952968,1.00639856828293,1.01063556090596
16.6,4,1.00769439299035,1.00570316246574,1.00968956602917
16.8,4,1.0068982183311,1.00503329488948,1.00876660229434
17,4,1.00612944481171,1.00439163264819,1.00787026376164
17.2,4,1.00539119402761,1.00378084335792,1.00700412815893
17.4,4,1.00468658081768,1.0032035980993,1.00617175575084
17.6,4,1.00401871426894,1.00266257465703,1.00537668811173
17.8,4,1.00339069881818,1.00216046112644,1.00462244673193
18,4,1.00280563545032,1.00169995996708,1.00391253137714
18.2,4,1.00226662299355,1.00128379259472,1.00325041810947
18.4,4,1.00177675951132,1.00091470461602,1.00263955686612
18.6,4,1.00133914379158,1.00059547182419,1.00208336847784
18.8,4,1.00095687693343,1.00032890708691,1.00158524099642
19,4,1.0006330640318,1.00011786826914,1.00114852518986
19.2,4,1.00037081596086,0.999965267337884,1.00077652905924
19.4,4,1.00017325125683,0.999874080789839,1.00047251123806
19.6,4,1.00004349810124,0.999847361517326,1.00023967316058
19.8,4,0.999984696405776,0.999888252173421,1.00008114994066
20,4,1,1,1
20.2,4,1.00009257892344,0.999999193639278,1.00018597292843
20.4,4,1.00026562182383,1.00008160096971,1.00044967653885
20.6,4,1.00052233843699,1.00024997989425,1.00079477114036
20.8,4,1.00086467400717,1.00050564088421,1.00122383596976
21,4,1.00128985930985,1.0008449772777,1.00173493909492
21.2,4,1.00179405191283,1.00126335748062,1.00232502762627
21.4,4,1.00237342077629,1.0017562700205,1.00299095173938
21.6,4,1.00302414325902,1.00231932658891,1.00372945554616
21.8,4,1.00374240227712,1.00294826070911,1.00453717265207
22,4,1.00452438361349,1.00363892272496,1.00541062570029
22.2,4,1.00536627337693,1.00438727187206,1.00634622913916
22.4,4,1.00626425560979,1.00518936627276,1.00734029436913
22.6,4,1.00721451004358,1.00604135168464,1.00838903643826
22.8,4,1.00821321000195,1.00693944973579,1.0094885815519
23,4,1.00925652045092,1.00787994623503,1.01063497480796
23.2,4,1.01034059619628,1.00885917998511,1.01182418772986
23.4,4,1.01146158022843,1.00987353237613,1.01305212532013
23.6,4,1.01261560221499,1.01091941791067,1.01431463248423
23.8,4,1.01379877714184,1.01199327571484,1.01560749977147
24,4,1.01500720410312,1.01309156202064,1.01692646844911
24.2,4,1.01623696524129,1.01421074356055,1.01826723497055
24.4,4,1.01748412483804,1.01534729178924,1.01962545492496
24.6,4,1.01874472855723,1.01649767783443,1.02099674656827
24.8,4,1.02001480284106,1.01765836807551,1.0223766940397
25,4,1.02129035446056,1.01882582024988,1.02376085036632
25.2,4,1.02256737022204,1.01999647999119,1.02514474035426
25.4,4,1.02384181683046,1.02116677770868,1.02652386346018
25.6,4,1.0251096409114,1.02233312572126,1.02789369673228
25.8,4,1.02636676919287,1.02349191556311,1.02924969790683
26,4,1.0276091088484,1.02463951537875,1.03058730874524
26.2,4,1.02883254800267,1.02577226732424,1.03190195869771
26.4,4,1.03003295640106,1.02688648488709,1.03318906898358
26.6,4,1.03120618624432,1.0279784500302,1.03444405718555
26.8,4,1.03234807318948,1.02904441005439,1.03566234246557
27,4,1.0334544375181,1.03008057405898,1.03683935152504
27.2,4,1.03452108547276,1.03108310886021,1.03797052545145
27.4,4,1.03554381076252,1.03204813420237,1.03905132761792
27.6,4,1.03651839623808,1.03297171706549,1.04007725283328
27.8,4,1.0374406372215,1.03384988296944,1.04104386283552
28,4,1.03830821799422,1.03468019555102,1.04194896180475
28.2,4,1.0391221794883,1.03546302369524,1.0427942661353
28.4,4,1.03988391821654,1.03619903475216,1.04358190569442
28.6,4,1.04059484318405,1.03688891395642,1.04431401771816
28.8,4,1.04125637516197,1.0375333716964,1.0449927379615
29,4,1.04186994597839,1.03813315066699,1.04562019201064
29.2,4,1.04243699782714,1.03868903294165,1.04619848672255
29.4,4,1.04295898259476,1.03920184692428,1.04672970183275
29.6,4,1.04343736120612,1.03967247407507,1.04721588183758
29.8,4,1.04387360298912,1.04010185525004,1.04765902831269
30,4,1.04426918505871,1.04049099645051,1.0480610928718
30.2,4,1.04462559172072,1.04084097375093,1.04842397099847
30.4,4,1.0449443138957,1.04115293716281,1.04874949699365
30.6,4,1.04522684856312,1.04142811320044,1.0490394402738
30.8,4,1.0454746982262,1.04166780594201,1.04929550322688
31,4,1.04568937039755,1.04187339642314,1.04951932078927
31.2,4,1.04587237710601,1.04204634025726,1.04971246185013
31.4,4,1.04602523442462,1.04218816343966,1.04987643252623
31.6,4,1.04614946202026,1.04230045635515,1.0500126812881
31.8,4,1.04624658272476,1.04238486606368,1.05012260586329
32,4,1.04631812212796,1.04244308697921,1.05020756180161
32.2,4,1.04636560819259,1.04247685008021,1.05026887256441
32.4,4,1.04639057089127,1.04248791079309,1.05030784099662
32.6,4,1.04639454186565,1.04247803567369,1.05032576205659
32.8,4,1.04637905410774,1.04244898797981,1.05032393671106
33,4,1.04634564166361,1.04240251218335,1.05030368694646
33.2,4,1.04629583935941,1.04234031742202,1.05026637189702
33.4,4,1.0462311825499,1.04226405984328,1.05021340513685
33.6,4,1.04615320688931,1.04217532375727,1.05014627321928
33.8,4,1.04606344812481,1.04207560150122,1.05006655556121
34,4,1.04596344191239,1.04196627193692,1.04997594575062
34.2,4,1.04585472365537,1.04184857757291,1.04987627428584
34.4,4,1.04573882836532,1.04172360044125,1.04976953261657
34.6,4,1.04561729054557,1.04159223708936,1.04965789812626
34.8,4,1.04549164409723,1.04145517339092,1.04954375935185
35,4,1.04536338331642,1.04131282064664,1.04942970211405
35.2,4,1.04523325640028,1.04116459455675,1.04931781775602
35.4,4,1.04510134072279,1.04100907260222,1.04920969579092
35.6,4,1.04496768973014,1.04084471993187,1.04910699134009
35.8,4,1.04483235685035,1.04066996076496,1.04901140138513
36,4,1.0446953954924,1.04048322962514,1.04892461338009
36.2,4,1.04455685904538,1.04028302520927,1.04884825123361
36.4,4,1.04441680087769,1.0400679637519,1.04878382180012
36.6,4,1.04427527433624,1.03983682802662,1.04873266573909
36.8,4,1.04413233274572,1.03958860801809,1.04869591670828
37,4,1.04398802940782,1.03932252992571,1.04867447223021
37.2,4,1.04384241760056,1.0390380714444,1.04866897828632
37.4,4,1.04369555057762,1.03873496293689,1.04867982802433
37.6,4,1.04354748156765,1.03841317578313,1.04870717329343
37.8,4,1.04339826377368,1.03807290050265,1.04875094641115
38,4,1.04324795037251,1.0377145179715,1.04881088884057
38.2,4,1.04309659451416,1.03733856715712,1.04888658335426
38.4,4,1.04294424932128,1.03694571239153,1.04897748666483
38.6,4,1.0427909678887,1.03653671249812,1.04908296020652
38.8,4,1.04263680328289,1.03611239328769,1.04920229755241
39,4,1.04248180854152,1.03567362420211,1.04933474768873
39.2,4,1.04232603667301,1.03522129929843,1.04947953395352
39.4,4,1.04216954065617,1.03475632236083,1.04963586885218
39.6,4,1.04201237343976,1.03427959568731,1.04980296520306
39.8,4,1.04185458794215,1.03379201198922,1.04998004417491
40,4,1.04169623705104,1.03329444882444,1.05016634079552
0,5,1.01984350730363,1.00974677448252,1.03004120010426
0.2,5,1.02005747183156,1.01029740432322,1.02991182733606
0.4,5,1.02026938769754,1.01084060994527,1.02978611388503
0.6,5,1.02047885546797,1.01137530232707,1.0296643511673
0.8,5,1.02068547539824,1.01190037687173,1.02954684423543
1,5,1.02088884744304,1.0124147146421,1.0294339105907
1.2,5,1.02108857126833,1.01291718439388,1.02932587820463
1.4,5,1.02128424626477,1.01340664562966,1.02922308252729
1.6,5,1.02147547156284,1.01388195292872,1.02912586222736
1.8,5,1.02166184604942,1.01434196183243,1.02903455338422
2,5,1.02184296838601,1.01478553657428,1.02894948184306
2.2,5,1.02201843702854,1.01521155992624,1.02887095346131
2.4,5,1.02218785024864,1.01561894537662,1.02879924203114
2.6,5,1.02235080615667,1.01600665174516,1.0287345747726
2.8,5,1.02250690272615,1.01637370016508,1.02867711546728
3,5,1.02265573781986,1.01671919311576,1.02862694554917
3.2,5,1.02279690921753,1.01704233487732,1.02858404378135
3.4,5,1.02293001464503,1.01734245242515,1.02854826550028
3.6,5,1.02305465180521,1.01761901543367,1.02851932275876
3.8,5,1.02317041841026,1.01787165377969,1.02849676697689
4,5,1.02327691221569,1.01810017080273,1.02847997584373
4.2,5,1.02337373105586,1.01830455066046,1.02846814613165
4.4,5,1.02346047288105,1.01848495844803,1.0284602937544
4.6,5,1.02353673579616,1.01864173231509,1.02845526183507
4.8,5,1.02360211810091,1.01877536753983,1.02845173682482
5,5,1.02365621833168,1.01888649328217,1.02844827194988
5.2,5,1.02369863530479,1.01897584340007,1.02844331660319
5.4,5,1.02372896816146,1.01904422315513,1.02843524985409
5.6,5,1.0237468164142,1.01909247379083,1.02842241609307
5.8,5,1.02375177999489,1.01912143683998,1.02840316095448
6,5,1.02374345930421,1.019131919666,1.02837586601314
6.2,5,1.02372145526277,1.0191246632572,1.02833898123496
6.4,5,1.02368537864933,1.01910032229507,1.02829106373005
6.6,5,1.02363503951304,1.01905962449587,1.02823099741315
6.8,5,1.02357043921647,1.01900331599989,1.0281580320568
7,5,1.02349158741202,1.01893197415256,1.02807160446055
7.2,5,1.02339849434542,1.01884602117378,1.02797130916981
7.4,5,1.02329117085452,1.01874574598443,1.02785687643482
7.6,5,1.02316962836809,1.0186313253964,1.02772815081795
7.8,5,1.0230338789045,1.01850284434108,1.02758507077463
8,5,1.02288393507046,1.01836031496875,1.02742764937509
8.2,5,1.02271981005958,1.01820369454958,1.02725595623673
8.4,5,1.02254151765106,1.01803290215946,1.0270701006836
8.6,5,1.02234907220819,1.0178478341544,1.02687021612938
8.8,5,1.0221424886769,1.01764837843673,1.02665644568073
9,5,1.02192178258425,1.01743442750332,1.02642892897073
9.2,5,1.02168697003687,1.01720589024906,1.02618779024916
9.4,5,1.02143806771934,1.01696270248296,1.0259331277724
9.6,5,1.02117509289261,1.01670483610419,1.02566500454549
9.8,5,1.02089806339228,1.01643230688387,1.02538344047066
10,5,1.02060699762695,1.01614518080684,1.02508840594807
10.2,5,1.0203019145764,1.01584357894617,1.02477981695588
10.4,5,1.01998283378986,1.01552768087,1.02445753161028
10.6,5,1.01964977538418,1.01519772661304,1.02412134817291
10.8,5,1.01930276004197,1.01485401728058,1.02377100443791
11,5,1.01894180900968,1.01449691438781,1.02340617839576
11.2,5,1.01856694409571,1.0141268380671,1.0230264900413
11.4,5,1.01817818766839,1.01374426429965,1.02263150416925
11.6,5,1.01777556265404,1.01334972134212,1.02222073398689
11.8,5,1.01735909253487,1.01294378552334,1.0217936453686
12,5,1.01692880134691,1.01252707658082,1.02134966158244
12.2,5,1.01648471367795,1.01210025269261,1.02088816833322
12.4,5,1.01602685466532,1.01166400533827,1.02040851898841
12.6,5,1.01555524999375,1.01121905409448,1.01991003988094
12.8,5,1.01506992589315,1.01076614143859,1.0193920356159
13,5,1.01457090913632,1.01030602759638,1.01885379434451
13.2,5,1.01405822703672,1.00983948542999,1.0182945930095
13.4,5,1.0135319074461,1.00936729531569,1.01771370261213
13.6,5,1.01299212882314,1.00889031051565,1.01711062378343
13.8,5,1.0124402842101,1.00840994180128,1.0164867348099
14,5,1.01187835246019,1.0079278331845,1.01584435558505
14.2,5,1.01130831228727,1.00744558612213,1.01518584883386
14.4,5,1.01073213821253,1.00696476445527,1.01451360690691
14.6,5,1.01015180042592,1.00648690013868,1.01383004564007
14.8,5,1.00956926468598,1.0060134981159,1.01313759915493
15,5,1.00898649225808,1.00554604050778,1.01243871543184
15.2,5,1.00840543989075,1.0050859902523,1.01173585251745
15.4,5,1.00782805983007,1.00463479431002,1.01103147525208
15.6,5,1.00725629987185,1.00419388653084,1.01032805242077
15.8,5,1.00669210345166,1.00376469026342,1.00962805424642
16,5,1.00613740977223,1.00334862077772,1.00893395015434
16.2,5,1.00559415396846,1.00294708756276,1.00824820674527
16.4,5,1.00506426730957,1.00256149655659,1.00757328592012
16.6,5,1.00454967743852,1.00219325236171,1.00691164310257
16.8,5,1.00405230864841,1.00184376049781,1.00626572550721
17,5,1.00357408219587,1.00151442974417,1.00563797040104
17.2,5,1.00311691665133,1.00120667462613,1.00503080330325
17.4,5,1.00268272828608,1.00092191810365,1.00444663606528
17.6,5,1.00227343149609,1.00066159452585,1.00388786476706
17.8,5,1.00189093926262,1.00042715292226,1.00335686735858
18,5,1.00153716364951,1.0002200607104,1.00285600096711
18.2,5,1.00121401633731,1.00004180790949,1.00238759878029
18.4,5,1.00092340919419,0.999893911961086,1.0019539664043
18.6,5,1.00066725488378,0.999777923269184,1.00155737758477
18.8,5,1.00044746751005,0.999695431582315,1.00120006916813
19,5,1.0002659632994,0.999648073347917,1.00088423517329
19.2,5,1.00012466132004,0.999637540170133,1.000612019843
19.4,5,1.00002548423904,0.999665588492522,1.00038550955383
19.6,5,0.999970359117221,0.999734050599943,1.00020672349107
19.8,5,0.999961218242209,0.999844846980662,1.00007760304813
20,5,1,1,1
20.2,5,1.00008864978546,0.999975663637864,1.00020164869924
20.4,5,1.0002291209522,1.0000062272473,1.00045206433839
20.6,5,1.0004233757858,1.00009319455147,1.00075366602963
20.8,5,1.00067258077795,1.00023708009119,1.00110827108062
21,5,1.00097494882691,1.00043522174351,1.00151496708891
21.2,5,1.00132801806182,1.00068433081091,1.00197211936267
21.4,5,1.00172933103635,1.00098123598514,1.00247798518516
21.6,5,1.00217643350135,1.0013228875248,1.00303070705614
21.8,5,1.00266687323947,1.00170635731654,1.00362831018165
22,5,1.0031981989612,1.00212883549314,1.00426870353824
22.2,5,1.00376795926208,1.0025876242771,1.00494968384199
22.4,5,1.00437370164091,1.00308012977348,1.00566894169827
22.6,5,1.00501297157858,1.00360385242965,1.00642406921411
22.8,5,1.0056833116776,1.00415637680975,1.00721256842494
23,5,1.00638226086224,1.00473536122047,1.00803185999936
23.2,5,1.00710735363915,1.00533852759586,1.00887929181383
23.4,5,1.00785611941877,1.00596365192393,1.00975214711502
23.6,5,1.00862608189736,1.00660855538705,1.01064765209794
23.8,5,1.00941475850011,1.00727109629941,1.01156298281687
24,5,1.01021965988523,1.00794916285754,1.01249527141367
24.2,5,1.01103828950944,1.00864066667311,1.01344161169486
24.4,5,1.01186814325512,1.00934353702635,1.01439906411948
24.6,5,1.01270670911933,1.01005571576105,1.01536466027774
24.8,5,1.01355146696504,1.01077515273244,1.01633540694971
25,5,1.01439988833499,1.01149980171691,1.01730828983596
25.2,5,1.01524943632845,1.01222761669226,1.01828027705214
25.4,5,1.01609756554122,1.01295654839971,1.0192483224773
25.6,5,1.0169417220694,1.01368454110078,1.0202093690434
25.8,5,1.01777934357703,1.0144095294441,1.02116035205205
26,5,1.0186078594283,1.01512943535696,1.02209820260433
26.2,5,1.0194246908844,1.01584216487507,1.02301985123108
26.4,5,1.02022725136555,1.01654560481933,1.02392223181555
26.6,5,1.02101294677843,1.01723761922166,1.02480228590722
26.8,5,1.02177917590945,1.01791604539132,1.02565696753589
27,5,1.02252333088397,1.018578689499,1.02648324864947
27.2,5,1.02324279769194,1.01922332153743,1.02727812531709
27.4,5,1.02393495677998,1.0198476694938,1.02803862486289
27.6,5,1.02459718371027,1.02044941254017,1.0287618141244
27.8,5,1.02522686258423,1.02102618212564,1.02944482537762
28,5,1.02582249440924,1.02157635318179,1.03008628455276
28.2,5,1.02638456238643,1.02209969471812,1.03068739316639
28.4,5,1.02691375708645,1.02259612359087,1.031249620613
28.6,5,1.02741077382453,1.02306556850782,1.0317744342724
28.8,5,1.02787631243228,1.02350797798583,1.03226329094037
29,5,1.02831107703365,1.02392332805389,1.03271762853562
29.2,5,1.0287157758253,1.02431162975136,1.0331388580336
29.4,5,1.02909112086131,1.02467293639701,1.03352835565209
29.6,5,1.02943782784246,1.02500735054212,1.03388745537534
29.8,5,1.02975661591005,1.02531503047002,1.03421744195482
30,5,1.03004820744442,1.02559619606549,1.03451954456323
30.2,5,1.03031332786814,1.02585113385232,1.03479493130389
30.4,5,1.0305527054541,1.02608020098692,1.03504470478746
30.6,5,1.03076707113833,1.02628382800242,1.03526989898216
30.8,5,1.03095715833787,1.02646252011893,1.0354714775216
31,5,1.03112370277351,1.0266168569718,1.03565033361863
31.2,5,1.03126744229766,1.02674749065599,1.03580729168733
31.4,5,1.03138911672719,1.02685514203664,1.03594311072296
31.6,5,1.03148946768152,1.02694059532869,1.03605848943714
31.8,5,1.03156923842577,1.02700469099548,1.03615407309859
32,5,1.03162917371915,1.02704831705323,1.03623046199228
32.2,5,1.03167001966865,1.0270723988916,1.03628822138705
32.4,5,1.03169252358791,1.02707788772808,1.03632789289393
32.6,5,1.03169743386149,1.02706574780572,1.0363500071056
32.8,5,1.03168549981439,1.02703694242237,1.03635509742896
33,5,1.031657471587,1.02699241884725,1.03634371505481
33.2,5,1.03161410001537,1.02693309214414,1.03631644504562
33.4,5,1.03155613651693,1.02685982788407,1.03627392355822
33.6,5,1.03148433298161,1.0267734237026,1.03621685624646
33.8,5,1.03139944166837,1.02667458964582,1.0361460378997
34,5,1.0313022151072,1.02656392726523,1.03606237335693
34.2,5,1.0311934060066,1.02644190747759,1.03596689968031
34.4,5,1.03107376716647,1.02630884731602,1.03586080946207
34.6,5,1.03094405139648,1.02616488588002,1.0357454749568
34.8,5,1.03080501143999,1.02600996006088,1.03562247246289
35,5,1.03065738626451,1.025843766761,1.03549359296257
35.2,5,1.03050165351547,1.02566550329514,1.03536060683183
35.4,5,1.03033805588034,1.02547397037722,1.03522521298594
35.6,5,1.03016682770699,1.02526786966089,1.03508919406486
35.8,5,1.02998820336298,1.02504585441862,1.03495438227844
36,5,1.02980241721859,1.0248065746893,1.0348226140438
36.2,5,1.02960970363043,1.02454872470991,1.0346956823455
36.4,5,1.02941029692548,1.02427109045607,1.03457528899343
36.6,5,1.02920443138579,1.02397259451252,1.03446299955756
36.8,5,1.02899234123358,1.02365233525658,1.03436020399638
37,5,1.02877426061694,1.02330961757526,1.03426808575861
37.2,5,1.02855042359607,1.02294397305259,1.03418760142132
37.4,5,1.02832106412999,1.02255516863974,1.03411947185218
37.6,5,1.02808641606385,1.02214320404138,1.03406418466216
37.8,5,1.02784671311671,1.02170829917291,1.0340220065943
38,5,1.02760218886986,1.02125087386164,1.03399300367521
38.2,5,1.02735307675573,1.02077152237413,1.03397706654735
38.4,5,1.02709961004724,1.02027098535341,1.03397393839812
38.6,5,1.02684202184773,1.01975012143221,1.03398324321988
38.8,5,1.02658054508142,1.01920988028023,1.03400451264258
39,5,1.02631541248435,1.01865127827464,1.03403721015007
39.2,5,1.02604685659593,1.01807537745152,1.03408075202223
39.4,5,1.02577510975094,1.01748326796144,1.03413452477964
39.6,5,1.02550040407208,1.01687605393642,1.03419789922376
39.8,5,1.02522297146307,1.01625484247389,1.03427024136673
40,5,1.02494304360224,1.01562073533645,1.03435092065212
0,6,1.01205364542572,1.00148935908962,1.02272936993614
0.2,6,1.0122266845111,1.00200840004216,1.0225491730341
0.4,6,1.01239797021702,1.00252002723745,1.02237324168367
0.6,6,1.01256716258348,1.00302319263894,1.02220194534567
0.8,6,1.01273392143553,1.00351683400103,1.02203566584627
1,6,1.01289790639093,1.00399987646823,1.02187479582184
1.2,6,1.01305877686881,1.0044712350241,1.02171973632108
1.4,6,1.01321619209962,1.00492981800699,1.02157089334742
1.6,6,1.01336981113609,1.00537453193539,1.02142867309871
1.8,6,1.01351929286546,1.00580428790149,1.02129347564594
2,6,1.01366429602274,1.00621800978964,1.02116568679395
2.2,6,1.01380447920523,1.00661464454723,1.02104566789696
2.4,6,1.0139395008881,1.00699317466656,1.02093374347015
2.6,6,1.01406901944118,1.00735263291705,1.02083018655798
2.8,6,1.01419269314682,1.00769211918886,1.02073520199837
3,6,1.01431018021903,1.00801081906864,1.02064890796167
3.2,6,1.01442113882361,1.00830802347778,1.02057131643451
3.4,6,1.01452522709956,1.00858314838674,1.02050231363447
3.6,6,1.01462210318156,1.00883575332188,1.02044164163966
3.8,6,1.01471142522363,1.00906555716084,1.02038888273665
4,6,1.01479285142395,1.00927244963427,1.02034344806927
4.2,6,1.01486604005076,1.00945649706744,1.02030457205477
4.4,6,1.01493064946948,1.00961794122801,1.02027131370075
4.6,6,1.01498633817095,1.00975719067449,1.02024256542855
4.8,6,1.01503276480076,1.00987480465241,1.02021706935613
5,6,1.01506958818981,1.00997147025536,1.02019344032293
5.2,6,1.01509646738591,1.01004797413936,1.0201701943686
5.4,6,1.0151130616866,1.01010517045321,1.02014578100259
5.6,6,1.01511903067301,1.01014394677514,1.02011861747452
5.8,6,1.01511403424494,1.0101651897279,1.02008712337297
6,6,1.015097732657,1.01016975163328,1.02004975419167
6.2,6,1.01506978655588,1.01015841913928,1.02000503292993
6.4,6,1.01502986953533,1.0101318973992,1.01995159117497
6.6,6,1.01497792341934,1.01009104290608,1.01988844695103
6.8,6,1.01491414750276,1.0100368063442,1.01981504073054
7,6,1.01483875181963,1.00996997462142,1.01973100000411
7.2,6,1.01475194674615,1.00989118119197,1.01963610793167
7.4,6,1.01465394297693,1.0098009275515,1.01953028157238
7.6,6,1.01454495150172,1.00969960415792,1.01941355070258
7.8,6,1.01442518358248,1.0095875104495,1.01928603755031
8,6,1.01429485073095,1.00946487378056,1.01914793762597
8.2,6,1.01415416468656,1.00933186718938,1.01899950173486
8.4,6,1.01400333739485,1.00918862596517,1.01884101920445
8.6,6,1.01384258098622,1.0090352630041,1.01867280233656
8.8,6,1.0136721077552,1.00887188294695,1.01849517209204
9,6,1.0134921301401,1.00869859508287,1.0183084450232
9.2,6,1.0133028607031,1.00851552499134,1.0181129214822
9.4,6,1.01310451211075,1.00832282488288,1.01790887514461
9.6,6,1.01289729711497,1.00812068259291,1.01769654389394
9.8,6,1.01268142853439,1.00790932918431,1.0174761221115
10,6,1.01245711923624,1.00768904512422,1.01724775440601
10.2,6,1.01222458211856,1.00746016501917,1.01701153079894
10.4,6,1.01198403009295,1.00722308091796,1.01676748335613
10.6,6,1.01173567606766,1.00697824422242,1.01651558422547
10.8,6,1.01147973293124,1.0067261662781,1.01625574500864
11,6,1.01121641353651,1.00646741774822,1.01598781736365
11.2,6,1.01094593068506,1.00620262690075,1.01571159470795
11.4,6,1.01066849711214,1.00593247695893,1.0154268148722
11.6,6,1.010384325472,1.00565770267746,1.01513316354216
11.8,6,1.01009362832372,1.00537908630962,1.01483027832346
12,6,1.00979661811739,1.00509745312484,1.01451775326971
12.2,6,1.00949350718085,1.00481366662241,1.01419514372831
12.4,6,1.00918450770673,1.00452862356595,1.01386197137907
12.6,6,1.0088698317401,1.00424324893692,1.01351772936761
12.8,6,1.0085496911664,1.00395849087405,1.01316188746637
13,6,1.00822429769992,1.00367531563036,1.01279389723168
13.2,6,1.00789386287271,1.00339470253973,1.0124131971648
13.4,6,1.00755859802384,1.0031176389393,1.01201921793062
13.6,6,1.00721877822353,1.00284509663438,1.0116115346336
13.8,6,1.00687519570494,1.00257788587167,1.01119092492693
14,6,1.00652889242557,1.00231670292415,1.01075878345821
14.2,6,1.00618091059182,1.00206220124363,1.010316548796
14.4,6,1.00583229098523,1.00181499875327,1.00986569261554
14.6,6,1.00548407295053,1.00157568362448,1.00940771375221
14.8,6,1.00513729439439,1.00134481918823,1.00894413315235
15,6,1.00479299179492,1.00112294814716,1.00847648955478
15.2,6,1.0044522002219,1.00091059622567,1.00800633576582
15.4,6,1.00411595336764,1.00070827537212,1.00753523541362
15.6,6,1.0037852835885,1.00051648660884,1.00706476008602
15.8,6,1.00346122195703,1.00033572261141,1.00659648677031
16,6,1.00314479832475,1.00016647008819,1.00613199552398
16.2,6,1.00283704139546,1.00000921202281,1.00567286731341
16.4,6,1.00253897880917,0.999864429837257,1.00522068196317
16.6,6,1.00225163723649,0.999732605529345,1.00477701616159
16.8,6,1.00197604248369,0.999614223837572,1.00434344146989
17,6,1.00171321960812,0.999509774486248,1.0039215222817
17.2,6,1.00146419304429,0.999419754566139,1.00351281367782
17.4,6,1.00122998674038,0.999344671109553,1.00311885911706
17.6,6,1.00101162430524,0.999285043924152,1.002741187899
17.8,6,1.00081012916602,0.999241408756768,1.00238131232721
18,6,1.00062652473617,0.999214320866904,1.00204072449333
18.2,6,1.0004618345941,0.999204359099329,1.00172089259259
18.4,6,1.0003170826723,0.999212130555669,1.0014232566708
18.6,6,1.00019329345712,0.999238275975494,1.0011492236924
18.8,6,1.00009149219907,0.999283475946717,1.00090016180983
19,6,1.00001270513381,0.999348458071165,1.00067739370828
19.2,6,0.999957959713815,0.99943400521084,1.00048218890058
19.4,6,0.999928284850751,0.999540964929065,1.00031575485805
19.6,6,0.999924711168633,0.999670260212342,1.00017922689157
19.8,6,0.999948271267835,0.999822901504998,1.00007365675103
20,6,1,1,1
20.2,6,1.00008093475394,0.99995910235665,1.00020278199498
20.4,6,1.00019211575262,0.999951685380959,1.00043260393384
20.6,6,1.00033458635218,0.999978332123897,1.00069096750029
20.8,6,1.0005089475843,1.00003898432597,1.00097913169947
21,6,1.0007141644481,1.00013171481667,1.00129695328242
21.2,6,1.00094882719719,1.00025427010727,1.00164386657404
21.4,6,1.00121152743077,1.00040451356106,1.00201919230852
21.6,6,1.00150085768624,1.00058043025348,1.00242213181422
21.8,6,1.00181541105201,1.00078012771451,1.00285176536561
22,6,1.00215378080029,1.00100183323338,1.00330705402232
22.2,6,1.00251456003991,1.00124388837929,1.00378684430111
22.4,6,1.0028963413891,1.00150474143851,1.00428987498048
22.6,6,1.00329771666816,1.00178293846257,1.004814785343
22.8,6,1.0037172766121,1.00207711355795,1.00536012422496
23,6,1.00415361060307,1.00238597894412,1.00592435934641
23.2,6,1.00460530642279,1.00270831518581,1.00650588651578
23.4,6,1.00507095002485,1.00304296188639,1.00710303842226
23.6,6,1.0055491253269,1.00338880902242,1.00771409283587
23.8,6,1.00603841402295,1.00374478901265,1.00833728012217
24,6,1.00653739541551,1.00410986954755,1.00897079004546
24.2,6,1.00704464626789,1.00448304715799,1.00961277788227
24.4,6,1.00755874067661,1.00486334146914,1.01026136989893
24.6,6,1.00807824996391,1.00524979006646,1.0109146682668
24.8,6,1.0086017425906,1.00564144388972,1.01157075549917
25,6,1.00912778408908,1.00603736306648,1.01222769849875
25.2,6,1.00965493701685,1.00643661309553,1.01288355230549
25.4,6,1.01018176093041,1.00683826129183,1.01353636363317
25.6,6,1.01070681237966,1.00724137340599,1.01418417428223
25.8,6,1.01122864492293,1.00764501033235,1.01482502451472
26,6,1.01174580916267,1.00804822481952,1.01545695647795
26.2,6,1.01225685280187,1.00845005809522,1.01607801776495
26.4,6,1.01276032072129,1.00884953631282,1.01668626520481
26.6,6,1.0132547550776,1.00924566672003,1.01727976898233
26.8,6,1.01373869542245,1.00963743343962,1.01785661719749
27,6,1.01421067884253,1.01002379273805,1.01841492098889
27.2,6,1.01466924012074,1.01040366763962,1.01895282036367
27.4,6,1.01511291191843,1.0107759417203,1.0194684908999
27.6,6,1.01554022497886,1.01113945188701,1.01996015151564
27.8,6,1.01594971463339,1.01149298251974,1.02042608352305
28,6,1.01634046884128,1.01183548877382,1.02086550636435
28.2,6,1.01671255542239,1.01216630405636,1.02127922675438
28.4,6,1.01706614365305,1.01248480336519,1.02166821381138
28.6,6,1.01740140409022,1.01279037121559,1.02203343007929
28.8,6,1.0177185085389,1.01308240976839,1.02237582316669
29,6,1.0180176300197,1.01336034666039,1.02269631769818
29.2,6,1.01829894273658,1.01362364259451,1.02299580752109
29.4,6,1.01856262204488,1.01387179867308,1.02327514818416
29.6,6,1.01880884441949,1.01410436339597,1.02353514976652
29.8,6,1.01903778742331,1.01432093919539,1.0237765701853
30,6,1.01924962967586,1.01452118834068,1.02400010914855
30.2,6,1.01944455082219,1.01470483802175,1.02420640294491
30.4,6,1.01962273150202,1.0148716844087,1.02439602027262
30.6,6,1.0197843533191,1.01502159549001,1.02456945930536
30.8,6,1.01992959881084,1.01515451251096,1.02472714617345
31,6,1.02005865141822,1.01527044986637,1.02486943500631
31.2,6,1.02017169545591,1.01536949334462,1.02499660963928
31.4,6,1.02026891608272,1.01545179666808,1.02510888703944
31.6,6,1.0203504992723,1.01551757632492,1.02520642245598
31.8,6,1.02041663178411,1.01556710473153,1.02528931625535
32,6,1.02046750113466,1.01560070180148,1.02535762236562
32.2,6,1.02050329556912,1.0156187250201,1.02541135823075
32.4,6,1.02052420403313,1.01562155813344,1.02545051616619
32.6,6,1.02053041614493,1.01560959855528,1.02547507601195
32.8,6,1.02052212216786,1.01558324357783,1.02548501899754
33,6,1.02049951298311,1.01554287544464,1.0254803427603
33.2,6,1.02046278006273,1.01548884531122,1.02546107749142
33.4,6,1.02041211544311,1.0154214560871,1.02542730321602
33.6,6,1.02034771169861,1.01534094412836,1.02537916823825
33.8,6,1.02026976191563,1.0152474597402,1.02531690879163
34,6,1.02017845966696,1.01514104646558,1.02524086991861
34.2,6,1.02007399898647,1.01502161918839,1.02515152755098
34.4,6,1.0199565743441,1.0148889411825,1.02504951165951
34.6,6,1.01982638062128,1.01474260040632,1.02493563017326
34.8,6,1.01968361308656,1.01458198559037,1.02481089312092
35,6,1.01952847142728,1.0144062665526,1.02467654067568
35.2,6,1.01936123331445,1.01421445700528,1.02453412767608
35.4,6,1.01918224651553,1.01400548168021,1.02438544009768
35.6,6,1.01899186146126,1.01377817716412,1.02423235882714
35.8,6,1.0187904287154,1.01353133031643,1.02407681597574
36,6,1.01857829893642,1.01326372171331,1.02392075116428
36.2,6,1.01835582284042,1.0129741711695,1.02376606573858
36.4,6,1.01812335116529,1.01266158340983,1.02361457684382
36.6,6,1.01788123463598,1.01232499140986,1.02346797383824
36.8,6,1.017629823931,1.01196359468109,1.02332777977076
37,6,1.01736946965012,1.01157678993861,1.02319532048475
37.2,6,1.01710052228329,1.01116419217206,1.02307170332719
37.4,6,1.01682333218066,1.01072564505585,1.02295780652706
37.6,6,1.01653824952393,1.01026122071025,1.02285427923156
37.8,6,1.0162456242988,1.00977120985228,1.02276155116121
38,6,1.01594580626863,1.0092561041716,1.02267985004858
38.2,6,1.01563914494938,1.00871657322058,1.02260922457149
38.4,6,1.01532598958561,1.00815343820066,1.02254957039863
38.6,6,1.01500668912778,1.0075676448154,1.02250065717711
38.8,6,1.01468159221075,1.00696023695041,1.0224621547018
39,6,1.01435104713339,1.00633233244217,1.02243365700439
39.2,6,1.01401540183945,1.00568510170643,1.02241470359156
39.4,6,1.01367500389961,1.00501974957471,1.02240479748353
39.6,6,1.01333020049473,1.00433750036388,1.02240342002828
39.8,6,1.01298133840022,1.00363958598235,1.02241004268753
40,6,1.01262876397173,1.00292723674667,1.02242413612098
0,7,1.00700196884667,0.996758376874053,1.01735083324933
0.2,7,1.00711850437894,0.997211194207326,1.01712424384557
0.4,7,1.0072336799017,0.997657119516812,1.01690216616675
0.6,7,1.00734723376687,0.998095204883666,1.01668502605024
0.8,7,1.00745890421564,0.998524488881057,1.01647326128251
1,7,1.00756842938305,0.998943998103988,1.01626732010631
1.2,7,1.00767554730322,0.999352749520163,1.01606765891262
1.4,7,1.00777999591523,0.999749753852611,1.01587473890655
1.6,7,1.00788151306977,1.00013402022993,1.01568902151161
1.8,7,1.00797983653634,1.0005045623556,1.01551096226058
2,7,1.00807470401126,1.00086040644652,1.01534100292307
2.2,7,1.00816585312629,1.00120060116252,1.01517956164798
2.4,7,1.00825302145794,1.00152422968253,1.01502702096513
2.6,7,1.00833594653746,1.00183042396769,1.0148837136058
2.8,7,1.00841436586157,1.0021183810782,1.01474990627545
3,7,1.00848801690379,1.00238738117833,1.01462578174415
3.2,7,1.00855663712647,1.00263680658068,1.01451141990369
3.4,7,1.00861996399357,1.00286616087308,1.01440677874776
3.6,7,1.00867773498402,1.00307508688152,1.01431167652226
3.8,7,1.00872968760586,1.0032633820072,1.01422577650712
4,7,1.00877555941096,1.00343100939876,1.01414857596901
4.2,7,1.00881508801052,1.0035781035319,1.01407940071235
4.4,7,1.00884801109118,1.00370496909251,1.01401740633289
4.6,7,1.00887406643182,1.00381207257254,1.01396158676415
4.8,7,1.00889299192108,1.00390002662373,1.0139107900721
5,7,1.00890452557549,1.00396956786683,1.01386374079988
5.2,7,1.00890840555834,1.00402152941063,1.01381906760883
5.4,7,1.00890437019917,1.00405680969956,1.01377533459642
5.6,7,1.00889215801397,1.00407633943268,1.01373107454878
5.8,7,1.00887150772604,1.0040810481814,1.01368482250003
6,7,1.00884215828748,1.00407183202968,1.01363514827499
6.2,7,1.00880384890146,1.00404952314326,1.01358068710839
6.4,7,1.0087563316936,1.00401487494602,1.01352017995415
6.6,7,1.00869962966995,1.00396879831295,1.01345275331866
6.8,7,1.00863402582467,1.00391230565646,1.01337795375068
7,7,1.00855981379929,1.00384625069778,1.01329550945059
7.2,7,1.00847728737491,1.00377133806975,1.01320529943283
7.4,7,1.00838674044758,1.00368814417147,1.0131073324074
7.6,7,1.00828846700464,1.00359713745941,1.01300172623866
7.8,7,1.0081827611018,1.00349869785709,1.01288868829963
8,7,1.00806991684117,1.00339313510994,1.01276849689511
8.2,7,1.00795022835005,1.00328070600346,1.01264148383555
8.4,7,1.00782398976063,1.00316163041444,1.01250801819186
8.6,7,1.00769149519052,1.00303610618668,1.01236849123985
8.8,7,1.00755303872415,1.00290432282593,1.01222330259959
9,7,1.00740891439502,1.00276647400046,1.01207284758313
9.2,7,1.00725941616878,1.00262276882178,1.01191750577631
9.4,7,1.00710483792722,1.00247344186863,1.01175763089125
9.6,7,1.00694547345304,1.0023187619112,1.01159354193291
9.8,7,1.00678161641554,1.00215903929338,1.01142551572151
10,7,1.00661356035715,1.0019946319403,1.01125378080395
10.2,7,1.00644159868078,1.00182594997572,1.01107851276928
10.4,7,1.00626602463807,1.00165345895875,1.01089983095901
10.6,7,1.00608713131848,1.00147768177796,1.01071779653405
10.8,7,1.00590521163919,1.00129919927229,1.01053241182881
11,7,1.00572055833594,1.00111864967804,1.01034362089334
11.2,7,1.00553346395463,1.00093672702668,1.01015131109847
11.4,7,1.00534422084385,1.00075417863828,1.00995531565944
11.6,7,1.00515312114817,1.00057180186659,1.0097554169217
11.8,7,1.00496045680239,1.00039044025513,1.00955135024972
12,7,1.00476651952657,1.00021097925788,1.00934280836488
12.2,7,1.00457160082186,1.00003434166521,1.00912944599221
12.4,7,1.00437599196732,0.999861482855115,1.00891088469552
12.6,7,1.00417998401742,0.99969338596455,1.00868671780628
12.8,7,1.00398386780053,0.999531057045261,1.00845651538175
13,7,1.00378793391812,0.999375520234415,1.00821982916218
13.2,7,1.00359247274494,0.999227812931745,1.00797619753515
13.4,7,1.0033977744299,0.999088980930621,1.00772515055972
13.6,7,1.00320413821903,0.998960003242939,1.00746630462946
13.8,7,1.00301193858352,0.998841278697466,1.0072000130521
14,7,1.00282158628097,0.998732890798918,1.00692702040346
14.2,7,1.00263349200588,0.998634881015604,1.00664811374259
14.4,7,1.00244806615733,0.998547257145922,1.00636411361722
14.6,7,1.00226571884908,0.998469998861601,1.00607586840404
14.8,7,1.0020868599214,0.998403062410866,1.00578424950173
15,7,1.00191189895448,0.998346384643053,1.00549014721526
15.2,7,1.00174124528354,0.998299886487787,1.0051944671983
15.4,7,1.00157530801571,0.998263475999343,1.0048981273431
15.6,7,1.00141449604842,0.998237051059086,1.00460205502486
15.8,7,1.00125921808962,0.998220501815115,1.00430718462153
16,7,1.00110988267954,0.998213712927819,1.00401445524032
16.2,7,1.00096689821422,0.99821656568234,1.00372480858972
16.4,7,1.00083067297065,0.998228940023644,1.00343918694159
16.6,7,1.0007016151336,0.998250716566644,1.00315853113054
16.8,7,1.00058013282411,0.998281778632473,1.00288377853975
17,7,1.00046663412967,0.998322014362313,1.00261586102167
17.2,7,1.00036152713605,0.998371318962229,1.00235570270005
17.4,7,1.00026521996079,0.998429597136006,1.00210421759654
17.6,7,1.00017812078843,0.998496765768156,1.00186230701938
17.8,7,1.00010063790732,0.998572756925907,1.00163085664557
18,7,1.00003317974818,0.998657521257051,1.00141073321956
18.2,7,0.99997615492432,0.998751031869765,1.00120278078233
18.4,7,0.999929972273525,0.998853288790496,1.00100781633472
18.6,7,0.999895040901652,0.998964324105974,1.00082662482915
18.8,7,0.999871770227908,0.999084207904105,1.00065995337467
19,7,0.999860570031829,0.999213055133859,1.00050850453555
19.2,7,0.999861850501952,0.999351033503387,1.00037292860397
19.4,7,0.999876022286204,0.999498372523946,1.00025381473938
19.6,7,0.999903496544003,0.999655373778904,1.00015168089523
19.8,7,0.999944685000074,0.99982242244422,1.00006696250672
20,7,1,1,1
20.2,7,1.00006985456751,0.999951025314156,1.00018869794194
20.4,7,1.00015466246349,0.999920147810064,1.00038923211843
20.6,7,1.00025483824284,0.9999073401737,1.00060245707807
20.8,7,1.00037060273271,0.999912188324938,1.0008292273027
21,7,1.00050146200424,0.999933337478798,1.00106990931668
21.2,7,1.00064675811591,0.999969315881827,1.00132465929206
21.4,7,1.00080583338516,1.00001876419358,1.00159352204302
21.6,7,1.00097803029521,1.00008044048253,1.00187642571056
21.8,7,1.00116269140632,1.00015322118957,1.00217318049707
22,7,1.00135915927125,1.00023609872753,1.00248348078224
22.2,7,1.00156677635522,1.00032817635717,1.00280690997993
22.4,7,1.00178488496012,1.00042866102286,1.00314294745264
22.6,7,1.00201282715309,1.0005368548244,1.00349097680719
22.8,7,1.00224994469943,1.00065214573804,1.00385029495852
23,7,1.00249557899984,1.0007739980987,1.00422012144954
23.2,7,1.00274907103202,1.00090194323835,1.00459960763223
23.4,7,1.00300976129661,1.00103557055938,1.00498784543103
23.6,7,1.00327698976743,1.00117451921901,1.00538387551253
23.8,7,1.00355009584612,1.00131847051593,1.00578669477037
24,7,1.00382841832106,1.00146714100585,1.00619526309858
24.2,7,1.00411129533078,1.00162027632568,1.00660850947372
24.4,7,1.00439806433155,1.00177764567541,1.00702533739691
24.6,7,1.00468806206949,1.00193903688705,1.00744462976618
24.8,7,1.00498062455701,1.00210425199993,1.00786525326017
25,7,1.00527508705359,1.00227310325679,1.00828606231856
25.2,7,1.00557078405101,1.00244540943429,1.00870590280581
25.4,7,1.00586704926296,1.00262099242237,1.00912361544366
25.6,7,1.00616321561908,1.00279967396838,1.00953803909677
25.8,7,1.00645861526337,1.0029812725027,1.00994801399459
26,7,1.00675257955712,1.00316559996235,1.01035238497308
26.2,7,1.00704443908614,1.00335245852735,1.01075000482163
26.4,7,1.00733352367259,1.00354163717986,1.01113973782513
26.6,7,1.00761916239117,1.00373290798954,1.01152046359773
26.8,7,1.00790068358978,1.00392602201848,1.0118910813152
27,7,1.0081774149147,1.00412070472502,1.01225051446623
27.2,7,1.00844868334021,1.00431665072835,1.01259771626117
27.4,7,1.00871381520271,1.00451351777274,1.01293167585924
27.6,7,1.00897213623933,1.00471091970251,1.01325142560288
27.8,7,1.00922297351398,1.00490841656774,1.01355605493603
28,7,1.00946581964289,1.00510536619461,1.01384519006735
28.2,7,1.00970046068554,1.0053008409057,1.01411933505407
28.4,7,1.00992671275588,1.00549388623734,1.01437908186062
28.6,7,1.01014439201439,1.00568355646441,1.01462501415995
28.8,7,1.0103533146833,1.00586892239194,1.01485769941479
29,7,1.01055329706206,1.0060490788624,1.01507768125762
29.2,7,1.01074415554327,1.00622315203595,1.01528547211203
29.4,7,1.01092570662878,1.00639030642951,1.01548154607001
29.6,7,1.01109776694624,1.00654975164057,1.01566633209873
29.8,7,1.01126015326585,1.00670074863324,1.01584020769994
30,7,1.01141268251758,1.00684261542672,1.01600349318136
30.2,7,1.01155517180854,1.00697473200169,1.01615644672491
30.4,7,1.01168743844081,1.00709654422953,1.01629926044674
30.6,7,1.0118092999295,1.00720756663285,1.01643205764061
30.8,7,1.01192057402113,1.00730738380434,1.01655489137777
31,7,1.01202107871238,1.00739565034133,1.01666774460575
31.2,7,1.01211063226908,1.00747208919473,1.01677053184758
31.4,7,1.01218905324557,1.00753648837721,1.01686310255654
31.6,7,1.01225616050431,1.00758869602291,1.01694524613407
31.8,7,1.01231177323581,1.00762861383448,1.01701669857518
32,7,1.01235571097892,1.00765618898808,1.01707715067064
32.2,7,1.01238779364133,1.00767140458996,1.01712625767228
32.4,7,1.01240784152043,1.00767426878782,1.01716365031831
32.6,7,1.01241567532443,1.00766480263554,1.0171889471199
32.8,7,1.01241111619382,1.00764302679312,1.0172017678273
33,7,1.01239398572304,1.00760894711776,1.01720174801941
33.2,7,1.01236410598255,1.00756253917074,1.0171885547922
33.4,7,1.01232129954106,1.00750373163479,1.01716190355111
33.6,7,1.01226538948813,1.00743238861327,1.01712157593625
33.8,7,1.01219619945702,1.00734829077473,1.01706743891657
34,7,1.01211355364782,1.00725111532332,1.01699946507262
34.2,7,1.01201727685083,1.00714041482775,1.01691775403505
34.4,7,1.01190719447025,1.00701559504355,1.01682255494401
34.6,7,1.01178313254807,1.0068758920281,1.01671428962988
34.8,7,1.01164491778834,1.0067203490909,1.01659357597287
35,7,1.01149239290214,1.00654780930311,1.01646126636276
35.2,7,1.01132569462489,1.00635718369721,1.01631873571068
35.4,7,1.01114522402858,1.0061474945255,1.0161677782222
35.6,7,1.01095139188076,1.00591768665371,1.01601028623477
35.8,7,1.01074460918011,1.005666657974,1.0158482006799
36,7,1.01052528710348,1.00539330167023,1.01568346852832
36.2,7,1.0102938369545,1.00509655043909,1.01551799828817
36.4,7,1.01005067011396,1.00477542076999,1.01535361545353
36.6,7,1.00979619799164,1.00442905485855,1.01519202032837
36.8,7,1.00953083198,1.00405675750526,1.01503475087452
37,7,1.00925498340937,1.00365802552542,1.01488315305745
37.2,7,1.00896906350489,1.00323256777856,1.01473836058185
37.4,7,1.00867348334502,1.0027803148255,1.0146012850087
37.6,7,1.00836865382182,1.00230141826931,1.01447261619779
37.8,7,1.00805498560278,1.00179624082871,1.01435283202702
38,7,1.00773288909441,1.00126533895395,1.01424221557844
38.2,7,1.00740277440737,1.00070944022094,1.01414087755544
38.4,7,1.00706505132342,1.00012941781408,1.01404878162036
38.6,7,1.00672012926387,0.99952626419196,1.01396577055869
38.8,7,1.00636841725977,0.998901065623989,1.01389159158148
39,7,1.0060103239238,0.998254978800684,1.01382591956331
39.2,7,1.00564625742367,0.99758921024455,1.01376837748909
39.4,7,1.00527662545736,0.99690499884235,1.01371855378845
39.6,7,1.00490183522984,0.996203601509928,1.01367601654695
39.8,7,1.00452229343155,0.995486281790706,1.01364032479268
40,7,1.00413840621847,0.994754301066247,1.01361103717995
0,8,1.00431348776531,0.995047138511751,1.01366612964277
0.2,8,1.00435978557758,0.995404646229798,1.01339548966961
0.4,8,1.00440520888352,0.99575623244733,1.0131293089202
0.6,8,1.00444959087719,0.996101098368281,1.01286805351995
0.8,8,1.00449276472614,0.996438431586659,1.01261220202084
1,8,1.00453456357322,0.996767407150874,1.0123622443651
1.2,8,1.00457482053877,0.997087189350329,1.01211868013072
1.4,8,1.00461336872302,0.997396934429095,1.01188201585431
1.6,8,1.0046500412088,0.997695794462131,1.01165276119559
1.8,8,1.00468467106449,0.997982922653384,1.01143142368432
2,8,1.0047170913473,0.998257480324939,1.01121850178051
2.2,8,1.0047471351068,0.998518645852269,1.01101447599275
2.4,8,1.00477463538872,0.998765625750424,1.01081979784996
2.6,8,1.00479942523902,0.998997668016605,1.01063487662103
2.8,8,1.00482133770828,0.99921407767428,1.01046006383727
3,8,1.00484020585632,0.999414234236866,1.01029563589952
3.2,8,1.00485586275713,0.999597610520085,1.010141775341
3.4,8,1.00486814150406,0.999763791903128,1.00999855164555
3.6,8,1.00487687521527,0.999912494811794,1.0098659028483
3.8,8,1.00488189703951,1.00004358293294,1.00974361940926
4,8,1.0048830401621,1.00015707954012,1.00963133198011
4.2,8,1.0048801378113,1.00025317437939,1.00952850461502
4.4,8,1.00487302326479,1.00033222386756,1.00943443467338
4.6,8,1.00486152985661,1.00039474387913,1.00934826013816
4.8,8,1.00484549098422,1.00044139507399,1.00926897439769
5,8,1.00482474011595,1.00047296143198,1.00919544782493
5.2,8,1.00479911079865,1.00049032328015,1.00912645486833
5.4,8,1.00476843666564,1.00049442651426,1.00906070495249
5.6,8,1.00473255144494,1.0004862498642,1.00899687533946
5.8,8,1.00469128896778,1.00046677193443,1.00893364421892
6,8,1.00464448317735,1.00043693942107,1.00886972262613
6.2,8,1.00459196813784,1.00039763745299,1.00880388423996
6.4,8,1.0045335881646,1.00034967284872,1.00873500250891
6.6,8,1.00446940421869,1.00029395277229,1.00866228493649
6.8,8,1.00439968517773,1.00023143299909,1.00858530766253
7,8,1.00432470832489,1.00016291464819,1.00850381970689
7.2,8,1.00424475094644,1.00008905546989,1.00841771469005
7.4,8,1.00416009031761,1.00001038992599,1.00832701054366
7.6,8,1.00407100368928,0.999927348666554,1.00823182983647
7.8,8,1.00397776827539,0.999840277104265,1.00813238101442
8,8,1.00388066124112,0.999749452934653,1.00802894070678
8.2,8,1.00377995969185,0.999655102541613,1.00792183715886
8.4,8,1.00367594066288,0.999557416277128,1.00781143480229
8.6,8,1.00356888110992,0.999456562623348,1.00769811995499
8.8,8,1.0034590579003,0.999352701244706,1.00758228764281
9,8,1.00334674780502,0.999245994926118,1.00746432954714
9.2,8,1.00323222749146,0.999136620377268,1.00734462309813
9.4,8,1.003115773517,0.999024777868035,1.00722352174886
9.6,8,1.00299766232324,0.998910699650246,1.00710134647483
9.8,8,1.00287817023109,0.998794657118747,1.00697837854621
10,8,1.00275757343658,0.998676966671662,1.00685485361255
10.2,8,1.00263614800747,0.998557994245568,1.0067309571246
10.4,8,1.00251416988054,0.99843815852498,1.00660682109349
10.6,8,1.00239191485973,0.998317932854677,1.00648252215902
10.8,8,1.00226965861497,0.998197845915234,1.00635808090641
11,8,1.00214767668184,0.998078481253249,1.0062334623403
11.2,8,1.00202624446188,0.997960475785267,1.00610857739664
11.4,8,1.00190563722381,0.997844517415653,1.00598328535257
11.6,8,1.00178613010532,0.99773134192186,1.00585739698052
11.8,8,1.00166799811581,0.997621729264923,1.00573067828887
12,8,1.00155151613969,0.997516499478413,1.00560285469587
12.2,8,1.00143695894065,0.997416508276433,1.0054736154962
12.4,8,1.00132460116647,0.997322642501573,1.00534261849931
12.6,8,1.00121471735472,0.997235815508421,1.00520949474384
12.8,8,1.00110758193918,0.997156962548516,1.00507385322234
13,8,1.00100346925703,0.99708703618904,1.00493528558387
13.2,8,1.0009026535567,0.997027001760166,1.00479337081969
13.4,8,1.00080540900662,0.996977832783336,1.00464767997964
13.6,8,1.00071199147312,0.996940415881292,1.00449783550289
13.8,8,1.00062250917191,0.996914894635809,1.00434391265391
14,8,1.00053699878474,0.996901020484781,1.00418623851981
14.2,8,1.00045549655695,0.996898504919404,1.0040251797468
14.4,8,1.00037803876962,0.996907027947866,1.00386113488698
14.6,8,1.00030466174102,0.996926243262828,1.00369452912177
14.8,8,1.00023540182815,0.996955782611504,1.00352580979028
15,8,1.00017029542819,0.996995259522654,1.00335544256836
15.2,8,1.00010937898009,0.997044272517458,1.00318390817137
15.4,8,1.00005268896605,0.997102407909483,1.00301169947532
15.6,8,1.00000026191309,0.997169242281896,1.00283931896844
15.8,8,0.999952134394645,0.997244344716809,1.00266727645806
16,8,0.99990834303209,0.997327278841559,1.00249608696807
16.2,8,0.999868924496378,0.997417604749288,1.00232626876968
16.4,8,0.999833915509632,0.997514880846066,1.00215834149304
16.6,8,0.999803352846773,0.997618665673587,1.00199282427091
16.8,8,0.999777273337159,0.997728519755109,1.00183023386645
17,8,0.999755713866237,0.997844007512554,1.00167108273746
17.2,8,0.999738711377211,0.997964699304505,1.00151587698715
17.4,8,0.999726302872731,0.998090173638193,1.00136511414837
17.6,8,0.999718525416586,0.998220019613408,1.00121928074351
17.8,8,0.99971541613542,0.998353839662563,1.0010788495556
18,8,0.999717012220463,0.998491252658802,1.00094427653893
18.2,8,0.999723350929273,0.998631897472866,1.00081599728834
18.4,8,0.999734469587497,0.998775437069004,1.00069442297703
18.6,8,0.999750405590647,0.998921563239807,1.00057993566279
18.8,8,0.999771196405892,0.999070002088327,1.00047288285461
19,8,0.99979687957386,0.999220520371094,1.00037357122569
19.2,8,0.999827492710469,0.999372932814998,1.00028225936029
19.4,8,0.999863073508757,0.999527110509893,1.00019914943216
19.6,8,0.999903659740742,0.99968299045154,1.00012437774032
19.8,8,0.999949289259289,0.999840586258237,1.00005800407857
20,8,1,1,1
20.2,8,1.00005582998311,0.999950236165348,1.00016143495149
20.4,8,1.00011681731543,0.999908469142889,1.00032520890091
20.6,8,1.00018300019145,0.999874328258725,1.00049176741452
20.8,8,1.00025437836372,0.999847226969542,1.00066169555549
21,8,1.00033080997416,0.999826232713047,1.00083564187772
21.2,8,1.00041212063844,0.999810425104406,1.00101417827863
21.4,8,1.00049813598832,0.999798987928165,1.00119777295476
21.6,8,1.00058868166324,0.999791213988433,1.00138678542555
21.8,8,1.00068358330225,0.999786506065235,1.00158146545867
22,8,1.00078266653622,0.999784374623494,1.00178195525063
22.2,8,1.00088575698043,0.999784432906711,1.00198829423039
22.4,8,1.00099268022735,0.999786390090174,1.00220042581132
22.6,8,1.00110326183981,0.999790043157827,1.00241820542725
22.8,8,1.00121732734445,0.999795268099839,1.00264140925566
23,8,1.00133470222549,0.999802010924314,1.00286974313449
23.2,8,1.00145521191877,0.999810278858646,1.00310285129711
23.4,8,1.00157868180611,0.999820132001238,1.00334032466473
23.6,8,1.00170493720998,0.999831675583646,1.00358170853621
23.8,8,1.00183380338851,0.99984505292183,1.00382650959655
24,8,1.00196510553073,0.999860439073804,1.00407420222684
24.2,8,1.00209866875215,0.999878035177847,1.00432423414142
24.4,8,1.00223431809067,0.999898063417147,1.00457603140654
24.6,8,1.0023718785028,0.999920762540033,1.00482900291113
24.8,8,1.0025111748601,0.999946383856363,1.00508254436945
25,8,1.00265203194603,0.999975187627464,1.00533604193791
25.2,8,1.00279427445306,1.00000743976708,1.00558887552882
25.4,8,1.00293772698006,1.00004340877235,1.00584042190203
25.6,8,1.00308221403007,1.00008336280571,1.00609005761346
25.8,8,1.0032275600083,1.00012756684988,1.00633716189855
26,8,1.0033735892205,1.00017627985815,1.00658111956825
26.2,8,1.00352012587156,1.00022975182041,1.00682132399726
26.4,8,1.00366699406453,1.00028822066119,1.00705718028818
26.6,8,1.00381401779983,1.0003519088798,1.00728810870148
26.8,8,1.00396102097486,1.00042101983248,1.00751354845148
27,8,1.00410782738384,1.00049573354363,1.00773296198121
27.2,8,1.00425426071804,1.0005762019158,1.0079458398464
27.4,8,1.00440014456629,1.00066254318624,1.00815170636104
27.6,8,1.00454530241573,1.00075483545077,1.00835012618348
27.8,8,1.00468955684734,1.00085310500907,1.00854071450271
28,8,1.00483265929785,1.0009569710549,1.00872335413928
28.2,8,1.00497423540571,1.00106539915825,1.00889833439306
28.4,8,1.00511389775016,1.00117729052488,1.00906598362902
28.6,8,1.00525125870511,1.0012915546289,1.0092266218132
28.8,8,1.00538593044721,1.00140711634821,1.00938055326315
29,8,1.00551752496549,1.00152292287584,1.00952805963691
29.2,8,1.00564565407247,1.00163795045814,1.00966939310984
29.4,8,1.00576992941675,1.00175121094266,1.00980476975623
29.6,8,1.00588996249715,1.00186175806155,1.00993436321017
29.8,8,1.00600536467828,1.00196869332945,1.01005829872642
30,8,1.00611574720769,1.00207117139827,1.01017664779916
30.2,8,1.00622072123443,1.00216840468747,1.01028942351986
30.4,8,1.0063198978292,1.0022596670976,1.01039657686669
30.6,8,1.00641288800594,1.00234429661859,1.01049799411376
30.8,8,1.00649930274493,1.0024216966627,1.01059349553056
31,8,1.00657875301744,1.00249133598274,1.0106828355109
31.2,8,1.00665084981177,1.00255274707673,1.01076570423003
31.4,8,1.00671520416094,1.00260552302701,1.01084173088232
31.6,8,1.00677142717172,1.00264931276853,1.01091048850435
31.8,8,1.00681913005529,1.00268381482402,1.01097150034601
32,8,1.00685792415931,1.00270876957795,1.01102424771761
32.2,8,1.00688742100148,1.00272395018272,1.01106817921949
32.4,8,1.00690723230469,1.0027291521987,1.01110272125266
32.6,8,1.00691697003348,1.00272418206351,1.01112728971484
32.8,8,1.00691624643219,1.00270884446768,1.01114130280494
33,8,1.0069046740644,1.00268292868631,1.01114419488627
33.2,8,1.00688186585397,1.00264619388432,1.01113543139081
33.4,8,1.00684743512751,1.00259835338204,1.01111452477777
33.6,8,1.00680099565831,1.00253905784493,1.01108105158268
33.8,8,1.00674216171172,1.00246787735425,1.01103467060005
34,8,1.00667054809201,1.00238428233449,1.01097514222366
34.2,8,1.00658577019068,1.00228762336985,1.01090234891235
34.4,8,1.00648744403617,1.00217711004951,1.01081631664129
34.6,8,1.00637518634504,1.00205178915556,1.01071723702476
34.8,8,1.0062486145746,1.00191052276285,1.01060548954128
35,8,1.00610736813341,1.00175198786515,1.01048168456303
35.2,8,1.0059514923267,1.00157505145772,1.01034705631047
35.4,8,1.0057813974,1.00137880077575,1.01020335019298
35.6,8,1.00559750692603,1.00116225626282,1.01005240620096
35.8,8,1.00540024475224,1.00092439803895,1.00989610616777
36,8,1.00519003494403,1.00066420792134,1.00973633148095
36.2,8,1.00496730172982,1.00038071332938,1.00957491891747
36.4,8,1.00473246944773,1.00007303097317,1.00941361670377
36.6,8,1.00448596249418,0.999740407699314,1.00925404342697
36.8,8,1.00422820527413,0.999382255701255,1.00909765258987
37,8,1.00395962215317,0.998998179585116,1.00894570531903
37.2,8,1.00368063741132,0.998587993502974,1.00879925301384
37.4,8,1.00339167519865,0.998151727598358,1.00865913069187
37.6,8,1.00309315949264,0.997689624144236,1.00852596065033
37.8,8,1.00278551405738,0.997202124764425,1.00840016505267
38,8,1.00246916240441,0.996689850836451,1.0082819853422
38.2,8,1.00214452775553,0.996153579493133,1.00817150606572
38.4,8,1.0018120330072,0.995594217587999,1.00806868074171
38.6,8,1.00147210069685,0.995012775657312,1.00797335774066
38.8,8,1.0011251529709,0.994410343422425,1.00788530463349
39,8,1.00077161155455,0.993788067847683,1.00780422999303
39.2,8,1.00041189772341,0.993147134287673,1.00772980211475
39.4,8,1.00004643227679,0.992488750872161,1.00766166450822
39.6,8,0.999675635512849,0.991814136002927,1.00759944828521
39.8,8,0.999299927205497,0.991124508666667,1.00754278174021
40,8,0.998919726582999,0.990421081182544,1.00749129750475
0,9,1.00363514696455,0.99564370192185,1.01169073462548
0.2,9,1.0035991726368,0.995890827403276,1.01136718162522
0.4,9,1.0035628965651,0.996133311194262,1.01104789493956
0.6,9,1.00352626116723,0.996370529844423,1.01073338350294
0.8,9,1.0034892088697,0.996601844779819,1.01042417048747
1,9,1.00345168210803,0.996826602409456,1.0101207932168
1.2,9,1.00341362332698,0.997044134760611,1.00982380255406
1.4,9,1.00337497498083,0.997253760840441,1.00953376156669
1.6,9,1.0033356795337,0.997454788966587,1.00925124322509
1.8,9,1.00329567945993,0.997646520355536,1.00897682684668
2,9,1.00325491724445,0.997828254298065,1.00871109295579
2.2,9,1.00321333538321,0.997999295276311,1.00845461620497
2.4,9,1.00317087638361,0.998158962372658,1.00820795600745
2.6,9,1.00312748276502,0.998306601268026,1.00797164458329
2.8,9,1.00308309705928,0.99844159900514,1.00774617224343
3,9,1.00303766181125,0.998563401480899,1.00753196994776
3.2,9,1.00299111957941,0.998671533319566,1.00732938948531
3.4,9,1.00294341293646,0.998765619371859,1.00713868203159
3.6,9,1.00289448446999,0.998845406619725,1.00695997630317
3.8,9,1.00284427678315,0.998910784813635,1.00679325798285
4,9,1.00279273249538,0.998961803831485,1.00663835242611
4.2,9,1.00273979424313,0.998998685641276,1.00649491276688
4.4,9,1.00268540468068,0.999021828967185,1.00636241532284
4.6,9,1.00262950648095,0.999031805331218,1.00624016362816
4.8,9,1.0025720423363,0.999029346008379,1.00612730155572
5,9,1.0025129549595,0.999015320438969,1.00602283498516
5.2,9,1.00245218708453,0.998990707579918,1.00592566053491
5.4,9,1.00238968146765,0.998956562351144,1.00583459920214
5.6,9,1.00232538088825,0.998913979618302,1.0057484324693
5.8,9,1.00225922814999,0.998864058031276,1.00566593855793
6,9,1.00219116608172,0.998807865587989,1.00558592696001
6.2,9,1.00212113753867,0.998746408154106,1.00550727001648
6.4,9,1.00204909073622,0.998680606223406,1.00542893692747
6.6,9,1.00197508799567,0.998611359214153,1.00535014718236
6.8,9,1.00189930113762,0.99853949826038,1.0052704088009
7,9,1.00182190635926,0.998465693515689,1.00518940067671
7.2,9,1.00174307981173,0.998390470587506,1.00510694714483
7.4,9,1.00166299759759,0.998314230974144,1.00502299739546
7.6,9,1.00158183576831,0.998237271711283,1.00493760568696
7.8,9,1.00149977032236,0.99815980394543,1.00485091264061
8,9,1.00141697720335,0.998081970323184,1.00476312772825
8.2,9,1.00133363229869,0.998003861186866,1.00467451296239
8.4,9,1.00124991143841,0.997925529617021,1.004585367748
8.6,9,1.00116599039437,0.997847005375828,1.00449601484229
8.8,9,1.00108204487972,0.997768307795413,1.0044067873782
9,9,1.00099825054879,0.997689457631511,1.00431801693128
9.2,9,1.00091478299707,0.99761048787418,1.00423002263829
9.4,9,1.00083181776177,0.997531453479705,1.00414310140317
9.6,9,1.00074953032242,0.997452439966645,1.00405751924778
9.8,9,1.00066809610201,0.997373570807716,1.00397350387528
10,9,1.00058769046826,0.997295013550052,1.003891238514
10.2,9,1.00050848873529,0.997216984609881,1.00381085709544
10.4,9,1.0004306661656,0.997139752712615,1.0037324407956
10.6,9,1.00035439797232,0.997063640983302,1.00365601593462
10.8,9,1.00027985932177,0.996989027731498,1.00358155319061
11,9,1.00020722533633,0.996916346014648,1.00350896804365
11.2,9,1.00013667109768,0.996846082100656,1.00343812232924
11.4,9,1.00006837165021,0.996778772979686,1.00336882675117
11.6,9,1.0000025020049,0.996715003094825,1.00330084418416
11.8,9,0.999939237143356,0.996655400469458,1.00323389358836
12,9,0.99987875202227,0.996600632406194,1.003167654361
12.2,9,0.999821221578105,0.996551400918733,1.0031017709637
12.4,9,0.999766820732137,0.996508438036075,1.003035857686
12.6,9,0.999715724395779,0.996472501089881,1.00296950343443
12.8,9,0.999668107476217,0.996444368062532,1.00290227646946
13,9,0.999624144882355,0.996424833036793,1.00283372904947
13.2,9,0.999584011531063,0.996414701748471,1.00276340198035
13.4,9,0.999547882353735,0.996414787200162,1.00269082911265
13.6,9,0.999515909449985,0.996425819069549,1.00261558274003
13.8,9,0.999488059926379,0.996447818407767,1.00253757746358
14,9,0.999464211257338,0.996480432390001,1.00245692450616
14.2,9,0.999444240388074,0.996523270178896,1.0023737724314
14.4,9,0.999428024319712,0.996575911042601,1.00228830009609
14.6,9,0.999415440104607,0.99663790928987,1.00220071162171
14.8,9,0.999406364841792,0.996708798415118,1.0021112321618
15,9,0.999400675672602,0.99678809460847,1.00202010431031
15.2,9,0.999398249776427,0.996875299757568,1.00192758502401
15.4,9,0.999398964366635,0.996969904045399,1.00183394295483
15.6,9,0.999402696686633,0.997071388230867,1.00173945610527
15.8,9,0.999409324006089,0.997179225685132,1.00164440973392
16,9,0.999418723617298,0.997292884246397,1.00154909444842
16.2,9,0.999430772831704,0.997411827948144,1.00145380443083
16.4,9,0.999445348976569,0.997535518670457,1.00135883574576
16.6,9,0.999462329391797,0.997663417760755,1.00126448468498
16.8,9,0.999481591426905,0.997794987668658,1.0011710461037
17,9,0.999503012438146,0.997929693639856,1.0010788117038
17.2,9,0.999526469785787,0.998067005515508,1.00098806821734
17.4,9,0.999551840831528,0.998206399686967,1.00089909544059
17.6,9,0.999579002936082,0.9983473612604,1.00081216406409
17.8,9,0.999607833456898,0.998489386492224,1.00072753323771
18,9,0.999638209746039,0.998631985564087,1.00064544780209
18.2,9,0.999670009148208,0.998774685775261,1.00056613510852
18.4,9,0.999703108998926,0.998917035240464,1.00048980133924
18.6,9,0.999737386622862,0.999058607191534,1.00041662722985
18.8,9,0.999772719332307,0.999199004990936,1.00034676308568
19,9,0.999808984425809,0.99933786797174,1.00028032297765
19.2,9,0.999846059186947,0.999474878219435,1.00021737800216
19.4,9,0.999883820883268,0.999609768401089,1.00015794849953
19.6,9,0.999922146765362,0.999742330720424,1.00010199515244
19.8,9,0.999960914066096,0.99987242702467,1.00004940893848
20,9,1,1,1
20.2,9,1.00003928176279,0.999953485631355,1.00012508525555
20.4,9,1.00007863653108,0.999909477777183,1.00024782390224
20.6,9,1.00011794146289,0.999867470688485,1.00036847498123
20.8,9,1.00015710970244,0.999826834063999,1.00048749444176
21,9,1.00019618677447,0.99978689351521,1.0006056475904
21.2,9,1.00023524863374,0.999747049315088,1.00072368635128
21.4,9,1.00027437124689,0.999706798794245,1.00084226593251
21.6,9,1.00031363059244,0.999665741262769,1.00096193982305
21.8,9,1.00035310266087,0.999623578906528,1.00108315882053
22,9,1.00039286345478,0.999580114327715,1.00120627342047
22.2,9,1.00043298898905,0.999535245426452,1.00133153886989
22.4,9,1.00047355529109,0.999488958369976,1.00145912213898
22.6,9,1.00051463840118,0.999441319372682,1.00158911008738
22.8,9,1.00055631437279,0.999392465921103,1.00172151819112
23,9,1.00059865927301,0.999342597950768,1.00185629932316
23.2,9,1.00064174918308,0.999291969344336,1.00199335221831
23.4,9,1.00068566019884,0.999240879992251,1.00213252938106
23.6,9,1.0007304684314,0.99918966854973,1.00227364430269
23.8,9,1.00077625000777,0.999138705940995,1.0024164779367
24,9,1.00082308107154,0.999088389602515,1.00256078444073
24.2,9,1.00087103778369,0.999039138418095,1.00270629623218
24.4,9,1.00092019632341,0.998991388275455,1.00285272842798
24.6,9,1.00097063288897,0.998945588162199,1.00299978275038
24.8,9,1.00102242369865,0.998902196714945,1.00314715098527
25,9,1.0010756449918,0.998861679135901,1.00329451807852
25.2,9,1.00113037302983,0.998824504394081,1.00344156495324
25.4,9,1.00118668409735,0.998791142632105,1.00358797112708
25.6,9,1.00124465450338,0.998762062702927,1.00373341720507
25.8,9,1.00130436058253,0.998737729763147,1.00387758732152
26,9,1.00136587869634,0.998718602850268,1.00402017160346
26.2,9,1.00142928523458,0.998705132369896,1.00416086872978
26.4,9,1.00149465661671,0.998697757415084,1.00429938866374
26.6,9,1.0015620692933,0.998696902833463,1.00443545564329
26.8,9,1.00163159974759,0.998702975948034,1.00456881152331
27,9,1.00170332449706,0.99871636282401,1.00469921957739
27.2,9,1.00177732009507,0.998737423956436,1.00482646888441
27.4,9,1.00185366313257,0.998766489230685,1.00495037944782
27.6,9,1.00193243023985,0.998803851979824,1.00507080822372
27.8,9,1.0020136960287,0.99884975698944,1.00518765710598
28,9,1.00209735353773,0.998903966496817,1.00530094948874
28.2,9,1.00218297457228,0.998965450223321,1.0054108621054
28.4,9,1.00227009794747,0.999033099248231,1.00551758494843
28.6,9,1.00235826232624,0.999105812219089,1.00562130033267
28.8,9,1.00244700621352,0.999182501823261,1.0057221763119
29,9,1.00253586795246,0.999262101158347,1.0058203602099
29.2,9,1.00262438572282,0.999343570041879,1.00591597222559
29.4,9,1.00271209754155,0.999425901234297,1.00600909913827
29.6,9,1.00279854126536,0.999508126491543,1.00609978819661
29.8,9,1.00288325459557,0.999589322314573,1.00618804132411
30,9,1.00296577508496,0.999668615224125,1.0062738098127
30.2,9,1.00304564014685,0.999745186362486,1.00635698970279
30.4,9,1.00312238706627,0.999818275211859,1.00643741806012
30.6,9,1.00319555301326,0.999887182223001,1.00651487035576
30.8,9,1.00326467505828,0.999951270168187,1.00658905913535
31,9,1.00332929018986,1.00000996406781,1.00665963412803
31.2,9,1.00338893533424,1.00006274958657,1.00672618389936
31.4,9,1.00344314737729,1.00010916984825,1.00678823909915
31.6,9,1.0034914631884,1.0001488206717,1.00684527730154
31.8,9,1.00353341964671,1.00018134427827,1.00689672938715
32,9,1.00356855366928,1.00020642155782,1.00694198738019
32.2,9,1.00359640224151,1.00022376300195,1.00698041363185
32.4,9,1.00361650244966,1.00023309841828,1.00701135123613
32.6,9,1.0036283915155,1.00023416552781,1.0070341355761
32.8,9,1.00363160683306,1.00022669752207,1.00704810692386
33,9,1.00362568600757,1.00021040962104,1.00705262405317
33.2,9,1.00361016689647,1.0001849846332,1.00704707886345
33.4,9,1.00358458765253,1.00015005748163,1.00703091205111
33.6,9,1.00354848676914,1.00010519863362,1.00700362989071
33.8,9,1.00350140312764,1.00004989636491,1.00696482219493
34,9,1.00344287604681,0.999983537816048,1.00691418149557
34.2,9,1.00337244533441,0.999905388871527,1.00685152341519
34.4,9,1.00328965134086,0.999814573029919,1.00677680806074
34.6,9,1.00319403501496,0.999710049655333,1.00669016204906
34.8,9,1.0030851379617,0.999590592324445,1.00659190044984
35,9,1.00296252494632,0.99945479036424,1.00648257044232
35.2,9,1.00282619122054,0.999301448256943,1.00636336668183
35.4,9,1.00267651911818,0.9991296170719,1.00623601263799
35.6,9,1.00251390506725,0.998938290417332,1.0061023183257
35.8,9,1.0023387457538,0.998726434253223,1.00596412268844
36,9,1.00215143807188,0.998493033594772,1.00582324667188
36.2,9,1.00195237907509,0.998237140950555,1.00568144456966
36.4,9,1.0017419659296,0.997957923469174,1.00554035666765
36.6,9,1.00152059586878,0.997654705235552,1.00540146674548
36.8,9,1.00128866614935,0.997327001225008,1.00526606792725
37,9,1.0010465740091,0.996974540158963,1.00513523963769
37.2,9,1.00079471662616,0.996597274791031,1.00500983713492
37.4,9,1.00053349107984,0.996195379699879,1.00489049354354
37.6,9,1.000263294313,0.995769238118018,1.00477763285886
37.8,9,0.99998452309603,0.995319420378405,1.00467149134036
38,9,0.999697573992354,0.994846657054061,1.0045721442193
38.2,9,0.999402843325512,0.994351809810131,1.00447953470094
38.4,9,0.999100727147804,0.993835842522207,1.00439350270763
38.6,9,0.998791621210499,0.993299794532522,1.00431381149111
38.8,9,0.998475920935598,0.992744757196487,1.00424017096156
39,9,0.998154021389167,0.99217185424138,1.00417225721158
39.2,9,0.997826317256222,0.991582225979682,1.00410972819264
39.4,9,0.997493202817173,0.990977017102556,1.00405223581839
39.6,9,0.997155071925833,0.99035736760393,1.00399943494444
39.8,9,0.996812317988962,0.989724406318022,1.00395098974173
40,9,0.996465333947383,0.989079246557463,1.00390657797629
0,10,1.00462832967531,0.99746872273397,1.01183932667068
0.2,10,1.00449968969556,0.99761455129467,1.01143234658016
0.4,10,1.00437140320382,0.997757007967747,1.01102964701623
0.6,10,1.00424353413912,0.997895635473134,1.01063181359849
0.8,10,1.00411614640836,0.998029959142356,1.01023944846746
1,10,1.00398930388654,0.998159485677967,1.00985317154396
1.2,10,1.00386307041713,0.998283702104167,1.00947362159996
1.4,10,1.0037375098124,0.998402075064261,1.0091014569852
1.6,10,1.00361268585386,0.998514050681432,1.00873735579324
1.8,10,1.00348866229269,0.998619055275432,1.00838201517418
2,10,1.00336550285025,0.998716497318708,1.00803614941054
2.2,10,1.00324327121858,0.998805771117061,1.00770048627142
2.4,10,1.003122031061,0.998886262801348,1.00737576105806
2.6,10,1.00300184601269,0.998957359297918,1.00706270767344
2.8,10,1.00288277968137,0.999018460973052,1.00676204602045
3,10,1.00276489564797,0.999068998573065,1.00647446510707
3.2,10,1.00264825746738,0.999108454848073,1.00620060147048
3.4,10,1.0025329286692,0.999136390795535,1.00594101298401
3.6,10,1.00241897275858,0.999152475756843,1.00569614881373
3.8,10,1.00230645321704,0.999156519674254,1.0054663172173
4,10,1.0021954335034,0.999148504792459,1.00525165390074
4.2,10,1.00208597705468,0.999128613207847,1.00505209453022
4.4,10,1.00197814728708,0.99909724624563,1.00486735541859
4.6,10,1.00187200759702,0.999055031972977,1.00469692607847
4.8,10,1.00176762136215,0.999002818359259,1.00454007613089
5,10,1.0016650519425,0.998941651512929,1.00439587713996
5.2,10,1.00156436268154,0.998872740613352,1.00426323775511
5.4,10,1.00146561690743,0.99879741303099,1.00414094866771
5.6,10,1.00136887793419,0.998717064200202,1.0040277328176
5.8,10,1.00127420906295,0.998633106870532,1.00392229622387
6,10,1.00118167358328,0.998546923542343,1.00382337563379
6.2,10,1.00109133477448,0.998459824547459,1.00372978052951
6.4,10,1.00100325456617,0.998373009451438,1.00364042914444
6.6,10,1.00091746619784,0.9982874612927,1.00355439989461
6.8,10,1.0008339753799,0.998203900090985,1.00347098041135
7,10,1.00075278672557,0.998122850381679,1.00338965264249
7.2,10,1.00067390486227,0.998044668826264,1.00331006732386
7.4,10,1.00059733443168,0.997969568734753,1.00323201933012
7.6,10,1.0005230800899,0.997897643175948,1.00315542444475
7.8,10,1.00045114650757,0.997828886397294,1.00308029782752
8,10,1.00038153836993,0.997763213535524,1.00300673419821
8.2,10,1.00031426037698,0.997700478739997,1.00293488961462
8.4,10,1.00024931724361,0.997640491887483,1.00286496466619
8.6,10,1.00018671369965,0.997583034067483,1.00279718890411
8.8,10,1.00012645449004,0.997527871981342,1.00273180636453
9,10,1.00006854437494,0.99747477134186,1.00266906209845
9.2,10,1.00001298812983,0.997423509294634,1.00260918968669
9.4,10,0.99995979054563,0.997373885817888,1.00255239978344
9.6,10,0.99990895642883,0.997325734002635,1.00249886978646
9.8,10,0.999860490601599,0.99727892907661,1.00244873477044
10,10,0.9998143979019,0.997233396019158,1.00240207983642
10.2,10,0.999770683183619,0.997189115622718,1.00235893402151
10.4,10,0.999729351316674,0.997146128889734,1.00231926588022
10.6,10,0.999690407187143,0.997104539707853,1.00228298079438
10.8,10,0.999653855697379,0.997064515814692,1.00224992000052
11,10,0.99961970176613,0.997026288137316,1.00221986124942
11.2,10,0.999587950328664,0.996990148661649,1.00219252094271
11.4,10,0.99955860633689,0.996956447044841,1.00216755753344
11.6,10,0.999531674759473,0.996925586222934,1.00214457593835
11.8,10,0.999507160581968,0.996898017283975,1.00212313269157
12,10,0.999485068806931,0.996874233872955,1.00210274157342
12.2,10,0.999465404454051,0.996854766372383,1.00208287947067
12.4,10,0.99944817256027,0.996840176065193,1.00206299226119
12.6,10,0.999433378179905,0.996831049440141,1.00204250056326
12.8,10,0.99942102638478,0.996827992748427,1.00202080524046
13,10,0.999411122264342,0.996831626867516,1.00199729260639
13.2,10,0.999403670925793,0.996842582475857,1.00197133932543
13.4,10,0.999398677494215,0.996861495490274,1.00194231705776
13.6,10,0.999396138661258,0.996888935111746,1.00190964789781
13.8,10,0.999395982710181,0.99692491065857,1.0018731797939
14,10,0.999398104772308,0.996969128539662,1.00183299886677
14.2,10,0.999402399775964,0.997021256030434,1.00178923030651
14.4,10,0.99940876266231,0.9970809294215,1.00174203057491
14.6,10,0.99941708838311,0.99714775930834,1.00169158204297
14.8,10,0.99942727189862,0.997221334973251,1.00163808854081
15,10,0.99943920817557,0.997301228044187,1.00158177163535
15.2,10,0.999452792185273,0.997386995579095,1.00152286748732
15.4,10,0.999467918901836,0.997478182696022,1.00146162416706
15.6,10,0.999484483300483,0.997574324847309,1.00139829933107
15.8,10,0.999502380355989,0.997674949819277,1.00133315817767
16,10,0.999521505041222,0.997779579525975,1.00126647161339
16.2,10,0.9995417523258,0.997887731656185,1.00119851457073
16.4,10,0.999563017174854,0.997998921226218,1.00112956442487
16.6,10,0.999585194547905,0.998112662086838,1.00105989946097
16.8,10,0.999608179397848,0.998228468430626,1.0009897973457
17,10,0.999631866670047,0.998345856345963,1.00091953355688
17.2,10,0.999656151301545,0.998464345465697,1.00084937972314
17.4,10,0.999680928220377,0.998583460762271,1.00077960182186
17.6,10,0.999706092345,0.998702734546839,1.00071045817772
17.8,10,0.999731538583827,0.998821708737661,1.00064219719687
18,10,0.999757161834881,0.998939937472955,1.00057505476118
18.2,10,0.999782856985547,0.999056990155365,1.00050925119571
18.4,10,0.999808518912448,0.999172455029019,1.00044498770822
18.6,10,0.999834042481417,0.999285943405177,1.00038244218492
18.8,10,0.999859322547595,0.999397094667453,1.00032176421124
19,10,0.999884253955625,0.999505582200056,1.00026306917442
19.2,10,0.999908731539969,0.999611120388553,1.00020643129824
19.4,10,0.999932650125326,0.9997134728357,1.0001518754674
19.6,10,0.999955904527166,0.999812461905491,1.00009936772849
19.8,10,0.999978389552373,0.999907979643118,1.00004880441964
20,10,1,1,1
20.2,10,1.00002063066213,0.999952673840279,1.00008859210233
20.4,10,1.00004017632486,0.999906436514659,1.00017393402307
20.6,10,1.00005853177025,0.99986077650286,1.00025632615022
20.8,10,1.00007563440944,0.999815064635962,1.00033627209209
21,10,1.00009157841362,0.999768668077757,1.0004145930447
21.2,10,1.00010649398514,0.99972104120349,1.0004920953821
21.4,10,1.0001205113376,0.999671740985988,1.00056948315018
21.6,10,1.00013376069456,0.999620433158264,1.00064735183608
21.8,10,1.00014637228848,0.999566893088155,1.00072618743045
22,10,1.00015847635978,0.999511002270008,1.00080636987735
22.2,10,1.00017020315612,0.999452741485919,1.00088817985942
22.4,10,1.00018168293181,0.999392181758487,1.00097180779632
22.6,10,1.00019304594739,0.999329474137031,1.00105736401441
22.8,10,1.00020442246943,0.999264839174351,1.00114488923077
23,10,1.00021594277044,0.999198556723129,1.00123436472233
23.2,10,1.00022773712894,0.999130956459126,1.0013257217729
23.4,10,1.00023993582981,0.999062409351368,1.00141885017812
23.6,10,1.00025266916466,0.998993320158318,1.00151360572909
23.8,10,1.00026606743248,0.998924120932616,1.00160981669231
24,10,1.0002802609404,0.998855265457721,1.00170728936239
24.2,10,1.00029538000466,0.998787224508559,1.00180581279561
24.4,10,1.00031155495172,0.998720481816133,1.0019051628443
24.6,10,1.00032891611955,0.998655530615831,1.00200510561218
24.8,10,1.00034759385909,0.998592870665533,1.00210540044486
25,10,1.00036771853589,0.998533005628883,1.00220580255975
25.2,10,1.00038942053189,0.998476440728818,1.00230606541066
25.4,10,1.00041283024744,0.998423680585233,1.00240594287291
25.6,10,1.00043807810335,0.99837522715755,1.0025051913284
25.8,10,1.00046529454329,0.99833157771753,1.00260357172514
26,10,1.00049461003623,0.998293222779522,1.00270085168416
26.2,10,1.00052615507908,0.998260643914346,1.00279680772753
26.4,10,1.00056006019955,0.998234311368754,1.00289122770567
26.6,10,1.00059645595909,0.99821468140472,1.00298391350945
26.8,10,1.0006354729561,0.998202193261071,1.00307468416492
27,10,1.00067724182923,0.998197265623651,1.00316337942414
27.2,10,1.0007218932609,0.99820029246852,1.00324986398785
27.4,10,1.00076955798096,0.99821163811458,1.00333403252351
27.6,10,1.00082036677056,0.998231631286511,1.00341581567782
27.8,10,1.00087444833347,0.998260553045976,1.00349518797492
28,10,1.00093174338324,0.998298206009703,1.00357222809882
28.2,10,1.00099186006558,0.998343606503792,1.00364713851026
28.4,10,1.00105437243881,0.998395692089483,1.00372013272774
28.6,10,1.00111885447417,0.99845340663125,1.00379141793425
28.8,10,1.00118488004648,0.998515706494233,1.00386118867673
29,10,1.00125202292672,0.998581566865292,1.00392962045342
29.2,10,1.00131985677632,0.998649988236455,1.00399686315036
29.4,10,1.00138795514331,0.998720003015783,1.00406303436204
29.6,10,1.00145589146031,0.998790682161436,1.00412821270039
29.8,10,1.0015232390443,0.998861141670949,1.0041924312601
30,10,1.00158957109822,0.998930548702778,1.0042556714633
30.2,10,1.00165446071436,0.998998127065768,1.00431785754783
30.4,10,1.00171748087967,0.999063161789377,1.00437885198639
30.6,10,1.00177820448272,0.999125002487489,1.0044384521237
30.8,10,1.00183620432266,0.999183065253393,1.00449638829407
31,10,1.00189105311988,0.999236832872059,1.00455232363335
31.2,10,1.00194232352852,0.999285853203348,1.00460585573151
31.4,10,1.00198958815087,0.999329735668561,1.00465652019359
31.6,10,1.00203241955346,0.999368145852736,1.00470379609649
31.8,10,1.00207039028509,0.999400798305913,1.00474711325851
32,10,1.00210307289665,0.999427447679133,1.0047858611857
32.2,10,1.00213003996272,0.99944787835896,1.00481939953149
32.4,10,1.00215086410503,0.999461892765088,1.00484706990475
32.6,10,1.00216511801777,0.999469298450579,1.00486820888698
32.8,10,1.00217237449461,0.999469894097893,1.00488216216526
33,10,1.00217220645769,0.999463454443622,1.00488829974816
33.2,10,1.00216418698828,0.999449714099786,1.00488603229678
33.4,10,1.00214788935935,0.999428350180696,1.00487482866162
33.6,10,1.00212288706989,0.999398963604453,1.0048542347566
33.8,10,1.00208875388112,0.999361058932717,1.00482389390622
34,10,1.00204506385438,0.999314022661335,1.00478356875336
34.2,10,1.00199139139095,0.999257100003107,1.0047331646865
34.4,10,1.00192731127356,0.999189370443827,1.00467275450495
34.6,10,1.00185239870977,0.999109722738697,1.00460260365519
34.8,10,1.00176622937707,0.999016830578922,1.00452319480825
35,10,1.00166839945429,0.998909150234231,1.0044352704448
35.2,10,1.00155888831333,0.998785276967791,1.0043402019349
35.4,10,1.0014380199183,0.998644000768177,1.00423985621148
35.6,10,1.00130613074041,0.998484064481225,1.0041361731489
35.8,10,1.00116355744704,0.998304212743382,1.00403109189088
36,10,1.00101063686546,0.99810325714398,1.00392648550714
36.2,10,1.00084770594775,0.997880141359696,1.00382409568345
36.4,10,1.00067510173672,0.997634000063562,1.00372547364263
36.6,10,1.00049316133303,0.997364205333571,1.00363193357174
36.8,10,1.00030222186343,0.997070395683232,1.00354452343283
37,10,1.00010262045003,0.996752485434838,1.00346401543676
37.2,10,0.999894694180845,0.996410655229456,1.00339091538596
37.4,10,0.999678780081344,0.996045327138742,1.00332548742104
37.6,10,0.999455215087173,0.995657129456867,1.00326778909307
37.8,10,0.999224336018007,0.995246856597772,1.00321771133626
38,10,0.998986479552524,0.994815428823818,1.00317501861492
38.2,10,0.998741982204504,0.994363855240558,1.00313938581011
38.4,10,0.998491180300065,0.993893202069824,1.00311042983366
38.6,10,0.998234409956019,0.993404566983704,1.00308773518714
38.8,10,0.997972007059361,0.99289905939492,1.00307087357
39,10,0.997704307247885,0.992377786066412,1.00305941817441
39.2,10,0.997431645891924,0.991841841159561,1.00305295354708
39.4,10,0.997154358077216,0.991292299796578,1.00305108194266
39.6,10,0.996872778588897,0.990730214285662,1.00305342702006
39.8,10,0.996587241896615,0.990156612285339,1.00305963560529
40,10,0.996298082140761,0.989572496326513,1.00306937810228
0,11,1.00696267683149,0.999145722082769,1.01484078860685
0.2,11,1.00673263124918,0.999223166844233,1.01429853155105
0.4,11,1.00650367128779,0.999297712899954,1.01376159200439
0.6,11,1.00627599260777,0.999368991672412,1.01323073032736
0.8,11,1.00604979069625,0.999436615260197,1.01270672487466
1,11,1.00582526086974,0.999500174641862,1.01219037381978
1.2,11,1.00560259827721,0.999559237941939,1.01168249692132
1.4,11,1.00538199790351,0.999613348895849,1.01118393709424
1.6,11,1.00516365457321,0.999662025715641,1.01069556158411
1.8,11,1.00494776295479,0.999704760645127,1.01021826245593
2,11,1.00473451756522,0.999741020603912,1.00975295599776
2.2,11,1.0045241127749,0.999770249455149,1.00930058050449
2.4,11,1.00431674281303,0.99979187258585,1.00886209175296
2.6,11,1.00411260177326,0.999805304644808,1.00843845532312
2.8,11,1.00391188361983,0.999809961408736,1.00803063479491
3,11,1.00371478219399,0.999805276786406,1.00763957481088
3.2,11,1.00352149122083,0.999790725842312,1.00726617812307
3.4,11,1.00333220431651,0.999765854325702,1.00691127613834
3.6,11,1.00314711499585,0.999730314433372,1.00657559323371
3.8,11,1.00296641668023,0.999683905375531,1.00625970627235
4,11,1.00279030270598,0.999626615836159,1.00596400222898
4.2,11,1.00261896633307,0.999558663890897,1.00568863836141
4.4,11,1.00245260075416,0.9994805288243,1.00543351048655
4.6,11,1.00229139910408,0.999392969113038,1.00519823509424
4.8,11,1.00213555446965,0.999297022003825,1.00498214987011
5,11,1.00198525989988,0.999193982598724,1.00478433471495
5.2,11,1.00184070841654,0.999085363621266,1.00460365208696
5.4,11,1.00170209302509,0.998972840150576,1.00443880237985
5.6,11,1.00156960672605,0.998858185660415,1.00428838799987
5.8,11,1.00144344252666,0.998743206179302,1.00415097932551
6,11,1.00132379345296,0.998629678377492,1.00402517674425
6.2,11,1.00121085256224,0.998519295426041,1.00390966492109
6.4,11,1.0011048034181,0.998413609794913,1.00380325107212
6.6,11,1.0010056256166,0.998313732714819,1.00370477704559
6.8,11,1.00091310305631,0.998220285943539,1.00361318436127
7,11,1.00082701194882,0.998133650191345,1.00352764146803
7.2,11,1.00074712870896,0.998054005639688,1.00344751883174
7.4,11,1.00067322994074,0.997981361588302,1.00337235910536
7.6,11,1.0006050924238,0.997915584205825,1.00330184920525
7.8,11,1.00054249310033,0.997856422063332,1.00323579461403
8,11,1.0004852090625,0.997803529477553,1.00317409588333
8.2,11,1.00043301754043,0.997756487873545,1.00311672712661
8.4,11,1.0003856958906,0.997714825445785,1.00306371622309
8.6,11,1.00034302158479,0.997678035389801,1.00301512646053
8.8,11,1.00030477219952,0.997645592921448,1.00297103939989
9,11,1.00027072540597,0.997616971217379,1.00293153882821
9.2,11,1.00024065896039,0.997591656313917,1.00289669576254
9.4,11,1.00021435069504,0.997569160905289,1.00286655456392
9.6,11,1.00019157850961,0.997549036898081,1.00284112030451
9.8,11,1.0001721203631,0.99753088651755,1.00282034759233
10,11,1.00015575426621,0.997514371731848,1.00280413108746
10.2,11,1.00014225827428,0.997499221767589,1.00279229793629
10.4,11,1.00013141048066,0.997485238535179,1.00278460230543
10.6,11,1.00012298901056,0.997472299860002,1.00278072211911
10.8,11,1.00011677201546,0.997460360515943,1.00278025800368
11,11,1.00011253766795,0.997449451167068,1.00278273433336
11.2,11,1.00011006415709,0.99743967542688,1.00278760216775
11.4,11,1.00010912968428,0.997431205328902,1.0027942437875
11.6,11,1.00010951245959,0.9974242755581,1.0028019784785
11.8,11,1.00011099069856,0.997419176815363,1.00281006919241
12,11,1.00011334261958,0.997416248677824,1.00281772972078
12.2,11,1.00011634644168,0.997415872281316,1.00282413205646
12.4,11,1.00011978038281,0.997418463095162,1.00282841367208
12.6,11,1.00012342265871,0.997424463992145,1.00282968451278
12.8,11,1.00012705148213,0.997434338745154,1.00282703357169
13,11,1.00013044506266,0.997448566011912,1.00281953498672
13.2,11,1.00013338160698,0.99746763380323,1.0028062536633
13.4,11,1.00013563931965,0.997492034368226,1.00278625048957
13.6,11,1.00013701760115,0.997522214709772,1.00275867466986
13.8,11,1.00013748747156,0.997558244323199,1.00272339939867
14,11,1.00013710314434,0.997599973772266,1.00268068502805
14.2,11,1.0001359193823,0.997647209625039,1.00263083742261
14.4,11,1.00013399095004,0.997699723113524,1.00257419810855
14.6,11,1.00013137261347,0.997757256292117,1.00251113803262
14.8,11,1.00012811913943,0.99781952710655,1.00244205241592
15,11,1.00012428529533,0.997886233599561,1.00236735647651
15.2,11,1.00011992584882,0.99795705743381,1.00228748184005
15.4,11,1.00011509556748,0.998031666876923,1.00220287349389
15.6,11,1.00010984921856,0.998109719366085,1.00211398716688
15.8,11,1.00010424156872,0.998190863748561,1.00202128703885
16,11,1.00009832738384,0.998274742278729,1.00192524369879
16.2,11,1.00009216142881,0.998360992440588,1.00182633228318
16.4,11,1.00008579846739,0.998449248656615,1.00172503073326
16.6,11,1.00007929326208,0.998539143938684,1.00162181811573
16.8,11,1.00007270057407,0.998630311534265,1.00151717295355
17,11,1.0000660751631,0.998722386621081,1.00141157151371
17.2,11,1.0000594717875,0.998815008105709,1.0013054859965
17.4,11,1.00005294520412,0.998907820586336,1.00119938256605
17.6,11,1.00004655016844,0.999000476547162,1.00109371915457
17.8,11,1.00004034143453,0.999092638861912,1.00098894296299
18,11,1.00003437375523,0.999183983696752,1.00088548756755
18.2,11,1.00002870188219,0.999274203918697,1.00078376952633
18.4,11,1.00002338056608,0.99936301313423,1.00068418436103
18.6,11,1.00001846455672,0.999450150503605,1.00058710176838
18.8,11,1.0000140086033,0.999535386497786,1.00049285989441
19,11,1.00001006745464,0.999618529784174,1.00040175848535
19.2,11,1.00000669585942,0.999699435438921,1.00031405071727
19.4,11,1.00000394856652,0.999778014678972,1.00022993351152
19.6,11,1.00000188032529,0.999854246272513,1.00014953617705
19.8,11,1.00000054588596,0.999928189702605,1.0000729073051
20,11,1,1,1
20.2,11,1.00000029742055,0.999930655792994,1.00006994389839
20.4,11,1.00000149290284,0.999864587976456,1.00013841657473
20.6,11,1.00000364120461,0.999801365616281,1.00020595771649
20.8,11,1.00000679203195,0.999740367022869,1.00027328804175
21,11,1.00001097650859,0.999680775276534,1.00034128680833
21.2,11,1.00001622149126,0.999621832898251,1.00041076568548
21.4,11,1.00002255384053,0.999562905225939,1.00048241382436
21.6,11,1.00003000042117,0.999503488366762,1.00055678982823
21.8,11,1.00003858810239,0.999443210046379,1.00063432083091
22,11,1.00004834375819,0.999381824618217,1.00071530742072
22.2,11,1.00005929426763,0.999319203765585,1.00079993287678
22.4,11,1.00007146651518,0.999255324509252,1.00088827510527
22.6,11,1.00008488739101,0.999190255972446,1.00098031982357
22.8,11,1.00009958379137,0.999124146046726,1.0010759738489
23,11,1.00011558261888,0.99905720874962,1.00117507770046
23.2,11,1.0001329107829,0.998989712742276,1.00127741704696
23.4,11,1.00015159519988,0.998921971219684,1.00138273278692
23.6,11,1.00017166279373,0.99885433320587,1.00149072972925
23.8,11,1.00019314049617,0.998787176173259,1.00160108395509
24,11,1.00021605524712,0.998720899843995,1.00171344900299
24.2,11,1.00024043399507,0.998655921005495,1.00182746104516
24.4,11,1.00026630369751,0.99859266916952,1.00194274322559
24.6,11,1.00029369132125,0.998531582913621,1.00205890932109
24.8,11,1.0003226238429,0.998473106759136,1.00217556687115
25,11,1.00035312824924,0.998417688456584,1.0022923199057
25.2,11,1.00038523153766,0.998365776564941,1.00240877138436
25.4,11,1.00041896071657,0.998317818224301,1.00252452544762
25.6,11,1.00045434280586,0.99827425703134,1.0026391895706
25.8,11,1.00049140483729,0.998235530933383,1.00275237670347
26,11,1.00053017385501,0.998202070059612,1.00286370748015
26.2,11,1.00057067691596,0.998174294406942,1.00297281257768
26.4,11,1.00061294109036,0.998152611293064,1.00307933531372
26.6,11,1.00065699346216,0.998137412479765,1.00318293457918
26.8,11,1.00070286112954,0.998129070855386,1.00328328821707
27,11,1.00075057120539,0.99812793654524,1.00338009697871
27.2,11,1.00080015081781,0.99813433229213,1.00347308921521
27.4,11,1.00085162711057,0.99814854791427,1.003562026497
27.6,11,1.00090502724369,0.998170833603437,1.00364671039838
27.8,11,1.00096037712924,0.998201387387569,1.00372699261106
28,11,1.00101759118495,0.998239968656528,1.00380294250319
28.2,11,1.00107638660008,0.99828562788316,1.00387494702625
28.4,11,1.0011364603328,0.998337344194087,1.00394342457136
28.6,11,1.00119750927422,0.998394102730641,1.00400878754724
28.8,11,1.00125923024502,0.998454901387087,1.00407143553316
29,11,1.00132131999292,0.998518757805005,1.00413174818711
29.2,11,1.00138347519111,0.998584716674549,1.0041900778586
29.4,11,1.00144539243761,0.998651857308339,1.00424674194028
29.6,11,1.00150676825551,0.998719301370418,1.00430201507599
29.8,11,1.00156729909418,0.998786220562475,1.00435612142294
30,11,1.00162668133132,0.998851843996978,1.00440922723855
30.2,11,1.00168461127605,0.998915464928533,1.00446143412049
30.4,11,1.00174078517277,0.998976446478437,1.0045127732651
30.6,11,1.00179489920611,0.999034225979722,1.00456320111675
30.8,11,1.00184664950664,0.999088317595172,1.00461259675581
31,11,1.00189573215761,0.999138312918808,1.00466076131464
31.2,11,1.00194184320258,0.999183879356923,1.0047074196256
31.4,11,1.00198467865397,0.999224756187906,1.00475222420179
31.6,11,1.00202393450249,0.999260748307236,1.00479476154419
31.8,11,1.00205930672758,0.999291717760555,1.00483456067227
32,11,1.00209049130873,0.999317573240528,1.00487110370236
32.2,11,1.00211718423766,0.999338257763064,1.00490383825825
32.4,11,1.00213908153152,0.999353734741444,1.00493219149541
32.6,11,1.00215587924696,0.99936397264463,1.00495558555259
32.8,11,1.00216727349513,0.999368928365026,1.00497345430557
33,11,1.00217296045758,0.999368529341469,1.00498526137712
33.2,11,1.00217263640312,0.999362654398108,1.00499051944269
33.4,11,1.00216599770556,0.999351113184071,1.00498881094676
33.6,11,1.00215274086239,0.999333624049861,1.00497981039402
33.8,11,1.00213256251436,0.999309790195447,1.00496330838025
34,11,1.00210515946597,0.999279073999145,1.00493923745388
34.2,11,1.00207022870693,0.999240769619961,1.00490769971553
34.4,11,1.00202746743444,0.999193974301454,1.0048689957273
34.6,11,1.00197657307642,0.999137559337657,1.00482365377147
34.8,11,1.0019172433157,0.999070142426429,1.00477245773287
35,11,1.00184919064508,0.998990077859425,1.00471648622064
35.2,11,1.0017724060706,0.99889571608835,1.00465738054653
35.4,11,1.00168713108447,0.998785492985188,1.00459719892538
35.6,11,1.00159361623793,0.998657801609406,1.00453806145795
35.8,11,1.00149211219695,0.998511061614368,1.00448206269353
36,11,1.00138286972201,0.998343800992752,1.00443118971194
36.2,11,1.00126613964852,0.998154734987954,1.00438724304478
36.4,11,1.00114217286782,0.997942833592761,1.00435176901478
36.6,11,1.00101122030887,0.997707369802639,1.00432601132581
36.8,11,1.00087353292046,0.997447943575754,1.00431088695166
37,11,1.00072936165416,0.997164480525861,1.00430698729723
37.2,11,1.00057895744782,0.996857208479646,1.00431460150074
37.4,11,1.00042257120972,0.996526617978571,1.00433375579676
37.6,11,1.00026045380331,0.996173413980067,1.00436426168549
37.8,11,1.00009285603265,0.995798465510222,1.00440576615578
38,11,0.999920028628411,0.995402758427224,1.004457798803
38.2,11,0.999742222234507,0.994987354483462,1.00451981265356
38.4,11,0.999559687395398,0.99455335807708,1.00459121730556
38.6,11,0.999372674543972,0.994101890747476,1.0046714043308
38.8,11,0.999181433990077,0.993634072649042,1.0047597657041
39,11,0.998986215909669,0.993151009851244,1.00485570641166
39.2,11,0.998787270334596,0.992653786229261,1.00495865247426
39.4,11,0.998584847142991,0.99214345880264,1.005068055528
39.6,11,0.998379196050306,0.991621055554989,1.00518339492921
39.8,11,0.998170566600959,0.991087574964392,1.00530417815426
40,11,0.997959208160609,0.990543986658204,1.00542994008019
0,12,1.01031109447677,1.00005645915143,1.020670881411
0.2,12,1.0099726287842,1.00010342374358,1.0199392249604
0.4,12,1.00963605064702,1.00014677752679,1.01921535685677
0.6,12,1.00930169547241,1.00018612642953,1.01850034265122
0.8,12,1.00896989823396,1.00022105400465,1.01779526782239
1,12,1.0086409934797,1.0002511202581,1.01710123900207
1.2,12,1.00831531534109,1.00027586086733,1.01641938481834
1.4,12,1.00799319754327,1.00029478701814,1.01575085612745
1.6,12,1.00767497341627,1.00030738616571,1.01509682532853
1.8,12,1.00736097590749,1.00031312411706,1.01445848436408
2,12,1.0070515375951,1.00031144893573,1.01383704090525
2.2,12,1.00674699070268,1.0003017972756,1.01323371211504
2.4,12,1.00644766711492,1.0002836038436,1.01264971528959
2.6,12,1.00615389839436,1.00025631474296,1.01208625462596
2.8,12,1.0058660157993,1.00021940541831,1.01154450339505
3,12,1.00558435030277,1.00017240375945,1.01102558096279
3.2,12,1.00530923261259,1.00011491856331,1.01053052446007
3.4,12,1.00504099319254,1.00004667295639,1.01006025549918
3.6,12,1.00477996228456,0.999967541534256,1.00961554318009
3.8,12,1.00452646993218,0.999877588942445,1.00919696566225
4,12,1.00428084600484,0.999777106568125,1.00880487363257
4.2,12,1.00404342022349,0.999666643195706,1.00843935981641
4.4,12,1.00381452218717,0.999547025214316,1.00810023894355
4.6,12,1.00359448140069,0.999419362506044,1.00778704204045
4.8,12,1.00338362730343,0.9992850375605,1.00749902750308
5,12,1.00318228929922,0.999145677448705,1.00723520931741
5.2,12,1.00299079678733,0.999003110588448,1.00699440049543
5.4,12,1.00280947919449,0.998859312175428,1.00677526785245
5.6,12,1.0026386660081,0.998716343272628,1.00657639313317
5.8,12,1.00247868681046,0.998576288646258,1.00639633539829
6,12,1.00232987131411,0.998441197623577,1.00623369039639
6.2,12,1.00219254939836,0.99831303086138,1.00608714403233
6.4,12,1.00206703224797,0.998193593128436,1.00595550204964
6.6,12,1.00195322702877,0.998084049784099,1.00583740354384
6.8,12,1.00185065330527,0.997984879101778,1.00573140189415
7,12,1.00175881556908,0.997896291828378,1.00563628985101
7.2,12,1.00167721884821,0.997818280027374,1.00555108163778
7.4,12,1.00160536865535,0.997750648298653,1.00547498137925
7.6,12,1.00154277093872,0.997693043549955,1.00540735299752
7.8,12,1.00148893203525,0.997644982897127,1.00534769199809
8,12,1.00144335862631,0.997605879588222,1.00529559925079
8.2,12,1.00140555769583,0.997575067026684,1.00525075669045
8.4,12,1.00137503649086,0.99755182104865,1.00521290478219
8.6,12,1.00135130248456,0.997535380619788,1.00518182158565
8.8,12,1.00133386334166,0.99752496708243,1.00515730328771
9,12,1.00132222688628,0.997519802022967,1.00513914613337
9.2,12,1.00131590107223,0.997519123757964,1.00512712975653
9.4,12,1.00131439395571,0.997522202367581,1.00512100198189
9.6,12,1.00131721367041,0.997528353147458,1.00512046522698
9.8,12,1.00132386840509,0.997536948313339,1.00512516466989
10,12,1.00133386638349,0.997547426782428,1.0051346783587
10.2,12,1.00134671584671,0.997559301874084,1.0051485094202
10.4,12,1.00136192503802,0.9975721668188,1.00516608047865
10.6,12,1.00137900219006,0.99758569803329,1.00518673032709
10.8,12,1.00139745551442,0.997599656202756,1.00520971280982
11,12,1.00141679319372,0.997613885298637,1.00523419778804
11.2,12,1.00143652337603,0.997628309740936,1.0052592739794
11.4,12,1.00145615417175,0.997642929979256,1.00528395339737
11.6,12,1.00147519365289,0.997657816809573,1.00530717707344
11.8,12,1.00149314985473,0.997673104761405,1.00532782172756
12,12,1.00150953078,0.997688984882783,1.0053447070592
12.2,12,1.00152384440534,0.997705697221547,1.00535660336087
12.4,12,1.0015355986903,0.997723523255829,1.00536223920095
12.6,12,1.00154430158868,0.997742778469867,1.00536030897973
12.8,12,1.00154946106231,0.997763805208413,1.00534948022561
13,12,1.00155058509725,0.997786965877944,1.00532840056297
13.2,12,1.00154718172243,0.997812636497278,1.00529570434927
13.4,12,1.00153875903062,0.99784120053368,1.00525001904522
13.6,12,1.00152488757331,0.997873021485365,1.00519011821329
13.8,12,1.00150564298638,0.997908272067883,1.00511598210836
14,12,1.00148134576513,0.99794698940605,1.00502821949738
14.2,12,1.00145231806357,0.99798915891301,1.00492749485099
14.4,12,1.00141888206859,0.998034723537295,1.00481451568056
14.6,12,1.00138135998526,0.998083590973385,1.0046900251591
14.8,12,1.00134007402316,0.998135639660643,1.00455479596502
15,12,1.00129534638378,0.998190723814809,1.0044096251047
15.2,12,1.00124749924892,0.99824867768913,1.00425532951661
15.4,12,1.00119685477014,0.998309319225373,1.00409274229697
15.6,12,1.00114373505928,0.998372453226171,1.00392270941533
15.8,12,1.00108846217993,0.99843787415809,1.0037460868107
16,12,1.00103135814003,0.998505368678091,1.00356373777569
16.2,12,1.00097274488547,0.998574717963802,1.00337653054808
16.4,12,1.00091294429468,0.998645699919451,1.00318533603804
16.6,12,1.00085227817433,0.99871809132405,1.0029910256244
16.8,12,1.00079106825603,0.998791669985918,1.00279446895585
17,12,1.00072963619406,0.998866216967937,1.00259653169273
17.2,12,1.00066830356411,0.998941518950703,1.00239807312212
17.4,12,1.00060739186314,0.999017370806241,1.00219994357369
17.6,12,1.00054722251017,0.999093578463016,1.00200298155541
17.8,12,1.00048811684816,0.999169962153903,1.00180801051764
18,12,1.00043039614694,0.999246360152484,1.00161583513999
18.2,12,1.00037438160709,0.999322633119531,1.00142723701933
18.4,12,1.00032039436494,0.999398669200359,1.00124296961798
18.6,12,1.00026875549856,0.999474390033999,1.00106375231145
18.8,12,1.00021978603477,0.999549757854908,1.00089026335462
19,12,1.00017380695724,0.999624783883865,1.0007231315701
19.2,12,1.00013113921552,0.99969953821112,1.00056292655533
19.4,12,1.00009210373518,0.999774161362874,1.00041014721768
19.6,12,1.00005702142899,0.999848877698716,1.00026520848962
19.8,12,1.00002621320904,0.999924010694542,1.00012842616968
20,12,1,1,1
20.2,12,0.999978702753333,0.999879995354089,1.0000774198969
20.4,12,0.999962642462572,0.999768324287958,1.00015699840549
20.6,12,0.999952140177718,0.999664727202298,1.00023963578706
20.8,12,0.999947423554856,0.99956862588411,1.0003263647752
21,12,0.999948376663339,0.999478873247019,1.00041810062805
21.2,12,0.999954804698185,0.999394316278346,1.00051560745568
21.4,12,0.999966512941505,0.999313946982762,1.00061950503493
21.6,12,0.999983306752026,0.999236910685614,1.00073026035097
21.8,12,1.000004991555,0.999162507086236,1.00084818639878
22,12,1.00003137283249,0.999090185313305,1.00097344699229
22.2,12,1.00006225611403,0.999019534415821,1.00110606614785
22.4,12,1.00009744696769,0.998950270812579,1.00124594051883
22.6,12,1.00013675099149,0.998882224116236,1.00139285346559
22.8,12,1.00017997380521,0.998815322501734,1.00154648959067
23,12,1.00022692104258,0.998749578483488,1.00170644887521
23.2,12,1.00027739834382,0.998685075666769,1.00187225985075
23.4,12,1.00033121134863,0.998621956784831,1.00204339149518
23.6,12,1.00038816568946,0.998560413139972,1.00221926373447
23.8,12,1.00044806698524,0.998500675433088,1.00239925656572
24,12,1.00051072083543,0.998443005882926,1.00258271790029
24.2,12,1.00057593281452,0.998387691491158,1.00276897027082
24.4,12,1.00064350846682,0.998335038290727,1.0029573165649
24.6,12,1.00071325330168,0.998285366413005,1.00314704494961
24.8,12,1.00078497278911,0.998239005816876,1.00333743314398
25,12,1.00085847235569,0.99819629253481,1.00352775218432
25.2,12,1.00093355738099,0.998157565303931,1.00371726981432
25.4,12,1.00101003319422,0.998123162461946,1.00390525362014
25.6,12,1.00108770507139,0.998093418997314,1.00409097402114
25.8,12,1.00116637823276,0.99806866364943,1.00427370722038
26,12,1.00124585784071,0.998049215957494,1.00445273821635
26.2,12,1.00132594899799,0.998035383155659,1.00462736397829
26.4,12,1.00140645674633,0.998027456806804,1.00479689689274
26.6,12,1.00148718606541,0.998025709057223,1.00496066859909
26.8,12,1.00156794187232,0.998030388379286,1.005118034347
27,12,1.00164852902122,0.998041714647668,1.00526837803024
27.2,12,1.00172875230355,0.998059873366296,1.00541111807963
27.4,12,1.0018084164485,0.998085008826278,1.00554571443496
27.6,12,1.00188732612395,0.998117215928581,1.00567167686208
27.8,12,1.00196528624928,0.998156526747059,1.00578857919246
28,12,1.00204212915605,0.998202591600191,1.00589643530574
28.2,12,1.00211773571314,0.998254468382043,1.00599595397603
28.4,12,1.00219199172759,0.998311156614452,1.00608791320041
28.6,12,1.00226478297785,0.998371664406772,1.00617308264106
28.8,12,1.00233599521538,0.998435016899976,1.00625221501526
29,12,1.00240551416635,0.998500264807709,1.00632603740432
29.2,12,1.00247322553357,0.998566493110926,1.00639524242482
29.4,12,1.00253901499842,0.998632829866501,1.00646047930185
29.6,12,1.00260276822301,0.998698455001215,1.00652234497272
29.8,12,1.00266437085243,0.998762608881353,1.00658137543106
30,12,1.00272370851711,0.998824600378595,1.00663803759059
30.2,12,1.00278066683535,0.998883814100131,1.00669272200056
30.4,12,1.00283513141598,0.998939716420924,1.00674573677512
30.6,12,1.0028869878611,0.998991859953581,1.00679730310099
30.8,12,1.002936121769,0.999039886118933,1.00684755266048
31,12,1.00298241873723,0.999083525537058,1.00689652725003
31.2,12,1.00302576436569,0.999122596039008,1.0069441807941
31.4,12,1.00306604426,0.999156998195056,1.00699038385855
31.6,12,1.00310314403488,0.999186708354238,1.00703493066876
31.8,12,1.00313694931772,0.999211769280145,1.00707754854751
32,12,1.00316734575227,0.999232278538121,1.00711790961752
32.2,12,1.00319421900246,0.999248374831225,1.00715564457128
32.4,12,1.0032174547563,0.999260222492589,1.00719035830045
32.6,12,1.00323693873002,0.999267994321009,1.00722164719813
32.8,12,1.00325255667223,0.999271852899613,1.00724911799401
33,12,1.00326419436829,0.99927193047288,1.00727240804726
33.2,12,1.00327173764472,0.99926830738642,1.00729120709261
33.4,12,1.00327507237384,0.999260989030169,1.00730528049898
33.6,12,1.00327408447846,0.999249881184944,1.00731449414082
33.8,12,1.00326865993675,0.999234763673234,1.00731884098103
34,12,1.00325868478721,0.999215262280595,1.00731846939936
34.2,12,1.00324404513378,0.999190819071567,1.00731371314201
34.4,12,1.00322462715105,0.999160661505998,1.00730512248688
34.6,12,1.00320031708967,0.999123771201373,1.00729349577848
34.8,12,1.00317100128177,0.999078853810295,1.00727990986361
35,12,1.00313657295737,0.999024318332914,1.00726575473544
35.2,12,1.00309705585011,0.998958394976343,1.00725286309745
35.4,12,1.00305259107939,0.998879243722526,1.00724337480634
35.6,12,1.00300332399621,0.998784954363921,1.00723950991846
35.8,12,1.0029493999935,0.998673617189344,1.0072434893978
36,12,1.00289096449931,0.99854340144018,1.00725745643477
36.2,12,1.00282816297018,0.998392633248477,1.00728339828993
36.4,12,1.00276114088472,0.998219866524695,1.00732307519504
36.6,12,1.00269004373738,0.998023940150024,1.00737796295642
36.8,12,1.00261501703247,0.997804016137547,1.00744921459651
37,12,1.00253620627835,0.997559595936984,1.00753764385869
37.2,12,1.00245375698187,0.997290515136816,1.00764373032185
37.4,12,1.00236781464299,0.996996919658725,1.00776764302953
37.6,12,1.00227852474963,0.996679228476416,1.00790927760172
37.8,12,1.0021860327727,0.99633808862322,1.00806830106492
38,12,1.00209048416137,0.995974327878529,1.00824419901036
38.2,12,1.00199202433856,0.995588909407417,1.00843632080601
38.4,12,1.00189079869659,0.995182891209664,1.00864392000627
38.6,12,1.00178695259311,0.9947573918742,1.00886618846327
38.8,12,1.00168063134718,0.994313563045821,1.00910228373284
39,12,1.00157198023558,0.993852568265458,1.00935135011401
39.2,12,1.00146114448935,0.993375567419022,1.00961253408688
39.4,12,1.00134826929052,0.992883705851696,1.00988499509216
39.6,12,1.00123349976907,0.992378107193126,1.01016791260665
39.8,12,1.00111698100004,0.991859869024036,1.0104604903844
40,12,1.00099885800096,0.991330060644157,1.01076195860352
0,13,1.01434587524796,1.00048456682668,1.02839922648281
0.2,13,1.0138938199085,1.00052972307237,1.0274364212709
0.4,13,1.01344451458426,1.00056993078361,1.02648475887794
0.6,13,1.01299844015249,1.00060470966197,1.02554568236846
0.8,13,1.01255607666524,1.00063355444518,1.02462065542084
1,13,1.01211790336591,1.00065593487027,1.02371116246525
1.2,13,1.01168439870801,1.00067129646082,1.02281870801044
1.4,13,1.01125604037627,1.00067906245927,1.0219448148383
1.6,13,1.01083330530994,1.00067863730309,1.02109102066734
1.8,13,1.01041666972831,1.00066941212444,1.02025887280533
2,13,1.01000660915863,1.00065077282931,1.01944992023518
2.2,13,1.00960359846607,1.00062211136634,1.0186657025236
2.4,13,1.00920811188611,1.00058284080685,1.01790773493121
2.6,13,1.00882062305902,1.00053241479359,1.01717748916626
2.8,13,1.00844160506665,1.00047035174027,1.0164763694001
3,13,1.00807153047139,1.00039626383927,1.01580568348685
3.2,13,1.00771087135746,1.00030989043438,1.01516660983033
3.4,13,1.00736009937428,1.00021113464043,1.01456016101658
3.6,13,1.00701968578216,1.00010010128806,1.01398714613339
3.8,13,1.00669010150016,0.999977133450669,1.01344813452016
4,13,1.00637181715621,0.999842844140555,1.01294342436072
4.2,13,1.00606530313943,0.999698139449718,1.01247301984395
4.4,13,1.00577102965463,0.999544229641721,1.0120366203856
4.6,13,1.00548946677909,0.99938262556491,1.01163362454117
4.8,13,1.00522108452155,0.999215119186895,1.01126314980996
5,13,1.00496635288337,0.999043748806335,1.01092406777421
5.2,13,1.00472574192202,0.99887075122243,1.01061505229314
5.4,13,1.00449972181671,0.998698504466054,1.01033463714789
5.6,13,1.00428876293632,0.998529465358352,1.01008127887163
5.8,13,1.00409333590955,0.998366106086132,1.00985342057575
6,13,1.00391391169732,0.998210853278753,1.00964955328728
6.2,13,1.00375096166744,0.998066031973491,1.00946827241092
6.4,13,1.00360492861158,0.997933785185381,1.00930830049646
6.6,13,1.00347563427721,0.997815395764448,1.00916798123423
6.8,13,1.00336230466195,0.997711237095189,1.00904538005168
7,13,1.00326414282339,0.997621373691066,1.00893882871725
7.2,13,1.00318035284132,0.9975456210799,1.00884691292352
7.4,13,1.00311013970089,0.997483580755759,1.00876843667779
7.6,13,1.00305270918217,0.997434673893803,1.00870238796692
7.8,13,1.00300726775589,0.997398173312791,1.00864790621151
8,13,1.00297302248566,0.997373233474627,1.00860425171979
8.2,13,1.00294918093639,0.997358918492109,1.00857077716997
8.4,13,1.00293495108903,0.997354228205579,1.00854690106013
8.6,13,1.00292954126155,0.997358122413382,1.00853208304068
8.8,13,1.00293216003625,0.997369543322436,1.00852580106287
9,13,1.00294201619324,0.997387436242276,1.00852753032015
9.2,13,1.0029583186503,0.997410768493318,1.00853672401129
9.4,13,1.0029802764088,0.99743854645008,1.00855279600469
9.6,13,1.00300709850608,0.997469830601906,1.00857510552125
9.8,13,1.00303799397385,0.997503748494401,1.00860294397254
10,13,1.00307217180306,0.997539505418178,1.00863552408775
10.2,13,1.00310884091477,0.99757639273862,1.00867197143569
10.4,13,1.00314721013747,0.997613793808887,1.00871131839961
10.6,13,1.00318648819051,0.997651187473356,1.00875250059771
10.8,13,1.00322588367381,0.997688149242777,1.00879435566813
11,13,1.0032646050638,0.997724350297423,1.00883562426213
11.2,13,1.00330186071566,0.997759554542217,1.00887495302147
11.4,13,1.0033368588717,0.997793613991251,1.00891089926274
11.6,13,1.00336880767611,0.997826462793537,1.00894193705673
11.8,13,1.00339691519585,0.997858110224933,1.00896646437799
12,13,1.00342038944788,0.997888632963245,1.00898281100756
12.2,13,1.00343843843257,0.997918166936762,1.00898924689863
12.4,13,1.00345027017337,0.997946898994611,1.00898399075685
12.6,13,1.0034550927628,0.997975058594223,1.00896521863981
12.8,13,1.00345211441459,0.998002909640722,1.00893107244107
13,13,1.00344054352213,0.998030742547683,1.00887966818907
13.2,13,1.00341958872311,0.998058866519336,1.00880910416095
13.4,13,1.00338845897044,0.998087601979711,1.00871746888561
13.6,13,1.00334647496104,0.998117273850286,1.00860307219546
13.8,13,1.00329385934808,0.998148193910508,1.0084660517813
14,13,1.00323127205205,0.998180614499088,1.00830748524229
14.2,13,1.00315937601405,0.998214725186838,1.00812852014033
14.4,13,1.00307883425746,0.998250663173606,1.007930357428
14.6,13,1.00299030982876,0.998288522006719,1.00771424235971
14.8,13,1.0028944657426,0.998328358899947,1.0074814568279
15,13,1.00279196493132,0.998370200928773,1.00723331284861
15.2,13,1.00268347019886,0.998414050326758,1.00697114697153
15.4,13,1.00256964417897,0.998459889067538,1.00669631543022
15.6,13,1.00245114929788,0.998507682885494,1.0064101898792
15.8,13,1.00232864774125,0.998557384863849,1.00611415358947
16,13,1.00220280142564,0.998608938700482,1.00580959799185
16.2,13,1.00207427197417,0.998662281748267,1.00549791947153
16.4,13,1.00194372069671,0.998717347917365,1.00518051632627
16.6,13,1.00181180857433,0.99877407052118,1.00485878580654
16.8,13,1.00167919624815,0.998832385145219,1.00453412115833
17,13,1.00154654401256,0.998892232618626,1.00420790858875
17.2,13,1.00141451181277,0.998953562171679,1.00388152407115
17.4,13,1.00128375924673,0.99901633486889,1.0035563299001
17.6,13,1.0011549455714,0.999080527416658,1.00323367089714
17.8,13,1.00102872971329,0.999146136456679,1.00291487015608
18,13,1.00090577028347,0.999213183471453,1.00260122420149
18.2,13,1.00078672559682,0.999281720446006,1.00229399741623
18.4,13,1.0006722536956,0.999351836449765,1.00199441557394
18.6,13,1.00056301237744,0.999423665323101,1.00170365829206
18.8,13,1.00045965922755,0.999497394672113,1.00142285020169
19,13,1.00036285165536,0.999573276388938,1.00115305061702
19.2,13,1.00027324693536,0.999651638917127,1.00089524148477
19.4,13,1.0001915022524,0.999732901463151,1.00065031341251
19.6,13,1.00011827475119,0.999817590302838,1.00041904962718
19.8,13,1.00005422159024,0.999906357227775,1.00020210781862
20,13,1,1,1
20.2,13,0.999956267345456,0.999813070789212,1.00009948441079
20.4,13,0.999923681192966,0.999641474901945,1.00020596715294
20.6,13,0.999902899377223,0.999485155143184,1.0003208182114
20.8,13,0.999894371051717,0.999343561438656,1.0004454842553
21,13,0.999897777208152,0.999215075972514,1.00058094489089
21.2,13,0.999912622659968,0.999097990455998,1.0007279190887
21.4,13,0.999938412595384,0.998990774606277,1.00088694950947
21.6,13,0.99997465252198,0.998892085170245,1.00105839312565
21.8,13,1.00002084821376,0.998800767178532,1.00124241963404
22,13,1.00007650566065,0.998715848749794,1.00143901633926
22.2,13,1.00014113102051,0.998636530863694,1.00164799808983
22.4,13,1.00021423057351,0.998562173614603,1.00186902075451
22.6,13,1.00029531067903,0.998492280388064,1.0021015967971
22.8,13,1.00038387773497,0.998426481197249,1.00234511171218
23,13,1.00047943813953,0.998364516141894,1.00259884035955
23.2,13,1.00058149825539,0.998306219666089,1.00286196252075
23.4,13,1.00068956437638,0.99825150603375,1.00313357725897
23.6,13,1.00080314269654,0.998200356231734,1.0034127158724
23.8,13,1.00092173928168,0.998152806355288,1.00369835338625
24,13,1.0010448600433,0.998108937424464,1.00398941863493
24.2,13,1.00117201071505,0.998068866514206,1.00428480305166
24.4,13,1.00130269683152,0.998032739045022,1.00458336831858
24.6,13,1.00143642370957,0.998000722066215,1.00488395304556
24.8,13,1.00157269643207,0.997972998361976,1.00518537864724
25,13,1.00171101983403,0.997949761216467,1.00548645458243
25.2,13,1.00185089849127,0.997931209683294,1.00578598311031
25.4,13,1.0019918367115,0.997917544214515,1.00608276370844
25.6,13,1.00213333852779,0.997908962512823,1.00637559728897
25.8,13,1.00227490769464,0.997905655476457,1.00666329034348
26,13,1.00241604768633,0.997907803108881,1.00694465914447
26.2,13,1.00255626169787,0.997915570263798,1.00721853413301
26.4,13,1.00269505264835,0.997929102089933,1.00748376462807
26.6,13,1.00283192318674,0.997948519028791,1.00773922400441
26.8,13,1.00296637570022,0.997973911201367,1.00798381550302
27,13,1.00309791232486,0.998005331995983,1.00821647886201
27.2,13,1.00322603495894,0.998042790637655,1.00843619798746
27.4,13,1.00335024527856,0.998086243478819,1.00864200992459
27.6,13,1.00347004475589,0.998135583700222,1.00883301544013
27.8,13,1.00358493704481,0.998190626340099,1.00900839908316
28,13,1.00369463419214,0.998250866116569,1.00916808880431
28.2,13,1.00379921706063,0.998315336345429,1.00931322147183
28.4,13,1.00389880435795,0.998383026504875,1.0094450552905
28.6,13,1.00399351491529,0.998452937898431,1.00956483749112
28.8,13,1.00408346768154,0.998524094519812,1.0096737931559
29,13,1.00416878171745,0.998595553810221,1.00977311417866
29.2,13,1.00424957619013,0.998666417382947,1.00986394828508
29.4,13,1.00432597036751,0.998735841676839,1.00994738815133
29.6,13,1.00439808361307,0.998803048400012,1.01002446075994
29.8,13,1.00446603538063,0.998867334537911,1.01009611721864
30,13,1.00452994520932,0.998928081628194,1.01016322333986
30.2,13,1.0045899327187,0.998984763953114,1.01022655133019
30.4,13,1.00464611760397,0.999036955272659,1.01028677296653
30.6,13,1.00469861963137,0.999084333722345,1.01034445463511
30.8,13,1.00474755863372,0.999126684529541,1.01040005457945
31,13,1.00479305450607,0.999163900259858,1.01045392264579
31.2,13,1.0048352272015,0.999195978385141,1.01050630273445
31.4,13,1.00487419672712,0.999223016058696,1.01055733807142
31.6,13,1.0049100831401,0.999245202080915,1.01060707931713
31.8,13,1.00494300654398,0.999262806128269,1.01065549543932
32,13,1.00497308708498,0.999276165390567,1.0107024872052
32.2,13,1.0050004449486,0.999285668807712,1.01074790310161
32.4,13,1.00502520035622,0.999291739114043,1.01079155747507
32.6,13,1.00504747356195,0.99929481288564,1.01083325069642
32.8,13,1.0050673848496,0.999295318747845,1.01087279119267
33,13,1.00508505452971,0.999293653844037,1.01091001924512
33.2,13,1.0051006029369,0.999290158602805,1.01094483251651
33.4,13,1.00511415042714,0.99928508978169,1.01097721332916
33.6,13,1.00512581737538,0.999278591726566,1.01100725775477
33.8,13,1.00513572417316,0.99927066578424,1.0110352065786
34,13,1.00514399122646,0.999261137862679,1.01106147814336
34.2,13,1.00515073895366,0.999249624273232,1.01108670293864
34.4,13,1.00515608778364,0.999235496240357,1.01111175955011
34.6,13,1.00516015815402,0.999217843855824,1.01113781119185
34.8,13,1.0051630705096,0.999195440810014,1.01116634148894
35,13,1.00516494285326,0.999166708807695,1.01119918571633
35.2,13,1.00516584632402,0.999129665909852,1.01123849395084
35.4,13,1.00516580990198,0.999082063629623,1.01128660214889
35.6,13,1.00516486106686,0.999021546641745,1.01134595276741
35.8,13,1.00516302730085,0.998945731147114,1.01141901902157
36,13,1.00516033608828,0.998852285656129,1.01150822374243
36.2,13,1.00515681491546,0.99873901284727,1.01161585717037
36.4,13,1.0051524912704,0.998603927156674,1.01174399902854
36.6,13,1.00514739264262,0.998445322195296,1.0118944507796
36.8,13,1.00514154652291,0.99826182257576,1.01206868348388
37,13,1.00513498040313,0.998052416268699,1.012267805139
37.2,13,1.00512772177599,0.997816465901014,1.0124925490885
37.4,13,1.00511979813492,0.997553699935411,1.01274328256031
37.6,13,1.00511123697379,0.997264186864648,1.01302003220146
37.8,13,1.00510206578683,0.996948296990981,1.01332252203856
38,13,1.00509231206838,0.996606656874798,1.01365021878021
38.2,13,1.00508200331276,0.996240101218415,1.01400237969513
38.4,13,1.00507116701414,0.995849626063253,1.01437809918803
38.6,13,1.00505983066633,0.995436346032772,1.01477635134067
38.8,13,1.0050480217627,0.995001457215146,1.0151960268242
39,13,1.00503576779601,0.994546206320001,1.01563596354849
39.2,13,1.0050230962583,0.994071866037454,1.01609497112009
39.4,13,1.00501003464077,0.993579716076507,1.01657184963192
39.6,13,1.00499661043367,0.993071029122956,1.01706540354438
39.8,13,1.00498285112619,0.992547060878006,1.01757445149683
40,13,1.00496878420637,0.992009043362805,1.01809783286407
0,14,1.01873590132603,1.0006696535105,1.0371283200302
0.2,14,1.01816708731926,1.00072987762766,1.03590813153068
0.4,14,1.01760193432819,1.00078355807356,1.0347029469007
0.6,14,1.01704107195792,1.00083009951841,1.03351462205928
0.8,14,1.01648512846119,1.00086887901584,1.0323450334461
1,14,1.01593473076694,1.00089924711151,1.03119607708478
1.2,14,1.01539050451284,1.00092053018502,1.03006966643423
1.4,14,1.0148530740816,1.00093203442421,1.0289677286284
1.6,14,1.01432306264116,1.0009330519077,1.02789219862891
1.8,14,1.01380109218874,1.00092286934138,1.02684501074432
2,14,1.01328778359865,1.0009007800468,1.02582808691813
2.2,14,1.012783756674,1.00086609981298,1.02484332117389
2.4,14,1.01228963020212,1.00081818717281,1.02389255965609
2.6,14,1.01180602201385,1.00075646851955,1.02297757585116
2.8,14,1.01133354904658,1.00068046820538,1.02210004084664
3,14,1.01087282741108,1.00058984333631,1.02126148891421
3.2,14,1.01042447246211,1.00048442238847,1.02046327929123
3.4,14,1.00998909887276,1.00036424604654,1.01970655576025
3.6,14,1.00956732071264,1.00022960787917,1.01899220641149
3.8,14,1.00915975152975,1.00008109174514,1.01832082669462
4,14,1.00876700443615,0.999919602337141,1.01769268935281
4.2,14,1.00838969219741,0.999746385192635,1.01710772490971
4.4,14,1.00802842732582,0.999563032964789,1.01656551591656
4.6,14,1.00768382217734,0.999371475777113,1.0160653071355
4.8,14,1.00735648905235,0.999173954970017,1.01560603235132
5,14,1.00704704030022,0.998972981236823,1.015186356814
5.2,14,1.00675608842761,0.998771279717672,1.01480473274379
5.4,14,1.00648424621063,0.998571725765269,1.01445946418505
5.6,14,1.00623212681077,0.998377275617584,1.01414877697391
5.8,14,1.0060003438947,0.998190896067955,1.01387088972944
6,14,1.00578951175791,0.998015496522651,1.01362408247862
6.2,14,1.00560024545223,0.997853865788113,1.01340676057301
6.4,14,1.00543312126995,0.997708574628098,1.01321747357283
6.6,14,1.00528786846828,0.997581090440305,1.01305418494194
6.8,14,1.00516340384836,0.997471723419267,1.01291439618218
7,14,1.00505861323491,0.997380418084772,1.01279591790805
7.2,14,1.00497238411389,0.997306826863251,1.01269686081277
7.4,14,1.00490360542147,0.99725035090327,1.01261559374174
7.6,14,1.00485116734538,0.997210179640824,1.01255070308153
7.8,14,1.00481396113859,0.997185328498322,1.0125009540799
8,14,1.00479087894537,0.997174674423708,1.01246525439015
8.2,14,1.00478081363953,0.997176989173978,1.01244261993492
8.4,14,1.00478265867499,0.997190970350172,1.01243214308234
8.6,14,1.00479530794853,0.997215270225846,1.01243296309203
8.8,14,1.00481765567475,0.997248522401347,1.01244423879865
9,14,1.00484859627328,0.997289366281206,1.01246512353534
9.2,14,1.00488702426805,0.997336469327286,1.01249474234449
9.4,14,1.00493183419887,0.99738854699847,1.01253217156488
9.6,14,1.00498192054506,0.997444380258214,1.0125764209138
9.8,14,1.00503617766137,0.997502830520734,1.01262641819359
10,14,1.00509349972591,0.997562851918282,1.01268099673988
10.2,14,1.0051527807004,0.997623500806306,1.01273888569503
10.4,14,1.0052129143025,0.997683942477287,1.01279870313591
10.6,14,1.0052727939903,0.997743455122503,1.01285895201687
10.8,14,1.0053313129591,0.997801431156559,1.0129180188132
11,14,1.00538736415024,0.997857376094298,1.01297417467548
11.2,14,1.00543984027218,0.997910905236036,1.01302557883906
11.4,14,1.0054876338338,0.997961738468444,1.0130702839813
11.6,14,1.00552963718986,0.99800969352058,1.01310624318732
11.8,14,1.00556474259863,0.998054678025511,1.01313131817374
12,14,1.00559184229181,0.998096680727873,1.01314328843014
12.2,14,1.00560982855656,0.998135762148764,1.01313986096696
12.4,14,1.00561759382976,0.99817204497473,1.01311868040299
12.6,14,1.00561403080448,0.998205704380942,1.01307733918229
12.8,14,1.00559803254858,0.998236958433184,1.01301338777596
13,14,1.00556849263553,0.998266058641067,1.01292434479621
13.2,14,1.00552430528736,0.998293280656276,1.01280770702869
13.4,14,1.0054643655297,0.99831891502246,1.01266095947636
13.6,14,1.00538773373469,0.998343279911694,1.0124818942374
13.8,14,1.00529480209681,0.998366848793414,1.01227083045101
14,14,1.00518660846773,0.998390105345404,1.01202937852964
14.2,14,1.00506419522372,0.998413456916539,1.01175923613893
14.4,14,1.00492860486955,0.998437246562232,1.01146216686349
14.6,14,1.0047808798967,0.998461763645067,1.01113998889684
14.8,14,1.00462206265245,0.998487252778266,1.01079456543867
15,14,1.00445319521963,0.998513921435099,1.01042779647666
15.2,14,1.00427531930735,0.998541946488919,1.01004161168814
15.4,14,1.00408947615229,0.99857147990227,1.00963796424314
15.6,14,1.00389670643099,0.9986026537473,1.00921882532671
15.8,14,1.00369805018275,0.998635584711664,1.00878617922626
16,14,1.00349454674347,0.99867037822288,1.00834201885092
16.2,14,1.00328723469005,0.998707132308521,1.00788834156544
16.4,14,1.00307715179578,0.998745941298914,1.00742714523193
16.6,14,1.00286533499626,0.998786899472509,1.00696042435911
16.8,14,1.00265282036616,0.998830104741412,1.00649016626154
17,14,1.00244064310667,0.998875662475428,1.00601834713021
17.2,14,1.00222983754365,0.99892368956725,1.0055469279119
17.4,14,1.0020214371364,0.998974318849052,1.00507784988677
17.6,14,1.0018164744972,0.999027703981742,1.00461302982279
17.8,14,1.0016159814214,0.999084024952431,1.00415435457144
18,14,1.00142098892817,0.999143494333188,1.00370367495128
18.2,14,1.00123252731195,0.999206364474453,1.00326279874602
18.4,14,1.00105162620435,0.999272935828817,1.00283348262126
18.6,14,1.00087931464682,0.999343566623624,1.00241742274123
18.8,14,1.00071662117374,0.999418684121298,1.00201624384666
19,14,1.00056457390628,0.999498797720083,1.00163148654095
19.2,14,1.00042420065666,0.999584514147881,1.00126459253193
19.4,14,1.00029652904307,0.999676554978118,1.00091688760023
19.6,14,1.00018258661522,0.999775776634379,1.00058956212754
19.8,14,1.00008340099037,0.999883192931332,1.00028364913735
20,14,1,1,1
20.2,14,0.999933411847142,0.999739258257761,1.00012760314197
20.4,14,0.999884665274247,0.999501832452102,1.00026764473041
20.6,14,0.999854789734856,0.999287869379187,1.00042203171826
20.8,14,0.999844477435462,0.999096822329255,1.00059269203515
21,14,0.999853178299536,0.998926514862958,1.00078070136404
21.2,14,0.999880057625681,0.998774588554401,1.00098675025819
21.4,14,0.999924281645281,0.998638904891736,1.00121131284408
21.6,14,0.999985017374256,0.998517555517284,1.00145463587263
21.8,14,1.00006143247185,0.998408863621565,1.00171673665823
22,14,1.00015269510642,0.99831137798975,1.00199740840669
22.2,14,1.00025797382821,0.99822386124608,1.00229623138638
22.4,14,1.00037643744905,0.998145273942584,1.00261258829627
22.6,14,1.00050725492912,0.998074756081622,1.002945682241
22.8,14,1.00064959527047,0.998011607462534,1.00329455592284
23,14,1.00080262741768,0.997955267961954,1.00365811094082
23.2,14,1.00096552016526,0.99790529855491,1.00403512638988
23.4,14,1.0011374420721,0.997861363602737,1.00442427623412
23.6,14,1.00131756138279,0.997823214698299,1.00482414516356
23.8,14,1.00150504595584,0.997790676177434,1.00523324282562
24,14,1.00169906319887,0.997763632275992,1.00565001645193
24.2,14,1.00189878001068,0.997742015826571,1.00607286198658
24.4,14,1.0021033627303,0.997725798338356,1.00650013387227
24.6,14,1.0023119770929,0.997714981277861,1.00693015367692
24.8,14,1.00252378819274,0.99770958835947,1.00736121775168
25,14,1.00273796045299,0.997709658656099,1.00779160411034
25.2,14,1.00295365760253,0.997715240346986,1.00821957871312
25.4,14,1.00317004265979,0.997726384928227,1.00864340132936
25.6,14,1.00338627792346,0.997743141719542,1.00906133114577
25.8,14,1.00360152497024,0.997765552506474,1.00947163228112
26,14,1.00381494465964,0.997793646159331,1.0098725793661
26.2,14,1.00402569714571,0.997827433067986,1.01026246334945
26.4,14,1.00423294189584,0.997866899224307,1.01063959769857
26.6,14,1.00443583771659,0.997911999770674,1.01100232517625
26.8,14,1.00463354278654,0.99796265181307,1.01134902539507
27,14,1.00482521469618,0.998018726269387,1.01167812337892
27.2,14,1.00501001049495,0.998080038486945,1.01198809939758
27.4,14,1.0051870867452,0.99814633731627,1.01227750038736
27.6,14,1.00535559958334,0.998217292269644,1.01254495332921
27.8,14,1.00551470945156,0.998292476528029,1.01278919224136
28,14,1.00566398776148,0.998371203169863,1.0130100438286
28.2,14,1.00580373334931,0.998452456695318,1.01320913503257
28.4,14,1.00593431990526,0.998535192335706,1.0133882748752
28.6,14,1.00605612157289,0.998618380500653,1.01354925917431
28.8,14,1.00616951291555,0.998701020466401,1.01369385629338
29,14,1.00627486888427,0.998782153774871,1.01382379322759
29.2,14,1.00637256478699,0.998860877443576,1.01394074192594
29.4,14,1.00646297625917,0.998936356950522,1.01404630588556
29.6,14,1.00654647923585,0.999007838840812,1.0141420071715
29.8,14,1.00662344992507,0.999074662701736,1.01422927411538
30,14,1.00669426478268,0.999136272172892,1.01430943002634
30.2,14,1.00675930048856,0.999192224601069,1.01438368330467
30.4,14,1.0068189339243,0.999242198920509,1.01445311937743
30.6,14,1.00687354215219,0.999286001340867,1.0145186948739
30.8,14,1.00692350239568,0.999323568458596,1.01458123442506
31,14,1.00696919202126,0.999354967470362,1.01464143040848
31.2,14,1.00701098852173,0.999380393253789,1.0146998458734
31.4,14,1.00704926950087,0.999400162182445,1.01475692077894
31.6,14,1.00708441265953,0.999414702647695,1.01481298157299
31.8,14,1.0071167957832,0.999424542358115,1.01486825404092
32,14,1.00714679673089,0.999430292567076,1.01492287927347
32.2,14,1.0071747934255,0.999432629432676,1.01497693254975
32.4,14,1.00720116384559,0.999432272736954,1.01503044490831
32.6,14,1.00722628601856,0.999429962182809,1.01508342718784
32.8,14,1.00725053801525,0.99942643145108,1.01513589635504
33,14,1.00727429794599,0.999422380144163,1.01518790399335
33.2,14,1.00729794395802,0.999418443676918,1.01523956689163
33.4,14,1.00732185423435,0.999415161113651,1.01529109973421
33.6,14,1.00734640699404,0.999412940907414,1.01534284993595
33.8,14,1.00737198049393,0.999412024493119,1.01539533467085
34,14,1.00739895303174,0.999412447740893,1.01544928008798
34.2,14,1.00742770295062,0.999414000415875,1.0155056625683
34.4,14,1.00745860864509,0.999416184044215,1.01556575162304
34.6,14,1.00749204856847,0.999418168982034,1.01563115363668
34.8,14,1.00752840124165,0.999418752050172,1.01570385509195
35,14,1.00756803275466,0.99941630370022,1.01578625130534
35.2,14,1.00761106974842,0.999408533199726,1.01588092772134
35.4,14,1.00765742342512,0.999392663657848,1.01599053095649
35.6,14,1.00770699732126,0.999365772115738,1.01611784271977
35.8,14,1.00775969498577,0.999324882466475,1.0162657016317
36,14,1.00781541997698,0.999267055127707,1.01643691296675
36.2,14,1.00787407585965,0.999189478705372,1.01663415642258
36.4,14,1.00793556620212,0.999089558538853,1.01685989702563
36.6,14,1.00799979457354,0.998964996231629,1.01711630506892
36.8,14,1.0080666645412,0.998813854410511,1.01740519083906
37,14,1.00813607966794,0.998634602109027,1.01772795873669
37.2,14,1.00820794350969,0.998426138162949,1.01808558340261
37.4,14,1.00828215961304,0.998187792433791,1.01847860803344
37.6,14,1.00835863151296,0.997919307026194,1.01890716272112
37.8,14,1.00843726273058,0.997620801477823,1.01937099883754
38,14,1.00851795677109,0.997292726901476,1.01986953448445
38.2,14,1.00860061712168,0.996935814208811,1.02040190587953
38.4,14,1.00868514724963,0.996551021000126,1.02096702009388
38.6,14,1.00877145060049,0.996139480728213,1.02156360553314
38.8,14,1.00885943059628,0.99570245660947,1.02219025768885
39,14,1.00894899063389,0.995241301678238,1.02284547876436
39.2,14,1.00904003408346,0.99475742549211,1.02352771066721
39.4,14,1.00913246428697,0.994252267348265,1.0242353615083
39.6,14,1.00922618455683,0.993727275457124,1.02496682616123
39.8,14,1.00932109817458,0.993183891300939,1.02572050165448
40,14,1.00941710838974,0.99262353833046,1.02649479824313
