"value","lag","rr","lo","hi"
0,0,0.986787028329905,0.903904709615667,1.07726912905919
0.2,0,0.985406719890174,0.906461961984317,1.07122686260222
0.4,0,0.984046554250097,0.908946843957972,1.06535121098486
0.6,0,0.982711326992713,0.911347532616799,1.05966332012427
0.8,0,0.981405808878065,0.913651779042878,1.05418430061899
1,0,0.980134747184025,0.915847034677738,1.04893512373005
1.2,0,0.978902867277885,0.917920656759069,1.04393644102987
1.4,0,0.977714874416991,0.919860217924182,1.03920830255431
1.6,0,0.976575455776968,0.921653945641931,1.03476974772971
1.8,0,0.97548928270633,0.923291312253546,1.0306382482386
2,0,0.974461013206547,0.924763782774281,1.02682899562829
2.2,0,0.973495294637004,0.926065702415056,1.02335405167142
2.4,0,0.972596766644603,0.927195268747075,1.02022141653699
2.6,0,0.97177006431816,0.92815548948565,1.01743411379082
2.8,0,0.971019821568167,0.928954987920233,1.01498943020826
3,0,0.970350674732932,0.929608501305062,1.01287846510955
3.2,0,0.969767266412592,0.930136938830456,1.01108612263895
3.4,0,0.969274249532989,0.930566929344037,1.00959161687595
3.6,0,0.968876291641975,0.930929880460844,1.00836946821516
3.8,0,0.968578079441253,0.931260660363354,1.00739087980809
4,0,0.968384323557493,0.931596070105454,1.00662532636677
4.2,0,0.968299763557106,0.931973280479743,1.00604218140471
4.4,0,0.968328675290361,0.932427532168615,1.00561211573064
4.6,0,0.968468971945468,0.932980418274369,1.00530743330702
4.8,0,0.968714161942078,0.933640860511529,1.00510503260644
5,0,0.969057693230155,0.934412379209991,1.00498755549718
5.2,0,0.969493035697101,0.935293999046897,1.00494256054566
5.4,0,0.970013674709949,0.936280976104389,1.00496170822485
5.6,0,0.970613105108886,0.937365470958873,1.0050400073361
5.8,0,0.971284825647712,0.938537167148935,1.00517512311135
6,0,0.972022333877977,0.939783844131887,1.00536673774208
6.2,0,0.972819121474527,0.94109191782033,1.00561595013841
6.4,0,0.973668670001146,0.942446961508512,1.00592470203771
6.6,0,0.974564447115812,0.943834216446777,1.00629522116473
6.8,0,0.975499903215854,0.945239095197619,1.00672947829691
7,0,0.976468468523966,0.946647672918061,1.00722866310164
7.2,0,0.977463550616657,0.948047152864336,1.00779269248103
7.4,0,0.978478532397183,0.949426284150286,1.0084197734414
7.6,0,0.979506770515492,0.950775703891109,1.0091060484183
7.8,0,0.980541594237989,0.952088174043088,1.00984535281841
8,0,0.981576304770262,0.953358686534554,1.01062911126212
8.2,0,0.98260417503601,0.954584418425486,1.01144639087105
8.4,0,0.983618449915558,0.955764530085757,1.01228411869132
8.6,0,0.984612346947304,0.956899810854772,1.01312745886645
8.8,0,0.985579057495374,0.957992185167094,1.01396033664308
9,0,0.986511748386564,0.959044095252677,1.01476609315686
9.2,0,0.987403762862191,0.9600578809702,1.01552855326717
9.4,0,0.988252130373901,0.961036707398824,1.01623826194108
9.6,0,0.989057156098749,0.961983286177757,1.01689298773262
9.8,0,0.989819265494984,0.962898266651202,1.01749292970732
10,0,0.990538891293003,0.963780665665673,1.01804002727767
10.2,0,0.99121647328732,0.964628327563031,1.01853747069433
10.4,0,0.99185245812919,0.965438350388736,1.01898924804551
10.6,0,0.992447299119999,0.96620748146223,1.01939972565725
10.8,0,0.993001456005529,0.966932483790415,1.0197732604491
11,0,0.993515394771203,0.967610472224543,1.02011384537632
11.2,0,0.99398958743841,0.968239215530669,1.02042479181601
11.4,0,0.994424511862013,0.968817398325548,1.02070845496905
11.6,0,0.99482065152914,0.969344835663155,1.02096600951281
11.8,0,0.99517849535935,0.969822633291199,1.02119728250179
12,0,0.995498537506263,0.970253288309345,1.02140064879754
12.2,0,0.995781277160753,0.970640727909324,1.02157299135766
12.4,0,0.996027218355785,0.970990287528873,1.02170972505846
12.6,0,0.996236869772979,0.971308633394927,1.02180487907959
12.8,0,0.996410744550993,0.971603637343312,1.0218512299639
13,0,0.996549360095792,0.971884213409463,1.02184047585607
13.2,0,0.996653237892884,0.972160125663686,1.02176344244138
13.4,0,0.996722903321608,0.972441775040617,1.02161031282758
13.6,0,0.996758885471524,0.97273996956333,1.02137087695948
13.8,0,0.996761716960998,0.973065677450309,1.02103480106539
14,0,0.996731990370825,0.973429606610281,1.02059219678771
14.2,0,0.99667192899634,0.973837661901145,1.02004160745851
14.4,0,0.996585590374155,0.974289813805206,1.01939158643403
14.6,0,0.996477130609188,0.974784658956918,1.01865233793242
14.8,0,0.996350705674477,0.975319911039422,1.0178349867174
15,0,0.996210470575956,0.97589259839668,1.01695135644605
15.2,0,0.996060578690409,0.976499232734397,1.01601377979877
15.4,0,0.995905181276605,0.977135960319156,1.0150349289874
15.6,0,0.995748427159472,0.977798705875761,1.01402765644133
15.8,0,0.995594462587185,0.978483318683804,1.01300483616581
16,0,0.995447431260984,0.979185729991597,1.01197919664597
16.2,0,0.995311474537523,0.979902130518083,1.01096313651476
16.4,0,0.995190731803604,0.980629176097799,1.00996851491702
16.6,0,0.995089341023139,0.981364227890228,1.00900641013443
16.8,0,0.995011439456266,0.982105630348732,1.00808684326275
17,0,0.994961164550605,0.982853024656608,1.00721846922104
17.2,0,0.994942655004741,0.983607687217603,1.00640824549482
17.4,0,0.994960052004131,0.984372872427189,1.00566109937907
17.6,0,0.995017500629764,0.985154128005699,1.0049796254356
17.8,0,0.995119151440068,0.985959542759271,1.00436385329918
18,0,0.995269162226715,0.986799884719044,1.00381112788789
18.2,0,0.995471699945189,0.987688595339594,1.00331613634867
18.4,0,0.995730942821177,0.988641622776127,1.00287109873794
18.6,0,0.996051082634108,0.989677099016978,1.00246611768831
18.8,0,0.996436262175863,0.990814734538169,1.00208968434629
19,0,0.996887445482631,0.992067796887866,1.00173050882047
19.2,0,0.997401020621712,0.993437370199177,1.00138048535237
19.4,0,0.997973025199619,0.994920983122274,1.00103442979017
19.6,0,0.998599498277557,0.996513899502116,1.00068946199187
19.8,0,0.999276478102855,0.998209570262095,1.00034452627764
20,0,1,1,1
20.2,0,1.00076609442082,0.999657378023605,1.00187604049139
20.4,0,1.00157078515358,0.99931901953687,1.00382762467392
20.6,0,1.00241008769105,0.998987944438472,1.00584395387232
20.8,0,1.00328000775758,0.998667668203565,1.00791364936917
21,0,1.00417653999576,0.998362065935247,1.01002487763117
21.2,0,1.00509566681294,0.998075257923547,1.01216545688935
21.4,0,1.00603335738848,0.997811510343288,1.01432295146618
21.6,0,1.00698556684236,0.99757514569613,1.01648475927217
21.8,0,1.00794823556611,0.997370458251437,1.01863819724717
22,0,1.00891728871694,0.99720163008486,1.02077058917897
22.2,0,1.00988863587626,0.997072643365934,1.02286936027962
22.4,0,1.01085817087346,0.996987184307213,1.02492214313837
22.6,0,1.01182177177622,0.996948533642446,1.02691690021338
22.8,0,1.01277530104845,0.996959437619617,1.02884206890384
23,0,1.01371460587684,0.997021952233732,1.03068673650139
23.2,0,1.01463551866728,0.997137251738957,1.03244085400064
23.4,0,1.01553385771211,0.997305390344181,1.03409549987864
23.6,0,1.01640549493469,0.997525021572772,1.03564332502115
23.8,0,1.01725299498433,0.99779501602056,1.03709042357381
24,0,1.01809127373358,0.998116939601305,1.03846533459946
24.2,0,1.01893662408851,0.998492980277688,1.03979884126991
24.4,0,1.01980539328563,0.998925892910589,1.04112131596087
24.6,0,1.02071398533732,0.999419276617643,1.04246242216697
24.8,0,1.02167886610925,0.99997785429859,1.04385082226291
25,0,1.02271657104752,1.00060774316159,1.04531390231935
25.2,0,1.02384371557582,1.00131670052207,1.04687752973416
25.4,0,1.02507700818726,1.00211432745676,1.04856586112375
25.6,0,1.02643326626065,1.00301221440787,1.0504012164084
25.8,0,1.0279294346377,1.00402401737389,1.05240403049154
26,0,1.0295826070053,1.00516546004849,1.05459288722147
26.2,0,1.03141005013618,1.00645426478828,1.05698463282452
26.4,0,1.03342923105178,1.00791002203962,1.05959455927535
26.6,0,1.03565784718288,1.0095540125488,1.06243664340805
26.8,0,1.03811385961685,1.01140899863979,1.06552382565108
27,0,1.04081552953528,1.01349900008588,1.06886831307185
27.2,0,1.0437814579619,1.01584906718565,1.07248189438556
27.4,0,1.04703062895914,1.01848505940242,1.07637625889357
27.6,0,1.05058245643114,1.02143343314001,1.0805633161702
27.8,0,1.05445683471328,1.02472103750403,1.08505551811623
28,0,1.05867419315194,1.02837491255473,1.08986618942463
28.2,0,1.06325555490446,1.03242208066948,1.09500987648589
28.4,0,1.06822254798261,1.03688925939137,1.10050268308138
28.6,0,1.07358242366365,1.04178571339152,1.10634961257752
28.8,0,1.07930682369533,1.04707940708626,1.11252614824782
29,0,1.08536178820694,1.0527311564093,1.11900384455019
29.2,0,1.09171280296515,1.05870070121304,1.12575427861003
29.4,0,1.0983246919231,1.06494692726141,1.13274858869268
29.6,0,1.10516152108508,1.07142806285292,1.13995706294539
29.8,0,1.1121865140115,1.07810185853734,1.14734877057649
30,0,1.1193619793769,1.08492575287662,1.15489123338845
30.2,0,1.12664925107052,1.09185702299649,1.1625501399938
30.4,0,1.1340086413941,1.0988529157544,1.17028910814112
30.6,0,1.14139940796463,1.10587075371028,1.17806950236368
30.8,0,1.14877973497011,1.11286800967746,1.18585031468421
31,0,1.15610672945204,1.11980234430404,1.19358811551246
31.2,0,1.16333643330027,1.12663160261708,1.20123708042634
31.4,0,1.170423851641,1.13331376738521,1.20874909659907
31.6,0,1.17732299827764,1.13980686910646,1.21607395063347
31.8,0,1.183986958805,1.14606885402651,1.22315959786819
32,0,1.19036797195979,1.15205741255942,1.22995251210589
32.2,0,1.19641752969299,1.15772977068943,1.2363981143063
32.4,0,1.20208649635237,1.16304244641836,1.24244127904591
32.6,0,1.20732524724539,1.16795097229386,1.24802691826467
32.8,0,1.2120838267139,1.17240958387125,1.25310064263578
33,0,1.21631212569227,1.17637087314503,1.25760950128834
33.2,0,1.2199600873645,1.17978541439392,1.261502809413
33.4,0,1.22299615539091,1.18261828580259,1.26475263748005
33.6,0,1.22544612712179,1.18488545441434,1.26739526161208
33.8,0,1.22734790215196,1.18661321646141,1.26948094966361
34,0,1.22874041076866,1.18782882115968,1.2710610907571
34.2,0,1.22966344086229,1.1885610298346,1.27218724141049
34.4,0,1.23015747609825,1.18884058260015,1.27291029440689
34.6,0,1.23026354614614,1.18870055536713,1.27327978955021
34.8,0,1.23002308962041,1.18817658931411,1.27334338566013
35,0,1.22947783025425,1.18730697891863,1.27314650880217
35.2,0,1.22866966670722,1.18613261256241,1.27273218348256
35.4,0,1.227640576297,1.18469676993438,1.27214104302345
35.6,0,1.22643253284866,1.18304479070869,1.27141150482438
35.8,0,1.22508743876999,1.18122363705362,1.2705800879295
36,0,1.22364707139046,1.17928137685563,1.26968184583292
36.2,0,1.22215304354366,1.17726661454713,1.26875088734052
36.4,0,1.22064677832866,1.17522789253978,1.26782096213199
36.6,0,1.21916949795516,1.17321307964231,1.26692609427556
36.8,0,1.21776222656016,1.17126875495707,1.26610125486623
37,0,1.21646580687963,1.16943958805329,1.26538307273371
37.2,0,1.21532093066814,1.16776770996102,1.26481058854538
37.4,0,1.21436818278137,1.16629206578804,1.26442606154173
37.6,0,1.21364809887167,1.16504773956262,1.26427583855729
37.8,0,1.21320123669461,1.16406524642245,1.26441129072519
38,0,1.21306826108535,1.16336979792556,1.26488981291811
38.2,0,1.21328095525075,1.16297073070245,1.26576760490355
38.4,0,1.21383424644819,1.1628320975751,1.26707336417956
38.6,0,1.21471384463646,1.16290572419983,1.2688300467063
38.8,0,1.21590568830379,1.16314316123596,1.2710616303487
39,0,1.21739590658211,1.16349713241438,1.27379153078569
39.2,0,1.21917078326892,1.16392299267285,1.2770410139963
39.4,0,1.22121672267638,1.16438007434037,1.28082772679644
39.6,0,1.22352021723598,1.16483278513648,1.28516448119185
39.8,0,1.22606781679804,1.16525134236302,1.29005840777621
40,0,1.22884609957643,1.16561207940583,1.29551054173526
0,1,1.11085330910464,1.04046366471611,1.18600496701192
0.2,1,1.10759888360634,1.04068480127245,1.17881541602802
0.4,1,1.10437939968093,1.04084492432601,1.1717920988368
0.6,1,1.1012013966852,1.04093671281925,1.16495508432701
0.8,1,1.09807133965234,1.04095257835785,1.15832430029427
1,1,1.09499562198958,1.040884785035,1.15191943374985
1.2,1,1.09198056855134,1.04072563946515,1.14575976306928
1.4,1,1.08903243908105,1.04046777192023,1.13986390100485
1.6,1,1.08615743201534,1.0401045288502,1.13424942820537
1.8,1,1.08336168864503,1.03963049124491,1.12893240272166
2,1,1.08065129762776,1.03904211956355,1.12392674471665
2.2,1,1.07803229984809,1.03833850242106,1.11924351914719
2.4,1,1.07551069362156,1.03752215365326,1.11489017176293
2.6,1,1.07309244023991,1.0365997663855,1.11086980977749
2.8,1,1.07078346985592,1.03558280459316,1.10718064671529
3,1,1.06858968770675,1.03448780689494,1.10381573669835
3.2,1,1.06651698067611,1.03333630509202,1.10076309567888
3.4,1,1.06457122419651,1.0321543207863,1.09800624631778
3.6,1,1.06275828949375,1.03097148130678,1.09552514532806
3.8,1,1.06108405117734,1.02981986494895,1.0932973833426
4,1,1.05955439518138,1.02873272149413,1.09129951141987
4.2,1,1.05817522706219,1.02774320772071,1.08950835457374
4.4,1,1.05695168906021,1.02688217135779,1.08790171274479
4.6,1,1.05587879758241,1.02616412598573,1.08645391799594
4.8,1,1.05494460631091,1.02558970627411,1.08513971579102
5,1,1.05413712581132,1.02515504185667,1.08393856016281
5.2,1,1.05344445085116,1.02485260957489,1.08283396135316
5.4,1,1.05285474692424,1.02467185529169,1.08181278952505
5.6,1,1.05235623813192,1.02459976010985,1.08086464105403
5.8,1,1.05193719640182,1.02462135354683,1.07998126463324
6,1,1.05158593202868,1.02472018328478,1.07915603740315
6.2,1,1.05129078552485,1.02487875364323,1.07838347882679
6.4,1,1.05104012077077,1.02507894422221,1.07765879076565
6.6,1,1.05082231945814,1.02530241705872,1.0769774153455
6.8,1,1.05062577682036,1.02553101567531,1.07633460719129
7,1,1.05043889864623,1.02574715309668,1.07572502293371
7.2,1,1.05025009957442,1.02593417898716,1.07514233783012
7.4,1,1.0500478026663,1.02607670955512,1.0745789058621
7.6,1,1.04982044025567,1.02616089908204,1.07402548446791
7.8,1,1.04955645607359,1.02617463015458,1.07347104685274
8,1,1.0492443086459,1.02610760174062,1.07290270275582
8.2,1,1.04887247596049,1.0259513000875,1.07230574271281
8.4,1,1.04842946139999,1.02569884584756,1.0716638124158
8.6,1,1.04790380093377,1.02534471975942,1.07095921483761
8.8,1,1.0472840715614,1.02488437622134,1.07017333076151
9,1,1.04655890099715,1.02431375721428,1.06928714521525
9.2,1,1.04571753689053,1.02362919942907,1.06828250656617
9.4,1,1.04475968399327,1.02283514869016,1.06715417308011
9.6,1,1.04369426429787,1.02194224425696,1.06590927564628
9.8,1,1.04253051578893,1.02095971218617,1.06455706662883
10,1,1.04127766622975,1.01989547583849,1.06310813595626
10.2,1,1.03994492501269,1.0187565162792,1.06157401673321
10.4,1,1.03854147581379,1.01754920542891,1.05996682148737
10.6,1,1.0370764700517,1.01627961386421,1.0582989071732
10.8,1,1.03555902114891,1.01495379414336,1.05658256806459
11,1,1.03399819959208,1.01357803876536,1.05482975742252
11.2,1,1.03240302878687,1.0121591099535,1.05305184073012
11.4,1,1.03078248170152,1.01070443689479,1.0512593848377
11.6,1,1.02914547829266,1.00922227528257,1.04946198813705
11.8,1,1.02750088370591,1.00772182426942,1.04766815661834
12,1,1.0258575072435,1.0062132973056,1.04588522929072
12.2,1,1.02422410209075,1.00470794563166,1.0441193541513
12.4,1,1.02260936579298,1.00321803600815,1.04237551307242
12.6,1,1.02102194147452,1.00175678705492,1.0406575911876
12.8,1,1.01947041979185,1.00033827078217,1.03896848414878
13,1,1.01796334161289,0.998977287085742,1.03731023544155
13.2,1,1.01650920141548,0.997689218902153,1.03568419602584
13.4,1,1.0151164513984,0.996489874327326,1.03409119996857
13.6,1,1.01379350629947,0.995395319367606,1.03253175237747
13.8,1,1.01254874891608,0.994421701181953,1.03100622976441
14,1,1.01139033894383,0.993584708993014,1.02951505639175
14.2,1,1.01032074925253,0.992889651193317,1.0280578663937
14.4,1,1.00933608910375,0.992329799184737,1.02663382839478
14.6,1,1.00843216429418,0.991897041098664,1.02524293131942
14.8,1,1.00760481479795,0.991582653502094,1.02388586490322
15,1,1.00684991160557,0.991377444783811,1.02256385782634
15.2,1,1.00616335373947,0.991271875806236,1.02127854034482
15.4,1,1.00554106544293,0.991256166616354,1.02003182259488
15.6,1,1.00497899353956,0.991320396960015,1.01882578080004
15.8,1,1.0044731049608,0.991454607688104,1.01766254427152
16,1,1.00401938443906,0.991648909740872,1.01654417649972
16.2,1,1.00361383236461,0.991893607052865,1.01547254398212
16.4,1,1.00325246280445,0.992179339162727,1.01444916699492
16.6,1,1.00293130168158,0.992497248171586,1.01347504765958
16.8,1,1.00264638511331,0.992839172519549,1.01255047283199
17,1,1.0023937579077,0.993197866383198,1.01167479301114
17.2,1,1.00216947221688,0.993567238050853,1.01084618391176
17.4,1,1.00196958634669,0.993942593584916,1.01006140439436
17.6,1,1.00179016372191,0.994320864410501,1.00931557211662
17.8,1,1.00162727200651,0.994700791131448,1.00860198460887
18,1,1.00147698237851,0.99508303350036,1.00791201585049
18.2,1,1.00133536895923,0.995470180366687,1.00723511452585
18.4,1,1.00119850839642,0.995866644017018,1.00655891954755
18.6,1,1.00106247960132,0.996278437597378,1.00586949415695
18.8,1,1.00092339974031,0.996712822421399,1.00515176449102
19,1,1.00077916277446,0.997176506676809,1.00439483475333
19.2,1,1.00063021018878,0.997673248494667,1.00359593589703
19.4,1,1.00047718005809,0.998204659675567,1.00275487407795
19.6,1,1.00032071012358,0.998770687141787,1.00187313863377
19.8,1,1.00016143776884,0.999369947070747,1.00095355531941
20,1,1,1,1
20.2,1,0.999837033429945,0.999017165498913,1.0006575742057
20.4,1,0.999673174266549,0.998010372810709,1.00133874614317
20.6,1,0.999509058304981,0.996985418098992,1.00203908652806
20.8,1,0.999345320924048,0.995948447831446,1.00275377970347
21,1,0.999182597086585,0.994905855529819,1.00347772281331
21.2,1,0.999021521343874,0.993864194671034,1.00420561024293
21.4,1,0.998862727844102,0.992830103155977,1.00493200790812
21.6,1,0.998706850344841,0.991810235428921,1.00565142130679
21.8,1,0.998554522229556,0.990811198779912,1.00635836079865
22,1,0.998406376528127,0.989839490602078,1.00704740733844
22.2,1,0.998263045941389,0.988901433411636,1.0077132818528
22.4,1,0.998125162869685,0.98800310426902,1.00835092162056
22.6,1,0.997993359445427,0.987150254854651,1.00895556740126
22.8,1,0.997868267569663,0.986348217832465,1.00952286567786
23,1,0.997750518952651,0.985601794252448,1.01004899126158
23.2,1,0.997640745158437,0.984915115575462,1.01053079667557
23.4,1,0.997539577653437,0.984291472444108,1.01096599619428
23.6,1,0.997447714624413,0.98373313254538,1.01135349668988
23.8,1,0.997372538885735,0.98324438058352,1.01170370354217
24,1,0.997333724603803,0.982834906018688,1.01204643032202
24.2,1,0.997352266578969,0.98251522836593,1.01241336004996
24.4,1,0.997449169095822,0.982296299487163,1.01283578636035
24.6,1,0.997645460213614,0.982189717663624,1.01334441440946
24.8,1,0.99796221049316,0.982207942246234,1.01396917163466
25,1,0.998420556181465,0.982364500756736,1.0147390365163
25.2,1,0.999041726887728,0.982674177301146,1.01568189652036
25.4,1,0.999847077799422,0.983153170345336,1.01682444723531
25.6,1,1.00085812650492,0.983819209428593,1.01819214322186
25.8,1,1.00209659450971,0.984691624010716,1.01980920751392
26,1,1.0035844535567,0.985791362647621,1.02169870175737
26.2,1,1.00534397688749,0.987140966016805,1.02388265370273
26.4,1,1.0073977956112,0.988764501864052,1.02638223428236
26.6,1,1.00976896038017,0.990687472876919,1.02921797364236
26.8,1,1.01248100860847,0.992936709435341,1.03241000463744
27,1,1.01555803750925,0.995540258259175,1.03597832332074
27.2,1,1.01902478327138,0.998527275630322,1.03994305840647
27.4,1,1.02290670674464,1.00192793071584,1.04432474495007
27.6,1,1.0272300860564,1.00577332110883,1.0491446010281
27.8,1,1.03202211664165,1.01009539941777,1.05442480962831
28,1,1.03731101923365,1.01492690675439,1.06018881109825
28.2,1,1.04312615643345,1.02030130630649,1.06646161433882
28.4,1,1.04949808825598,1.0262526331212,1.07327007181756
28.6,1,1.05643842104596,1.03279389041493,1.0806242637761
28.8,1,1.06391100661071,1.03988650609417,1.08849054522196
29,1,1.07187209385185,1.04748325377005,1.09682878599084
29.2,1,1.08027703468752,1.05553564923423,1.1055983495393
29.4,1,1.08908006661406,1.06399395957472,1.1147576363781
29.6,1,1.09823411466448,1.0728072078925,1.12426367173862
29.8,1,1.10769061344486,1.08192318039247,1.13407173203255
30,1,1.1173993501794,1.09128843879035,1.14413500904065
30.2,1,1.12730832991905,1.10084833803621,1.15440431419635
30.4,1,1.13736366426586,1.11054704727064,1.16482782784529
30.6,1,1.14750948513379,1.12032757069496,1.17535089996507
30.8,1,1.15768788520328,1.1301317646233,1.1859159095428
31,1,1.1678388868289,1.13990034730459,1.19646218971221
31.2,1,1.17790044122325,1.14957289899345,1.20692602500351
31.4,1,1.18780845976277,1.15908785097977,1.21724072587887
31.6,1,1.19749687923746,1.16838246359427,1.22733678437117
31.8,1,1.20689776279461,1.17739279433952,1.23714211335542
32,1,1.21594143820124,1.18605365806036,1.24658237094671
32.2,1,1.22455667486897,1.19429858136433,1.25558137082699
32.4,1,1.23267090084509,1.20205975334296,1.26406157893942
32.6,1,1.24021046067237,1.20926797415243,1.27194469682309
32.8,1,1.24710091465695,1.21585260242185,1.27915233165623
33,1,1.2532673796567,1.22174150211792,1.28560675248305
33.2,1,1.25863492354003,1.22686100181817,1.29123174378104
33.4,1,1.26315489614117,1.23116060781907,1.29598062309014
33.6,1,1.26686043685628,1.23466625356181,1.29989409027881
33.8,1,1.2698024506997,1.23742017065043,1.30303214869644
34,1,1.27203383383879,1.23946648134608,1.30545690325838
34.2,1,1.27360915142366,1.24085142218245,1.30723166496206
34.4,1,1.27458433463657,1.24162350758396,1.30842015810585
34.6,1,1.27501639902496,1.24183362248776,1.30908584559491
34.8,1,1.27496318582693,1.24153503320044,1.30929138666644
35,1,1.2744831276642,1.24078330885528,1.30909823746683
35.2,1,1.27363503966905,1.23963615137569,1.3085663986748
35.4,1,1.27247793683117,1.23815313868429,1.30775430690483
35.6,1,1.27107087810075,1.23639539258364,1.30671885939311
35.8,1,1.26947283756699,1.23442518788244,1.3055155558555
36,1,1.26774260284854,1.23230552198148,1.30419873838831
36.2,1,1.26593870068335,1.23009966391901,1.30282191020367
36.4,1,1.26411934959247,1.22787069908492,1.30143811657449
36.6,1,1.26234243941357,1.22568108117411,1.30010037588094
36.8,1,1.26066553745673,1.22359219739389,1.29886215416873
37,1,1.25914592102519,1.22166394739103,1.29777788222387
37.2,1,1.25784063606925,1.21995433162428,1.2969035190363
37.4,1,1.25680658179903,1.21851904165763,1.29629716898358
37.6,1,1.25610062117376,1.217411043736,1.29601976146952
37.8,1,1.25577971730936,1.21668014876639,1.29613580036174
38,1,1.25590109600411,1.2163725673949,1.29671418545915
38.2,1,1.25650965935383,1.21651723682865,1.29781681364854
38.4,1,1.2575986729136,1.21708565493452,1.2994602439868
38.6,1,1.25914856921188,1.21803415715221,1.30165078708068
38.8,1,1.26114020058627,1.21931875960714,1.30439607609025
39,1,1.26355476751542,1.22089604950227,1.30770400245118
39.2,1,1.26637375059611,1.22272411066835,1.31158162516504
39.4,1,1.26957884595849,1.22476341822199,1.31603411901803
39.6,1,1.27315190393866,1.22697761981699,1.32106384364567
39.8,1,1.27707487085653,1.22933412337939,1.32666961305027
40,1,1.28132973377352,1.23180443356508,1.33284622291903
0,2,1.01223373000664,0.968262476131192,1.05820183000083
0.2,2,1.01019468712456,0.968393462992118,1.0538002835558
0.4,2,1.00817724582492,0.968486630850966,1.04949446551062
0.6,2,1.00618597170367,0.968537620810418,1.04529776427902
0.8,2,1.00422539510278,0.968541888506692,1.04122357136685
1,2,1.00230001241253,0.968494780264404,1.03728521346072
1.2,2,1.00041428757639,0.968391655783738,1.03349583901256
1.4,2,0.998572653796045,0.968228071602794,1.02986824504955
1.6,2,0.996779515434388,0.968000039275201,1.02641463024481
1.8,2,0.995039250114396,0.967704368331973,1.02314626415798
2,2,0.99335621101219,0.967339094769436,1.0200730718856
2.2,2,0.991734729342781,0.966903979683303,1.0172031494862
2.4,2,0.990179117037334,0.966401040309494,1.01454224790863
2.6,2,0.988693669611108,0.965835051106538,1.01209328778155
2.8,2,0.987282669221575,0.965213933590276,1.00985598635073
3,2,0.985950387916595,0.964548950529076,1.00782668095763
3.2,2,0.984701091072941,0.963854640299228,1.00599841326615
3.4,2,0.983539041025862,0.96314846975527,1.00436129589436
3.6,2,0.982468500890833,0.962450237148944,1.0029031299343
3.8,2,0.981493738579142,0.961781302096723,1.00161019638244
4,2,0.980619031009397,0.961163741584236,1.00046812252076
4.2,2,0.979848668517639,0.960619524201676,0.999462731088757
4.4,2,0.97918651897507,0.960169135038533,0.998580566645726
4.6,2,0.978630814398798,0.95982320277858,0.997806958738201
4.8,2,0.978175900873668,0.959583864247215,0.997128160132867
5,2,0.977816088057083,0.959450328302326,0.996533404449447
5.2,2,0.977545722626623,0.959419427764979,0.996014477267485
5.4,2,0.977359182993854,0.959486029463924,0.995565274792081
5.6,2,0.977250874354366,0.959643405782533,0.9951814035002
5.8,2,0.977215224068812,0.959883570129074,0.994859818283427
6,2,0.977246677370513,0.9601975831962,0.994598492169469
6.2,2,0.977339693395888,0.960575838389824,0.994396109200832
6.4,2,0.977488741534622,0.961008334250208,0.994251772615918
6.6,2,0.977688298097127,0.961484939576408,0.994164722597919
6.8,2,0.977932843297368,0.96199565362792,0.994134061201872
7,2,0.978216858549656,0.962530859532168,0.994158486322046
7.2,2,0.978534824078459,0.963081564338335,0.994236041255874
7.4,2,0.978881216840669,0.963639614726262,0.994363890857335
7.6,2,0.979250508760157,0.964197874101003,0.994538138554924
7.8,2,0.979637165274703,0.964750345579779,0.994753699736399
8,2,0.980035644195677,0.965292226794909,0.995004245588008
8.2,2,0.980440394881058,0.965819886445197,0.995282227468475
8.4,2,0.980845857722485,0.966330758295198,0.995578986131645
8.6,2,0.981246463947215,0.966823154375367,0.995884944057816
8.8,2,0.981636635735851,0.967296003796605,0.996189874492049
9,2,0.982010786656746,0.967748525506514,0.996483238871864
9.2,2,0.982363536481519,0.968180011146844,0.996754845894159
9.4,2,0.982693485398841,0.968592291543484,0.996999970654804
9.6,2,0.983002760736511,0.968988812882596,0.997219384546887
9.8,2,0.983293615588251,0.969371996056412,0.997415170223619
10,2,0.983568306862637,0.969743397779396,0.997590307373979
10.2,2,0.983829094884804,0.970103951580794,0.997748423109315
10.4,2,0.984078243049966,0.970454190887068,0.997893561116068
10.6,2,0.984318017528909,0.970794455819389,0.998029967954717
10.8,2,0.984550687025587,0.971125084555471,0.998161895659678
11,2,0.984778522586952,0.971446588820563,0.998293421078316
11.2,2,0.985003797465125,0.971759811676506,0.99842828378223
11.4,2,0.985228787031991,0.972066064616017,0.998569745544982
11.6,2,0.98545576874633,0.972367240327527,0.998720475021673
11.8,2,0.985687022173549,0.972665897565,0.998882461196222
12,2,0.985924829058113,0.972965315389848,0.999056958329278
12.2,2,0.986171473448755,0.973269515535342,0.999244463656247
12.4,2,0.986429241876573,0.973583253510596,0.999444727218287
12.6,2,0.986700423586095,0.9739119809454,0.999656791325129
12.8,2,0.986987310819459,0.974261783200472,0.999879055625628
13,2,0.987292199153816,0.974639297125261,1.00010936290485
13.2,2,0.987617387892126,0.975051613860543,1.00034510071215
13.4,2,0.987965180507526,0.975506170709613,1.00058331479876
13.6,2,0.988337885141461,0.97601063437655,1.00082083206999
13.8,2,0.988737815155834,0.976572775324376,1.00105439330358
14,2,0.989167198584333,0.977200134006154,1.0012808151631
14.2,2,0.989625647791573,0.977894385617659,1.00149764347845
14.4,2,0.990109824108725,0.978650307032653,1.00170352653239
14.6,2,0.990616226926719,0.979461747335889,1.00189773793586
14.8,2,0.991141350069591,0.980322081763409,1.00208002460854
15,2,0.991681681066446,0.981224310315153,1.00225050095519
15.2,2,0.992233700547843,0.982161141690568,1.00240955858651
15.4,2,0.992793881766951,0.983125068424229,1.00255778570848
15.6,2,0.993358690245897,0.984108438461214,1.00269589094265
15.8,2,0.993924583547736,0.985103528044701,1.00282462670838
16,2,0.994488011174554,0.986102620596251,1.0029447074909
16.2,2,0.995045414592178,0.987098096115135,1.00305671847373
16.4,2,0.995593227382001,0.988082535308146,1.00316101032976
16.6,2,0.996127875520425,0.989048841909517,1.00325757671694
16.8,2,0.996645777786379,0.989990385114403,1.00334591256119
17,2,0.997143346297357,0.990901161365228,1.00342485389278
17.2,2,0.997616987174359,0.991775970657785,1.00349240407465
17.4,2,0.998063101336077,0.992610597189316,1.00354555660522
17.6,2,0.998478085422564,0.993401978301857,1.00358013054628
17.8,2,0.998858332848569,0.994148340810049,1.00359063948954
18,2,0.999200234986604,0.994849282023401,1.0035702167535
18.2,2,0.999500182479702,0.995505775904273,1.00351061636936
18.4,2,0.999754566683691,0.996120093167212,1.00340230104877
18.6,2,0.999959781238692,0.996695635364666,1.00323461708457
18.8,2,1.00011227586883,0.997236702390813,1.00299614118248
19,2,1.00021106780692,0.997748502179307,1.00267971134842
19.2,2,1.00025885870701,0.99823603794118,1.00228577850723
19.4,2,1.00025864298204,0.998702942590801,1.0018167667202
19.6,2,1.00021342225149,0.99915167642189,1.00127629634242
19.8,2,1.00012620394586,0.999583765878542,1.00066893637475
20,2,1,1,1
20.2,2,0.999837825635911,0.999275378074627,1.00040058977385
20.4,2,0.999642698235432,0.998501404267142,1.00078529671057
20.6,2,0.999417636303224,0.997684745700492,1.00115353678443
20.8,2,0.999165658520284,0.996832313644624,1.00150446519552
21,2,0.998889782888206,0.995951189628056,1.00183704658365
21.2,2,0.9985930259643,0.995048563106165,1.0021501145549
21.4,2,0.99827840218761,0.99413167746048,1.00244242374408
21.6,2,0.997948923295822,0.993207781583735,1.00271269715513
21.8,2,0.997607597832993,0.992284084629255,1.00295967119734
22,2,0.997257430748002,0.991367711676772,1.003182140661
22.2,2,0.996901423083546,0.990465658095094,1.00337900584796
22.4,2,0.996542571755538,0.989584740264525,1.00354932418994
22.6,2,0.996183869422671,0.988731540050961,1.00369236895869
22.8,2,0.995828304445958,0.987912339984381,1.00380769811155
23,2,0.995478860938008,0.987133045466663,1.00389523694443
23.2,2,0.995138518901822,0.986399089497044,1.00395537906169
23.4,2,0.994810254458897,0.985715314349001,1.00398911122749
23.6,2,0.99449707827373,0.985085837390381,1.00399823158055
23.8,2,0.994205812336328,0.984515352557369,1.00399165408214
24,2,0.993950285150378,0.984010794769831,1.00399017429642
24.2,2,0.993745067379078,0.983579502622604,1.004015696044
24.4,2,0.993604724001719,0.983229101921299,1.00408983585756
24.6,2,0.993543822764184,0.982967652918297,1.00423378614974
24.8,2,0.993576944768992,0.982803798314135,1.00446818263206
25,2,0.993718697211126,0.982746906235175,1.0048129817777
25.2,2,0.993983728270613,0.982807200153063,1.00528735637353
25.4,2,0.994386744178581,0.982995866999246,1.00590961792807
25.6,2,0.994942528480072,0.983325135685692,1.0066971737563
25.8,2,0.995665963524421,0.98380832073485,1.00766652408523
26,2,0.996572054222483,0.984459829263944,1.00883330099896
26.2,2,0.997675954119427,0.985295133413214,1.01021234721828
26.4,2,0.998992993842251,0.986330713649639,1.01181782939024
26.6,2,1.00053871199271,0.987583980587497,1.01366337837973
26.8,2,1.00232888856893,0.989073183748755,1.01576224830196
27,2,1.00437958101282,0.990817315102574,1.0181274866508
27.2,2,1.00670716299541,0.992836013600879,1.02077210953559
27.4,2,1.00932836606864,0.995149474703678,1.02370927830128
27.6,2,1.01226032432991,0.997778366470455,1.02695247626702
27.8,2,1.01552062226518,1.00074375147018,1.03051568668884
28,2,1.01912734595742,1.00406701167564,1.03441357519047
28.2,2,1.0230991378701,1.00776977167853,1.03866168179178
28.4,2,1.02745520615031,1.01187376139891,1.04327658342076
28.6,2,1.03220119196816,1.01638560330208,1.04826288097651
28.8,2,1.03730917481514,1.02127551850355,1.0535945537325
29,2,1.04274601485171,1.02650774908854,1.05924115278679
29.2,2,1.04847811030784,1.03204582983922,1.06517202629069
29.4,2,1.05447128937354,1.03785264519326,1.07135604005331
29.6,2,1.06069071327043,1.04389047811325,1.0777613291881
29.8,2,1.0671007907682,1.05012105519068,1.08435507699763
30,2,1.07366510449938,1.0565055896424,1.09110332015361
30.2,2,1.08034634950417,1.06300482186296,1.09797078139449
30.4,2,1.08710628450444,1.06957905584539,1.10492073246046
30.6,2,1.09390569646107,1.07618818905928,1.11191489082961
30.8,2,1.10070437901135,1.08279173323807,1.11891335404975
31,2,1.10746112541218,1.08934882388961,1.12587457516134
31.2,2,1.11413373662937,1.09581821706691,1.13275538201783
31.4,2,1.12067904521268,1.10215827283648,1.13951104240827
31.6,2,1.12705295557926,1.10832692576603,1.1460953759668
31.8,2,1.13321050129423,1.11428164344706,1.15246091308739
32,2,1.13910591988458,1.11997937444756,1.15855910056928
32.2,2,1.14469274565218,1.12537648710593,1.1643405535497
32.4,2,1.14992392086071,1.13042870025633,1.16975535340516
32.6,2,1.15475192556141,1.13509100642301,1.17475339161559
32.8,2,1.15912892619174,1.13931758741329,1.17928475991042
33,2,1.16300694293031,1.14306172182756,1.18330018709886
33.2,2,1.16633804408461,1.14627569225785,1.18675153130013
33.4,2,1.16909203568095,1.14892751407806,1.18961045944608
33.6,2,1.17129370516921,1.15103695725795,1.19190694540103
33.8,2,1.17297940218152,1.15263449563054,1.1936834123548
34,2,1.17418642102821,1.15375154516572,1.19498323283198
34.2,2,1.17495283795698,1.15442067148257,1.19585018314877
34.4,2,1.17531735928666,1.15467575429702,1.1963279647121
34.6,2,1.17531918114265,1.15455210044803,1.19645980205292
34.8,2,1.17499786138815,1.15408649696048,1.19628812736555
35,2,1.17439320422157,1.1533171977518,1.1958543588965
35.2,2,1.17354515779724,1.1522838416821,1.19519877617907
35.4,2,1.17249372512461,1.15102730480422,1.19436048972827
35.6,2,1.17127888841069,1.1495894947334,1.19337749755162
35.8,2,1.16994054693325,1.14801309892178,1.19228681680028
36,2,1.16851846846634,1.14634130053627,1.19112467683766
36.2,2,1.16705225422791,1.14461747536133,1.1899267601768
36.4,2,1.16558131727933,1.14288488094046,1.18872847987337
36.6,2,1.16414487427991,1.14118634563447,1.18756528545627
36.8,2,1.16278195048549,1.13956396114849,1.18647299359326
37,2,1.16153139787836,1.13805877806968,1.18548814371929
37.2,2,1.16043192632709,1.13671050066422,1.18464838219788
37.4,2,1.15952214769747,1.1355571751173,1.18399288073018
37.6,2,1.15884063287153,1.13463486507842,1.18356279515636
37.8,2,1.15842598167873,1.13397731042291,1.18340176888358
38,2,1.15831690580324,1.13361557038056,1.18355648010303
38.2,2,1.15854362788071,1.13356858050599,1.18406893132471
38.4,2,1.15910110908867,1.13381558807528,1.18495052918727
38.6,2,1.15997549699281,1.13432532074252,1.18620569339221
38.8,2,1.16115316389793,1.13506628111547,1.18783959356556
39,2,1.16262066946469,1.13600745945447,1.18985734628505
39.2,2,1.16436472520866,1.1371190722379,1.19226319073346
39.4,2,1.16637216080094,1.13837326545211,1.19505970385835
39.6,2,1.16862989209858,1.13974470935909,1.19824712805582
39.8,2,1.17112489084421,1.1412110176509,1.2018228782772
40,2,1.17384415598493,1.14275294822124,1.20578127117043
0,3,0.927888167117484,0.897552276031664,0.959249364820585
0.2,3,0.927149031684231,0.898432598097665,0.956783323282268
0.4,3,0.926419398175573,0.899281186695876,0.954376577663512
0.6,3,0.925701631696807,0.900092921981788,0.952038939534588
0.8,3,0.924998090351293,0.900862361734614,0.949780458699636
1,3,0.924311125574771,0.901583768914616,0.947611399315476
1.2,3,0.923643082529608,0.902251181186656,0.945542174611246
1.4,3,0.922996300558736,0.902858542699792,0.94358321991132
1.6,3,0.922373113699044,0.90339992223089,0.941744779846715
1.8,3,0.921775851254035,0.90386984194559,0.940036585495734
2,3,0.921206838425599,0.904263733407542,0.938467404818084
2.2,3,0.920668397004779,0.904578517417392,0.937044469797236
2.4,3,0.920162846121486,0.904813269282833,0.935772818687218
2.6,3,0.919692503053132,0.904969885438535,0.934654637443827
2.8,3,0.919259684092243,0.90505362586705,0.93368872588938
3,3,0.918866705473142,0.905073393096223,0.932870227837204
3.2,3,0.918515884357878,0.905041642718845,0.93219073023342
3.4,3,0.918209539881639,0.904973901401324,0.931638755354297
3.6,3,0.917949994257955,0.904887966694601,0.931200571752733
3.8,3,0.917739573944077,0.904802935155946,0.930861177453952
4,3,0.917580610867005,0.904738221875603,0.930605292317175
4.2,3,0.917475443710722,0.904712697241001,0.930418233743386
4.4,3,0.91742631370938,0.904743692890747,0.930286718437526
4.6,3,0.917434114596691,0.904842613160247,0.930200835354283
4.8,3,0.917498809147947,0.905015306471608,0.930154505419196
5,3,0.917620351776885,0.9052649437132,0.930144391255582
5.2,3,0.917798707440965,0.905592548355835,0.930169388992497
5.4,3,0.918033851612671,0.905997409075305,0.930230201835759
5.6,3,0.91832577025408,0.906477430721613,0.930328976465979
5.8,3,0.918674459794681,0.907029434697781,0.930468991185776
6,3,0.919079927112425,0.907649422712206,0.93065438183925
6.2,3,0.919542189517992,0.908332818126283,0.930889891271095
6.4,3,0.920061274742261,0.909074697752223,0.931180629461409
6.6,3,0.920637220926968,0.909870024290936,0.93153183413933
6.8,3,0.921270076618539,0.910713885589094,0.931948625691288
7,3,0.921959900765093,0.911601741438181,0.93243575563795
7.2,3,0.922706762716602,0.912529671916225,0.932997354677925
7.4,3,0.923510742228201,0.913494614039549,0.93363669353168
7.6,3,0.924371929466641,0.914494567191149,0.934355976121702
7.8,3,0.925290425019884,0.915528744313604,0.935156188105667
8,3,0.926266339909835,0.916597646855322,0.936037022780384
8.2,3,0.927299795608196,0.917703047464696,0.936996900370523
8.4,3,0.928390924055472,0.918847874202679,0.938033086942153
8.6,3,0.929539867683092,0.920036000751442,0.939141908475963
8.8,3,0.930746779438675,0.921271955314832,0.940319047418981
9,3,0.932011822814428,0.9225605640114,0.941559905930619
9.2,3,0.933335067724656,0.923906401918471,0.942859955116383
9.4,3,0.934714651993398,0.925310798665634,0.944214075866257
9.6,3,0.936146991103026,0.926771567865845,0.945617258165722
9.8,3,0.937628427061631,0.928285283415932,0.947065608967706
10,3,0.939155285402614,0.929847621237056,0.948556118180146
10.2,3,0.940723873274784,0.931453602508971,0.95008640619927
10.4,3,0.942330477678321,0.933097817588067,0.951654491548142
10.6,3,0.943971363847551,0.934774633718567,0.953258575512955
10.8,3,0.945642773781719,0.936478388297124,0.954896842020728
11,3,0.947340924925087,0.938203567380391,0.956567273074596
11.2,3,0.949062008997856,0.939944966945395,0.958267482244387
11.4,3,0.950802190979573,0.941697832666956,0.959994570457163
11.6,3,0.952557608246752,0.943457973118125,0.961745009192017
11.8,3,0.954324369866628,0.94522184161081,0.963514555873253
12,3,0.956098556048972,0.946986583395184,0.965298204755513
12.2,3,0.957876217758019,0.948750047347363,0.967090174184177
12.4,3,0.959653376486611,0.950510764067932,0.968883928321652
12.6,3,0.961426024194653,0.952267894861305,0.970672228882991
12.8,3,0.963190123414057,0.954021157821874,0.972447210668261
13,3,0.96494160752229,0.955770737896037,0.974200474035628
13.2,3,0.96667638118666,0.957517187268957,0.975923187978929
13.4,3,0.968390320981408,0.959261320902909,0.977606198994643
13.6,3,0.970079276179621,0.961004109778061,0.979240143198252
13.8,3,0.971739069721904,0.962746571543283,0.98081556199189
14,3,0.973365546464187,0.964489602877564,0.982323173020038
14.2,3,0.974955884095929,0.966232363560146,0.983758163958566
14.4,3,0.976508776085307,0.967971813347782,0.985121029995341
14.6,3,0.978022994653295,0.969704292533903,0.986413059563883
14.8,3,0.979497310078065,0.971425714300119,0.987635972907503
15,3,0.980930491152712,0.973131648382183,0.988791835177476
15.2,3,0.982321305657094,0.974817389460118,0.989882985245347
15.4,3,0.983668520843712,0.976478015935803,0.990911974573803
15.6,3,0.984970903937532,0.978108444066596,0.991881511184933
15.8,3,0.986227222649636,0.979703482165844,0.9927944040221
16,3,0.987436245704572,0.981257889685112,0.993653502897214
16.2,3,0.988596743381251,0.982766446356993,0.994461628850725
16.4,3,0.989707488067245,0.984224037027884,0.995221489300638
16.6,3,0.99076725482629,0.985625758038034,0.995935572128325
16.8,3,0.991774821978803,0.986967050497838,0.996606013356715
17,3,0.9927289716952,0.988243863816719,0.99723443506833
17.2,3,0.993628490601785,0.989452848485765,0.997821754565181
17.4,3,0.994472170398949,0.990591569756809,0.998367973130227
17.6,3,0.995258808491416,0.991658723804447,0.998871962805508
17.8,3,0.995987208630254,0.9926543273073,0.999331280251388
18,3,0.996656181566326,0.993579844352043,0.999742043783264
18.2,3,0.997264545714869,0.994438216238012,1.00009890800682
18.4,3,0.997811127830847,0.995233772996196,1.00039515723596
18.6,3,0.998294763694717,0.99597202731052,1.00062291700244
18.8,3,0.998714331610027,0.996659370129632,1.00077353011143
19,3,0.999070333601097,0.997302409465382,1.00084139174684
19.2,3,0.999365600474292,0.997906608864924,1.00082672520563
19.4,3,0.999603156934806,0.998476004140674,1.00073158214151
19.6,3,0.999786040976677,0.999013486700558,1.00055919268228
19.8,3,0.999917302163607,0.99952105193543,1.00031370948126
20,3,1,1,1
20.2,3,1.00003720239324,0.999623480998636,1.00045109501771
20.4,3,1.0000319842081,0.999189987689266,1.00087469025981
20.6,3,0.999987425914093,0.998705670296743,1.00127082655811
20.8,3,0.99990661232633,0.998176911755842,1.00163931022528
21,3,0.99979263144055,0.997610261393463,1.00197977563563
21.2,3,0.999648573362638,0.997012380455377,1.00229173660766
21.4,3,0.999477529333039,0.996389996153327,1.00257462991223
21.6,3,0.999282590846294,0.995749861516948,1.00282785362103
21.8,3,0.999066848865883,0.995098718749574,1.00305080259479
22,3,0.998833393134446,0.994443264025704,1.00324290317148
22.2,3,0.998585311579455,0.993790111743516,1.00340364903892
22.4,3,0.998325689814277,0.993145756160835,1.00353264036075
22.6,3,0.998057610734595,0.992516528087083,1.00362962848096
22.8,3,0.997784154210051,0.99190854385232,1.00369456898326
23,3,0.997508396870994,0.991327643086856,1.00372768656968
23.2,3,0.997233411990166,0.990779310864713,1.0037295562032
23.4,3,0.996962269459141,0.990268578422809,1.00370120630117
23.6,3,0.996698050887497,0.989799888535775,1.00364428825355
23.8,3,0.996445339097455,0.989376374898299,1.00356481011699
24,3,0.996211478549952,0.988999676943492,1.00347586873012
24.2,3,0.996004104758415,0.988671327860846,1.00339126739118
24.4,3,0.995830848630523,0.988392998246249,1.00332467029185
24.6,3,0.995699338792415,0.988166612526248,1.00328948651391
24.8,3,0.995617204498004,0.987994476298429,1.0032987447523
25,3,0.995592079123882,0.98787941032136,1.00336496302901
25.2,3,0.995631604250984,0.987824883319289,1.00350002123097
25.4,3,0.995743434335004,0.987835133142308,1.00371504693024
25.6,3,0.995935241968488,0.987915264819992,1.00402032594927
25.8,3,0.996214723738601,0.988071315166396,1.00442524801607
26,3,0.996589606685768,0.988310276845738,1.00493829460514
26.2,3,0.997067655369728,0.988640079569106,1.00556707130241
26.4,3,0.997656679550976,0.989069531248524,1.00631838187985
26.6,3,0.998364542497221,0.98960822625402,1.0071983369506
26.8,3,0.999199169926197,0.990266430482003,1.00821248751736
27,3,1.00016855959806,0.991054953410375,1.0093659732653
27.2,3,1.00128079157267,0.991985015932799,1.01066367683956
27.4,3,1.00254403914924,0.993068120147247,1.01211037797149
27.6,3,1.00396658050821,0.994315924121625,1.01371090447712
27.8,3,1.00555681107773,0.995740121530642,1.01547028028808
28,3,1.00732325664989,0.997352323271254,1.0173938734705
28.2,3,1.00927458727473,0.999163935808764,1.01948754955218
28.4,3,1.01141960593881,1.00118599997325,1.02175781453672
28.6,3,1.0137597867429,1.00342070953163,1.02420539605638
28.8,3,1.01627884217881,1.00584977528875,1.02681604195201
29,3,1.01895780617167,1.00845147300814,1.02957359729078
29.2,3,1.02177758157974,1.01120369160316,1.03246203993158
29.4,3,1.02471891110506,1.0140840773376,1.03546527378002
29.6,3,1.02776235184253,1.01707016300677,1.03856694482331
29.8,3,1.03088825351074,1.02013948579661,1.0417502763326
30,3,1.03407674042002,1.02326969424456,1.04499792292502
30.2,3,1.03730769724473,1.02643864227415,1.04829184565693
30.4,3,1.0405607586751,1.0296244667225,1.0516132118938
30.6,3,1.04381530303099,1.03280564419385,1.05494232430548
30.8,3,1.04705044992458,1.03596102343125,1.05825858298812
31,3,1.05024506206122,1.03906983054539,1.06154048357369
31.2,3,1.05337775126794,1.04211164607274,1.06476565255546
31.4,3,1.05642688883698,1.04506635456504,1.06791091932366
31.6,3,1.05937062026696,1.04791406884155,1.07095242296483
31.8,3,1.06218688447714,1.05063503186057,1.07386575103751
32,3,1.06485343756092,1.05320949923056,1.07662610744939
32.2,3,1.06734788113198,1.05561760469659,1.07920850721732
32.4,3,1.06964769530209,1.05783920965803,1.08158799713516
32.6,3,1.0717302763118,1.05985373615143,1.08373990295512
32.8,3,1.07357297881513,1.0616399810909,1.08564010528095
33,3,1.07515316279654,1.06317590829986,1.08726534757536
33.2,3,1.07644824944226,1.06443841861769,1.0885935846172
33.4,3,1.07744479037559,1.06541157705503,1.08961391194601
33.6,3,1.07815753487907,1.06610478347437,1.09034654757691
33.8,3,1.07860692404688,1.06653244184666,1.09081810449901
34,3,1.0788136375986,1.0667093290422,1.09105529780427
34.2,3,1.0787985449952,1.06665095175376,1.09108448154502
34.4,3,1.07858266036974,1.06637385438385,1.09093124373576
34.6,3,1.07818710138106,1.06589585999838,1.0906200776371
34.8,3,1.07763305207507,1.06523622557602,1.09017414827087
35,3,1.07694172981733,1.06441569765121,1.08961516819155
35.2,3,1.07613435634152,1.06345646393712,1.08896338700242
35.4,3,1.07523213294112,1.06238200794602,1.08823768763209
35.6,3,1.07425621981738,1.06121688368745,1.08745577228888
35.8,3,1.07322771958383,1.0599864335353,1.08663441497221
36,3,1.07216766491766,1.05871647317281,1.08578975658136
36.2,3,1.07109701034022,1.05743296368739,1.08493762248452
36.4,3,1.07003662810344,1.05616168404695,1.08409384924448
36.6,3,1.0690073081554,1.05492790927854,1.0832746151073
36.8,3,1.06802976215731,1.05375609227039,1.08249677626642
37,3,1.06712463152514,1.05266954122576,1.08177821681975
37.2,3,1.06631249947258,1.05169008095202,1.08113822420213
37.4,3,1.06561390703711,1.05083768479987,1.08059790326911
37.6,3,1.06504937307909,1.05013006589615,1.08018064041254
37.8,3,1.06463941825308,1.04958222271266,1.07991262272796
38,3,1.06440459296285,1.04920594718804,1.07982340412464
38.2,3,1.06436080230823,1.04900415188537,1.07994226281578
38.4,3,1.06450480652357,1.04895543439918,1.08028467745233
38.6,3,1.06482854888091,1.04903176397385,1.08086320877133
38.8,3,1.06532405661546,1.04920509326465,1.08169065599203
39,3,1.06598342763284,1.04944851523144,1.08277886098801
39.2,3,1.06679881787317,1.04973743564143,1.0841374987453
39.4,3,1.06776242931462,1.05005058253636,1.08577303266854
39.6,3,1.06886649860017,1.05037067856029,1.08768800876634
39.8,3,1.07010328627369,1.05068467171795,1.08988079308455
40,3,1.07146506661373,1.05098352793863,1.09234574896268
0,4,0.928251485455504,0.895669764470416,0.962018429593656
0.2,4,0.928052192314884,0.897132753017934,0.960037261779969
0.4,4,0.927856490548493,0.898558861826487,0.958109372270829
0.6,4,0.927665328623901,0.89994144229026,0.956243285941855
0.8,4,0.927479654283324,0.901273555239556,0.954447741319638
1,4,0.927300414594924,0.902548011563619,0.952731652932466
1.2,4,0.927128556013783,0.903757454192383,0.951104032822978
1.4,4,0.926965024452557,0.904894498769462,0.949573853887736
1.6,4,0.926810765361777,0.905951952604068,0.948149835453674
1.8,4,0.926666723819819,0.906923130322187,0.946840132669123
2,4,0.92653384463252,0.907802277002124,0.945651918922771
2.2,4,0.926413072442452,0.908585092330399,0.944590867753497
2.4,4,0.92630535184784,0.909269321202042,0.94366056882644
2.6,4,0.926211627531159,0.909855340894959,0.942861947845573
2.8,4,0.92613284439739,0.910346643434149,0.942192791787499
3,4,0.92606994772196,0.910750100663983,0.941647491939353
3.2,4,0.926023883308392,0.911075923222128,0.941217093548947
3.4,4,0.925995597655675,0.911337283716245,0.940889681788409
3.6,4,0.925986038135378,0.911549650135681,0.94065105800219
3.8,4,0.925996153178559,0.911729937402289,0.94048559833913
4,4,0.926026892472478,0.911895608663994,0.940377163169569
4.2,4,0.926079207167183,0.912063839131133,0.940309944492923
4.4,4,0.926154091918638,0.912250657392896,0.940269425981031
4.6,4,0.926253081076984,0.912468359497045,0.940246049383573
4.8,4,0.926378084572691,0.912725164051025,0.940235231126587
5,4,0.926531022958522,0.913026650326171,0.940235135740985
5.2,4,0.926713820464323,0.91337622705412,0.94024617633134
5.4,4,0.926928405594993,0.913775530074791,0.940270603469271
5.6,4,0.927176711768962,0.91422477089444,0.940312144469301
5.8,4,0.927460677997473,0.914723042603188,0.940375686594225
6,4,0.927782249604965,0.915268593443574,0.940466993894636
6.2,4,0.928143378990936,0.9158590793066,0.940592446402255
6.4,4,0.928546026433655,0.916491805539157,0.94075879128948
6.6,4,0.928992160936205,0.917163966110428,0.940972897944193
6.8,4,0.92948376111532,0.917872884542382,0.941241512551938
7,4,0.930022816133588,0.918616256164914,0.941571012622894
7.2,4,0.930611326675597,0.919392385538409,0.941967167619896
7.4,4,0.931251305968693,0.920200407042431,0.942434917688977
7.6,4,0.93194478084907,0.921040471855185,0.942978187269471
7.8,4,0.932693792873952,0.921913882251798,0.943599752658895
8,4,0.933500399480732,0.922823155438636,0.944301181320577
8.2,4,0.934366675193961,0.923772004216599,0.945082855648343
8.4,4,0.935294712881181,0.924765229555146,0.945944086116104
8.6,4,0.936286625058669,0.925808528486187,0.946883310415337
8.8,4,0.937344545248199,0.926908227048624,0.947898368864583
9,4,0.938470629386083,0.928070950358134,0.948986844034335
9.2,4,0.939666867440824,0.929303014151946,0.950146301388925
9.4,4,0.940931734314153,0.930605946070208,0.951372095115159
9.6,4,0.942260575600115,0.931976410102479,0.952658224721194
9.8,4,0.943648614581654,0.933409832499879,0.953999708163553
10,4,0.945091056677522,0.934900777208878,0.955392408677262
10.2,4,0.946583086478828,0.936443176354953,0.956832792669263
10.4,4,0.948119865032403,0.938030543271619,0.958317706088559
10.6,4,0.949696527372243,0.939656170755041,0.959844166593591
10.8,4,0.951308180300721,0.941313316029658,0.961409170035108
11,4,0.952949900421582,0.942995372092233,0.963009511593533
11.2,4,0.954616732427042,0.944696023172511,0.964641623841442
11.4,4,0.956303687641584,0.946409380468321,0.966301435584201
11.6,4,0.958005742825282,0.948130093472302,0.967984256174262
11.8,4,0.959717839239684,0.949853432363857,0.969684689839665
12,4,0.961434881979431,0.951575338141188,0.971396583367162
12.2,4,0.963151739572911,0.953292439211856,0.97311300843766
12.4,4,0.964863243855342,0.955002035624886,0.974826277447563
12.6,4,0.966564190117692,0.95670205448046,0.976527989296746
12.8,4,0.968249337534867,0.958390981797689,0.978209099879251
13,4,0.969913409876534,0.960067776922713,0.979860011210496
13.2,4,0.971551096503873,0.961731775305059,0.98147067337821
13.4,4,0.973157053655424,0.963382584237891,0.983030694735344
13.6,4,0.974725906025003,0.965019974121671,0.984529457787653
13.8,4,0.976252248634477,0.966643765114066,0.985956240923366
14,4,0.977730738531581,0.968253696032562,0.987300540123486
14.2,4,0.979158585989635,0.969848978311692,0.988557556854069
14.4,4,0.980535899579062,0.971427987666211,0.989729205427917
14.6,4,0.98186295275184,0.972988551020611,0.990818295832281
14.8,4,0.983140029394271,0.974528069387659,0.991828093781542
15,4,0.984367423630071,0.976043605689747,0.992762228096713
15.2,4,0.985545439621957,0.977531957672685,0.993624613431683
15.4,4,0.986674391371864,0.978989721485584,0.994419382781408
15.6,4,0.987754602519915,0.980413350853461,0.995150824853572
15.8,4,0.988786406142304,0.981799216491601,0.995823321661999
16,4,0.989770144548198,0.983143670422297,0.996441281687921
16.2,4,0.9907061690758,0.9844431200405,0.997009063768426
16.4,4,0.99159483988771,0.985694116951309,0.997530886694441
16.6,4,0.992436525765695,0.986893465470497,0.998010719631547
16.8,4,0.993231603905,0.988038354789281,0.998452149366298
17,4,0.993980459708335,0.989126516564614,0.998858222619949
17.2,4,0.994683486579634,0.990156405500096,0.999231265867037
17.4,4,0.995341085717734,0.991127394029547,0.999572691548695
17.6,4,0.995953665910071,0.992039964029887,0.999882807755339
17.8,4,0.996521643326513,0.992895870442168,1.0001606565006
18,4,0.997045441313456,0.993698247010782,1.00040391037658
18.2,4,0.997525490188268,0.994451626615759,1.0006088551151
18.4,4,0.99796222703422,0.995161859526607,1.00077047472545
18.6,4,0.998356095495989,0.995835929754736,1.00088263903018
18.8,4,0.998707554536682,0.996481658378311,1.00093842280233
19,4,0.999017509973946,0.997105900803954,1.00093278400001
19.2,4,0.999287506631269,0.997712688322555,1.00086481067835
19.4,4,0.999519144872876,0.998304528905602,1.00073523863766
19.6,4,0.999714031121691,0.998882808858569,1.00054594508803
19.8,4,0.999873777250788,0.999448029529099,1.00029970633371
20,4,1,1,1
20.2,4,1.00009432041793,0.999650846353783,1.00053799122002
20.4,4,1.00015836332963,0.999256681915537,1.00106085837789
20.6,4,1.00019375683009,0.998822258764612,1.00156713812045
20.8,4,1.00020213180376,0.998352563766159,1.00205512638831
21,4,1.00018512147036,0.997852752915961,1.00252294167386
21.2,4,1.00014436095686,0.997328096887941,1.00296857761763
21.4,4,1.00008148689606,0.996783934595261,1.00338994813188
21.6,4,0.999998137051655,0.996225632120921,1.00378492769538
21.8,4,0.999895949969937,0.995658544744534,1.00415138909174
22,4,0.999776564658217,0.995087980000964,1.00448724065466
22.2,4,0.99964162029,0.994519159763008,1.00479046502648
22.4,4,0.999492755936944,0.993957179244854,1.00505916153188
22.6,4,0.999331610327636,0.993406960566235,1.00529159452516
22.8,4,0.999159821633204,0.992873198077638,1.00548625050913
23,4,0.998979027279748,0.992360291991619,1.00564190747892
23.2,4,0.9987908637876,0.991872265951249,1.00575772085819
23.4,4,0.998596966637389,0.991412662948032,1.00583333161407
23.6,4,0.998398979370794,0.990984400131064,1.00586903474647
23.8,4,0.998199466089358,0.990588459769495,1.00586895019243
24,4,0.998002683768033,0.990223238841568,1.00584324598703
24.2,4,0.997813068105452,0.989886944790755,1.00580265667861
24.4,4,0.997635051537686,0.989577965687283,1.00575773770929
24.6,4,0.997473063655238,0.989294991676704,1.00571874020253
24.8,4,0.997331531816835,0.989037143657478,1.00569547942133
25,4,0.997214881959855,0.988804104086377,1.00569720199638
25.2,4,0.997127539607358,0.988596241686783,1.00573246014669
25.4,4,0.997073931071732,0.988414719921218,1.00580900302868
25.6,4,0.997058484855184,0.988261578882778,1.00593369555616
25.8,4,0.997085633247391,0.988139782008729,1.00611247328525
26,4,0.997159814120875,0.98805322250321,1.00635033847516
26.2,4,0.997285472924833,0.988006688854526,1.0066513979374
26.4,4,0.997467064878426,0.988005793319187,1.00701893880065
26.6,4,0.997709057364748,0.988056870722754,1.00745553484134
26.8,4,0.998015932527035,0.988166856748741,1.00796317421023
27,4,0.998392190068946,0.988343154906066,1.00854339936761
27.2,4,0.998842350261103,0.988593499886121,1.00919745152082
27.4,4,0.99937095715644,0.988925822596578,1.00992641428396
27.6,4,0.999982582017314,0.989348119369474,1.01073135407111
27.8,4,1.00068182695773,0.989868325129167,1.01161345744929
28,4,1.0014733288045,0.990494187916011,1.01257416806954
28.2,4,1.00236176318164,0.991233140159828,1.01361532779928
28.4,4,1.00335183418223,0.992092142611204,1.0147393169622
28.6,4,1.0044440775965,0.993072429799272,1.01594594185099
28.8,4,1.00562902982885,0.99416242551596,1.01722788920498
29,4,1.00689574891117,0.995348328772013,1.01857713512834
29.2,4,1.00823325806786,0.996616073451739,1.0199858599043
29.4,4,1.00963053728651,0.997951490630072,1.02144626406426
29.6,4,1.0110765160947,0.999340451140712,1.02295040717235
29.8,4,1.01256006754943,1.00076899191298,1.02449006582016
30,4,1.01407000344815,1.00222342676224,1.02605661016672
30.2,4,1.01559507077162,1.00369044026858,1.02764090041509
30.4,4,1.0171239493704,1.0051571621344,1.02923320586609
30.6,4,1.01864525090759,1.00661121898122,1.03082314962351
30.8,4,1.02014751907095,1.00804076087278,1.03239968170092
31,4,1.02161923106776,1.00943446078294,1.03395108234958
31.2,4,1.02304880041534,1.01078148651528,1.03546499613836
31.4,4,1.02442458103962,1.01207144592443,1.03692849597158
31.6,4,1.02573487269308,1.0132943073903,1.03832817512654
31.8,4,1.02696792770166,1.01444029812485,1.03965026475914
32,4,1.02811195904869,1.01549978293205,1.04088077427947
32.2,4,1.02915514980109,1.01646312549794,1.04200565253486
32.4,4,1.03008566388071,1.01732053327538,1.04301096874188
32.6,4,1.03089165818028,1.01806188573899,1.04388311338682
32.8,4,1.03156129601978,1.01867654447318,1.04460902061541
33,4,1.03208276193523,1.01915314253471,1.04517641464032
33.2,4,1.0324442803123,1.01947935250174,1.04557408576626
33.4,4,1.03263933849234,1.01964639726799,1.04579784350637
33.6,4,1.03267766037015,1.01965929293119,1.04586223812264
33.8,4,1.03257217137831,1.01952566493085,1.04578562931738
34,4,1.03233585550674,1.01925330809254,1.04558632295169
34.2,4,1.0319817380655,1.01885051629058,1.04528219858796
34.4,4,1.03152287005366,1.01832636500043,1.04489038879327
34.6,4,1.03097231415121,1.01769093497294,1.04442702201583
34.8,4,1.03034313234641,1.01695546445588,1.04390704163375
35,4,1.02964837520587,1.01613242041863,1.04334411072852
35.2,4,1.02890107279077,1.01523548538403,1.0427506059735
35.4,4,1.0281142272192,1.01427946409439,1.04213769639348
35.6,4,1.02730080687155,1.01328012127419,1.04151549570701
35.8,4,1.02647374223361,1.01225396642119,1.04089327228841
36,4,1.02564592337032,1.0112180029224,1.04027969941798
36.2,4,1.0248301990219,1.01018945693193,1.03968313034773
36.4,4,1.02403937731343,1.00918549722152,1.03911188693816
36.6,4,1.02328622806909,1.00822295182021,1.03857455602001
36.8,4,1.02258348672257,1.00731802182342,1.03808029307848
37,4,1.02194385981641,1.00648598812004,1.03763913749777
37.2,4,1.02138003208466,1.00574090352396,1.03726234687879
37.4,4,1.02090467511537,1.00509526135355,1.03696275939937
37.6,4,1.02053045759225,1.00455963244794,1.03675519225826
37.8,4,1.02027005711811,1.00414226685882,1.03665688001375
38,4,1.02013617362654,1.00384866540167,1.03668794770475
38.2,4,1.0201385152943,1.00367765742376,1.03686934016054
38.4,4,1.02027446128922,1.00361107518743,1.03721451675351
38.6,4,1.02053827928101,1.00362596508571,1.03773558647309
38.8,4,1.0209242805184,1.00369918786609,1.03844498346956
39,4,1.02142681280023,1.00380831590068,1.03935454347288
39.2,4,1.02204025378666,1.00393255550015,1.04047455642068
39.4,4,1.02275900464432,1.00405358231766,1.0418129072021
39.6,4,1.02357748401896,1.00415616977328,1.04337442454507
39.8,4,1.02449012233033,1.00422852105056,1.04516052746083
40,4,1.02549135638477,1.00426227593805,1.04716919794441
0,5,0.973893110029379,0.948556939089306,0.99990601584055
0.2,5,0.973848156342592,0.949838600698067,0.998464613793195
0.4,5,0.973802983933081,0.951088893541827,0.99705953665967
0.6,5,0.973757533666981,0.952301769692594,0.995696705130858
0.8,5,0.973711746421679,0.953470919382217,0.994382257336037
1,5,0.973665563086003,0.954589790016533,0.993122531431186
1.2,5,0.973618924560445,0.955651635396954,0.991924018283597
1.4,5,0.973571771757417,0.956649609957325,0.990793269444972
1.6,5,0.973524045601547,0.957576925997206,0.989736742431874
1.8,5,0.97347568703001,0.95842709284264,0.988760564382482
2,5,0.973426636992893,0.959194252770968,0.987870199253109
2.2,5,0.973376836453595,0.959873615901618,0.987070016352569
2.4,5,0.97332622638927,0.960461972516306,0.986362781750937
2.6,5,0.973274747791293,0.960958227874649,0.985749127496695
2.8,5,0.973222341665777,0.961363870334777,0.98522708783261
3,5,0.973168949034112,0.961683264831734,0.984791810357503
3.2,5,0.973114510933548,0.961923677695349,0.984435536152118
3.4,5,0.973058968417812,0.962094990784822,0.984147890891683
3.6,5,0.973002262557758,0.962209137344527,0.983916454540518
3.8,5,0.97294433444206,0.962279357502214,0.983727511707248
4,5,0.972885125177927,0.962319399967859,0.983566856102125
4.2,5,0.97282457589187,0.962342780980184,0.983420538049098
4.4,5,0.97276271569917,0.962362093440516,0.983275741536584
4.6,5,0.972700704544842,0.962387473081536,0.983124455675321
4.8,5,0.972640486531199,0.962426108912251,0.982963270924628
5,5,0.972584021064027,0.962482987875678,0.98279106222629
5.2,5,0.97253326712626,0.962561284223491,0.982608558197186
5.4,5,0.97249018337331,0.962662695605302,0.982417996536986
5.6,5,0.972456728267854,0.962787734821956,0.982222824565061
5.8,5,0.972434860254061,0.962935983293828,0.982027438836283
6,5,0.97242653797129,0.963106315699303,0.9818369543805
6.2,5,0.972433720507243,0.963297106121154,0.981656993227412
6.4,5,0.972458367690631,0.96350642531855,0.981493482598077
6.6,5,0.972502440423378,0.963732236789084,0.981352455097346
6.8,5,0.972567901052424,0.963972596157791,0.981239846368711
7,5,0.972656713781233,0.964225854133773,0.981161289969366
7.2,5,0.972770845121071,0.96449085802341,0.981121914474999
7.4,5,0.972912264382221,0.964767141227126,0.981126153385962
7.6,5,0.973082944205261,0.965055085423726,0.981177583129804
7.8,5,0.973284861132603,0.965356037708719,0.98127880689315
8,5,0.97351999622051,0.96567236601761,0.981431400951882
8.2,5,0.973790335691826,0.96600744104551,0.981635935288954
8.4,5,0.974097871629718,0.9663655405397,0.98189207262463
8.6,5,0.974444602712749,0.966751680075255,0.982198741751441
8.8,5,0.974832534991636,0.967171380618666,0.982554374872368
9,5,0.975263682708116,0.967630385378593,0.982957196447749
9.2,5,0.975739922656866,0.968134159525637,0.983405437458088
9.4,5,0.976260412181698,0.968684361671074,0.98389571474966
9.6,5,0.976821897577206,0.969278778774877,0.984423718419146
9.8,5,0.977421039623719,0.969914181917389,0.984985998256579
10,5,0.978054495370391,0.97058663859863,0.985579811087645
10.2,5,0.978718916891897,0.971291708629339,0.986202919032222
10.4,5,0.979410950160243,0.972024623976229,0.986853404361131
10.6,5,0.980127234031811,0.972780455199127,0.987529498312344
10.8,5,0.980864399349904,0.97355426598641,0.988229422360188
11,5,0.981619068163105,0.974341255603637,0.988951242123515
11.2,5,0.982387853059886,0.975136887297412,0.989692735872544
11.4,5,0.983167356619939,0.975936999272318,0.990451281018931
11.6,5,0.983954170982792,0.976737894148169,0.99122376268486
11.8,5,0.984744877534289,0.977536403040319,0.992006508211874
12,5,0.985536046711573,0.978329921611403,0.992795250264944
12.2,5,0.986324237927232,0.979116417396767,0.993585119233592
12.4,5,0.987105999613259,0.979894409981702,0.994370663356152
12.6,5,0.987877869385519,0.980662927692405,0.995145892909469
12.8,5,0.988636374329365,0.981421445903724,0.995904343365036
13,5,0.989378031407049,0.982169812597152,0.996639151881959
13.2,5,0.99009934798753,0.982908166378289,0.99734314193097
13.4,5,0.990796822499237,0.983636850918046,0.998008912088202
13.6,5,0.991466945206291,0.984356327924383,0.998628926894254
13.8,5,0.992106199108606,0.98506708844317,0.999195609981553
14,5,0.992711135987261,0.985769557653561,0.999701595430535
14.2,5,0.993280460842621,0.986463907170135,1.00014411750958
14.4,5,0.993815310170367,0.987149844321343,1.00052578279849
14.6,5,0.994316956382375,0.987826669238246,1.00084988646026
14.8,5,0.99478667798949,0.988493362407698,1.00112006042708
15,5,0.995225759174641,0.989148653269136,1.00134020144619
15.2,5,0.995635489381963,0.989791076297421,1.00151441193534
15.4,5,0.9960171629221,0.99041901915846,1.00164694906436
15.6,5,0.996372078593883,0.991030766949247,1.00174217805322
15.8,5,0.996701539322548,0.9916245462937,1.00180452591752
16,5,0.997006851814637,0.992198573090899,1.00183843186627
16.2,5,0.997289326229741,0.992751107908541,1.00184829036061
16.4,5,0.99755027586919,0.993280523228071,1.00183838262799
16.6,5,0.997791016881822,0.993785386722918,1.00181279245118
16.8,5,0.998012867986926,0.994264564088578,1.00177530271385
17,5,0.998217150214465,0.994717343104034,1.00172927102375
17.2,5,0.998405186662639,0.995143577021054,1.0016774863169
17.4,5,0.998578302272898,0.995543839758738,1.00162201396563
17.6,5,0.998737823622428,0.995919578210138,1.00156404408348
17.8,5,0.998885078734211,0.996273240012063,1.00150376467581
18,5,0.999021396904673,0.996608351434485,1.00144028497936
18.2,5,0.999148108548991,0.996929522846305,1.00137163153401
18.4,5,0.999266545064074,0.997242369758422,1.00129482898544
18.6,5,0.999378038709268,0.997553352917645,1.00120606214517
18.8,5,0.999483908452033,0.997869512723364,1.00110091601876
19,5,0.999584782968544,0.998196060067723,1.00097543790594
19.2,5,0.999680299625089,0.998534513858447,1.0008274001435
19.4,5,0.999770019076961,0.998885096288748,1.00065572582756
19.6,5,0.999853501918267,0.999247167670466,1.00046020408427
19.8,5,0.999930308708327,0.999619414437578,1.00024129967112
20,5,1,1,1
20.2,5,1.00006213636993,0.999737694206604,1.00038668382359
20.4,5,1.00011627845074,0.999456078160952,1.00077691484215
20.6,5,1.00016198696509,0.999157079757059,1.00116790486355
20.8,5,1.00019882276178,0.998842799674566,1.00155668677792
21,5,1.00022634685359,0.998515463700636,1.00194016147959
21.2,5,1.00024412045725,0.998177383482412,1.00231513663316
21.4,5,1.00025170503513,0.997830923200282,1.00267835979349
21.6,5,1.00024866233895,0.997478470108336,1.0030265479336
21.8,5,1.00023455445539,0.997122407194741,1.00335641512786
22,5,1.00020894385356,0.99676508638683,1.00366469996564
22.2,5,1.00017139343439,0.996408800773625,1.00394819422291
22.4,5,1.00012146658191,0.996055754244642,1.00420377439262
22.6,5,1.00005872721639,0.995708026740642,1.00442843787798
22.8,5,0.99998273984939,0.995367532961962,1.00461934600283
23,5,0.999893069640657,0.995035971854598,1.00477387651822
23.2,5,0.999789282456875,0.994714763455097,1.00488968902366
23.4,5,0.999670944932281,0.994404968679462,1.00496480771702
23.6,5,0.999537637544123,0.99410718290196,1.00499775683224
23.8,5,0.999390244446042,0.99382112291128,1.00499057392553
24,5,0.999232045422094,0.993545620880635,1.00495101544852
24.2,5,0.999066575945045,0.993279469225814,1.00488739986595
24.4,5,0.998897369371406,0.99302158477176,1.00480792143753
24.6,5,0.998727956746864,0.99277110245328,1.00472055353234
24.8,5,0.99856186673659,0.992527476111065,1.00463294538446
25,5,0.998402625680282,0.992290582387824,1.0045523162848
25.2,5,0.998253757771806,0.992060821057593,1.00448535387497
25.4,5,0.998118785363292,0.991839203360001,1.00443812497044
25.6,5,0.998001229393584,0.991627419543778,1.00441600770715
25.8,5,0.997904609940974,0.991427878134864,1.00442365249486
26,5,0.997832446900186,0.991243712306151,1.00446497639855
26.2,5,0.997788260783659,0.991078752544975,1.00454319175055
26.4,5,0.997775573647233,0.990937468691912,1.00466086591846
26.6,5,0.997797910140437,0.990824887461309,1.00482000611788
26.8,5,0.99785879868167,0.990746493154201,1.00502216155859
27,5,0.997961772758676,0.990708119297205,1.00526853519091
27.2,5,0.998110372354852,0.990715837657096,1.00556009860332
27.4,5,0.998308145502033,0.990775848988101,1.00589770571575
27.6,5,0.998558649960575,0.990894377484246,1.00628220329864
27.8,5,0.99886545502771,0.99107756861999,1.00671453863797
28,5,0.999232143475298,0.991331388074492,1.00719586665525
28.2,5,0.999662313618337,0.991661517794045,1.00772766043374
28.4,5,1.00015957103928,0.992073230937125,1.00831182250181
28.6,5,1.0007245261579,0.992567560687092,1.00894852594286
28.8,5,1.00135063359345,0.993136172741002,1.00963303816696
29,5,1.00203030052786,0.993769103407419,1.01036017293477
29.2,5,1.00275592270789,0.994456205952113,1.01112490877671
29.4,5,1.00351988064292,0.995187286377998,1.01192224280795
29.6,5,1.00431453638223,0.995952223285546,1.01274706196371
29.8,5,1.00513223087359,0.996741074355936,1.01359402911508
30,5,1.00596528190513,0.997544169565649,1.01445748396194
30.2,5,1.00680598263332,0.998352189505993,1.01533136033669
30.4,5,1.00764660069994,0.999156226191095,1.01620912254412
30.6,5,1.00847937794159,0.999947823515613,1.01708372358648
30.8,5,1.00929653069491,1.00071899501302,1.01794758763376
31,5,1.01009025070111,1.00146221760235,1.01879261806217
31.2,5,1.01085270661313,1.00217040133237,1.0196102310631
31.4,5,1.0115760461083,1.00283683642282,1.02039141353265
31.6,5,1.01225239860934,1.00345511987075,1.02112680298282
31.8,5,1.01287387861575,1.00401906432907,1.02180678677419
32,5,1.01343258964703,1.00452259179549,1.02242161813697
32.2,5,1.01392062879844,1.00495961391522,1.02296154717889
32.4,5,1.01433009190909,1.0053238995433,1.02341696623317
32.6,5,1.01465307934109,1.00560892883175,1.0237785702762
32.8,5,1.01488170236715,1.00580773174549,1.02403753450196
33,5,1.01500809016305,1.00591270785687,1.02418571218908
33.2,5,1.01502439926394,1.0059154255841,1.02421585840865
33.4,5,1.01492666401064,1.00580988124492,1.02412608240119
33.6,5,1.0147228846206,1.00560000245457,1.02392853028982
33.8,5,1.01442339588455,1.00529156689956,1.02363817622749
34,5,1.01403854958883,1.00489047649545,1.02326990264483
34.2,5,1.01357870531413,1.00440304932478,1.02283818488695
34.4,5,1.01305422228215,1.00383627504609,1.02235681534479
34.6,5,1.0124754522541,1.0031980207567,1.02183868010817
34.8,5,1.0118527334831,1.00249717312318,1.02129560232826
35,5,1.01119638572039,1.00174370580867,1.02073826325522
35.2,5,1.01051670627399,1.00094866808071,1.02017620505639
35.4,5,1.00982396711675,1.00012409902112,1.01961791097876
35.6,5,1.00912841304032,0.999282879476955,1.01907095069846
35.8,5,1.00844026085034,0.998438538693226,1.01854217389776
36,5,1.00776969959818,0.99760503349023,1.01803793418626
36.2,5,1.00712689184429,0.996796515216119,1.01756432811769
36.4,5,1.00652197594843,0.996027094715655,1.01712743904456
36.6,5,1.0059650693826,0.995310609658784,1.01673358145441
36.8,5,1.0054662730634,0.994660392961834,1.01638954704693
37,5,1.0050356767012,0.994089036450731,1.01610285840056
37.2,5,1.0046833651656,0.993608140725913,1.01588203927459
37.4,5,1.00441942586743,0.993228040630622,1.01573691215898
37.6,5,1.00425395716035,0.992957496214026,1.01567893320465
37.8,5,1.00419707776656,0.992803342511285,1.01572157124706
38,5,1.00425893723434,0.992770099427252,1.01588072968443
38.2,5,1.00444719516617,0.992856600246183,1.01617309853912
38.4,5,1.00475921050165,0.993047153118019,1.01660940058898
38.6,5,1.00518973986175,0.993321834212997,1.01719943961955
38.8,5,1.00573357391534,0.993660395582915,1.01795344384954
39,5,1.00638553128583,0.994043081841665,1.01888122967972
39.2,5,1.0071404527466,0.994451506074778,1.01999130713001
39.4,5,1.00799319570082,0.994869464845411,1.02129004706866
39.6,5,1.00893862894056,0.995283555788145,1.02278104671624
39.8,5,1.00997162768136,0.995683493009793,1.02446479818391
40,5,1.01108706886876,0.996062086683891,1.02633869364216
0,6,1.02891629840023,1.00879469409152,1.04943925192532
0.2,6,1.02885687080576,1.00986299689301,1.0482079884707
0.4,6,1.02879460392792,1.01090305636152,1.04700280646168
0.6,6,1.02872873656842,1.01190897204647,1.04582807611775
0.8,6,1.02865850775709,1.01287455009629,1.04468843202788
1,6,1.02858315678134,1.01379329338499,1.04358878414131
1.2,6,1.02850192322124,1.01465841324402,1.04253430737126
1.4,6,1.02841404699023,1.01546287839492,1.04153039421645
1.6,6,1.02831876838148,1.01619952277073,1.04058254871289
1.8,6,1.02821532811974,1.01686123932842,1.03969619461415
2,6,1.028102967419,1.01744128817854,1.03887636947387
2.2,6,1.02798092804549,1.01793373852472,1.03812728513823
2.4,6,1.02784845238652,1.01833403809068,1.0374517609705
2.6,6,1.02770478352469,1.01863965769953,1.03685058214283
2.8,6,1.02754916531778,1.01885070102109,1.0363218929791
3,6,1.02738084248413,1.01897032616642,1.03586077866905
3.2,6,1.02719906069362,1.01900483207513,1.03545918240755
3.4,6,1.02700306666407,1.01896333708415,1.03510623056921
3.6,6,1.02679210826321,1.01885709598896,1.03478891960627
3.8,6,1.02656543461609,1.01869860596635,1.0344930142992
4,6,1.02632229621798,1.01850068840647,1.0342039703107
4.2,6,1.02606194505262,1.01827569558038,1.03390773211484
4.4,6,1.02578371943137,1.01803483588115,1.03359158445665
4.6,6,1.0254880480758,1.01778668957948,1.03324768098591
4.8,6,1.0251761152224,1.01753689557847,1.03287268676877
5,6,1.0248491196805,1.01728900504715,1.0324654182822
5.2,6,1.02450825944856,1.01704489159667,1.03202639563974
5.4,6,1.02415473154609,1.0168050870101,1.03155750059483
5.6,6,1.02378973185953,1.01656905893649,1.03106169310087
5.8,6,1.02341445500207,1.01633544199416,1.03054277498392
6,6,1.0230300941874,1.01610223588381,1.03000518712838
6.2,6,1.02263784111737,1.0158669841196,1.02945382656719
6.4,6,1.02223888588352,1.01562694584512,1.02889387100974
6.6,6,1.02183441688249,1.0153792711075,1.02833060043338
6.8,6,1.02142562074521,1.01512118665615,1.02776920867097
7,6,1.0210136822799,1.01485019442061,1.02721460283891
7.2,6,1.0205997844289,1.01456427818277,1.0266711950888
7.4,6,1.02018510823907,1.01426210618916,1.02614269893531
7.6,6,1.01977083284603,1.01394321015887,1.02563194970311
7.8,6,1.01935813547193,1.01360811678237,1.02514077299553
8,6,1.01894819143692,1.01325840876069,1.02466992413362
8.2,6,1.01854217418407,1.01289669963077,1.02421911431816
8.4,6,1.01814125531797,1.01252651847057,1.0237871274189
8.6,6,1.01774660465666,1.01215211320424,1.02337201866924
8.8,6,1.01735939029718,1.01177819015031,1.0229713776219
9,6,1.01698077869442,1.0114096097093,1.02258263546771
9.2,6,1.01661187854173,1.01105096850321,1.0222033742989
9.4,6,1.01625275094676,1.01070469762284,1.02183125915602
9.6,6,1.01590253215461,1.01037084889119,1.02146450085209
9.8,6,1.01556032795345,1.01004852372758,1.02110220992817
10,6,1.01522524552882,1.00973614505856,1.02074418569941
10.2,6,1.0148963933974,1.0094316597346,1.0203907113453
10.4,6,1.0145728813486,1.00913272146862,1.0200423687282
10.6,6,1.01425382039396,1.00883685810953,1.01969986912598
10.8,6,1.01393832272445,1.00854162539439,1.01936389773425
11,6,1.01362550167537,1.00824474705096,1.01903497206588
11.2,6,1.01331447169921,1.00794423888797,1.01871331660954
11.4,6,1.01300434834608,1.00763851287833,1.01839875774177
11.6,6,1.01269424825199,1.00732645666443,1.01809064346287
11.8,6,1.0123832891348,1.00700748462846,1.01778779181323
12,6,1.01207058979783,1.00668155857659,1.01748846992094
12.2,6,1.01175527014118,1.00634917874272,1.01719040297459
12.4,6,1.01143645118075,1.00601134855652,1.01689080967622
12.6,6,1.0111132550748,1.00566951876693,1.01658645858281
12.8,6,1.01078480515823,1.00532551760294,1.01627373865415
13,6,1.01045022598444,1.00498147355341,1.01594873742491
13.2,6,1.01010864337475,1.00463973622581,1.01560732134036
13.4,6,1.00975918447541,1.00430279893747,1.01524521460179
13.6,6,1.00940097782219,1.00397322454258,1.01485807501749
13.8,6,1.00903315341238,1.00365357371224,1.0144415676412
14,6,1.00865488312394,1.00334630472328,1.01399154854151
14.2,6,1.0082664997399,1.00305289946079,1.01350719891668
14.4,6,1.00786964033282,1.0027736053844,1.01299157302332
14.6,6,1.00746600918528,1.00250829139127,1.01244824444805
14.8,6,1.00705730802696,1.00225656723426,1.01188104404156
15,6,1.0066452359349,1.00201783958314,1.01129400196307
15.2,6,1.00623148926232,1.00179135602949,1.01069130202524
15.4,6,1.00581776159625,1.00157624128714,1.01007724408716
15.6,6,1.0054057437435,1.0013715292104,1.00945621087259
15.8,6,1.00499712374526,1.00117619403162,1.0088326358111
16,6,1.00459358691995,1.00098918434899,1.0082109683703
16.2,6,1.00419681593447,1.00080946381232,1.00759563293062
16.4,6,1.00380849090355,1.00063606304335,1.00699097666482
16.6,6,1.00343028951739,1.00046814785346,1.00640120135882
16.8,6,1.00306388719723,1.00030510883372,1.00583027409736
17,6,1.00271095727905,1.00014667615573,1.00528181297572
17.2,6,1.0023731712252,0.999993059960925,1.00475894745843
17.4,6,1.0020521988639,0.999845110183848,1.00426415953901
17.6,6,1.00174970865668,0.999704480150132,1.00379912135938
17.8,6,1.00146736799368,0.999573767969916,1.0033645552675
18,6,1.00120684351681,0.99945660330563,1.0029601487343
18.2,6,1.00096980147069,0.99935765018578,1.00258455345793
18.4,6,1.00075790808162,0.999282511771027,1.00223548274944
18.6,6,1.00057282996433,0.999237545930846,1.00190989834173
18.8,6,1.00041620345063,0.999229565483982,1.00160425061263
19,6,1.00028813706115,0.999262818002854,1.00131450817417
19.2,6,1.00018654759463,0.99933696987582,1.00103684757462
19.4,6,1.00010918533031,0.99945041608068,1.00076838879551
19.6,6,1.00005380311526,0.999600784205573,1.00050702733305
19.8,6,1.00001815584588,0.999785114433703,1.00025125157802
20,6,1,1,1
20.2,6,0.999997093219546,0.999752551315653,1.00024169493898
20.4,6,1.00000719394347,0.9995084405337,1.00050619623055
20.6,6,1.00002806109111,0.999267394652967,1.00078930656689
20.8,6,1.00005745379572,0.999029282971658,1.0010866827822
21,6,1.00009313118834,0.998794078072213,1.00139387388096
21.2,6,1.00013285223181,0.998561824451323,1.0017063516953
21.4,6,1.00017437560506,0.998332612451828,1.00201953651517
21.6,6,1.00021545963755,0.998106555644909,1.00232881954327
21.8,6,1.00025386229407,0.997883770137886,1.00262958369986
22,6,1.00028734120964,0.997664354471079,1.00291722411464
22.2,6,1.00031365377482,0.997448368833355,1.0031871695762
22.4,6,1.00033055727117,0.997235812275792,1.00343490626037
22.6,6,1.00033580905705,0.997026596430332,1.00365600523049
22.8,6,1.00032716680369,0.996820513926117,1.00384615551729
23,6,1.00030238878149,0.996617199206764,1.00400120507489
23.2,6,1.0002592341965,0.996416078736498,1.00411721262473
23.4,6,1.0001954635771,0.996216306574403,1.00419051440762
23.6,6,1.00010885781679,0.996016684454464,1.00421784403285
23.8,6,0.999999062849396,0.995816047855419,1.00419964897458
24,6,0.999869151720747,0.995613852984333,1.00414263779684
24.2,6,0.999722565192467,0.995409636187017,1.00405418133528
24.4,6,0.999562742973405,0.995202995074153,1.00394158989249
24.6,6,0.999393123205592,0.994993661644456,1.0038120374153
24.8,6,0.999217142068453,0.994781585699244,1.00367247580446
25,6,0.999038233501191,0.994567026140169,1.00352954176516
25.2,6,0.998859829043233,0.994350644863879,1.00338946148404
25.4,6,0.998685357792608,0.99413359548234,1.00325796090357
25.6,6,0.998518246482108,0.993917597661075,1.0031401908005
25.8,6,0.998361919673089,0.993704988095073,1.00304067564766
26,6,0.998219800066784,0.993498741283267,1.00296329309718
26.2,6,0.99809530893303,0.993302456976954,1.0029112872085
26.4,6,0.997991866656326,0.993120315564962,1.00288731415748
26.6,6,0.997912893399207,0.992957006571664,1.0028935152496
26.8,6,0.997861809882976,0.992817637931274,1.00293160957305
27,6,0.99784203828588,0.992707634337022,1.00300299799295
27.2,6,0.99785700325894,0.99263263190586,1.00310887124588
27.4,6,0.997910133059689,0.992598374202461,1.00325031709158
27.6,6,0.998004860804212,0.992610611987264,1.00342842415795
27.8,6,0.99814462583799,0.992675006415952,1.0036443827536
28,6,0.998332875226144,0.992797033108669,1.00389958523195
28.2,6,0.998573065363876,0.992981882592732,1.00419573040607
28.4,6,0.998868654569109,0.993234339766193,1.00453493111764
28.6,6,0.999220484371809,0.99355544168558,1.00491782793154
28.8,6,0.999623154431894,0.993938033849447,1.00534079273168
29,6,1.00007035486083,0.994373519904691,1.00579982738009
29.2,6,1.00055577093239,0.994853134044233,1.00629109613038
29.4,6,1.00107308045825,0.995368075040503,1.00681078442001
29.6,6,1.00161595156356,0.995909628548542,1.00735497043914
29.8,6,1.00217804086322,0.996469279563947,1.00791950759179
30,6,1.0027529920395,0.997038813832636,1.00849991905425
30.2,6,1.0033344348224,0.997610404719225,1.00909130792769
30.4,6,1.00391598437411,0.998176680780825,1.00968828774226
30.6,6,1.00449124107899,0.998730769240714,1.01028493812353
30.8,6,1.00505379074091,0.999266311696779,1.0108747892916
31,6,1.00559720518938,0.999777450446364,1.011450837017
31.2,6,1.00611504329619,1.00025878623399,1.01200558723219
31.4,6,1.00660085240377,1.00070531040147,1.01253112732408
31.6,6,1.00704817016671,1.00111231580035,1.01301921975192
31.8,6,1.00745052680708,1.00147529111403,1.01346141334634
32,6,1.00780144778429,1.00178980241874,1.01384916846217
32.2,6,1.00809445687947,1.00205136410846,1.01417399386038
32.4,6,1.00832307969393,1.00225529905359,1.0144275954475
32.6,6,1.00848084756077,1.00239658540824,1.01460203945397
32.8,6,1.00856130186793,1.00246968515708,1.01468993495414
33,6,1.00855799879018,1.00246834766919,1.01468464245148
33.2,6,1.00846451606927,1.00238538220062,1.01458051786242
33.4,6,1.00827784274241,1.00221538257096,1.01437697509427
33.6,6,1.00800549953602,1.00196120375758,1.0140862573165
33.8,6,1.00765705310886,1.00162720570616,1.01372320050372
34,6,1.00724207574521,1.00121788249614,1.01330251575429
34.2,6,1.00677013860744,1.00073822364152,1.0128384107318
34.4,6,1.00625080589332,1.00019404861879,1.01234424035938
34.6,6,1.00569362989921,0.999592285062088,1.01183221632912
34.8,6,1.00510814698908,0.998941157547594,1.01131320850166
35,6,1.00450387446778,0.998250261781061,1.01079666337426
35.2,6,1.00389030835649,0.997530516535634,1.01029064725971
35.4,6,1.00327692206717,0.996794006592039,1.00980200091083
35.6,6,1.00267316597244,0.996053746406847,1.00933657585034
35.8,6,1.00208846786744,0.995323400993,1.00889951590717
36,6,1.00153223431965,0.994616996997215,1.00849555096042
36.2,6,1.00101385290329,0.993948646557081,1.00812928029551
36.4,6,1.00054269531542,0.993332293838044,1.00780543566246
36.6,6,1.00012812137117,0.992781482755677,1.00752912552418
36.8,6,0.999779483876982,0.992309135915743,1.00730607046048
37,6,0.999506134381469,0.991927329318057,1.00714284518504
37.2,6,0.999317429805179,0.991647044240531,1.00704714576873
37.4,6,0.99922273995206,0.991477876473855,1.00702810191613
37.6,6,0.999231455907307,0.991427684083186,1.00709665314415
37.8,6,0.999352999328362,0.991502159967306,1.00726600262729
38,6,0.999596832638207,0.991704328604618,1.00755214936518
38.2,6,0.99997004036013,0.992031088023229,1.00797252595216
38.4,6,1.00046983083373,0.992464503161432,1.00853973035817
38.6,6,1.00109091609236,0.992982159589979,1.0092658892245
38.8,6,1.00182804004828,0.993561343056542,1.01016351817732
39,6,1.00267597212997,0.994180321779339,1.01124422105583
39.2,6,1.00362950121606,0.994819725078472,1.01251729365512
39.4,6,1.004683429861,0.995463710486372,1.01398853981737
39.6,6,1.00583256880777,0.99610062081285,1.01565959837356
39.8,6,1.00707173178346,0.99672299245946,1.01752791962265
40,6,1.00839573057474,0.99732699974189,1.019587306575
0,7,1.06896586491232,1.04653373773135,1.09187881780556
0.2,7,1.06885193208542,1.04766156641132,1.0904709014344
0.4,7,1.06873374835473,1.04875576615315,1.0890922955894
0.6,7,1.06861017289631,1.04980938441936,1.0877476602565
0.8,7,1.06848006548583,1.05081515027778,1.08644193989666
1,7,1.06834228656229,1.05176547510045,1.08518036413787
1.2,7,1.06819569730386,1.05265248242442,1.08396841957802
1.4,7,1.06803915971578,1.05346808517512,1.08281177449886
1.6,7,1.06787153673049,1.05420413421598,1.081716132528
1.8,7,1.06769169231979,1.05485266602015,1.08068698745358
2,7,1.06749849161912,1.05540627496473,1.07972925369161
2.2,7,1.06729080106387,1.05585862126098,1.0788467613923
2.4,7,1.06706748853765,1.05620505320315,1.07804163750297
2.6,7,1.06682742353267,1.05644327255303,1.07731364396969
2.8,7,1.06656947732196,1.0565739179359,1.07665959820131
3,7,1.06629252314349,1.05660091147377,1.07607303056914
3.2,7,1.06599543639615,1.05653143904136,1.07554420855519
3.4,7,1.06567709484758,1.0563755216056,1.07506057008653
3.6,7,1.0653363788536,1.05614525112226,1.07460749258013
3.8,7,1.06497217158942,1.05585385232341,1.07416923636178
4,7,1.06458335929233,1.0555147508882,1.0737298819637
4.2,7,1.06416883151595,1.05514078179593,1.07327412749843
4.4,7,1.06372754493769,1.0547434817495,1.07278813231661
4.6,7,1.06325927649974,1.0543311669233,1.07226298958969
4.8,7,1.06276437182136,1.05390874340098,1.07169441100568
5,7,1.06224318934524,1.05347889409372,1.07108039813275
5.2,7,1.06169608884912,1.05304252068618,1.07042076928006
5.4,7,1.06112343136208,1.05259910135314,1.06971679449295
5.6,7,1.0605255790819,1.05214698844264,1.06897089117915
5.8,7,1.05990289529334,1.05168365850909,1.06818636798424
6,7,1.05925574428752,1.05120592892393,1.06736720268946
6.2,7,1.05858449128223,1.05071015501173,1.06651784018471
6.4,7,1.05788950234333,1.050192420174,1.06564299805438
6.6,7,1.05717114430721,1.04964872894758,1.06474746982867
6.8,7,1.05642978470432,1.04907520918107,1.06383591971601
7,7,1.05566579168374,1.04846832422722,1.06291266791742
7.2,7,1.05487953393891,1.0478250892919,1.06198147238025
7.4,7,1.0540713806344,1.04714327860465,1.06104532032431
7.6,7,1.05324170133386,1.04642160351931,1.06010624942929
7.8,7,1.05239086592904,1.04565983826217,1.05916522196313
8,7,1.05151924457,1.04485887179514,1.0582220733805
8.2,7,1.05062720759641,1.04402067167055,1.05727554951149
8.4,7,1.04971512547009,1.04314815710476,1.05632343510915
8.6,7,1.04878336870858,1.04224499019475,1.05536276482767
8.8,7,1.04783230782005,1.04131530227731,1.05439009962719
9,7,1.04686231323923,1.04036337432447,1.05340184970679
9.2,7,1.04587377959098,1.03939327981377,1.0523946845528
9.4,7,1.04486755369858,1.03840835019291,1.05136693533834
9.6,7,1.04384488008221,1.03741077096065,1.05031889409135
9.8,7,1.04280701317798,1.03640176324106,1.0492518493335
10,7,1.04175520332592,1.03538182683644,1.04816781164933
10.2,7,1.04069069659844,1.03435095754405,1.0470692931518
10.4,7,1.03961473464359,1.03330884354333,1.0459591082003
10.6,7,1.03852855454327,1.03225504439838,1.0448401918252
10.8,7,1.03743338868601,1.03118915460163,1.04371543393155
11,7,1.0363304646545,1.03011095140392,1.04258752953487
11.2,7,1.03522100512762,1.02902052456535,1.04145884739287
11.4,7,1.03410622779691,1.02791838416385,1.04033132089395
11.6,7,1.03298734529748,1.02680554213338,1.03920636552828
11.8,7,1.03186556515305,1.02568356397111,1.03808482649978
12,7,1.03074208973528,1.02455458894214,1.03696695814795
12.2,7,1.02961811623705,1.02342131969533,1.03585243426346
12.4,7,1.02849483665972,1.02228698485707,1.03474038572797
12.6,7,1.02737343781428,1.02115528025624,1.03362945982267
12.8,7,1.02625510133619,1.02003029551212,1.03251789447076
13,7,1.02514100371387,1.0189164326466,1.03140360075043
13.2,7,1.02403231633071,1.01781832230225,1.03028424809415
13.4,7,1.02293020552051,1.01674074136427,1.02915734837397
13.6,7,1.02183583263631,1.01568853361398,1.02802033724286
13.8,7,1.02075035413234,1.01466653268075,1.02687065346338
14,7,1.01967493037966,1.01367941853983,1.02570590329483
14.2,7,1.01861096747585,1.01272978965963,1.02452629877789
14.4,7,1.01756014750723,1.01181776178907,1.02333512307998
14.6,7,1.01652416093945,1.01094298296766,1.02213615127957
14.8,7,1.01550469178911,1.01010482434056,1.02093342611143
15,7,1.01450341788694,1.00930244133508,1.01973119528262
15.2,7,1.01352201116889,1.00853482183014,1.01853386208298
15.4,7,1.01256213799485,1.00780082584139,1.01734594476514
15.6,7,1.01162545949496,1.00709922057519,1.01617204083814
15.8,7,1.01071363194334,1.00642871445486,1.01501679266913
16,7,1.00982830715905,1.005787993832,1.01388485067764
16.2,7,1.00897113293444,1.0051757665003,1.01278083000293
16.4,7,1.00814375349048,1.00459081671453,1.01170925593945
16.6,7,1.00734780995933,1.00403207695118,1.01067449290188
16.8,7,1.00658494089392,1.00349872168852,1.00968065164004
17,7,1.00585678280464,1.00299028730812,1.00873147060028
17.2,7,1.00516497072312,1.00250681885353,1.00783017069576
17.4,7,1.00451113879313,1.00204903793447,1.00697928919668
17.6,7,1.00389692088875,1.00161851650094,1.00618050801476
17.8,7,1.00332395125983,1.00121783046459,1.00543450240445
18,7,1.00279386520489,1.00085065971977,1.00474084352817
18.2,7,1.00230829977169,1.0005218028202,1.00409798663002
18.4,7,1.0018688944855,1.00023708870224,1.00350336242772
18.6,7,1.00147729210559,1.00000319091988,1.00295356625866
18.8,7,1.00113509992679,0.999827306721846,1.00244460375021
19,7,1.00084198953994,0.999713633753272,1.00197161887808
19.2,7,1.00059485600399,0.999661057713374,1.0015295265695
19.4,7,1.00039038887923,0.999667062194599,1.0011142389396
19.6,7,1.00022528615304,0.999728296982573,1.00072252238888
19.8,7,1.00009625289142,0.999840770292217,1.00035180077237
20,7,1,1,1
20.2,7,0.999933243094327,0.999665427600875,1.00020113033692
20.4,7,0.999892701478524,0.999346680085791,1.00043902120553
20.6,7,0.999875097232186,0.9990425716432,1.00070831658426
20.8,7,0.999877154405069,0.998752078831233,1.00100349735554
21,7,0.999895598319362,0.998474297043795,1.00131892277902
21.2,7,0.999927154979367,0.998208405468197,1.00164886389247
21.4,7,0.999968550588477,0.997953637978801,1.00198753139598
21.6,7,1.00001651117338,0.99770925793918,1.00232910004765
21.8,7,1.00006776231549,0.997474535241481,1.00266773124247
22,7,1.00011902898955,0.99724872412125,1.00299759523722
22.2,7,1.00016703550952,0.997031040365628,1.00331289440403
22.4,7,1.00020850558169,0.996820636488661,1.00360788893975
22.6,7,1.00024016246517,0.996616573273536,1.00387692663201
22.8,7,1.00025872923962,0.996417785758497,1.00411447860543
23,7,1.00026092918039,0.996223041236722,1.00431518347815
23.2,7,1.00024348624094,0.996030886098943,1.00447390309946
23.4,7,1.00020312564251,0.995839577302303,1.00458579408454
23.6,7,1.00013659593913,0.995646998987737,1.00464643749609
23.8,7,1.00004278781897,0.995451206815492,1.00465554777725
24,7,0.999924528527939,0.99525116685252,1.00461983472357
24.2,7,0.999785068519075,0.995045961674639,1.00454674631455
24.4,7,0.999627657933191,0.994834743893801,1.00444366327004
24.6,7,0.999455545963342,0.994616813226757,1.00431781875494
24.8,7,0.999271980324827,0.994391703677753,1.00417620839875
25,7,0.999080206830711,0.994159278355136,1.0040254931105
25.2,7,0.998883469072784,0.993919826553468,1.00387190005733
25.4,7,0.998685008207881,0.993674155268734,1.00372112963876
25.6,7,0.99848806284941,0.993423665899507,1.00357827770294
25.8,7,0.99829586906398,0.993170407106251,1.00344778203162
26,7,0.998111660472959,0.992917096892396,1.00333340002912
26.2,7,0.997938668458844,0.992667110612847,1.0032382209083
26.4,7,0.997780122476306,0.992424435950988,1.00316471133123
26.6,7,0.997639250467807,0.992193599829103,1.00311478953845
26.8,7,0.997519279383736,0.991979574790354,1.00308992042759
27,7,0.997423435807016,0.991787673161292,1.00309122327162
27.2,7,0.997354946682226,0.991623436382439,1.00311958468867
27.4,7,0.997317040149314,0.991492524788496,1.0031757715817
27.6,7,0.997312946482068,0.991400610462641,1.00326054142391
27.8,7,0.997345899131572,0.991353273108507,1.00337474994718
28,7,0.997419135874993,0.991355896486702,1.00351945868813
28.2,7,0.997535900070103,0.991413560943704,1.00369604686613
28.4,7,0.997699433987506,0.991530915601041,1.00390632799947
28.6,7,0.997910678415375,0.991709113405193,1.00415102436248
28.8,7,0.998165090468515,0.991941763879206,1.00442746148084
29,7,0.998457330321157,0.992221114970475,1.0047327409493
29.2,7,0.998782056593682,0.992539237932726,1.00506414099179
29.4,7,0.999133924466154,0.992888170795853,1.00541896699099
29.6,7,0.999507584078306,0.993260048620809,1.00579441609197
29.8,7,0.999897679216121,0.993647222524086,1.00618745389544
30,7,1.00029884628538,0.994042366310532,1.00659470440244
30.2,7,1.00070571357269,0.994438567239056,1.00701235668818
30.4,7,1.00111290079472,0.994829396186354,1.00743609304231
30.6,7,1.00151501893635,0.995208952432456,1.00786104335527
30.8,7,1.00190667037855,0.995571879441083,1.0082817693812
31,7,1.00228244931679,0.995913350055517,1.0086922804604
31.2,7,1.00263694247086,0.996229021951761,1.00908607986326
31.4,7,1.00296473008658,0.996514966363323,1.00945623874443
31.6,7,1.00326038723014,0.996767574481017,1.0097954933067
31.8,7,1.00351848537535,0.99698344623524,1.01009636046897
32,7,1.00373359428396,0.997159265368494,1.01035126813157
32.2,7,1.0039002841791,0.997291663013414,1.01055269782328
32.4,7,1.00401312821114,0.997377069738818,1.01069333976597
32.6,7,1.00406670521557,0.997411553570022,1.01076626284706
32.8,7,1.00405560276145,0.997390639174783,1.01076510430333
33,7,1.00397442048903,0.997309101621364,1.010684285702
33.2,7,1.00381777519482,0.997160728683267,1.01051926415882
33.4,7,1.00358331399934,0.996940646997986,1.01027024143388
33.6,7,1.00327804408854,0.996650996029769,1.00994915748829
33.8,7,1.00291078595329,0.996295187118155,1.00957031368471
34,7,1.00249035990874,0.995876787087929,1.00914785316834
34.2,7,1.00202558104957,0.995399892311557,1.00869537241568
34.4,7,1.00152525497805,0.994869470282068,1.00822556759578
34.6,7,1.00099817430512,0.994291639691435,1.00774994474774
34.8,7,1.00045311592328,0.993673857355487,1.00727862542783
35,7,0.999898839049756,0.993024988575113,1.00682027122767
35.2,7,0.999344084037528,0.992355254648312,1.00638213343742
35.4,7,0.99879757195158,0.991676071207745,1.00597021416622
35.6,7,0.998268004907478,0.990999806602081,1.00558950968807
35.8,7,0.997764067169384,0.990339495845912,1.005244300475
36,7,0.997294427004788,0.989708542269325,1.00493845577434
36.2,7,0.996867739293594,0.989120429008336,1.00467573057875
36.4,7,0.996492648889756,0.988588450190926,1.00446004512752
36.6,7,0.996177794734374,0.988125460480206,1.00429574827428
36.8,7,0.995931814720067,0.987743633183093,1.00418787451475
37,7,0.995763351307555,0.987454211625139,1.0041424099811
37.2,7,0.995681057896642,0.987267235498578,1.00416658571022
37.4,7,0.995693605955254,0.987191223163069,1.00426921722785
37.6,7,0.995809692911858,0.987232793036464,1.00446110734146
37.8,7,0.996038050818391,0.987396214337521,1.00475552191957
38,7,0.996387455792899,0.987682893545511,1.00516873234243
38.2,7,0.996864439710864,0.988088065469572,1.00571876727182
38.4,7,0.99746619462849,0.988592624578747,1.00641941350776
38.6,7,0.99818755037859,0.989173275560815,1.00728397172468
38.8,7,0.99902336553871,0.989806696098531,1.00832585678218
39,7,0.999968521252789,0.990470883696653,1.00955723177294
39.2,7,1.00101791533756,0.991146525032417,1.01098762041665
39.4,7,1.00216645666925,0.991818082663033,1.01262280294018
39.6,7,1.0034090598461,0.992474336913447,1.01446425759727
39.8,7,1.0047406401232,0.993108292632533,1.01650923812063
40,7,1.0061561086166,0.993716566206394,1.01875137170274
0,8,1.09261004786941,1.0677715119831,1.11802637859108
0.2,8,1.09241419872232,1.06892287013296,1.11642178768399
0.4,8,1.09221393905592,1.07003690877522,1.11485059896999
0.6,8,1.09200808023907,1.07110610945716,1.11331794000481
0.8,8,1.09179543461393,1.07212263691507,1.11182921617412
1,8,1.09157481556346,1.07307835322052,1.11039009816605
1.2,8,1.0913450375917,1.0739648666989,1.10900647498552
1.4,8,1.09110491641706,1.07477363443422,1.10768435369759
1.6,8,1.09085326907832,1.07549614179056,1.10642968246983
1.8,8,1.09058891405361,1.07612418413458,1.10524807172988
2,8,1.09031067139204,1.07665027072094,1.10414439347638
2.2,8,1.09001736285815,1.077068153295,1.10312225618913
2.4,8,1.08970781208911,1.07737344865068,1.1021833861
2.6,8,1.08938084476447,1.07756427793161,1.10132699203589
2.8,8,1.08903528878866,1.07764180032121,1.10054923618729
3,8,1.08866997448597,1.07761050021428,1.09984295170806
3.2,8,1.08828373480801,1.07747811837891,1.09919771663631
3.4,8,1.08787540555374,1.07725520004868,1.0986003111939
3.6,8,1.08744382560167,1.07695433500227,1.09803548340489
3.8,8,1.08698783715448,1.07658923878298,1.09748687387721
4,8,1.08650628599578,1.07617383858395,1.09693793621825
4.2,8,1.08599802175895,1.07572148567911,1.09637273119983
4.4,8,1.08546192647491,1.075244193232,1.09577675586888
4.6,8,1.08489724974245,1.07475018026086,1.09514012104009
4.8,8,1.08430349685506,1.07424379499964,1.0944574022813
5,8,1.0836801816596,1.07372705953489,1.09372556618856
5.2,8,1.08302682162084,1.0732001280142,1.0929434927673
5.4,8,1.08234293796117,1.07266165649821,1.09211159759245
5.6,8,1.08162805580207,1.0721091148191,1.09123151265771
5.8,8,1.08088170430734,1.07153905183068,1.09030581452942
6,8,1.08010341682792,1.07094732753363,1.08933778632238
6.2,8,1.07929273104838,1.07032932540432,1.08833120016948
6.4,8,1.07844918913484,1.0696801567514,1.08729010836076
6.6,8,1.07757233788445,1.06899486630625,1.08621863394533
6.8,8,1.07666172887626,1.06826864440678,1.08512075543557
7,8,1.07571691862341,1.06749704591984,1.08400008546679
7.2,8,1.07473746872666,1.06667620963385,1.08285964967896
7.4,8,1.07372294602905,1.06580306501721,1.08170167892197
7.6,8,1.07267292277176,1.06487550747404,1.08052743365004
7.8,8,1.07158697675106,1.06389252045793,1.0793370821408
8,8,1.07046469147622,1.06285422462988,1.07812965234843
8.2,8,1.06930565632834,1.06176184100011,1.07690307044634
8.4,8,1.06810946672006,1.06061756514706,1.07565428896025
8.6,8,1.06687572425602,1.05942436009041,1.07437949690875
8.8,8,1.06560403689402,1.05818568280229,1.07307439696006
9,8,1.06429401910676,1.05690516137692,1.07173453257692
9.2,8,1.0629453809958,1.05558629383071,1.07035577250637
9.4,8,1.06155949304472,1.05423301788104,1.06893688412301
9.6,8,1.06013918434389,1.05284914366671,1.06747970204657
9.8,8,1.05868732345514,1.05143751851073,1.0659871167924
10,8,1.05720676696968,1.05000023866918,1.06446275625907
10.2,8,1.05570035871335,1.04853887224777,1.06291075789906
10.4,8,1.05417092902822,1.04705466124124,1.06133556226267
10.6,8,1.05262129412984,1.0455487057697,1.05974172483902
10.8,8,1.05105425553985,1.04402213215191,1.05813374455139
11,8,1.04947259959312,1.04247624446978,1.05651590924927
11.2,8,1.04787909701903,1.04091265733897,1.0548921604782
11.4,8,1.04627650259597,1.03933340621762,1.05326598119107
11.6,8,1.04466755487868,1.03774103115005,1.05164031049901
11.8,8,1.04305497599738,1.03613863054558,1.05001748885671
12,8,1.04144147152826,1.03452988334517,1.04839923532404
12.2,8,1.03982973043441,1.03291904035738,1.046786656117
12.4,8,1.0382224250765,1.03131088808159,1.04518028112436
12.6,8,1.0366222112925,1.02971069039182,1.04358012301111
12.8,8,1.03503172854558,1.02812411459472,1.04198575238977
13,8,1.03345360013959,1.02655714842904,1.04039638248676
13.2,8,1.03189043350136,1.02501601363166,1.03881095767374
13.4,8,1.03034482052897,1.02350708001238,1.03722824191703
13.6,8,1.02881933800555,1.02203678184175,1.03564690533621
13.8,8,1.02731654807781,1.02061153595019,1.03406560947006
14,8,1.02583898060145,1.01923756204166,1.03248315536315
14.2,8,1.02438862960769,1.01791809524793,1.03090029479623
14.4,8,1.02296689204659,1.0166528704019,1.02932012753751
14.6,8,1.02157512753124,1.01544108315309,1.02774622625066
14.8,8,1.02021469018972,1.01428163916199,1.02618244666133
15,8,1.01888692908982,1.01317321985965,1.0246328603256
15.2,8,1.01759318868196,1.01211433463602,1.02310170127599
15.4,8,1.01633480926021,1.01110336417978,1.0215933218182
15.6,8,1.0151131274414,1.01013859901078,1.02011215343418
15.8,8,1.01392947666239,1.00921827697278,1.01866266902001
16,8,1.01278518769527,1.00834062352614,1.01724934261597
16.2,8,1.01168158918085,1.00750389902197,1.01587660244396
16.4,8,1.01062000818016,1.00670645762651,1.01454877258072
16.6,8,1.00960177074426,1.00594682295775,1.01326999820223
16.8,8,1.0086282025023,1.00522378536655,1.01204414946474
17,8,1.00770062926805,1.00453652446775,1.01087470041497
17.2,8,1.00682037766496,1.00388475713804,1.00976458271098
17.4,8,1.00598877576987,1.00326890500326,1.00871602012989
17.6,8,1.00520715377577,1.00269026650279,1.00773035877393
17.8,8,1.00447684467347,1.0021511687456,1.00680791775967
18,8,1.00379918495276,1.00165506757434,1.00594789197434
18.2,8,1.00317551532307,1.00120656563448,1.0051483371026
18.4,8,1.00260718145408,1.00081133078172,1.00440625459159
18.6,8,1.00209553473651,1.0004759179845,1.00371777339914
18.8,8,1.00164189305507,1.00020745153403,1.00307839177181
19,8,1.00124561545728,1.00001001373963,1.00248274387125
19.2,8,1.00090325120551,0.999882249108079,1.00192529587099
19.4,8,1.00061114532399,0.999821355544089,1.00140155898324
19.6,8,1.00036565498633,0.999823663222633,1.0009079405569
19.8,8,1.00016314776257,0.999884830614197,1.0004415423803
20,8,1,1,1
20.2,8,0.99987259533675,0.999581357119876,1.00016391840885
20.4,8,0.999777323347316,0.999183968213875,1.00037103083861
20.6,8,0.999710578319355,0.998806423008584,1.00061555210386
20.8,8,0.999668758161178,0.998447487506581,1.00089152263696
21,8,0.999648263439506,0.99810605727555,1.00119285251641
21.2,8,0.999645496547162,0.997781119639258,1.00151335708608
21.4,8,0.999656861000448,0.99747172212384,1.00184678681167
21.6,8,0.999678760866042,0.997176945040272,1.002186853494
21.8,8,0.999707600317314,0.996895876442833,1.00252725459991
22,8,0.999739783320016,0.996627587915623,1.00286169725955
22.2,8,0.999771713447317,0.996371109719689,1.00318392339837
22.4,8,0.999799793824218,0.996125403787472,1.00348773751805
22.6,8,0.999820427201347,0.995889332872736,1.00376703881899
22.8,8,0.999830016158184,0.995661623834265,1.00401585968656
23,8,0.999824963435697,0.99544082251732,1.00422841307756
23.2,8,0.999801672398401,0.995225236949719,1.00439915208977
23.4,8,0.999756547625759,0.995012864526678,1.00452284603982
23.6,8,0.999686016968382,0.994801302800657,1.00459471626
23.8,8,0.999588647155267,0.99458821061546,1.00461422411532
24,8,0.999466935498361,0.994371998045941,1.00458797825915
24.2,8,0.999323801954927,0.994151185399807,1.0045233318834
24.4,8,0.999162166325167,0.993924379333589,1.00442755542928
24.6,8,0.998984947669874,0.993690355126239,1.00430775092327
24.8,8,0.998795063813271,0.993448148191078,1.00417075749169
25,8,0.99859543093104,0.993197151968954,1.00402305091137
25.2,8,0.998388963223489,0.992937216516866,1.00387064288223
25.4,8,0.998178572673791,0.992668739833889,1.00371898797963
25.6,8,0.997967168891192,0.992392742825143,1.0035729073849
25.8,8,0.997757659039092,0.992110919289259,1.00343653800762
26,8,0.997552947847856,0.991825654563014,1.00331331336492
26.2,8,0.997355937712248,0.991540010085086,1.00320597895441
26.4,8,0.997169528873367,0.991257675302955,1.0031166406955
26.6,8,0.996996619684966,0.990982892016295,1.00304684134436
26.8,8,0.996840106964077,0.990720358591318,1.00299765744701
27,8,0.996702886425876,0.990475122117671,1.00296980875775
27.2,8,0.996587853202746,0.990252465643573,1.0029637729867
27.4,8,0.996497902447557,0.990057795595184,1.00297990076976
27.6,8,0.996435930021209,0.989896531947547,1.00301852829387
27.8,8,0.996404833264539,0.989774001152299,1.0030800875726
28,8,0.996407511854769,0.989695329530224,1.00316521666509
28.2,8,0.996446868746709,0.989665332899517,1.0032748740689
28.4,8,0.996525804243108,0.989688387319093,1.00341045853071
28.6,8,0.996645222970644,0.989765646438649,1.0035726174618
28.8,8,0.996801278198563,0.989891388591004,1.00375940196084
29,8,0.996989433680535,0.990058626331627,1.0039687594598
29.2,8,0.99720515314795,0.990260197756716,1.00419881533917
29.4,8,0.997443898949914,0.990488912959412,1.004447721257
29.6,8,0.997701130900035,0.990737685443,1.00471351925421
29.8,8,0.997972305329991,0.99099965057823,1.00499401954838
30,8,0.998252874350022,0.991268270279528,1.00528669284156
30.2,8,0.99853828531658,0.991537420985195,1.0055885800581
30.4,8,0.998823980507469,0.991801460916946,1.00589622353897
30.6,8,0.999105397004851,0.992055272563778,1.00620562374971
30.8,8,0.999377966786513,0.992294277327018,1.00651222456783
31,8,0.999637117025819,0.992514421012811,1.00681092846589
31.2,8,0.99987827060072,0.99271213092223,1.00709614084268
31.4,8,1.00009684681216,0.992884247153085,1.00736184089081
31.6,8,1.0002882623121,0.993027931946576,1.00760167516938
31.8,8,1.00044793224139,0.993140561224996,1.00780906973682
32,8,1.00057127157736,0.993219601839062,1.00797735732582
32.2,8,1.00065369669118,0.993262476632702,1.00809991745214
32.4,8,1.00069062711444,0.993266417510678,1.00817032927012
32.6,8,1.00067748751459,0.993228304570324,1.00818253911088
32.8,8,1.00060970987834,0.993144487351585,1.00813104664435
33,8,1.0004827359021,0.993010582733808,1.00801111513076
33.2,8,1.00029202087698,0.992821244559814,1.00781901325427
33.4,8,1.00003569266658,0.992572158724134,1.0075553478073
33.6,8,0.999720137879109,0.992264995650145,1.0072312925099
33.8,8,0.999353340295477,0.991902509476618,1.00686013919523
34,8,0.99894328081389,0.991487612240119,1.00645501362205
34.2,8,0.998497933689167,0.991023726887882,1.0060285102481
34.4,8,0.998025263407609,0.990515103543448,1.00559236586758
34.6,8,0.997533222196918,0.989967075893599,1.00515719524142
34.8,8,0.997029748170071,0.989386232802135,1.00473231360889
35,8,0.996522764101559,0.98878048678541,1.00432566443651
35.2,8,0.996020176834055,0.988159034175106,1.00394385756812
35.4,8,0.995529877313389,0.9875322172814,1.00359230745097
35.6,8,0.995059741249636,0.986911311405507,1.00327544857671
35.8,8,0.994617630402184,0.986308265416896,1.00299699941043
36,8,0.994211394486906,0.985735423038136,1.00276024765456
36.2,8,0.993848873703867,0.985205244841116,1.00256833683598
36.4,8,0.993537901884525,0.984730041294072,1.00242454387184
36.6,8,0.99328631025799,0.984321717718734,1.00233254675364
36.8,8,0.993101931836681,0.98399152432877,1.00229668918187
37,8,0.992992606422633,0.983749799163523,1.00232225434601
37.2,8,0.992966186236718,0.983605688673167,1.00241576310882
37.4,8,0.993030542174265,0.983566829968342,1.00258531260418
37.6,8,0.993193570691844,0.983638980951571,1.00284096906097
37.8,8,0.99346320133148,0.983825591432834,1.00319522178965
38,8,0.993847404890139,0.984127323038811,1.00366349057043
38.2,8,0.994352086183144,0.98453898540223,1.00426299614009
38.4,8,0.994974550742563,0.98504201344903,1.00500724142625
38.6,8,0.99570992748929,0.985613967791289,1.00590930333758
38.8,8,0.996553369921184,0.986232397101552,1.00698235225283
39,8,0.99750005059784,0.986876045162425,1.00823842651782
39.2,8,0.998545155878039,0.98752607166813,1.00968719402335
39.4,8,0.999683880906278,0.988167044695804,1.01133494292099
39.6,8,1.00091142484473,0.9887874899219,1.01318401637933
39.8,8,1.00222298634767,0.989379905748904,1.01523278219738
40,8,1.0036137592761,0.989940312451099,1.01747606915246
0,9,1.10127525776691,1.07697487298465,1.12612394568547
0.2,9,1.10097532969043,1.07799588890833,1.12444461899987
0.4,9,1.10067199322296,1.07898122882005,1.12279880715835
0.6,9,1.10036431625252,1.07992381425154,1.12119171047361
0.8,9,1.1000513677576,1.08081626174787,1.11962879772775
1,9,1.09973221784794,1.08165089512373,1.11811579542438
1.2,9,1.09940593781309,1.08241979076121,1.11665864428502
1.4,9,1.09907160017889,1.08311487406078,1.11526340487869
1.6,9,1.09872827877175,1.08372808975241,1.11393608967775
1.8,9,1.09837504879076,1.0842516707456,1.11268239686132
2,9,1.09801098688753,1.08467852559953,1.11150732578516
2.2,9,1.09763517125385,1.08500274843038,1.11041467030052
2.4,9,1.09724668171707,1.08522022329333,1.10940641788399
2.6,9,1.09684459984312,1.08532925000261,1.10848212761438
2.8,9,1.09642800904728,1.08533107348374,1.10763840490134
3,9,1.09599599471258,1.08523017855819,1.10686861106454
3.2,9,1.09554764431576,1.08503424009814,1.1061629178239
3.4,9,1.09508204756079,1.08475369732729,1.1055087379233
3.6,9,1.09459829651999,1.08440102134055,1.10489146281264
3.8,9,1.09409548578255,1.08398981985076,1.10429536337764
4,9,1.09357271261047,1.08353394017391,1.1037044927031
4.2,9,1.09302907710195,1.08304669253783,1.10310346878108
4.4,9,1.09246366384917,1.08254005297043,1.10247824415911
4.6,9,1.09187532280028,1.08202172269757,1.10181865625395
4.8,9,1.09126274292487,1.081495220393,1.10111848082248
5,9,1.09062461446038,1.08096178052071,1.10037382551479
5.2,9,1.08995963253842,1.08042080834904,1.09958267314257
5.4,9,1.08926649750366,1.07987024105812,1.09874451343459
5.6,9,1.08854391524801,1.07930685216889,1.0978600321515
5.8,9,1.08779059755994,1.07872651013688,1.09693084671634
6,9,1.08700526248871,1.0781244041434,1.09595927532774
6.2,9,1.08618663472343,1.07749525007174,1.09494812656785
6.4,9,1.0853334459866,1.07683348829182,1.09390049788081
6.6,9,1.08444443544211,1.07613348244086,1.09281957373349
6.8,9,1.08351835011728,1.07538972476939,1.09170841788787
7,9,1.08255394533887,1.07459704866066,1.09056975917569
7.2,9,1.08154998518275,1.07375084274136,1.08940577635529
7.4,9,1.08050524293682,1.07284725427827,1.0882178943538
7.6,9,1.07941850157724,1.07188336370685,1.0870066100456
7.8,9,1.07828855425729,1.07085730905106,1.08577136880413
8,9,1.07711420480879,1.06976834032736,1.08451051172991
8.2,9,1.07589426825572,1.06861679026487,1.08322130721772
8.4,9,1.07462757133959,1.06740395748215,1.08190007071671
8.6,9,1.07331295305634,1.06613190869876,1.08054236609856
8.8,9,1.07194926520426,1.06480321422202,1.07914327438569
9,9,1.07053537294265,1.06342063342353,1.07769771311652
9.2,9,1.06907029281202,1.06198687117371,1.07620096066727
9.4,9,1.06755561062121,1.06050603186159,1.07465205055766
9.6,9,1.06599516844601,1.05898294131388,1.07305382817628
9.8,9,1.06439287103701,1.05742150986283,1.07141019295264
10,9,1.06275260610396,1.05582490801194,1.06972575965029
10.2,9,1.06107824289273,1.05419578279005,1.06800563606937
10.4,9,1.05937363090248,1.05253645409667,1.06625522135923
10.6,9,1.05764259874226,1.050849093876,1.06448002210132
10.8,9,1.05588895312589,1.04913588961836,1.06268548466
11,9,1.054116478004,1.04739919178405,1.06087684420198
11.2,9,1.05232893383198,1.04564164287074,1.059058992658
11.4,9,1.05053005697245,1.04386628450944,1.05723636923592
11.6,9,1.04872355923099,1.04207663856632,1.05541287750126
11.8,9,1.04691312752353,1.04027675893831,1.05359183233092
12,9,1.04510242367398,1.03847125247086,1.05177593830395
12.2,9,1.04329508434065,1.0366652698264,1.04996729869385
12.4,9,1.04149472106982,1.0348644696275,1.04816745173089
12.6,9,1.03970492047498,1.03307496120843,1.04637742879317
12.8,9,1.03792924454027,1.03130323240797,1.04459782808648
13,9,1.03617123104651,1.02955606886177,1.04282889734741
13.2,9,1.03443439411856,1.02784047030167,1.04107062005582
13.4,9,1.0327222248923,1.02616356769984,1.03932280131238
13.6,9,1.03103819230023,1.02453254299332,1.03758515163989
13.8,9,1.02938574397414,1.02295455077447,1.03585736931806
14,9,1.02776826654824,1.02143652302125,1.03413925967635
14.2,9,1.02618795896158,1.01998184766521,1.03243183153527
14.4,9,1.02464569584237,1.01858979711305,1.03073759916306
14.6,9,1.02314227977043,1.0172590900329,1.02905949419433
14.8,9,1.02167851197815,1.01598817132836,1.02740072305481
15,9,1.02025519269071,1.01477527543475,1.02576470220602
15.2,9,1.01887312147317,1.01361847645001,1.02415500681897
15.4,9,1.01753309758455,1.01251572969528,1.02257532827822
15.6,9,1.01623592033884,1.01146490863051,1.02102943658738
15.8,9,1.01498238947315,1.01046384077945,1.01952114401832
16,9,1.01377330552299,1.00951034638119,1.01805426628381
16.2,9,1.01260947020484,1.00860228380835,1.01663257719072
16.4,9,1.01149168680599,1.00773760625126,1.01525975227178
16.6,9,1.01042076058193,1.00691443452878,1.01393929653293
16.8,9,1.00939749916131,1.00613115073293,1.01267445160692
17,9,1.00842271295856,1.00538651609507,1.01146807892394
17.2,9,1.00749721559445,1.00467981314767,1.0103225188236
17.4,9,1.00662182432457,1.00401100625162,1.00923943153726
17.6,9,1.00579736047607,1.00338090596246,1.00821963456665
17.8,9,1.00502464989266,1.00279131330026,1.00726296039366
18,9,1.00430452338823,1.00224511364732,1.00636816479705
18.2,9,1.00363781720914,1.00174629158626,1.00553291446409
18.4,9,1.00302537350545,1.00129985023901,1.00475387033724
18.6,9,1.00246804081131,1.00091163867423,1.00402686312967
18.8,9,1.00196664074134,1.00058805073894,1.0033471301372
19,9,1.00152034165485,1.00033277608803,1.00270931706449
19.2,9,1.00112594022023,1.00014460072978,1.00210824259864
19.4,9,1.00078006237423,1.00002094830626,1.00153975268431
19.6,9,1.00047934602183,0.999958412009346,1.00100055141786
19.8,9,1.00022043947408,0.999952943045796,1.00048800746007
20,9,1,1,1
20.2,9,0.999814692491548,0.999534798452787,1.00009466490744
20.4,9,0.999661188240883,0.99909096924032,1.00023173268699
20.6,9,0.999536163829308,0.998667303538689,1.00040578004555
20.8,9,0.999436300127339,0.998262760868892,1.00061121897686
21,9,0.999358281405483,0.997876424427383,1.00084233895677
21.2,9,0.999298794555358,0.99750746493114,1.00109334105958
21.4,9,0.999254528420887,0.997155110441534,1.00135836653088
21.6,9,0.999222173239374,0.996818620137379,1.00163152184659
21.8,9,0.999198420192291,0.996497260351498,1.00190690194432
22,9,0.999179961065701,0.996190281388116,1.00217861311005
22.2,9,0.999163488020233,0.995896893715059,1.00244079692691
22.4,9,0.999145693470584,0.995616242080105,1.00268765673722
22.6,9,0.999123270074512,0.995347375929058,1.00291348824085
22.8,9,0.999092910831327,0.995089214186212,1.00311271616961
23,9,0.999051309289832,0.994840501964094,1.00327993947089
23.2,9,0.998995159865708,0.994599756052447,1.00340998815054
23.4,9,0.998921158268262,0.994365195035988,1.00349799592482
23.6,9,0.998826020947043,0.994134652109315,1.00353952857807
23.8,9,0.998708360093657,0.993905862512873,1.00353406307435
24,9,0.998570271382739,0.99367699452675,1.00348764475955
24.2,9,0.998414224652303,0.99344629185029,1.00340700062554
24.4,9,0.998242689265071,0.993212081727852,1.00329877677043
24.6,9,0.998058133695546,0.992972853975785,1.00316945649365
24.8,9,0.997863025178076,0.992727348864895,1.00302526988511
25,9,0.997659829415892,0.992474651102065,1.00287209766508
25.2,9,0.997451010351086,0.992214284438659,1.00271537474717
25.4,9,0.997239029995453,0.991946299254645,1.002560001175
25.6,9,0.997026348322146,0.991671344378086,1.0024102691724
25.8,9,0.996815423218039,0.991390714872687,1.00226981457352
26,9,0.996608710496728,0.991106369690994,1.00214159873437
26.2,9,0.996408663972072,0.990820916576949,1.00202792354102
26.4,9,0.996217735592187,0.990537565594761,1.0019304781364
26.6,9,0.996038375633814,0.990260056176976,1.0018504124718
26.8,9,0.995873032957007,0.989992564823298,1.00178843055049
27,9,0.995724155320061,0.989739601185522,1.00174489562735
27.2,9,0.995594189754674,0.989505899370547,1.00171994053174
27.4,9,0.995485583001322,0.989296309344161,1.00171357823062
27.6,9,0.995400782004862,0.989115690884068,1.00172581018333
27.8,9,0.99534223447043,0.988968810077588,1.00175673249277
28,9,0.995312389479703,0.988860236164505,1.0018066420531
28.2,9,0.995313698167659,0.988794234681806,1.00187614673843
28.4,9,0.995348608544241,0.988774643216085,1.00196628152655
28.6,9,0.995417870435529,0.988802423238132,1.00207757737642
28.8,9,0.995518192444837,0.988872466299558,1.00220858125138
29,9,0.995645697025074,0.988978528446279,1.00235781211745
29.2,9,0.995796507092089,0.98911420260767,1.00252395620501
29.4,9,0.995966745040362,0.989273060941581,1.00270572038236
29.6,9,0.996152531909897,0.989448782361523,1.00290170094719
29.8,9,0.996349986704265,0.989635267131045,1.00311026595027
30,9,0.996555225859868,0.989826737629263,1.00332945194756
30.2,9,0.996764362866534,0.990017822430101,1.0035568780388
30.4,9,0.996973508039603,0.990203619844227,1.00378968104475
30.6,9,0.997178768443716,0.990379737129616,1.00402447561868
30.8,9,0.997376247968516,0.990542302608931,1.00425734205568
31,9,0.997562047556481,0.990687949663865,1.00448384283136
31.2,9,0.997732265583088,0.9908137735683,1.00469906690991
31.4,9,0.997882998389478,0.990917263877978,1.00489769910538
31.6,9,0.998010340967734,0.990996216198945,1.00507411067509
31.8,9,0.998110387798827,0.991048627379672,1.00522246710127
32,9,0.998179233843195,0.991072577499386,1.00533684968839
32.2,9,0.998212975683823,0.991066100623309,1.0054113890051
32.4,9,0.998207712821576,0.991027044429428,1.00544041006485
32.6,9,0.998159549122392,0.990952916775259,1.00541859117427
32.8,9,0.998064594415826,0.990840715362231,1.00534114028839
33,9,0.997918966244213,0.990686735205193,1.00520399416033
33.2,9,0.997718792888014,0.990486349023314,1.00500404741922
33.4,9,0.997462536412299,0.990235688686214,1.00474212645888
33.6,9,0.997155873650736,0.989935903202781,1.00442850202644
33.8,9,0.996805875515458,0.98958903974552,1.00407534193958
34,9,0.996419609363682,0.989197293023536,1.00369465720005
34.2,9,0.996004136184578,0.988763341386215,1.00329795591532
34.4,9,0.995566508285992,0.988290648480152,1.00289593344328
34.6,9,0.995113767480501,0.987783708828778,1.00249822038813
34.8,9,0.99465294376988,0.987248213841993,1.00211321193479
35,9,0.994191054526736,0.986691120662958,1.0017479961073
35.2,9,0.993735104171872,0.986120618476548,1.00140838631797
35.4,9,0.993292084345825,0.985546001433359,1.00109904904402
35.6,9,0.992868974572985,0.984977469287059,1.00082370552409
35.8,9,0.992472743416826,0.98442588265134,1.00058538055951
36,9,0.992110350124931,0.983902498616858,1.00038667267203
36.2,9,0.991788746762757,0.983418705980143,1.0002300263598
36.4,9,0.991514880835505,0.982985770335751,1.00011799619689
36.6,9,0.99129569839787,0.98261459033108,1.00005350147612
36.8,9,0.991138147652065,0.982315459039363,1.00004007744299
37,9,0.991049183035118,0.982097819221875,1.0000821343568
37.2,9,0.991035769797259,0.981969998213188,1.00018523865779
37.4,9,0.99110488907401,0.981938907268091,1.00035643141923
37.6,9,0.991263543455581,0.982009691990323,1.00060459748884
37.8,9,0.991518763058227,0.982185326455654,1.00094089273783
38,9,0.991877612103345,0.982466156692494,1.00137922379322
38.2,9,0.99234530616039,0.982847093263259,1.00193530958003
38.4,9,0.992919377143608,0.983310775330551,1.00262187117377
38.6,9,0.99359541039783,0.98383622003464,1.00345140731744
38.8,9,0.994369011126227,0.984402341038035,1.00443658966263
39,9,0.995235799874356,0.984989065349359,1.0055891300684
39.2,9,0.996191408220892,0.985578482246679,1.00691861651738
39.4,9,0.99723147467256,0.986155804531156,1.0084315373983
39.6,9,0.99835164076055,0.986709936666109,1.01013069958224
39.8,9,0.99954754733627,0.987233549650912,1.01201514042876
40,9,1.00081483106473,0.987722708209545,1.01408048813091
0,10,1.09715425079558,1.07581257738779,1.11891929443849
0.2,10,1.09673463014887,1.07659077129112,1.11725539642631
0.4,10,1.0963135758806,1.0773396005143,1.11562171861718
0.6,10,1.09589066275585,1.07805321746459,1.11402324603229
0.8,10,1.09546546620698,1.07872547604045,1.11246523263448
1,10,1.09503756234166,1.07934992410232,1.11095321004117
1.2,10,1.09460652795255,1.07991981981052,1.10949297258622
1.4,10,1.09417194052865,1.08042818836743,1.10809052219312
1.6,10,1.09373337826823,1.08086794183228,1.10675195039104
1.8,10,1.09329042009342,1.08123208981538,1.10548322966638
2,10,1.09284264566643,1.08151406926129,1.10428988594013
2.2,10,1.09238963540736,1.08170821116648,1.1031765343249
2.4,10,1.09193097051364,1.08181033419481,1.10214628819783
2.6,10,1.09146623298106,1.08181840731612,1.10120009946341
2.8,10,1.09099500562641,1.08173316570003,1.10033614577353
3,10,1.09051687211174,1.08155852316579,1.09954942140295
3.2,10,1.09003141697015,1.08130163533017,1.09883167763743
3.4,10,1.0895382256332,1.08097254639943,1.09817177972741
3.6,10,1.08903688445988,1.08058347303427,1.09755642697718
3.8,10,1.08852698076717,1.08014788107324,1.09697108018281
4,10,1.08800810286213,1.07967954448734,1.09640090704481
4.2,10,1.08747984007552,1.07919173545347,1.09583159666597
4.4,10,1.08694170923503,1.07869637285001,1.09525007129975
4.6,10,1.08639228319403,1.07820056239386,1.09464624129217
4.8,10,1.08582948265395,1.0777069128901,1.09401327141786
5,10,1.08525121993313,1.07721584213446,1.09334653678379
5.2,10,1.08465541244871,1.07672603146413,1.09264318812327
5.4,10,1.08403998303523,1.07623477383471,1.09190179818471
5.6,10,1.083402860303,1.0757382615958,1.09112206901661
5.8,10,1.08274197903606,1.07523182563625,1.09030458847627
6,10,1.08205528062942,1.07471013972908,1.0894506221307
6.2,10,1.08134071356542,1.07416740391374,1.08856192671071
6.4,10,1.08059623392877,1.07359751964636,1.08764057238665
6.6,10,1.07981980596009,1.07299426746185,1.08668876312066
6.8,10,1.0790094026475,1.07235149478072,1.08570864746152
7,10,1.07816300635603,1.07166331684435,1.08470211679691
7.2,10,1.07727860949419,1.07092432736083,1.08367059447956
7.4,10,1.07635421521758,1.07012980771166,1.0826148269751
7.6,10,1.07538783816878,1.06927591591666,1.08153469583192
7.8,10,1.07437750525314,1.06835983131993,1.08042907450748
8,10,1.07332125644991,1.0673798306686,1.07929575437602
8.2,10,1.07221714565807,1.06633527727523,1.07813145822279
8.4,10,1.07106324157624,1.06522651626838,1.07693194821559
8.6,10,1.06985762861598,1.06405468203253,1.07569222224691
8.8,10,1.06859840784772,1.06282143421676,1.07440678226084
9,10,1.06728369797863,1.06152864263088,1.07306995423866
9.2,10,1.06591180745012,1.06017818167804,1.07167644165557
9.4,10,1.06448424465312,1.05877402694817,1.07022525890711
9.6,10,1.06300532972863,1.05732150057648,1.06871971336569
9.8,10,1.06147946462444,1.05582505353977,1.0671641575864
10,10,1.0599110338396,1.05428841419033,1.0655636394503
10.2,10,1.0583044026175,1.05271479812289,1.06392368626022
10.4,10,1.05666391531785,1.05110709835013,1.06225010913485
10.6,10,1.05499389396653,1.04946805891279,1.0605488245728
10.8,10,1.05329863698212,1.04780043357535,1.05882569153244
11,10,1.05158241807766,1.04610712911875,1.05708636451185
11.2,10,1.04984948533614,1.04439133063556,1.05533616521868
11.4,10,1.04810406045819,1.04265660476212,1.05357997688949
11.6,10,1.04635033818008,1.04090697641019,1.05182216568997
11.8,10,1.04459248586039,1.03914697549579,1.05006653269175
12,10,1.04283464323342,1.03738165226314,1.04831629782085
12.2,10,1.04108092232744,1.03561656257492,1.04657411439935
12.4,10,1.03933540754594,1.03385772728844,1.04484211015362
12.6,10,1.03760215590992,1.03211157188553,1.04312194851384
12.8,10,1.03588519745933,1.03038485344402,1.04141490310995
13,10,1.03418853581187,1.02868458174265,1.03972193866542
13.2,10,1.03251614887723,1.02701793999506,1.03804379278651
13.4,10,1.03087198972519,1.0253922087784,1.03638105507552
13.6,10,1.02925998760584,1.02381469450862,1.03473424221052
13.8,10,1.02768404912035,1.02229266152015,1.03310386992891
14,10,1.02614800021588,1.0208331371713,1.03149053454987
14.2,10,1.02465394417009,1.01943928814457,1.02989527430733
14.4,10,1.0232020615508,1.01810983543324,1.0283197571864
14.6,10,1.02179243413194,1.01684297279189,1.0267659868688
14.8,10,1.02042514748667,1.01563665780484,1.02523621377919
15,10,1.01910029105891,1.0144886671869,1.02373287827474
15.2,10,1.01781795823577,1.01339663977711,1.02225856633497
15.4,10,1.01657824642093,1.01235811153993,1.02081597343481
15.6,10,1.01538125710894,1.0113705462164,1.01940787295533
15.8,10,1.01422709596049,1.01043136501303,1.01803708574228
16,10,1.01311587287874,1.00953797881501,1.01670644732321
16.2,10,1.01204770208664,1.00868782680023,1.01541876890491
16.4,10,1.01102270220538,1.00787842590037,1.01417678770287
16.6,10,1.01004099633389,1.00710743608004,1.01298310163017
16.8,10,1.00910271212961,1.00637274645303,1.0118400833253
17,10,1.00820798189029,1.00567258611186,1.01074976964146
17.2,10,1.00735694263712,1.00500566025802,1.00971372600894
17.4,10,1.00654973619909,1.00437130592117,1.00873289138149
17.6,10,1.00578650929866,1.00376965227308,1.00780741876024
17.8,10,1.00506741363874,1.00320176028939,1.00693653654183
18,10,1.00439260599105,1.0026697098348,1.00611846261489
18.2,10,1.00376224828595,1.00217660478673,1.0053504005898
18.4,10,1.00317650770364,1.00172648139947,1.00462863296029
18.6,10,1.00263555676695,1.00132412769289,1.00394870341295
18.8,10,1.00213955147761,1.00097479656359,1.00330566172448
19,10,1.00168757434872,1.00068166012614,1.00269449974545
19.2,10,1.00127716745902,1.00044401397926,1.00211101477543
19.4,10,1.00090576260506,1.00025995412673,1.00155198804359
19.6,10,1.0005708000801,1.00012682464624,1.00101497260316
19.8,10,1.0002697277175,1.00004139526619,1.00049811230235
20,10,1,1,1
20.2,10,0.999759077234614,0.999519568433909,0.999998643427357
20.4,10,0.99954442479253,0.999056006776691,1.00003308158593
20.6,10,0.999353512413785,0.998608696741883,1.00009888360897
20.8,10,0.999183813576339,0.998177163251848,1.00019147909624
21,10,0.999032804929322,0.997761035766663,1.0003061951182
21.2,10,0.998897965790209,0.997360017269007,1.00043828585791
21.4,10,0.998776777705753,0.996973858583333,1.00058295721192
21.6,10,0.998666724076539,0.996602336199186,1.00073538818038
21.8,10,0.998565289845009,0.996245232098018,1.00089075054679
22,10,0.998469961246895,0.995902314276274,1.00104422815491
22.2,10,0.998378225625961,0.995573316731639,1.00119103701603
22.4,10,0.998287571312009,0.995257917640592,1.00132644751882
22.6,10,0.998195487562083,0.994955714298508,1.00144581017037
22.8,10,0.99809946456485,0.994666193100872,1.00154458659038
23,10,0.997996993508091,0.994388692383248,1.00161838794052
23.2,10,0.997885566709281,0.994122355259853,1.00166302364905
23.4,10,0.99776267780919,0.993866068639201,1.00167456425194
23.6,10,0.997625836528584,0.993618383999278,1.00164945187858
23.8,10,0.997474006143117,0.993377529185379,1.0015873760977
24,10,0.997308820462044,0.993141664548855,1.00149346148237
24.2,10,0.997132199529771,0.99290895743333,1.00137340477749
24.4,10,0.996946062475959,0.992677634138731,1.00123284468744
24.6,10,0.996752327314209,0.992446048075726,1.00107729174058
24.8,10,0.996552910777655,0.992212757510098,1.0009120488146
25,10,0.996349728191417,0.991976610851404,1.00074212436831
25.2,10,0.996144693381887,0.99173683478619,1.00057214307949
25.4,10,0.995939718622794,0.991493118214953,1.0004062609292
25.6,10,0.995736714618004,0.991245683505697,1.00024809321912
25.8,10,0.995537590520994,0.990995336598499,1.00010066398717
26,10,0.995344253990957,0.99074348926073,0.999966383520784
26.2,10,0.995158611285484,0.990492150060583,0.999847057399778
26.4,10,0.994982567389779,0.99024388463499,0.999743926491879
26.6,10,0.994818026182356,0.990001749544353,0.999657733607895
26.8,10,0.994666890637208,0.989769206519069,0.999588810010963
27,10,0.994531063062402,0.989550024741849,0.999537174135348
27.2,10,0.994412445375107,0.989348178041208,0.999502635639071
27.4,10,0.994312939413046,0.989167741954738,0.99948489983153
27.6,10,0.994234447282401,0.989012793153168,0.999483669985098
27.8,10,0.994178871742197,0.988887311206305,0.999498747549797
28,10,0.994148116625239,0.988795080425928,0.999530132536444
28.2,10,0.994144087295655,0.988739587642715,0.9995781282119
28.4,10,0.994168686240115,0.988723903373963,0.999643452866504
28.6,10,0.994222408080018,0.988748600728427,0.999726518955578
28.8,10,0.994302397716581,0.98880906899431,0.999826244626233
29,10,0.994405314107546,0.988899706916502,0.99994157325483
29.2,10,0.994527816576433,0.989014763313974,1.00007160118629
29.4,10,0.994666564097698,0.989148475622868,1.00021543591918
29.6,10,0.994818214694245,0.989295195776801,1.00037206741953
29.8,10,0.994979424947278,0.989449504673725,1.00054025131365
30,10,0.99514684961852,0.989606313481357,1.00071840570803
30.2,10,0.995317141384882,0.989760947948687,1.00090452546925
30.4,10,0.995486950685673,0.989909210959737,1.00109611872857
30.6,10,0.995652925682478,0.990047418918003,1.00129017002385
30.8,10,0.995811712331841,0.990172409077083,1.00148313296425
31,10,0.995959954570872,0.990281517238539,1.00167095299818
31.2,10,0.996094294615902,0.990372527714686,1.0018491183877
31.4,10,0.996211373374291,0.990443599460241,1.00201273548654
31.6,10,0.996307830969426,0.990493173332589,1.00215662336291
31.8,10,0.99638030737895,0.990519865351267,1.00227542289675
32,10,0.996425443186174,0.990522349688032,1.00236371662029
32.2,10,0.996439880444567,0.990499233219459,1.00241615746955
32.4,10,0.996420263655154,0.990448921171098,1.00242760691653
32.6,10,0.996363240856543,0.990369471004686,1.00239328532922
32.8,10,0.996265464827228,0.990258429528771,1.00230893957624
33,10,0.996123594399694,0.990112646551132,1.00217103455463
33.2,10,0.995934296856407,0.98992805847107,1.00197697718238
33.4,10,0.995696249586796,0.989701030630893,1.00172778521735
33.6,10,0.995414346389369,0.989431896920931,1.00143296782856
33.8,10,0.9950946820861,0.989121677027303,1.00110375630632
34,10,0.994743348509622,0.988771525237818,1.0007512394394
34.2,10,0.994366432384145,0.988383073653404,1.00038601247749
34.4,10,0.993970013578487,0.98795874936267,1.00001785350913
34.6,10,0.993560163730842,0.987502038603352,0.999655454229771
34.8,10,0.993142945244656,0.987017667603575,0.999306235403052
35,10,0.992724410654771,0.98651167679707,0.998976270315942
35.2,10,0.992310602362873,0.985991380860368,0.998670323773564
35.4,10,0.991907552741168,0.985465225979586,0.998391995219276
35.6,10,0.99152128460325,0.984942570954424,0.998143939365548
35.8,10,0.991157812041118,0.984433425351181,0.997928131117331
36,10,0.99082314162745,0.983948175236745,0.997746144250208
36.2,10,0.990523273982399,0.983497317897181,0.997599422435215
36.4,10,0.990264205704409,0.983091215470411,0.997489532677957
36.6,10,0.990051931664862,0.982739866895387,0.997418401768845
36.8,10,0.989892447666701,0.982452689619623,0.997388544304312
37,10,0.989791753467626,0.982238297311501,0.99740329603726
37.2,10,0.989755856168916,0.982104256924792,0.997467069217357
37.4,10,0.989790773971491,0.98205680748925,0.9975856475592
37.6,10,0.989902540301439,0.982100524303184,0.997766537178565
37.8,10,0.990097208307886,0.982237917392384,0.998019384653284
38,10,0.990380855736864,0.982468965530089,0.998356460940082
38.2,10,0.990757962887292,0.982788533395784,0.998792016460442
38.4,10,0.991226388735803,0.98318023156756,0.999338394100639
38.6,10,0.991782313201042,0.98362419147403,1.00000809791427
38.8,10,0.992421931229264,0.984100302122264,1.00081392868271
39,10,0.993141449447817,0.984589369716968,1.00176781199135
39.2,10,0.993937082972299,0.985074348900784,1.00287955524359
39.4,10,0.994805052365901,0.985541386432763,1.00415579278186
39.6,10,0.995741580749218,0.985980426607137,1.0055993698017
39.8,10,0.996742891059117,0.9863852569089,1.00720928655227
40,10,0.997805203455566,0.986753055520888,1.00898114120096
0,11,1.0829100664665,1.06409594004941,1.10205684273169
0.2,11,1.08236191042587,1.06466880018007,1.10034905215837
0.4,11,1.08181502346544,1.06521985570265,1.0986687290236
0.6,11,1.08126966953001,1.06574464169342,1.09702085519081
0.8,11,1.08072611203425,1.06623839222881,1.09541068652687
1,11,1.08018461386679,1.06669600088156,1.09384379342404
1.2,11,1.07964543739489,1.06711198846962,1.09232609424554
1.4,11,1.07910884446988,1.06748049030285,1.09086386944902
1.6,11,1.07857509643303,1.0677952834294,1.08946373588513
1.8,11,1.07804445412228,1.06804988544182,1.08813254971049
2,11,1.07751717787944,1.06823776840706,1.08687719435027
2.2,11,1.07699352755806,1.06835273854131,1.0857042028887
2.4,11,1.07647376253199,1.06838952236715,1.08461917414944
2.6,11,1.07595814170448,1.06834455671523,1.08362598510319
2.8,11,1.07544692351797,1.0682168931452,1.08272588902697
3,11,1.07494036596443,1.06800901629874,1.08191669990222
3.2,11,1.07443872659641,1.06772730427027,1.08119233496525
3.4,11,1.07394226253864,1.06738190765893,1.0805429387465
3.6,11,1.07345123050029,1.0669860105092,1.07995562539069
3.8,11,1.07296588678777,1.06655466531897,1.07941564707888
4,11,1.07248648731829,1.06610352209661,1.07890766857076
4.2,11,1.07201328763387,1.0656477350131,1.07841686432096
4.4,11,1.07154640939515,1.06520087588243,1.07792974403672
4.6,11,1.07108425837318,1.06477058761397,1.07743536671652
4.8,11,1.07062405337155,1.06435918144017,1.07692580065573
5,11,1.07016299407132,1.06396662100802,1.0763954538298
5.2,11,1.06969828498016,1.06359105090803,1.07584058733157
5.4,11,1.06922713549124,1.06322918085109,1.07525892616648
5.6,11,1.06874676001488,1.06287658756091,1.07464935290698
5.8,11,1.068254378183,1.06252795076296,1.07401166782269
6,11,1.06774721512589,1.06217724152938,1.07334639722419
6.2,11,1.06722250182118,1.06181788096851,1.07265463203028
6.4,11,1.0666774755147,1.06144288653071,1.07193787928552
6.6,11,1.06610938021293,1.06104502243734,1.0711979101199
6.8,11,1.06551546724657,1.06061696940074,1.07043658898194
7,11,1.06489299590508,1.06015152563301,1.06965567214611
7.2,11,1.06423923414155,1.05964184447,1.06885657016753
7.4,11,1.06355145934754,1.0590817024636,1.06804008042916
7.6,11,1.06282695919732,1.05846577599988,1.06720611172293
7.8,11,1.06206303256095,1.05778988812589,1.06635343917971
8,11,1.06125699048552,1.05705117737589,1.06547953775551
8.2,11,1.06040615724384,1.05624814437956,1.0645805384881
8.4,11,1.05950787144981,1.05538055224405,1.06365133152891
8.6,11,1.05855948723955,1.05444918662208,1.06268581003369
8.8,11,1.05755837551743,1.05345550802425,1.06167722234864
9,11,1.05650192526584,1.05240124068229,1.06061858817914
9.2,11,1.05538773709209,1.05128809861852,1.0595033626539
9.4,11,1.05421700570115,1.05012014289914,1.05832985170748
9.6,11,1.05299408803109,1.04890292741422,1.05710120588743
9.8,11,1.051723438581,1.04764100100733,1.0558217845589
10,11,1.05040949810855,1.04633808974189,1.05449674874097
10.2,11,1.04905669174507,1.0449973428438,1.0531318094075
10.4,11,1.04766942729605,1.04362155278479,1.05173300221902
10.6,11,1.04625209372632,1.04221335528693,1.05030648290372
10.8,11,1.04480905982892,1.04077541227603,1.04885834025745
11,11,1.04334467307645,1.03931057698942,1.04739442755434
11.2,11,1.04186325865355,1.03782203684109,1.04592021676101
11.4,11,1.04036911866918,1.03631342739535,1.04444068219871
11.6,11,1.03886653154715,1.03478891072203,1.04296022037552
11.8,11,1.03735975159313,1.03325321372166,1.04148261039451
12,11,1.03585300873673,1.03171162614135,1.04001101521167
12.2,11,1.03435050844671,1.03016996271779,1.03854801930103
12.4,11,1.03285643181767,1.02863449777034,1.03709569439825
12.6,11,1.03137493582654,1.02711188260138,1.03565568295936
12.8,11,1.02991015375709,1.02560905595434,1.03422928907833
13,11,1.02846619579074,1.02413315593686,1.03281756845054
13.2,11,1.02704714976226,1.02269143901154,1.03142141177431
13.4,11,1.02565708207851,1.02129120865098,1.03004161898871
13.6,11,1.02430003879904,1.01993975354214,1.02867896445842
13.8,11,1.0229800468771,1.01864429294768,1.02733425549407
14,11,1.02170104090575,1.01741178440976,1.02600838026806
14.2,11,1.02046479593062,1.01624495632799,1.02470215792897
14.4,11,1.01927067261975,1.01514170551437,1.02341643380351
14.6,11,1.01811791081171,1.01409942388035,1.02215232146498
14.8,11,1.01700575821606,1.01311530411656,1.02091115201003
15,11,1.01593347013868,1.01218638645833,1.01969442541057
15.2,11,1.01490030921333,1.01130959324198,1.01850377423925
15.4,11,1.01390554513941,1.01048175555415,1.01734093546369
15.6,11,1.01294845442578,1.00969963548935,1.01620772679224
15.8,11,1.01202832014043,1.00895994727483,1.01510602431009
16,11,1.01114443166595,1.00825938073521,1.0140377379316
16.2,11,1.01029608446067,1.0075946312168,1.01300478054744
16.4,11,1.00948257982537,1.00696244110432,1.01200902573219
16.6,11,1.00870322467543,1.00635965923198,1.01105224770944
16.8,11,1.00795733131826,1.005783325293,1.01013603646914
17,11,1.0072442172361,1.00523078575164,1.00926168153212
17.2,11,1.00656320487385,1.00469984413391,1.00843002148497
17.4,11,1.00591362143203,1.00418894014431,1.00764126483715
17.6,11,1.00529479866467,1.00369733833817,1.00689480147027
17.8,11,1.00470607268215,1.00322529119864,1.00618903983006
18,11,1.00414678375874,1.00277413154335,1.00552131493576
18.2,11,1.00361627614502,1.00234625534706,1.00488790612026
18.4,11,1.00311389788479,1.00194498209497,1.00428417738634
18.6,11,1.00263900063675,1.0015743157807,1.00370481726487
18.8,11,1.00219093387334,1.00123862786717,1.00314414564434
19,11,1.00176877380778,1.00094092039338,1.00259731191921
19.2,11,1.00137120352028,1.00068146598788,1.00206141646657
19.4,11,1.00099687935618,1.00045944209159,1.00153460532694
19.6,11,1.00064446130884,1.00027330654119,1.00101575379472
19.8,11,1.00031261272029,1.00012098293995,1.00050427921817
20,11,1,1,1
20.2,11,0.9997052923615,0.999503030856277,0.99990759479678
20.4,11,0.999427161576943,0.999013705261203,0.999840789007577
20.6,11,0.999164281749355,0.998532517767482,0.999796445443528
20.8,11,0.998915329102604,0.998060080641653,0.999771310435197
21,11,0.99867898178897,0.997597090693766,0.999762046191868
21.2,11,0.998453919714271,0.997144303269098,0.999765256166496
21.4,11,0.99823882438049,0.996702511151751,0.999777505676241
21.6,11,0.998032378745847,0.996272526669183,0.999795339489316
21.8,11,0.997833267102284,0.995855165638461,0.999815297737272
22,11,0.99764017497031,0.995451231999825,0.99983393130701
22.2,11,0.99745178901119,0.995061502065948,0.999847817784118
22.4,11,0.997266796956434,0.994686707286281,0.999853579048087
22.6,11,0.99708388755456,0.994327514281095,0.999847901764751
22.8,11,0.996901750535116,0.993984500619639,0.999827562301471
23,11,0.996719076589925,0.993658124363296,0.999789458044076
23.2,11,0.996534557371536,0.993348684706332,0.999730647782829
23.4,11,0.996346885508859,0.993056270031915,0.999648404849506
23.6,11,0.996154763152605,0.992780683771677,0.999540309730524
23.8,11,0.995957745700485,0.992520945520085,0.999406446481606
24,11,0.995756955892155,0.992275069364544,0.999251060336113
24.2,11,0.99555368393008,0.992040951174951,0.999078854973563
24.4,11,0.995349218991521,0.991816506996915,0.998894514013278
24.6,11,0.995144849204745,0.991599727352857,0.998702645413633
24.8,11,0.994941861641926,0.991388743500901,0.998507714089859
25,11,0.994741542328695,0.991181905253855,0.998313963147909
25.2,11,0.994545176270324,0.990977867268985,0.998125326823359
25.4,11,0.994354047494526,0.990775677765155,0.997945341168446
25.6,11,0.994169439110831,0.990574861023354,0.997777061130811
25.8,11,0.993992633386544,0.990375483632809,0.997622994061346
26,11,0.993824911839244,0.990178195016175,0.99748505911721
26.2,11,0.993667555345823,0.989984235550351,0.997364579243067
26.4,11,0.993521844268048,0.989795410060994,0.997262307952061
26.6,11,0.993389058594645,0.989614029398546,0.997178488198385
26.8,11,0.993270478099895,0.989442826791624,0.997112936645271
27,11,0.99316738251876,0.989284857700625,0.997065144605358
27.2,11,0.993081051738526,0.989143391688283,0.997034387136552
27.4,11,0.993012766007007,0.989021802815264,0.997019833785275
27.6,11,0.992963806157309,0.98892346205078,0.997020657487223
27.8,11,0.992935453849197,0.988851631927426,0.99703614139666
28,11,0.992928991827115,0.988809360665416,0.997065786419484
28.2,11,0.992945704194877,0.988799370433803,0.997109424783019
28.4,11,0.992986872794457,0.988823926547533,0.997167345034623
28.6,11,0.993052655885653,0.98888306339748,0.997239829321625
28.8,11,0.993140538332156,0.988972348580153,0.997326295618614
29,11,0.993247616849243,0.989086435189336,0.997426305000182
29.2,11,0.993370988131736,0.98921980261143,0.997539593785746
29.4,11,0.993507748334784,0.989366911680227,0.997665915797555
29.6,11,0.993654992639597,0.989522353040635,0.99780489178808
29.8,11,0.993809814904132,0.989680988767556,0.997955865990424
30,11,0.993969307398765,0.989838082383762,0.998117774648058
30.2,11,0.994130560627017,0.989989408835227,0.998289034965906
30.4,11,0.994290663231405,0.990131334580318,0.998467464327028
30.6,11,0.994446701984519,0.990260859289121,0.998650238279442
30.8,11,0.99459576186541,0.990375614534514,0.998833891912392
31,11,0.994734926221386,0.990473820198807,0.999014363899144
31.2,11,0.994861277015296,0.99055420447637,0.999187077326788
31.4,11,0.994971895158372,0.990615896791093,0.999347047994944
31.6,11,0.995063860928665,0.990658303844753,0.99948900996789
31.8,11,0.99513425447509,0.990680977450416,0.999607549726327
32,11,0.995180156407049,0.990683479523435,0.999697243546222
32.2,11,0.995198648469568,0.990665245537104,0.999752796797352
32.4,11,0.995186814303811,0.99062544364616,0.999769187957509
32.6,11,0.995141740292805,0.990562822938441,0.999741823880802
32.8,11,0.995060516492111,0.990475541022157,0.999666716110658
33,11,0.994940237645133,0.990360958498943,0.999540690684861
33.2,11,0.994778005102916,0.99021538682878,0.999361646566341
33.4,11,0.994572618247461,0.990034956852245,0.999131077262797
33.6,11,0.994328129441544,0.989818283425477,0.998858523381841
33.8,11,0.994049606432548,0.989564313638738,0.998555229235402
34,11,0.99374211518607,0.98927209288743,0.99823233526396
34.2,11,0.993410718284928,0.988941205406526,0.997900431095601
34.4,11,0.993060473585777,0.988572216335302,0.997569108157012
34.6,11,0.992696433133182,0.988167060221845,0.997246566925746
34.8,11,0.992323642330781,0.987729308785475,0.996939346003041
35,11,0.991947139369087,0.987264264854256,0.996652226086367
35.2,11,0.99157195490934,0.986778867339867,0.996388323975012
35.4,11,0.991203112022766,0.986281437221159,0.996149346632496
35.6,11,0.990845626384589,0.985781325857813,0.995935943979402
35.8,11,0.990504506722124,0.985288533205049,0.995748092840801
36,11,0.990184755516358,0.984813348053442,0.995585459919846
36.2,11,0.989891369956471,0.984366037352391,0.995447716735388
36.4,11,0.989629343146894,0.983956588328147,0.995334802810158
36.6,11,0.989403665566644,0.983594491029111,0.995247149475688
36.8,11,0.98921932678087,0.983288540301061,0.995185885291804
37,11,0.989081317404746,0.983046632602148,0.995153047673407
37.2,11,0.98899463132015,0.982875531937275,0.99515182644968
37.4,11,0.988964268145823,0.982780579082675,0.995186865192344
37.6,11,0.988995235962054,0.982765319494635,0.99526464492928
37.8,11,0.989092554291305,0.982831030552043,0.995393969607369
38,11,0.989261257336599,0.982976144195746,0.995586557258614
38.2,11,0.98950506175887,0.983193741298244,0.995856895868316
38.4,11,0.989822243760891,0.983466043570647,0.996219524455259
38.6,11,0.99020969851522,0.983771692286388,0.996689836393627
38.8,11,0.990664331651875,0.984089074800582,0.997283521520785
39,11,0.991183057082709,0.984397968232612,0.998014913025172
39.2,11,0.991762794926301,0.984681276081737,0.998895241832933
39.4,11,0.99240046953273,0.984926363547751,0.999931292712357
39.6,11,0.993093007607313,0.985125577314578,1.00112487632996
39.8,11,0.993837336432495,0.985275864986824,1.00247320206148
40,11,0.994630382187318,0.985377763240718,1.00396988249106
0,12,1.06140654462602,1.04033389421429,1.08290603549526
0.2,12,1.06072712556129,1.04092054892969,1.08091058059948
0.4,12,1.0600521459705,1.04148648675996,1.07894875878083
0.6,12,1.05938267036049,1.04202758971282,1.07702680172742
0.8,12,1.05871976060255,1.04253941337982,1.07515122891757
1,12,1.05806447599316,1.04301713831028,1.07332889771334
1.2,12,1.05741787332548,1.04345552546993,1.07156704961108
1.4,12,1.05678100697126,1.04384888742793,1.06987334100339
1.6,12,1.05615492897341,1.04419109577187,1.06825583795108
1.8,12,1.05554068914904,1.04447565793789,1.06672294177629
2,12,1.05493933520292,1.04469591209325,1.06528319683808
2.2,12,1.05435191285141,1.04484540169601,1.06394491886453
2.4,12,1.05377946595684,1.04491848924791,1.06271558432424
2.6,12,1.05322303667216,1.04491123082636,1.06160095925053
2.8,12,1.05268366559602,1.0448224400845,1.06060403882888
3,12,1.0521623919382,1.04465473168155,1.05972400778497
3.2,12,1.05166025369533,1.0444152167129,1.05895554900418
3.4,12,1.05117828783696,1.04411553613437,1.0582888143881
3.6,12,1.0507175305019,1.04377111945571,1.05771017067393
3.8,12,1.05027901720498,1.04339985373313,1.05720353518777
4,12,1.049863783054,1.04302055026586,1.05675191412817
4.2,12,1.04947286297716,1.04265158655424,1.05633876582432
4.4,12,1.04910709663754,1.04230953039495,1.05594899415167
4.6,12,1.04876481404489,1.04200358873205,1.05556991076875
4.8,12,1.04844260811693,1.04173642485623,1.05519196246473
5,12,1.0481370422174,1.04150795672319,1.05480832112377
5.2,12,1.04784468460814,1.04131598149798,1.05441432050437
5.4,12,1.04756210796145,1.04115662342974,1.05400700081191
5.6,12,1.04728588898467,1.04102468278724,1.0535847529857
5.8,12,1.04701260815677,1.04091390486535,1.05314704368471
6,12,1.04673884957664,1.04081719069688,1.05269419933335
6.2,12,1.04646120092298,1.0407267710616,1.0522272276326
6.4,12,1.04617625352546,1.04063436497825,1.05174765534813
6.6,12,1.04588060254704,1.04053134371631,1.0512573613375
6.8,12,1.04557084727717,1.04040892083548,1.05075838430722
7,12,1.04524359153565,1.04025838607817,1.05025268747437
7.2,12,1.04489544418687,1.04007139343604,1.049741869811
7.4,12,1.04452301976415,1.03984029882376,1.04922682843833
7.6,12,1.04412293920372,1.03955852029495,1.0487073992353
7.8,12,1.04369183068805,1.03922086858814,1.04818202787332
8,12,1.04322633059792,1.03882377903873,1.04764754024005
8.2,12,1.04272308457263,1.03836538021237,1.04709907689554
8.4,12,1.04217874867783,1.03784536478874,1.04653022602916
8.6,12,1.04158999068002,1.03726467391395,1.04593334369625
8.8,12,1.04095349142695,1.03662504597009,1.04530001038121
9,12,1.04026594633281,1.03592849604254,1.04462155760146
9.2,12,1.03952427060959,1.03517694597224,1.04388985225273
9.4,12,1.03872918534553,1.03437454913392,1.0431021542361
9.6,12,1.03788476633647,1.03352676035941,1.0422611484377
9.8,12,1.0369951992819,1.03263782195258,1.04137096324862
10,12,1.03606466219661,1.03171100682482,1.04043668929747
10.2,12,1.0350973236995,1.03074891651566,1.03946407545274
10.4,12,1.03409734146931,1.02975374545562,1.03845925917051
10.6,12,1.03306886086682,1.02872752001649,1.03742852264277
10.8,12,1.03201601372293,1.0276723168495,1.03637807024487
11,12,1.03094291729203,1.02659045973188,1.03531382805971
11.2,12,1.02985367336972,1.02548468931446,1.03424127108336
11.4,12,1.02875236757408,1.02435829725848,1.03316528662063
11.6,12,1.0276430687893,1.02321521631535,1.03209008231286
11.8,12,1.02652982877079,1.02206006113497,1.03101914400805
12,12,1.02541668191048,1.02089812009031,1.02995524318066
12.2,12,1.02430764516116,1.01973530444253,1.0289004875723
12.4,12,1.02320671811875,1.01857806587096,1.02785640402351
12.6,12,1.02211788326121,1.01743329553014,1.02682404032986
12.8,12,1.02104510634296,1.01630821717645,1.02580407357456
13,12,1.01999233694367,1.0152102842236,1.02479691507407
13.2,12,1.01896350917037,1.01414708691728,1.02380280574181
13.4,12,1.01796254251178,1.01312627212881,1.02282189936665
13.6,12,1.01699334284396,1.01215547511261,1.02185433445773
13.8,12,1.01605980358654,1.01124226005688,1.02090029782404
14,12,1.01516571958624,1.01039390084911,1.0199600743403
14.2,12,1.01431236494674,1.00961277146166,1.0190338343228
14.4,12,1.0134981893589,1.00889564331171,1.01812173205747
14.6,12,1.01272150133333,1.00823871158619,1.01722422227701
14.8,12,1.01198061856392,1.00763794703006,1.01634200594319
15,12,1.01127386733447,1.00708914712421,1.01547597615754
15.2,12,1.01059958195387,1.00658797344688,1.01462717813729
15.4,12,1.00995610421922,1.00612998014103,1.01379677833146
15.6,12,1.00934178290684,1.00571063748182,1.0129860386805
15.8,12,1.00875497329068,1.00532535424702,1.01219629231458
16,12,1.00819403668802,1.00496950286529,1.01142891671365
16.2,12,1.00765734003215,1.00463845212191,1.0106852995484
16.4,12,1.00714325547175,1.00432761347222,1.00996679115037
16.6,12,1.00665015999694,1.00403250851979,1.00927463605317
16.8,12,1.00617643509159,1.00374886634663,1.00860987491666
17,12,1.00572046641196,1.00347275887434,1.00797320865444
17.2,12,1.00528064349133,1.00320077824637,1.00736482077385
17.4,12,1.00485535947051,1.00293025004757,1.00678416411183
17.6,12,1.00444301085425,1.00265945925419,1.00622973507318
17.8,12,1.00404199729323,1.00238784596165,1.00569887832333
18,12,1.00365072139162,1.00211611547294,1.00518767735267
18.2,12,1.0032675885402,1.00184621520348,1.00469097845605
18.4,12,1.00289100677475,1.00158116374235,1.00420256278742
18.6,12,1.00251938665981,1.00132476228662,1.0037154362723
18.8,12,1.00215115526936,1.0010812386322,1.00322221539175
19,12,1.00178543359944,1.00085423199059,1.00271750160462
19.2,12,1.00142233601228,1.00064567067885,1.00219960416552
19.4,12,1.00106205337369,1.00045632357451,1.0016681499141
19.6,12,1.00070477629339,1.0002861261115,1.00112360169311
19.8,12,1.0003506951306,1.00013439693478,1.00056704010505
20,12,1,1,1
20.2,12,0.999652880778002,0.999424349586519,0.999881464226071
20.4,12,0.999309527109461,0.998842201301836,0.999777071563645
20.6,12,0.998970128414693,0.998255845789985,0.999684922130491
20.8,12,0.998634873896867,0.997667702467563,0.999602982933525
21,12,0.998303952549758,0.997080281883364,0.999529124970753
21.2,12,0.99797755316586,0.996496156369242,0.999461152215296
21.4,12,0.99765586434485,0.995917936400726,0.999396825062488
21.6,12,0.997339074502423,0.995348250718135,0.999333880188862
21.8,12,0.99702737187947,0.994789728671064,0.999270048359716
22,12,0.996720944551622,0.994244983490693,0.999203071480397
22.2,12,0.996419980439147,0.993716595295889,0.999130720084954
22.4,12,0.99612466731721,0.993207092613495,0.999050812481421
22.6,12,0.995835192826476,0.992718931036543,0.998961236929649
22.8,12,0.995551744484083,0.99225446733434,0.998859978537483
23,12,0.995274509694964,0.991815926821375,0.998745153068058
23.2,12,0.995003675763526,0.991405361015517,0.998615050627542
23.4,12,0.994739429905681,0.99102459145945,0.998468193359224
23.6,12,0.99448196061685,0.990675120376622,0.998303429298146
23.8,12,0.994231592029077,0.990356729584196,0.998121615232218
24,12,0.99398889759205,0.990066512965621,0.997926821680683
24.2,12,0.993754477159093,0.989801263524485,0.997723479718828
24.4,12,0.993528930209141,0.989557792665322,0.997516004096961
24.6,12,0.993312855898721,0.98933298683658,0.997308735098968
24.8,12,0.993106853117546,0.989123877740977,0.997105867023977
25,12,0.992911520547746,0.988927726239946,0.996911363163896
25.2,12,0.992727456726711,0.988742117229227,0.996728859999201
25.4,12,0.992555260113577,0.988565059459439,0.996561566638651
25.6,12,0.99239552915932,0.988395081124341,0.996412168679653
25.8,12,0.992248862380501,0.988231309981434,0.996282747724211
26,12,0.992115858436643,0.988073526759133,0.996174727795761
26.2,12,0.991997116211244,0.987922183134624,0.99608885737241
26.4,12,0.991893234896455,0.987778380276774,0.996025231041887
26.6,12,0.991804814081412,0.987643809613029,0.995983349119032
26.8,12,0.991732453844239,0.987520662459772,0.995962208586173
27,12,0.991676754847736,0.987411518094789,0.995960415777661
27.2,12,0.991638318438768,0.987319220191408,0.995976310889025
27.4,12,0.991617746751358,0.987246749591503,0.996008096333674
27.6,12,0.99161564281352,0.987197098021893,0.996053964342856
27.8,12,0.991632610657832,0.98717314347974,0.996112223083638
28,12,0.991669255435787,0.987177524284673,0.996181424297685
28.2,12,0.991726183535926,0.987212505508071,0.996260498751039
28.4,12,0.991803999766205,0.987279823633248,0.99634890778205
28.6,12,0.991902464771118,0.987379088506947,0.996446563504568
28.8,12,0.992019330348407,0.987505825591892,0.996553464578349
29,12,0.992152056176899,0.987654638704896,0.996669953240781
29.2,12,0.992298101421261,0.987819906908752,0.996796597434025
29.4,12,0.99245492435791,0.987995966914603,0.996934005670287
29.6,12,0.992619982066052,0.98817729095224,0.997082646826813
29.8,12,0.992790730183882,0.988358660236369,0.997242674742515
30,12,0.99296462272998,0.988535327590763,0.997413764054642
30.2,12,0.993139111989974,0.988703157672318,0.997594968834041
30.4,12,0.99331164846854,0.988858730951657,0.9977846178632
30.6,12,0.993479680906816,0.988999399183272,0.997980258825018
30.8,12,0.993640656365305,0.989123285446948,0.998178658321587
31,12,0.993792020372355,0.989229229451305,0.99837585703323
31.2,12,0.993931217138267,0.989316686207489,0.998567271910712
31.4,12,0.994055689835096,0.989385591079335,0.998747832395199
31.6,12,0.994162880942176,0.989436205378644,0.998912136497992
31.8,12,0.994250232657391,0.989468954304652,0.999054614941373
32,12,0.994315187374165,0.989484264320723,0.999169696267615
32.2,12,0.994355188224136,0.98948240144693,0.999251971437197
32.4,12,0.994367679685432,0.989463306486386,0.999296361897574
32.6,12,0.994350108256416,0.989426418383317,0.999298299923197
32.8,12,0.994299923194748,0.989370472792538,0.999253934145243
33,12,0.994214577321519,0.989293259530082,0.999160376598675
33.2,12,0.994091528563911,0.989191320720558,0.999016010818497
33.4,12,0.993929629196122,0.989060347067636,0.998822883480116
33.6,12,0.993732046188227,0.988897015996344,0.998590716371513
33.8,12,0.993502781360218,0.988698010099437,0.998330902346226
34,12,0.993245836157979,0.988460123336155,0.998054719410935
34.2,12,0.992965210461054,0.9881808032681,0.997772781990041
34.4,12,0.992664901551166,0.987858703486015,0.9974944830615
34.6,12,0.992348903241511,0.987494170270797,0.997227503119925
34.8,12,0.992021205166686,0.9870895706842,0.996977478769463
35,12,0.991685792233084,0.986649390604182,0.996747902428382
35.2,12,0.991346644229451,0.986180086529542,0.996540269316779
35.4,12,0.991007735597314,0.985689738165798,0.996354424710995
35.6,12,0.990673035360897,0.985187588975214,0.996189024277148
35.8,12,0.990346507216171,0.984683564863334,0.996042017306741
36,12,0.99003210977864,0.984187835250738,0.995911088601326
36.2,12,0.989733796989537,0.983710444992452,0.995794030539996
36.4,12,0.989455518680089,0.983261015393259,0.995689047078633
36.6,12,0.98920122129359,0.982848493861209,0.995595010136841
36.8,12,0.988974848765109,0.982480923193432,0.995511697378175
37,12,0.988780343558706,0.982165199073085,0.995440042806202
37.2,12,0.988621647862175,0.981906784635094,0.995382431322077
37.4,12,0.988502704939443,0.981709352498135,0.995343066851807
37.6,12,0.988427460640895,0.981574328607923,0.995328439706223
37.8,12,0.988399865072057,0.981500323006002,0.995347908070416
38,12,0.988423874421259,0.981482458919184,0.995414382241527
38.2,12,0.988502430520801,0.981510073958175,0.995544601192926
38.4,12,0.988634305790997,0.981562275301716,0.99575728935427
38.6,12,0.988817213111706,0.981615068110318,0.996072200509576
38.8,12,0.989048871800685,0.981644940758844,0.996508646042645
39,12,0.989327006456112,0.981630945900125,0.997083404706555
39.2,12,0.989649345852993,0.981556630065227,0.997808784279898
39.4,12,0.990013621893338,0.981411211586292,0.998691435316039
39.6,12,0.990417568609731,0.981189669816989,0.999732254003217
39.8,12,0.990858921221937,0.980891869712827,1.00092725006737
40,12,0.991335415246294,0.980521177717629,1.00226892376674
0,13,1.03549397874463,1.00677912552279,1.0650278227209
0.2,13,1.03468543755091,1.00761579308045,1.06248230926095
0.4,13,1.0338847294579,1.00842437056644,1.05998790291613
0.6,13,1.03309376564298,1.00919970323833,1.05755354979365
0.8,13,1.03231445161976,1.00993623718258,1.05518852358037
1,13,1.03154868743655,1.01062798942762,1.05290245835635
1.2,13,1.03079836790993,1.01126853960589,1.0507053603189
1.4,13,1.03006538289315,1.01185106251421,1.04860757906247
1.6,13,1.02935161757939,1.01236843034658,1.04661970963532
1.8,13,1.02865895283954,1.01281342376134,1.04475238620681
2,13,1.02798926559458,1.01317909844678,1.04301592067751
2.2,13,1.02734442922227,1.01345935057142,1.04141974284311
2.4,13,1.02672631399831,1.01364969856823,1.03997162466044
2.6,13,1.02613678757166,1.01374823904409,1.038676730823
2.8,13,1.02557771547415,1.01375664326532,1.03753662919465
3,13,1.02505096166439,1.01368096811323,1.03654848720779
3.2,13,1.02455838910584,1.01353202102237,1.03570471471466
3.4,13,1.02410186037929,1.01332509622363,1.03499323597218
3.6,13,1.0236832383297,1.0130790821985,1.03439839085715
3.8,13,1.02330438674755,1.01281513975188,1.03390226590937
4,13,1.02296717108488,1.01255525701344,1.03348614889815
4.2,13,1.0226734592061,1.01232095742065,1.03313183086654
4.4,13,1.02242486569567,1.0121318215684,1.03282258665963
4.6,13,1.02221971279231,1.0119987334952,1.03254392188045
4.8,13,1.02205404315633,1.01192484029994,1.03228463768373
5,13,1.02192386090263,1.01191010327001,1.03203671364419
5.2,13,1.02182517616085,1.0119519741065,1.03179470701469
5.4,13,1.02175400376986,1.01204589081162,1.03155524240359
5.6,13,1.02170636212832,1.01218568282505,1.03131659351272
5.8,13,1.02167827220082,1.01236390207427,1.0310783402574
6,13,1.0216657566793,1.0125721009286,1.03084108026859
6.2,13,1.02166483929945,1.01280107887581,1.03060617295092
6.4,13,1.02167154431197,1.01304111892422,1.03037549508874
6.6,13,1.0216818961086,1.01328223265657,1.03015118907137
6.8,13,1.02169191900284,1.01351442892995,1.02993538874211
7,13,1.02169763716543,1.01372801432069,1.02972991477297
7.2,13,1.02169507471446,1.01391392261736,1.02953594226334
7.4,13,1.02168025596028,1.01406405619993,1.02935365772718
7.6,13,1.02164920580506,1.01417160645382,1.02918193832281
7.8,13,1.02159795029701,1.01423130840929,1.02901809813772
8,13,1.02152251733919,1.01423958258816,1.02885774854907
8.2,13,1.02141893755261,1.01419452838061,1.02869480833914
8.4,13,1.02128324529354,1.01409575638181,1.02852167613707
8.6,13,1.02111147982458,1.01394407406952,1.02832955080523
8.8,13,1.02089968663893,1.01374105954558,1.02810886504553
9,13,1.02064391893745,1.01348856437647,1.02784979118624
9.2,13,1.02034044794866,1.01318834123194,1.02754304145881
9.4,13,1.01998943994712,1.0128442792972,1.02718500649037
9.6,13,1.01959450187604,1.0124614259808,1.02677783229993
9.8,13,1.0191593595187,1.01204351353386,1.02632523819818
10,13,1.01868773744194,1.01159321833151,1.02583201192883
10.2,13,1.01818335760453,1.01111247799003,1.0253036850694
10.4,13,1.01764993810072,1.0106027767953,1.02474624085282
10.6,13,1.01709119203916,1.01006540590574,1.02416584794924
10.8,13,1.01651082655696,1.00950170183594,1.02356861670298
11,13,1.01591254196884,1.00891326270515,1.0229603783405
11.2,13,1.01530003105092,1.00830213786792,1.02234649153054
11.4,13,1.01467697845887,1.00767098389888,1.02173168332268
11.6,13,1.01404706027991,1.00702317929764,1.02111993209483
11.8,13,1.01341394371826,1.00636289205202,1.02051439836824
12,13,1.01278128691336,1.00569509800899,1.01991740553628
12.2,13,1.01215273889047,1.00502555287205,1.01933046768404
12.4,13,1.01153193964287,1.00436072525473,1.01875435706445
12.6,13,1.01092252034536,1.00370770139819,1.01818920061866
12.8,13,1.01032810369823,1.0030740732622,1.01763459382689
13,13,1.00975230440136,1.00246782074414,1.01708972113141
13.2,13,1.00919872975788,1.00189719629586,1.01655347465826
13.4,13,1.00867098040699,1.00137061691444,1.0160245662592
13.6,13,1.00817265118556,1.00089656498849,1.01550163139006
13.8,13,1.00770733211823,1.00048349609539,1.01498332672948
14,13,1.007278511132,1.00013955271458,1.01446842716543
14.2,13,1.00688684577976,0.999867000489504,1.01395597585276
14.4,13,1.00652981433715,0.999661320991633,1.0134454998665
14.6,13,1.00620473272631,0.999517223590336,1.01293698624226
14.8,13,1.00590892350835,0.999429079464193,1.01243077991707
15,13,1.00563971507339,0.999390994972929,1.01192750547076
15.2,13,1.0053944409021,0.999396867768373,1.01142800662762
15.4,13,1.00517043889835,0.999440431899265,1.01093329726023
15.6,13,1.00496505079262,0.999515297145339,1.01044451865728
15.8,13,1.00477562161595,0.999614987456287,1.00996289817821
16,13,1.00459949924423,0.999732983577335,1.00948970421129
16.2,13,1.00443403401255,0.999862775630021,1.00902619166616
16.4,13,1.0042765783996,0.999997932434671,1.00857353121367
16.6,13,1.00412448678187,1.0001321953787,1.00813271446898
16.8,13,1.0039751152576,1.00025960497766,1.00770442697126
17,13,1.00382582154041,1.00037466677343,1.00728888231583
17.2,13,1.00367396492246,1.00047255822701,1.00688561578177
17.4,13,1.00351690630713,1.00054936822265,1.00649324583866
17.6,13,1.00335200831117,1.00060234558602,1.00610922713005
17.8,13,1.00317663543609,1.00063011596342,1.0057296355866
18,13,1.00298815430889,1.00063281534477,1.00534903738625
18.2,13,1.00278393399196,1.0006120932137,1.00496048877718
18.4,13,1.0025613463619,1.00057096341126,1.00455568867619
18.6,13,1.00231776655733,1.0005135187129,1.00412526804125
18.8,13,1.00205060950705,1.00044455991981,1.00365923734338
19,13,1.00175906442978,1.00036916275983,1.0031508972135
19.2,13,1.00144486240884,1.00029153437324,1.00259952022233
19.4,13,1.00110993019636,1.00021448966557,1.00200617236895
19.6,13,1.00075619336455,1.00013974123546,1.00137302545378
19.8,13,1.00038557592753,1.00006816391842,1.00070308868016
20,13,1,1,1
20.2,13,0.999601385492837,0.999267866586494,0.999935015715539
20.4,13,0.999191649845524,0.998511143596511,0.999872619873792
20.6,13,0.998772707795331,0.997734541880136,0.999811953946222
20.8,13,0.998346471183225,0.996942957170825,0.999751961087593
21,13,0.997914848796383,0.996141415001018,0.999691439841692
21.2,13,0.997479746247257,0.995335026966607,0.99962908690731
21.4,13,0.997043065889049,0.994528955000058,0.999563532302964
21.6,13,0.996606706767526,0.993728381050943,0.999493369529813
21.8,13,0.996172564609049,0.992938480066977,0.999417182837785
22,13,0.995742531844709,0.992164394461981,0.999333573406626
22.2,13,0.995318497670458,0.991411208377591,0.999241186133205
22.4,13,0.994902348143135,0.990683920004411,0.999138738757682
22.6,13,0.994495966312276,0.989987410019068,0.999025055270489
22.8,13,0.994101232387616,0.989326403790066,0.998899105945907
23,13,0.993720023942186,0.988705424358045,0.998760056995558
23.2,13,0.993354216150937,0.988128732227248,0.998607333804266
23.4,13,0.993005682064811,0.987600246602838,0.998440703113294
23.6,13,0.992676286353926,0.987123414535064,0.998260394779054
23.8,13,0.992367234954096,0.986698535078261,0.998068502181701
24,13,0.99207852506498,0.986320819701944,0.997869841369188
24.2,13,0.991810025322765,0.985984951750691,0.997669512687929
24.4,13,0.991561605726501,0.985685685762912,0.997472553524944
24.6,13,0.991333137613361,0.985417931788243,0.997283850870224
24.8,13,0.991124493634186,0.985176854360439,0.997108039570553
25,13,0.990935547729323,0.984957984527612,0.996949387871159
25.2,13,0.990766175104736,0.984757339756602,0.996811675426851
25.4,13,0.990616252208389,0.98457154300551,0.996698072487255
25.6,13,0.990485656706906,0.984397929555562,0.996611031663834
25.8,13,0.990374267462488,0.984234629212376,0.996552204667671
26,13,0.990281964510094,0.984080612886027,0.996522395007845
26.2,13,0.990208629034872,0.983935696363349,0.996521553836416
26.4,13,0.990154143349842,0.983800499513116,0.996548820698976
26.6,13,0.990118390873827,0.98367636483118,0.99660260528352
26.8,13,0.990101256109622,0.983565243666342,0.996680701826836
27,13,0.9901026246224,0.983469560665206,0.996780425640322
27.2,13,0.990122383018348,0.983392066701108,0.996898761490515
27.4,13,0.990160418923536,0.983335688271676,0.997032515850235
27.6,13,0.990216620963006,0.98330337788913,0.997178468496984
27.8,13,0.990290878740084,0.983297966163874,0.997333522758828
28,13,0.990383082815901,0.983322012659874,0.997494857330324
28.2,13,0.990493124689136,0.983377649433585,0.997660085747869
28.4,13,0.990620894797173,0.983466403749428,0.99782743311563
28.6,13,0.990765715200247,0.983587663930083,0.997996150636996
28.8,13,0.99092555527659,0.983736839559699,0.998166802962988
29,13,0.991098187139029,0.983908389450116,0.99834052344979
29.2,13,0.99128138190119,0.984096525174714,0.998518695032967
29.4,13,0.99147290941451,0.984295418503,0.998702738653332
29.6,13,0.991670538055415,0.984499393905495,0.99889391718764
29.8,13,0.991872034562722,0.98470310758415,0.999093153429009
30,13,0.992075163925299,0.984901709351135,0.999300865794843
30.2,13,0.992277689320078,0.985090979913555,0.999516829205763
30.4,13,0.992477372100452,0.98526743433857,0.999740070362395
30.6,13,0.992671971835156,0.985428383091111,0.999968806029396
30.8,13,0.992859246397697,0.985571944965562,1.00020043000701
31,13,0.993036952106382,0.985697010736563,1.00043154996671
31.2,13,0.993202843915034,0.985803161200152,1.0006580704813
31.4,13,0.99335467565441,0.985890547140382,1.00087531471582
31.6,13,0.993490200324388,0.985959740676088,1.00107817532567
31.8,13,0.993607170436916,0.986011567090686,1.00126128546001
32,13,0.993703338409739,0.986046923915531,1.00141920309996
32.2,13,0.993776457010869,0.986066590387503,1.00154660561106
32.4,13,0.993824279853746,0.986071026167418,1.00163849562204
32.6,13,0.993844561943018,0.986060153986715,1.00169042356113
32.8,13,0.993835060270814,0.98603311712191,1.0016987359476
33,13,0.99379353446337,0.985987999707376,1.00166086142459
33.2,13,0.993717748007452,0.985921496818651,1.00157564866104
33.4,13,0.993606560500045,0.985828990470177,1.00144549066048
33.6,13,0.993462224093576,0.985705811176184,1.00127967138924
33.8,13,0.993287648311372,0.985547168336486,1.00108892195719
34,13,0.993085743587537,0.985348497573359,1.00088374473153
34.2,13,0.992859420425824,0.985105998947453,1.00067386634693
34.4,13,0.992611588643467,0.984817139790181,1.00046772756131
34.6,13,0.99234515670007,0.984481071836179,1.00027206027375
34.8,13,0.992063031111571,0.984098906792263,1.00009160756647
35,13,0.991768115949271,0.983673809160771,0.999929027949557
35.2,13,0.991463312423863,0.983210896294029,0.999784993827543
35.4,13,0.991151518554341,0.982716971290852,0.999658458571409
35.6,13,0.990835628921678,0.982200140405656,0.999547040519811
35.8,13,0.990518534507101,0.981669374767832,0.999447464105859
36,13,0.990203122614791,0.981134067111907,0.999356007403061
36.2,13,0.989892276878831,0.980603615049265,0.999268924554318
36.4,13,0.989588877354206,0.980087041452641,0.999182832508124
36.6,13,0.989295800691679,0.979592645329109,0.999095068682737
36.8,13,0.989015920396372,0.979127665085868,0.999004037651924
37,13,0.988752107169887,0.978697929908938,0.998909571131775
37.2,13,0.988507229335857,0.97830747297606,0.99881332754898
37.4,13,0.988284153348805,0.977958082052369,0.998719255646033
37.6,13,0.988085744386272,0.977648770022848,0.998634139576073
37.8,13,0.987914867024187,0.977375163819883,0.998568227038841
38,13,0.987774385995512,0.97712884121965,0.998535910997107
38.2,13,0.987666472278881,0.976895412679119,0.998556291495481
38.4,13,0.987590459846914,0.976651359914694,0.998652084471403
38.6,13,0.98754496085006,0.976370754299836,0.998847052111576
38.8,13,0.987528590608508,0.976028648139869,0.999164029793389
39,13,0.98753996719494,0.975603052632712,0.999622934938204
39.2,13,0.98757771103678,0.975076680169355,1.00023901214338
39.4,13,0.987640444538078,0.97443801880177,1.00102174675699
39.6,13,0.987726791720918,0.973681502997422,1.0019746827684
39.8,13,0.987835377886269,0.972806855464659,1.00309607022415
40,13,0.987964829294179,0.971817915261709,1.00438002695126
0,14,1.00786326877878,0.969075022455897,1.04820405542924
0.2,14,1.0069310708166,0.97028367098798,1.04496263483797
0.4,14,1.00601011430254,0.971454027759991,1.0417954130188
0.6,14,1.00510314879105,0.972579344916738,1.0387145737669
0.8,14,1.00421291431903,0.973652394961723,1.03573265212866
1,14,1.00334214182755,0.974665466771215,1.03286254400906
1.2,14,1.00249355365801,0.975610402715362,1.0301174755094
1.4,14,1.00166986412249,0.976478703195175,1.02751090567372
1.6,14,1.00087378014789,0.977261733861086,1.02505632736657
1.8,14,1.00010800199347,0.977951077841178,1.02276692394404
2,14,0.999375224041736,0.978539074935018,1.02065503975382
2.2,14,0.99867813566232,0.979019573309085,1.018731438922
2.4,14,0.998019422148854,0.97938887736908,1.01700436874675
2.6,14,0.997401765728701,0.979646804909782,1.01547851459623
2.8,14,0.996827846645622,0.979797680973333,1.01415401887973
3,14,0.996300344315455,0.979851032304555,1.0130258002061
3.2,14,0.995821938555006,0.979821754319152,1.01208340081868
3.4,14,0.995395310884428,0.979729629203655,1.01131148369582
3.6,14,0.995023145903473,0.979598249264746,1.01069092521017
3.8,14,0.994708132742082,0.979453562550789,1.01020028633765
4,14,0.994452966585921,0.979322329189367,1.00981737398976
4.2,14,0.994260350277557,0.979230735729419,1.00952064520083
4.4,14,0.99413268078003,0.979202704744315,1.0092902952642
4.6,14,0.994068314159546,0.979251709675487,1.00910910182988
4.8,14,0.994062808155781,0.979381904071469,1.00896377853276
5,14,0.994111675060131,0.979593601953617,1.00884491335995
5.2,14,0.994210435715187,0.979884063785896,1.00874626602863
5.4,14,0.994354617163637,0.980248081202297,1.00866415720185
5.6,14,0.994539750500612,0.980678467376982,1.00859695428145
5.8,14,0.994761368928533,0.981166470075008,1.00854463670871
6,14,0.995015006013751,0.981702129589903,1.00850841854253
6.2,14,0.995296194144542,0.982274604721728,1.00849040514413
6.4,14,0.995600463190205,0.982872488441247,1.00849326231172
6.6,14,0.995923339361182,0.983484131354778,1.00851987974428
6.8,14,0.996260344270306,0.984097985170793,1.00857301663242
7,14,0.996606994195387,0.984702969500673,1.00865492604619
7.2,14,0.996958799543468,0.985288853415419,1.00876696670402
7.4,14,0.99731126451715,0.985846629382939,1.0089092245062
7.6,14,0.997659886983452,0.986368844400768,1.00908017902827
7.8,14,0.9980001585457,0.986849845554081,1.00927645775536
8,14,0.99832756481893,0.987285898917765,1.00949271915035
8.2,14,0.998637585909282,0.987675153211269,1.00972169315815
8.4,14,0.998925697097811,0.988017440178791,1.00995438718347
8.6,14,0.999187369729066,0.988313925723867,1.01018044352138
8.8,14,0.999418072304683,0.988566641719664,1.01038861832489
9,14,0.999613271782122,0.988777932951949,1.01056734765491
9.2,14,0.999768645602301,0.988949999630878,1.01070564245162
9.4,14,0.999883793097912,0.989086850288752,1.01079859610711
9.6,14,0.999961785796096,0.989193230213806,1.01084757003077
9.8,14,1.00000582013047,0.989272316428337,1.01085578125268
10,14,1.0000190967867,0.989326037569673,1.01082773116407
10.2,14,1.00000481966616,0.98935544472326,1.01076882397435
10.4,14,0.999966194951632,0.989361048124478,1.01068502033874
10.6,14,0.999906430275476,0.98934312572858,1.01058252016453
10.8,14,0.99982873399037,0.98930200687271,1.01046747137693
11,14,0.999736314542842,0.989238330402666,1.01034570527496
11.2,14,0.999632379949658,0.989153272852444,1.010222502891
11.4,14,0.999520137377098,0.989048739540763,1.01010239948965
11.6,14,0.999402792823127,0.988927510567045,1.00998903522257
11.8,14,0.999283550902407,0.988793335034972,1.00988505860914
12,14,0.999165614734106,0.988650970223176,1.00979208612077
12.2,14,0.999052185932403,0.988506167094253,1.00971071647461
12.4,14,0.998946464699631,0.988365608340369,1.00964059343538
12.6,14,0.998851650021953,0.988236808948906,1.00958050713851
12.8,14,0.998770939967529,0.988127991231097,1.00952852198914
13,14,0.998707532087115,0.988047946139055,1.00948211930918
13.2,14,0.998664623917075,0.988005890766612,1.00943834483576
13.4,14,0.99864541358486,0.988011328748581,1.00939395435602
13.6,14,0.998653100516998,0.988073916420056,1.00934555461763
13.8,14,0.998690886249761,0.988203333431057,1.00928974082227
14,14,0.998761866943589,0.988408916079058,1.00922325834306
14.2,14,0.998866025877106,0.988692915733778,1.00914381176792
14.4,14,0.998999840708252,0.989049335196313,1.00905045503824
14.6,14,0.999159602941887,0.989471155472984,1.00894291524221
14.8,14,0.999341603932195,0.989950870701269,1.0088214182208
15,14,0.999542133986936,0.990480588264378,1.00868658048701
15.2,14,0.999757481609577,0.991052107427995,1.00853932355615
15.4,14,0.999983932879285,0.991656984434157,1.00838080275037
15.6,14,1.00021777096889,0.992286590821679,1.00821234370763
15.8,14,1.00045527580094,0.992932171305452,1.00803538026368
16,14,1.00069272384202,0.99358490772276,1.007851387201
16.2,14,1.0009263880356,0.994235996215419,1.0076618006988
16.4,14,1.00115253787354,0.99487674574411,1.0074679183912
16.6,14,1.00136743960659,0.995498706802372,1.0072707701702
16.8,14,1.00156735659403,0.99609383903938,1.00707095102823
17,14,1.00174854979258,0.996654724183886,1.00686840955202
17.2,14,1.00190727838488,0.997174824600157,1.00666219174065
17.4,14,1.00203980054744,0.997648776638803,1.00645015098803
17.6,14,1.00214237435816,0.99807269182943,1.00622865118511
17.8,14,1.00221125884337,0.998444421306756,1.0059923075516
18,14,1.00224271516406,0.998763727140702,1.00573382152666
18.2,14,1.00223300794121,0.999032307739141,1.00544396254817
18.4,14,1.00217840671959,0.999253648188112,1.00511172585276
18.6,14,1.00207518756961,0.999432704308685,1.00472465751184
18.8,14,1.00191969389411,0.999575478979992,1.00426940648568
19,14,1.00171118259441,0.999689018551771,1.0037374370565
19.2,14,1.00145308494365,0.999780096327077,1.00312887306675
19.4,14,1.00114915828807,0.999853726192753,1.0024462687732
19.6,14,1.00080316210411,0.999913455038998,1.00169366081641
19.8,14,1.00041885635711,0.999961697277059,1.00087622443959
20,14,1,1,1
20.2,14,0.999550349612416,0.999071679307688,1.0000292492553
20.4,14,0.99907365818027,0.998098439963161,1.00004982925988
20.6,14,0.998573674015853,0.997087816910244,1.00006174534101
20.8,14,0.998054139818359,0.996047602235919,1.00006471957013
21,14,0.997518791874619,0.994985766081351,1.00005826622212
21.2,14,0.996971359399743,0.99391039308933,1.00004175263115
21.4,14,0.996415564017302,0.992829630031168,1.00001444979513
21.6,14,0.995855119378603,0.991751641146794,0.999975576189424
21.8,14,0.995293730920585,0.990684568337187,0.999924337645135
22,14,0.994735095761809,0.989636493708732,0.999859965786067
22.2,14,0.994182902736016,0.988615402111716,0.999781757376383
22.4,14,0.993640832562709,0.987629141250005,0.99968911699618
22.6,14,0.993112558154233,0.986685376655881,0.999581605745862
22.8,14,0.99260174505886,0.985791538290788,0.999458999214155
23,14,0.992112052039392,0.984954754690959,0.999321358787332
23.2,14,0.991647131786902,0.984181769338588,0.999169121616682
23.4,14,0.991210631769242,0.983478832183758,0.999003216318137
23.6,14,0.990806180361554,0.982851515757454,0.998825225686393
23.8,14,0.990435916222282,0.982300542150529,0.998638667138948
24,14,0.990099245098913,0.981818722505447,0.998449604468607
24.2,14,0.989795283407253,0.981398080200623,0.998264336175357
24.4,14,0.989523151905272,0.981030781820716,0.998089036859076
24.6,14,0.989281975411331,0.980709256783424,0.997929631136206
24.8,14,0.989070882530668,0.980426333411592,0.997791651786766
25,14,0.98888900539005,0.980175388039373,0.997680085537957
25.2,14,0.988735479380468,0.979950499255742,0.997599214376843
25.4,14,0.988609442907811,0.979746595462546,0.997552464211502
25.6,14,0.988510037151414,0.979559581448141,0.997542275176879
25.8,14,0.988436405830412,0.979386429546291,0.997570008013639
26,14,0.988387694977817,0.979225223622773,0.997635898276142
26.2,14,0.98836305272226,0.979075149291981,0.997739064966446
26.4,14,0.98836162907733,0.97893643028183,0.99787757367571
26.6,14,0.988382575738448,0.978810217135431,0.998048548044735
26.8,14,0.988425045887236,0.978698438964918,0.998248318828886
27,14,0.988488194003323,0.978603630878135,0.998472597947707
27.2,14,0.988571175683547,0.978528748926788,0.998716665671994
27.4,14,0.98867314746852,0.978476981587136,0.998975561938921
27.6,14,0.988793266676514,0.978451562794995,0.999244276775368
27.8,14,0.988930691244648,0.978455587267283,0.999517939099328
28,14,0.989084579577332,0.978491824824705,0.999792007187108
28.2,14,0.989254090401974,0.978562526937277,1.00006246758697
28.4,14,0.98943838160666,0.978669210999998,1.00032605500696
28.6,14,0.989636316169042,0.978811078477098,1.00058127642407
28.8,14,0.989846055567333,0.978983160852415,1.00082948604457
29,14,0.990065658255825,0.979179421362071,1.00107292521937
29.2,14,0.990293181297071,0.9793935169465,1.00131414794432
29.4,14,0.990526680187105,0.979619050220226,1.00155576184632
29.6,14,0.990764208718833,0.979849797690277,1.00180019385842
29.8,14,0.991003818883646,0.980079917107963,1.00204947769967
30,14,0.9912435608113,0.980304131676582,1.00230506543864
30.2,14,0.991481482748146,0.980517885113677,1.00256766914404
30.4,14,0.99171563107375,0.980717459665281,1.00283714052738
30.6,14,0.991944050355988,0.980900049338334,1.00311239631435
30.8,14,0.992164783444669,0.98106378275986,1.00339139493926
31,14,0.992375871603737,0.981207693645488,1.00367116658289
31.2,14,0.992575354682123,0.981331640953864,1.00394789448011
31.4,14,0.992761271323273,0.981436184378871,1.00421704184786
31.6,14,0.992931659213393,0.981522423028308,1.00447351658702
31.8,14,0.993084555368429,0.98159180550378,1.00471186554492
32,14,0.993217996459793,0.981645918150975,1.00492649157014
32.2,14,0.993330019178816,0.981686255379042,1.00511188946086
32.4,14,0.993418660639898,0.981713972223294,1.00526290063141
32.6,14,0.993481958822318,0.981729615339367,1.00537499030651
32.8,14,0.993517953050607,0.981732824924904,1.00544455474367
33,14,0.993524684513402,0.981721997265307,1.0054692687819
33.2,14,0.993500197207461,0.981693896568673,1.0054484858277
33.4,14,0.993443335746066,0.981643317924165,1.00538519777763
33.6,14,0.99335542301723,0.981563663493052,1.0052888397745
33.8,14,0.993238263039058,0.981447967680056,1.00517019714941
34,14,0.99309366167474,0.981289562089152,1.00503975478845
34.2,14,0.992923426118667,0.981082674040642,1.00490708502145
34.4,14,0.992729364415097,0.980822963118416,1.00478029983992
34.6,14,0.992513285009458,0.980507953815519,1.00466560937823
34.8,14,0.992276996332376,0.980137319544983,1.00456703139056
35,14,0.992022306416482,0.979712985679166,1.00448628405763
35.2,14,0.991751022546027,0.979239043565221,1.0044228701708
35.4,14,0.991464950939339,0.978721495314276,1.00437433288976
35.6,14,0.991165896464107,0.97816787091722,1.00433664151359
35.8,14,0.990855662385485,0.977586768459747,1.00430465648411
36,14,0.99053605014699,0.976987364082699,1.0042726269669
36.2,14,0.990208859184149,0.976378924772009,1.00423468791661
36.4,14,0.989875886770847,0.975770339781148,1.00418534081507
36.6,14,0.989538927898317,0.975169670293848,1.00411991846618
36.8,14,0.989199775186707,0.974583704519399,1.00403504664791
37,14,0.988860218829152,0.974017497628664,1.00392912320722
37.2,14,0.988522046568277,0.973473872821419,1.00380283830257
37.4,14,0.988187043705051,0.972952861716416,1.0036597576
37.6,14,0.987856993139917,0.972451070771702,1.0035069817148
37.8,14,0.987533675446129,0.971960978986878,1.00335587664914
38,14,0.987218868975207,0.971470205776876,1.00322283634145
38.2,14,0.986913989889147,0.970959804266639,1.00313032440573
38.4,14,0.986618981607579,0.970402135582898,1.00310683496556
38.6,14,0.986333412214245,0.969767425707658,1.0031823860657
38.8,14,0.986056850561942,0.969027159658516,1.00338582138686
39,14,0.985788866232724,0.968156211203562,1.00374265799559
39.2,14,0.985529029499858,0.967134713196262,1.0042731945553
39.4,14,0.985276911291657,0.965949272034775,1.00499127648753
39.6,14,0.985032083157206,0.964593293020417,1.00590395130239
39.8,14,0.984794117233949,0.963066449337128,1.00701198137067
40,14,0.984562586217144,0.961373554864635,1.00831095391955
