"value","lag","rr","lo","hi"
0,0,1.07094362205465,1.00724247023226,1.1386734331755
0.2,0,1.07035900096961,1.0091555857197,1.13527428988029
0.4,0,1.06976476534609,1.01091763425389,1.13203748198596
0.6,0,1.06916024705808,1.01252137983653,1.12896740419827
0.8,0,1.06854477981122,1.01396086771911,1.12606707301263
1,0,1.06791769920981,1.01523172859206,1.12333783526168
1.2,0,1.067278342828,1.01633147742588,1.12077908277985
1.4,0,1.06662605028498,1.01725978160979,1.11838799853678
1.6,0,1.06596016332435,1.01801866947059,1.11615936315332
1.8,0,1.06528002589742,1.01861265041227,1.11408545055543
2,0,1.0645849842506,1.01904872282726,1.11215603660981
2.2,0,1.06387438701672,1.01933625557098,1.11035853494312
2.4,0,1.06314758531032,1.01948674179714,1.10867826114022
2.6,0,1.06240393282685,1.01951343780031,1.10709881266619
2.8,0,1.06164278594572,1.01943091122063,1.10560254014768
3,0,1.06086350383725,1.01925453002755,1.10417107858565
3.2,0,1.0600654485733,1.01899992485964,1.10278590591034
3.4,0,1.05924801777594,1.01868239068503,1.10142903560722
3.6,0,1.05841111885871,1.01831524530763,1.10008575604239
3.8,0,1.05755506119163,1.01790892972179,1.0987453541229
4,0,1.05668016527195,1.01747156556576,1.09739968119728
4.2,0,1.05578675170859,1.01700918799929,1.09604286592164
4.4,0,1.05487514116958,1.01652597870632,1.09467105294613
4.6,0,1.05394565433039,1.01602450394694,1.09328213834094
4.8,0,1.05299861182308,1.01550595032804,1.09187550909293
5,0,1.05203433418642,1.01497035414828,1.09045179081691
5.2,0,1.05105314181678,1.01441682239365,1.08901260560349
5.4,0,1.05005535491996,1.0138437448242,1.08756034056045
5.6,0,1.04904129346394,1.01324899724358,1.08609792695206
5.8,0,1.04801127713244,1.01263013612479,1.08462862975809
6,0,1.04696562527944,1.01198458441623,1.0831558478226
6.2,0,1.04590465688455,1.01130980770502,1.08168292540862
6.4,0,1.04482869050934,1.01060347910302,1.08021297678532
6.6,0,1.04373804425449,1.00986363038397,1.07874872631068
6.8,0,1.0426330357179,1.00908878617773,1.077292367194
7,0,1.04151398195368,1.00827807755127,1.07584544259799
7.2,0,1.04038119943202,1.00743133118451,1.07440875286156
7.4,0,1.03923500400005,1.00654913064064,1.07298229233143
7.6,0,1.03807571084348,1.00563284693371,1.07156521858742
7.8,0,1.03690363444923,1.00468463663375,1.07015585580808
8,0,1.03571908856892,1.00370740697711,1.06875173279507
8.2,0,1.03452238618331,1.00270474867834,1.06734965494587
8.4,0,1.03331383946759,1.00168083816423,1.06594580843943
8.6,0,1.03209375975757,1.00064031158913,1.06453589426038
8.8,0,1.03086245751683,0.999588113111033,1.06311528956687
9,0,1.02962024230467,0.998529319445374,1.06167923436876
9.2,0,1.02836742274504,0.997468941671149,1.06022304252551
9.4,0,1.02710445029422,0.996411710550656,1.05874262681155
9.6,0,1.02583339276277,0.995361843801725,1.05723778368664
9.8,0,1.02455732682827,0.994322718659462,1.05571128594217
10,0,1.02327933003174,0.993296894622984,1.0541667782699
10.2,0,1.02200246467941,0.992286274248276,1.05260857165646
10.4,0,1.02072977783068,0.991292252269381,1.05104148344249
10.6,0,1.01946430137724,0.990315853312734,1.04947068988745
10.8,0,1.01820905221267,0.989357859846461,1.04790158959136
11,0,1.0169670324915,0.988418931738966,1.04633967639109
11.2,0,1.01574122997733,0.987499718400005,1.04479042074819
11.4,0,1.01453461847885,0.986600964001904,1.04325915912042
11.6,0,1.01335015837338,0.985723605778956,1.04175099130743
11.8,0,1.01219079721716,0.984868864926263,1.04027068623782
12,0,1.01105947044166,0.984038329211109,1.03882259707229
12.2,0,1.00995910213551,0.983234026113556,1.03741058679408
12.4,0,1.0088926059115,0.982458485165399,1.03603796560577
12.6,0,1.00786288585805,0.981714788183001,1.0347074414252
12.8,0,1.00687283757511,0.981006606297666,1.03342108456601
13,0,1.00592534929388,0.980338223062783,1.0321803073134
13.2,0,1.00502330308036,0.979714543423463,1.03098585860021
13.4,0,1.00416957612255,0.979141088915418,1.02983783340875
13.6,0,1.00336704210138,0.978623980047151,1.02873569593786
13.8,0,1.00261857264538,0.978169907342441,1.02767831505323
14,0,1.00192703886936,0.977786092915848,1.02666401014553
14.2,0,1.00129531299756,0.977480244675786,1.02569060530061
14.4,0,1.00072627007161,0.97726050527071,1.02475548966755
14.6,0,1.00022278974393,0.977135397705483,1.02385568210136
14.8,0,0.999787758157462,0.977113769159735,1.02298789855464
15,0,0.999424069912559,0.977204733940027,1.02214862129586
15.2,0,0.999134630122089,0.977417615676556,1.02133416985555
15.4,0,0.998921628154778,0.9777605770747,1.02054065442154
15.6,0,0.998781156282033,0.978230728255027,1.01976330259379
15.8,0,0.998706271838441,0.978819246141545,1.01899734945057
16,0,0.998690025534963,0.979516807388655,1.01823854330994
16.2,0,0.998725479725237,0.980313701482144,1.01748305909052
16.4,0,0.998805704573773,0.981199890373995,1.01672742249172
16.6,0,0.998923774707669,0.982165057827673,1.01596844616243
16.8,0,0.999072766350248,0.983198650904569,1.01520317541569
17,0,0.999245754935618,0.984289915610552,1.01442884146333
17.2,0,0.999435813203664,0.985427928393055,1.01364282047794
17.4,0,0.999636009775392,0.986601624923057,1.01284259704883
17.6,0,0.999839408208887,0.987799827402897,1.01202573079592
17.8,0,1.00003906653635,0.989011271501255,1.01118982504704
18,0,1.00022803728287,0.990224633923831,1.01033249657945
18.2,0,1.00039936796747,0.991428561576818,1.00945134547869
18.4,0,1.0005461020873,0.992611703266196,1.00854392418302
18.6,0,1.00066128058504,0.993762744896173,1.00760770476127
18.8,0,1.00073794380019,0.994870449182475,1.00664004341911
19,0,1.00076913390377,0.995923700977892,1.00563814114584
19.2,0,1.00074789781609,0.996911559414761,1.00459899930466
19.4,0,1.00066729060654,0.997823318194805,1.00351936884116
19.6,0,1.00052037937363,0.998648575488628,1.00239569164975
19.8,0,1.00030024760296,0.999377315023233,1.00122403251797
20,0,1,1,1
20.2,0,0.999612767793533,0.998718654611737,1.00050768143938
20.4,0,0.99913171450476,0.997374402978925,1.00089212230396
20.6,0,0.998550042175963,0.995960877134171,1.00114593818055
20.8,0,0.997860998051442,0.994470799221672,1.00126275423223
21,0,0.99705788170226,0.992895833642074,1.00123737634996
21.2,0,0.996134052584958,0.991226431377965,1.00106597171738
21.4,0,0.995085604460656,0.989454001139507,1.00074926076853
21.6,0,0.993925680964347,0.987583896218009,1.00030818957619
21.8,0,0.992674070997444,0.985627855157399,0.999770659965039
22,0,0.991350510794798,0.983598643833851,0.999163471212671
22.2,0,0.989974651902721,0.98151015039083,0.998512150913228
22.4,0,0.988566048947356,0.979377427509251,0.997840878992644
22.6,0,0.98714415127631,0.977216677330483,0.997172477715992
22.8,0,0.985728298441105,0.975045189279061,0.996528457379531
23,0,0.984337719484382,0.972881243123192,0.995929105272125
23.2,0,0.982991535994443,0.970743990418013,0.995393604672872
23.4,0,0.981708768890274,0.968653326694562,0.994940171428275
23.6,0,0.980508348902936,0.966629764780734,0.99458619762908
23.8,0,0.979409130723882,0.964694317072791,0.994348394480001
24,0,0.978429910797467,0.962868391959957,0.994242929082412
24.2,0,0.977589448743603,0.961173707304372,0.994285552166263
24.4,0,0.97690649240716,0.959632222069147,0.994491715638217
24.6,0,0.976399806543328,0.958266085896488,0.994876680129979
24.8,0,0.97608820516278,0.957097605605262,0.995455613594797
25,0,0.97599058757709,0.956149227103456,0.996243682510456
25.2,0,0.976125978203548,0.955443530990825,0.997256137508962
25.4,0,0.976513570209329,0.955003240067957,0.998508395359072
25.6,0,0.977172773097983,0.954851236996591,1.00001611925169
25.8,0,0.978123264366574,0.955010590417427,1.00179529933479
26,0,0.979385045389568,0.955504587886648,1.00386233545382
26.2,0,0.980978501716014,0.956356774012671,1.0062341241034
26.4,0,0.982924467999794,0.957590992139057,1.00892815170966
26.6,0,0.985244297819009,0.959231427810123,1.01196259655602
26.8,0,0.987959938680222,0.961302652055582,1.01535644195913
27,0,0.99109401254652,0.963829662221031,1.01912960371239
27.2,0,0.994669902275708,0.966837917631609,1.02330307536629
27.4,0,0.998703114104291,0.970343847480462,1.02789120857665
27.6,0,1.00316693377204,0.974317509401729,1.03287058613115
27.8,0,1.00802142771349,0.978714577351198,1.03820584902245
28,0,1.01322627387876,0.983490455923503,1.04386115380675
28.2,0,1.01874060667648,0.988600173984473,1.04979996059343
28.4,0,1.0245228753117,0.993998290523526,1.05598483623561
28.6,0,1.03053071911252,0.999638818228131,1.06237727434092
28.8,0,1.03672086025192,1.00547516560702,1.06893753206983
29,0,1.04304901441237,1.01146009768512,1.07562448479832
29.2,0,1.04946982006098,1.01754571464949,1.08239550062693
29.4,0,1.05593678710131,1.02368344732249,1.08920633743781
29.6,0,1.06240226574398,1.02982406797499,1.09601106573221
29.8,0,1.06881743648954,1.03591771477559,1.10276202081508
30,0,1.07513232214307,1.0419139281056,1.10940978802195
30.2,0,1.08129582277838,1.04776169705039,1.11590322460675
30.4,0,1.08725577453909,1.05340951458919,1.12218952164069
30.6,0,1.09295903310299,1.05880544031728,1.12821430883795
30.8,0,1.09835158254257,1.06389716990698,1.13392180466018
31,0,1.10337867018806,1.06863211090087,1.1392550134018
31.2,0,1.10798496793825,1.07295746478854,1.14415597026398
31.4,0,1.11211476026817,1.07682031561024,1.14856603471994
31.6,0,1.11571215895125,1.08016772553772,1.15242623177985
31.8,0,1.11872134424712,1.08294683800145,1.15567764008044
32,0,1.12108683200642,1.08510498898615,1.15826182503547
32.2,0,1.12275376581097,1.08658982714624,1.16012131454739
32.4,0,1.12366823290628,1.08734944346675,1.16120011393682
32.6,0,1.12377760229476,1.08733251140314,1.16144425571318
32.8,0,1.12303088294806,1.08648843888607,1.16080237848472
33,0,1.12137909967013,1.08476753440357,1.15922632757294
33.2,0,1.11877568382362,1.08212119082568,1.1566717677527
33.4,0,1.11519890170869,1.07852343744543,1.15312152447795
33.6,0,1.11071306373333,1.07403063333922,1.14864834545016
33.8,0,1.1054035310471,1.06871952817057,1.1433467193615
34,0,1.09935618586792,1.06266788971661,1.13731113464656
34.2,0,1.09265686591483,1.05595430675911,1.13063512217218
34.4,0,1.08539085932081,1.04865796482567,1.12341045127428
34.6,0,1.07764246140612,1.04085839068452,1.11572648596482
34.8,0,1.06949459374748,1.03263516420697,1.10766970339762
35,0,1.06102848515347,1.02406760001749,1.09932337112104
35.2,0,1.0523234134545,1.0152344055669,1.09076737395063
35.4,0,1.04345650643764,1.00621332607541,1.08207817627875
35.6,0,1.03450259979988,0.99708078947146,1.07332890202409
35.8,0,1.02553414965495,0.987911565525292,1.06458951267494
36,0,1.01662119690209,0.978778452720902,1.05592706410481
36.2,0,1.00783138064431,0.969752004240888,1.04740602480788
36.4,0,0.999229997821171,0.960900301208502,1.03908864144382
36.6,0,0.990880106288744,0.952288777597113,1.03103534152345
36.8,0,0.982842668731234,0.943980097511691,1.02330516715875
37,0,0.975176735015523,0.936034082296087,1.01595623760068
37.2,0,0.967939660897214,0.928507682414535,1.00904624149306
37.4,0,0.961187361347844,0.921454987466665,1.00263296219692
37.6,0,0.954974597194014,0.914927267116493,0.996774841086633
37.8,0,0.949355294237307,0.90897303621401,0.99153158431446
38,0,0.94438289455751,0.903638139041866,0.986964818105691
38.2,0,0.940110740291428,0.898965850534373,0.98313879607989
38.4,0,0.936592490827722,0.894996996599495,0.980121159297499
38.6,0,0.933882575069329,0.891770101360175,0.977983745685005
38.8,0,0.932036681196127,0.889321576039315,0.976803440397681
39,0,0.931112287221159,0.887685971751009,0.976663053156143
39.2,0,0.93116921866583,0.886896307981674,0.977652185478089
39.4,0,0.932248564324043,0.886963659974042,0.979845539229504
39.6,0,0.934330817320217,0.887838589537962,0.983257639937196
39.8,0,0.937387792520429,0.889464037313264,0.987893649101916
40,0,0.941393974358737,0.891787363337463,0.993760005347352
0,1,1.0436549763764,0.995750461020721,1.09386412796505
0.2,1,1.04449393173609,0.998390576577468,1.09272623262673
0.4,1,1.04530012269037,1.00089809935004,1.09167191665769
0.6,1,1.04607116521686,1.00326551212951,1.09070317823992
0.8,1,1.0468046718863,1.00548620220373,1.08982104247806
1,1,1.04749825267829,1.00755468531633,1.08902534557672
1.2,1,1.04814951585083,1.00946682706526,1.08831452220401
1.4,1,1.04875606886354,1.011220043923,1.08768541386018
1.6,1,1.04931551935435,1.01281346341473,1.08713311871429
1.8,1,1.04982547616956,1.01424802285531,1.08665090350576
2,1,1.05028355044697,1.01552648915933,1.08623019499242
2.2,1,1.05068735675167,1.01665338865269,1.08586066201067
2.4,1,1.05103451426419,1.01763484467884,1.08553039034664
2.6,1,1.05132264802055,1.01847833045757,1.08522614295031
2.8,1,1.05154939020353,1.01919235309876,1.08493368957829
3,1,1.05171238148468,1.01978609012692,1.08463818449467
3.2,1,1.05180927241628,1.02026900135571,1.08432456937419
3.4,1,1.05183784041752,1.02065048713,1.0839781653808
3.6,1,1.05179767681296,1.02094008107842,1.0835879337606
3.8,1,1.05168981068879,1.02114645555992,1.08314674343177
4,1,1.05151532280823,1.02127665676676,1.08264931620092
4.2,1,1.05127530602705,1.02133622849075,1.08209200675805
4.4,1,1.05097086461726,1.02132937172585,1.08147262661004
4.6,1,1.05060311359843,1.0212591109435,1.0807902622117
4.8,1,1.05017317807708,1.02112746114135,1.08004509321471
5,1,1.04968219259451,1.02093559203101,1.07923821448724
5.2,1,1.04913130048348,1.02068398735818,1.07837146392687
5.4,1,1.04852165323404,1.02037259839579,1.07744725704032
5.6,1,1.04785440986898,1.02000099120626,1.07646842870552
5.8,1,1.04713073632909,1.01956848742975,1.07543808236879
6,1,1.04635180486855,1.01907429821839,1.07435944706462
6.2,1,1.04551879346092,1.01851765059412,1.07323574298625
6.4,1,1.04463288521573,1.0178979050525,1.07207005678812
6.6,1,1.04369526780615,1.01721466275758,1.07086522827733
6.8,1,1.04270713290788,1.01646786026211,1.06962375055972
7,1,1.04166967564953,1.0156578494243,1.06834768596812
7.2,1,1.04058409407464,1.01478546013881,1.06703860015202
7.4,1,1.0394515886156,1.01385204369112,1.06569751651521
7.6,1,1.03827336157963,1.01285949497675,1.06432489275387
7.8,1,1.03705061664694,1.01181025245567,1.06292062061795
8,1,1.03578455838129,1.01070727545392,1.0614840492756
8.2,1,1.03447639175307,1.00955399916872,1.06001403191471
8.4,1,1.0331273216749,1.00835426836187,1.05850899458693
8.6,1,1.03173855255008,1.00711225112861,1.05696702589531
8.8,1,1.03031128783376,1.00583233422462,1.05538598603116
9,1,1.0288467296071,1.00451900117611,1.05376363392219
9.2,1,1.02734607816427,1.00317669378155,1.05209777187002
9.4,1,1.02581076279364,1.00180979217277,1.05038673936399
9.6,1,1.0242448093685,1.00042379007378,1.04863302924948
9.8,1,1.0226538598591,0.999024510774043,1.04684210027481
10,1,1.02104354972448,0.997617205270284,1.04501999857902
10.2,1,1.01941948098158,0.996206649582892,1.04317319969694
10.4,1,1.01778722130345,0.994797248838419,1.04130849684009
10.6,1,1.01615230342274,0.993393133532345,1.03943289811125
10.8,1,1.01452022483744,0.991998248919963,1.03755353169707
11,1,1.01289644781538,0.990616438339309,1.03567755822521
11.2,1,1.01128639969428,0.989251521043905,1.0338120896973
11.4,1,1.00969547347406,0.987907364852695,1.03196411467792
11.6,1,1.00812902869803,0.98658795364195,1.0301404297021
11.8,1,1.00659239262006,0.985297449437643,1.02834757712899
12,1,1.00509086165454,0.984040248643071,1.02659178989322
12.2,1,1.00362970310652,0.982821031779027,1.02487894376294
12.4,1,1.00221415717943,0.981644806041541,1.02321451778594
12.6,1,1.00084943925803,0.980516940007319,1.0216035635811
12.8,1,0.999540742464889,0.979443189941713,1.02005068400825
13,1,0.998293240488549,0.978429717379596,1.01856002153549
13.2,1,0.997112090682373,0.977483097935105,1.0171352563387
13.4,1,0.996002437433269,0.976610321621563,1.0157796138442
13.6,1,0.994969415800043,0.97581878529126,1.01449588109948
13.8,1,0.994018155421646,0.975116278097925,1.01328643106563
14,1,0.993153784696125,0.974510961108059,1.01215325370452
14.2,1,0.992381435231719,0.974011342313374,1.01109799261015
14.4,1,0.991706246572149,0.973626248307558,1.01012198592611
14.6,1,0.99113337119885,0.973364793776809,1.00922631040757
14.8,1,0.990667979813635,0.973236349710426,1.00841182773336
15,1,0.990315266906025,0.973250510857936,1.00767923255712
15.2,1,0.990080456610309,0.973417062422913,1.00702910232715
15.4,1,0.989967701210408,0.973744420704616,1.00646127320622
15.6,1,0.989971898989176,0.974228221597405,1.00596999662081
15.8,1,0.990083345973244,0.974857436945777,1.0055470623938
16,1,0.990292336528411,0.975620690621226,1.0051846185862
16.2,1,0.990589187641976,0.976506346673752,1.00487512653211
16.4,1,0.990964229829665,0.977502542292875,1.00461130515165
16.6,1,0.991407798998516,0.978597214524728,1.00438608380102
16.8,1,0.991910229260518,0.979778122385871,1.00419256200147
17,1,0.992461846693858,0.981032865744563,1.00402397466615
17.2,1,0.993052964050497,0.982348902124671,1.00387366166601
17.4,1,0.993673876410378,0.983713562419265,1.00373504074919
17.6,1,0.994314857783882,0.985114066373876,1.00360158296081
17.8,1,0.994966158665213,0.986537538607686,1.00346678980523
18,1,0.995618004540217,0.987971025880134,1.00332417145693
18.2,1,0.996260595352635,0.989401516277113,1.00316722536172
18.4,1,0.996884105933127,0.990815960982493,1.00298941457974
18.6,1,0.997478687395366,0.992201299315436,1.00278414520768
18.8,1,0.998034469503278,0.993544487750414,1.00254474218059
19,1,0.998541564012993,0.994832533693565,1.00226442269593
19.2,1,0.998990068992236,0.99605253486384,1.00193626642548
19.4,1,0.9993700741189,0.997191725216356,1.00155318158875
19.6,1,0.999671666959141,0.998237528441042,1.0011078658619
19.8,1,0.999884940223794,0.999177620159034,1.000592761002
20,1,1,1,1
20.2,1,1.00000697495282,0.999321345572967,1.00069307473956
20.4,1,0.999896026489186,0.99854811892362,1.00124575355125
20.6,1,0.999657359873935,0.997671118014313,1.00164755609953
20.8,1,0.999281236284639,0.996680525239563,1.00188873355436
21,1,0.998757985788919,0.995565805482273,1.00196040149643
21.2,1,0.99807802122441,0.994315597272358,1.00185468193794
21.4,1,0.997235727721532,0.992921198051943,1.00156900526991
21.6,1,0.996250275858702,0.991396210911341,1.00112810723391
21.8,1,0.995150516896834,0.989763575032437,1.00056677802836
22,1,0.993965246138171,0.988046872446898,0.999919070725678
22.2,1,0.992723151108534,0.986270374564361,0.99921814561464
22.4,1,0.991452791115042,0.984459071418788,0.998496195065939
22.6,1,0.990182585042416,0.982638667454765,0.997784418824956
22.8,1,0.988940807324132,0.980835549602161,0.997113043861019
23,1,0.987755592018177,0.979076734964592,0.996511381305026
23.2,1,0.986654944917177,0.977389806390459,0.996007912057779
23.4,1,0.985666763629111,0.975802844140405,0.995630392714138
23.6,1,0.984818865577677,0.974344360946205,0.995405974388607
23.8,1,0.984139023890515,0.973043246306392,0.995361328513044
24,1,0.983655011168919,0.971928724233761,0.995522775356324
24.2,1,0.983394651164392,0.971030327130584,0.995916412617548
24.4,1,0.983385878425438,0.970377887180539,0.996568242807301
24.6,1,0.983656806022451,0.970001545674282,0.99750429919335
24.8,1,0.984235801509618,0.969931780020962,0.998750770855599
25,1,0.985151571340672,0.970199447794164,1.00033412791727
25.2,1,0.986433254020378,0.970835846956663,1.00228124835678
25.4,1,0.988110522346267,0.971872791343247,1.0046195480192
25.6,1,0.990213695175943,0.973342700502374,1.00737711559137
25.8,1,0.992773859244817,0.975278703063703,1.01058285442276
26,1,0.9958230016583,0.977714752877771,1.01426663320045
26.2,1,0.999394153792179,0.980685757242074,1.0184594476449
26.4,1,1.00352154745635,0.984227716565598,1.02319359560737
26.6,1,1.00824078431152,0.98837787481546,1.0285028682364
26.8,1,1.01358901967761,0.993174880019356,1.03442276026051
27,1,1.01960516203822,0.998658953950097,1.04099070292512
27.2,1,1.02633008972948,1.00487206987602,1.04824632374754
27.4,1,1.03379276484239,1.01184355701517,1.05621810133683
27.6,1,1.04195434242618,1.01953249152214,1.06486930110477
27.8,1,1.05075420988984,1.02787554114488,1.07414211682814
28,1,1.06013045417822,1.03680819550384,1.08397733037785
28.2,1,1.0700194637701,1.0462644031615,1.09431387456859
28.4,1,1.08035556358175,1.05617624255447,1.10508842817664
28.6,1,1.09107068960067,1.0664736349528,1.11623504856578
28.8,1,1.10209410532952,1.07708410172416,1.12768484379052
29,1,1.11335216270197,1.08793256797163,1.13936568743796
29.2,1,1.12476811063821,1.09894121446158,1.15120198065233
29.4,1,1.13626195482958,1.11002937964209,1.16311446676251
29.6,1,1.14775037267107,1.12111351347058,1.17502010468912
29.8,1,1.1591466874868,1.13210718472029,1.1868320078223
30,1,1.17036090630481,1.14292114341826,1.19845945531288
30.2,1,1.18129982542272,1.15346344007378,1.20980798269124
30.4,1,1.19186720785126,1.16363960336675,1.22077955841404
30.6,1,1.20196403641732,1.17335287795284,1.23127285234194
30.8,1,1.21148884584064,1.18250452397035,1.24118360128411
31,1,1.22033813645914,1.19099417966524,1.25040507562779
31.2,1,1.22840687146028,1.19872028824878,1.2588286497222
31.4,1,1.23558905847561,1.20558058964085,1.26634447712819
31.6,1,1.24177841521316,1.21147267711525,1.27284227008828
31.8,1,1.24686911744143,1.21629461805551,1.27821218062664
32,1,1.2507566261104,1.21994563707077,1.28234577855073
32.2,1,1.25333858871382,1.22232685865306,1.28513711928916
32.4,1,1.25451580818709,1.22334210544049,1.28648389194831
32.6,1,1.25419327072421,1.22289874706386,1.28628863518473
32.8,1,1.25228122192311,1.22090859359228,1.28446000545144
33,1,1.24869627867459,1.2172888268627,1.28091407886688
33.2,1,1.24336256246299,1.21196296279794,1.27557566459421
33.4,1,1.2362532467443,1.20490121150025,1.26842107510447
33.6,1,1.22750224811203,1.19622964975582,1.25959239467743
33.8,1,1.21728312532755,1.18611310269815,1.24927226909178
34,1,1.20577041421504,1.17471790339611,1.23764376757444
34.2,1,1.19313785150976,1.16221043793985,1.22488827000106
34.4,1,1.17955681498282,1.14875581451339,1.21118366688033
34.6,1,1.16519498532132,1.13451666064842,1.19670287877657
34.8,1,1.15021523017267,1.11965205221902,1.18161269217446
35,1,1.13477470643907,1.10431657795753,1.16607289981606
35.2,1,1.11902417335186,1.08865954377184,1.15023572586092
35.4,1,1.1031075060622,1.07282432133167,1.13424551041155
35.6,1,1.08716139742406,1.0569478448134,1.11823862440224
35.8,1,1.0713152342759,1.04116025814488,1.10234358468177
36,1,1.05569113379069,1.02558471263786,1.08668134014767
36.2,1,1.04040412529919,1.01033731182738,1.07136570259073
36.4,1,1.02556246333006,0.995527197067319,1.05650389993363
36.6,1,1.01126805838905,0.981256764385839,1.04219723423566
36.8,1,0.997617013154031,0.967622000638768,1.02854183170429
37,1,0.984700253237709,0.954712925350686,1.01562947665157
37.2,1,0.972604243416562,0.94261412392581,1.00354852563864
37.4,1,0.961411782204248,0.931405358182133,0.992384901848934
37.6,1,0.951202869832129,0.921162241417028,0.982223172961411
37.8,1,0.942055647072883,0.911956967471026,0.973147718409317
38,1,0.934047404901976,0.903859086595192,0.965243993829377
38.2,1,0.927255667747036,0.896936325496172,0.958599901607698
38.4,1,0.921759356052529,0.891255454932798,0.953307276570259
38.6,1,0.917640037128965,0.886883215842006,0.94946349496827
38.8,1,0.914983276822644,0.883887324163498,0.947173213121271
39,1,0.913880108515029,0.882337584858736,0.946550240034435
39.2,1,0.914428610583079,0.882307126877664,0.947719516685759
39.4,1,0.916699453296899,0.883838864218683,0.950781779004135
39.6,1,0.920666344354016,0.886879607965492,0.955740226760483
39.8,1,0.92629216148321,0.891365725564217,0.962587122005538
40,1,0.933547530685482,0.897241988900319,0.971322121378989
0,2,1.04575710954917,1.01338204378231,1.07916647910091
0.2,2,1.04581221121445,1.01467845427181,1.07790125681755
0.4,2,1.04586109046514,1.01589710982007,1.07670886153289
0.6,2,1.04590331720215,1.01703448575086,1.07559159916473
0.8,2,1.04593846137876,1.01808769645184,1.07455111067941
1,2,1.04596609302881,1.01905463905703,1.0735882315185
1.2,2,1.04598578229667,1.0199341334341,1.07270285492162
1.4,2,1.04599709946895,1.02072604656356,1.07189381105826
1.6,2,1.04599961500803,1.02143138792074,1.07115877535757
1.8,2,1.04599289958732,1.02205236271527,1.07049421918112
2,2,1.04597652412822,1.02259237222645,1.06989541359994
2.2,2,1.0459500598389,1.02305595493913,1.06935649257042
2.4,2,1.04591307825479,1.02344866809573,1.06887057589301
2.6,2,1.04586515128086,1.02377691550705,1.06842994610987
2.8,2,1.04580585123553,1.02404773270223,1.0680262682604
3,2,1.04573475089647,1.02426854365728,1.06765083825362
3.2,2,1.04565142354797,1.02444690388236,1.06729484507619
3.4,2,1.04555541589298,1.02459017326121,1.06694965092588
3.6,2,1.04544585226697,1.02470414457122,1.06660740645248
3.8,2,1.04532152339737,1.02479272481149,1.06626155789583
4,2,1.04518121204833,1.02485867238662,1.06590673958479
4.2,2,1.04502370233756,1.02490372254665,1.06553865931305
4.4,2,1.0448477799299,1.02492870001656,1.06515397920539
4.6,2,1.04465223224484,1.02493363451965,1.06475019413874
4.8,2,1.04443584867811,1.02491787565412,1.0643255112589
5,2,1.0441974208372,1.02488020504599,1.06387873267016
5.2,2,1.04393574279077,1.0248189447312,1.0634091423456
5.4,2,1.04364961133183,1.02473206135959,1.06291639766589
5.6,2,1.04333782625463,1.02461726612916,1.06240042567906
5.8,2,1.04299919064527,1.02447211041428,1.0618613241182
6,2,1.04263251118571,1.02429407691236,1.0612992673533
6.2,2,1.0422365984713,1.02408066586057,1.06071441772627
6.4,2,1.04181026734154,1.02382947553011,1.0601068430622
6.6,2,1.04135233722404,1.02353827585047,1.05947644150475
6.8,2,1.04086163249146,1.02320507371236,1.05882287512714
7,2,1.04033698283142,1.02282816830058,1.05814551396743
7.2,2,1.03977722362896,1.02240619476038,1.05744339218418
7.4,2,1.03918119636166,1.02193815462755,1.05671517790158
7.6,2,1.03854774900708,1.02142343175008,1.05595915801506
7.8,2,1.03787573646224,1.02086179286633,1.05517323879127
8,2,1.03716402097514,1.02025337252066,1.05435496257919
8.2,2,1.03641147258793,1.01959864251639,1.05350154043052
8.4,2,1.03561696959152,1.01889836654073,1.05260989999148
8.6,2,1.03477939899138,1.01815354087314,1.05167674775134
8.8,2,1.03389765698434,1.01736532214717,1.05069864467336
9,2,1.03297064944591,1.01653494294717,1.04967209442219
9.2,2,1.03199729242806,1.01566361557947,1.04859364384262
9.4,2,1.03097680675992,1.01475264806456,1.04746036199479
9.6,2,1.0299117331602,1.01380559661964,1.04627374482625
9.8,2,1.02880669260831,1.01282717666129,1.04503831961216
10,2,1.02766632441803,1.01182172429176,1.04375904271288
10.2,2,1.02649525185956,1.01079324832805,1.04244117561444
10.4,2,1.02529808069249,1.00974550174035,1.04109020783935
10.6,2,1.02407939790549,1.0086820479236,1.03971178566459
10.8,2,1.02284377066146,1.00760632247717,1.0383116459699
11,2,1.02159574544681,1.00652169105599,1.03689555465027
11.2,2,1.02033984742336,1.00543150368445,1.03546924919778
11.4,2,1.01908057998136,1.0043391457197,1.03403838526174
11.6,2,1.01782242449193,1.0032480854352,1.03260848721105
11.8,2,1.01656984025732,1.00216191799074,1.03118490292737
12,2,1.01532726465726,1.0010844053805,1.02977276323125
12.2,2,1.01409911348972,1.00001951182581,1.02837694646879
12.4,2,1.01288978150443,0.998971434019394,1.02700204884555
12.6,2,1.01170364312757,0.997944625643637,1.0256523610791
12.8,2,1.01054505337606,0.996943815680242,1.02433185184667
13,2,1.00941834896012,0.995974020196194,1.02304415833725
13.2,2,1.0083278495727,0.995040547515662,1.02179258399307
13.4,2,1.00727785936466,0.994148996945563,1.02058010326777
13.6,2,1.00627266860475,0.99330525148461,1.01940937296718
13.8,2,1.00531655552356,0.992515465181134,1.01828274950387
14,2,1.0044137883408,0.991786045985992,1.0172023112164
14.2,2,1.0035686274757,0.991123635051755,1.01616988480037
14.4,2,1.00278532794027,0.990535083444455,1.01518707488432
14.6,2,1.00206814191576,0.9900274271532,1.01425529586578
14.8,2,1.00142132151268,0.989607861104086,1.01337580530266
15,2,1.00084912171527,0.9892837126057,1.01254973843633
15.2,2,1.00035580351154,0.989062414262655,1.01177814381436
15.4,2,0.999944865746786,0.988950411662612,1.01106154842724
15.6,2,0.999613348591532,0.988945200100347,1.01039657867897
15.8,2,0.999355082604448,0.989039610917897,1.00977814245526
16,2,0.999163897779434,0.989226230161154,1.00920139821116
16.2,2,0.999033643156831,0.989497466011056,1.00866172420098
16.4,2,0.998958182895139,0.989845577081861,1.00815468016243
16.6,2,0.99893139272389,0.990262695782396,1.00767597488956
16.8,2,0.998947156775179,0.990740847898387,1.00722143852856
17,2,0.998999364791909,0.99127196936218,1.00678699862439
17.2,2,0.999081909711309,0.991847921022313,1.00636865910207
17.4,2,0.999188685622774,0.992460502105037,1.00596248148816
17.6,2,0.999313586099401,0.993101462968666,1.00556456777101
17.8,2,0.999450502902951,0.993762517685697,1.00517104436504
18,2,0.999593325062223,0.994435356943857,1.00477804668943
18.2,2,0.999735938324979,0.99511166173319,1.00438170389617
18.4,2,0.99987222498373,0.995783118280173,1.00397812328912
18.6,2,0.999996064075723,0.996441434700374,1.00356337396551
18.8,2,1.00010133195748,0.997078359867245,1.00313346918521
19,2,1.00018190325418,0.997685705035203,1.00268434693255
19.2,2,1.00023165218402,0.998255368808357,1.00221184808158
19.4,2,1.00024445425752,0.998779366109128,1.00171169151246
19.6,2,1.00021418835145,0.999249861867841,1.00117944545873
19.8,2,1.00013473915687,0.999659210215417,1.00061049430318
20,2,1,1,1
20.2,2,0.999803876034814,0.999342857309258,1.00026510743839
20.4,2,0.999540287805073,0.998633642126985,1.00044775661424
20.6,2,0.99920317517342,0.997866552438572,1.00054158828828
20.8,2,0.998786501614285,0.997035341894912,1.00054073701236
21,2,0.99828425886671,0.996133246809195,1.00043991573744
21.2,2,0.997690471942449,0.995152908606264,1.00023450586987
21.4,2,0.997001735082053,0.994088649553146,0.999923357140677
21.6,2,0.996230806089472,0.992949358549795,0.999523097986782
21.8,2,0.995396756386784,0.991750070433532,0.999056851281299
22,2,0.994518623899615,0.990506299618105,0.99854720122883
22.2,2,0.993615387768979,0.989234078428066,0.998016101891792
22.4,2,0.992705961766592,0.987949980174215,0.997484838608081
22.6,2,0.991809191319187,0.986671117114853,0.996974021963504
22.8,2,0.990943854120069,0.98541511778389,0.996503609795128
23,2,0.990128664305535,0.984200089132447,0.996092951732637
23.2,2,0.989382280175034,0.983044569398616,0.995760850317483
23.4,2,0.988723315437114,0.981967477391506,0.995525632972877
23.6,2,0.988170353968214,0.980988063086952,0.995405229895354
23.8,2,0.987741968078254,0.980125863334571,0.995417254049202
24,2,0.987456740285695,0.979400665311289,0.995579080626555
24.2,2,0.987333288615378,0.978832479298819,0.995907924414574
24.4,2,0.987390295444903,0.978441521504946,0.996420914393751
24.6,2,0.987646539939688,0.9782482070172,0.997135165551792
24.8,2,0.988120934133215,0.978273152555177,0.998067848353047
25,2,0.988832562727231,0.978537188435476,0.999236256593407
25.2,2,0.989800726707151,0.979061379035564,1.00065787454008
25.4,2,0.991044990890426,0.979867050998145,1.00235044434703
25.6,2,0.992585235550529,0.980975828420869,1.00433203478507
25.8,2,0.994441712286539,0.982409674300688,1.00662111235756
26,2,0.996635104338155,0.984190937527969,1.00923661590909
26.2,2,0.99918659157877,0.98634240473791,1.01219803589007
26.4,2,1.00211792045495,0.988887356314594,1.01552549952663
26.6,2,1.00545147917978,0.991849625796769,1.01923986327333
26.8,2,1.0092103785304,0.995253661845408,1.02336281410404
27,2,1.01341853864664,0.999124591792232,1.02791698143515
27.2,2,1.01810078227912,1.00348828558609,1.03292606178454
27.4,2,1.02327335784519,1.00836145391439,1.03840578277864
27.6,2,1.0289061741182,1.01371241254499,1.04432766338606
27.8,2,1.03495443112655,1.01949419531833,1.05064911544103
28,2,1.0413726522075,1.02565922388863,1.05732681528873
28.2,2,1.04811450157753,1.03215915411729,1.06431649037362
28.4,2,1.05513261893473,1.03894473876666,1.07157272374436
28.6,2,1.06237847530557,1.04596571160926,1.07904877976939
28.8,2,1.0698022508874,1.05317069381751,1.08669645169794
29,2,1.07735273581767,1.06050712317227,1.09446593239457
29.2,2,1.08497725495228,1.06792120637766,1.10230571013447
29.4,2,1.09262161785505,1.07535789458278,1.11016249177895
29.6,2,1.10023009528748,1.08276088208591,1.11798115595411
29.8,2,1.10774542353926,1.09007262813397,1.1257047390253
30,2,1.11510883795312,1.09723440172582,1.13327445669342
30.2,2,1.12226013697013,1.10418634937599,1.14062976393792
30.4,2,1.1291377779503,1.11086758588078,1.14770845580453
30.6,2,1.13567900590613,1.1172163082311,1.15444681119812
30.8,2,1.14182001612115,1.12316993291256,1.16077978141213
31,2,1.14749615140961,1.12866525689754,1.16664122462609
31.2,2,1.15264213450619,1.13363864264518,1.17196418705251
31.4,2,1.15719233575509,1.1380262273672,1.17668123082567
31.6,2,1.16108107589639,1.1417641566846,1.18072480810687
31.8,2,1.16424296332536,1.144788842597,1.18402768022938
32,2,1.16661326473022,1.14703724542888,1.18652338001077
32.2,2,1.16812830749867,1.14844717913481,1.18814671459916
32.4,2,1.16872591172843,1.14895763907871,1.18883430536283
32.6,2,1.16834584908985,1.1485091512029,1.18852516034009
32.8,2,1.16693032517483,1.14704414143406,1.18716127359333
33,2,1.16442448133816,1.144507324306,1.18468824440404
33.2,2,1.16077691154738,1.14084611032798,1.1810559077018
33.4,2,1.15596686466071,1.13603726431402,1.17624609171635
33.6,2,1.15007818324789,1.13015986430323,1.17034754936925
33.8,2,1.14322015503856,1.12331810913788,1.16347480936583
34,2,1.1355024615164,1.11561698790824,1.155742386576
34.2,2,1.1270343685761,1.10716167753475,1.1472637589661
34.4,2,1.11792401211901,1.0980569768859,1.13815049963671
34.6,2,1.10827778025136,1.08840677712126,1.12851156756628
34.8,2,1.09819979213059,1.0783135690913,1.1184527562349
35,2,1.087791472116,1.06787799036109,1.10807629475365
35.2,2,1.07715121672425,1.05719841625614,1.09748059195865
35.4,2,1.0663741509662,1.04637060074534,1.08676011065188
35.6,2,1.05555196994268,1.03548737358594,1.07600535715986
35.8,2,1.04477286109278,1.02463839977761,1.06530297079722
36,2,1.0341215022053,1.01391000605591,1.05473589858663
36.2,2,1.02367913020767,1.00338507713897,1.04438364243043
36.4,2,1.01352367582073,0.993143022063942,1.03432256847999
36.6,2,1.0037299593959,0.983259808564493,1.02462627132064
36.8,2,0.994369943618782,0.973808061341917,1.0153659884576
37,2,0.985513039255383,0.964857218478114,1.00661106321444
37.2,2,0.977226460722139,0.956473739251728,0.998429456393246
37.4,2,0.969575628968942,0.94872135631777,0.990888308806706
37.6,2,0.962624619967917,0.941661365647832,0.984054558010751
37.8,2,0.956436657996475,0.935352948876909,0.977995613161688
38,2,0.951074653890302,0.92985352488485,0.972780091772598
38.2,2,0.946601789524375,0.925219130724023,0.968478621091144
38.4,2,0.943082150965413,0.921504836563855,0.965164704708438
38.6,2,0.940581414040377,0.918765205234739,0.962915651787402
38.8,2,0.939167587500459,0.917054814016146,0.9618135622108
39,2,0.938911820552881,0.91642886379378,0.961946356779414
39.2,2,0.939889261265709,0.916943885458337,0.963408816452311
39.4,2,0.94215327613621,0.918632530439732,0.96627624901253
39.6,2,0.945683820082844,0.921454381098215,0.970550366802324
39.8,2,0.950451063755424,0.925360042765581,0.976222424618633
40,2,0.956429262935726,0.93030546300756,0.983286642263158
0,3,1.04897660922146,1.02579822290836,1.07267872191669
0.2,3,1.04817366258793,1.02605090615694,1.07077340934091
0.4,3,1.04738967853816,1.02626188235768,1.06895243559862
0.6,3,1.04662587953622,1.02642923585439,1.06721992461871
0.8,3,1.04588348547521,1.0265514785543,1.06557955255228
1,3,1.04516371392405,1.02662769836289,1.06403440180452
1.2,3,1.04446778038855,1.02665771972042,1.06258680309429
1.4,3,1.04379689858688,1.02664226454253,1.06123817723895
1.6,3,1.04315228073916,1.02658309743157,1.05998889279768
1.8,3,1.04253513787148,1.02648313614669,1.05883815858557
2,3,1.04194668013413,1.02634650840048,1.05778396999128
2.2,3,1.04138811713416,1.02617854001626,1.05682312406479
2.4,3,1.04086065828227,1.02598566719954,1.05595131062304
2.6,3,1.04036551315413,1.02577527568763,1.05516327661036
2.8,3,1.03990389186608,1.02555547938402,1.05445305110918
3,3,1.03947700546541,1.02533485817601,1.05381421130408
3.2,3,1.03908606633514,1.02512217726232,1.05324016707479
3.4,3,1.03873214899525,1.02492593157872,1.05272434242574
3.6,3,1.03841415453752,1.02475140264585,1.05225906845286
3.8,3,1.03812926888781,1.02460070362428,1.05183646186205
4,3,1.0378746374085,1.02447480375055,1.05144973700897
4.2,3,1.03764741105452,1.02437368649036,1.05109313512055
4.4,3,1.03744474558489,1.0242964602289,1.05076180767155
4.6,3,1.03726380085276,1.02424147175181,1.0504516974101
4.8,3,1.03710174017343,1.0242064181052,1.05015942143831
5,3,1.03695572977023,1.02418845447752,1.04988215870081
5.2,3,1.03682293829793,1.02418429716697,1.04961754281367
5.4,3,1.03670053644361,1.02419032156749,1.04936356029767
5.6,3,1.03658569660486,1.02420265552575,1.04911845386127
5.8,3,1.03647559264501,1.02421726849159,1.04888063030901
6,3,1.03636739972567,1.02423005669242,1.04864857284371
6.2,3,1.03625829421606,1.02423692418929,1.04842075790379
6.4,3,1.03614545367949,1.02423385919549,1.04819557715457
6.6,3,1.03602605693659,1.02421700453852,1.04797126575261
6.8,3,1.03589728420548,1.02418272070366,1.04774583844475
7,3,1.03575631731866,1.02412763959463,1.04751703536694
7.2,3,1.03560034001659,1.02404870704703,1.04728227950706
7.4,3,1.03542653831789,1.0239432122749,1.04703864765221
7.6,3,1.03523210096599,1.02380880281576,1.04678285625496
7.8,3,1.03501421995205,1.02364348411976,1.04651126307332
8,3,1.03477009111405,1.02344560361388,1.0462198847533
8.2,3,1.03449691481173,1.02321381974744,1.04590442984746
8.4,3,1.03419189667709,1.0229470570719,1.04556034621584
8.6,3,1.03385224844023,1.02264444872505,1.0451828814379
8.8,3,1.0334751888299,1.02230526771342,1.0447671548401
9,3,1.03305794454859,1.02192884809625,1.0443082400336
9.2,3,1.03259775132139,1.02151449658689,1.04380125744333
9.4,3,1.03209214384257,1.02106162175946,1.04324182858427
9.6,3,1.031541919766,1.02057193511968,1.0426298192393
9.8,3,1.0309499299351,1.02004837021306,1.0419679978619
10,3,1.03031905614628,1.01949352341184,1.04125954023284
10.2,3,1.02965217793423,1.01890969998096,1.0405079150238
10.4,3,1.02895217153821,1.01829897944058,1.03971681469704
10.6,3,1.02822190894807,1.01766327563996,1.03889009198642
10.8,3,1.02746425702985,1.01700439247457,1.03803170102856
11,3,1.02668207673105,1.01632407601625,1.03714564237474
11.2,3,1.02587822236531,1.01562406359835,1.03623591134171
11.4,3,1.02505554097627,1.01490613013305,1.03530644942347
11.6,3,1.0242168717805,1.0141721316609,1.03436109876324
11.8,3,1.023365045689,1.01342404586657,1.0334035599506
12,3,1.02250288490717,1.01266400906342,1.03243735363958
12.2,3,1.02163320261262,1.01189434897936,1.03146578665379
12.4,3,1.02075880271057,1.01111761258733,1.03049192333312
12.6,3,1.01988247966642,1.01033658823459,1.02951856286632
12.8,3,1.01900701841499,1.00955432143885,1.02854822323882
13,3,1.01813519434595,1.00877412393087,1.02758313221455
13.2,3,1.01726977336515,1.00799957580905,1.02662522548365
13.4,3,1.01641351203116,1.00723452099859,1.02567615178169
13.6,3,1.01556915776675,1.00648305653465,1.02473728445876
13.8,3,1.0147394491449,1.00574951647408,1.02380973869196
14,3,1.0139271162487,1.00503845144856,1.02289439332662
14.2,3,1.01313488110503,1.00435460498019,1.0219919162236
14.4,3,1.01236545819149,1.00370288767845,1.02110279199237
14.6,3,1.01162155501633,1.00308835032744,1.02022735109982
14.8,3,1.01090587277098,1.00251615666516,1.01936579955209
15,3,1.01022110705521,1.00199155636242,1.01851824864154
15.2,3,1.00956994867437,1.00151985833186,1.01768474462805
15.4,3,1.00895472033836,1.00110579826898,1.01686517993729
15.6,3,1.00837468800039,1.0007489820182,1.01605850185255
15.8,3,1.00782759764519,1.00044628898387,1.01526336571943
16,3,1.00731119212737,1.00019439301212,1.01447863022841
16.2,3,1.0068232217628,0.999989815485169,1.01370332395735
16.4,3,1.0063614436752,0.999828953566316,1.0129366145115
16.6,3,1.00592362119327,0.999708103530591,1.0121777827958
16.8,3,1.00550752329773,0.999623480246895,1.01142620135195
17,3,1.00511092411827,0.999571233684683,1.01068131588566
17.2,3,1.00473160247999,0.999547463166032,1.00994262926194
17.4,3,1.00436734149906,0.999548229965956,1.0092096873647
17.6,3,1.0040159282275,0.999569568775335,1.00848206630539
17.8,3,1.00367515334686,0.99960749847739,1.00775936052927
18,3,1.00334281091048,0.999658032646855,1.00704117140965
18.2,3,1.00301669813451,0.999717190158613,1.00632709594304
18.4,3,1.00269461523714,0.999781006287885,1.00561671516298
18.6,3,1.00237436532631,0.999845544696419,1.00490958187786
18.8,3,1.00205375433548,0.999906910728175,1.00420520730933
19,3,1.00173059100752,0.999961266483963,1.00350304616161
19.2,3,1.0014026869266,1.00000484820726,1.00280247958954
19.4,3,1.00106785659783,1.00003398659259,1.00210279545393
19.6,3,1.00072391757477,1.00004513072069,1.00140316515964
19.8,3,1.00036869063445,1.00003487642612,1.00070261627083
20,3,1,1,1
20.2,3,0.999615673610505,0.999293952595443,0.99993749820311
20.4,3,0.999213543438186,0.998582849642727,0.999844635572816
20.6,3,0.998791445852534,0.997864752411,0.999718999892393
20.8,3,0.998347222031306,0.997137345706274,0.999558566359445
21,3,0.997878718418134,0.99639786737099,0.999361770312847
21.2,3,0.997383787226513,0.99564303075425,0.99912758719228
21.4,3,0.996861301745332,0.994869810569345,0.998856779409865
21.6,3,0.996316608363121,0.994080291370227,0.998557956251141
21.8,3,0.995757583170212,0.993278920145726,0.998242431537269
22,3,0.995192091589426,0.99247054805411,0.997921098116192
22.2,3,0.994627981511501,0.991660492390268,0.997604350679637
22.4,3,0.994073083094495,0.990854575532786,0.997302045057063
22.6,3,0.993535209180665,0.990059137029104,0.997023485732095
22.8,3,0.99302215632842,0.989281021612744,0.996777438782358
23,3,0.992541706457142,0.988527547846569,0.996572165543495
23.2,3,0.992101629102913,0.987806463229104,0.996415471155275
23.4,3,0.991709684283656,0.987125891736791,0.99631476201237
23.6,3,0.991373625972754,0.986494279077611,0.996277106840722
23.8,3,0.991101206180877,0.985920339749777,0.996309297303358
24,3,0.990900179646626,0.985413008680185,0.996417905360111
24.2,3,0.990778309137534,0.984981399011101,0.99660933581383
24.4,3,0.990743371364069,0.984634766641161,0.996889873440314
24.6,3,0.990803163510534,0.984382481441555,0.997265724787046
24.8,3,0.990965510388121,0.984234004632559,0.997743055164408
25,3,0.991238272216883,0.984198871564339,0.998328021597696
25.2,3,0.991629353045076,0.9842866790393,0.999026802618481
25.4,3,0.992146709816083,0.984507076288875,0.999845625802337
25.6,3,0.992798362095128,0.984869758734818,1.00079079394716
25.8,3,0.99359240247006,0.985384463694574,1.00186871076163
26,3,0.994537007642805,0.986060967212098,1.0030859069167
26.2,3,0.99564045023048,0.986909081196064,1.0044490673181
26.4,3,0.996911111297809,0.987938650017267,1.00596506049405
26.6,3,0.998357493645293,0.989159545648542,1.00764097106723
26.8,3,0.999988235880569,0.990581660317143,1.00948413640061
27,3,1.00181212730361,0.992214895474336,1.01150218867939
27.2,3,1.00383812363987,0.994069145663295,1.01370310392285
27.4,3,1.00607123841315,0.996149766792323,1.01609152609798
27.6,3,1.00849636155531,0.998439931762883,1.01865408114691
27.8,3,1.01109211566775,1.00091594339775,1.02137174765657
28,3,1.01383698288969,1.00355399687338,1.02422533423934
28.2,3,1.01670927144591,1.0063301815961,1.02719540916934
28.4,3,1.01968708526291,1.00922048483688,1.03026223454038
28.6,3,1.02274829829113,1.01220079940557,1.03340570593473
28.8,3,1.02587053360296,1.01524693530371,1.03660529780372
29,3,1.02903114735088,1.01833463481644,1.03984001527076
29.2,3,1.03220721768142,1.02143959014041,1.04308835345529
29.4,3,1.03537553870895,1.02453746240079,1.04632826567887
29.6,3,1.03851261965913,1.02760390079342,1.0495371420433
29.8,3,1.04159468929327,1.03061456060184,1.05269179986201
30,3,1.04459770572451,1.03354511897755,1.05576848728615
30.2,3,1.04749737173156,1.03637128761242,1.05874290121677
30.4,3,1.05026915566811,1.03906882174197,1.0615902202691
30.6,3,1.05288831805418,1.04161352525184,1.06428515319723
30.8,3,1.05532994392061,1.04398125197047,1.06680200284573
31,3,1.05756898095879,1.04614790347694,1.06911474540929
31.2,3,1.05958028350505,1.04808942390387,1.07119712458392
31.4,3,1.06133866236278,1.04978179225661,1.07302276009628
31.6,3,1.06281894043476,1.05120101270677,1.07456527009832
31.8,3,1.06399601410489,1.0523231031704,1.07579840699151
32,3,1.06484492027028,1.053124082286,1.07669620636165
32.2,3,1.06534090888447,1.05357995471505,1.07723314881189
32.4,3,1.06545952082764,1.05366669456399,1.07738433451388
32.6,3,1.06517667087308,1.05336022675288,1.07712567017061
32.8,3,1.06446873546877,1.05263640644139,1.07643406769589
33,3,1.06331264500093,1.05147099730043,1.07528765312757
33.2,3,1.06168598021252,1.0498396507159,1.07366598300149
33.4,3,1.05957837701778,1.04772903611113,1.07156172860379
33.6,3,1.05702297898422,1.04516812279224,1.0690122992995
33.8,3,1.05406333864993,1.04219626167417,1.06606554134158
34,3,1.05074305234818,1.03885330106015,1.06276888270103
34.2,3,1.04710560807655,1.03517965716254,1.05916895379368
34.4,3,1.04319425060814,1.0312163451813,1.05531128321143
34.6,3,1.03905186396055,1.02700496354115,1.05124007607256
34.8,3,1.03472087119877,1.02258762743587,1.04699807876513
35,3,1.0302431514281,1.01800685297755,1.0426265284561
35.2,3,1.02565997373159,1.01330539872219,1.03816518005496
35.4,3,1.0210119477246,1.00852607577967,1.03365239871511
35.6,3,1.01633899033547,1.00371154011472,1.02912530342937
35.8,3,1.01168030837597,0.998904080644986,1.02461994718735
36,3,1.00707439643784,0.99414541462707,1.02017152122668
36.2,3,1.0025590496408,0.989476498306717,1.01581457441053
36.4,3,0.998171390763286,0.984937356737656,1.01158324285561
36.6,3,0.993947911308124,0.980566932767525,1.00751148889497
36.8,3,0.989924526091572,0.976402951938378,1.00363335179621
37,3,0.986136640994243,0.97248179772124,0.999983215099892
37.2,3,0.982619233576418,0.968838390244224,0.996596096848427
37.4,3,0.979406946337414,0.965506061634125,0.993507969189196
37.6,3,0.97653419248882,0.962516422555904,0.990756112573659
37.8,3,0.974035274214448,0.95989921800492,0.988379506533937
38,3,0.971944513505807,0.957682176607646,0.986419253076551
38.2,3,0.970296395791185,0.955890867403521,0.984919019304668
38.4,3,0.969125726719494,0.954548591698482,0.983925472582184
38.6,3,0.96846780261781,0.953676354178517,0.983488665308566
38.8,3,0.96835859531518,0.953292973508565,0.983662310726517
39,3,0.968834952216224,0.95341540080576,0.984503883451577
39.2,3,0.969934801840716,0.954059293445814,0.986074478058863
39.4,3,0.971684201849676,0.955227188486227,0.988424742830544
39.6,3,0.974071736205653,0.956886088672806,0.991566037490101
39.8,3,0.977079976505971,0.959000725494504,0.995500060749829
40,3,0.980692437096588,0.961541195814395,1.00022511813846
0,4,1.04248842028288,1.0173142104555,1.06828558497898
0.2,4,1.04160115764195,1.01751969780065,1.06625254916058
0.4,4,1.04073493607941,1.01768269007926,1.06430935470845
0.6,4,1.03989110185214,1.01780156461179,1.0624600524403
0.8,4,1.03907099806625,1.01787518547115,1.06070818351135
1,4,1.03827596498098,1.01790304654907,1.05905663914841
1.2,4,1.03750734033013,1.01788542067422,1.05750751447634
1.4,4,1.03676645966082,1.01782350300156,1.05606196821726
1.6,4,1.03605465668978,1.01771953369135,1.05472010324419
1.8,4,1.03537326367703,1.01757688339398,1.05348088447306
2,4,1.03472361181703,1.01740008622618,1.05234210940853
2.2,4,1.03410703164726,1.01719480922138,1.05130044236154
2.4,4,1.03352485347437,1.01696775423712,1.05035151635708
2.6,4,1.03297840781789,1.01672649663462,1.0494900984187
2.8,4,1.03246902587158,1.01647927275075,1.04871030621162
3,4,1.03199803998256,1.01623473338293,1.04800585882605
3.2,4,1.03156678414825,1.01600168207828,1.04737034291247
3.4,4,1.03117645939187,1.01578864267349,1.04679738060996
3.6,4,1.03082616369854,1.0156009979668,1.04627957425481
3.8,4,1.03051333596753,1.01544103657009,1.04580935510934
4,4,1.03023537697619,1.01530992861786,1.04538023519393
4.2,4,1.02998969398994,1.01520788070689,1.04498673610255
4.4,4,1.02977369992183,1.0151342435776,1.04462427482837
4.6,4,1.0295848125578,1.01508762224842,1.04428904758162
4.8,4,1.02942045384707,1.01506598470745,1.04397791548904
5,4,1.0292780492575,1.01506676703125,1.04368829429986
5.2,4,1.02915502719563,1.01508697402872,1.04341804899574
5.4,4,1.02904881849119,1.01512327526388,1.04316539344726
5.6,4,1.02895685594588,1.0151720966787,1.04292879489292
5.8,4,1.02887657394633,1.01522970809956,1.04270688295474
6,4,1.02880540814109,1.01529230674485,1.04249836307127
6.2,4,1.0287407951816,1.01535609652689,1.0423019345537
6.4,4,1.02868017252702,1.01541736252761,1.04211621388487
6.6,4,1.02862097831301,1.01547253959453,1.0419396643144
6.8,4,1.02856065128421,1.01551827362208,1.0417705331848
7,4,1.02849663079054,1.01555147382111,1.04160679868583
7.2,4,1.02842635684734,1.0155693541921,1.04144612782223
7.4,4,1.02834727025913,1.01556946253641,1.04128584726079
7.6,4,1.02825681280714,1.01554969566526,1.04112292839759
7.8,4,1.02815242750042,1.01550829995898,1.04095398749347
8,4,1.02803155889065,1.01544385701733,1.0407753011372
8.2,4,1.02789165345031,1.01535525472959,1.04058283670792
8.4,4,1.02773016001439,1.01524164457949,1.04037229702165
8.6,4,1.02754453028528,1.01510238629683,1.04013917804983
8.8,4,1.02733221940079,1.01493698101324,1.03987883855144
9,4,1.02709068656506,1.01474499384864,1.03958658069127
9.2,4,1.02681739574213,1.01452596635324,1.03925774121738
9.4,4,1.02651003751126,1.01427948000439,1.03888807560892
9.6,4,1.02616879862751,1.01400667999614,1.03847679117916
9.8,4,1.0257954381104,1.01370946982265,1.03802550155934
10,4,1.02539174013062,1.0133894128135,1.03753621996997
10.2,4,1.02495948890264,1.01304778491795,1.03701125409069
10.4,4,1.02450046817748,1.01268563985429,1.03645313806058
10.6,4,1.02401646076612,1.01230386921443,1.03586456973014
10.8,4,1.02350924809368,1.01190325831621,1.03524835237356
11,4,1.02298060978434,1.01148453845936,1.03460734020582
11.2,4,1.02243232327704,1.01104843604484,1.03394438724529
11.4,4,1.02186616347191,1.01059571878605,1.03326229929326
11.6,4,1.02128390240746,1.01012723899944,1.03256378904281
11.8,4,1.02068730896843,1.00964397373102,1.03185143456
12,4,1.0200781486242,1.00914706127682,1.03112764157883
12.2,4,1.0194581831978,1.00863783351038,1.03039461019609
12.4,4,1.01882917066528,1.0081178433559,1.02965430662658
12.6,4,1.01819286498553,1.00758888675619,1.02890844066872
12.8,4,1.01755101596021,1.00705301858232,1.02815844943223
13,4,1.01690536912385,1.00651256211208,1.02740548769998
13.2,4,1.01625766566401,1.00597011194763,1.02665042505222
13.4,4,1.01560964237116,1.00542853052241,1.02589384960196
13.6,4,1.01496303161845,1.00489093862984,1.02513607790783
13.8,4,1.01431956137095,1.00436070065675,1.02437717038012
14,4,1.0136809552245,1.00384140539373,1.023616951307
14.2,4,1.01304893247379,1.00333684339979,1.02285503252207
14.4,4,1.01242520820972,1.00285098190998,1.02209083972408
14.6,4,1.01181149344582,1.00238793818869,1.0213236405448
14.8,4,1.0112094952737,1.00195195205344,1.02055257363992
15,4,1.01062091704725,1.001547358028,1.01977667834342
15.2,4,1.01004745859575,1.00117855722649,1.01899492478338
15.4,4,1.00949064407385,1.00084956173375,1.01820633133648
15.6,4,1.0089505489404,1.00056075447439,1.01741069260896
15.8,4,1.00842652719675,1.00031053101506,1.01660837232432
16,4,1.0079179295846,1.00009707464186,1.01579994436231
16.2,4,1.00742410883331,0.999918405359349,1.01498615248898
16.4,4,1.00694441956466,0.999772409648652,1.0141678789163
16.6,4,1.00647821820177,0.999656865309244,1.01334611792142
16.8,4,1.00602486288227,0.999569462412481,1.01252195349646
17,4,1.00558371337549,0.999507821216202,1.01169654017876
17.2,4,1.00515413100384,0.999469507747446,1.01087108635373
17.4,4,1.00473547856825,0.999452047649768,1.01004683943328
17.6,4,1.00432712027767,0.999452938808446,1.0092250723959
17.8,4,1.00392842168267,0.999469663207383,1.00840707123407
18,4,1.00353874961298,0.999499698432725,1.00759412289364
18.2,4,1.00315747211911,0.999540529218034,1.00678750330981
18.4,4,1.00278395841796,0.999589659422985,1.00598846514765
18.6,4,1.0024175788424,0.999644624851193,1.00519822484099
18.8,4,1.00205770479478,0.999703007342709,1.00441794849415
19,4,1.00170370870447,0.999762450622954,1.00364873616435
19.2,4,1.00135496398926,0.999820678452229,1.0028916039806
19.4,4,1.00101084502072,0.99987551569742,1.00214746347716
19.6,4,1.00067072709351,0.999924913037489,1.0014170974299
19.8,4,1.00033398639853,0.999966976110474,1.00070113138758
20,4,1,1,1
20.2,4,0.999668145816438,0.999313907182206,1.00002251002183
20.4,4,0.999337802605464,0.998642779155744,1.00003330976929
20.6,4,0.999008349952513,0.9979862095321,1.00003153725216
20.8,4,0.998679168263387,0.997343395935921,1.00001672963133
21,4,0.998349638760652,0.99671306832551,0.999988896391211
21.2,4,0.998019143483878,0.996093410301516,0.999948599658734
21.4,4,0.997687380458798,0.995482137989839,0.999897508092604
21.6,4,0.997356057534173,0.994877566947767,0.999840722664855
21.8,4,0.997027669384703,0.9942786317217,0.999784307742151
22,4,0.996704709289729,0.993684698124273,0.999733898887192
22.2,4,0.996389667361025,0.993095628469348,0.999694632382985
22.4,4,0.9960850307097,0.992511819825263,0.999671105759348
22.6,4,0.99579328367523,0.991934215962068,0.99966736488765
22.8,4,0.995516908116536,0.991364295704939,0.999686914930893
23,4,0.995258383764979,0.990804042037376,0.999732750804737
23.2,4,0.995020188639222,0.990255897324677,0.999807401778107
23.4,4,0.994804799521907,0.989722710189568,0.999912984680597
23.6,4,0.994614692498116,0.989207678992757,1.00005126076297
23.8,4,0.994452343555656,0.988714295840693,1.00022369228763
24,4,0.994320229247214,0.988246293860146,1.00043149610855
24.2,4,0.994220827414483,0.98780759936945,1.0006756926103
24.4,4,0.994156617974431,0.987402289665838,1.00095714928597
24.6,4,0.994130083767886,0.987034556478299,1.00127661890435
24.8,4,0.994143711470731,0.986708674690888,1.00163477266116
25,4,0.99419999256801,0.986428975678984,1.00203222897205
25.2,4,0.994301424391344,0.986199824469886,1.00246957869626
25.4,4,0.994450511220119,0.986025599892394,1.00294740762702
25.6,4,0.994649765446984,0.985910676879859,1.00346631708533
25.8,4,0.994901708808263,0.985859410109592,1.00402694343565
26,4,0.995208873679999,0.985876118178652,1.00462997732534
26.2,4,0.99557380444041,0.985965067518454,1.00527618344795
26.4,4,0.995999058899646,0.986130455228928,1.00596642165228
26.6,4,0.996487209797833,0.986376389960167,1.00670167027292
26.8,4,0.997040846372496,0.9867068698801,1.00748305264762
27,4,0.997662575996554,0.987125756635487,1.00831186791899
27.2,4,0.998355025888217,0.987636744036361,1.0091896273956
27.4,4,0.999119408065446,0.988241463250091,1.01011709050344
27.6,4,0.999949899434682,0.988932259716984,1.01109028606832
27.8,4,1.00083850974849,0.989698646708275,1.01210376100558
28,4,1.00177723038987,0.990530149295182,1.01315201767628
28.2,4,1.00275803055423,0.991416339305298,1.01422946947353
28.4,4,1.00377285352291,0.992346867461755,1.01533039958769
28.6,4,1.00481361358358,0.99331149399475,1.01644892276686
28.8,4,1.00587219360083,0.994300117738613,1.01757895006639
29,4,1.00694044324086,0.995302803304784,1.01871415700576
29.2,4,1.00801017785467,0.996309805615964,1.01984795585788
29.4,4,1.00907317802442,0.997311590894115,1.02097347298996
29.6,4,1.01012118977794,0.998298853114041,1.02208353225648
29.8,4,1.01114592547618,0.999262524961589,1.02317064541811
30,4,1.01213906537857,1.00019378246058,1.02422701043514
30.2,4,1.01309225989067,1.0010840426355,1.02524451828077
30.4,4,1.01399713249821,1.00192495382882,1.02621476866646
30.6,4,1.01484528339106,1.00270837855835,1.02712909480405
30.8,4,1.01562829377984,1.00342636904442,1.02797859708277
31,4,1.01633773090695,1.00407113572837,1.02875418534541
31.2,4,1.0169651537528,1.00463500921902,1.02944662933001
31.4,4,1.01750211943676,1.00511039613179,1.03004661681217
31.6,4,1.01794019031094,1.00548972922867,1.03054481903575
31.8,4,1.01827094174333,1.00576541214024,1.03093196314279
32,4,1.01848597058532,1.00592975878117,1.03119891147865
32.2,4,1.01857690431636,1.00597492739335,1.03133674782037
32.4,4,1.01853541085698,1.00589284901484,1.03133687070709
32.6,4,1.01835320903897,1.00567515013618,1.03119109408197
32.8,4,1.01802207971912,1.0053130694453,1.0308917553091
33,4,1.01753387752082,1.00479736897261,1.03043183021191
33.2,4,1.01688054320733,1.00411824076992,1.02980505399519
33.4,4,1.01605829883283,1.00326931161889,1.0290103112605
33.6,4,1.01507930684218,1.00225928850835,1.02806330756255
33.8,4,1.0139595116831,1.0011006367027,1.02698355553835
34,4,1.01271485251594,0.99980614660918,1.02579022541985
34.2,4,1.01136124263173,0.99838909985392,1.02450193341179
34.4,4,1.00991455134101,0.996863395795064,1.02313657549523
34.6,4,1.00839058833501,0.995243633277177,1.02171121185101
34.8,4,1.00680509051381,0.993545144272846,1.0202420052351
35,4,1.00517371126971,0.991783979067059,1.01874421361207
35.2,4,1.00351201220889,0.98997684611813,1.01723223386112
35.4,4,1.00183545729047,0.988141012870166,1.01571969021822
35.6,4,1.00015940935875,0.9862941759171,1.01421955898574
35.8,4,0.998499129042778,0.984454309653484,1.01274432030281
36,4,0.996869775996041,0.982639501883263,1.01130612843249
36.2,4,0.995286412449397,0.980867783085942,1.00991699379691
36.4,4,0.993764009051203,0.979156953613267,1.00858897242288
36.6,4,0.992317452970679,0.977524410481183,1.007334361078
36.8,4,0.990961558243475,0.975986973028058,1.00616589878204
37,4,0.989711078342337,0.974560704822225,1.00509697728089
37.2,4,0.98858072096061,0.973260728035371,1.00414186425437
37.4,4,0.987585165002097,0.972101026255939,1.0033159432911
37.6,4,0.986739079777536,0.971094232661998,1.00263597374191
37.8,4,0.986057146415565,0.970251402986788,1.00212037107505
38,4,0.985554081504691,0.969581777298017,1.00178950379758
38.2,4,0.985244662992318,0.969092541810372,1.00166599584128
38.4,4,0.985143758377418,0.968788612051309,1.0017750132457
38.6,4,0.985266355245034,0.96867247121227,1.00214450149798
38.8,4,0.985627594203385,0.968744110363963,1.00280532708495
39,4,0.986242804298104,0.969001125922949,1.00379126815084
39.2,4,0.987127536472647,0.969439022971902,1.00513879694608
39.4,4,0.988292127960604,0.970046595463821,1.00688083928781
39.6,4,0.989731046480218,0.970797852095996,1.00903348956932
39.8,4,0.99143599430491,0.971667132652107,1.01160705942628
40,4,0.993398828103145,0.972632893269508,1.01460812039724
0,5,1.03120645406728,1.01357565995749,1.04914392967429
0.2,5,1.03066059061587,1.01379622676983,1.04780549088573
0.4,5,1.03012499847731,1.0139818087185,1.04652519735931
0.6,5,1.02960034983203,1.01413095792631,1.04530570937494
0.8,5,1.02908731579281,1.01424259024514,1.04414931270997
1,5,1.02858656647918,1.01431609093554,1.04305781422201
1.2,5,1.02809877109631,1.01435142405933,1.04203243378887
1.4,5,1.02762459801816,1.01434923655295,1.04107370163811
1.6,5,1.0271647148751,1.01431094566314,1.04018137238444
1.8,5,1.02671978864587,1.01423879751294,1.03935436800678
2,5,1.02629048575391,1.01413588573032,1.03859076083328
2.2,5,1.02587747216805,1.01400612258247,1.03788780409095
2.4,5,1.02548141350759,1.0138541604957,1.03724201214045
2.6,5,1.02510297515177,1.01368526807979,1.03664928627758
2.8,5,1.0247428223536,1.01350517031368,1.03610507644495
3,5,1.02440162035804,1.01331986602997,1.03560456571681
3.2,5,1.02408003452471,1.01313543653568,1.03514286372038
3.4,5,1.02377866103385,1.01295775742685,1.03471515875524
3.6,5,1.02349701463708,1.01279079288661,1.03431641196634
3.8,5,1.02323375636714,1.01263655632451,1.03394185567372
4,5,1.02298752630361,1.01249624923016,1.03358751182384
4.2,5,1.0227569667185,1.01237036978383,1.03325012682324
4.4,5,1.02254072186023,1.01225879446456,1.03292708700595
4.6,5,1.0223374377556,1.01216086048931,1.03261633346642
4.8,5,1.02214576202987,1.01207544651255,1.03231627882662
5,5,1.02196434374467,1.01200105029107,1.03202572723129
5.2,5,1.02179183325384,1.01193586288107,1.03174379800288
5.4,5,1.02162688207714,1.01187783944254,1.03146985288033
5.6,5,1.02146814279177,1.01182476694663,1.03120342654501
5.8,5,1.02131426894166,1.01177432907672,1.0309441601426
6,5,1.02116391496454,1.01172416843958,1.03069173768382
6.2,5,1.02101573613675,1.01167194591053,1.03044582549989
6.4,5,1.02086838853573,1.01161539657814,1.0302060152868
6.6,5,1.02072052902029,1.01155238138569,1.02997177164098
6.8,5,1.02057081522849,1.01148093324702,1.02974238530879
7,5,1.02041790559316,1.01139929620057,1.02951693358568
7.2,5,1.02026045937515,1.01130595610609,1.02929424936086
7.4,5,1.02009713671414,1.01119966150918,1.02907290018208
7.6,5,1.01992659869707,1.01107943359869,1.02885117841559
7.8,5,1.01974750744414,1.01094456462349,1.02862710313481
8,5,1.01955852621239,1.01079460465133,1.02839843385488
8.2,5,1.01935831951678,1.01062933705804,1.02816269572471
8.4,5,1.01914555326875,1.01044874354045,1.02791721538312
8.6,5,1.0189188949323,1.01025295967735,1.02765916645435
8.8,5,1.01867701369739,1.01004222207239,1.02738562364878
9,5,1.01841858067078,1.0098168078856,1.02709362466166
9.2,5,1.0181422690841,1.00957696710992,1.02678023951278
9.4,5,1.01784688201169,1.00932292972055,1.02644282093914
9.6,5,1.01753266088464,1.00905565012319,1.0260808864611
9.8,5,1.01720075275967,1.00877636632365,1.02569549204017
10,5,1.01685231833142,1.00848604905719,1.02528799308888
10.2,5,1.01648851757144,1.00818544729832,1.02485996908945
10.4,5,1.01611050954755,1.00787513844902,1.02441317205407
10.6,5,1.01571945225644,1.00755557457196,1.02394947904527
10.8,5,1.01531650246936,1.00722712536752,1.0234708480577
11,5,1.01490281559106,1.00689011847048,1.02297927668545
11.2,5,1.01447954553177,1.00654487746899,1.0224767631725
11.4,5,1.01404784459234,1.006191757846,1.02196526964569
11.6,5,1.01360886336241,1.00583118083086,1.02144668754269
11.8,5,1.01316375063175,1.00546366494395,1.02092280545157
12,5,1.01271365331452,1.00508985483979,1.02039527975647
12.2,5,1.01225971638654,1.00471054692215,1.01986560861528
12.4,5,1.0118030828356,1.00432671113683,1.01933510986361
12.6,5,1.01134489362458,1.00393950835474,1.01880490343159
12.8,5,1.01088628766754,1.00355030284635,1.01827589877249
13,5,1.01042840181861,1.00316066951015,1.01774878763964
13.2,5,1.00997237087369,1.00277239573779,1.0172240423289
13.4,5,1.00951932758491,1.00238747804958,1.01670191925231
13.6,5,1.00907040268782,1.00200811388521,1.01618246745775
13.8,5,1.00862672494126,1.00163668915362,1.01566554149027
14,5,1.00818942117987,1.00127576230669,1.01515081783001
14.2,5,1.00775961637922,1.00092804578484,1.01463781405831
14.4,5,1.00733843373346,1.00059638568219,1.01412590990397
14.6,5,1.0069269947456,1.00028374039524,1.01361436940561
14.8,5,1.00652641933022,0.999993158860167,1.01310236358466
15,5,1.0061378259287,0.99972775875767,1.01258899325003
15.2,5,1.00576233163687,0.999490704771931,1.01207331184782
15.4,5,1.0054009343469,0.999284879026909,1.01155442256862
15.6,5,1.00505364108342,0.999110543547414,1.01103209047167
15.8,5,1.00471996500971,0.998966519007555,1.01050654739859
16,5,1.00439941682891,0.998851464674507,1.00997818414872
16.2,5,1.00409150837879,0.998763915572591,1.00944751955761
16.4,5,1.00379575256999,0.99870230537883,1.00891517667554
16.6,5,1.00351166332655,0.998664985464893,1.0083818628763
16.8,5,1.00323875552891,0.998650240901854,1.00784835307931
17,5,1.00297654495921,0.99865630409814,1.00731547541451
17.2,5,1.00272454824901,0.998681366625484,1.00678409877476
17.4,5,1.00248228282932,0.998723589698502,1.00625512179008
17.6,5,1.00224926688299,0.998781113706772,1.00572946282443
17.8,5,1.00202501929943,0.998852067150923,1.00520805064352
18,5,1.00180905963164,0.998934575303568,1.0046918154325
18.2,5,1.00160090805558,0.999026768900346,1.0041816798583
18.4,5,1.00140008533183,0.999126793164577,1.00367854987291
18.6,5,1.00120611276955,0.999232817480587,1.00318330494244
18.8,5,1.00101851219279,0.999343046055382,1.00269678736237
19,5,1.00083680590896,0.999455729946076,1.00221979028134
19.2,5,1.00066051667975,0.999569180881155,1.0017530440055
19.4,5,1.00048916769422,0.999681787366406,1.00129720009252
19.6,5,1.00032228254418,0.999792033638842,1.00085281267191
19.8,5,1.0001593852019,0.9998985221087,1.00042031635156
20,5,1,1,1
20.2,5,0.999843651613681,0.999591975648827,1.00009539094518
20.4,5,0.99968986504518,0.999196141772251,1.00018383227689
20.6,5,0.999538165610488,0.998812140321057,1.00026471863952
20.8,5,0.999388078928328,0.99843930719153,1.00033775224002
21,5,0.999239130911381,0.998076616397204,1.0004029994699
21.2,5,0.999090847759768,0.997722619204368,1.00046095263765
21.4,5,0.998942881329415,0.99737539813645,1.00051282799157
21.6,5,0.998795683176538,0.997032815557377,1.00056166774651
21.8,5,0.99865001860857,0.99669295197076,1.00061092806459
22,5,0.998506653237559,0.9963542334037,1.00066372293488
22.2,5,0.998366352248404,0.996015483322799,1.00072276986758
22.4,5,0.998229880419415,0.995675951056919,1.00079036066343
22.6,5,0.998098002148746,0.995335318164624,1.00086835432534
22.8,5,0.997971481486674,0.994993685439177,1.00095818941917
23,5,0.99785108217373,0.994651544633159,1.00106091180154
23.2,5,0.99773756768469,0.994309739711969,1.00117721290524
23.4,5,0.997631701278399,0.993969422373548,1.0013074738446
23.6,5,0.997534246053448,0.993632005884597,1.00145181129058
23.8,5,0.997445965009692,0.993299120275771,1.0016101220727
24,5,0.997367621115615,0.992972570878907,1.0017821245247
24.2,5,0.99729997738154,0.992654301258267,1.00196739552176
24.4,5,0.997243796938696,0.99234636086892,1.00216540287597
24.6,5,0.997199843124131,0.992050877279805,1.00237553325234
24.8,5,0.997168879571503,0.991770032495596,1.00259711607116
25,5,0.997151670307731,0.991506042753049,1.002829444021
25.2,5,0.997148979855539,0.991261141106175,1.00307179086771
25.4,5,0.997161573341888,0.991037562110778,1.00332342724919
25.6,5,0.997190216612334,0.990837527942478,1.00358363512154
25.8,5,0.997235676351303,0.99066323531249,1.00385172149257
26,5,0.997298720208323,0.990516842568284,1.00412703205558
26.2,5,0.997380116930232,0.990400456372779,1.00440896533002
26.4,5,0.997480636499381,0.990316117339794,1.0046969879314
26.6,5,0.997601050277868,0.990265783960592,1.00499065163612
26.8,5,0.997742131157832,0.99025131408248,1.00528961298046
27,5,0.997904653717845,0.990274443091883,1.00559365624196
27.2,5,0.998089394385432,0.990336757807377,1.00590272079797
27.4,5,0.998296683157751,0.990438883147582,1.00621682423919
27.6,5,0.998524651591621,0.990577457558805,1.00653560428613
27.8,5,0.998770757195883,0.990747916388549,1.00685856505846
28,5,0.99903245587432,0.990945716544923,1.00718518807486
28.2,5,0.999307201667614,0.991166367517741,1.00751489964866
28.4,5,0.999592446387563,0.991405460073869,1.00784704050412
28.6,5,0.999885639316268,0.99165869332463,1.00818083725871
28.8,5,1.00018422697038,0.991921900117033,1.00851537581973
29,5,1.00048565293054,0.992191070361669,1.00884957708295
29.2,5,1.00078735773603,0.992462371663644,1.00918217556737
29.4,5,1.00108677884497,0.992732166468608,1.00951170177468
29.6,5,1.00138135065991,0.992997024876415,1.00983646912162
29.8,5,1.0016685046193,0.993253732309444,1.01015456625908
30,5,1.00194566935459,0.99349929134315,1.01046385547111
30.2,5,1.00221027091345,0.993730917195107,1.01076197765839
30.4,5,1.00245973304893,0.993946026598868,1.01104636418059
30.6,5,1.00269147757483,0.994142220027399,1.01131425559361
30.8,5,1.00290292478725,0.994317257443889,1.01156272710432
31,5,1.00309149395248,0.994469027915534,1.01178872040778
31.2,5,1.00325460386103,0.994595513508006,1.01198908148931
31.4,5,1.00338967344801,0.994694747875928,1.01216060397624
31.6,5,1.0034941224796,0.994764769882134,1.01230007770623
31.8,5,1.00356537230566,0.994803572432028,1.01240434232538
32,5,1.00360084667808,0.994809046526094,1.0124703459123
32.2,5,1.00359797263493,0.994778920350145,1.01249520880722
32.4,5,1.00355418144986,0.994710693086125,1.012476292962
32.6,5,1.00346690964657,0.994601563095631,1.01241127715663
32.8,5,1.00333360007784,0.994448350280115,1.01229823827612
33,5,1.00315170306867,0.994247412854114,1.01213573840824
33.2,5,1.0029186776304,0.993994559609031,1.01192291669639
33.4,5,1.00263339010006,0.993686342167322,1.01166099631696
33.6,5,1.00230001349579,0.99332410475765,1.01135703064284
33.8,5,1.0019239776821,0.992910503972104,1.01101927418276
34,5,1.00151071037847,0.992448506665223,1.01065566250193
34.2,5,1.00106563500472,0.991941548873999,1.01027364639073
34.4,5,1.00059416881936,0.991393657282044,1.00988006461543
34.6,5,1.00010172135086,0.99080952761468,1.00948106086232
34.8,5,0.999593693121251,0.990194556641857,1.00908204819508
35,5,0.999075474661601,0.989554827934667,1.00868772087503
35.2,5,0.998552445818506,0.98889705528144,1.00830210963298
35.4,5,0.99802997535065,0.988228490783269,1.00792867336676
35.6,5,0.99751342081447,0.987556806425719,1.00757041846162
35.8,5,0.997008128737879,0.986889958102173,1.00723003675198
36,5,0.996519435080998,0.986236039815882,1.00691005439179
36.2,5,0.99605266598291,0.985603133572186,1.00661298611729
36.4,5,0.995613138793547,0.984999157840884,1.00634149201827
36.6,5,0.995206163389935,0.984431714905397,1.00609853649879
36.8,5,0.994837043776211,0.98390793526293,1.00588755126252
37,5,0.994511079967037,0.983434315709599,1.00571260568994
37.2,5,0.994233570154311,0.983016546982514,1.00557858873903
37.4,5,0.994009813157355,0.982659327005415,1.00549140632914
37.6,5,0.993845111157142,0.982366157171699,1.00545819678346
37.8,5,0.993744772715456,0.982139122137672,1.00548756386966
38,5,0.993714116080388,0.981978658882734,1.0055898216983
38.2,5,0.993758472779967,0.981883328923647,1.00577723761187
38.4,5,0.993883191506309,0.981849618772445,1.00606424799937
38.6,5,0.994093642293184,0.981871807119382,1.00646760858424
38.8,5,0.994395220990551,0.981941949782557,1.00700642817818
39,5,0.994793354040225,0.98205003917687,1.00770202918791
39.2,5,0.99529350191539,0.982184383821211,1.00857758611577
39.4,5,0.995899176205165,0.982330469960721,1.00965530388748
39.6,5,0.996608071083879,0.982469417367873,1.01095019324925
39.8,5,0.997416833434643,0.982584603829801,1.01247295728146
40,5,0.998322129301259,0.982663388601788,1.01423039202744
0,6,1.02007986738354,1.00789122527067,1.03241590932769
0.2,6,1.01994398781128,1.00833179163227,1.03168991288906
0.4,6,1.01980612121401,1.0087368068911,1.03099690400991
0.6,6,1.01966613017638,1.0091042551178,1.03033855199383
0.8,6,1.01952387737166,1.00943236454515,1.02971627722608
1,6,1.01937922556471,1.00971970079103,1.02913115857682
1.2,6,1.01923203761513,1.0099652691348,1.0285838317896
1.4,6,1.01908217648059,1.01016861823088,1.02807438647143
1.6,6,1.01892950522033,1.01032993440544,1.02760227253835
1.8,6,1.01877388699892,1.01045011351003,1.02716622914268
2,6,1.01861518509006,1.01053079728699,1.02676424912696
2.2,6,1.01845326288069,1.01057436406574,1.02639358918554
2.4,6,1.01828798387527,1.01058386924008,1.02605083028336
2.6,6,1.01811921170014,1.01056293820109,1.02573198565753
2.8,6,1.0179468101082,1.01051562128849,1.02543264683845
3,6,1.01777064298367,1.01044622493819,1.02514815351282
3.2,6,1.01759057434708,1.01035913439914,1.02487377185521
3.4,6,1.01740647089321,1.01025861533783,1.02460489947838
3.6,6,1.01721823893714,1.01014821714171,1.02433774377608
3.8,6,1.01702581612786,1.01003054882139,1.02406953124092
4,6,1.01682914106684,1.00990754352817,1.02379817711887
4.2,6,1.01662815245773,1.00978053427602,1.02352220634816
4.4,6,1.01642278910893,1.0096503262364,1.02324067984116
4.6,6,1.01621298993633,1.00951726896878,1.02295312092108
4.8,6,1.01599869396598,1.00938132632233,1.02265944417813
5,6,1.01577984033683,1.00924214306981,1.02235988768389
5.2,6,1.0155563683035,1.00909910820122,1.02205494863656
5.4,6,1.01532821723914,1.00895141528973,1.02174532202424
5.6,6,1.0150953266382,1.00879812052364,1.02143184171264
5.8,6,1.01485763611937,1.00863819893923,1.02111542342235
6,6,1.01461508542845,1.00847059914216,1.02079700930761
6.2,6,1.01436761444133,1.0082942964196,1.02047751423479
6.4,6,1.01411516316696,1.00810834367243,1.02015777433078
6.6,6,1.01385767175038,1.00791191910581,1.0198384988631
6.8,6,1.01359508047573,1.00770436918256,1.01952022694711
7,6,1.01332732976937,1.00748524505531,1.01920329086422
7.2,6,1.01305436020298,1.00725433062245,1.01888778784606
7.4,6,1.01277611249673,1.00701166054579,1.01857356198642
7.6,6,1.01249252752241,1.00675752701902,1.01826019749178
7.8,6,1.01220354630671,1.00649247472391,1.01794702383336
8,6,1.01190911003439,1.00621728414347,1.01763313263122
8.2,6,1.01160916005163,1.00593294408175,1.01731740542062
8.4,6,1.0113036378693,1.00564061473737,1.01699855095329
8.6,6,1.01099248516628,1.00534158289962,1.01667515046451
8.8,6,1.01067564379288,1.00503721074196,1.01634570943106
9,6,1.01035305577421,1.00472887929072,1.01600871474195
9.2,6,1.01002466331361,1.00441792699938,1.01566269685109
9.4,6,1.00969045199299,1.00410558483292,1.01530638236162
9.6,6,1.00935089402585,1.00379290734638,1.01493965519646
9.8,6,1.00900676765549,1.00348068567635,1.01456328129363
10,6,1.00865885493446,1.00316946114557,1.01417828696249
10.2,6,1.00830793689189,1.00285957489922,1.01378589888953
10.4,6,1.00795479350727,1.00255121294532,1.01338749844961
10.6,6,1.00760020369026,1.00224444726531,1.01298458000625
10.8,6,1.00724494526651,1.00193927395831,1.01257871223756
11,6,1.00688979496953,1.00163564920745,1.01217150169923
11.2,6,1.00653552843849,1.00133352362683,1.01176455806599
11.4,6,1.00618292022206,1.00103287528013,1.01135946076026
11.6,6,1.00583274378821,1.00073374137644,1.01095772696241
11.8,6,1.0054857715399,1.00043624836512,1.0105607812805
12,6,1.00514277483683,1.00014063989606,1.01016992761307
12.2,6,1.00480452402297,0.999847301913998,1.00978632393597
12.4,6,1.00447178846012,0.999556784046766,1.00941096085349
12.6,6,1.00414533656727,0.999269816450096,1.00904464475051
12.8,6,1.00382593586595,0.998987321398596,1.00868798625633
13,6,1.00351435303136,0.998710419153551,1.00834139448897
13.2,6,1.00321135394942,0.998440427965634,1.00800507722197
13.4,6,1.00291770377965,0.998178858438009,1.00767904674782
13.6,6,1.00263416702391,0.997927402828542,1.00736313085938
13.8,6,1.002361507601,0.997687920157726,1.00705698808232
14,6,1.00210048892706,0.997462418173299,1.00676012610771
14.2,6,1.00185187400182,0.997253033285177,1.00647192231096
14.4,6,1.00161642550072,0.997062009527487,1.00619164530026
14.6,6,1.0013949058728,0.996891677446422,1.00591847659585
14.8,6,1.00118807744446,0.996744433579659,1.00565153177434
15,6,1.0009967025291,0.996622720910615,1.00538988069488
15.2,6,1.00082154354253,0.996529010364165,1.00513256674065
15.4,6,1.00066324891624,0.996465517339142,1.00487866394558
15.6,6,1.00052150912294,0.996432187031442,1.00462761364619
15.8,6,1.00039553689919,0.996427721640165,1.00437915215815
16,6,1.0002845426063,0.996450688744186,1.00413314725899
16.2,6,1.00018773765024,0.996499553655237,1.00388957212922
16.4,6,1.0001043343671,0.99657269903274,1.00364848504345
16.6,6,1.00003354591464,0.99666844090993,1.00341001270351
16.8,6,0.999974586170221,0.996785041936183,1.00317433640856
17,6,0.999926669634851,0.996920722480978,1.00294168041644
17.2,6,0.999889011343504,0.997073670121554,1.00271230197424
17.4,6,0.999860826781578,0.997242047942963,1.00248648258915
17.6,6,0.999841331807537,0.997424002010515,1.00226452017959
17.8,6,0.999829742581735,0.997617668326404,1.00204672179481
18,6,0.999825275501374,0.997821179551451,1.001833396622
18.2,6,0.999827147141635,0.99803267175716,1.00162484901558
18.4,6,0.999834574202937,0.998250291471454,1.00142137128557
18.6,6,0.999846773464346,0.998472203292719,1.00122323597023
18.8,6,0.999862961743123,0.998696598371223,1.001030687294
19,6,0.999882355860404,0.998921704094682,1.00084393147412
19.2,6,0.999904172613021,0.999145795365926,1.00066312548787
19.4,6,0.999927628751453,0.999367207924893,1.00048836384838
19.6,6,0.99995194096392,0.999584354242427,1.0003196628616
19.8,6,0.9999763258666,0.99979574259437,1.00015694175581
20,6,1,1,1
20.2,6,1.00002217983145,0.999848490077637,1.00019589975796
20.4,6,1.00004208176374,0.999701884997131,1.0003823942987
20.6,6,1.0000589221499,0.999559439956735,1.0005586539355
20.8,6,1.00007191731414,0.99942014793111,1.00072411174696
21,6,1.00008028357885,0.999282689630457,1.00087851414
21.2,6,1.00008323729787,0.999145379443954,1.0010219754815
21.4,6,1.00008012480902,0.999006162289489,1.00115524187148
21.6,6,1.00007112112435,0.998863029011796,1.00128067438475
21.8,6,1.00005672683249,0.998714260511542,1.00140099768942
22,6,1.0000374433594,0.998558454172872,1.00151862311274
22.2,6,1.00001377216926,0.998394572816715,1.00163559754424
22.4,6,0.999986214741207,0.998221968530754,1.00175357906045
22.6,6,0.999955272548567,0.998040382824428,1.001873836275
22.8,6,0.999921447040665,0.997849926920849,1.00199726760235
23,6,0.999885239627094,0.99765104764766,1.002124434973
23.2,6,0.999847151664525,0.997444484859248,1.00225560606787
23.4,6,0.999807684446021,0.997231225712902,1.00239079974928
23.6,6,0.999767339192865,0.997012459869354,1.00252983061792
23.8,6,0.999726617048906,0.996789538259824,1.00267235005383
24,6,0.999686019077413,0.996563936786223,1.00281788237459
24.2,6,0.99964604626044,0.996337225354605,1.00296585571062
24.4,6,0.999607199500704,0.996111042006033,1.00311562783338
24.6,6,0.999569979625977,0.995887071551248,1.00326650752998
24.8,6,0.999534887395976,0.99566702795783,1.00341777227557
25,6,0.999502423511776,0.995452639706947,1.00356868298628
25.2,6,0.999473088627721,0.995245637372941,1.00371849659936
25.4,6,0.999447383365849,0.995047742742806,1.00386647716363
25.6,6,0.999425808332821,0.9948606588584,1.00401190605717
25.8,6,0.999408864139365,0.994686060417195,1.0041540918965
26,6,0.99939705142222,0.994525583999076,1.00429238066977
26.2,6,0.999390870868593,0.994380817592453,1.00442616662064
26.4,6,0.999390823243128,0.994253288869381,1.0045549044332
26.6,6,0.999397409417387,0.994144451603381,1.00467812332433
26.8,6,0.999411130401837,0.994055669531274,1.00479544374215
27,6,0.999432487380361,0.993988196826793,1.00490659750294
27.2,6,0.999461981747283,0.993943154173305,1.00501145237933
27.4,6,0.999499941720411,0.993921038558731,1.00511015940234
27.6,6,0.99954584505111,0.993919949830745,1.00520358458352
27.8,6,0.999598909154958,0.993937270552573,1.00529279743005
28,6,0.999658351380075,0.993970402977486,1.00537884879714
28.2,6,0.999723389020862,0.994016796870382,1.00546274238229
28.4,6,0.999793239271092,0.994073976414439,1.00554540709096
28.6,6,0.999867119183131,0.994139566625187,1.00562766998338
28.8,6,0.9999442456333,0.994211319058457,1.00571023001636
29,6,1.00002383529336,0.994287136218204,1.00579363317376
29.2,6,1.00010510460814,0.99436509376993,1.0058782498802
29.4,6,1.0001872697793,0.994443459462468,1.00596425579521
29.6,6,1.00026954675524,0.994520707575751,1.0060516171703
29.8,6,1.00035115122714,0.994595527758412,1.00614008190528
30,6,1.00043129863118,0.994666827294726,1.0062291772643
30.2,6,1.00050920415685,0.994733726123624,1.00631821492918
30.4,6,1.00058408276151,0.994795544281202,1.00640630371852
30.6,6,1.00065514919102,0.994851781797081,1.00649236994253
30.8,6,1.00072161800654,0.994902091385074,1.00657518505309
31,6,1.00078270361759,0.994946244479797,1.00665340003751
31.2,6,1.00083762032114,0.99498409125038,1.00672558592499
31.4,6,1.00088558234694,0.995015515161141,1.00679027983572
31.6,6,1.00092580390902,0.995040382460446,1.00684603619165
31.8,6,1.00095749926334,0.995058486696852,1.00689148298953
32,6,1.00097988277156,0.995069488035187,1.00692538336372
32.2,6,1.00099216897107,0.995072846837914,1.00694670297302
32.4,6,1.00099357265106,0.995067750769259,1.00695468395405
32.6,6,1.00098330893479,0.995053034676799,1.00694892618612
32.8,6,1.00096059336804,0.995027092851877,1.00692947626587
33,6,1.00092464201357,0.994987784162204,1.00689692369797
33.2,6,1.0008746715539,0.994932332237492,1.00685250212474
33.4,6,1.00081028817439,0.994857624993403,1.00679856871213
33.6,6,1.00073257296694,0.994761571178011,1.00673941536673
33.8,6,1.00064295660787,0.994642579265751,1.00667953240861
34,6,1.00054286972269,0.994499496859776,1.00662296694361
34.2,6,1.00043374272635,0.994331809191645,1.0065731221041
34.4,6,1.00031700568394,0.994139783793016,1.00653261057786
34.6,6,1.0001940881918,0.993924549764444,1.0065031739994
34.8,6,1.00006641927906,0.993688106841654,1.00648567300304
35,6,0.999935427329588,0.993433268218452,1.00648014397776
35.2,6,0.999802540024396,0.993163549017952,1.00648591063139
35.4,6,0.999669184304374,0.992883017086239,1.00650173368911
35.6,6,0.999536786353436,0.992596123477028,1.00652598135688
35.8,6,0.999406771602001,0.992307527157478,1.00655680601869
36,6,0.999280564750825,0.992021923555525,1.00659231754654
36.2,6,0.999159589815138,0.991743881164621,1.0066307490067
36.4,6,0.999045270189093,0.991477685662249,1.00667061530541
36.6,6,0.998939028730492,0.991227187429528,1.00671086888642
36.8,6,0.998842287865791,0.990995646069083,1.00675105888348
37,6,0.998756469715374,0.990785564394687,1.0067915012546
37.2,6,0.998682996239085,0.990598504343913,1.00683346744769
37.4,6,0.998623289402029,0.990434878520792,1.00687939789188
37.6,6,0.998578771360642,0.990293714166971,1.00693314351787
37.8,6,0.998550864669061,0.990172392294382,1.00700023257656
38,6,0.998540992505791,0.990066374854712,1.00708814988365
38.2,6,0.998550578920725,0.989968948415555,1.00720660002395
38.4,6,0.998581049102554,0.98987103376672,1.00736770509617
38.6,6,0.998633829666597,0.989761133543538,1.00758606491665
38.8,6,0.99871034896315,0.989625504468207,1.00787859308666
39,6,0.998812037406392,0.989448630567737,1.00826405257186
39.2,6,0.998940327389664,0.989214021338082,1.00876226596097
39.4,6,0.999096128060106,0.9889050444621,1.00939223507313
39.6,6,0.999278803526763,0.98850673054023,1.01016826322685
39.8,6,0.999487436360519,0.988008681990067,1.01109955170674
40,6,0.999721110426031,0.987405429543847,1.01219040196403
0,7,1.01184507678538,0.998217726395026,1.02565846342189
0.2,7,1.01198862033975,0.999006996483178,1.0251389342641
0.4,7,1.0121223895349,0.999750220795651,1.02464766707686
0.6,7,1.0122457051043,1.00044454586827,1.02418606981643
0.8,7,1.01235788776272,1.00108736145361,1.02375530086331
1,7,1.01245825827844,1.00167640140174,1.02335616903995
1.2,7,1.01254613755003,1.00220985648289,1.02298902174585
1.4,7,1.01262084668765,1.00268649165726,1.02265362870462
1.6,7,1.01268170709885,1.00310575650538,1.02234907260962
1.8,7,1.01272804057894,1.0034678746015,1.02207366088541
2,7,1.01275916940576,1.00377389679039,1.0218248736046
2.2,7,1.0127744164391,1.00402570562045,1.02159936030693
2.4,7,1.01277310522445,1.00422596377302,1.02139299288006
2.6,7,1.01275456010133,1.00437800720005,1.02120097379008
2.8,7,1.01271810631594,1.00448569180949,1.02101799082139
3,7,1.01266307013841,1.00455320862427,1.02083840339981
3.2,7,1.01258877898428,1.00458488477028,1.02065644314302
3.4,7,1.01249461123651,1.00458500644836,1.02046649233527
3.6,7,1.01238072126055,1.00455786238023,1.02026449959942
3.8,7,1.01224787703447,1.00450731904069,1.0200480824165
4,7,1.0120968639556,1.00443651520306,1.01981563446215
4.2,7,1.01192846796383,1.00434792359448,1.01956622821583
4.4,7,1.01174347540431,1.00424342746303,1.01929953637747
4.6,7,1.01154267289613,1.00412439867549,1.01901575187252
4.8,7,1.01132684720709,1.00399177431223,1.01871550947962
5,7,1.01109678513448,1.00384613028058,1.01839981056015
5.2,7,1.01085327339195,1.00368775151951,1.01806995131727
5.4,7,1.01059709850247,1.00351669898894,1.01772745439173
5.6,7,1.01032904669737,1.00333287390931,1.01737400332872
5.8,7,1.01004990382145,1.00313607971537,1.01701137945232
6,7,1.00976045524417,1.0029260819746,1.01664140089712
6.2,7,1.00946148577698,1.00270266615377,1.01626586391344
6.4,7,1.00915377959666,1.00246569265766,1.01588648702217
6.6,7,1.00883812017483,1.00221514808155,1.01550485907749
6.8,7,1.00851529021342,1.00195119119498,1.01512239271977
7,7,1.00818607158636,1.0016741918921,1.01474028498302
7.2,7,1.00785124528716,1.00138476127603,1.01435948688945
7.4,7,1.00751159138269,1.00108377123353,1.01398068367415
7.6,7,1.0071678889729,1.0007723622971,1.0136042868428
7.8,7,1.00682091615664,1.00045193922389,1.01323043863245
8,7,1.00647145000342,1.0001241544387,1.01285902872779
8.2,7,1.00612026653121,0.999790880158547,1.01248972241507
8.4,7,1.0057681406903,0.999454170513042,1.012121998859
8.6,7,1.00541584635297,0.999116215204025,1.01175519795887
8.8,7,1.0050641563093,0.998779286166275,1.01138857432168
9,7,1.0047138422688,0.998445678306028,1.01102135727521
9.2,7,1.004365674868,0.998117644750467,1.01065281648763
9.4,7,1.00402041043258,0.997797268958055,1.01028236489149
9.6,7,1.00367865502225,0.997485783772736,1.00990997459348
9.8,7,1.00334091985479,0.997183724011098,1.0095361338287
10,7,1.00300771402873,0.996891353852586,1.00916160072335
10.2,7,1.00267954601773,0.996608725906111,1.0087873463964
10.4,7,1.00235692369497,0.996335728871363,1.00841450664163
10.6,7,1.00204035436007,0.996072131031686,1.00804433783934
10.8,7,1.00173034476858,0.995817620565824,1.00767817611022
11,7,1.00142740116411,0.995571843490332,1.00731739889954
11.2,7,1.00113202931289,0.995334439812632,1.00696338841126
11.4,7,1.00084473454105,0.995105078207078,1.00661749657969
11.6,7,1.00056602177432,0.994883489240851,1.00628101155162
11.8,7,1.00029639558037,0.99466949689352,1.00595512593486
12,7,1.00003636021369,0.994463047858315,1.00564090732502
12.2,7,0.999786419662977,0.994264237913347,1.00533927182205
12.4,7,0.999547077701146,0.994073334535958,1.00505096136322
12.6,7,0.999318837937844,0.993890794926449,1.00477652570607
12.8,7,0.999102203874535,0.993717278719924,1.00451630978261
13,7,0.998897678962143,0.993553654890453,1.00427044692012
13.2,7,0.998705766661256,0.993401002664557,1.00403885811181
13.4,7,0.998526970504886,0.993260606618936,1.00382125716195
13.6,7,0.998361794163803,0.993133946488947,1.00361716117924
13.8,7,0.998210741514438,0.993022682509674,1.00342590559617
14,7,0.99807431670937,0.992928637311198,1.00324666269311
14.2,7,0.997953024250392,0.992853775472694,1.00307846252219
14.4,7,0.99784736906418,0.992800181804153,1.00292021516242
14.6,7,0.997757856580561,0.99277003928386,1.00277073337785
14.8,7,0.997684992813397,0.992765607357194,1.00262875497351
15,7,0.997629284444093,0.992789201020885,1.00249296442488
15.2,7,0.997591238907752,0.992843170791028,1.00236201368299
15.4,7,0.997571255898614,0.99292961165361,1.00223459842016
15.6,7,0.997568824744496,0.993048299249214,1.00210992844405
15.8,7,0.997582980434704,0.993197731441663,1.00198759154278
16,7,0.997612755398153,0.993376260161873,1.00186731820118
16.2,7,0.997657182713079,0.993582125426635,1.00174895335563
16.4,7,0.997715295960233,0.993813476231559,1.00163243465726
16.6,7,0.997786129085488,0.994068387674299,1.00151777457146
16.8,7,0.997868716271841,0.994344875144608,1.001405045477
17,7,0.997962091820805,0.994640906255588,1.00129436709035
17.2,7,0.998065290043159,0.994954411064306,1.00118589566668
17.4,7,0.998177345159081,0.995283291033824,1.00107981452586
17.6,7,0.998297291207623,0.995625427117634,1.000976325522
17.8,7,0.99842416196556,0.995978687297404,1.00087564112601
18,7,0.998556990875581,0.996340933872637,1.0007779768225
18.2,7,0.998694810983854,0.996710030784271,1.00068354353901
18.4,7,0.998836654886947,0.997083851251968,1.00059253982806
18.6,7,0.998981554688119,0.997460286016236,1.00050514351089
18.8,7,0.999128541962993,0.99783725250152,1.00042150246698
19,7,0.999276647734609,0.998212705255127,1.00034172421448
19.2,7,0.99942490245787,0.998584648069509,1.00026586387436
19.4,7,0.999572336013397,0.99895114826161,1.00019391004456
19.6,7,0.999717977710789,0.999310353660541,1.00012576803307
19.8,7,0.999860856301308,0.999660512938658,1.00006123981505
20,7,1,1,1
20.2,7,1.00013443651725,0.999941567042052,1.00032734319326
20.4,7,1.00026319309979,0.999885268934922,1.00064126010773
20.6,7,1.00038529658117,0.999830202762568,1.00094069858125
20.8,7,1.00049977344166,0.999775187815324,1.00122488421038
21,7,1.00060564987767,0.999718712650983,1.00149337398334
21.2,7,1.0007019518806,0.999658877625717,1.00174611451066
21.4,7,1.00078784286118,0.999593386358099,1.00198372667096
21.6,7,1.0008633635061,0.999519960351315,1.00220857225967
21.8,7,1.00092889946932,0.999436612663693,1.00242341445018
22,7,1.00098483763207,0.99934168548818,1.00263069150351
22.2,7,1.00103156524619,0.9992339017992,1.00283246276467
22.4,7,1.00106946989769,0.99911239171556,1.00303038163752
22.6,7,1.00109893947176,0.998976694875045,1.00322569260422
22.8,7,1.00112036211934,0.998826742347718,1.00341924876201
23,7,1.00113412622506,0.998662823309122,1.00361154465663
23.2,7,1.00114062037685,0.998485542303868,1.00380275858168
23.4,7,1.00114023333687,0.998295772478654,1.00399279896504
23.6,7,1.00113335401408,0.998094609031284,1.00418135059587
23.8,7,1.00112037143825,0.997883325750511,1.00436791781733
24,7,1.0011016747355,0.997663336244485,1.00455186308723
24.2,7,1.0010776531053,0.997436160449668,1.00473244031481
24.4,7,1.00104869579911,0.997203396320951,1.00490882307281
24.6,7,1.00101519210032,0.996966696191179,1.00508012819668
24.8,7,1.00097753130595,0.996727747085226,1.00524543548568
25,7,1.00093610270962,0.996488254208732,1.00540380428576
25.2,7,1.00089129558625,0.996249926845798,1.00555428771979
25.4,7,1.00084349917808,0.996014465950569,1.00569594528032
25.6,7,1.00079310268237,0.995783552776485,1.0058278544408
25.8,7,1.0007404952405,0.995558837936783,1.00594912189188
26,7,1.00068606592863,0.9953419303204,1.00605889497831
26.2,7,1.00063020374985,0.995134385292709,1.00615637390718
26.4,7,1.00057329762787,0.994937691586449,1.006240825322
26.6,7,1.00051573640224,0.994753256231138,1.00631159789429
26.8,7,1.00045790882496,0.99458238677531,1.00636814067825
27,7,1.00040020355879,0.994426269920382,1.00641002510985
27.2,7,1.00034300917691,0.994285945502944,1.00643697171333
27.4,7,1.00028668971741,0.994161943343731,1.00644916889548
27.6,7,1.00023148922934,0.994053018439076,1.00644836189615
27.8,7,1.00017761500661,0.993957401653447,1.00643675462974
28,7,1.00012527429379,0.993873347230139,1.00641652889563
28.2,7,1.00007467429851,0.993799163489889,1.00638981286831
28.4,7,1.00002602219478,0.99373324233531,1.0063586508554
28.6,7,0.999979525126901,0.993674087932091,1.0063249739701
28.8,7,0.999935390213639,0.993620344323057,1.00629057196177
29,7,0.999893824552966,0.993570821336072,1.00625706684374
29.2,7,0.99985503522714,0.993524517845077,1.00622588925878
29.4,7,0.99981922930825,0.993480641251258,1.00619825871547
29.6,7,0.999786613864191,0.993438621986441,1.00617516889299
29.8,7,0.999757395965055,0.993398121912972,1.00615737914028
30,7,0.999731782689964,0.993359035696738,1.00614541309269
30.2,7,0.999709981134323,0.993321484535841,1.0061395650237
30.4,7,0.99969219841751,0.993285801990741,1.00613991418569
30.6,7,0.999678641690989,0.993252512025125,1.00614634703069
30.8,7,0.999669518146861,0.993222299671612,1.0061585868968
31,7,0.999665035026839,0.993195974934275,1.0061762305484
31.2,7,0.999665399631655,0.993174430601493,1.00619879089668
31.4,7,0.9996708193309,0.993158594561426,1.0062257453081
31.6,7,0.999681501573297,0.9931493770045,1.00625658911662
31.8,7,0.999697653897401,0.993147612597405,1.00629089425511
32,7,0.99971948394274,0.993153997370214,1.00632837326453
32.2,7,0.999747199461378,0.993169019733954,1.00636894926365
32.4,7,0.999781008329925,0.993192884817356,1.00641283269062
32.6,7,0.999821118561973,0.993225431279461,1.00646060566007
32.8,7,0.999867738320972,0.993266040056921,1.00651331447696
33,7,0.999921075933541,0.993313535329496,1.00657257002385
33.2,7,0.999981339902162,0.993366079574954,1.00664065414876
33.4,7,1.00004854129342,0.993420870198712,1.0067204293212
33.6,7,1.00012194183308,0.993473836398443,1.0068145349072
33.8,7,1.00020062551026,0.9935208652027,1.00692529599467
34,7,1.00028367611962,0.993558286351747,1.00705459000838
34.2,7,1.00037017721722,0.993583078179897,1.00720363847061
34.4,7,1.00045921208462,0.993593020410299,1.00737285234919
34.6,7,1.00054986370146,0.993586782192587,1.00756174266312
34.8,7,1.00064121472648,0.993563939821523,1.00776890190795
35,7,1.00073234748683,0.993524926839369,1.00799205359889
35.2,7,1.00082234397593,0.993470927063079,1.0082281593912
35.4,7,1.00091028585964,0.993403726208293,1.00847356810656
35.6,7,1.0009952544909,0.993325539105041,1.00872418967106
35.8,7,1.00107633093282,0.993238827308167,1.0089756791626
36,7,1.00115259599016,0.993146117443629,1.00922362062673
36.2,7,1.00122313024928,0.993049825389173,1.00946370556312
36.4,7,1.00128701412649,0.992952086540965,1.00969190583094
36.6,7,1.00134332792493,0.992854588615016,1.0099046445245
36.8,7,1.00139115189975,0.992758400871374,1.01009897093082
37,7,1.00142956633188,0.992663792300062,1.01027274702945
37.2,7,1.00145765161015,0.992570031155997,1.0104248531466
37.4,7,1.00147448832186,0.992475159481695,1.01055541912334
37.6,7,1.00147915735178,0.992375739490788,1.01066608412321
37.8,7,1.00147073998959,0.992266574931633,1.0107602819579
38,7,1.00144831804568,0.992140421192455,1.01084353816684
38.2,7,1.00141097397536,0.991987714193615,1.01092374880215
38.4,7,1.00135779101148,0.991796369901405,1.01101138908088
38.6,7,1.00128785330531,0.991551729822574,1.01111957654107
38.8,7,1.00120024607585,0.991236743016693,1.01126389815985
39,7,1.00109405576732,0.990832465028066,1.01146192102645
39.2,7,1.00096837050947,0.990318901500122,1.01173235938713
39.4,7,1.00082263648432,0.989676808717992,1.01209398954891
39.6,7,1.00065734996826,0.988891401744956,1.01256329085138
39.8,7,1.0004731999077,0.987953259281686,1.01315180078592
40,7,1.00027087584181,0.986858240621969,1.01386580551504
0,8,1.00628256168577,0.991113306780009,1.02168398610517
0.2,8,1.00658204658764,0.992113465791444,1.02126163130372
0.4,8,1.00686798853876,0.993060972976159,1.02086696983553
0.6,8,1.00713943582445,0.993952544968406,1.02050127878593
0.8,8,1.00739543631627,0.994785167819503,1.02016555728843
1,8,1.00763503761271,0.995556203463601,1.01986042123225
1.2,8,1.00785728718879,0.996263507465142,1.01958598676775
1.4,8,1.00806123255457,0.99690555010055,1.01934175055696
1.6,8,1.00824592142264,0.997481529159555,1.01912647838392
1.8,8,1.00841040188445,0.997991460133008,1.01893811645767
2,8,1.00855372259562,0.998436228862088,1.01877374033268
2.2,8,1.00867493296999,0.998817594165135,1.01862955393015
2.4,8,1.0087730833826,0.999138133539933,1.01850094556177
2.6,8,1.00884722538142,0.99940113275725,1.01838260013959
2.8,8,1.00889641190778,0.999610428084229,1.01826865883258
3,8,1.00891969752562,0.999770215838012,1.01815291146872
3.2,8,1.00891613865924,0.999884846439541,1.01802900451159
3.4,8,1.0088848672927,0.999958662248527,1.01789075276717
3.6,8,1.00882616271392,0.999996364268056,1.01773392678384
3.8,8,1.00874121182419,1.00000248759962,1.01755630115987
4,8,1.00863122796212,0.999980811187231,1.01735647588331
4.2,8,1.00849742586498,0.999934412638225,1.01713376909678
4.4,8,1.00834102137554,0.99986574687092,1.01688813580283
4.6,8,1.00816323116332,0.999776727074823,1.0166200844097
4.8,8,1.00796527246032,0.999668804684511,1.01633059441787
5,8,1.00774836281138,0.999543046643072,1.01602103697258
5.2,8,1.00751371983901,0.999400209314536,1.01569309892386
5.4,8,1.00726256102286,0.999240809061115,1.01534871037906
5.6,8,1.00699610349387,0.999065189808763,1.01498997542486
5.8,8,1.00671556384297,0.998873587957748,1.01461910566259
6,8,1.00642215794453,0.998666194818889,1.01423835637634
6.2,8,1.00611710079433,0.998443216430901,1.01384996547858
6.4,8,1.00580160636229,0.998204930201099,1.01345609579104
6.6,8,1.00547688745976,0.997951737377714,1.01305878165241
6.8,8,1.00514415562146,0.997684209980858,1.0126598812257
7,8,1.00480462100197,0.997403130564964,1.01226103613191
7.2,8,1.00445949228686,0.997109523121219,1.01186364010137
7.4,8,1.00410997661833,0.996804673590518,1.01146881817153
7.6,8,1.00375727953535,0.996490138841996,1.01107741757589
7.8,8,1.00340260492831,0.996167743529435,1.01069001091096
8,8,1.00304715500813,0.995839564877329,1.01030691152931
8.2,8,1.00269213028979,0.995507906056768,1.00992820049763
8.4,8,1.00233872959019,0.995175259276151,1.00955376399453
8.6,8,1.00198815004043,0.994844259945997,1.00918333978823
8.8,8,1.00164158711239,0.994517633233572,1.00881657147793
9,8,1.00130023465954,0.994198133998061,1.00845306950778
9.2,8,1.00096528497202,0.993888480521705,1.00809247853763
9.4,8,1.00063788421866,0.993591192572364,1.00773455201564
9.6,8,1.00031867459051,0.993307579532532,1.00737925628779
9.8,8,1.00000798090603,0.993038020471793,1.00702686227526
10,8,0.999706122829209,0.992782613782186,1.00667791533412
10.2,8,0.999413419856943,0.992541240958692,1.00633318049876
10.4,8,0.999130191348131,0.992313615536112,1.00599359278571
10.6,8,0.998856756553832,0.99209932784967,1.00566021174084
10.8,8,0.998593434648433,0.991897886523537,1.00533417932562
11,8,0.998340544761858,0.991708757433892,1.00501668039555
11.2,8,0.998098406012812,0.991531400681573,1.00470890523541
11.4,8,0.997867337543056,0.991365305864752,1.00441201386072
11.6,8,0.997647658552725,0.991210025682656,1.00412710205414
11.8,8,0.997439688336685,0.991065207646306,1.0038551693606
12,8,0.997243746321935,0.990930623443652,1.00359708949368
12.2,8,0.997060152106051,0.990806195328788,1.0033535837832
12.4,8,0.996889225496682,0.990692018802105,1.00312519839719
12.6,8,0.9967312865521,0.990588380839294,1.00291228607998
12.8,8,0.996586655622801,0.990495773021165,1.00271499305451
13,8,0.996455653394175,0.990414899108156,1.0025332515447
13.2,8,0.996338600930238,0.990346676872551,1.00236677810489
13.4,8,0.996235819718433,0.990292234313353,1.00221507763133
13.6,8,0.996147631715512,0.990252900691187,1.00207745261822
13.8,8,0.996074359394498,0.990230193090865,1.00195301695079
14,8,0.996016325792734,0.990225799412266,1.00184071333475
14.2,8,0.995973854561036,0.990241558784468,1.00173933336712
14.4,8,0.995947270013938,0.990279440387183,1.00164753926467
14.6,8,0.995936897181054,0.990341521554919,1.00156388637454
14.8,8,0.99594306185956,0.990429965848214,1.0014868457829
15,8,0.995966090667802,0.990547001519404,1.00141482659435
15.2,8,0.996006311100039,0.990694900487106,1.0013461977682
15.4,8,0.996063953515538,0.990875685988926,1.00127938703311
15.6,8,0.996138426129935,0.991089064511387,1.00121351303763
15.8,8,0.996228726599021,0.991333458103452,1.00114816824586
16,8,0.996333849960537,0.991607134503134,1.00108309635609
16.2,8,0.996452791518973,0.991908241972908,1.00101816247745
16.4,8,0.996584546700822,0.992234830998928,1.00095333049637
16.6,8,0.99672811092001,0.992584872182827,1.00088864432661
16.8,8,0.996882479453486,0.992956271155762,1.00082421221291
17,8,0.997046647326963,0.993346881189172,1.00076019341387
17.2,8,0.997219609210806,0.993754514054913,1.00069678671125
17.4,8,0.997400359326075,0.994176949593964,1.00063422028652
17.6,8,0.997587891360715,0.994611944383468,1.0005727425749
17.8,8,0.997781198395904,0.995057239842608,1.00051261375661
18,8,0.997979272842564,0.995510570086053,1.00045409757656
18.2,8,0.998181106388045,0.995969669817387,1.0003974532003
18.4,8,0.998385689952998,0.996432282552771,1.00034292681614
18.6,8,0.998592013658435,0.996896169476587,1.00029074268183
18.8,8,0.998799066803004,0.997359119255722,1.00024109328946
19,8,0.99900583785049,0.997818959177735,1.00019412828334
19.2,8,0.999211314427548,0.998273568030421,1.00014994171377
19.4,8,0.99941448333169,0.998720891205775,1.00010855714377
19.6,8,0.999614330549544,0.999158958587922,1.00006991004934
19.8,8,0.999809841285391,0.999585905867149,1.00003382687148
20,8,1,1,1
20.2,8,1.00018379045977,0.999967957916,1.00039966958871
20.4,8,1.00036019579617,0.999937029725235,1.00078354094791
20.6,8,1.00052819857559,0.999906303433622,1.00115048050736
20.8,8,1.00068678087938,0.999874577631954,1.00149964388367
21,8,1.00083492439442,0.999840306883303,1.00183053132752
21.2,8,1.00097161051385,0.999801542181237,1.00214304817811
21.4,8,1.0010959562136,0.999755908444589,1.00243780014905
21.6,8,1.00120794446001,0.999700962806064,1.00271719778697
21.8,8,1.00130789888921,0.999634527399984,1.00298407157433
22,8,1.00139614451856,0.99955475879019,1.00324092245869
22.2,8,1.00147300689982,0.999460200619133,1.00348986675774
22.4,8,1.00153881208137,0.99934981182152,1.00373260718091
22.6,8,1.00159388657163,0.999222971601015,1.0039704271513
22.8,8,1.00163855730333,0.999079464217182,1.00420420538101
23,8,1.001673151599,0.998919448243144,1.00443444603959
23.2,8,1.00169799713739,0.998743415675448,1.00466131913417
23.4,8,1.00171342192101,0.998552146039596,1.00488470595798
23.6,8,1.00171975424472,0.998346659721067,1.0051042453775
23.8,8,1.00171732266533,0.998128173540323,1.00531937793985
24,8,1.00170645597237,0.997898060394713,1.00552938597739
24.2,8,1.00168748315983,0.997657813797375,1.00573342887972
24.4,8,1.00166073339901,0.997409017421322,1.00593057342455
24.6,8,1.00162653601244,0.997153319293806,1.00611981952264
24.8,8,1.0015852204489,0.996892410029931,1.00630012198765
25,8,1.00153711625946,0.996628004383773,1.00647040905251
25.2,8,1.00148255307465,0.996361825374523,1.00662959837498
25.4,8,1.00142186058268,0.996095590271747,1.00677661124802
25.6,8,1.00135536850879,0.995830997767657,1.00691038568706
25.8,8,1.00128340659557,0.995569715705944,1.00702988902462
26,8,1.00120630458452,0.995313368763906,1.00713413061528
26.2,8,1.00112439219857,0.995063525489846,1.00722217524913
26.4,8,1.0010379991257,0.994821684075934,1.00729315789331
26.6,8,1.00094745500373,0.994589256193864,1.00734630043415
26.8,8,1.00085308940607,0.994367548132904,1.00738093118038
27,8,1.00075523182867,0.994157738353073,1.00739650801448
27.2,8,1.00065421167796,0.993960850396484,1.00739264624902
27.4,8,1.00055040814594,0.993777448861852,1.00736952764176
27.6,8,1.00044444496645,0.993606611496191,1.00732933525581
27.8,8,1.00033702051784,0.993446981481131,1.00727484533356
28,8,1.00022883290684,0.993297227690494,1.00720880949636
28.2,8,1.00012057994168,0.993156077124757,1.00713392130534
28.4,8,1.00001295912917,0.993022345659328,1.00705278466045
28.6,8,0.999906667676647,0.992894967483439,1.00696788362047
28.8,8,0.999802402498857,0.992773023016683,1.00688155385714
29,8,0.999700860229628,0.992655764709797,1.00679595633642
29.2,8,0.999602737238429,0.992542639856902,1.00671305409974
29.4,8,0.999508729651779,0.992433309378289,1.00663459318586
29.6,8,0.999419533379496,0.992327661487016,1.00656208877995
29.8,8,0.999335844145805,0.992225819232749,1.00649681759626
30,8,0.999258357525281,0.992128141111837,1.00643981730538
30.2,8,0.999187768983649,0.992035214216377,1.00639189353289
30.4,8,0.999124773923415,0.991947839724746,1.00635363462712
30.6,8,0.999070067734351,0.991867010861101,1.0063254340682
30.8,8,0.999024345848825,0.991793883721118,1.0063075201211
31,8,0.998988303801972,0.991729741534841,1.00629999216181
31.2,8,0.998962637296733,0.991675952990222,1.00630286305297
31.4,8,0.998948042273735,0.991633925167853,1.00631610701864
31.6,8,0.998945214986042,0.991605051452388,1.00633971265265
31.8,8,0.998954852078782,0.991590654519289,1.00637374096221
32,8,0.998977650673641,0.991591924189181,1.00641838865464
32.2,8,0.999014308458263,0.991609849649844,1.00647405716751
32.4,8,0.999065523780539,0.991645145334151,1.00654142815427
32.6,8,0.999131995747825,0.991698169697003,1.00662154618278
32.8,8,0.999214424331085,0.991768836370756,1.00671590916783
33,8,0.999313510473995,0.991856517852035,1.00682656638531
33.2,8,0.999429956204358,0.991959943179112,1.00695622260453
33.4,8,0.999563969419914,0.992076592741151,1.00710785464846
33.6,8,0.999713880371869,0.992201536505599,1.00728310311636
33.8,8,0.999877573796891,0.992329513068198,1.0074830481367
34,8,1.0000529336748,0.992455672946084,1.00770835153049
34.2,8,1.00023784295888,0.992575774315316,1.00795905801465
34.4,8,1.00043018335097,0.992686330463152,1.00823444530831
34.6,8,1.0006278351215,0.992784699181531,1.00853293291626
34.8,8,1.00082867697431,0.992869108910682,1.00885205478203
35,8,1.00103058595652,0.992938622930332,1.0091884945146
35.2,8,1.00123143741337,0.992993049381508,1.00953817540741
35.4,8,1.00142910498809,0.993032809573675,1.00989639279671
35.6,8,1.00162146066695,0.993058778839657,1.01025797449858
35.8,8,1.0018063748695,0.993072113109938,1.01061745615453
36,8,1.00198171658404,0.993074071159788,1.01096926153372
36.2,8,1.00214535354838,0.993065838245507,1.01130788207653
36.4,8,1.00229515247601,0.993048352595644,1.01162805421416
36.6,8,1.00242897932754,0.993022132626899,1.01192493659474
36.8,8,1.00254469962759,0.992987100130724,1.01219429196921
37,8,1.0026401788271,0.992942393127059,1.01243268003947
37.2,8,1.00271328271089,0.992886161676299,1.01263766797531
37.4,8,1.00276187785064,0.992815340896828,1.01280806434984
37.6,8,1.00278383210306,0.992725398261937,1.01294417941544
37.8,8,1.00277701515321,0.99261005782437,1.01304810906671
38,8,1.00273929910283,0.992461013519444,1.01312403033304
38.2,8,1.00266855910353,0.992267658219321,1.01317848172024
38.4,8,1.00256267403463,0.99201687475879,1.01322058217191
38.6,8,1.00241952722536,0.991692956835439,1.0132621207367
38.8,8,1.00223700722128,0.991277743445145,1.01331743326833
39,8,1.00201300859436,0.990751046223573,1.01340298677389
39.2,8,1.00174543346899,0.990091409437016,1.01353663299289
39.4,8,1.00143300569403,0.989278285021926,1.01373706476449
39.6,8,1.00107685038467,0.98829659761032,1.01402237223044
39.8,8,1.00067853474967,0.987136689518252,1.01440615118605
40,8,1.00023962903411,0.985794177144421,1.01489675906629
0,9,1.00297724328271,0.988388727832934,1.01778108371246
0.2,9,1.0033293393885,0.989410400055184,1.01744408914807
0.4,9,1.00366740624501,0.990380354469033,1.01713271856917
0.6,9,1.00399045350044,0.991295375441834,1.01684811176563
0.8,9,1.00429749019278,0.992152514334809,1.0165911331523
1,9,1.00458752490177,0.992949192556523,1.01636226984576
1.2,9,1.00485956591065,0.9936833147808,1.01616151965365
1.4,9,1.00511262137758,0.994353384435071,1.01598827687047
1.6,9,1.00534569951682,0.994958610137146,1.01584122720205
1.8,9,1.00555780878953,0.995498989330982,1.01571826556763
2,9,1.00574795810425,0.995975355049495,1.01561645085145
2.2,9,1.00591515702709,0.996389374317371,1.01553200909039
2.4,9,1.00605841600137,0.996743492212089,1.01546039107905
2.6,9,1.00617674657699,0.997040822992357,1.01539638298243
2.8,9,1.0062691616492,0.997284997115463,1.01533426113394
3,9,1.0063346757069,0.997479978382735,1.01526797677892
3.2,9,1.00637230509032,0.997629867512594,1.01519135446295
3.4,9,1.00638114567539,0.997738754919053,1.01509839662697
3.6,9,1.00636150252828,0.997811167311584,1.01498510635
3.8,9,1.00631463749238,0.997851547918918,1.01484950516277
4,9,1.00624184051659,0.997863616952634,1.01469040899432
4.2,9,1.00614440325029,0.997850423078143,1.0145073217177
4.4,9,1.00602361871944,0.99781441936606,1.01430035663783
4.6,9,1.00588078101912,0.997757541115253,1.01407015625529
4.8,9,1.00571718502244,0.997681282503249,1.0138178133518
5,9,1.00553412610598,0.997586770502834,1.01354479495962
5.2,9,1.00533289989178,0.997474835518254,1.01325286976256
5.4,9,1.00511480200586,0.997346078804436,1.01294403886594
5.6,9,1.00488112785342,0.997200937013966,1.01262046959129
5.8,9,1.00463317241057,0.997039744239322,1.0122844319288
6,9,1.0043722300328,0.996862791743203,1.01193823745498
6.2,9,1.00409959427996,0.996670385253674,1.01158418083886
6.4,9,1.00381655775798,0.996462899300472,1.01122448446044
6.6,9,1.00352441197714,0.996240827647346,1.01086124708648
6.8,9,1.00322444722702,0.99600482850254,1.01049639792122
7,9,1.00291795246796,0.995755762936773,1.01013165760246
7.2,9,1.00260621523913,0.995494724866363,1.00976850778498
7.4,9,1.00229052158314,0.995223061105017,1.00940817080745
7.6,9,1.00197215598714,0.994942380349628,1.00905160057684
7.8,9,1.00165240134042,0.994654550497127,1.00869948527312
8,9,1.00133253890837,0.994361684305476,1.00835226186034
8.2,9,1.00101384832301,0.994066114003249,1.00801014179945
8.4,9,1.0006976075897,0.993770355909915,1.00767314690007
8.6,9,1.00038509311029,0.993477066367154,1.00734115401053
8.8,9,1.00007757972258,0.993188990252618,1.00701394727441
9,9,0.999776340755953,0.992908903046209,1.00669127698299
9.2,9,0.99948264810333,0.992639546873869,1.00637292459856
9.4,9,0.999197717422706,0.992383463322762,1.00605876196269
9.6,9,0.998922144991133,0.992141904777981,1.00574872097251
9.8,9,0.998656137089959,0.991915149175354,1.00544293630012
10,9,0.998399893950699,0.991703202646339,1.00514180611782
10.2,9,0.998153615873908,0.991505862087996,1.00484594088435
10.4,9,0.997917503249345,0.991322762249813,1.00455611553935
10.6,9,0.99769175657655,0.991153418811282,1.00427322576822
10.8,9,0.997476576485842,0.990997268300163,1.00399824748715
11,9,0.997272163759741,0.990853705555625,1.00373219884396
11.2,9,0.997078719354802,0.990722119242189,1.00347610422856
11.4,9,0.996896444423877,0.990601925690265,1.00323096001704
11.6,9,0.996725540338803,0.990492601094865,1.00299770201769
11.8,9,0.996566208713511,0.990393711864179,1.00277717482704
12,9,0.996418651427574,0.990304942695089,1.00257010351855
12.2,9,0.996283070650175,0.990226121786194,1.00237706825356
12.4,9,0.996159668864517,0.990157242502836,1.00219848249953
12.6,9,0.996048648892667,0.990098480800489,1.00203457554928
12.8,9,0.995950213920837,0.990050207800979,1.00188537994667
13,9,0.995864567525114,0.990012997095387,1.00175072424471
13.2,9,0.995791913697625,0.989987626598892,1.0016302312709
13.4,9,0.99573245687316,0.989975075074248,1.00152332178292
13.6,9,0.995686401956244,0.989976513732761,1.00142922310599
13.8,9,0.995653954348658,0.989993293574853,1.0013469820896
14,9,0.995635319977432,0.990026929313962,1.00127548154016
14.2,9,0.995630705323285,0.990079080817193,1.00121345919596
14.4,9,0.99564031744955,0.990151532987626,1.00115952831982
14.6,9,0.995664364031549,0.990246174912705,1.00111219908498
14.8,9,0.995703053386467,0.990364978924576,1.00106990010865
15,9,0.995756594503685,0.990509979976515,1.00103099972914
15.2,9,0.995825197075611,0.990683255442822,1.0009938269194
15.4,9,0.995908988189346,0.990886654574154,1.00095677762719
15.6,9,0.996007396154553,0.991119888258728,1.00091900581013
15.8,9,0.996119500202818,0.991381476904428,1.00088016752402
16,9,0.996244377156329,0.991669792814467,1.00084006410921
16.2,9,0.996381103888079,0.991983093269186,1.00079861332458
16.4,9,0.996528757207495,0.992319541343697,1.00075582770123
16.6,9,0.996686413754648,0.992677223091752,1.00071179659905
16.8,9,0.996853149903034,0.993054161885362,1.00066667117631
17,9,0.997028041670935,0.993448330552439,1.00062065163006
17.2,9,0.997210164641344,0.993857661839085,1.00057397618073
17.4,9,0.997398593890476,0.994280057634449,1.00052691136288
17.6,9,0.997592403924853,0.994713397330067,1.00047974325045
17.8,9,0.997790668626986,0.995155545638886,1.00043276929128
18,9,0.997992461209639,0.99560436016902,1.00038629045597
18.2,9,0.998196854178713,0.99605769903185,1.00034060342163
18.4,9,0.998402919304734,0.996513428762234,1.00029599251296
18.6,9,0.998609727602977,0.996969432839726,1.00025272111187
18.8,9,0.99881634932222,0.997423621123762,1.0002110222228
19,9,0.999021853942157,0.997873940552946,1.00017108784401
19.2,9,0.99922531017947,0.998318387508979,1.00013305674416
19.4,9,0.999425786002577,0.998755022309031,1.0000970001809
19.6,9,0.999622348655072,0.999181986364528,1.00006290502332
19.8,9,0.999814064687858,0.999597522624722,1.00003065366034
20,9,1,1,1
20.2,9,1.00017921988829,0.999970540810738,1.00038794251408
20.4,9,1.00035078910554,0.999941681656103,1.00076006393365
20.6,9,1.00051377192764,0.999912596782092,1.00111530851634
20.8,9,1.0006672322293,0.999882182610211,1.00145289822392
21,9,1.00081023356861,0.999849005079147,1.00177238615782
21.2,9,1.00094183928029,0.999811242097321,1.00207371495458
21.4,9,1.00106123851457,0.999766655555401,1.00235749780994
21.6,9,1.00116842376036,0.999712903450945,1.00262606321755
21.8,9,1.00126370353793,0.999647881388167,1.00288213748858
22,9,1.00134738766861,0.99956980387695,1.00312813262433
22.2,9,1.00141978648869,0.999477255445873,1.00336609293192
22.4,9,1.00148121081373,0.999369218484641,1.0035976664698
22.6,9,1.00153197190393,0.999245078872133,1.00382409876659
22.8,9,1.00157238143038,0.999104612181004,1.00404624602252
23,9,1.00160275144226,0.998947954826903,1.00426460342526
23.2,9,1.00162339433505,0.998775565269857,1.00447934347313
23.4,9,1.00163462281962,0.998588180194964,1.00469035937829
23.6,9,1.00163674989233,0.99838676975852,1.00489730946407
23.8,9,1.00163008880611,0.998172494842178,1.00509965961381
24,9,1.00161495304247,0.997946668114378,1.00529672197201
24.2,9,1.00159165628448,0.997710719739774,1.00548768905716
24.4,9,1.00156051239076,0.997466167874249,1.00567166314848
24.6,9,1.00152183537038,0.997214593627657,1.00584768126466
24.8,9,1.00147593935885,0.996957619921089,1.00601473630752
25,9,1.00142313859493,0.996696893551928,1.00617179505745
25.2,9,1.00136374739859,0.996434069755051,1.00631781373217
25.4,9,1.00129808014979,0.996170798570912,1.00645175179795
25.6,9,1.00122645126838,0.995908712371506,1.00657258468237
25.8,9,1.0011491751949,0.99564941393429,1.00667931599825
26,9,1.00106656637237,0.995394464479841,1.00677098986305
26.2,9,1.00097893922913,0.995145371093971,1.00684670389293
26.4,9,1.00088660816256,0.994903572934004,1.00690562347152
26.6,9,1.00078988752389,0.994670425568166,1.00694699794454
26.8,9,1.00068909160392,0.994447182712553,1.00697017947562
27,9,1.00058453461978,0.994234974508187,1.00697464542075
27.2,9,1.00047653070263,0.994034781317359,1.00696002524202
27.4,9,1.00036545397211,0.993847153283597,1.0069265059466
27.6,9,1.00025197311033,0.993671269059131,1.00687625864281
27.8,9,1.00013684671966,0.993505906852858,1.00681204335757
28,9,1.00002083308788,0.993349869144221,1.00673659671523
28.2,9,0.999904690155432,0.993202014085951,1.00665259958717
28.4,9,0.999789175511583,0.993061285263342,1.00656264653904
28.6,9,0.999675046396291,0.992926740171358,1.00646921666644
28.8,9,0.99956305970785,0.992797577204747,1.0063746460236
29,9,0.999453972016242,0.992673160587938,1.00628110221839
29.2,9,0.999348539582231,0.992553042401258,1.00619056201673
29.4,9,0.999247518382171,0.992436980697871,1.00610479296206
29.6,9,0.999151664138543,0.992324952662446,1.00602534005855
29.8,9,0.999061732356206,0.992217161841264,1.00595351848819
30,9,0.998978478364367,0.992114038663986,1.00589041314149
30.2,9,0.99890265736426,0.992016233752829,1.00583688546572
30.4,9,0.998835024482547,0.991924603834633,1.00579358781525
30.6,9,0.998776334830428,0.991840190385822,1.00576098517369
30.8,9,0.998727343568468,0.99176419140092,1.00573938385733
31,9,0.998688805977146,0.991697926842407,1.00572896664183
31.2,9,0.998661477533128,0.991642798379965,1.0057298337042
31.4,9,0.998646113991269,0.991600243955936,1.0057420488434
31.6,9,0.998643471472355,0.99157168753516,1.00576569062133
31.8,9,0.998654306556592,0.991558484140572,1.00580090832307
32,9,0.998679376382856,0.991561859982372,1.00584798292885
32.2,9,0.998719438753709,0.99158284721021,1.00590739356857
32.4,9,0.99877525224622,0.991622212618848,1.00597989012871
32.6,9,0.998847576328574,0.991680379600989,1.00606657271862
32.8,9,0.99893717148252,0.991757342876787,1.00616897846701
33,9,0.999044799331667,0.991852576186076,1.00628917546352
33.2,9,0.999171222772741,0.99196493439173,1.00642986239161
33.4,9,0.999316659988419,0.992092004972651,1.00659392669729
33.6,9,0.999479259012395,0.992228805234531,1.00678269359439
33.8,9,0.999656676617176,0.992369979146393,1.00699687828614
34,9,0.999846568640169,0.99251057294351,1.00723678726838
34.2,9,1.00004658966316,0.992646222758313,1.00750212771465
34.4,9,1.00025439274679,0.992773295233667,1.00779186447976
34.6,9,1.00046762922019,0.992888971910072,1.00810413393142
34.8,9,1.00068394852559,0.992991272665668,1.00843621933213
35,9,1.00090099811831,0.993079019739232,1.00878458624297
35.2,9,1.00111642342184,0.993151750041346,1.00914497024571
35.4,9,1.00132786783846,0.993209587842076,1.00951250489674
35.6,9,1.0015329728151,0.993253091545071,1.0098818762049
35.8,9,1.00172937796489,0.993283087120146,1.01024749106249
36,9,1.00191472124422,0.993300497626927,1.01060365019862
36.2,9,1.00208663918543,0.993306174183478,1.01094472030178
36.4,9,1.0022427671853,0.993300729667481,1.0112653040248
36.6,9,1.00238073984919,0.993284373007674,1.01156041001447
36.8,9,1.00249819139099,0.993256739421599,1.01182562760909
37,9,1.0025927560888,0.993216710471354,1.01205731233087
37.2,9,1.0026620687963,0.9931622174056,1.01225278870259
37.4,9,1.00270376550974,0.993090022142163,1.01241057603082
37.6,9,1.00271548399052,0.992995472914251,1.01253064012826
37.8,9,1.00269486444307,0.992872236910437,1.01261466863958
38,9,1.00263955024796,0.992712021347261,1.0126663585247
38.2,9,1.00254718874995,0.99250430842755,1.01269169023844
38.4,9,1.00241543210072,0.992236148653581,1.01269914412732
38.6,9,1.00224193815589,0.991892078306394,1.01269979322105
38.8,9,1.00202437142606,0.991454242864195,1.01270719063261
39,9,1.00176040408118,0.99090280495969,1.01273697295236
39.2,9,1.0014477177557,0.990216678021,1.01280613996771
39.4,9,1.0010849090271,0.989375746275125,1.01293264854617
39.6,9,1.00067324564549,0.988365508936229,1.01313424588077
39.8,9,1.00021448742993,0.987176776644282,1.01342438814807
40,9,0.999710397893906,0.985805488390494,1.01381143788206
0,10,1.00153597296267,0.98937873077749,1.0138426003458
0.2,10,1.00185567267915,0.990271995649444,1.0135748494242
0.4,10,1.0021635351987,0.991120408153735,1.01332970547224
0.6,10,1.00245872614717,0.991921162562404,1.01310823436071
0.8,10,1.0027404106411,0.992671689339896,1.01291125951351
1,10,1.00300775339593,0.993369750850349,1.01273926703645
1.2,10,1.00325991884127,0.99401354722411,1.01259230074303
1.4,10,1.00349607124295,0.994601824755489,1.01246985470552
1.6,10,1.00371537483204,0.995133975735283,1.01237077442748
1.8,10,1.00391699394079,0.995610116182047,1.01229318017378
2,10,1.00410009314539,0.996031127694445,1.0122344262356
2.2,10,1.00426383741568,0.996398652432609,1.01219110712224
2.4,10,1.00440739227165,0.996715036001887,1.01215911590605
2.6,10,1.00452992394679,0.996983220575094,1.01213375238399
2.8,10,1.00463059955828,0.997206597921504,1.01210987138722
3,10,1.00470858728387,0.997388837028102,1.01208205655254
3.2,10,1.00476305654562,0.997533702429429,1.01204480343894
3.4,10,1.00479324322154,0.997644912945039,1.01199279274957
3.6,10,1.00479939841782,0.997726438280878,1.01192249931798
3.8,10,1.00478257658032,0.997782065239083,1.01183220401689
4,10,1.00474385560031,0.997814919511181,1.01172090698054
4.2,10,1.00468431468301,0.997827519737366,1.0115882276285
4.4,10,1.00460503411848,0.997821849435866,1.01143433083448
4.6,10,1.0045070950639,0.997799429142301,1.01125985299577
4.8,10,1.00439157933739,0.997761386317788,1.01106583044551
5,10,1.00425956922341,0.997708521973734,1.0108536312606
5.2,10,1.00411214728968,0.99764137387882,1.01062489060037
5.4,10,1.0039503962157,0.99756027674042,1.01038144918428
5.6,10,1.00377539863296,0.997465419968493,1.01012529430101
5.8,10,1.00358823697668,0.997356903600735,1.00985850277039
6,10,1.00338999334925,0.997234792746108,1.00958318550136
6.2,10,1.0031817493953,0.997099170536362,1.00930143365626
6.4,10,1.0029645861884,0.996950189112283,1.00901526689492
6.6,10,1.00273958412939,0.996788117674848,1.00872658466818
6.8,10,1.00250782285637,0.996613386177107,1.00843712198506
7,10,1.00227038116632,0.996426622904976,1.00814841140498
7.2,10,1.00202833694826,0.996228684072812,1.00786175312928
7.4,10,1.0017827671281,0.996020673695845,1.0075781949294
7.6,10,1.00153474762499,0.995803952402954,1.00729852324823
7.8,10,1.00128535331929,0.995580134470029,1.00702326619387
8,10,1.00103565803207,0.995351073082616,1.00675270841701
8.2,10,1.00078673451609,0.995118834541615,1.00648691715773
8.4,10,1.00053965445836,0.994885662671714,1.00622577820179
8.6,10,1.0002954884941,0.994653934974967,1.00596904020376
8.8,10,1.00005530623228,0.994426112039403,1.00571636586682
9,10,0.999820176292453,0.994204681367817,1.00546738881392
9.2,10,0.999591166353164,0.993992096181054,1.00522177559577
9.4,10,0.999369295536694,0.99379062297678,1.00497928413724
9.6,10,0.999155045191016,0.993601370690896,1.00473976161737
9.8,10,0.998948557979195,0.993424565299619,1.00450326712803
10,10,0.998749971328017,0.9932601750835,1.00427010993757
10.2,10,0.998559422736371,0.993107969296994,1.00404080076151
10.4,10,0.998377049786415,0.992967562586668,1.00381600678242
10.6,10,0.998202990154927,0.992838455474412,1.00359651065099
10.8,10,0.998037381624863,0.992720071802426,1.00338317257159
11,10,0.997880362097108,0.992611793885939,1.00317689472616
11.2,10,0.997732069602431,0.992512995912291,1.00297858749763
11.4,10,0.997592642313634,0.992423075882404,1.00278913719679
11.6,10,0.997462218557909,0.99234148613096,1.00260937525609
11.8,10,0.99734093682939,0.992267762204355,1.00244004911133
12,10,0.997228935801916,0.992201549643871,1.00228179522353
12.2,10,0.997126354341988,0.99214262804147,1.00213511487361
12.4,10,0.99703333152194,0.992090931633267,1.00200035346478
12.6,10,0.996950006633308,0.992046565691377,1.00187768407169
12.8,10,0.996876519200419,0.992009818078064,1.00176709587257
13,10,0.99681300899417,0.991981165530242,1.00166838789614
13.2,10,0.996759616046037,0.991961274523708,1.0015811682339
13.4,10,0.996716480662279,0.991950996886679,1.00150485854826
13.6,10,0.996683743438365,0.991951360645227,1.00143870339384
13.8,10,0.996661545273609,0.991963556844549,1.00138178360805
14,10,0.996650027386025,0.991988923265302,1.00133303285173
14.2,10,0.9966493313274,0.992028926025051,1.00129125630987
14.4,10,0.996659598998577,0.992085140019958,1.00125515059728
14.6,10,0.99668097266497,0.992159229034047,1.00122332404197
14.8,10,0.996713594972296,0.992252926143104,1.00119431671933
15,10,0.996757608962534,0.992368014787997,1.00116661986225
15.2,10,0.996813158090102,0.992506310600113,1.00113869456484
15.4,10,0.996880321181298,0.992669429837648,1.00110907507352
15.6,10,0.996958631443422,0.992857157515113,1.00107704848208
15.8,10,0.997047349495779,0.993068255686119,1.00104238701067
16,10,0.997145734018385,0.993301354795989,1.00100499216099
16.2,10,0.997253043693723,0.993554983466238,1.00096486828219
16.4,10,0.997368537137492,0.993827587401438,1.00092210307096
16.6,10,0.997491472834899,0.994117544894039,1.00087685152402
16.8,10,0.997621109082454,0.994423179681325,1.00082932258865
17,10,0.997756703935302,0.994742771761446,1.00077976790424
17.2,10,0.997897515160059,0.995074566661107,1.00072847214249
17.4,10,0.998042800193187,0.995416783560538,1.00067574454041
17.6,10,0.998191816104884,0.99576762261722,1.0006219112848
17.8,10,0.998343819568512,0.996125271784623,1.00056730845209
18,10,0.998498066835553,0.996487913393174,1.00051227523616
18.2,10,0.998653813716104,0.996853730745852,1.00045714721208
18.4,10,0.998810315564923,0.997220914979013,1.00040224938513
18.6,10,0.998966827273018,0.997587672449808,1.00034788876376
18.8,10,0.999122603264791,0.997952232934895,1.00029434617211
19,10,0.999276897500752,0.998312858961375,1.00024186698106
19.2,10,0.999428963485795,0.998667856640595,1.00019065038734
19.4,10,0.999578054283047,0.999015588438509,1.00014083680716
19.6,10,0.999723422533302,0.999354488391613,1.00009249287531
19.8,10,0.999864320480032,0.999683080360999,1.00004559345746
20,10,1,1,1
20.2,10,1.00012971263945,0.999955434477684,1.00030402117545
20.4,10,1.00025270965592,0.999911448184462,1.00059408759709
20.6,10,1.00036824206563,0.999867384701786,1.00086935032084
20.8,10,1.00047556069647,0.999822336652972,1.00112921151743
21,10,1.00057391624663,0.999775096429495,1.00137337432042
21.2,10,1.00066255934881,0.999724102101441,1.00160189754124
21.4,10,1.00074085004246,0.999667407815159,1.00181544493135
21.6,10,1.00080884627911,0.999602954015406,1.00201619329656
21.8,10,1.00086688047678,0.999528888224437,1.00220666379618
22,10,1.00091528608677,0.999443648826615,1.00238909026872
22.2,10,1.00095439690963,0.999346015290937,1.00256536711266
22.4,10,1.00098454706362,0.999235135618698,1.00273702129155
22.6,10,1.0010060709541,0.999110531690621,1.00290520648544
22.8,10,1.0010193032442,0.99897208527662,1.00307071662571
23,10,1.00102457882648,0.99882000925669,1.00323401426494
23.2,10,1.00102223279574,0.998654809383647,1.00339526845098
23.4,10,1.00101260042294,0.998477241659326,1.00355439703389
23.6,10,1.00099601713023,0.998288269426078,1.00371110930377
23.8,10,1.00097281846714,0.998089023016412,1.0038649461167
24,10,1.00094334008779,0.997880763591679,1.00401531587803
24.2,10,1.00090791772936,0.99766485182466,1.00416152572788
24.4,10,1.00086688719154,0.997442721398289,1.00430280795692
24.6,10,1.00082058431721,0.997215856877625,1.00443834209504
24.8,10,1.00076934497418,0.996985775302132,1.00456727332598
25,10,1.0007135050381,0.996754010772368,1.0046887279537
25.2,10,1.00065340037645,0.99652210131217,1.00480182663936
25.4,10,1.00058936683372,0.996291577332091,1.00490569608316
25.6,10,1.00052174021761,0.996063951074233,1.00499947977081
25.8,10,1.00045085628648,0.995840706465371,1.00508234835765
26,10,1.00037705073787,0.995623288834052,1.00515351023473
26.2,10,1.00030065919808,0.99541309395216,1.0052122228163
26.4,10,1.000222017213,0.995211455838079,1.00525780511154
26.6,10,1.00014146024,0.995019632703421,1.0052896521984
26.8,10,1.00005932364091,0.994838790334355,1.00530725230868
27,10,0.999975942676225,0.994669982067363,1.00531020736432
27.2,10,0.999891652500307,0.994514124342624,1.00529825798166
27.4,10,0.999806805012754,0.994371704005167,1.00527161354605
27.6,10,0.999721834664472,0.994241778412564,1.00523209585966
27.8,10,0.999637201063587,0.99412298275232,1.005182005735
28,10,0.999553363669318,0.994013970865783,1.00512362613217
28.2,10,0.99947078178809,0.993913443913684,1.00505919279511
28.4,10,0.999389914578246,0.993820178110224,1.00499086591291
28.6,10,0.999311221056874,0.993733051859194,1.00492070245811
28.8,10,0.999235160108742,0.993651072052065,1.00485062944231
29,10,0.999162190497334,0.993573398898492,1.00478241871834
29.2,10,0.999092770878007,0.993499368356935,1.00471766426134
29.4,10,0.999027359813238,0.993428511036347,1.00465776305759
29.6,10,0.998966415789987,0.99336056637005,1.00460390080004
29.8,10,0.998910397239165,0.993295490932737,1.00455704351937
30,10,0.998859762557201,0.993233459975852,1.00451793607526
30.2,10,0.998814970129721,0.993174861568899,1.00448710812041
30.4,10,0.998776478357328,0.993120283106973,1.00446488777676
30.6,10,0.998744745683493,0.993070490318077,1.00445142289032
30.8,10,0.998720230624551,0.993026399216171,1.00444670941887
31,10,0.998703391801806,0.992989041647088,1.00445062630501
31.2,10,0.998694687975749,0.992959525134938,1.00446297612729
31.4,10,0.998694578082387,0.992938987651279,1.00448353090698
31.6,10,0.998703521271692,0.992928547716863,1.00451208266085
31.8,10,0.998721976948167,0.992929249943541,1.00454849859239
32,10,0.998750404813534,0.992942005783463,1.00459278115456
32.2,10,0.998789264911554,0.992967528936894,1.00464513353282
32.4,10,0.998839017674974,0.993006264656176,1.00470603131124
32.6,10,0.998900123974616,0.993058312171448,1.00477630109624
32.8,10,0.998973045170609,0.993123339788913,1.00485720654753
33,10,0.999058243165773,0.993200493057896,1.00495054142034
33.2,10,0.999156180459065,0.99328829799837,1.00505872762349
33.4,10,0.999266928856422,0.993384179107543,1.00518451582673
33.6,10,0.999389076446449,0.993483622896113,1.00532963312363
33.8,10,0.999520859235074,0.993581914774218,1.00549530259218
34,10,0.999660512611609,0.993674775858965,1.00568230647805
34.2,10,0.999806271194057,0.993758555442581,1.00589079152509
34.4,10,0.999956368705602,0.993830370905656,1.00612012732484
34.6,10,1.00010903788229,0.993888184164221,1.00636882859709
34.8,10,1.00026251041193,0.99393081026503,1.00663454578774
35,10,1.00041501690427,0.99395786209951,1.00691412001464
35.2,10,1.00056478689239,0.993969642720272,1.00720369087848
35.4,10,1.00071004886554,0.993967001235039,1.00749884116491
35.6,10,1.00084903033316,0.99395116886265,1.00779476185439
35.8,10,1.00097995792046,0.993923589006341,1.00808642358528
36,10,1.00110105749524,0.993885750514857,1.00836874540049
36.2,10,1.00121055432628,0.993839028146196,1.00863675676346
36.4,10,1.00130667327304,0.993784529693898,1.00888575338353
36.6,10,1.00138763900693,0.993722945795453,1.00911145083117
36.8,10,1.00145167626393,0.99365439620169,1.00931014216362
37,10,1.00149701012865,0.993578265141363,1.00947886692541
37.2,10,1.00152186634982,0.993493018309912,1.0096155989935
37.4,10,1.00152447168709,0.993395995124449,1.00971945962238
37.6,10,1.00150305428912,0.993283172775121,1.00979095915633
37.8,10,1.00145584410289,0.99314890428383,1.00983226519395
38,10,1.0013810733141,0.992985642670613,1.00984748510037
38.2,10,1.00127697681856,0.992783678808981,1.00984293528039
38.4,10,1.00114179272445,0.992530941800312,1.00982734837619
38.6,10,1.0009737628852,0.992212934440907,1.00981194580893
38.8,10,1.00077113346291,0.991812892993728,1.00981028644378
39,10,1.00053215552198,0.991312253028522,1.00983780960555
39.2,10,1.00025508622371,0.990691453589587,1.00991104131487
39.4,10,0.999938879991068,0.989931987252507,1.01004692907529
39.6,10,0.999584529511945,0.989020554091661,1.0102613413907
39.8,10,0.999193402284676,0.987949126716952,1.01056565380746
40,10,0.99876686788875,0.986714693524213,1.01096625289874
0,11,1.00157966588364,0.991964152073478,1.01128838679774
0.2,11,1.00179916422556,0.992684440637027,1.01099757824249
0.4,11,1.00201116947926,0.993367825290723,1.01072971984707
0.6,11,1.00221515682921,0.994011829045317,1.01048618459892
0.8,11,1.00241060122095,0.994614159011646,1.01026815708984
1,11,1.00259697740424,0.995172806538158,1.01007653394071
1.2,11,1.00277375997893,0.995686164212902,1.00991180739885
1.4,11,1.0029404234437,0.996153152027089,1.00977393981089
1.6,11,1.00309644224741,0.996573339624472,1.00966224204689
1.8,11,1.00324129084323,0.996947047043612,1.00957527346863
2,11,1.00337444374557,0.997275404751808,1.00951078264313
2.2,11,1.00349537558963,0.997560356836683,1.00946570493542
2.4,11,1.00360356119376,0.997804599303748,1.00943622503204
2.6,11,1.00369847562449,0.99801145671863,1.00941790115637
2.8,11,1.00377959426437,0.998184711412382,1.00940583675729
3,11,1.00384639288237,0.998328406493224,1.0093948784275
3.2,11,1.00389834770711,0.998446644983607,1.00937981773238
3.4,11,1.00393497508504,0.998543407568733,1.00935565400508
3.6,11,1.00395640902511,0.998622397244213,1.00931891173687
3.8,11,1.00396327224052,0.998686723120266,1.00926769994369
4,11,1.00395620144137,0.998738810675337,1.00920084774821
4.2,11,1.00393583391807,0.998780476572667,1.00911780142455
4.4,11,1.00390280745493,0.998813007093917,1.00901854467052
4.6,11,1.00385776024777,0.998837233144629,1.00890352238576
4.8,11,1.00380133082554,0.998853599975695,1.00877356981208
5,11,1.00373415797601,0.998862231387887,1.00862984726928
5.2,11,1.00365688067545,0.998862989198765,1.00847377970746
5.4,11,1.00357013802237,0.998855529307535,1.00830699974045
5.6,11,1.00347456917537,0.998839355907328,1.0081312926111
5.8,11,1.00337081329496,0.998813875331017,1.00794854160246
6,11,1.00325950948952,0.998778450702826,1.00776067272264
6.2,11,1.00314129676524,0.998732458011109,1.00756959804811
6.4,11,1.00301681398022,0.998675343433013,1.00737715789467
6.6,11,1.00288669980253,0.998606680781095,1.00718506294601
6.8,11,1.00275159267244,0.99852622691844,1.00699483849335
7,11,1.00261213076861,0.998433972083175,1.00680777384509
7.2,11,1.00246895197844,0.998330181499854,1.00662488052897
7.4,11,1.00232269387239,0.998215424642519,1.00644686292178
7.6,11,1.00217399368239,0.998090589163639,1.00627410429239
7.8,11,1.00202348828434,0.997956877759508,1.00610666998728
8,11,1.00187181418462,0.997815787867658,1.00594432786296
8.2,11,1.0017196075106,0.997669075720284,1.00578658444108
8.4,11,1.00156750400532,0.997518707531593,1.00563273400833
8.6,11,1.00141613902605,0.997366801205595,1.00548191727421
8.8,11,1.00126614754702,0.997215561822568,1.0053331863287
9,11,1.00111816416607,0.99706721338093,1.00518557342266
9.2,11,1.00097282311541,0.996923928030922,1.00503816233465
9.4,11,1.00083073182071,0.996787686191811,1.00489017634597
9.6,11,1.00069219937453,0.996659500123474,1.00474121579635
9.8,11,1.00055734690236,0.996539601875344,1.00459129025714
10,11,1.00042629256548,0.99642793731135,1.00444069197509
10.2,11,1.00029915450489,0.996324229453547,1.00428993787694
10.4,11,1.00017605084579,0.996228028005923,1.0041397195859
10.6,11,1.00005709970238,0.996138753775211,1.00399085857754
10.8,11,0.999942419182691,0.996055739435685,1.0038442650282
11,11,0.999832127393603,0.995978267840333,1.00370089915323
11.2,11,0.99972634244598,0.995905608750422,1.00356173416319
11.4,11,0.999625182459964,0.995837054466551,1.00342772035471
11.6,11,0.999528765570402,0.995771954419947,1.00329975027732
11.8,11,0.999437209932413,0.995709748353218,1.0031786253469
12,11,0.999350633727097,0.995649997327432,1.00306502466882
12.2,11,0.99926915516739,0.995592411490524,1.00295947713584
12.4,11,0.999192892504052,0.995536873385989,1.00286233802163
12.6,11,0.999121964031805,0.995483455613898,1.00277377125788
12.8,11,0.999056488095608,0.995432431893669,1.00269373834561
13,11,0.998996583097079,0.9953842809957,1.00262199443347
13.2,11,0.998942367501052,0.995339683543109,1.0025580915617
13.4,11,0.998893959842287,0.995299512243975,1.0025013885115
13.6,11,0.998851478732314,0.995264816601756,1.00245106621201
13.8,11,0.998815042866428,0.99523680348877,1.00240614732001
14,11,0.998784771030823,0.995216815113133,1.00236551844202
14.2,11,0.998760782109872,0.995206305863232,1.0023279535146
14.4,11,0.998743195093554,0.995206819310217,1.00229213706257
14.6,11,0.998732129085024,0.995219966341672,1.0022566863618
14.8,11,0.998727703308329,0.995247405043958,1.00222017188929
15,11,0.99873003711627,0.995290822589995,1.00218113580373
15.2,11,0.998739249998415,0.995351919045845,1.00213810854315
15.4,11,0.998755417724049,0.995432209222297,1.00208972061741
15.6,11,0.998778248057535,0.99553162426883,1.00203545972288
15.8,11,0.998807264940413,0.995649207724854,1.00197533906283
16,11,0.998841991020076,0.995783883911566,1.00190948974381
16.2,11,0.998881948981054,0.995934486363405,1.00183813459806
16.4,11,0.998926661518852,0.996099775954599,1.00176156965492
16.6,11,0.998975651316077,0.996278455433098,1.00168014923956
16.8,11,0.999028441020846,0.996469181217749,1.00159427384282
17,11,0.999084553227475,0.996670573123669,1.0015043800976
17.2,11,0.999143510459447,0.996881222537948,1.00141093233926
17.4,11,0.999204835154672,0.997099699462557,1.00131441533342
17.6,11,0.999268049653019,0.997324558765532,1.00121532783001
17.8,11,0.999332676186139,0.997554345929094,1.00111417665493
18,11,0.999398236869567,0.997787602550075,1.00101147108397
18.2,11,0.999464253697109,0.998022871831032,1.00090771726065
18.4,11,0.999530248537522,0.998258704298173,1.0008034124219
18.6,11,0.99959574313347,0.998493663994124,1.00069903868357
18.8,11,0.999660259102778,0.998726335420055,1.00059505611127
19,11,0.999723317941966,0.998955331543708,1.00049189476012
19.2,11,0.99978444103208,0.999179303249189,1.00038994530749
19.4,11,0.999843149646814,0.999396950682513,1.00028954782477
19.6,11,0.999898964962914,0.999607037044761,1.00019097813648
19.8,11,0.999951408072888,0.999808405500905,1.00009443109852
20,11,1,1,1
20.2,11,1.00004426171556,0.999907651170773,1.00018089092451
20.4,11,1.00008371415852,0.999817192796458,1.0003503065672
20.6,11,1.00011787825731,0.999728236970169,1.00050767140605
20.8,11,1.00014627495407,0.999640154261421,1.00065265189709
21,11,1.00016842523108,0.999552020735186,1.00078520985177
21.2,11,1.0001838501395,0.999462558653083,1.00090566216708
21.4,11,1.00019215835202,0.999370085323307,1.00101490761077
21.6,11,1.00019351687762,0.999272692125424,1.00111519016519
21.8,11,1.00018831214891,0.999168621533846,1.00120904339808
22,11,1.00017693124589,0.999056400818202,1.00129871844791
22.2,11,1.00015976135031,0.998934904864283,1.00138611970938
22.4,11,1.00013718972247,0.998803391547024,1.00147276904682
22.6,11,1.0001096036796,0.998661508909201,1.00155979823902
22.8,11,1.00007739057571,0.998509277444012,1.00164796635733
23,11,1.00004093778287,0.998347053979127,1.00173769557951
23.2,11,1.00000063267412,0.998175484880473,1.0018291177211
23.4,11,0.999956862607742,0.99799545564699,1.00192212441297
23.6,11,0.999910014913155,0.997808042203896,1.00201641561766
23.8,11,0.999860476878209,0.997614467145445,1.00211154323343
24,11,0.999808635738034,0.997416062392933,1.00220694832018
24.2,11,0.99975487866538,0.997214238458912,1.00230199175642
24.4,11,0.999699592762446,0.997010459746182,1.00239597889858
24.6,11,0.999643165054214,0.996806224947383,1.0024881791768
24.8,11,0.999585982483283,0.996603051510059,1.00257784166235
25,11,0.999528431906199,0.996402463176401,1.0026642075974
25.2,11,0.99947090009128,0.996205979714314,1.00274652077048
25.4,11,0.999413773717943,0.996015108076491,1.00282403650089
25.6,11,0.999357439377522,0.99583133432905,1.00289602989053
25.8,11,0.999302283575587,0.995656115767374,1.00296180392538
26,11,0.999248692735753,0.995490872678213,1.00302069796763
26.2,11,0.999197053204987,0.995336979210868,1.00307209717566
26.4,11,0.999147751260407,0.995195752783844,1.00311544342529
26.6,11,0.999101173117577,0.995068441372736,1.00315024838679
26.8,11,0.999057704940292,0.994956207893753,1.00317610954305
27,11,0.999017732851859,0.994860110705668,1.00319273012619
27.2,11,0.998981642947868,0.994781078988441,1.00319994421448
27.4,11,0.998949752306868,0.994719541552,1.00319795273851
27.6,11,0.998922039552222,0.994674119333142,1.00318810121666
27.8,11,0.998898379753891,0.994642885125343,1.00317208115273
28,11,0.998878648017428,0.994623915128042,1.00315158150674
28.2,11,0.998862719505568,0.994615314953283,1.00312826217131
28.4,11,0.998850469433402,0.994615246472307,1.00310372661788
28.6,11,0.998841773063705,0.994621956027732,1.00307949323937
28.8,11,0.998836505702424,0.994633803846669,1.00305696555396
29,11,0.998834542694319,0.994649293940862,1.00303740198371
29.2,11,0.998835759418767,0.994667103259082,1.00302188644295
29.4,11,0.998840031285711,0.994686108417132,1.00301130141093
29.6,11,0.998847233731778,0.994705408043369,1.00300630545092
29.8,11,0.998857242216538,0.994724338712187,1.00300731720319
30,11,0.998869932218937,0.99474248263711,1.00301450768042
30.2,11,0.998885179233864,0.994759665752102,1.00302780223672
30.4,11,0.998902858768896,0.994775945458205,1.00304689293333
30.6,11,0.998922846341177,0.994791588035502,1.00307126130096
30.8,11,0.998945017474471,0.994807036376823,1.00310021084238
31,11,0.998969247696357,0.99482286916106,1.0031329081574
31.2,11,0.998995412535586,0.994839752766342,1.00316843139012
31.4,11,0.99902338751959,0.994858387103963,1.00320582481738
31.6,11,0.999053048172151,0.994879446169474,1.00324415878227
31.8,11,0.999084270011218,0.994903513539003,1.00328259474452
32,11,0.999116928546885,0.994931012394163,1.00332045586442
32.2,11,0.999150899279522,0.994962129062104,1.0033573041339
32.4,11,0.999186057698061,0.99499672865488,1.00339302547042
32.6,11,0.999222279278437,0.995034261377154,1.00342792420486
32.8,11,0.999259439482187,0.995073658719614,1.00346282774591
33,11,0.999297413755199,0.995113220465103,1.00349920049409
33.2,11,0.999336077526236,0.99515049672334,1.00353926278867
33.4,11,0.999375234138177,0.995182118228721,1.00358601738782
33.6,11,0.999414413599406,0.995203939656832,1.00364270106754
33.8,11,0.999453081068403,0.99521197843947,1.00371225718509
34,11,0.999490701621406,0.995202846658966,1.00379703090819
34.2,11,0.999526740256581,0.995174006290007,1.00389851239423
34.4,11,0.999560661901055,0.995123940024438,1.0040171647318
34.6,11,0.999591931420815,0.995052217086475,1.00415235723731
34.8,11,0.999620013633475,0.994959451565495,1.00430240657984
35,11,0.999644373323901,0.994847170392728,1.00446470860811
35.2,11,0.999664475262706,0.994717621442708,1.00463593039888
35.4,11,0.999679784227607,0.994573555416413,1.00481222887023
35.6,11,0.999689765027651,0.994418009320013,1.00498946814571
35.8,11,0.999693882530298,0.994254108793441,1.00516341841553
36,11,0.999691601691373,0.994084895711124,1.00532992987219
36.2,11,0.999682387587875,0.99391317907905,1.00548508369654
36.4,11,0.999665705453646,0.993741402023546,1.00562532729864
36.6,11,0.999641020717898,0.993571515099487,1.0057476035853
36.8,11,0.999607799046589,0.993404845333026,1.00584948483898
37,11,0.999565506386658,0.993241950614506,1.00592932159165
37.2,11,0.999513609013091,0.993082449957633,1.00598641597683
37.4,11,0.99945157357884,0.992924821963874,1.00602122721992
37.6,11,0.999378867167572,0.992766167407614,1.00603561335009
37.8,11,0.99929495734924,0.992601938688205,1.00603310638636
38,11,0.999199312238489,0.992425651059489,1.00601920608562
38.2,11,0.999091400555857,0.992228610084741,1.00600165780285
38.4,11,0.998970691691793,0.991999716870807,1.00599065290776
38.6,11,0.998836655773461,0.99172544211964,1.00599886071729
38.8,11,0.998688763734331,0.991390076943705,1.00604118399487
39,11,0.998526487386534,0.990976347515737,1.00613415094315
39.2,11,0.998349299689403,0.990466398879941,1.00629493874545
39.4,11,0.998156908823841,0.989843516526207,1.00654012275524
39.6,11,0.99794971271356,0.989095383065596,1.00688330585305
39.8,11,0.997728235637833,0.98821507865956,1.00733297202796
40,11,0.99749300204672,0.987200709067988,1.00789259974453
0,12,1.00273702115899,0.991833237158037,1.01376067662733
0.2,12,1.00280515764258,0.992497177400024,1.01322019557668
0.4,12,1.00287180562983,0.993125641187115,1.01271361529346
0.6,12,1.0029368618718,0.993716124626725,1.01224315875835
0.8,12,1.0030002231001,0.994266292433186,1.01181087521024
1,12,1.00306178602858,0.994774094228679,1.01141852449522
1.2,12,1.00312144735511,0.995237906931163,1.01106743536991
1.4,12,1.00317910376352,0.995656696155168,1.01075834483309
1.6,12,1.00323465192558,0.996030181933744,1.0104912331775
1.8,12,1.00328798850312,0.996358986460131,1.01026517706317
2,12,1.00333901015024,0.996644736898491,1.01007824756296
2.2,12,1.00338761351569,0.996890097836806,1.00992747860709
2.4,12,1.00343369524521,0.997098717306018,1.0098089219028
2.6,12,1.00347715198416,0.997275085881815,1.00971778881236
2.8,12,1.00351788038012,0.997424325331165,1.00964866272762
3,12,1.00355577708565,0.997551935535306,1.00959575320912
3.2,12,1.00359073876115,0.997663531986336,1.00955315959263
3.4,12,1.00362266643535,0.997764561422356,1.00951516572899
3.6,12,1.00365152908096,0.9978594393736,1.00947723905773
3.8,12,1.00367734941914,0.997951295462414,1.00943625837998
4,12,1.00370015166843,0.998042399677265,1.00938997660319
4.2,12,1.00371996007695,0.998134269286597,1.00933690912841
4.4,12,1.00373679892172,0.998227765349269,1.00927623582692
4.6,12,1.00375069250789,0.998323184571118,1.00920770776539
4.8,12,1.00376166516801,0.998420343883843,1.00913156130369
5,12,1.00376974126139,0.998518657396,1.0090484399155
5.2,12,1.00377494517329,0.998617206801178,1.00895932264689
5.4,12,1.00377730131432,0.998714807155952,1.0088654573002
5.6,12,1.00377683411968,0.998810070326844,1.00876829604412
5.8,12,1.00377356804847,0.998901468439597,1.00866943111685
6,12,1.00376752758304,0.998987399365133,1.00857052858772
6.2,12,1.00375873722829,0.999066255620173,1.00847325879974
6.4,12,1.003747221511,0.999136497018232,1.008379223157
6.6,12,1.00373300497915,0.999196725998045,1.00828987833016
6.8,12,1.00371611220127,0.999245762904924,1.00820646060452
7,12,1.0036965677658,0.999282716870807,1.00812991472471
7.2,12,1.00367439628039,0.99930704672188,1.00806083280745
7.4,12,1.00364962237132,0.999318605964573,1.00799940927129
7.6,12,1.00362227068281,0.999317666661911,1.00794541697149
7.8,12,1.00359236587639,0.999304918920477,1.0078982078197
8,12,1.0035599326303,0.999281445399745,1.00785673847676
8.2,12,1.00352499563885,0.999248673075227,1.00781961888694
8.4,12,1.00348757961182,0.999208306713086,1.00778517919622
8.6,12,1.00344770927382,0.999162249618933,1.00775154949149
8.8,12,1.00340540936371,0.999112517037237,1.00771674698459
9,12,1.00336070463399,0.999061146281962,1.00767876656019
9.2,12,1.00331361985022,0.999010105666235,1.00763567261977
9.4,12,1.00326418518003,0.99896115829145,1.00758574736426
9.6,12,1.00321249151976,0.998915294770767,1.00752817422047
9.8,12,1.00315866803468,0.998872804298931,1.0074629211268
10,12,1.00310284447519,0.998833619370356,1.00739031714662
10.2,12,1.00304515057536,0.998797392119757,1.00731097420819
10.4,12,1.00298571605049,0.998763556938497,1.00722572385894
10.6,12,1.0029246705947,0.998731386195595,1.00713556096303
10.8,12,1.00286214387882,0.998700041141039,1.00704159226443
11,12,1.00279826554837,0.998668619710426,1.00694498809666
11.2,12,1.00273316522176,0.99863620247259,1.00684693599744
11.4,12,1.00266697248856,0.998601897401787,1.00674859554656
11.6,12,1.0025998169081,0.998564883544088,1.00665105435763
11.8,12,1.00253182800807,0.998524453027276,1.006555285774
12,12,1.00246313528338,0.99848005029966,1.00646210938374
12.2,12,1.00239386819519,0.998431307058804,1.00637215589247
12.4,12,1.00232415617005,0.998378071132327,1.00628583809194
12.6,12,1.00225412859929,0.998320427663788,1.00620332957127
12.8,12,1.00218391483846,0.998258711352908,1.00612455242164
13,12,1.00211364420709,0.998193509151885,1.00604917453256
13.2,12,1.00204344598844,0.998125653616909,1.0059766162806
13.4,12,1.00197344942961,0.998056207908299,1.00590606561722
13.6,12,1.00190378374163,0.997986444078382,1.00583649991639
13.8,12,1.00183457809986,0.99791781667914,1.00576671255007
14,12,1.00176596164446,0.997851933821881,1.00569534205921
14.2,12,1.0016980634811,0.997790527653878,1.00562090195533
14.4,12,1.00163101268179,0.997735425853375,1.00554180955121
14.6,12,1.00156493828588,0.997688525274397,1.00545641268923
14.8,12,1.00149996930126,0.997651768378096,1.00536301373076
15,12,1.00143623470566,0.997627122624809,1.00525989063212
15.2,12,1.00137386344821,0.997616562594139,1.0051453153401
15.4,12,1.00131296403459,0.997621869903195,1.00501771481917
15.6,12,1.00125347361194,0.997643224345334,1.00487678756885
15.8,12,1.00119524375355,0.99767989636777,1.00472297754431
16,12,1.00113812543959,0.997731021443611,1.00455686419221
16.2,12,1.00108196968822,0.997795632468185,1.00437913078038
16.4,12,1.00102662755411,0.997872680837485,1.00419054285698
16.6,12,1.00097195012703,0.997961053213647,1.00399193106247
16.8,12,1.00091778853084,0.998059585030503,1.00378417724113
17,12,1.00086399392256,0.998167071546336,1.00356820304517
17.2,12,1.00081041749172,0.998282277069518,1.00334496040562
17.4,12,1.00075691045994,0.998403942850481,1.0031154233766
17.6,12,1.00070332408072,0.998530794039044,1.00288058095386
17.8,12,1.0006495096394,0.998661546041072,1.00264143053366
18,12,1.00059531845347,0.998794910567021,1.00239897171945
18.2,12,1.00054060187294,0.99892960164339,1.00215420020523
18.4,12,1.00048521128105,0.999064341854252,1.00190810146852
18.6,12,1.00042899809517,0.999197869093281,1.00166164399243
18.8,12,1.00037181376788,0.999328944137406,1.00141577170574
19,12,1.00031350978833,0.999456359403087,1.00117139527999
19.2,12,1.00025393768377,0.999578949317582,1.00092938185117
19.4,12,1.00019294902135,0.999695602833299,1.00069054263794
19.6,12,1.00013039541008,0.999805278736056,1.00045561780555
19.8,12,1.00006612850309,0.999907024548171,1.00022525777443
20,12,1,1,1
20.2,12,0.99993186164964,0.999780240070679,1.00008350622276
20.4,12,0.999861565252877,0.999566195823321,1.0001570219634
20.6,12,0.999788962665729,0.999357863134591,1.00022024816309
20.8,12,0.99971390580267,0.999154962251306,1.00027316203616
21,12,0.999636246640167,0.998956874200748,1.00031608110845
21.2,12,0.999555837220422,0.99876256830732,1.00034973618874
21.4,12,0.999472591309749,0.998570493456097,1.00037550410891
21.6,12,0.999386815917602,0.998378541978579,1.00039610812404
21.8,12,0.999298972411073,0.998184652169137,1.00041453662084
22,12,0.999209522377153,0.997987077765437,1.00043346437382
22.2,12,0.999118927247188,0.997784469030283,1.00045517019696
22.4,12,0.999027648290525,0.997575921696388,1.00048148751595
22.6,12,0.998936146610291,0.997360991344416,1.00051378955528
22.8,12,0.998844883141304,0.99713967609765,1.00055300625693
23,12,0.998754318650109,0.996912375216646,1.00059966534719
23.2,12,0.998664913737135,0.99667983328618,1.00065394785933
23.4,12,0.998577128840986,0.996443079174436,1.00071574893215
23.6,12,0.99849142424485,0.996203366771593,1.00078473687702
23.8,12,0.998408260085028,0.995962121832659,1.00086040618872
24,12,0.998328096361594,0.995720896879109,1.00094212254538
24.2,12,0.99825139295116,0.995481334417751,1.00102915953897
24.4,12,0.998178609621775,0.995245137730387,1.0011207278828
24.6,12,0.998110206049932,0.995014048022032,1.00121599830818
24.8,12,0.998046641839701,0.994789826598976,1.00131411947888
25,12,0.997988376543971,0.994574240821162,1.00141423217893
25.2,12,0.997935869687819,0.994369052725454,1.00151548087704
25.4,12,0.997889580793992,0.994176009380767,1.00161702360676
25.6,12,0.997849969410508,0.993996834177508,1.00171804095982
25.8,12,0.997817495140377,0.993833218355928,1.0018177448881
26,12,0.997792617673443,0.99368681213444,1.00191538795317
26.2,12,0.997775796820353,0.993559214806957,1.00201027365432
26.4,12,0.997767492548643,0.993451963135022,1.00210176850947
26.6,12,0.997768165020959,0.993366517260972,1.00218931666261
26.8,12,0.997778274635402,0.993304243203665,1.00227245795654
27,12,0.997798282068013,0.993266390754887,1.00235085065268
27.2,12,0.997828648317397,0.99325406525339,1.00242430032131
27.4,12,0.997869648092982,0.993267692572236,1.00249292515149
27.6,12,0.997920640844553,0.993305091057638,1.00255763751624
27.8,12,0.997980705892373,0.993363280647303,1.00261959419764
28,12,0.998048922527848,0.993439275807225,1.00267995841981
28.2,12,0.998124370005879,0.993530113423614,1.00273987123212
28.4,12,0.998206127473845,0.993632882245767,1.00280042129269
28.6,12,0.998293273909086,0.993744754710824,1.0028626123638
28.8,12,0.998384888064887,0.993863021146967,1.00292732852261
29,12,0.998480048424963,0.993985125677999,1.00299529776433
29.2,12,0.998577833166453,0.994108702461671,1.00306705536546
29.4,12,0.998677320131423,0.994231610251468,1.00314290901757
29.6,12,0.998777586806875,0.994351962777841,1.0032229082356
29.8,12,0.998877710313287,0.994468152214013,1.00330682077589
30,12,0.998976767401672,0.994578863113906,1.00339411867634
30.2,12,0.999073834459165,0.99468307471374,1.00348397602744
30.4,12,0.999167987523154,0.994780050314469,1.00357527975704
30.6,12,0.999258302303944,0.994869313462231,1.00366665371197
30.8,12,0.999343854215981,0.994950611616529,1.00375649534669
31,12,0.999423718417616,0.995023868739247,1.00384302358625
31.2,12,0.999496969859433,0.995089128605073,1.00392433606283
31.4,12,0.999562683341127,0.995146490568592,1.00399847399075
31.6,12,0.999619933576952,0.995196039060992,1.004063493407
31.8,12,0.999667795269716,0.995237767337717,1.00411754225592
32,12,0.99970534319334,0.995271495104796,1.00415894369012
32.2,12,0.999731652283965,0.995296778782912,1.00418628682855
32.4,12,0.999745797739604,0.995312812511641,1.00419852686897
32.6,12,0.999746855128336,0.995318317790275,1.00419509665811
32.8,12,0.999733900505011,0.995311420242072,1.0041760312324
33,12,0.999706010536482,0.99528951389357,1.00414210493696
33.2,12,0.999662262637295,0.995249117300566,1.00409497679496
33.4,12,0.999602105863145,0.995186097197967,1.00403770999151
33.6,12,0.999526396040023,0.995097011857201,1.00397549633495
33.8,12,0.999436322648462,0.994978929744917,1.00391368416733
34,12,0.999333075396196,0.99482954863621,1.0038569893203
34.2,12,0.999217844054524,0.994647508730477,1.00380917974784
34.4,12,0.999091818308801,0.994432612226935,1.00377285412658
34.6,12,0.99895618762307,0.994185919107958,1.0037493446757
34.8,12,0.998812141118832,0.993909711263536,1.00373875206242
35,12,0.998660867467966,0.993607343237219,1.00374009411257
35.2,12,0.998503554799777,0.993283016859241,1.00375153105943
35.4,12,0.998341390622196,0.99294152260523,1.00377062449197
35.6,12,0.998175561757084,0.992587983659108,1.00379459402287
35.8,12,0.998007254289669,0.992227625131606,1.00382054922397
36,12,0.997837653532062,0.991865576887324,1.00384568837545
36.2,12,0.997667944000878,0.991506707748569,1.00386746625958
36.4,12,0.997499309408905,0.991155482465478,1.00388373960883
36.6,12,0.99733293267084,0.990815830021249,1.00389290163893
36.8,12,0.997169995923055,0.990491011299593,1.00389401763932
37,12,0.997011680557377,0.990183474830908,1.00388697290428
37.2,12,0.996859167268878,0.9898946907443,1.00387264287762
37.4,12,0.996713636117657,0.989624955277389,1.00385309315934
37.6,12,0.996576266604586,0.989373161929727,1.00383181328915
37.8,12,0.996448237761045,0.989136541870828,1.00381398169673
38,12,0.996330728252597,0.988910387265782,1.00380674815741
38.2,12,0.996224916496634,0.988687788399713,1.00381950287373
38.4,12,0.996131980793974,0.988459438961622,1.0038640778249
38.6,12,0.996053099474418,0.988213589409616,1.00395480046506
38.8,12,0.995989451056284,0.987936244203866,1.00410830398757
39,12,0.995942214419912,0.987611684901867,1.00434301216495
39.2,12,0.995912568662531,0.987223337601093,1.0046782796182
39.4,12,0.995901290791325,0.986754714689253,1.00513264972052
39.6,12,0.995907973630093,0.986191378655529,1.00572030277953
39.8,12,0.995931994125971,0.985523758492459,1.00645015239511
40,12,0.995972730093544,0.984747345362314,1.00732607583219
0,13,1.00463970061893,0.987629284102653,1.0219430957606
0.2,13,1.00452183165082,0.988380042876788,1.0209272410298
0.4,13,1.00440964959937,0.989087812780731,1.01996883509471
0.6,13,1.0043035436582,0.989749821077545,1.01907127066346
0.8,13,1.00420390296133,0.990363571146645,1.01823765342581
1,13,1.00411111660754,0.990926989607474,1.01747065633386
1.2,13,1.00402557368628,0.99143859925323,1.01677234815686
1.4,13,1.00394766330497,0.991897708083074,1.01614400602194
1.6,13,1.003877774618,0.992304597267392,1.01558592910602
1.8,13,1.00381629685703,0.992660684039069,1.0150972774863
2,13,1.003763619363,0.992968631895707,1.01467596376451
2.2,13,1.00372013161953,0.99323238271755,1.01431862286031
2.4,13,1.00368622328792,0.993457094615801,1.01402067615971
2.6,13,1.0036622842436,0.993648984066285,1.01377649146359
2.8,13,1.00364870461416,0.993815087079568,1.01357962398596
3,13,1.00364587481891,0.993962966702552,1.01342311110718
3.2,13,1.00365418560995,0.994100399254999,1.0132997884794
3.4,13,1.00367399069995,0.994234982140082,1.01320261075427
3.6,13,1.00370506095403,0.994372493467338,1.01312521816839
3.8,13,1.00374670629637,0.994516646724171,1.01306242959275
4,13,1.00379822428724,0.994670041307804,1.01301017748298
4.2,13,1.00385891264809,0.994834297109439,1.01296539477082
4.4,13,1.00392806919487,0.995010169798389,1.01292589634692
4.6,13,1.00400499177623,0.995197665738417,1.01289026111577
4.8,13,1.00408897821675,0.995396152167042,1.01285771899104
5,13,1.00417932626495,0.995604460960531,1.01282804450783
5.2,13,1.00427533354631,0.995820986093108,1.01280145694303
5.4,13,1.00437629752117,0.996043775950484,1.01277852578286
5.6,13,1.00448151544757,0.996270622133817,1.01276007990159
5.8,13,1.00459028434901,0.996499146407299,1.01274711879777
6,13,1.00470190098706,0.996726887076628,1.01274072460072
6.2,13,1.00481566183899,0.996951385391112,1.01274197425467
6.4,13,1.00493086308027,0.997170271598782,1.01275185225096
6.6,13,1.00504680057202,0.997381349145762,1.01277116541752
6.8,13,1.00516276985335,0.997582674345782,1.01280046243972
7,13,1.00527806613871,0.997772627855508,1.01283996177728
7.2,13,1.00539198432012,0.997949973704613,1.01288949222853
7.4,13,1.00550381897434,0.998113901644638,1.0129484503783
7.6,13,1.00561286437504,0.998264049294054,1.01301577845231
7.8,13,1.0057184145099,0.998400501906312,1.01308996475166
8,13,1.00581976310262,0.998523769339049,1.01316906708937
8.2,13,1.00591620363994,0.998634741599292,1.01325075785457
8.4,13,1.00600702940362,0.99873462579872,1.01333238787044
8.6,13,1.00609153350736,0.998824868173883,1.01341106539107
8.8,13,1.00616900893867,0.998907064863632,1.01348374654535
9,13,1.00623874860574,0.998982864414257,1.01354733425715
9.2,13,1.00630004538927,0.999053863653608,1.01359878400065
9.4,13,1.00635223668078,0.999121480937869,1.01363532222504
9.6,13,1.00639516113335,0.999186645316931,1.01365568194855
9.8,13,1.00642897354837,0.999249719041752,1.01365980845005
10,13,1.00645383394057,0.999310648197824,1.01364807998439
10.2,13,1.00646990258232,0.99936904640821,1.01362121274897
10.4,13,1.00647733998951,0.999424268302012,1.01358018615398
10.6,13,1.00647630690763,0.999475476015911,1.01352617515379
10.8,13,1.0064669642981,0.999521700464631,1.01346048790392
11,13,1.00644947332487,0.999561898831181,1.01338450729302
11.2,13,1.00642399534123,0.999595009326285,1.01329963530059
11.4,13,1.00639069187692,0.99962000379091,1.01320723960658
11.6,13,1.00634972462543,0.999635938202116,1.01310860239292
11.8,13,1.00630125543161,0.999642000630483,1.01300487178866
12,13,1.00624544627952,0.999637555736932,1.01289701687112
12.2,13,1.0061824592805,0.999622184545418,1.01278578748645
12.4,13,1.00611245666152,0.999595718043521,1.01267168033768
12.6,13,1.00603560075382,0.999558263189325,1.01255491276189
12.8,13,1.00595205398171,0.999510220156668,1.01243540536425
13,13,1.00586197885176,0.999452290109348,1.01231277421846
13.2,13,1.00576553794214,0.9993854733962,1.01218633274151
13.4,13,1.00566289389223,0.999311058710689,1.012055102699
13.6,13,1.00555420939257,0.999230604358102,1.01191783319794
13.8,13,1.00543964717498,0.999145913229966,1.01177302606719
14,13,1.00531937000298,0.999059003340204,1.01161896577096
14.2,13,1.00519354066246,0.998972075812502,1.01145375196572
14.4,13,1.00506232195264,0.998887482043548,1.01127533297568
14.6,13,1.00492587667722,0.998807691448379,1.01108153878055
14.8,13,1.00478436763588,0.998735260777978,1.01087011252511
15,13,1.00463795761598,0.998672805534325,1.01063874002537
15.2,13,1.00448680938455,0.998622973523423,1.01038507723045
15.4,13,1.00433109030055,0.998588203033707,1.0101070049495
15.6,13,1.00417100645246,0.998569047934551,1.00980439188
15.8,13,1.00400678322264,0.998564965085608,1.00947825730162
16,13,1.00383864604358,0.99857522290029,1.00912981233785
16.2,13,1.00366682024564,0.998598943439806,1.00876041646115
16.4,13,1.00349153104863,0.998635130961756,1.00837154799122
16.6,13,1.00331300355371,0.998682695081558,1.00796478006236
16.8,13,1.00313146273601,0.998740469776426,1.00754176083017
17,13,1.00294713343758,0.998807229202632,1.00710419694668
17.2,13,1.00276024036092,0.998881701099236,1.00665383953089
17.4,13,1.00257100806305,0.998962578403415,1.00619247200934
17.6,13,1.00237966094997,0.999048529594119,1.00572189930991
17.8,13,1.00218642327174,0.99913820820461,1.00524393796831
18,13,1.00199151911799,0.99923026189485,1.004760406756
18.2,13,1.00179517241396,0.99932334144816,1.00427311746523
18.4,13,1.00159760691702,0.99941611005074,1.0037838654922
18.6,13,1.00139904621374,0.999507253226658,1.00329441984587
18.8,13,1.00119971371736,0.999595489835091,1.00280651217533
19,13,1.00099983266588,0.99967958459187,1.00232182435355
19.2,13,1.00079962612057,0.999758362655565,1.00184197407723
19.4,13,1.00059931696498,0.999830726920999,1.00136849783963
19.6,13,1.00039912790449,0.999895678790791,1.00090283050565
19.8,13,1.00019928146631,0.999952343345879,1.00044628056808
20,13,1,1,1
20.2,13,0.999801505678484,0.999564947461433,1.00003811987968
20.4,13,0.999604020499549,0.999141843512385,1.00006641127775
20.6,13,0.999407766287842,0.998731116505576,1.00008487450674
20.8,13,0.999212964697358,0.998332838113125,1.00009386719797
21,13,0.999019837214425,0.997946648183754,1.00009418034957
21.2,13,0.99882860516117,0.997571670111243,1.00008712394264
21.4,13,0.998639522855992,0.997206324376264,1.00007478114805
21.6,13,0.998453055865412,0.996847984521645,1.00006071160927
21.8,13,0.99826975246505,0.996493955233805,1.00004871424716
22,13,0.998090160750918,0.996141937059936,1.00004219471773
22.2,13,0.997914828460908,0.995790111963636,1.00004407846393
22.4,13,0.997744302996702,0.995437195146038,1.00005675799198
22.6,13,0.997579131448691,0.995082452518031,1.00008207458958
22.8,13,0.997419860623896,0.994725686471121,1.00012133183803
23,13,0.997267037076891,0.994367196344165,1.00017533452089
23.2,13,0.997121207143718,0.994007722018636,1.00024444449648
23.4,13,0.996982916978811,0.993648379140704,1.00032864503554
23.6,13,0.996852712594908,0.993290593073089,1.00042760652089
23.8,13,0.996731139905963,0.99293603659806,1.00054074848771
24,13,0.996618744773055,0.99258657429184,1.00066729508371
24.2,13,0.996516073053301,0.992244214767416,1.00080632275225
24.4,13,0.99642367065176,0.991911070774711,1.00095680014911
24.6,13,0.996342083576353,0.991589326420417,1.00111762103052
24.8,13,0.996271857995778,0.991281210412921,1.001287631207
25,13,0.996213540300448,0.990988974125708,1.00146565076925
25.2,13,0.996167677166436,0.990714873300282,1.00165049276533
25.4,13,0.996134815622457,0.990461152300544,1.00184097941692
25.6,13,0.996115503119864,0.990230029935122,1.00203595685818
25.8,13,0.996110287605699,0.9900236859528,1.00223430929229
26,13,0.996119717598786,0.989844247372023,1.00243497340462
26.2,13,0.996144342268881,0.989693773818963,1.00263695385823
26.4,13,0.9961847115189,0.98957424101338,1.00283934073278
26.6,13,0.996241376070229,0.989487521451196,1.003041329858
26.8,13,0.996314887551132,0.989435361180088,1.003242247146
27,13,0.996405798588274,0.989419351339817,1.00344157825083
27.2,13,0.996514662901382,0.989440892831027,1.00363900519224
27.4,13,0.996641710094977,0.989500429689733,1.00383452952365
27.6,13,0.996785574961887,0.989594658784444,1.00402874412495
27.8,13,0.99694440378442,0.989719140314518,1.00422241396809
28,13,0.997116342266863,0.989869443928948,1.00441629561707
28.2,13,0.997299535399155,0.990041187086964,1.0046110972755
28.4,13,0.99749212722985,0.99023007328591,1.00480743892561
28.6,13,0.997692260673633,0.990431930939139,1.00500581202408
28.8,13,0.997898077353406,0.990642752679003,1.00520653897954
29,13,0.998107717476978,0.990858734205217,1.00540973329179
29.2,13,0.998319319748403,0.991076311230185,1.00561526180141
29.4,13,0.998531021314008,0.991292192634464,1.00582271093712
29.6,13,0.998740957743155,0.991503387694242,1.00603135909942
29.8,13,0.998947263043801,0.991707225228595,1.00624015733341
30,13,0.999148069712895,0.991901362759705,1.00644772019821
30.2,13,0.999341508821662,0.992083784263957,1.00665232825562
30.4,13,0.999525710135831,0.992252785747385,1.0068519429452
30.6,13,0.999698802270833,0.992406948598583,1.00704423389319
30.8,13,0.999858912882009,0.992545101332035,1.00722661804278
31,13,1.00000416888986,0.992666270821675,1.00739630950626
31.2,13,1.00013269674032,0.992769624360215,1.00755037880383
31.4,13,1.00024262270013,0.992854403835269,1.00768582019809
31.6,13,1.00033207318716,0.992919853009454,1.00779962613698
31.8,13,1.00039917513582,0.992965138389817,1.0078888683195
32,13,1.00044205639738,0.992989263560313,1.00795078551
32.2,13,1.00045884617517,0.992990976235519,1.00798287884215
32.4,13,1.00044767549462,0.992968666796746,1.00798301585025
32.6,13,1.00040667770791,0.992920256844941,1.00794954469225
32.8,13,1.00033398903323,0.992843076552691,1.00788141978048
33,13,1.00022774912841,0.99273373060724,1.00777833902603
33.2,13,1.00008610170341,0.992587954701845,1.00764089074682
33.4,13,0.999908091317295,0.992401317161758,1.00747164860809
33.6,13,0.999696164770648,0.992171878368974,1.00727751274309
33.8,13,0.999453575486401,0.991898543709524,1.00706615196431
34,13,0.999183576780049,0.991580697810244,1.00684475031807
34.2,13,0.998889420917676,0.991218484189211,1.00661972222744
34.4,13,0.99857435827954,0.990813023381532,1.00639649003627
34.6,13,0.99824163662922,0.990366550177549,1.00617934331641
34.8,13,0.997894500488307,0.989882458209434,1.00597139170045
35,13,0.99753619061653,0.989365252031846,1.00577461109146
35.2,13,0.997169943597161,0.988820419194058,1.0055899707492
35.4,13,0.996798991527509,0.988254243710698,1.00541761984189
35.6,13,0.996426561814269,0.987673585580246,1.00525710881061
35.8,13,0.996055877073484,0.98708564865895,1.00510762323465
36,13,0.995690155134839,0.986497753098108,1.00496821398623
36.2,13,0.99533260915003,0.985917121080822,1.00483801493513
36.4,13,0.994986447804942,0.985350677689304,1.00471644636922
36.6,13,0.994654875635373,0.984804863456682,1.00460340757521
36.8,13,0.994341093446099,0.98428545178274,1.00449946539881
37,13,0.994048298833064,0.983797362752825,1.00440604724529
37.2,13,0.993779686808561,0.983344464740787,1.00432564714101
37.4,13,0.993538450529298,0.982929356427082,1.00426205222754
37.6,13,0.993327782127312,0.982553124783879,1.00422059414141
37.8,13,0.99315087364376,0.982215079822201,1.00420842449081
38,13,0.993010918065712,0.981912475429188,1.00423480511
38.2,13,0.992911110466127,0.981640238405308,1.00431139099253
38.4,13,0.992854649247328,0.981390745016111,1.00445246660223
38.6,13,0.992844737488386,0.981153703985891,1.00467507665094
38.8,13,0.992884584396911,0.980916220848625,1.0049989764469
39,13,0.992977406865941,0.980663119848871,1.00544632564357
39.2,13,0.993126430181,0.980377571432369,1.00604107546344
39.4,13,0.993333733146282,0.980041070044464,1.00680668960288
39.6,13,0.993597999828306,0.979634010982439,1.00776103544297
39.8,13,0.993917299321341,0.979140839717739,1.00891675417707
40,13,0.994289707547153,0.978551229169055,1.01028131493299
0,14,1.00691889678167,0.981672728346559,1.03281433355464
0.2,14,1.00659707545519,0.982583886528939,1.03119711833897
0.4,14,1.0062887759367,0.983440050585971,1.02966835647259
0.6,14,1.00599491078081,0.984237911286042,1.02823285804398
0.8,14,1.00571639205682,0.984974575870209,1.02689499407452
1,14,1.00545413148468,0.985647759890415,1.02565850769245
1.2,14,1.00520904057923,0.986256006977097,1.02452629754748
1.4,14,1.0049820308028,0.986798923335219,1.02350018666714
1.6,14,1.00477401372617,0.987277405568089,1.02258069815594
1.8,14,1.00458590119779,0.987693833394435,1.02176686617254
2,14,1.00441860552147,0.988052195686927,1.02105611375753
2.2,14,1.00427303964241,0.98835812152318,1.02044422582201
2.4,14,1.0041501173417,0.988618798534054,1.01992543501349
2.6,14,1.0040507534392,0.988842777074351,1.01949262193582
2.8,14,1.003975864005,0.989039676431935,1.01913761350903
3,14,1.00392636657936,0.989219823250339,1.01885154929631
3.2,14,1.00390318040128,0.989393858619917,1.01862527934587
3.4,14,1.00390714415995,0.989572207744721,1.01844973636868
3.6,14,1.00393781284043,0.989762536863874,1.01831610564326
3.8,14,1.00399372652643,0.989969498826624,1.01821662596593
4,14,1.00407339917994,0.990196283895439,1.01814499542922
4.2,14,1.00417534604939,0.990444795094706,1.01809624383658
4.4,14,1.0042980833287,0.990715792539101,1.01806658152963
4.6,14,1.00444012783835,0.991009040617458,1.01805324579411
4.8,14,1.00459999672855,0.991323451865095,1.01805435100746
5,14,1.00477620720442,0.991657224604192,1.01806874544483
5.2,14,1.00496727627312,0.992007973651848,1.01809587544128
5.4,14,1.00517172051295,0.992372854739883,1.01813565626379
5.6,14,1.00538805586437,0.99274868392774,1.01818834841015
5.8,14,1.00561479744301,0.993132053365124,1.0182544379771
6,14,1.00585045937457,0.993519444389273,1.01833452011195
6.2,14,1.00609355465173,0.993907338221251,1.01842918528329
6.4,14,1.00634259501299,0.994292323557785,1.01853890907429
6.6,14,1.00659609084361,0.994671199265076,1.01866394729261
6.8,14,1.00685255109845,0.995041069326918,1.01880423924532
7,14,1.00711048324703,0.99539942636667,1.01895932286026
7.2,14,1.00736839324058,0.995744219636371,1.01912826576156
7.4,14,1.00762478550132,0.996073903487986,1.01930961628575
7.6,14,1.00787816293387,0.99638746306099,1.01950137770529
7.8,14,1.00812702695893,0.996684415161116,1.01970100768634
8,14,1.00836987756919,0.996964783864494,1.01990544344754
8.2,14,1.00860521340755,0.997229051968876,1.02011115149966
8.4,14,1.00883153186771,0.997478090719388,1.02031419953951
8.6,14,1.00904732921707,0.997713071006233,1.02051034730178
8.8,14,1.00925110074205,0.997935359322527,1.0206951530814
9,14,1.00944134091585,0.998146401164848,1.02086409324407
9.2,14,1.00961654358855,0.998347593345365,1.02101269325649
9.4,14,1.00977528958659,0.998540153839052,1.02113683815266
9.6,14,1.00991714427298,0.998725024472435,1.021234687531
9.8,14,1.01004229437144,0.998902648493428,1.02130616828156
10,14,1.01015093724858,0.999072954538465,1.02135175553379
10.2,14,1.01024327117463,0.999235456612019,1.02137235043081
10.4,14,1.01031949529079,0.99938934563821,1.02136918611314
10.6,14,1.01037980957691,0.999533573034703,1.02134374186271
10.8,14,1.01042441481952,0.999666928073399,1.02129766364384
11,14,1.01045351258022,0.999788110503662,1.02123268956594
11.2,14,1.01046730516432,0.999895799499882,1.02115057920709
11.4,14,1.01046599558995,0.999988719504469,1.02105304622791
11.6,14,1.01044978755745,1.00006570301091,1.02094169423162
11.8,14,1.01041888541912,1.00012574981186,1.02081795634567
12,14,1.01037349414938,1.00016808177319,1.02068303946449
12.2,14,1.01031381931522,1.00019219184021,1.02053787444722
12.4,14,1.01024006704712,1.000197885789,1.02038307375775
12.6,14,1.01015244401027,1.00018531524372,1.02021889802619
12.8,14,1.01005115737618,1.00015500070634,1.02004523278538
13,14,1.00993641479473,1.0001078437724,1.01986157620872
13.2,14,1.00980842436652,1.00004512828387,1.01966703809805
13.4,14,1.00966739461573,0.999968510820046,1.01946034972052
13.6,14,1.00951353446322,0.999880001554969,1.01923988346555
13.8,14,1.00934705320018,0.999781937028564,1.01900368077443
14,14,1.0091681604621,0.999676946720114,1.01874948645344
14.2,14,1.00897706620313,0.999567915443185,1.018474787351
14.4,14,1.00877398067093,0.999457943500701,1.01817685345953
14.6,14,1.00855911438183,0.999350306274935,1.01785277976671
14.8,14,1.00833267809647,0.999248414522206,1.01749952758579
15,14,1.00809488279585,0.999155776137556,1.01711396459893
15.2,14,1.00784593965778,0.999075959576055,1.01669290342618
15.4,14,1.00758609058345,0.999012286205685,1.01623347776148
15.6,14,1.0073158339168,0.99896571701371,1.01573574746167
15.8,14,1.0070357958319,0.99893581795625,1.01520145324411
16,14,1.00674660305917,0.998921896492984,1.01463260173744
16.2,14,1.00644888187963,0.998923057029416,1.01403140583122
16.4,14,1.00614325807024,0.998938239330562,1.01340024428198
16.6,14,1.0058303568531,0.99896625004639,1.01274162837858
16.8,14,1.00551080284855,0.999005788861656,1.01205817415453
17,14,1.00518522003219,0.999055470484961,1.01135257893207
17.2,14,1.00485423169568,0.999113843460381,1.01062760121466
17.4,14,1.00451846041149,0.999179406608872,1.00988604312025
17.6,14,1.00417852800144,0.999250623775961,1.00913073467865
17.8,14,1.00383505550912,0.999325937469373,1.00836451940875
18,14,1.0034886631762,0.999403781909443,1.00759024065251
18.2,14,1.00313997042248,0.999482595982222,1.00681072817511
18.4,14,1.00278959582981,0.999560836577852,1.00602878454832
18.6,14,1.0024381571299,0.99963699281378,1.00524717081692
18.8,14,1.00208627119578,0.999709601683825,1.00446859090651
19,14,1.00173455403724,0.999777265740835,1.00369567416459
19.2,14,1.0013836207999,0.999838673513942,1.0029309553331
19.4,14,1.0010340857682,0.999892623481987,1.00217685113049
19.6,14,1.00068656237205,0.999938052571778,1.00143563247396
19.8,14,1.00034166319731,0.99997407031822,1.00070939120443
20,14,1,1,1
20.2,14,0.999662183724256,0.999309064006571,1.00001542822169
20.4,14,0.999328824524038,0.998637862628579,1.00002026449905
20.6,14,0.999000531788542,0.997987279997858,1.000014812329
20.8,14,0.99867791417135,0.997357723019838,0.999999852844976
21,14,0.998361579623291,0.99674902679761,0.999976741256751
21.2,14,0.998052135429,0.996160348942499,0.999947514566136
21.4,14,0.997750191622286,0.995589881912795,0.999915188942735
21.6,14,0.997456379170649,0.995034145065189,0.999884509775331
21.8,14,0.997171336930049,0.994489461142191,0.999860445029583
22,14,0.996895703258267,0.993952677821945,0.999847442790252
22.2,14,0.996630116053343,0.993421268097249,0.999849328902496
22.4,14,0.996375212816203,0.992893390110585,0.999869245381887
22.6,14,0.996131630717385,0.992367907396697,0.999909628596057
22.8,14,0.995900006667854,0.991844372791669,0.999972223958322
23,14,0.995680977393914,0.991322982902781,1.00005813023839
23.2,14,0.995475179516213,0.990804512150436,1.00016786447817
23.4,14,0.995283249632858,0.99029023563561,1.00030143825859
23.6,14,0.995105824406615,0.989781848845475,1.00045843730416
23.8,14,0.994943540656245,0.989281390175114,1.00063809844675
24,14,0.994797035451936,0.988791170059047,1.00083938015432
24.2,14,0.994666946214882,0.988313708601498,1.00106102473518
24.4,14,0.994553910820991,0.987851682160697,1.00130161176202
24.6,14,0.994458567708752,0.987407878395854,1.00155960320672
24.8,14,0.994381555991271,0.986985158745179,1.00183338131725
25,14,0.994323515572493,0.986586427056476,1.00212128051489
25.2,14,0.99428508726763,0.986214603031087,1.00242161465098
25.4,14,0.994266912927814,0.985872599181955,1.0027327009223
25.6,14,0.994269635569005,0.98556330008641,1.00305288166458
25.8,14,0.994293899505174,0.985289542794246,1.00338054516392
26,14,0.994340350485791,0.985054097306552,1.00371414657089
26.2,14,0.994409635837653,0.984859646055455,1.0040522299876
26.4,14,0.994502404611075,0.984708761278939,1.00439345283437
26.6,14,0.994619307730497,0.984603879090188,1.00473661369729
26.8,14,0.994760998149523,0.984547268879215,1.00508068501974
27,14,0.994928131010462,0.984540996447124,1.00542485223888
27.2,14,0.995121363808385,0.984586878950796,1.00576856129051
27.4,14,0.99534088234987,0.984685432899644,1.00611163624067
27.6,14,0.995584548014129,0.98483202658781,1.00645446683808
27.8,14,0.995849509513492,0.985020473146656,1.00679759724203
28,14,0.996132913821624,0.985244608881125,1.00714154947331
28.2,14,0.996431905785199,0.985498343929197,1.00748676949381
28.4,14,0.9967436276349,0.98577571123797,1.00783357502602
28.6,14,0.997065218578398,0.98607091483587,1.00818210449323
28.8,14,0.997393814475395,0.986378377137637,1.00853226734406
29,14,0.997726547594901,0.986692784305887,1.00888369673841
29.2,14,0.998060546454888,0.987009128125417,1.00923570613954
29.4,14,0.998392935744507,0.987322742452568,1.0095872517516
29.6,14,0.998720836329062,0.987629332117753,1.00993690292594
29.8,14,0.999041365337917,0.987924992210723,1.01028282260862
30,14,0.999351636335557,0.988206215965809,1.01062275961347
30.2,14,0.999648759575934,0.988469889954174,1.01095405401578
30.4,14,0.99992984234031,0.988713275912784,1.01127365633848
30.6,14,1.00019198935869,0.988933979200287,1.01157816054239
30.8,14,1.00043230331497,0.989129904464983,1.0118638502366
31,14,1.0006478854359,0.989299199547693,1.01212675708736
31.2,14,1.00083583616379,0.989440188859617,1.01236273018601
31.4,14,1.0009932559131,0.98955129744781,1.01256751516346
31.6,14,1.00111724591059,0.989630966703832,1.01273684209555
31.8,14,1.00120490911915,0.989677562233255,1.01286652168035
32,14,1.00125335124489,0.989689273858426,1.01295254971362
32.2,14,1.00125968182724,0.989664007166032,1.01299122044821
32.4,14,1.00122101541179,0.989599265543657,1.01297924989011
32.6,14,1.0011344728052,0.989492021410635,1.01291391032148
32.8,14,1.00099718241176,0.989338575514742,1.01279317717391
33,14,1.0008062816509,0.989134403977462,1.01261588856304
33.2,14,1.00055891846262,0.988873994553133,1.01238191602711
33.4,14,1.00025371599484,0.988552052306102,1.01209389432502
33.6,14,0.999894855366388,0.988167654510501,1.01176123021698
33.8,14,0.999487834838204,0.987721164028768,1.01139468138446
34,14,0.999038151322398,0.987213425059123,1.01100451276572
34.2,14,0.998551297897846,0.986646064814231,1.01060018388784
34.4,14,0.998032761626655,0.986021734186579,1.01019009900612
34.6,14,0.997488021671501,0.985344271463532,1.00978143598509
34.8,14,0.996922547713539,0.98461877778694,1.00938006522024
35,14,0.99634179867028,0.983851601384413,1.00899056156505
35.2,14,0.995751221712655,0.983050237310512,1.00861630251462
35.4,14,0.995156251580281,0.982223157799698,1.00825963753267
35.6,14,0.994562310193833,0.981379593242639,1.00792210849807
35.8,14,0.993974806563334,0.980529284452365,1.00760470059231
36,14,0.993399136991144,0.979682223832817,1.00730810600393
36.2,14,0.992840685568443,0.978848397695723,1.00703298819357
36.4,14,0.992304824964043,0.978037535867255,1.00678024057
36.6,14,0.991796917504472,0.977258869134088,1.0065512390212
36.8,14,0.991322316544406,0.97652089073579,1.006348092091
37,14,0.990886368126732,0.975831115313904,1.00617389539126
37.2,14,0.990494412931715,0.975195827546543,1.00603299802584
37.4,14,0.99015178851507,0.974619813201379,1.00593128830331
37.6,14,0.989863831835006,0.974106067785022,1.0058765035753
37.8,14,0.9896358820687,0.973655482892677,1.0058785641182
38,14,0.989473283719065,0.973266518565625,1.00594992277829
38.2,14,0.989381390013108,0.972934882255494,1.00610590981691
38.4,14,0.989365566593694,0.972653251589039,1.00636503580501
38.6,14,0.989431195507045,0.972411097541721,1.0067491960112
38.8,14,0.989583679488909,0.972194682185751,1.00728370217901
39,14,0.989828446552971,0.971987311889389,1.00799706088855
39.2,14,0.990170953261008,0.971769908846242,1.00892043245696
39.4,14,0.990614723092319,0.971520214472725,1.01008452010426
39.6,14,0.99115752180058,0.971212235164622,1.0115124145397
39.8,14,0.9917960792593,0.970823868885172,1.01322134154333
40,14,0.992527144930458,0.970338896505701,1.01522276080171
