"value","lag","rr","lo","hi"
0,0,1.00614145639677,0.980991344750656,1.0297306544579
0.2,0,1.00563195218884,0.980888397427123,1.02876432391989
0.4,0,1.00511166889776,0.980456638975442,1.02762514346129
0.6,0,1.00458212706136,0.980135933133449,1.0268273684111
0.8,0,1.00404497373678,0.979390172794235,1.02584749410066
1,0,1.00350197257228,0.978492972339476,1.02492831193819
1.2,0,1.0029549918431,0.978277360998663,1.02403690707507
1.4,0,1.0024059904979,0.978026531573255,1.0230487166327
1.6,0,1.00185700229786,0.977541793284436,1.02204315179584
1.8,0,1.00131011816679,0.97721989279148,1.02143119391373
2,0,1.00076746690745,0.97651155027982,1.02085649298978
2.2,0,1.00023119447516,0.975909693737458,1.02027847313614
2.4,0,0.999703442034916,0.975554456667321,1.0193722700987
2.6,0,0.999186323060785,0.975420164717967,1.01867693809173
2.8,0,0.998681899767323,0.975222224527019,1.01791852704412
3,0,0.998192159189482,0.974828511920999,1.01734360839525
3.2,0,0.997718989251039,0.974226094056476,1.01657288965734
3.4,0,0.997264155180379,0.974017199945127,1.01591194121397
3.6,0,0.996829276646404,0.973818585199422,1.01518539652717
3.8,0,0.996415805995758,0.973603487592776,1.0144222539608
4,0,0.996025007975239,0.973451245095779,1.01372074282763
4.2,0,0.995657941319685,0.97328872959111,1.01331901132238
4.4,0,0.995315442575659,0.973189750000962,1.01298101590105
4.6,0,0.99499811251471,0.972872871665771,1.0125443576518
4.8,0,0.994706305466772,0.972629385739177,1.0119805137958
5,0,0.994440121874342,0.972393331352004,1.0113828128568
5.2,0,0.994199404331698,0.972162887986711,1.0109355593451
5.4,0,0.993983737330587,0.972084614577404,1.01058919691144
5.6,0,0.993792450885013,0.972132945632873,1.01022296219152
5.8,0,0.993624628153342,0.971961902645657,1.00987615193836
6,0,0.993479117116412,0.97189539476925,1.00948827605547
6.2,0,0.993354546306447,0.97206151828423,1.00899305875577
6.4,0,0.993249344514031,0.972523772720788,1.00858992276716
6.6,0,0.993161764330151,0.973117775222973,1.00811482577455
6.8,0,0.993089909308393,0.973198367080804,1.00793354376296
7,0,0.993031764459916,0.973900405361091,1.00750582361773
7.2,0,0.99298522972212,0.973993502499654,1.00723861193056
7.4,0,0.992948155972253,0.974438580491034,1.00685391691273
7.6,0,0.992918383091149,0.974804296737987,1.00657147199873
7.8,0,0.992893779521041,0.974972425533459,1.0062535599003
8,0,0.992872282706815,0.974962023941576,1.00614244370419
8.2,0,0.99285193976322,0.974680507009606,1.00591271134995
8.4,0,0.992830947673161,0.974838279830692,1.00575571898281
8.6,0,0.992807692295311,0.975419030216824,1.00549327309461
8.8,0,0.992780785444211,0.975904060785304,1.00527489549506
9,0,0.992749099303566,0.976108347932607,1.00507505613252
9.2,0,0.992711797444401,0.9764851966264,1.00477859625037
9.4,0,0.992668361744535,0.976746286906996,1.00452985836577
9.6,0,0.992618614544546,0.976828330336728,1.00431878867262
9.8,0,0.992562735427929,0.976676960633597,1.00418267441134
10,0,0.992501272078961,0.976892141662982,1.0040855010675
10.2,0,0.992435144750118,0.977013458934479,1.00398682728251
10.4,0,0.992365643960549,0.976945310491558,1.00387162771265
10.6,0,0.992294421146833,0.976844224816152,1.00369547065614
10.8,0,0.992223472095356,0.976698316241489,1.003445095749
11,0,0.992155113100401,0.976498733158811,1.00322517567414
11.2,0,0.992091949911517,0.976617774122779,1.00317047675958
11.4,0,0.992036839655987,0.976695836831126,1.00303481918048
11.6,0,0.991992846045325,0.977023474369163,1.00280424135649
11.8,0,0.991963188296653,0.97729053924536,1.0025482218785
12,0,0.991951184318952,0.97757387222661,1.002428959774
12.2,0,0.991960188828688,0.977739402954367,1.00242569626571
12.4,0,0.991993527167903,0.978035648455084,1.00254553181395
12.6,0,0.992054425699073,0.978307513225569,1.00225963912829
12.8,0,0.992145939743972,0.978556562378209,1.00229288178079
13,0,0.992270880117376,0.97876021518131,1.00226649759669
13.2,0,0.992431739380044,0.978899092794143,1.00238270555066
13.4,0,0.992630618998292,0.97923069849603,1.00256680056072
13.6,0,0.992869158649058,0.979711741661013,1.00253045705184
13.8,0,0.993148468948935,0.979908729053242,1.00267383754381
14,0,0.993469068912641,0.980269938132999,1.0028682815297
14.2,0,0.993830829459694,0.98115052593595,1.00302804223729
14.4,0,0.994232924286942,0.982125735294125,1.00338577301912
14.6,0,0.994673789407384,0.982830488523621,1.00382704785503
14.8,0,0.995151092621274,0.983563100542363,1.00425905330674
15,0,0.995661714131712,0.984274702417384,1.00457625397708
15.2,0,0.996201739442105,0.985033681126518,1.00494338977125
15.4,0,0.996766465574801,0.986024485549638,1.00535018090273
15.6,0,0.997350421526888,0.98698053826543,1.00575106079853
15.8,0,0.997947403728689,0.987791399576969,1.00603409582943
16,0,0.998550527091258,0.98865091689366,1.00640052355098
16.2,0,0.99915229202021,0.989551843909719,1.00675149845663
16.4,0,0.999744667534216,0.990579614466355,1.00701495267671
16.6,0,1.00031919035812,0.991568528668316,1.00729949268558
16.8,0,1.00086707956492,0.992606793383383,1.00753810053095
17,0,1.00137936602095,0.993721188330111,1.00768026641083
17.2,0,1.0018470355496,0.994664494256147,1.00782152237813
17.4,0,1.00226118437698,0.995626651069755,1.0079030664859
17.6,0,1.00261318506642,0.996380900697072,1.00786422469929
17.8,0,1.00289486079719,0.997135574145743,1.00774551912457
18,0,1.00309866550699,0.997832369067881,1.00759876746412
18.2,0,1.0032178671097,0.998437091610416,1.00729690879508
18.4,0,1.00324673073224,0.99900978316544,1.00686646598618
18.6,0,1.00318069869863,0.999564120776034,1.00633444282727
18.8,0,1.00301656383905,0.999891398780468,1.00570224352597
19,0,1.00275263262487,1.00018113670036,1.00501446372031
19.2,0,1.00238887463864,1.00032201968589,1.00420718337446
19.4,0,1.00192705498427,1.00035135151892,1.00327667576137
19.6,0,1.00137084643137,1.00033694358994,1.0022501476801
19.8,0,1.00072591836773,1.00021334623905,1.00116572703736
20,0,1,1,1
20.2,0,0.999202915686503,0.99877072088507,0.999721256373163
20.4,0,0.998346590795387,0.99747976337504,0.999399040089712
20.6,0,0.997445027039948,0.996164093151958,0.999019921711055
20.8,0,0.996514246832624,0.994795977933054,0.998589405999569
21,0,0.995572206799835,0.993431675785805,0.998194951258991
21.2,0,0.99463868119018,0.992101678510008,0.997724136550394
21.4,0,0.993735116468019,0.990721747675143,0.997389971966045
21.6,0,0.992884458893599,0.989379936866845,0.99699609002735
21.8,0,0.992110957333009,0.98818438272147,0.996679296934099
22,0,0.991439943902697,0.987096988208864,0.996471867455506
22.2,0,0.990897595325045,0.986072341857252,0.996389378875904
22.4,0,0.99051067804887,0.985224685602671,0.996511568263522
22.6,0,0.990306280272182,0.984455067013543,0.996739814935984
22.8,0,0.990311533999503,0.983877547298768,0.997256261848596
23,0,0.990553330182279,0.983701220732284,0.997978440639503
23.2,0,0.991058029842573,0.983720985545617,0.99873642475821
23.4,0,0.991851173884224,0.983993184537336,1.0001042740827
23.6,0,0.992957194071647,0.984641759778037,1.0016614770412
23.8,0,0.994399127424733,0.985761928996573,1.00351299494455
24,0,0.996198336059685,0.987135027994964,1.00577064210052
24.2,0,0.998374234319345,0.988834952727853,1.0084618789211
24.4,0,1.00094402490007,0.991119725789399,1.01130937276117
24.6,0,1.00392244560927,0.993493669774553,1.01464082387482
24.8,0,1.00732152838871,0.996617865188325,1.01837664331525
25,0,1.01115037231785,1.00020827243247,1.02272742053217
25.2,0,1.01541493247013,1.00399161824774,1.02730376276186
25.4,0,1.02011782672534,1.00845167076529,1.03241194602861
25.6,0,1.02525816293296,1.01322424863219,1.03788895241556
25.8,0,1.030831389156,1.01865626661793,1.04355488331655
26,0,1.03682917007955,1.02410587618059,1.04972990306761
26.2,0,1.0432392930152,1.03023796838031,1.05631888742939
26.4,0,1.05004560723972,1.03705839081184,1.06333144816077
26.6,0,1.05722800063877,1.04415132991763,1.07060383379607
26.8,0,1.06476241774858,1.05147425001217,1.07822071343507
27,0,1.07262092326441,1.05925084728669,1.08631547946258
27.2,0,1.08077181488169,1.06724839937736,1.09473371024291
27.4,0,1.08917978892571,1.07548528540207,1.10321053626204
27.6,0,1.0978061615884,1.08414286245489,1.11207554531133
27.8,0,1.1066091477143,1.09286112841883,1.12113102240733
28,0,1.11554419796391,1.10179963095433,1.1301438983998
28.2,0,1.1245643938444,1.11060103649144,1.13924461593883
28.4,0,1.13362089856515,1.11934880691786,1.14828275966194
28.6,0,1.14266345999155,1.1281973681755,1.15754793088982
28.8,0,1.15164096019377,1.13674117619978,1.16672347090992
29,0,1.16050200428833,1.14500052981653,1.17558881789168
29.2,0,1.16919553952955,1.15304523566895,1.18455944889113
29.4,0,1.17767149401196,1.16088134959066,1.19351845491173
29.6,0,1.18588142298083,1.16835635849109,1.20214575262186
29.8,0,1.19377914969899,1.1755826095772,1.21007931764703
30,0,1.2013213871581,1.18251178615674,1.21788585070818
30.2,0,1.20846832670841,1.18910668440781,1.22538086514807
30.4,0,1.21518417995202,1.19536042499352,1.23233912641159
30.6,0,1.22143766101426,1.20138711374956,1.23888756192898
30.8,0,1.22720239756468,1.20690385381514,1.24498813818628
31,0,1.23245726066663,1.21158669910472,1.25059940250605
31.2,0,1.23718660562804,1.2160974876834,1.25567233223118
31.4,0,1.24138041842426,1.22019037042806,1.26030756237526
31.6,0,1.2450343648636,1.22367788086439,1.26441414975365
31.8,0,1.24814974235784,1.22628713717206,1.26794644509107
32,0,1.250733336827,1.228458069654,1.27092538993429
32.2,0,1.2527971897985,1.23008778658444,1.27345585734789
32.4,0,1.25435828305299,1.2309924628136,1.27540737473406
32.6,0,1.25543815013541,1.23115725103435,1.27670683212894
32.8,0,1.25606242562363,1.23123194549164,1.27796362931335
33,0,1.2562603441845,1.23122491013029,1.27872398005231
33.2,0,1.25606420212729,1.2307430458518,1.27901157902632
33.4,0,1.25550879439252,1.22959716771305,1.27917909350613
33.6,0,1.25463083971321,1.22819416692216,1.27879459231638
33.8,0,1.25346840610037,1.22652349218457,1.27785280906561
34,0,1.25206034789156,1.22464844046905,1.27666907865646
34.2,0,1.25044576442732,1.22256976653958,1.27500210022332
34.4,0,1.24866348905758,1.22020410185042,1.27322157803282
34.6,0,1.24675161569898,1.21790359708836,1.27136970078281
34.8,0,1.24474706863455,1.21544647156688,1.26928215569186
35,0,1.24268521972909,1.21313536884858,1.26699559773755
35.2,0,1.24059955578015,1.21076545329147,1.26470696674353
35.4,0,1.23852139737791,1.20855484493418,1.26237999231153
35.6,0,1.23647966943709,1.20620116687862,1.25968362389106
35.8,0,1.23450072251215,1.20344686565046,1.25735425570982
36,0,1.23260820312158,1.20057290590454,1.25469561888834
36.2,0,1.23082297059083,1.19848372264358,1.25249298568482
36.4,0,1.22916305736891,1.19573974335459,1.25115367370603
36.6,0,1.2276436693703,1.19315976211746,1.25002549064218
36.8,0,1.22627722262489,1.19053154881012,1.24867561917259
37,0,1.22507341236711,1.18805100554081,1.24903254827744
37.2,0,1.22403931064167,1.18490939754918,1.24906998619539
37.4,0,1.22317948852883,1.18194108802927,1.25179179611293
37.6,0,1.22249615917978,1.179245554811,1.2547881245428
37.8,0,1.22198933798622,1.17712151624895,1.25831841574065
38,0,1.22165701637472,1.17478513625419,1.26231512381466
38.2,0,1.22149534590462,1.17200612440028,1.26676438569657
38.4,0,1.22149882955011,1.16975259746889,1.27172162633207
38.6,0,1.22166051725582,1.1676266847849,1.27736774942603
38.8,0,1.22197220306747,1.16530651975517,1.28301709503539
39,0,1.22242462135189,1.16289972024875,1.28949568778061
39.2,0,1.22300763983324,1.16094193897599,1.29573419150838
39.4,0,1.22371044738432,1.15893366209821,1.30240961101466
39.6,0,1.22452173472406,1.15748046034494,1.3093963459876
39.8,0,1.22542986638477,1.15534149628952,1.31640594882486
40,0,1.22642304252669,1.15394416080974,1.32321981866943
0,1,1.0088688292316,0.988228854770906,1.03578331516873
0.2,1,1.00835346843253,0.98817208709455,1.03481529903862
0.4,1,1.00782700213366,0.988343426074881,1.0338088247814
0.6,1,1.00729094344352,0.988521070393821,1.03255266078128
0.8,1,1.00674693249352,0.988558588571405,1.03148454503339
1,1,1.00619672652222,0.988220142086115,1.03046612039734
1.2,1,1.00564218791652,0.98810573387121,1.02943417663894
1.4,1,1.00508527025606,0.988160611194637,1.02838610692069
1.6,1,1.00452800244253,0.987910578589481,1.02735251358404
1.8,1,1.00397247103254,0.987920642138847,1.02660708597435
2,1,1.00342080092913,0.987598981458021,1.02568164392043
2.2,1,1.00287513462339,0.987515683855691,1.02490466620501
2.4,1,1.00233761021265,0.987286665028955,1.02417123262614
2.6,1,1.00181033845487,0.987167055130113,1.02347003037402
2.8,1,1.00129537914929,0.986826830251055,1.02269636215822
3,1,1.00079471716088,0.986588558801433,1.02214500528326
3.2,1,1.00031023842941,0.986271906960705,1.02142778966656
3.4,1,0.999843706323091,0.985800522815403,1.02064353583914
3.6,1,0.999396738710497,0.985392211345789,1.02041808697267
3.8,1,0.9989707861333,0.985047937065151,1.01968885923394
4,1,0.99856711146475,0.984591134980227,1.0184968782054
4.2,1,0.998186771435431,0.984300358218603,1.01807086182482
4.4,1,0.997830600397821,0.984132359582759,1.01731303354684
4.6,1,0.997499196684575,0.983813495607102,1.01680239681724
4.8,1,0.997192911892185,0.983524252839488,1.01652232227295
5,1,0.996911843391683,0.983429095662374,1.01603092087652
5.2,1,0.996655830331528,0.98326434475074,1.01525198391823
5.4,1,0.996424453354891,0.983207609791181,1.01470077429001
5.6,1,0.996217038204599,0.983085684212963,1.01385421173236
5.8,1,0.996032663334378,0.983107079417053,1.01334950834481
6,1,0.995870171585412,0.983093050406406,1.01302790506008
6.2,1,0.995728185923052,0.983235745369512,1.01277613516841
6.4,1,0.995605129160874,0.983212862998274,1.01237695732671
6.6,1,0.995499247528753,0.983220788212191,1.01191031438453
6.8,1,0.995408637869555,0.983272650854132,1.01166285418589
7,1,0.995331278176386,0.983251202924963,1.01148050613439
7.2,1,0.995265061110414,0.983200609414126,1.01126018103994
7.4,1,0.995207830069522,0.983214307078819,1.01095546993614
7.6,1,0.995157417311744,0.983354877796532,1.01079860181007
7.8,1,0.995111683576191,0.983408643977769,1.01069875323484
8,1,0.995068558589379,0.983448840899333,1.01048604255872
8.2,1,0.995026081798063,0.983523384543508,1.01020534901754
8.4,1,0.994982442632187,0.983674792109334,1.00969142725231
8.6,1,0.99493601957475,0.983664197268535,1.00901515205533
8.8,1,0.9948854173003,0.983722331302296,1.00845215205141
9,1,0.994829501141455,0.983763013947021,1.0080310333703
9.2,1,0.99476742815391,0.983800728397041,1.00764050504575
9.4,1,0.994698674075368,0.983733955043641,1.00725169251245
9.6,1,0.994623055512731,0.983682085946399,1.00679290761804
9.8,1,0.994540746744711,0.983597462510416,1.00648208073496
10,1,0.99445229059306,0.983497806975316,1.00624407153661
10.2,1,0.994358602894284,0.983392773347969,1.00610847769612
10.4,1,0.994260970193684,0.98330451512393,1.00576029918705
10.6,1,0.994161040383632,0.983316055154935,1.00563104198879
10.8,1,0.994060806116447,0.983301486358408,1.0055003775853
11,1,0.993962580937332,0.98327855928003,1.00536236848592
11.2,1,0.993868968202662,0.983270886655376,1.00507217878033
11.4,1,0.993782822971503,0.983180272137814,1.0047757907378
11.6,1,0.993707207181577,0.983254844438814,1.00460839708838
11.8,1,0.993645338543182,0.983140009063579,1.00439776839616
12,1,0.993600533703842,0.983095319141712,1.00440406828113
12.2,1,0.993576146351196,0.98302844202446,1.00433954174576
12.4,1,0.993575501030295,0.983016228394772,1.00420930442196
12.6,1,0.993601823552785,0.983093235601145,1.00408384053639
12.8,1,0.993658168968294,0.98324960331496,1.00410869423236
13,1,0.993747348151897,0.98337403150924,1.00411957824639
13.2,1,0.993871854134912,0.983746871463648,1.00415015546885
13.4,1,0.994033789368882,0.984137087738156,1.00416677628151
13.6,1,0.99423479516385,0.984428548536129,1.00425343204588
13.8,1,0.994475984581124,0.98468829761735,1.00441192909438
14,1,0.994757880087179,0.985154954403466,1.00466094962143
14.2,1,0.995080357288057,0.985584620695429,1.00477679002849
14.4,1,0.995442596061695,0.986118074900235,1.00492850542001
14.6,1,0.995843040387695,0.986631416394042,1.00515173243958
14.8,1,0.996279368138662,0.987175261268846,1.00546961246331
15,1,0.996748472042553,0.987706595332936,1.00577262618423
15.2,1,0.997246452949663,0.988347520186973,1.00604036040899
15.4,1,0.997768626438794,0.989043386221342,1.00648650302225
15.6,1,0.998309543672855,0.989898224890756,1.00681190529746
15.8,1,0.998863027262659,0.990751680694293,1.00708694154419
16,1,0.999422222717567,0.991558044646081,1.00739304635698
16.2,1,0.999979665851804,0.992339928560673,1.00766657879782
16.4,1,1.00052736627557,0.993141367847344,1.00794168390608
16.6,1,1.00105690683115,0.994014240004768,1.00806127372294
16.8,1,1.00155955853819,0.9948590521952,1.00821934709257
17,1,1.00202641029238,0.995688864445522,1.00836283222549
17.2,1,1.00244851222281,0.996504833610758,1.00841835531605
17.4,1,1.00281703126213,0.997286306409991,1.00841937857618
17.6,1,1.00312341712787,0.997983060128827,1.00831394087712
17.8,1,1.00335957656286,0.99857264650508,1.00808589131571
18,1,1.00351805334867,0.999049936410498,1.0078317862309
18.2,1,1.00359221129984,0.999561726244277,1.00748770218668
18.4,1,1.00357641718084,1.00002481756468,1.00706447603416
18.6,1,1.00346622027527,1.00032307149014,1.00654809216692
18.8,1,1.0032585251881,1.00051618228558,1.00588894164169
19,1,1.0029517543888,1.00061407867894,1.0051354593632
19.2,1,1.0025459970132,1.00067043686563,1.0042726514442
19.4,1,1.00204314054135,1.00064092612338,1.00334721099232
19.6,1,1.00144698215967,1.00051322906649,1.00233917106265
19.8,1,1.00076331689803,1.00029602492225,1.0012045092951
20,1,1,1,1
20.2,1,0.999166981429922,0.998725010701054,0.999633778715173
20.4,1,0.998276310930131,0.997405404057992,0.999204234538142
20.6,1,0.997342112600263,0.996031882135322,0.998730252066187
20.8,1,0.9963805285596,0.994638637026768,0.998219659426677
21,1,0.995409631852571,0.993242193781241,0.997696600519008
21.2,1,0.994449309345773,0.991845981035865,0.997223405776906
21.4,1,0.993521115921631,0.990500112025764,0.99674148890464
21.6,1,0.992648101779714,0.989221812315362,0.996331112348985
21.8,1,0.991854615095096,0.987992744481236,0.99590506207798
22,1,0.991166082640637,0.986844008436812,0.995740812848224
22.2,1,0.99060877124758,0.985807780273651,0.995537913047101
22.4,1,0.990209533152024,0.984916182869722,0.995523302541948
22.6,1,0.98999553835419,0.984074373819575,0.99580772634027
22.8,1,0.989993997108392,0.983639519418283,0.996262567224082
23,1,0.990231875574377,0.983335690151685,0.997020910227898
23.2,1,0.990735607509107,0.983338508115198,0.998073911123472
23.4,1,0.991530804679565,0.983714172653541,0.999475235276056
23.6,1,0.992641968450965,0.984389223366771,1.00122437831251
23.8,1,0.994092204771733,0.985461216855926,1.00328528490912
24,1,0.995902944557084,0.986951350935767,1.00567084053782
24.2,1,0.998093671286688,0.988625363561238,1.00862566740825
24.4,1,1.00068165749586,0.990738004376533,1.01188525955906
24.6,1,1.00368171176799,0.993433100457196,1.01521386934112
24.8,1,1.00710593783857,0.996505911435674,1.01923913355685
25,1,1.01096350750315,1.00004198587095,1.02351704486168
25.2,1,1.01526044918277,1.00387459167623,1.02816487232566
25.4,1,1.01999945423491,1.00821844558094,1.03345661343822
25.6,1,1.02517970339388,1.01301084352959,1.03904855472385
25.8,1,1.0307967160642,1.01830725238327,1.0455334269255
26,1,1.03684222555113,1.02416405646926,1.0523649020391
26.2,1,1.04330408366554,1.03031377708069,1.05914442138561
26.4,1,1.05016619845425,1.03713895048742,1.0666130894374
26.6,1,1.05740850904682,1.0440239899155,1.07458991770747
26.8,1,1.0650070017393,1.05141669835971,1.08270421162152
27,1,1.07293377141899,1.05913556850379,1.09130517884486
27.2,1,1.08115713223879,1.06723456824528,1.09999092979979
27.4,1,1.08964178104709,1.07586540604684,1.10900876800867
27.6,1,1.09834901644777,1.0847816618957,1.1185133616374
27.8,1,1.10723701549434,1.09362749533495,1.12795993969466
28,1,1.11626116891155,1.10280395186429,1.13752323548993
28.2,1,1.12537447440247,1.11193319042914,1.14709192787756
28.4,1,1.13452798606577,1.12078467354567,1.15683200330432
28.6,1,1.14367131626182,1.12997145870796,1.16687736087505
28.8,1,1.15275318448451,1.13887349671917,1.17663073568838
29,1,1.16172200598858,1.14766479603248,1.18630731205507
29.2,1,1.17052651117182,1.15615773683856,1.19586033384598
29.4,1,1.17911638510193,1.16447567974295,1.20526600446146
29.6,1,1.18744291519953,1.17261335597119,1.21457079899633
29.8,1,1.19545963402311,1.18029656219531,1.22332927730257
30,1,1.20312294342398,1.18763099053243,1.23147171643035
30.2,1,1.21039270610807,1.19446243366261,1.23975775707109
30.4,1,1.21723279089448,1.20106321913433,1.2476538793823
30.6,1,1.22361155871522,1.20734484048702,1.25505989988514
30.8,1,1.2295022776436,1.21320139167852,1.26179542306675
31,1,1.23488345693516,1.21846114362448,1.26826342266274
31.2,1,1.23973909215215,1.22316074632237,1.27436914226908
31.4,1,1.24405881583652,1.22757517764051,1.27947952656308
31.6,1,1.24783795079717,1.23090817430215,1.28448290450385
31.8,1,1.25107746577318,1.23386917915312,1.28899319974787
32,1,1.25378383590983,1.23642520483297,1.29316356199504
32.2,1,1.25596881302695,1.23786363017829,1.29644914227359
32.4,1,1.25764911296503,1.23926471926391,1.29922593671833
32.6,1,1.2588460292774,1.2399476353104,1.30150260808613
32.8,1,1.259584984128,1.24015098778846,1.30329432790693
33,1,1.25989502840901,1.23956146838001,1.30462942126491
33.2,1,1.25980830379098,1.23874089659345,1.3058672688606
33.4,1,1.25935947966174,1.23745486940468,1.30635010686071
33.6,1,1.25858517772422,1.23609262454467,1.30619958387284
33.8,1,1.25752339645069,1.23443102806937,1.30612802229269
34,1,1.25621294668732,1.23259514051863,1.30585586800738
34.2,1,1.25469290853695,1.23038773282298,1.30515333102709
34.4,1,1.25300211828884,1.22827180489687,1.30425387706831
34.6,1,1.25117869268586,1.22620905258844,1.30311155719021
34.8,1,1.24925959628901,1.22438391187025,1.30175453076811
35,1,1.24728025617877,1.22244793075847,1.30032671780298
35.2,1,1.24527422677527,1.22085181964814,1.29952500297422
35.4,1,1.24327290620642,1.21900862655975,1.29865763490069
35.6,1,1.24130530443711,1.21761061016909,1.2966102831442
35.8,1,1.2393978623126,1.21641382587368,1.29446663926679
36,1,1.23757431977696,1.2150938030533,1.29225626301478
36.2,1,1.23585563080279,1.21406934132271,1.29064698289212
36.4,1,1.23425992200712,1.2118674571863,1.28848367290352
36.6,1,1.23280249151755,1.2092663148837,1.28601466880942
36.8,1,1.23149584437774,1.20696945069502,1.28417914890262
37,1,1.23034976062348,1.20416241276325,1.28380807510133
37.2,1,1.22937139210233,1.20151977692671,1.28214500362816
37.4,1,1.22856538413038,1.19891387280433,1.28029212469707
37.6,1,1.22793401816423,1.19587483127934,1.27809021739634
37.8,1,1.22747737179635,1.19323051186166,1.27680713784036
38,1,1.22719349254677,1.19012181335055,1.27680557857439
38.2,1,1.2270785821101,1.18749333598541,1.27878381440921
38.4,1,1.22712718791812,1.18505226003708,1.28201252955328
38.6,1,1.227332399086,1.18261417855997,1.28627724545905
38.8,1,1.22768604402266,1.18003928720398,1.29102843334108
39,1,1.22817888719876,1.17776403141379,1.29486053815254
39.2,1,1.22880082277896,1.17536934022828,1.2994155485893
39.4,1,1.22954106303853,1.17332764207969,1.30531280881609
39.6,1,1.23038831969748,1.17154455646272,1.31085268159268
39.8,1,1.23133097651971,1.17013634883775,1.31819217115291
40,1,1.23235725174026,1.16879260606346,1.32558555916508
0,2,1.00731668087138,0.978340606515815,1.03389830729861
0.2,2,1.00682517255674,0.978224927619152,1.03285178439586
0.4,2,1.00632394686326,0.978175400827523,1.03203767574393
0.6,2,1.00581454826436,0.978194039464013,1.03102908018709
0.8,2,1.00529864488647,0.977958811777377,1.03013067563589
1,2,1.00477801829666,0.977924535870133,1.0293304370839
1.2,2,1.00425455125991,0.977881375380148,1.02875942174704
1.4,2,1.00373021351446,0.977909091869836,1.02800137029377
1.6,2,1.00320704564907,0.977993026926589,1.02721433429054
1.8,2,1.00268714120274,0.977992069034197,1.02660708597435
2,2,1.00217262714349,0.977998593184125,1.02596552328584
2.2,2,1.00166564291906,0.978174324463063,1.02519893125044
2.4,2,1.0011683183071,0.97822717036923,1.02454807339024
2.6,2,1.00068275032527,0.978319487563861,1.0240643236721
2.8,2,1.00021097949183,0.978145012575202,1.02343177312354
3,2,0.99975496575472,0.977914922965788,1.02262303372271
3.2,2,0.999316564430081,0.97773706171328,1.02213758921514
3.4,2,0.998897502510055,0.97759145275679,1.02158968137445
3.6,2,0.998499355713669,0.977483736403158,1.02107451771291
3.8,2,0.998123526662943,0.977668693225131,1.02060042696848
4,2,0.997771224569031,0.97790042669818,1.02032282196885
4.2,2,0.997443446809683,0.97800448982928,1.02003699004291
4.4,2,0.997140962769353,0.977844754231717,1.01981353373888
4.6,2,0.99686430029679,0.977788593915911,1.01961008837826
4.8,2,0.996613735111719,0.977626301194391,1.01934670010788
5,2,0.996389283462425,0.977549389131168,1.01885174725794
5.2,2,0.996190698299555,0.977640534359738,1.01845880214524
5.4,2,0.996017469188703,0.977694021848968,1.01815778496231
5.6,2,0.995868826135445,0.977809045214601,1.01794719094379
5.8,2,0.995743747441969,0.977983682760413,1.01778825286044
6,2,0.995640971654769,0.978104532721536,1.01763696645315
6.2,2,0.995559013598759,0.978181194616461,1.01738800133953
6.4,2,0.99549618442533,0.978166643117226,1.01709446596082
6.6,2,0.995450615531267,0.978175529482849,1.01697650910942
6.8,2,0.995420286133084,0.978325365668047,1.01691362779029
7,2,0.995403054208393,0.978708041632182,1.01673072378966
7.2,2,0.99539669044364,0.978875200671625,1.01654006403901
7.4,2,0.99539891475728,0.978980616708476,1.01655352788485
7.6,2,0.995407434900724,0.978954355279462,1.01621793284996
7.8,2,0.995419986577544,0.979223948806143,1.01580387148171
8,2,0.99543437446606,0.979409473992968,1.01549873626308
8.2,2,0.995448513483033,0.979630140370838,1.01513035136355
8.4,2,0.995460469588087,0.979904791379409,1.0151442594712
8.6,2,0.995468499401094,0.980258978173117,1.01496344737526
8.8,2,0.99547108788916,0.980419353529756,1.0150728428042
9,2,0.995466983377056,0.980478096781599,1.01469615078403
9.2,2,0.995455229145654,0.980487486897942,1.01459640413764
9.4,2,0.995435190907596,0.980659802868285,1.01453920940299
9.6,2,0.995406579488239,0.980853120087628,1.01451062056182
9.8,2,0.995369468092689,0.98105833109032,1.01429315997073
10,2,0.995324303605953,0.981176474837568,1.01421189835582
10.2,2,0.995271911452175,0.981328936336708,1.01402425084906
10.4,2,0.995213493629361,0.98143384130152,1.01388000484866
10.6,2,0.995150619636638,0.981424688586859,1.01352859549446
10.8,2,0.995085210120287,0.981477823368281,1.01306610648372
11,2,0.995019513180731,0.98160293833571,1.01265029115029
11.2,2,0.994956073403429,0.981689343886501,1.01245312120832
11.4,2,0.99489769380023,0.981871458612014,1.01237183558846
11.6,2,0.9948473909722,0.981897060676575,1.01229235099847
11.8,2,0.994808343928253,0.982112745245713,1.01214282926165
12,2,0.994783837114351,0.982213825353843,1.0119609465196
12.2,2,0.994777198323784,0.982268484268258,1.01181216618014
12.4,2,0.994791732268722,0.982499495683882,1.01168469310291
12.6,2,0.994830650695412,0.982732683699279,1.01158032133861
12.8,2,0.994897000019089,0.982974504068215,1.01140653120765
13,2,0.994993587538823,0.983315032089303,1.01129761968746
13.2,2,0.995122907366438,0.983621123824332,1.01112144320726
13.4,2,0.995287067266629,0.984060459939124,1.01086660478409
13.6,2,0.995487717656753,0.984469437900945,1.01074828426331
13.8,2,0.995725984053982,0.984804134928059,1.01068404094369
14,2,0.996002404283704,0.985217582272754,1.01051317622418
14.2,2,0.996316871775506,0.985639846015813,1.01055477267623
14.4,2,0.996668586270652,0.9862403782388,1.01050229881399
14.6,2,0.997056013246467,0.986792226803477,1.01047213001372
14.8,2,0.99747685332685,0.987339998825907,1.01057602157677
15,2,0.99792802289269,0.988038823233747,1.0107117869132
15.2,2,0.998405647029139,0.988902772450968,1.01092156180768
15.4,2,0.998905065846675,0.989675310783416,1.01100728575537
15.6,2,0.999420855087482,0.990444866630429,1.01115483920499
15.8,2,0.999946861776177,0.991160523290385,1.01137925864853
16,2,1.0004762554927,0.991913803314601,1.01133946965405
16.2,2,1.00100159563429,0.99288650536786,1.01135422740741
16.4,2,1.00151491479283,0.993758555336275,1.01147981701893
16.6,2,1.00200781810385,0.994518381186278,1.01147912713641
16.8,2,1.00247159812675,0.995268463293016,1.01138935392898
17,2,1.00289736449494,0.996119434130144,1.01134480642159
17.2,2,1.00327618723525,0.99682068092334,1.01126155226727
17.4,2,1.00359925230396,0.997470547464983,1.01113547128749
17.6,2,1.00385802753108,0.998134111665645,1.01086025116956
17.8,2,1.00404443681372,0.998826092736354,1.0104627250444
18,2,1.00415104006548,0.999375460374637,1.00992890402576
18.2,2,1.00417121612278,0.999821460231426,1.00943984516201
18.4,2,1.00409934554375,1.00018143950639,1.00883236644173
18.6,2,1.00393099002347,1.00043221363808,1.0081303669642
18.8,2,1.00366306500126,1.00067569307426,1.00729912151834
19,2,1.00329400196422,1.00077566529816,1.00637128971479
19.2,2,1.0028238969618,1.00079447355425,1.00529164119679
19.4,2,1.00225464194745,1.00072121350524,1.0041127434258
19.6,2,1.00159003575566,1.00055129042876,1.0028390135274
19.8,2,1.00083587180661,1.00032367973562,1.00145997948814
20,2,1,1,1
20.2,2,0.999092360706711,0.998471994776811,0.999604884802582
20.4,2,0.998124989278293,0.996886331894294,0.999143387205919
20.6,2,0.997111990054623,0.995236858968188,0.998618931706362
20.8,2,0.996069479440723,0.993538772381449,0.998052014254156
21,2,0.995015498224365,0.991813487607371,0.997482779130943
21.2,2,0.993969893895844,0.990170675949659,0.996915856994019
21.4,2,0.992954174289262,0.988546824006929,0.996352084991764
21.6,2,0.991991334371705,0.986974835923114,0.995850623032041
21.8,2,0.99110565844601,0.985484697104147,0.995312734922988
22,2,0.990322500391032,0.98413098602429,0.99501817594514
22.2,2,0.989668044831414,0.982973806759032,0.994908393725749
22.4,2,0.98916905230238,0.981774695438416,0.994876636660873
22.6,2,0.988852591554586,0.980802938987355,0.995028702957895
22.8,2,0.988745762135034,0.980107967314571,0.995446835490278
23,2,0.988875410292495,0.979590599705785,0.99603221390021
23.2,2,0.9892678411039,0.97942502187834,0.996968397572487
23.4,2,0.989948529518843,0.979676770035514,0.998199953544676
23.6,2,0.99094183279219,0.97986802689924,0.999655409395421
23.8,2,0.992270706540386,0.980438566808207,1.00160974140595
24,2,0.993956426435818,0.981422829258357,1.00386237888268
24.2,2,0.996018317365045,0.98298742170832,1.0064150313196
24.4,2,0.998473491737931,0.984966044417356,1.00933611800364
24.6,2,1.0013365985597,0.987092005945746,1.01271010933657
24.8,2,1.00461958487649,0.989878935423308,1.01639672792568
25,2,1.00833147128218,0.992793332295629,1.02052864926085
25.2,2,1.0124781433298,0.996070756046645,1.02504553966236
25.4,2,1.01706216091892,0.999750190324194,1.03004037107766
25.6,2,1.02208258801857,1.00405881133183,1.03539898968732
25.8,2,1.02753484541718,1.0089793837111,1.04109622439761
26,2,1.03341058954214,1.0143861215113,1.04727397428045
26.2,2,1.03969762073537,1.01984014157996,1.0539010697848
26.4,2,1.04637982467564,1.02566118878383,1.06084677545541
26.6,2,1.053437150868,1.03213549286065,1.06809926821634
26.8,2,1.06084563224131,1.03891897895665,1.0755719891839
27,2,1.06857744986984,1.04554952870181,1.08345888920803
27.2,2,1.07660104663267,1.0524779910339,1.09168488253097
27.4,2,1.08488129321689,1.05998649277211,1.10006521280142
27.6,2,1.09337970923731,1.06737152622374,1.10864055033904
27.8,2,1.10205474137566,1.07479643670408,1.11767192168881
28,2,1.11086209933632,1.08220833532126,1.12662989321924
28.2,2,1.119755149089,1.08967012081586,1.13552529439481
28.4,2,1.12868536134861,1.09723540087147,1.14477527048384
28.6,2,1.13760281157403,1.10482960573646,1.15415214254326
28.8,2,1.14645672600676,1.11252661333423,1.16323988642707
29,2,1.15519606648941,1.11995696721472,1.17232898955195
29.2,2,1.16377014508047,1.12749899145445,1.18120652738678
29.4,2,1.17212925790372,1.13460172324234,1.18980415024244
29.6,2,1.18022532632193,1.14188411143494,1.19850765379843
29.8,2,1.18801253249014,1.14886555799877,1.20671147544827
30,2,1.19544793569393,1.15501544754072,1.21439190467208
30.2,2,1.202492055672,1.16122897488423,1.22175322274522
30.4,2,1.20910940939569,1.16697749327341,1.22865217722072
30.6,2,1.21526898854664,1.17204987306912,1.23503185056851
30.8,2,1.22094466618442,1.17693996082314,1.24105360550658
31,2,1.22611552279212,1.18134092434674,1.24655331692063
31.2,2,1.23076608396739,1.18487352372763,1.25185581400802
31.4,2,1.23488646440521,1.18845394678601,1.25672945328594
31.6,2,1.23847241539764,1.19160986813703,1.26118711553885
31.8,2,1.24152527574357,1.19433433097144,1.26457748525661
32,2,1.24405182860518,1.19647572465944,1.26764242390966
32.2,2,1.246064069354,1.19816733709312,1.27027162198866
32.4,2,1.24757889171989,1.19943391383701,1.27246122703876
32.6,2,1.24861770150164,1.20040220358784,1.27403724282906
32.8,2,1.24920596865494,1.20099685740967,1.27545347991349
33,2,1.2493727296967,1.20089963396534,1.27634611913156
33.2,2,1.24915005303576,1.20056254703149,1.27674919843887
33.4,2,1.24857248006163,1.19982835816051,1.27667944561713
33.6,2,1.24767645462087,1.19886167002988,1.27624821846015
33.8,2,1.24649975292731,1.1974436024177,1.2753655762066
34,2,1.24508092504448,1.19541481739728,1.27428762528332
34.2,2,1.24345875791328,1.19305733635446,1.27313714397096
34.4,2,1.24167176854486,1.19057908505197,1.27161200328082
34.6,2,1.23975773452987,1.1884638088407,1.26976814697568
34.8,2,1.23775326749801,1.18618593326223,1.26789272395307
35,2,1.23569343365698,1.1837334111646,1.26555115401741
35.2,2,1.23361142409911,1.18121241672405,1.26351665691195
35.4,2,1.23153827622926,1.17879184955484,1.26114291424477
35.6,2,1.22950264646877,1.17644371567548,1.2587392142459
35.8,2,1.22753063334775,1.17403962964257,1.25640507606643
36,2,1.22564564922133,1.17138773979577,1.25421224870924
36.2,2,1.22386833813579,1.16893719652431,1.25321457474582
36.4,2,1.22221653682166,1.1666968898369,1.25103614587938
36.6,2,1.22070527539128,1.16395477933096,1.25051296279066
36.8,2,1.21934681405251,1.16115645803912,1.24880531631888
37,2,1.21815071200001,1.15832742025682,1.25023779955832
37.2,2,1.21712392459277,1.15534939901711,1.25007520713701
37.4,2,1.21627092495163,1.15265348296426,1.25201305008541
37.6,2,1.21559384619774,1.15004004956545,1.2544344879814
37.8,2,1.21509264068501,1.14845045831292,1.25775021555395
38,2,1.21476525274441,1.1464575743372,1.26181559414326
38.2,2,1.21460780164481,1.14417703283402,1.2654111855535
38.4,2,1.21461477167419,1.14214527101879,1.26973556069836
38.6,2,1.2147792064527,1.14018988973136,1.27521688524554
38.8,2,1.21509290479835,1.13784578082522,1.28107178800292
39,2,1.21554661567765,1.13567479762062,1.28717004377814
39.2,2,1.21613022998369,1.13392849118391,1.29365329923875
39.4,2,1.21683296709461,1.13225099705542,1.30095759197302
39.6,2,1.21764355437582,1.13094374074922,1.30836732276687
39.8,2,1.21855039800021,1.12967178371819,1.31510052160887
40,2,1.21954174367299,1.12824624377506,1.32237358879098
0,3,1.00361729035063,0.972203819945516,1.02976911239463
0.2,3,1.00314477001661,0.971808401287635,1.02877732542773
0.4,3,1.00266375985322,0.971410306703172,1.02766674624864
0.6,3,1.00217585675042,0.971063287004208,1.02665911935437
0.8,3,1.00168278241701,0.970716424390552,1.02571410764847
1,3,1.00118637327092,0.970366037913021,1.02480585525373
1.2,3,1.00068856831192,0.970013537973706,1.02373990436494
1.4,3,1.00019139502154,0.969549195826624,1.02269923244012
1.6,3,0.999696953369295,0.968965667633797,1.02176117877624
1.8,3,0.999207398039267,0.968375088636704,1.02092907129391
2,3,0.998724919026158,0.967859129198379,1.02004195224309
2.2,3,0.99825172078413,0.967467370953515,1.01911947174789
2.4,3,0.997790000144961,0.967132348607023,1.01851077275632
2.6,3,0.997341923253091,0.966807737470995,1.01803243578506
2.8,3,0.996909601793696,0.966567725250194,1.01750965111226
3,3,0.996495068815196,0.96619408274895,1.01680654750884
3.2,3,0.996100254469169,0.965848260918267,1.0163250737554
3.4,3,0.995726962007779,0.965758567143877,1.01577883607201
3.6,3,0.995376844391245,0.965652710218717,1.01546964460033
3.8,3,0.99505138186502,0.965217750722617,1.01502368650184
4,3,0.994751860868032,0.965021037433057,1.01455904716428
4.2,3,0.994479354629124,0.964757630710058,1.01417163124299
4.4,3,0.994234705798764,0.964531355489749,1.01393331051288
4.6,3,0.994018511446867,0.964417127257163,1.01368910535341
4.8,3,0.993831110735396,0.964320482999508,1.01360207781794
5,3,0.993672575546183,0.964458352014647,1.01339784197514
5.2,3,0.993542704310508,0.964552337152086,1.01328087398787
5.4,3,0.99344101924754,0.964607329446663,1.01314663575766
5.6,3,0.993366767174225,0.964633552350073,1.01304489937457
5.8,3,0.993318924000123,0.964546145470659,1.0129563500219
6,3,0.993296202967524,0.96454882864812,1.01287451229038
6.2,3,0.993297066640751,0.9647043500077,1.01277832943335
6.4,3,0.993319742589559,0.96487787579811,1.01273908732117
6.6,3,0.993362242650886,0.965065654136646,1.01275178515586
6.8,3,0.993422385591944,0.9652672637758,1.01267414474112
7,3,0.993497822936715,0.965478416629549,1.01264345791095
7.2,3,0.993586067658555,0.965693964701263,1.01267802264742
7.4,3,0.993684525384937,0.965963712031453,1.01267199552383
7.6,3,0.993790527707649,0.966285922990507,1.01259087401696
7.8,3,0.993901367144106,0.966513875487699,1.01260757363229
8,3,0.994014333254208,0.966604572864775,1.01266022409603
8.2,3,0.994126749383269,0.966688740317451,1.01263716948324
8.4,3,0.994236009476236,0.96723168158219,1.01267571839597
8.6,3,0.994339614392378,0.967631122714326,1.01271632901079
8.8,3,0.994435207143785,0.967807152685752,1.01277510662306
9,3,0.994520606485796,0.967971382420631,1.01289127579356
9.2,3,0.994593838303166,0.968198362153559,1.01297534734398
9.4,3,0.994653164262582,0.968513068708021,1.0130715385873
9.6,3,0.994697107239645,0.968815303095688,1.01316947813008
9.8,3,0.994724473076315,0.969038185962772,1.01310943013057
10,3,0.994734368282227,0.969420546053991,1.01309270337703
10.2,3,0.994726213359231,0.969317252419323,1.01301209793432
10.4,3,0.994699751501714,0.969434710562541,1.01293574136505
10.6,3,0.994655052504294,0.96985229160186,1.01283874433551
10.8,3,0.994592511791589,0.969920185455498,1.01267774223334
11,3,0.994512844570339,0.969790470215029,1.01249901032017
11.2,3,0.994417075190191,0.970045866822202,1.01236195145817
11.4,3,0.994306521884225,0.970192743565728,1.01224667291056
11.6,3,0.994182777141873,0.970129461604954,1.01205419680527
11.8,3,0.994047684043587,0.970155730854239,1.01185832473667
12,3,0.993903308956791,0.970269790085238,1.01173102850403
12.2,3,0.993751911054951,0.970234530973623,1.01149273022708
12.4,3,0.993595909174727,0.970330547902236,1.0112898792608
12.6,3,0.993437846569216,0.970460170198572,1.01117148443783
12.8,3,0.993280354147543,0.970452468082498,1.01091750619948
13,3,0.993126112812014,0.970381027368192,1.01071505133744
13.2,3,0.992977815513613,0.970803937346148,1.0104823705936
13.4,3,0.992838129644766,0.970862761867633,1.01013385408799
13.6,3,0.992709660375414,0.970827996029733,1.00995241649604
13.8,3,0.992594915514991,0.971068136575295,1.00977683211852
14,3,0.992496272449615,0.971405898339241,1.00950403949557
14.2,3,0.99241594766149,0.971735064044168,1.00929164198984
14.4,3,0.99235596928727,0.972181672123763,1.00904155606525
14.6,3,0.992318153114844,0.972665269491105,1.00873802540299
14.8,3,0.992304082355017,0.972889946372709,1.00856355084234
15,3,0.992315091456875,0.973178923111818,1.00829587712319
15.2,3,0.992352254164604,0.973454739505587,1.00798068403773
15.4,3,0.992416375940218,0.97385557667944,1.00774771988128
15.6,3,0.99250799080241,0.974389964455655,1.00743628169271
15.8,3,0.992627362557593,0.975232087640882,1.00715331487844
16,3,0.992774490326377,0.976023765173281,1.00681925887748
16.2,3,0.992949118198281,0.976813375193192,1.00644697323378
16.4,3,0.993150748780519,0.977657014537032,1.0060823978188
16.6,3,0.993378660344166,0.978666236021197,1.00571605206146
16.8,3,0.993631927213878,0.979651730236385,1.00541949000104
17,3,0.993909442996545,0.980668327944649,1.00510037079802
17.2,3,0.994209946200497,0.981681408601704,1.00475138354981
17.4,3,0.99453204776096,0.982755834801865,1.00443628554994
17.6,3,0.994874259959993,0.983941880706072,1.00410441664234
17.8,3,0.995235026210525,0.985095852111419,1.00377384707265
18,3,0.995612751164873,0.986358297811953,1.00341168214831
18.2,3,0.996005830608317,0.987596817979049,1.00308305698203
18.4,3,0.99641268060809,0.988903177521055,1.00273052855872
18.6,3,0.996831765407394,0.990234876916728,1.00238921355865
18.8,3,0.997261623582338,0.991589302539032,1.00207714827261
19,3,0.99770089201675,0.992964124969425,1.00171613641643
19.2,3,0.998148327294706,0.994362174567479,1.00137078823372
19.4,3,0.998602824162719,0.995764958572808,1.00103574172254
19.6,3,0.999063430771678,0.997171059941293,1.00070063547448
19.8,3,0.999529360471722,0.998579629047439,1.00035031446738
20,3,1,1,1
20.2,3,1.00047491397033,0.999654121279876,1.00143088310003
20.4,3,1.00095384564374,0.999302208576903,1.00287177839896
20.6,3,1.00143671402826,0.998961023348131,1.00432918165223
20.8,3,1.00192360742382,0.998622287279573,1.0057879181527
21,3,1.00241477359226,0.998306076924758,1.00720136331916
21.2,3,1.00291060679218,0.997971915010135,1.0086083294639
21.4,3,1.00341163197205,0.997642821660197,1.01003573664429
21.6,3,1.00391848646255,0.997277495915935,1.01148999948396
21.8,3,1.00443189954886,0.99690803071398,1.01293148250663
22,3,1.00495267033519,0.996613454153819,1.01433504898882
22.2,3,1.00548164433742,0.996284423334653,1.0158828388239
22.4,3,1.00601968925401,0.995947137447062,1.01738190241696
22.6,3,1.00656767037132,0.995644927500199,1.01888509250979
22.8,3,1.00712642605679,0.995389656445641,1.02043629949437
23,3,1.00769674378234,0.995092347493009,1.02210270159625
23.2,3,1.00827933710192,0.994770047616136,1.0236081296482
23.4,3,1.00887482398115,0.994548158834675,1.02521519675553
23.6,3,1.00948370684493,0.994393709391593,1.02680815203821
23.8,3,1.01010635467132,0.994182540572994,1.02832800073605
24,3,1.01074298741729,0.993969582600323,1.02983356052278
24.2,3,1.01139366301608,0.993885037596044,1.0313228157705
24.4,3,1.01205826713677,0.993817047046195,1.03288641477116
24.6,3,1.01273650584584,0.993791563476378,1.03440524680181
24.8,3,1.01342790125858,0.993703131793738,1.03601417666841
25,3,1.01413179021642,0.993647819743793,1.03763165757527
25.2,3,1.01484732597511,0.993673392196876,1.03937121974512
25.4,3,1.01557348283902,0.993679541528779,1.0411160574727
25.6,3,1.01630906362993,0.993590227646653,1.04285335895005
25.8,3,1.01705270983431,0.993556167078369,1.04447538804755
26,3,1.01780291423279,0.993567547444885,1.04623830214077
26.2,3,1.01855803577906,0.993616063653012,1.04783508921462
26.4,3,1.01931631646413,0.993625630682367,1.04941161894794
26.6,3,1.02007589987509,0.993591416116716,1.05126936603968
26.8,3,1.02083485113647,0.993717799080795,1.05282184674359
27,3,1.02159117790675,0.993806605026564,1.05451683843694
27.2,3,1.02234285209278,0.994030623417078,1.05580852811642
27.4,3,1.02308783194059,0.994126943998509,1.0573595766565
27.6,3,1.02382408416307,0.994332595366735,1.05896812385562
27.8,3,1.02454960577178,0.99448152019596,1.06045557658275
28,3,1.02526244529316,0.994547517844285,1.06205592320456
28.2,3,1.02596072306667,0.994614181789546,1.06361638974146
28.4,3,1.02664265034456,0.994695626887878,1.06504691193739
28.6,3,1.02730654693951,0.994751194581394,1.06642478890766
28.8,3,1.02795085719598,0.994840118482052,1.06760570383204
29,3,1.02857416409408,0.994891290021169,1.068920892003
29.2,3,1.02917520132977,0.99495317986823,1.07031325703449
29.4,3,1.02975286325205,0.995016555773239,1.07142036356731
29.6,3,1.03030621257535,0.99509811595991,1.0724556383834
29.8,3,1.030834485823,0.995165975111674,1.07381401113642
30,3,1.03133709649529,0.995309814462659,1.07491916678332
30.2,3,1.03181363599124,0.995358408850659,1.07604493937606
30.4,3,1.03226387234802,0.995406450894298,1.07702413991479
30.6,3,1.03268774689327,0.995453744530353,1.07772054751884
30.8,3,1.03308536893512,0.995529877143999,1.07849077902586
31,3,1.03345700863997,0.995535113479647,1.07925370505512
31.2,3,1.03380308827027,0.99556407751861,1.07984566303361
31.4,3,1.03412417197258,0.995644668994826,1.08034591680461
31.6,3,1.03442095432034,0.995710008925586,1.08106155996222
31.8,3,1.03469424782525,0.995737360186038,1.08162256980322
32,3,1.03494496963736,0.995706807377818,1.08244724307112
32.2,3,1.03517412765536,0.995711755297699,1.08338359848896
32.4,3,1.03538280626639,0.995633126238374,1.08386379895988
32.6,3,1.03557215192913,0.995538135462985,1.08414037106975
32.8,3,1.03574335880471,0.995423855716691,1.084801865713
33,3,1.03589765462809,0.995306332200792,1.08514327786943
33.2,3,1.03603628699792,0.99535343285853,1.08534233858059
33.4,3,1.0361605102464,0.995341696265118,1.08550437472991
33.6,3,1.03627157303228,0.995305582752255,1.08563140551864
33.8,3,1.03637070678031,0.995288895154958,1.08567395893431
34,3,1.03645911507062,0.995265046837615,1.08576301112762
34.2,3,1.03653796406002,0.995192901089618,1.086085364486
34.4,3,1.03660837399699,0.995086453472883,1.08630969490352
34.6,3,1.03667141187142,0.994953006235649,1.08656003381136
34.8,3,1.03672808522053,0.994884155132756,1.08682045060475
35,3,1.03677933709366,0.994776008191499,1.0870741169323
35.2,3,1.03682604216125,0.99469240348834,1.08752845336475
35.4,3,1.03686900393725,0.99459679515225,1.08755273507811
35.6,3,1.03690895306997,0.994501933609388,1.0880245893544
35.8,3,1.03694654664364,0.994439547838525,1.08826188840737
36,3,1.03698236842257,0.994294738025496,1.08825127973235
36.2,3,1.0370169299605,0.994128855039159,1.0886703073445
36.4,3,1.03705067249136,0.993979738972855,1.08960174762612
36.6,3,1.03708396951218,0.99381107880275,1.09015945176646
36.8,3,1.03711712996587,0.993653160581134,1.09054269320146
37,3,1.03715040193023,0.99353693454922,1.09062960337456
37.2,3,1.03718397671933,0.993439843262751,1.09079640541986
37.4,3,1.03721799330549,0.993401931351676,1.09116877146008
37.6,3,1.03725254297256,0.99333528113534,1.09195873849326
37.8,3,1.03728767411576,0.993237035221657,1.09197683963768
38,3,1.03732339710833,0.993230175888839,1.09210420492718
38.2,3,1.03735968916116,0.99319934156484,1.0922334063589
38.4,3,1.03739649910843,0.993118666062976,1.09231610383041
38.6,3,1.03743375205941,0.993057315520391,1.09280505064738
38.8,3,1.03747135386396,0.993056120114307,1.09333571705785
39,3,1.03750919534718,0.99300693870389,1.09363113681936
39.2,3,1.03754715627612,0.992939853562295,1.09388325992127
39.4,3,1.03758510902934,0.992874371060624,1.09428583868328
39.6,3,1.03762292194732,0.992810651260041,1.09502598646585
39.8,3,1.03766046234869,0.992748834714387,1.09574610364438
40,3,1.03769759920423,0.992689042520859,1.09606144890827
0,4,1.018543209928,0.997823422796569,1.04032223605306
0.2,4,1.01806683188011,0.997442854346894,1.03932196511253
0.4,4,1.01758190721018,0.996998664222592,1.03845198015805
0.6,4,1.0170900433354,0.99675665315163,1.03749220577791
0.8,4,1.01659297257226,0.996742770996799,1.03660620399915
1,4,1.01609254182002,0.996907530802986,1.03557548515666
1.2,4,1.015590700205,0.996896596571895,1.03467036768208
1.4,4,1.01508948473185,0.99704885730972,1.03383303115221
1.6,4,1.0145910040224,0.997072987005328,1.03252507067965
1.8,4,1.01409742025829,0.99689871243173,1.03201488711653
2,4,1.01361092947874,0.99681183709855,1.03121318703994
2.2,4,1.01313374041963,0.996647332498086,1.030440544186
2.4,4,1.01266805211342,0.996340301843405,1.0295253242046
2.6,4,1.01221603050092,0.99605559961635,1.02866425023075
2.8,4,1.01177978433457,0.99627542946255,1.02784043174297
3,4,1.01136134067862,0.99619417064403,1.02713005391887
3.2,4,1.01096262033283,0.99633358737076,1.02641397487477
3.4,4,1.01058541352409,0.99619385329673,1.02588435308559
3.6,4,1.01023135622229,0.996091430539071,1.02543694435613
3.8,4,1.00990190744405,0.99582126052811,1.02521261376467
4,4,1.00959832790938,0.99563964419487,1.02463998774397
4.2,4,1.00932166041176,0.995347353591766,1.0240758652712
4.4,4,1.0090727122519,0.995373097212396,1.02366013484062
4.6,4,1.00885204006853,0.995291276450938,1.02324709244397
4.8,4,1.00865993737692,0.995093396451911,1.02280424180011
5,4,1.00849642509715,0.99513588926039,1.02243507161344
5.2,4,1.00836124531919,0.99488073148836,1.02213570958615
5.4,4,1.00825385851188,0.994779820581073,1.02195226031044
5.6,4,1.00817344433753,0.994746072338644,1.02159480361842
5.8,4,1.00811890618363,0.994804073769984,1.02138635384453
6,4,1.00808887946932,0.994858415157375,1.02130580651632
6.2,4,1.00808174372677,0.994846132245981,1.02118755504987
6.4,4,1.00809563839757,0.994963792548692,1.02099335005685
6.6,4,1.00812848222283,0.995094759375275,1.02082882537625
6.8,4,1.00817799604333,0.995340811070726,1.0207705672331
7,4,1.00824172876454,0.99555375739908,1.02071532844945
7.2,4,1.00831708618096,0.995769736409469,1.02066695610916
7.4,4,1.0084013622972,0.995915264821049,1.02068569779437
7.6,4,1.00849177273005,0.995963149831427,1.02059359079068
7.8,4,1.00858548972759,0.99616236172488,1.02066640132985
8,4,1.00867967830035,0.996455055576908,1.02060452983548
8.2,4,1.00877153292577,0.996779505415872,1.02079436757023
8.4,4,1.00885831426194,0.997100120350593,1.02103406427567
8.6,4,1.00893738529153,0.99729940017979,1.02105717768408
8.8,4,1.00900624631163,0.997334672957054,1.0211491090648
9,4,1.00906256819118,0.9973105284233,1.02125993637169
9.2,4,1.00910422333445,0.997392174839204,1.02131702840816
9.4,4,1.00912931381797,0.997610723278005,1.02130681162782
9.6,4,1.00913619620679,0.997536947354492,1.02135500060204
9.8,4,1.00912350260653,0.997635488723227,1.02138970900521
10,4,1.00909015756691,0.997865923622445,1.0214705005682
10.2,4,1.00903539052043,0.997995708354629,1.0214233657719
10.4,4,1.00895874351606,0.997891307828533,1.02141738328309
10.6,4,1.00886007408849,0.997837357063362,1.02122922645675
10.8,4,1.00873955318969,0.997811652702531,1.02108462043546
11,4,1.00859765819707,0.997921064918026,1.02098060120669
11.2,4,1.00843516110115,0.997793127213886,1.02078607409008
11.4,4,1.00825311206242,0.997783417932334,1.0206448851765
11.6,4,1.00805281861087,0.997790809808413,1.02046694204806
11.8,4,1.00783582084028,0.997511624298713,1.02034940204731
12,4,1.00760386302092,0.997226256571556,1.02003814479713
12.2,4,1.0073588621183,0.996942970582478,1.01968782882335
12.4,4,1.00710287375971,0.996905907790085,1.01940813891042
12.6,4,1.0068380562339,0.996602678918497,1.0191279547354
12.8,4,1.00656663314234,0.996366296119205,1.01882599401693
13,4,1.00629085534094,0.996101330977851,1.01856676131925
13.2,4,1.00601296282091,0.995769569834448,1.01822232307907
13.4,4,1.00573514717421,0.995519847383364,1.01770009871429
13.6,4,1.00545951527532,0.995306601285027,1.01715982109999
13.8,4,1.00518805478575,0.995178810950846,1.01665938180687
14,4,1.00492260205228,0.995016543631137,1.01621603873422
14.2,4,1.00466481292491,0.994792450308023,1.01574646727453
14.4,4,1.00441613696717,0.994592973751187,1.01517097181316
14.6,4,1.00417779547038,0.994391204002708,1.0146603919095
14.8,4,1.00395076361642,0.994297159733417,1.01425290817756
15,4,1.00373575706124,0.994289637545328,1.01381762833473
15.2,4,1.00353322313528,0.994321502822735,1.01340209549859
15.4,4,1.00334333677817,0.994413525624259,1.01287192024163
15.6,4,1.00316600124495,0.994408935533897,1.0123343838445
15.8,4,1.00300085354128,0.994498664613142,1.01176291738998
16,4,1.00284727446524,0.994606965555142,1.01131666650468
16.2,4,1.00270440305751,0.994747738809269,1.01079523217376
16.4,4,1.00257115518755,0.995005833461247,1.01026059794382
16.6,4,1.00244624593553,0.995268810455745,1.00970754515101
16.8,4,1.00232821536626,0.995463964099119,1.00913044964293
17,4,1.00221545723557,0.995736409631527,1.00854923911578
17.2,4,1.00210625012103,0.996002475251749,1.00795294831749
17.4,4,1.00199879042901,0.99625225314893,1.00738029333604
17.6,4,1.00189122669956,0.996523726034605,1.00692961583341
17.8,4,1.0017816946102,0.996849953031149,1.0063865176731
18,4,1.00166835206942,0.997172779173139,1.00580304781173
18.2,4,1.00154941379133,0.997464389352224,1.00523887625858
18.4,4,1.00142318475478,0.997754962843581,1.0046835184474
18.6,4,1.00128809197196,0.998063266698677,1.00410058543726
18.8,4,1.00114271402485,0.998381918368035,1.00353900870062
19,4,1.00098580786994,0.998685481355053,1.00295962660934
19.2,4,1.00081633246391,0.998975585170244,1.00238455067508
19.4,4,1.00063346882239,0.999250368640717,1.00182936971
19.6,4,1.00043663619126,0.999509966525331,1.00123925408596
19.8,4,1.00022550408208,0.999752659893867,1.00062007601758
20,4,1,1,1
20.2,4,0.999760312771765,0.999360259255653,1.00024142565888
20.4,4,0.999506891461247,0.998695551146902,1.0004835186637
20.6,4,0.999240439939283,0.997983787928782,1.00070986779823
20.8,4,0.998961907251365,0.997278166503268,1.00092966901383
21,4,0.998672473999495,0.996544232356176,1.00111640737096
21.2,4,0.998373535021846,0.995772940060323,1.00129782618562
21.4,4,0.998066678714491,0.995013101463598,1.00149069517446
21.6,4,0.99775366339222,0.994223967975708,1.00167120349238
21.8,4,0.997436391129524,0.993430820628711,1.00184444085039
22,4,0.997116879557546,0.992628305389199,1.00205986240752
22.2,4,0.99679723211771,0.991838699435549,1.00225655653575
22.4,4,0.996479607287738,0.991074105981254,1.00244328844057
22.6,4,0.996166187300885,0.990279155261854,1.00265430201926
22.8,4,0.995859146874732,0.989546787486763,1.00288782932453
23,4,0.995560622452244,0.988789280267169,1.00308038459513
23.2,4,0.995272682435723,0.988074848648616,1.0032338081734
23.4,4,0.994997298864502,0.987374926659846,1.00340274692755
23.6,4,0.994736320950617,0.986702060256102,1.00360630974171
23.8,4,0.994491450844331,0.986059879998531,1.00383602447861
24,4,0.994264221954185,0.985496695560385,1.00406708248958
24.2,4,0.9940559800954,0.985001954306495,1.00431602687597
24.4,4,0.993867867686867,0.98451504242708,1.00457843382812
24.6,4,0.993700811161807,0.984042685647893,1.00479098725704
24.8,4,0.993555511701401,0.983642602948658,1.00506930424871
25,4,0.993432439345165,0.983315324945593,1.00524187057549
25.2,4,0.993331830477598,0.982968966859738,1.00545740016341
25.4,4,0.993253688638279,0.982626594013789,1.00563919193712
25.6,4,0.993197788553064,0.982428167095962,1.00597695304526
25.8,4,0.993163683237765,0.982242121743971,1.00629246821566
26,4,0.993150713983453,0.982020915852869,1.00678307276251
26.2,4,0.993158022994603,0.981819590787334,1.00714587954412
26.4,4,0.993184568418275,0.98169463125879,1.00740906098147
26.6,4,0.993229141474531,0.981635184931085,1.00771833058817
26.8,4,0.993290385375764,0.981506583872366,1.00823664191211
27,4,0.993366815705523,0.981479093490239,1.00851637996162
27.2,4,0.993456841916018,0.981472670576807,1.00865584755511
27.4,4,0.993558789597644,0.981446568311858,1.00878217462054
27.6,4,0.993670923173604,0.981346101121746,1.00907190810218
27.8,4,0.993791468677812,0.98122797713693,1.00940922758606
28,4,0.99391863628457,0.981128130158871,1.00961494633055
28.2,4,0.994050642273615,0.98111873741169,1.00986747267434
28.4,4,0.994185730133855,0.981128321606617,1.01040197917994
28.6,4,0.994322190532766,0.981187427028962,1.01088271216064
28.8,4,0.994458379905741,0.98122560037579,1.01109121103459
29,4,0.994592737449985,0.981252020420524,1.0114270372569
29.2,4,0.994723800340269,0.981328631324434,1.01178483272547
29.4,4,0.994850217018409,0.981428876822357,1.01210221335043
29.6,4,0.994970758444018,0.981526618543926,1.01229122701454
29.8,4,0.995084327230287,0.98156785629873,1.01267527597533
30,4,0.995189964624606,0.981609242049901,1.01299598407184
30.2,4,0.995286855329109,0.981644819686535,1.01302747277579
30.4,4,0.995374330190136,0.981692603827543,1.01322433865303
30.6,4,0.995451866817571,0.981750523342567,1.01360785443142
30.8,4,0.995519088224573,0.98178584816567,1.01388522423401
31,4,0.995575759604863,0.981697542540228,1.01420791854904
31.2,4,0.99562178338821,0.981638474311025,1.01441977049813
31.4,4,0.995657192734661,0.98162063108128,1.01455011632781
31.6,4,0.995682143644305,0.981496725262386,1.01463992319763
31.8,4,0.995696905871729,0.981446540516791,1.01471710602762
32,4,0.995701852842855,0.981416503692711,1.01480142957397
32.2,4,0.995697450776553,0.981387511040375,1.01505031200128
32.4,4,0.995684247214418,0.981292732787584,1.0152888978233
32.6,4,0.99566285915959,0.981262449525532,1.01550840489997
32.8,4,0.995633961019745,0.981175565186024,1.01551311127725
33,4,0.995598272540611,0.981163429777329,1.01578909229654
33.2,4,0.995556546905052,0.980881999884646,1.01592754309462
33.4,4,0.995509559159126,0.980789759198335,1.01599126030141
33.6,4,0.995458095111087,0.980600862093893,1.01600056747526
33.8,4,0.995402940832352,0.980320597036268,1.01603289208927
34,4,0.995344872871544,0.98003640112019,1.01598998830033
34.2,4,0.995284649274047,0.979888720002853,1.01598648569577
34.4,4,0.995223001480666,0.97978640134494,1.0159553452299
34.6,4,0.995160627160167,0.979680198494194,1.015927444838
34.8,4,0.995098184012095,0.979606103402988,1.0162317132032
35,4,0.995036284558595,0.979502829843951,1.01656452665657
35.2,4,0.994975491927284,0.979379912475354,1.01699863004521
35.4,4,0.994916316611724,0.979259911449335,1.01716373172753
35.6,4,0.994859214181935,0.979158407053662,1.01729900898809
35.8,4,0.994804583904821,0.97903977899203,1.01747943519656
36,4,0.994752768223409,0.97893458746124,1.01764428059075
36.2,4,0.99470405303456,0.978987304397603,1.01770252699915
36.4,4,0.994658668697256,0.978883066216495,1.01790640633569
36.6,4,0.994616791697762,0.978652762029802,1.01811733155535
36.8,4,0.994578546893808,0.978499599248644,1.01822814090282
37,4,0.994544010257421,0.978285073689892,1.01867144289929
37.2,4,0.994513212035026,0.977978142730577,1.01899939139725
37.4,4,0.994486140243879,0.977744619057676,1.01919005402854
37.6,4,0.994462744425589,0.9774394692774,1.01921143547237
37.8,4,0.994442939580372,0.977276544233317,1.01955992935651
38,4,0.994426610209566,0.977145076646255,1.0197544771093
38.2,4,0.994413614398647,0.976835883535659,1.01985141813961
38.4,4,0.994403787878453,0.976672256829938,1.01995608166864
38.6,4,0.994396948008277,0.976551416596861,1.02005441872016
38.8,4,0.994392897630857,0.976022615200892,1.02010321131966
39,4,0.994391428755932,0.975631678426064,1.02017598290577
39.2,4,0.994392326035719,0.975328913050292,1.02042063980125
39.4,4,0.994395370002386,0.975046361312501,1.02063744029605
39.6,4,0.994400340044168,0.974819638602233,1.02071952537818
39.8,4,0.994407017103083,0.974691683402905,1.02092738450859
40,4,0.994415186083206,0.974414526795241,1.02132551908475
0,5,1.01803726296705,0.996047840676549,1.03920807879334
0.2,5,1.01756241146213,0.996084546890119,1.03814916221541
0.4,5,1.01707910942777,0.996186940833201,1.03692428751597
0.6,5,1.01658896788338,0.996223594568887,1.03577884042908
0.8,5,1.01609372274053,0.996179038114355,1.03497060399814
1,5,1.01559522448342,0.996320050138985,1.03389847438877
1.2,5,1.01509542581122,0.99638273497151,1.03331602241516
1.4,5,1.0145963672883,0.996473183264787,1.03261547010871
1.6,5,1.01410016108297,0.996616694644742,1.03177265022207
1.8,5,1.01360897291085,0.996496853475349,1.03071828396302
2,5,1.0131250023341,0.996143170236675,1.0296306721611
2.2,5,1.01265046160273,0.995715247844587,1.02894939222834
2.4,5,1.01218755325718,0.995526801122332,1.02814515461
2.6,5,1.0117384467431,0.995473437415103,1.02745175140962
2.8,5,1.01130525431776,0.995526742113861,1.02676094452642
3,5,1.01089000655316,0.99532450156405,1.02637708264236
3.2,5,1.01049462776243,0.995149390254818,1.02557835726029
3.4,5,1.01012091169328,0.994941432254387,1.0248813334916
3.6,5,1.00977049784485,0.994628122660941,1.02412925996824
3.8,5,1.00944484877108,0.994591229898633,1.02349886770577
4,5,1.00914522873538,0.994359221546552,1.0231007918712
4.2,5,1.00887268407681,0.994132500464945,1.02248693567519
4.4,5,1.00862802563772,0.994035761619611,1.02203357660039
4.6,5,1.0084118135858,0.99405148673535,1.02160304215443
4.8,5,1.00822434494123,0.994145764785833,1.02125274114567
5,5,1.00806564409032,0.9941682272503,1.02095182655154
5.2,5,1.00793545653288,0.994127859608887,1.02055366718069
5.4,5,1.00783324607005,0.994328575027809,1.02025326786702
5.6,5,1.00775819559414,0.99438582274709,1.02005745920307
5.8,5,1.00770921159216,0.994515800328544,1.01993439423085
6,5,1.00768493242043,0.994605521819531,1.01973464925107
6.2,5,1.00768374035063,0.994631618735264,1.01952945064536
6.4,5,1.00770377732755,0.99481219837569,1.01945927554995
6.6,5,1.00774296431732,0.995046087723194,1.01950467465052
6.8,5,1.00779902406287,0.995341794982367,1.01954216698014
7,5,1.00786950700168,0.995479433665704,1.01954756709424
7.2,5,1.00795182004065,0.99583229516344,1.0195462454532
7.4,5,1.00804325782622,0.996068176969764,1.01966464125601
7.6,5,1.00814103609401,0.99633351824606,1.01965273363208
7.8,5,1.00824232663515,0.99648244856082,1.01976955609928
8,5,1.00834429337458,0.996769535981296,1.01969452068093
8.2,5,1.00844412902311,0.996978677122946,1.01978705494565
8.4,5,1.00853909174023,0.997186987319889,1.01998521120112
8.6,5,1.00862654122888,0.997471801376728,1.02026732723762
8.8,5,1.00870397367865,0.997677212061844,1.02041322164107
9,5,1.00876905497974,0.997791164889058,1.02047421667188
9.2,5,1.00881965164682,0.997716834131848,1.02042341437518
9.4,5,1.00885385892033,0.997740515427069,1.020461383769
9.6,5,1.00887002555223,0.997923383936258,1.02027796165024
9.8,5,1.00886677483245,0.998131140890181,1.02034620268693
10,5,1.00884302147252,0.998234696472803,1.02041792546886
10.2,5,1.00879798403017,0.998104867588589,1.02039375286685
10.4,5,1.00873119263488,0.998022347761329,1.02044213034039
10.6,5,1.00864249185538,0.997838992262338,1.02022322539632
10.8,5,1.00853203863548,0.99781070521385,1.01998130512307
11,5,1.00840029531283,0.997797738151749,1.01979873962707
11.2,5,1.00824801782326,0.997770420709585,1.01961592205961
11.4,5,1.00807623928039,0.997730779922009,1.01948279792477
11.6,5,1.00788624920362,0.997803194471963,1.01937167015242
11.8,5,1.00767956874647,0.997860687854221,1.01946459605543
12,5,1.00745792234876,0.99782409189683,1.01940710992529
12.2,5,1.00722320629979,0.997662912944139,1.01915757513503
12.4,5,1.0069774547542,0.997555930190003,1.01891686190301
12.6,5,1.00672280378549,0.997505338659706,1.01858107031322
12.8,5,1.00646145409544,0.997253264326897,1.01828002571929
13,5,1.00619563301826,0.996983294378457,1.01780710668594
13.2,5,1.00592755646763,0.99679389794461,1.01739465837839
13.4,5,1.00565939147228,0.996465405087368,1.01697099224393
13.6,5,1.00539321993171,0.996262777146962,1.01659962483431
13.8,5,1.00513100419816,0.996068868709344,1.01619555351461
14,5,1.00487455505607,0.995819049426068,1.01576163472009
14.2,5,1.00462550262491,0.995710033851482,1.01529061609327
14.4,5,1.00438527065783,0.995575228702111,1.01484227525541
14.6,5,1.00415505464812,0.995466015768184,1.014305759512
14.8,5,1.00393580408753,0.995351716369852,1.01382596224797
15,5,1.00372820914899,0.995209365199005,1.01334027381648
15.2,5,1.00353269198947,0.995147041459283,1.01281344814015
15.4,5,1.00334940279034,0.995139168639365,1.01238347254929
15.6,5,1.0031782205722,0.995207342388942,1.01187335516114
15.8,5,1.00301875874085,0.995382297216344,1.01136061740644
16,5,1.0028703752421,0.995431576749258,1.01083927991187
16.2,5,1.00273218712598,0.99551068731482,1.01025711371707
16.4,5,1.00260308924752,0.995647881814166,1.0097606789235
16.6,5,1.00248177676283,0.995905695426589,1.00924012103155
16.8,5,1.00236677101562,0.996122487672332,1.00866947790233
17,5,1.00225644835359,0.996321625016533,1.00810688144115
17.2,5,1.00214907136516,0.996528089477171,1.00760084187095
17.4,5,1.00204282198725,0.996775483446557,1.00707076758733
17.6,5,1.00193583590428,0.996969857357714,1.0065680986144
17.8,5,1.00182623763778,0.997305692016389,1.00603505370799
18,5,1.00171217571621,0.997597948353902,1.00552248729202
18.2,5,1.00159185731498,0.997865437086509,1.0049695524934
18.4,5,1.00146358176855,0.998153789410875,1.00444891363586
18.6,5,1.00132577237851,0.998447473527578,1.0039385863244
18.8,5,1.00117700597493,0.99872946681745,1.0033894435456
19,5,1.00101603973046,0.998982879053344,1.00285209808565
19.2,5,1.00084183477928,0.999185008659709,1.00229610852234
19.4,5,1.0006535762525,0.999417025083441,1.00175629143506
19.6,5,1.00045068940937,0.999627302455755,1.00118725893429
19.8,5,1.00023285161595,0.999819597547131,1.00060121276056
20,5,1,1,1
20.2,5,0.999752334690343,0.999374818158645,1.00016694761935
20.4,5,0.999490317629142,0.998712347186388,1.00032264907153
20.6,5,0.999214667025017,0.998029977738063,1.00046977207244
20.8,5,0.998926347592031,0.997328576512254,1.0005951162208
21,5,0.998626556792529,0.9966211878123,1.0007643672452
21.2,5,0.998316707369309,0.995891269523604,1.00091693452929
21.4,5,0.997998406513391,0.995137779649715,1.00106086898639
21.6,5,0.9976734320665,0.994391614128758,1.00118955699491
21.8,5,0.997343706201515,0.993622859843905,1.00130500086174
22,5,0.997011267058864,0.99286276051652,1.00146271941371
22.2,5,0.99667823884174,0.992081059856038,1.00158642393368
22.4,5,0.996346800887963,0.991239842458172,1.00176988562045
22.6,5,0.996019156241315,0.990431525547326,1.00185353946203
22.8,5,0.995697500240542,0.989691846036027,1.00192175288691
23,5,0.995383989630461,0.988996050772101,1.00198726476784
23.2,5,0.995080712677305,0.988303893179703,1.00206271719968
23.4,5,0.994789660740436,0.987645505935628,1.00225855125947
23.6,5,0.994512701715767,0.98697940509276,1.00239749808912
23.8,5,0.994251555723571,0.986338246354564,1.00256691525091
24,5,0.99400777336598,0.985740775703137,1.00272578053654
24.2,5,0.993782716828307,0.985191453955964,1.00283916109435
24.4,5,0.993577544044555,0.984712926816521,1.00303756043882
24.6,5,0.993393196092075,0.984270737995112,1.00314620147477
24.8,5,0.993230387924291,0.98387810304851,1.00328813139606
25,5,0.993089602494734,0.983548390422094,1.00357490650671
25.2,5,0.992971088271132,0.983238837549923,1.00384739203056
25.4,5,0.99287486008582,0.982934248363851,1.00414716625473
25.6,5,0.992800703219009,0.982668726425918,1.00444957037074
25.8,5,0.992748180565087,0.982462745613484,1.00466405451387
26,5,0.992716642689738,0.982265878959556,1.0049368264581
26.2,5,0.992705240547678,0.982092053129976,1.00524560759254
26.4,5,0.99271294059768,0.982054893687139,1.00555172480426
26.6,5,0.992738542023558,0.982037008411667,1.0058213563341
26.8,5,0.992780695747186,0.98192009115821,1.00612506523858
27,5,0.992837924902591,0.981844928766199,1.00642472755812
27.2,5,0.992908646428709,0.981806006348651,1.00654996322195
27.4,5,0.992991193432657,0.98179581935792,1.00693298140633
27.6,5,0.993083837975126,0.981773623318789,1.00733219432241
27.8,5,0.993184813934716,0.981760715965781,1.00762689377167
28,5,0.993292339618405,0.981795292252525,1.00789966883929
28.2,5,0.993404639800625,0.981771189259676,1.0082559014571
28.4,5,0.993519966893183,0.981824868819826,1.00840219359906
28.6,5,0.993636620972143,0.981905632623531,1.00843267640137
28.8,5,0.993752968415197,0.981937260070329,1.00861601934257
29,5,0.993867458933545,0.981944063665195,1.00878280134217
29.2,5,0.993978640815167,0.981993482753892,1.00904351788817
29.4,5,0.994085174231099,0.982081715218598,1.00914279136349
29.6,5,0.994185842492169,0.982141018544841,1.00937927951409
29.8,5,0.994279561180021,0.982197817542348,1.00960006162973
30,5,0.994365385112447,0.982197510435633,1.00988423075688
30.2,5,0.994442513138482,0.982181037644451,1.01010213202684
30.4,5,0.994510290792765,0.982162589299857,1.0102152833026
30.6,5,0.994568210870729,0.982113536253667,1.010343668907
30.8,5,0.99461591201587,0.982040039148973,1.01036259067091
31,5,0.994653175437086,0.981937478515634,1.01054988846108
31.2,5,0.994679919897595,0.981881125116827,1.01066289635615
31.4,5,0.994696195136943,0.981844529486755,1.01073957447448
31.6,5,0.994702173903866,0.981821773552275,1.01085387992881
31.8,5,0.994698142790167,0.981773128695275,1.01092451190548
32,5,0.99468449206431,0.98170066110798,1.01093152131055
32.2,5,0.994661704708127,0.98161861047353,1.01095354168192
32.4,5,0.994630344860989,0.981491616071577,1.01114519343954
32.6,5,0.994591045873278,0.981326505737387,1.01133411485994
32.8,5,0.994544498165153,0.981308871685968,1.01129599562507
33,5,0.994491437077822,0.981197793481386,1.01126161606013
33.2,5,0.994432630893117,0.981036868971147,1.01132837665849
33.4,5,0.994368869183491,0.980882553868678,1.01130667015558
33.6,5,0.99430095163902,0.980763952062672,1.01137169601422
33.8,5,0.994229677501017,0.980518801854275,1.01148277077803
34,5,0.994155835713806,0.980276669822664,1.01138426494885
34.2,5,0.994080195887534,0.980160841373734,1.01128860552842
34.4,5,0.99400350014593,0.980075526968736,1.01123998313739
34.6,5,0.993926455914044,0.97994990065593,1.01133847088163
34.8,5,0.993849729682567,0.979758343633013,1.01129516992552
35,5,0.993773941767589,0.979769845171191,1.01148406424582
35.2,5,0.993699662067901,0.979685015643878,1.01163855307318
35.4,5,0.993627406806424,0.979707554636657,1.01180933989974
35.6,5,0.993557636228149,0.979555289912628,1.01185834226537
35.8,5,0.993490753214395,0.979425803003549,1.01188256633106
36,5,0.993427102762134,0.97939024033099,1.01192255633515
36.2,5,0.993366972267897,0.979234292547923,1.01212914638449
36.4,5,0.993310592548138,0.979067820881746,1.01220166267234
36.6,5,0.993258139522125,0.97908936948553,1.01234476229998
36.8,5,0.993209736479231,0.978771240165225,1.01247123976877
37,5,0.993165456849942,0.978464793739107,1.01254235328202
37.2,5,0.993125327398896,0.978281429676586,1.01269495230601
37.4,5,0.993089331758647,0.977991463226643,1.01287329761132
37.6,5,0.993057414224549,0.978001639179828,1.01306064566496
37.8,5,0.993029483734016,0.977856489408876,1.01325568289187
38,5,0.993005417957278,0.977660564778136,1.01333865766422
38.2,5,0.992985067431465,0.977553796823085,1.01352193537818
38.4,5,0.992968259675286,0.97739164402197,1.01360527132664
38.6,5,0.992954803227545,0.977026416164861,1.01386584914663
38.8,5,0.992944491559083,0.976858047454606,1.0140437451868
39,5,0.992937106814367,0.97657381161903,1.01424282396268
39.2,5,0.992932423345665,0.976252724829764,1.01442185461966
39.4,5,0.992930211009446,0.975828702693346,1.01456029886952
39.6,5,0.992930238201232,0.975548918013911,1.0148807017575
39.8,5,0.992932274611466,0.975239881189151,1.01517654851821
40,5,0.992936093690966,0.974882715440773,1.01538189993838
0,6,1.01822613218865,0.989274802018753,1.04292073643333
0.2,6,1.01774687406194,0.98917336327504,1.0421761616717
0.4,6,1.01725893235935,0.98912605473568,1.04120289581238
0.6,6,1.0167639170236,0.989279049946452,1.04050727015145
0.8,6,1.01626356406476,0.989474728488265,1.03951469808068
1,6,1.01575972532933,0.989716405164563,1.03866862096115
1.2,6,1.01525435622766,0.989983211125998,1.03787139073336
1.4,6,1.01474950146493,0.989868664247664,1.0371916125896
1.6,6,1.01424727885536,0.990094660512835,1.03685045761891
1.8,6,1.01374986133501,0.990366755070039,1.0359978422681
2,6,1.01325945732347,0.990606790447108,1.03522157530463
2.2,6,1.01277828961985,0.990825118930465,1.03437068716579
2.4,6,1.01230857305144,0.990939052898469,1.03353060551329
2.6,6,1.01185249112525,0.990836424089524,1.03305157707845
2.8,6,1.01141217196112,0.990958209409348,1.03227386006295
3,6,1.01098966381061,0.991189058724019,1.03140331259394
3.2,6,1.01058691048775,0.991177871582619,1.03067599968646
3.4,6,1.01020572705474,0.991383429967225,1.03001715753937
3.6,6,1.0098477761181,0.991503054251875,1.02937675012984
3.8,6,1.00951454509809,0.991589276297695,1.02881520114619
4,6,1.00920732483541,0.991570376802399,1.02800503251993
4.2,6,1.00892718989495,0.99136919341176,1.02772276784322
4.4,6,1.00867498091587,0.990961913215238,1.02729981621877
4.6,6,1.00845128934088,0.99076858211645,1.02705586750698
4.8,6,1.00825644483447,0.990754089358335,1.02690094401658
5,6,1.00809050567165,0.990549569814978,1.02676914692959
5.2,6,1.00795325234389,0.990374429536682,1.02674305992325
5.4,6,1.00784418458887,0.990273165023836,1.02633539895422
5.6,6,1.00776252200564,0.990423977698491,1.02607338292015
5.8,6,1.00770720836688,0.990528113095376,1.02607420585936
6,6,1.00767691968586,0.990581072033213,1.02611028193579
6.2,6,1.00767007603904,0.990761279122988,1.02594301506887
6.4,6,1.00768485708495,0.990958103706404,1.02568644911158
6.6,6,1.00771922115932,0.99113999565267,1.02541135770031
6.8,6,1.00777092776389,0.991237101529027,1.02535230837908
7,6,1.00783756320563,0.991251911096513,1.02532356576951
7.2,6,1.0079165690827,0.991405954232717,1.02533197249983
7.4,6,1.00800527325704,0.991517006783486,1.02523331448459
7.6,6,1.00810092290015,0.991809634251083,1.02513687557173
7.8,6,1.00820071915155,0.992038761621319,1.02505108203791
8,6,1.00830185288779,0.992213493639635,1.02497346182926
8.2,6,1.00840154106675,0.992135059721533,1.02493867335032
8.4,6,1.00849706308713,0.992007804275803,1.02508271710654
8.6,6,1.00858579658754,0.991983366692625,1.02540316073873
8.8,6,1.00866525210502,0.992025613070983,1.0258003930495
9,6,1.00873310601842,0.992063750723986,1.02597761365749
9.2,6,1.00878723121924,0.991998482669676,1.02611351023345
9.4,6,1.00882572498073,0.99197115874298,1.02627538794863
9.6,6,1.00884693353509,0.992097203612142,1.02636786667731
9.8,6,1.00884947291829,0.992481741139695,1.02643007723946
10,6,1.00883224570133,0.992555472743731,1.02645990234835
10.2,6,1.00879445329435,0.992575712742212,1.02651728227048
10.4,6,1.00873560358554,0.992528344503356,1.02659429710109
10.6,6,1.00865551375728,0.992574994239888,1.02646227940647
10.8,6,1.00855430820767,0.992651576976399,1.02628765125302
11,6,1.00843241159247,0.992953005765195,1.02607114374113
11.2,6,1.00829053709063,0.993255505005778,1.02582183855556
11.4,6,1.00812967008336,0.993565330609965,1.02578909616888
11.6,6,1.00795104751919,0.993834231748235,1.0257966694413
11.8,6,1.00775613331651,0.993874524317528,1.02574139181589
12,6,1.00754659022568,0.993936538773107,1.02547215126558
12.2,6,1.00732424863689,0.993986409680963,1.02521814016342
12.4,6,1.00709107287337,0.994113023038289,1.02457577672924
12.6,6,1.00684912555343,0.99413178598134,1.02420660747268
12.8,6,1.00660053063719,0.994071588594086,1.0238846635904
13,6,1.00634743579488,0.993860108649201,1.02335211070551
13.2,6,1.00609197474248,0.993702151743862,1.02288226329935
13.4,6,1.00583623018797,0.993895659471564,1.02254399182391
13.6,6,1.00558219801738,0.994205453770353,1.02213123460994
13.8,6,1.00533175332438,0.994366242187348,1.02156660205073
14,6,1.00508661885214,0.99444798996707,1.02081262859808
14.2,6,1.00484833637075,0.99444257082169,1.02010809252552
14.4,6,1.00461824146047,0.994400957666937,1.01951184591214
14.6,6,1.00439744210967,0.994559365301646,1.01889154194936
14.8,6,1.00418680146955,0.994634920313496,1.01825853646989
15,6,1.00398692503488,0.994621445560258,1.01754602342287
15.2,6,1.00379815244398,0.994665177198461,1.01681760669412
15.4,6,1.00362055401229,0.994627494194324,1.0162103389971
15.6,6,1.00345393203317,0.994675873234721,1.0156019759606
15.8,6,1.00329782679963,0.994832958380992,1.01503872951259
16,6,1.00315152722081,0.995053065086557,1.01453917359173
16.2,6,1.00301408583043,0.995295729419718,1.01398369816171
16.4,6,1.00288433791034,0.995536253577905,1.01317671000908
16.6,6,1.00276092438404,0.995884432377457,1.01235844750589
16.8,6,1.00264231807129,0.996138511567192,1.0116596496483
17,6,1.00252685283901,0.996393728276969,1.01096901293267
17.2,6,1.0024127551351,0.996644010252451,1.01017450835452
17.4,6,1.00229817735172,0.996884286404899,1.00945561799648
17.6,6,1.00218123243461,0.997183828180932,1.00866868279808
17.8,6,1.00206002913435,0.997517121280112,1.00794567690285
18,6,1.00193270728593,0.997818990625732,1.00729661250931
18.2,6,1.00179747250429,0.998125537031273,1.00672578849161
18.4,6,1.00165262969529,0.998375837218135,1.0061020964097
18.6,6,1.00149661480506,0.998622464788156,1.00544380472084
18.8,6,1.00132802426387,0.998883770367837,1.00465309944129
19,6,1.0011456416246,0.999107691503269,1.0039715496696
19.2,6,1.00094846094831,0.999330575325576,1.00319714391222
19.4,6,1.00073570655083,0.999530971523504,1.00243264531359
19.6,6,1.00050684879186,0.99970023236249,1.0016203244048
19.8,6,1.0002616156619,0.999862806593465,1.00082987831969
20,6,1,1,1
20.2,6,0.999722262255327,0.999154214087491,1.00012493334512
20.4,6,0.999428928786665,0.998307060917627,1.00024275824587
20.6,6,0.999120785773787,0.997447458712296,1.00035773762786
20.8,6,0.998798868892226,0.996580631621376,1.00045042774051
21,6,0.998464448976192,0.995684621103033,1.00050988664458
21.2,6,0.998119013962059,0.994828700917934,1.00060699849615
21.4,6,0.997764247465669,0.993903877071472,1.00067351213165
21.6,6,0.997402004399415,0.992991651007076,1.00069749580592
21.8,6,0.997034284079044,0.99211118002369,1.00073851838606
22,6,0.996663201304444,0.991200755813965,1.00078427951573
22.2,6,0.9962909559232,0.990296277872556,1.00081701007138
22.4,6,0.99591980140009,0.989365624586409,1.00084751507225
22.6,6,0.995552012920104,0.988532421013582,1.00084777211578
22.8,6,0.995189855547311,0.987794618334501,1.00085615891666
23,6,0.994835552947422,0.987020972488069,1.0009213544735
23.2,6,0.994491257158902,0.986253426181917,1.00103063147305
23.4,6,0.994159019866783,0.98548956603526,1.00102534958286
23.6,6,0.993840765595814,0.984768494259866,1.00110348945839
23.8,6,0.99353826719629,0.984042139476038,1.00116328631653
24,6,0.99325312394784,0.983306214285476,1.00134749302217
24.2,6,0.992986742554741,0.982733126288235,1.00144042398308
24.4,6,0.992740321252007,0.98223282658932,1.00145615866958
24.6,6,0.992514837185581,0.981747665672487,1.00149582085116
24.8,6,0.992311037173564,0.98129020817914,1.00163771729633
25,6,0.992129431899303,0.980820729484116,1.00177230994705
25.2,6,0.991970293532417,0.980387557966374,1.00182111033494
25.4,6,0.991833656721084,0.980009281472401,1.00206366733216
25.6,6,0.991719322848993,0.979663240664999,1.00222482561456
25.8,6,0.991626867403874,0.979398257049193,1.0023780675098
26,6,0.991555650261993,0.979186187637604,1.00255743766514
26.2,6,0.991504828654994,0.979013645725426,1.00281719895147
26.4,6,0.991473372552283,0.978901260241017,1.00304864730468
26.6,6,0.991460082164165,0.978696375222322,1.00318729367768
26.8,6,0.991463607248377,0.978626205278607,1.00335488435195
27,6,0.991482467885672,0.97858164086914,1.003652088349
27.2,6,0.991515076378752,0.978467150640815,1.00386177584778
27.4,6,0.991559759923187,0.978389299224538,1.00403238379452
27.6,6,0.991614783698817,0.978272220600774,1.00420053480661
27.8,6,0.991678374035513,0.978167705554661,1.00440713239607
28,6,0.991748741317642,0.978075262619766,1.00468542379861
28.2,6,0.991824102307051,0.97799368482383,1.00500938789595
28.4,6,0.991902701584325,0.977957048045844,1.00533520972951
28.6,6,0.991982831832123,0.978013549615078,1.00549313232206
28.8,6,0.992062852712035,0.977992263627248,1.00562626054293
29,6,0.992141208117088,0.977909321313307,1.005841578925
29.2,6,0.992216441615148,0.977878521011544,1.00587712709767
29.4,6,0.992287209933421,0.977887548658012,1.00593815971094
29.6,6,0.99235229437034,0.977868606143763,1.00605474395009
29.8,6,0.992410610057785,0.977787610315064,1.00610003808593
30,6,0.992461213033011,0.977805988129788,1.00630574252052
30.2,6,0.992503305115369,0.977642469893965,1.00648216906664
30.4,6,0.992536236617214,0.97758386700944,1.00654671451442
30.6,6,0.992559506950729,0.977537343450147,1.00658114899261
30.8,6,0.99257276322231,0.977454044550387,1.00660642992348
31,6,0.992575796933146,0.977365674381911,1.00660385321187
31.2,6,0.992568538928404,0.977308847119496,1.00666482803908
31.4,6,0.992551052757611,0.977247593064316,1.00665374381345
31.6,6,0.992523526625266,0.97718199418952,1.00652573058992
31.8,6,0.992486264123354,0.977208380249925,1.00648256078254
32,6,0.992439673946033,0.97725199838504,1.00637632158362
32.2,6,0.992384258791668,0.977202659505516,1.00618980251037
32.4,6,0.992320603658414,0.977057082485373,1.0060820724811
32.6,6,0.99224936373712,0.976903387902164,1.00607099923845
32.8,6,0.992171252099538,0.976562826167026,1.00610385061107
33,6,0.992087027371104,0.976306590299297,1.00610810309988
33.2,6,0.991997481566117,0.976091902132104,1.00618723508184
33.4,6,0.99190342824948,0.975942782650338,1.0062069762157
33.6,6,0.991805691173589,0.975777316000974,1.00618722414877
33.8,6,0.991705093521953,0.975670506835775,1.00624734881591
34,6,0.991602447872972,0.975473909999902,1.00631261650524
34.2,6,0.991498546978575,0.975295987468055,1.00630368823132
34.4,6,0.991394155433339,0.975186052062313,1.00631657880956
34.6,6,0.991290002290741,0.975093269289964,1.00635014908843
34.8,6,0.991186774664621,0.975013124596611,1.00638816999254
35,6,0.991085112336077,0.974874375750622,1.0064785905334
35.2,6,0.99098560336913,0.974823953091401,1.0064603156194
35.4,6,0.9908887807228,0.974793349662661,1.00647834777809
35.6,6,0.990795119832922,0.974611097645959,1.0065162160628
35.8,6,0.99070503712426,0.974271190515804,1.00658190132826
36,6,0.990618889402318,0.974199183092311,1.00653773424259
36.2,6,0.990536974064771,0.97388937523905,1.00661070716169
36.4,6,0.990459530064736,0.973649850643824,1.00675324296002
36.6,6,0.990386739552057,0.973539255524005,1.00693849851302
36.8,6,0.990318730114487,0.973181596869853,1.00702968959716
37,6,0.990255577537904,0.973080660030743,1.00720975019592
37.2,6,0.990197309003568,0.9729932365645,1.00747190173698
37.4,6,0.990143906640655,0.973056849796737,1.00754365863489
37.6,6,0.990095311353893,0.972950991897155,1.00756076565782
37.8,6,0.990051426848847,0.972779407134767,1.00757634973134
38,6,0.99001212378114,0.972755608732543,1.00763635196689
38.2,6,0.989977243960558,0.972630210536658,1.00762249421023
38.4,6,0.989946604546277,0.972589659075678,1.00764456120948
38.6,6,0.989920002175382,0.972389974610233,1.00766458434032
38.8,6,0.989897216973149,0.972311855259517,1.00768271210936
39,6,0.989878016400095,0.972156869000491,1.00777222060493
39.2,6,0.989862158897558,0.971985361436686,1.00801186756484
39.4,6,0.989849397300194,0.971850704002967,1.008176611332
39.6,6,0.989839481990406,0.971704840759586,1.0082920503736
39.8,6,0.98983216377605,0.971478553752528,1.00842554839242
40,6,0.989827196478808,0.971398127106446,1.00869794094006
0,7,1.05857074108249,1.02301131111576,1.11225796160469
0.2,7,1.05951449822594,1.02438681646876,1.11299989354141
0.4,7,1.06053113592458,1.02560414301243,1.11349914791926
0.6,7,1.06162264446235,1.02694187048529,1.11377832264846
0.8,7,1.06279062594523,1.02824079604229,1.11445756337077
1,7,1.06403623710049,1.02974951023174,1.11496930108062
1.2,7,1.06536013127234,1.03128706990152,1.11565639977256
1.4,7,1.06676240029702,1.03252333191911,1.11639224454459
1.6,7,1.06824251701498,1.03429215558543,1.11717076591226
1.8,7,1.06979927925061,1.03599509413866,1.1181057009522
2,7,1.07143075615746,1.03810954220699,1.1189434240187
2.2,7,1.07313423788836,1.04010893809648,1.11990243028729
2.4,7,1.07490618960343,1.04231291542174,1.12124268769093
2.6,7,1.07674221087214,1.04418821794508,1.12246587869797
2.8,7,1.07863700155635,1.04657100216624,1.12349249852974
3,7,1.08058433527725,1.04888266497533,1.12482274831137
3.2,7,1.08257704156752,1.05149022172065,1.12624272108817
3.4,7,1.08460699778881,1.05361075846689,1.1278725794852
3.6,7,1.0866651318505,1.05566413585155,1.12933760707051
3.8,7,1.08874143669681,1.0581921257363,1.13050916017678
4,7,1.09082499743354,1.06056403699587,1.13158604194626
4.2,7,1.09290403184058,1.06297578249614,1.1329105475928
4.4,7,1.09496594486157,1.06516696906619,1.13421025354667
4.6,7,1.09699739747663,1.06724486412069,1.13540860127891
4.8,7,1.0989843901483,1.06851371577707,1.13667818601393
5,7,1.10091236078676,1.07054082936182,1.13779318515472
5.2,7,1.10276629690991,1.07239034993008,1.13876274282367
5.4,7,1.10453086138148,1.07405494121,1.13960216880698
5.6,7,1.1061905308012,1.07540937315606,1.14041307049775
5.8,7,1.10772974530151,1.07723757182448,1.14085650820064
6,7,1.10913306818343,1.07883898898241,1.14134900864138
6.2,7,1.11038535350957,1.08017760517337,1.14184406255672
6.4,7,1.11147191947319,1.08119623157032,1.14173598595673
6.6,7,1.11237872509133,1.08254215209801,1.14160824011383
6.8,7,1.11309254753623,1.08370994511874,1.14119238757255
7,7,1.11360115723349,1.08426016784715,1.14063421792788
7.2,7,1.11389348772821,1.08510829542538,1.13980584516832
7.4,7,1.11395979725826,1.0852268562147,1.13883704015603
7.6,7,1.11379181898556,1.08536198751216,1.13769521358041
7.8,7,1.11338289692475,1.08505222843015,1.13630758536913
8,7,1.11272810477641,1.08410721459289,1.13466820532405
8.2,7,1.11182434511803,1.08279375642632,1.13297992000882
8.4,7,1.11067042672629,1.08163460004405,1.13096362780541
8.6,7,1.1092671181917,1.0801361083883,1.12869417046295
8.8,7,1.10761717643151,1.07877188585627,1.12644092257184
9,7,1.10572534919744,1.07721686387703,1.12374137630679
9.2,7,1.10359835119553,1.07528957352088,1.12081675432929
9.4,7,1.10124481397178,1.07313829381222,1.11779529609424
9.6,7,1.09867521025224,1.07065772494568,1.11456077836744
9.8,7,1.09590175394283,1.06785076598977,1.11116592421962
10,7,1.0929382774772,1.06513380955396,1.10771284618366
10.2,7,1.08980008863591,1.06214821761881,1.1041428277733
10.4,7,1.08650380933398,1.05902947362674,1.10035933461806
10.6,7,1.08306719917765,1.05557409406935,1.09654654563762
10.8,7,1.07950896681736,1.05211618942388,1.09259043391611
11,7,1.07584857226897,1.04871572259864,1.08855551710849
11.2,7,1.07210602343848,1.04523269410027,1.08447923969047
11.4,7,1.06830167006971,1.04151852623062,1.08026008098913
11.6,7,1.0644559982439,1.03787711779394,1.07623240263361
11.8,7,1.06058942840389,1.03431176145444,1.07208172274828
12,7,1.05672211966159,1.03080793805072,1.0681405458979
12.2,7,1.0528737828874,1.02737212865782,1.0640622148198
12.4,7,1.04906350478539,1.02403194739231,1.06011353649371
12.6,7,1.04530958483988,1.0206445567666,1.05618608898375
12.8,7,1.04162938668895,1.01747204843198,1.05217639243748
13,7,1.03803920514916,1.0144654962575,1.04848442595982
13.2,7,1.03455414979207,1.01156588370525,1.04476768053425
13.4,7,1.03118804566532,1.008893953406,1.04122598872
13.6,7,1.02795335146509,1.0064650306077,1.03791784977266
13.8,7,1.02486109520724,1.00412333077349,1.03455575832885
14,7,1.02192082721421,1.00183583166575,1.03141342537795
14.2,7,1.01914059003483,0.999838074678764,1.02835743074343
14.4,7,1.01652690474489,0.998030244391216,1.02539807240913
14.6,7,1.01408477293565,0.996393297886597,1.02272157188718
14.8,7,1.0118176935839,0.994924145096091,1.02021289957873
15,7,1.0097276939065,0.993615586984627,1.01788688883028
15.2,7,1.0078153732333,0.992476960658617,1.01572719889455
15.4,7,1.00607995887823,0.991530686043607,1.01367088192267
15.6,7,1.00451937294927,0.990781328804033,1.01174159331738
15.8,7,1.00313030900776,0.990146406088309,1.01005013585215
16,7,1.00190831746473,0.989696491597842,1.00855197682707
16.2,7,1.00084789858477,0.989404048075871,1.00722100354948
16.4,7,0.999942601953207,0.989242458978715,1.00602283830236
16.6,7,0.999185131250692,0.98916561851123,1.00497822154056
16.8,7,0.998567453169747,0.989177826243422,1.0040483186082
17,7,0.998080909300129,0.98939280589875,1.00316879017822
17.2,7,0.997716329806125,0.989714552030672,1.0024934131861
17.4,7,0.997464147719167,0.990126837195956,1.00194674121106
17.6,7,0.997314512675768,0.990621811492651,1.00145386085931
17.8,7,0.997257402945081,0.991135996161383,1.0010276522029
18,7,0.997282734614345,0.991727617905452,1.00065773323238
18.2,7,0.997380466835594,0.992436131840926,1.00038624486189
18.4,7,0.997540702084814,0.993200420883363,1.00023086846164
18.6,7,0.997753780446109,0.99399035921556,1.00008010075881
18.8,7,0.998010367009138,0.994831481874927,0.999961173949502
19,7,0.998301531558023,0.995678599043111,0.999929277366679
19.2,7,0.99861881983367,0.996554976807649,0.999928672473943
19.4,7,0.998954315767904,0.997428763255627,0.999926924657915
19.6,7,0.999300694215349,0.998296958762295,0.999945358567697
19.8,7,0.999651263845463,0.999155081138329,0.999973108066809
20,7,1,1,1
20.2,7,1.00034156746759,1.00001311415824,1.00083715897893
20.4,7,1.00067133327389,1.00002783259753,1.00165452979424
20.6,7,1.0009853697299,1.00000990066099,1.00245437889915
20.8,7,1.00128044811904,0.999990191331768,1.00324062452095
21,7,1.00155402353283,0.999915627961166,1.00395996836472
21.2,7,1.00180421148269,0.999846119037941,1.00463005687957
21.4,7,1.0020297570186,0.999744698713718,1.00528883436988
21.6,7,1.00222999717309,0.999592290579905,1.00590665805686
21.8,7,1.00240481761883,0.999447684162755,1.00652304083064
22,7,1.00255460448,0.999262432291857,1.00712599649801
22.2,7,1.00268019226998,0.999066854605282,1.00765773775414
22.4,7,1.00278280894236,0.998824969053714,1.00814745815391
22.6,7,1.00286401903788,0.998566379057779,1.00854891440235
22.8,7,1.00292566588873,0.998280339677049,1.00885058090875
23,7,1.00296981380466,0.99805644365033,1.00921014842311
23.2,7,1.00299869111395,0.997755584747143,1.00955355621776
23.4,7,1.00301463486931,0.997485766472838,1.00992609669882
23.6,7,1.00302003795467,0.997236501969038,1.01021350696015
23.8,7,1.0030172992477,0.996973736988388,1.01042855841458
24,7,1.0030087774048,0.996755951611878,1.01062308692234
24.2,7,1.00299674874415,0.996539447256434,1.01085836546349
24.4,7,1.00298336960859,0.996349022301585,1.01109620664192
24.6,7,1.00297064349666,0.996185336711058,1.01130270840382
24.8,7,1.00296039315804,0.995992477519597,1.01148071225772
25,7,1.00295423776006,0.995858480278958,1.01162647772442
25.2,7,1.00295357514755,0.995767211128566,1.01172558530898
25.4,7,1.00295956913796,0.995731807298457,1.01182152062443
25.6,7,1.00297314172053,0.995725239870235,1.01198561535448
25.8,7,1.00299496996117,0.995804681191947,1.01209385639269
26,7,1.00302548735536,0.995810287200995,1.01229278746112
26.2,7,1.0030648893194,0.995880407329072,1.01237616361196
26.4,7,1.00311314246639,0.995938405293393,1.01243122605098
26.6,7,1.00316999727726,0.996004950527807,1.01249120743976
26.8,7,1.00323500374904,0.995988490913308,1.01258735292105
27,7,1.00330752958234,0.995991266456808,1.01268053265494
27.2,7,1.00338678045734,0.995998265762077,1.01276250408392
27.4,7,1.0034718219424,0.996046853886035,1.01297046753261
27.6,7,1.00356160258101,0.995967042368012,1.01308858112238
27.8,7,1.00365497771154,0.996010907598121,1.01319864957027
28,7,1.00375073358858,0.996003476956539,1.01332839455709
28.2,7,1.00384761139515,0.996019368352133,1.01337981206715
28.4,7,1.00394433076042,0.996055547880146,1.01344849452508
28.6,7,1.00403961242761,0.996183712565517,1.01357151719465
28.8,7,1.00413219975049,0.996171455078957,1.01368864042876
29,7,1.00422087873415,0.996079169637536,1.01380205369583
29.2,7,1.0043044963751,0.995984778369021,1.01390879821273
29.4,7,1.00438197709726,0.995775581751579,1.013939421644
29.6,7,1.00445233712277,0.995558871380232,1.01401922058715
29.8,7,1.00451469665933,0.995415009444432,1.01414973499986
30,7,1.00456828982826,0.995341840074009,1.01425987987824
30.2,7,1.00461247229868,0.995234896497018,1.014327800721
30.4,7,1.00464672663294,0.995060276714428,1.01438758947604
30.6,7,1.00467066538592,0.994916930214973,1.01443923488871
30.8,7,1.00468403203503,0.994772630474958,1.01448277532907
31,7,1.00468669984953,0.994569029281832,1.01452134377426
31.2,7,1.00467866883484,0.994461040016097,1.01455269410881
31.4,7,1.00466006091178,0.994424232044769,1.01452402799708
31.6,7,1.00463111350966,0.994461061711949,1.01440763765069
31.8,7,1.00459217176792,0.994485709749139,1.0143294186126
32,7,1.00454367955159,0.994408677943959,1.01429521429059
32.2,7,1.00448616949284,0.99433439979801,1.01429399179432
32.4,7,1.00442025227335,0.994132611828312,1.01435302341799
32.6,7,1.00434660536119,0.99388160531489,1.01432903232805
32.8,7,1.00426596141076,0.993811225328684,1.01439189252507
33,7,1.00417909652643,0.993681547645965,1.01445920149573
33.2,7,1.00408681857926,0.993645502815627,1.01451983412737
33.4,7,1.0039899557527,0.993583798088097,1.01457685751073
33.6,7,1.00388934547738,0.993470910395771,1.01457357183977
33.8,7,1.00378582389782,0.993472364787574,1.01457407760015
34,7,1.0036802159953,0.993265056706008,1.01454725179287
34.2,7,1.00357332647171,0.992985543685245,1.01451567417668
34.4,7,1.00346593147965,0.992913780575279,1.01447972511443
34.6,7,1.0033587712639,0.992745133755367,1.01446250215915
34.8,7,1.00325254376059,0.992535024744128,1.01445092450065
35,7,1.00314789918118,0.992529162747791,1.0144346200243
35.2,7,1.00304543559079,0.992190645370366,1.01450001109895
35.4,7,1.0029456954742,0.991867001213534,1.01448554484615
35.6,7,1.00284916326715,0.9916550290095,1.01457423222776
35.8,7,1.00275626381759,0.991485555060846,1.01453972309121
36,7,1.00266736172918,0.991380152351578,1.01450790922122
36.2,7,1.00258276152964,0.991278466629982,1.01453914861683
36.4,7,1.00250270859773,0.991119693031164,1.01451379879941
36.6,7,1.00242739077657,0.990788382018915,1.01449582422327
36.8,7,1.00235694059579,0.990457666453102,1.01452625166935
37,7,1.00229143802209,0.990179678472121,1.0145250073573
37.2,7,1.00223091365627,0.990027205834587,1.01450932394505
37.4,7,1.00217535229455,0.989760387628655,1.01450685115587
37.6,7,1.00212469677364,0.989733697342252,1.01455940331582
37.8,7,1.00207885202118,0.989516575133844,1.01461046359203
38,7,1.00203768923723,0.989223512345605,1.01467896851206
38.2,7,1.00200105013656,0.989198851513379,1.01470793024379
38.4,7,1.00196875118714,0.989342133584506,1.01477721659562
38.6,7,1.00194058778585,0.989408941685105,1.01484995030949
38.8,7,1.00191633831899,0.989217394433561,1.01485738678174
39,7,1.00189576806142,0.988962676607109,1.01492562171811
39.2,7,1.00187863287539,0.988606740874089,1.01496416518324
39.4,7,1.00186468267636,0.988328526792627,1.01505942525441
39.6,7,1.00185366464014,0.988190641753166,1.01521549227739
39.8,7,1.00184532613206,0.988073201451398,1.01527108358066
40,7,1.00183941734477,0.987958760605869,1.01547908430357
0,8,1.11512724699786,1.06478950915833,1.15575817396804
0.2,8,1.11568264319623,1.06570497727498,1.15554098768153
0.4,8,1.11628872270941,1.06667661462155,1.15563174728383
0.6,8,1.11694692749213,1.06769032089947,1.15567077766912
0.8,8,1.11765835152731,1.06868294351308,1.15599807204514
1,8,1.11842368769253,1.0700599375129,1.15586337765378
1.2,8,1.11924317386478,1.07138960446036,1.15618768463229
1.4,8,1.12011653894768,1.07316923468154,1.15648646494011
1.6,8,1.12104294957937,1.07516391439025,1.15712441548289
1.8,8,1.12202095835037,1.0769810408073,1.15819032886917
2,8,1.12304845442512,1.07884382744775,1.15921118807288
2.2,8,1.12412261751854,1.08066420787918,1.15958958052915
2.4,8,1.12523987622673,1.08248455982957,1.15975505348626
2.6,8,1.12639587174703,1.08468200711455,1.15988726815203
2.8,8,1.1275854280456,1.08657092688649,1.16028091613269
3,8,1.12880252953711,1.08826750243445,1.1606528440372
3.2,8,1.1300403073296,1.08982421436786,1.16153013424834
3.4,8,1.13129103505525,1.09158665871997,1.16243894719424
3.6,8,1.1325461352532,1.09391173350474,1.16295979943332
3.8,8,1.13379619719065,1.09581328176688,1.16399942196021
4,8,1.13503100690276,1.09758353639408,1.16474561073165
4.2,8,1.13623959009826,1.09931387011487,1.16559402560761
4.4,8,1.13741026841604,1.10089452935098,1.16648132170083
4.6,8,1.13853072932806,1.1030189610804,1.16738538679688
4.8,8,1.13958810976699,1.10535112012714,1.16831703708414
5,8,1.14056909331474,1.10731341416229,1.16891188669338
5.2,8,1.14146002052372,1.10918686102732,1.16930521952386
5.4,8,1.14224701166009,1.11085770259179,1.16942091935768
5.6,8,1.14291610086393,1.11237975639284,1.16967584801529
5.8,8,1.14345338041993,1.11371122607374,1.17012418112031
6,8,1.14384515353378,1.11515396490702,1.16987642170161
6.2,8,1.14407809372073,1.11623969887019,1.16955548298809
6.4,8,1.14413940864394,1.1169269372155,1.16935807930881
6.6,8,1.14401700600114,1.11771418034928,1.16902225522819
6.8,8,1.14369965885763,1.11816983218811,1.1685567669918
7,8,1.14317716767198,1.11830944462124,1.16791045570182
7.2,8,1.14244051616587,1.11819290779613,1.16683257077524
7.4,8,1.14148201815868,1.11802258317598,1.16588387898041
7.6,8,1.14029545252575,1.11759282669363,1.16459154379244
7.8,8,1.13887618355089,1.11706641268213,1.16281965436716
8,8,1.13722126412829,1.11607314289131,1.16068917595446
8.2,8,1.13532951952559,1.11487368103593,1.15841999834901
8.4,8,1.13320160974347,1.11330123507292,1.15600971227551
8.6,8,1.1308400688907,1.11159473838442,1.15338872599435
8.8,8,1.12824932042685,1.1095973781865,1.15054570157831
9,8,1.12543566759646,1.10719824873233,1.14741205516854
9.2,8,1.12240725887389,1.10480115821961,1.14399963271584
9.4,8,1.11917402874321,1.10214200307985,1.1403904337501
9.6,8,1.11574761463628,1.09930329207513,1.13661490909092
9.8,8,1.11214125132961,1.09618057817444,1.13271727622646
10,8,1.10836964454237,1.09296820182244,1.12844629067501
10.2,8,1.10444882587065,1.08956082053935,1.12404648946052
10.4,8,1.10039599152637,1.08615211627287,1.1195077394171
10.6,8,1.09622932761413,1.08246318548389,1.11492093771218
10.8,8,1.09196782487024,1.07877237718702,1.11018000808407
11,8,1.08763108590278,1.07487599288852,1.10512832192635
11.2,8,1.08323912800929,1.07096437036537,1.0999979259279
11.4,8,1.07881218461295,1.06675644780538,1.0950007229496
11.6,8,1.07437050825469,1.06264299119328,1.09008956451463
11.8,8,1.06993417791419,1.0585395639888,1.08520960792327
12,8,1.06552291321731,1.05451366798292,1.08033040820979
12.2,8,1.06115589783099,1.05051455756831,1.07544702623629
12.4,8,1.05685161406001,1.04639889381875,1.07073976852667
12.6,8,1.05262769035412,1.04249595726661,1.0659542722612
12.8,8,1.04850076311981,1.03854117992923,1.06137463553769
13,8,1.04448635391709,1.03471488048852,1.05686709732522
13.2,8,1.04059876281798,1.03105985630103,1.05248200073741
13.4,8,1.0368509784155,1.0276103880395,1.04822101150146
13.6,8,1.03325460470666,1.0242477458343,1.04426646785761
13.8,8,1.02981980483296,1.02093392337723,1.0403289283973
14,8,1.02655526145085,1.01784338968829,1.03660802648549
14.2,8,1.02346815332176,1.01499109212243,1.03309311330264
14.4,8,1.02056414755774,1.01233921459548,1.02991142882748
14.6,8,1.01784740683199,1.00984251135091,1.02688597969404
14.8,8,1.01532061076138,1.00755299576433,1.024117237767
15,8,1.01298499058763,1.00540771329309,1.02139654207766
15.2,8,1.01084037622201,1.0034331693216,1.01890641804221
15.4,8,1.00888525467082,1.00173534348761,1.01660465265906
15.6,8,1.0071168388239,1.00019263597457,1.01443938926393
15.8,8,1.00553114556086,0.998814695891892,1.01252855233908
16,8,1.00412308210912,0.997627395200435,1.01078340357948
16.2,8,1.00288653957043,0.996728417635196,1.00929422005672
16.4,8,1.00181449251791,0.995994698821692,1.00788124264183
16.6,8,1.000899103553,0.995380828379843,1.00663820104203
16.8,8,1.0001318317,0.994922086862938,1.00563225026173
17,8,0.999503543506977,0.994601862722905,1.00459272890532
17.2,8,0.999004625715271,0.994395623457324,1.00377909513496
17.4,8,0.998625098358103,0.994341224212035,1.00301878216438
17.6,8,0.998354727152739,0.994422310786815,1.00232555286077
17.8,8,0.9981831340627,0.994540936753392,1.00187011838337
18,8,0.998099904927918,0.994750913219356,1.0014989557912
18.2,8,0.998094693093576,0.99509768496619,1.00112038216849
18.4,8,0.998157318013789,0.995483373738142,1.00079575205356
18.6,8,0.9982778578655,0.995955440594923,1.00055942784639
18.8,8,0.998446735281447,0.996461061479194,1.00038449637406
19,8,0.998654795398872,0.996988081611471,1.00024998823527
19.2,8,0.998893375522353,0.997577928142358,1.00017072504037
19.4,8,0.999154365813537,0.998195742580002,1.00010116099261
19.6,8,0.999430260546088,0.998783393910633,1.00005021546136
19.8,8,0.999714199598706,0.999392554217216,1.0000241781988
20,8,1,1,1
20.2,8,1.00028217748353,0.999971726016398,1.00060616531322
20.4,8,1.00055595815627,0.999932736679957,1.00119533496314
20.6,8,1.00081728052614,0.999890963980087,1.00178226617404
20.8,8,1.00106278827054,0.999858092473616,1.00236053513942
21,8,1.00128981425559,0.999803358409658,1.00290801016483
21.2,8,1.0014963564318,0.999712352851933,1.00343143340602
21.4,8,1.001681046334,0.999621237721084,1.00393380956757
21.6,8,1.00184311099981,0.999465067826688,1.0044259154373
21.8,8,1.00198232918976,0.999251350067286,1.00490405862887
22,8,1.00209898284308,0.999074958980937,1.00533861040267
22.2,8,1.0021938047352,0.998824682407206,1.00578483874962
22.4,8,1.0022679233166,0.998597581283008,1.00615810243704
22.6,8,1.00232280570825,0.998373721687241,1.00650384198718
22.8,8,1.00236019980735,0.998109384020999,1.00683549240778
23,8,1.00238207642015,0.997886175343027,1.00711610807706
23.2,8,1.00239057228755,0.997640237152137,1.00741548210327
23.4,8,1.00238793480618,0.997374499389369,1.00765937274446
23.6,8,1.00237646917424,0.997135321213128,1.00781246232998
23.8,8,1.0023584886104,0.996881958892687,1.00805688241278
24,8,1.002336268207,0.996650268121789,1.00824454586906
24.2,8,1.0023120028875,0.996374495070732,1.00838875187768
24.4,8,1.00228776984588,0.996154031982103,1.00862775309729
24.6,8,1.00226549575192,0.995937668499681,1.00887538783971
24.8,8,1.00224692891551,0.99569798879098,1.0091035604332
25,8,1.00223361651406,0.995421110859319,1.00923194561958
25.2,8,1.00222688690293,0.995122945195909,1.00938419699106
25.4,8,1.00222783694956,0.995020989338055,1.00950584714365
25.6,8,1.00223732425888,0.994913158048893,1.00966646743393
25.8,8,1.00225596409125,0.994835600419014,1.00973596491155
26,8,1.00228413071497,0.994746017693645,1.00985470947057
26.2,8,1.00232196288406,0.994741133294723,1.00992254312683
26.4,8,1.00236937308812,0.994714795561333,1.01002408583334
26.6,8,1.00242606018546,0.994844943840631,1.01019081481462
26.8,8,1.00249152500252,0.994880082716764,1.01023761810498
27,8,1.00256508846297,0.99473371840827,1.01028012190483
27.2,8,1.00264591179666,0.994660479766898,1.01034394515506
27.4,8,1.0027330183741,0.994541018284773,1.01041011093643
27.6,8,1.00282531671349,0.994548723590797,1.01054197671824
27.8,8,1.00292162421592,0.99458498909601,1.01059841193687
28,8,1.00302069119904,0.994492627030897,1.01068264657305
28.2,8,1.00312122481952,0.994324633565589,1.01074947337581
28.4,8,1.00322191250028,0.994355757383317,1.0108409556565
28.6,8,1.003321444508,0.99440410599279,1.01088956180771
28.8,8,1.00341853536065,0.99445292175827,1.01100278314399
29,8,1.00351194378113,0.994487980114013,1.01112264301912
29.2,8,1.00360049095323,0.994480941345998,1.01126618596597
29.4,8,1.00368307687677,0.994479762531711,1.01139361227168
29.6,8,1.00375869466165,0.994507034420915,1.01151299507523
29.8,8,1.00382644264267,0.994456000023403,1.01160302512935
30,8,1.00388553423974,0.994407975228024,1.0117142278146
30.2,8,1.00393530552903,0.994362333662544,1.01179518274029
30.4,8,1.00397522053032,0.994213348674408,1.01186412622356
30.6,8,1.00400487425304,0.994028402385955,1.01188034118773
30.8,8,1.00402399357797,0.993914597105819,1.01194075159559
31,8,1.0040324360828,0.993891724035415,1.01192541601423
31.2,8,1.00403018694736,0.993937839021243,1.01193592744246
31.4,8,1.00401735409778,0.99374183270284,1.01203806024207
31.6,8,1.00399416176866,0.993585787844162,1.01204278196743
31.8,8,1.00396094267723,0.993443974710689,1.01206225941632
32,8,1.00391812901466,0.993284806095786,1.01225425940784
32.2,8,1.00386624246631,0.993177143948977,1.01225158610091
32.4,8,1.00380588347538,0.993116066120094,1.0121705289249
32.6,8,1.00373771996313,0.993042322276849,1.01219583618422
32.8,8,1.00366247571396,0.992961968412351,1.01225153015378
33,8,1.00358091862559,0.992993674869533,1.01235721030857
33.2,8,1.00349384901344,0.992950546266116,1.01241240582203
33.4,8,1.00340208814462,0.993054367235657,1.01241954028863
33.6,8,1.00330646716153,0.992993441267295,1.01245082035245
33.8,8,1.00320781653753,0.992914573511806,1.0124366242773
34,8,1.00310695618861,0.992820506514954,1.01244050590498
34.2,8,1.00300468634581,0.992719320978996,1.01237221212523
34.4,8,1.00290177927323,0.992627678953456,1.01222724564468
34.6,8,1.0027989718969,0.992475857812091,1.01210960211653
34.8,8,1.00269695939035,0.992308706799574,1.01201212210622
35,8,1.00259638974415,0.992156754588275,1.01195115343689
35.2,8,1.00249785932874,0.992020995037695,1.01189114981975
35.4,8,1.00240190944383,0.991811326972889,1.01169849558405
35.6,8,1.00230902383204,0.991711698852709,1.01158812394901
35.8,8,1.00221962712127,0.991551937497042,1.01142960890569
36,8,1.00213408414839,0.991629644024944,1.01136009671164
36.2,8,1.00205270010646,0.991721511816151,1.01130060758386
36.4,8,1.00197572144982,0.991653151672727,1.01125701441609
36.6,8,1.00190333748444,0.991371377978483,1.01126250147031
36.8,8,1.00183568256631,0.991158048180299,1.01120826291513
37,8,1.00177283882751,0.990987012002402,1.01122235739909
37.2,8,1.00171483934813,0.990473222386403,1.0112407830601
37.4,8,1.00166167169198,0.989939514560423,1.01122823358516
37.6,8,1.00161328172572,0.98959298801043,1.01118350149509
37.8,8,1.00156957764324,0.989428626652305,1.01140767988926
38,8,1.00153043412084,0.989197766636914,1.01154071511411
38.2,8,1.00149569653352,0.989056220910226,1.01191522524029
38.4,8,1.0014651851676,0.988839101694187,1.01205157284354
38.6,8,1.00143869937097,0.988850070287664,1.01219546665559
38.8,8,1.0014160215887,0.988741218476473,1.01238465403153
39,8,1.00139692123796,0.98850271626876,1.0125606356346
39.2,8,1.00138115838339,0.988515496789697,1.01284105345401
39.4,8,1.00136848718043,0.988164629867334,1.01322296902705
39.6,8,1.00135865906102,0.987889725442835,1.01353144373969
39.8,8,1.00135142564238,0.987712543546679,1.01378184878533
40,8,1.00134654134574,0.987514846674972,1.0141721514108
0,9,1.11960626571658,1.08484734023841,1.15836295817723
0.2,9,1.12014086958679,1.0860858331842,1.15850657243516
0.4,9,1.12072471610976,1.08687172482644,1.15904485987495
0.6,9,1.12135918377101,1.08801848630254,1.15946578374245
0.8,9,1.12204530331962,1.08943377228735,1.15970514444216
1,9,1.12278370494247,1.09092257586028,1.15992864774187
1.2,9,1.12357456470435,1.09245751581301,1.15986060700913
1.4,9,1.12441755093927,1.09380874268659,1.16039647093639
1.6,9,1.12531177135275,1.09550386356166,1.16073260663389
1.8,9,1.12625572166512,1.09699294785481,1.1617408677772
2,9,1.12724723669048,1.0987408553168,1.16247159187681
2.2,9,1.12828344480273,1.10044199695694,1.16291263397027
2.4,9,1.12936072678733,1.10214628503825,1.16337015756262
2.6,9,1.13047468011312,1.10389505995155,1.16461476345849
2.8,9,1.13162008968027,1.10569753382374,1.16568299580986
3,9,1.13279090610584,1.10769723853565,1.16669367526771
3.2,9,1.13398023259621,1.10976662715374,1.16784986208967
3.4,9,1.13518032142168,1.11174392098776,1.16936385509411
3.6,9,1.13638258095281,1.11336040310297,1.17054637177116
3.8,9,1.1375775941369,1.11502979796005,1.17129234976384
4,9,1.13875514918584,1.11683914750686,1.17201969985939
4.2,9,1.13990428311181,1.11820174452802,1.17266213909322
4.4,9,1.14101333858423,1.1197768010666,1.17291905883675
4.6,9,1.14207003439065,1.12122018304565,1.17392603958136
4.8,9,1.14306154956633,1.1227376100164,1.1753314745651
5,9,1.14397462101446,1.12402763216349,1.17667048460875
5.2,9,1.14479565417434,1.12507609178179,1.17712971155742
5.4,9,1.14551084601272,1.12611157861316,1.17729226388443
5.6,9,1.14610631931906,1.12699054311914,1.17743135442131
5.8,9,1.14656826698601,1.12777550781681,1.17704268552756
6,9,1.14688310465872,1.12845004678427,1.17751291285677
6.2,9,1.14703762985023,1.12888750414649,1.17717289109324
6.4,9,1.14701918535389,1.12900326243147,1.17647080576027
6.6,9,1.14681582454699,1.12930360952607,1.17592181058874
6.8,9,1.14641647598316,1.12920672116066,1.17504944084782
7,9,1.14581110452243,1.12894553989056,1.17466068173011
7.2,9,1.14499086615678,1.12845657137226,1.17393467261447
7.4,9,1.14394825366203,1.12777698569474,1.17230445006021
7.6,9,1.1426772302487,1.12676946858241,1.17064929293078
7.8,9,1.14117334849984,1.12555521341444,1.16919302558715
8,9,1.13943385207137,1.124162748416,1.16732343559611
8.2,9,1.13745775789006,1.12251983960754,1.16494139174679
8.4,9,1.13524591690979,1.12074485713601,1.16215608484864
8.6,9,1.13280105187199,1.11866694237368,1.15905427740184
8.8,9,1.13012777095012,1.11623660644163,1.15582942376042
9,9,1.12723255662962,1.11372683250462,1.15231769726134
9.2,9,1.12412372966954,1.11094678343542,1.14857996791377
9.4,9,1.12081138849548,1.10791637395313,1.14470799376227
9.6,9,1.11730732487012,1.10473813927026,1.14079122235731
9.8,9,1.11362491716216,1.10135675930212,1.13646972870934
10,9,1.10977900297274,1.09782276836542,1.13210107167497
10.2,9,1.10578573326763,1.09411286328864,1.12760642340076
10.4,9,1.10166241049237,1.09022444248401,1.12302916163182
10.6,9,1.09742731340845,1.08615700251517,1.11825259538454
10.8,9,1.0930995115755,1.08202264836269,1.11317266121693
11,9,1.08869867251491,1.07775514573925,1.10812078214178
11.2,9,1.08424486462445,1.07344794059104,1.10309438053788
11.4,9,1.07975835887462,1.06931350822785,1.09786325071441
11.6,9,1.07525943221092,1.06494096858817,1.09275020955194
11.8,9,1.07076817541981,1.06070722598796,1.08772110442292
12,9,1.06630430799877,1.05638569789871,1.08262258275056
12.2,9,1.06188700231351,1.0521420253683,1.07766257677008
12.4,9,1.0575347190379,1.04801130280947,1.07269241628857
12.6,9,1.05326505556665,1.04394062219945,1.0677821475522
12.8,9,1.04909460877651,1.03996885847162,1.06321435954736
13,9,1.04503885319926,1.03608569628577,1.05855706253653
13.2,9,1.0411120353668,1.03237564206666,1.05406523238028
13.4,9,1.03732708480251,1.02888700307185,1.04965842998833
13.6,9,1.03369554186925,1.02553371157425,1.04567902603097
13.8,9,1.03022750244625,1.02217630784325,1.04179367024635
14,9,1.02693157919746,1.01903594234799,1.03800042808347
14.2,9,1.02381487901355,1.0160757793484,1.03451657307155
14.4,9,1.02088299605705,1.01320038700668,1.03102001861617
14.6,9,1.01814001971556,1.01049832352185,1.02777482996561
14.8,9,1.01558855666672,1.00812259060312,1.02493896240434
15,9,1.01322976617986,1.00592086743129,1.02217055719867
15.2,9,1.01106340771808,1.00389528516506,1.01968930413579
15.4,9,1.00908789985818,1.00207246796247,1.01740663330019
15.6,9,1.00730038951131,1.00051905514431,1.01526795993252
15.8,9,1.00569683040036,0.999181843849164,1.01320884273203
16,9,1.00427206972978,0.99801729708045,1.01145797117437
16.2,9,1.00301994196663,0.997032036824514,1.00983360551389
16.4,9,1.00193336863692,0.996218597521317,1.00842343281604
16.6,9,1.00100446302908,0.995543029788801,1.00711132058939
16.8,9,1.0002246386845,0.995105257331713,1.00599587812294
17,9,0.999584720546452,0.994807081067826,1.00499910400824
17.2,9,0.999075057631931,0.994581979541678,1.00405216996103
17.4,9,0.998685636089476,0.994507427781846,1.00330278665593
17.6,9,0.998406191509918,0.994547874522296,1.00258248499289
17.8,9,0.998226319369103,0.994688267774579,1.00204396523683
18,9,0.998135582503175,0.994918411483017,1.00157353759401
18.2,9,0.998123614549949,0.995240729331767,1.00120656325996
18.4,9,0.998180218335497,0.995608905019483,1.00086190688994
18.6,9,0.998295458244441,0.996011834592762,1.00061367414426
18.8,9,0.998459745686128,0.996520072992238,1.00044051238097
19,9,0.998663916856883,0.997044092841,1.00027480846271
19.2,9,0.998899302100403,0.997599057734767,1.00019037366594
19.4,9,0.999157786282944,0.998211952362804,1.00010120253633
19.6,9,0.999431859725616,0.998797535690111,1.00005723890705
19.8,9,0.999714659370713,0.99939481146324,1.00002618646304
20,9,1,1,1
20.2,9,1.00028239546736,0.999973608808316,1.00060122484653
20.4,9,1.00055707005309,0.999931476181432,1.00119110591258
20.6,9,1.00081996018931,0.999880759443656,1.00178284055953
20.8,9,1.00106770694206,0.999850214685348,1.00236015824051
21,9,1.00129763976324,0.999796197998151,1.0029020140961
21.2,9,1.00150775214087,0.99970847236963,1.00343772640812
21.4,9,1.00169666987846,0.999655366576249,1.00397420811982
21.6,9,1.00186361281955,0.999528868749649,1.00444702335852
21.8,9,1.00200835090262,0.999370562489787,1.00490467514476
22,9,1.00213115548131,0.999176898017673,1.00537015501724
22.2,9,1.00223274687689,0.999003823329914,1.00581210683622
22.4,9,1.00231423914293,0.99881938270447,1.00622596115696
22.6,9,1.002377083017,0.998595953046909,1.00656869599375
22.8,9,1.00242300801268,0.998390571718531,1.00691873618797
23,9,1.0024539645676,0.998137409425737,1.00722410012557
23.2,9,1.00247206711172,0.997848958550526,1.00752157838531
23.4,9,1.0024795388569,0.997605138857504,1.00781542123752
23.6,9,1.00247865903513,0.997428349807627,1.00805355915642
23.8,9,1.00247171323154,0.997247952903047,1.00830790556465
24,9,1.00246094737099,0.997039674053197,1.00852635455571
24.2,9,1.00244852582593,0.996855818922785,1.00875857194154
24.4,9,1.00243649402053,0.99668880030769,1.00894608407116
24.6,9,1.00242674581266,0.996498164594861,1.0090961139969
24.8,9,1.00242099584416,0.996379847203504,1.00928177648705
25,9,1.00242075696117,0.99627166095423,1.0094825425952
25.2,9,1.00242732272181,0.996218590322168,1.00960573535399
25.4,9,1.0024417549298,0.996222073257156,1.0097663080409
25.6,9,1.00246487605919,0.996293863447876,1.00993834507542
25.8,9,1.00249726636939,0.996380475479582,1.01005059501868
26,9,1.00253926545068,0.996382046183463,1.01018374855296
26.2,9,1.00259097788895,0.996373262092473,1.01027858199629
26.4,9,1.00265228269492,0.996482258870513,1.01045510104091
26.6,9,1.00272284610732,0.996545876934878,1.01058203871527
26.8,9,1.00280213735202,0.996595467092483,1.0106532561706
27,9,1.0028894469189,0.996736246541698,1.01074066482766
27.2,9,1.00298390690591,0.996839480757995,1.01088084094958
27.4,9,1.00308451297495,0.996863508366184,1.01096251476726
27.6,9,1.00319014746599,0.99704753298889,1.01105887685783
27.8,9,1.00329960322439,0.997181611011255,1.01116136437238
28,9,1.0034116077115,0.997323797226782,1.01120029975668
28.2,9,1.00352484698851,0.997390819006331,1.01131867386523
28.4,9,1.00363798918962,0.997468051588608,1.01138643851864
28.6,9,1.00374970713014,0.997498642860891,1.01160791093335
28.8,9,1.00385869972941,0.997586907838569,1.01172237941772
29,9,1.00396371196537,0.997703767885076,1.01182536707323
29.2,9,1.00406355311719,0.997735573906332,1.01188649137887
29.4,9,1.004157113094,0.997807468788373,1.01204454338686
29.6,9,1.00424337668976,0.997839704548338,1.01220196227355
29.8,9,1.00432143564767,0.997859984525468,1.0123742006062
30,9,1.00439049845925,0.997803189094031,1.01252734299802
30.2,9,1.00444989786518,0.997743020197323,1.01267247217645
30.4,9,1.00449909606406,0.99763064950711,1.01272685373721
30.6,9,1.004537687673,0.997560028016505,1.01279650081822
30.8,9,1.00456540051812,0.997587454158691,1.01287861897358
31,9,1.00458209436455,0.99757695183201,1.01298466660051
31.2,9,1.0045877577228,0.997534140493725,1.01309036871692
31.4,9,1.00458250289213,0.997446362753152,1.01317219616504
31.6,9,1.00456655942107,0.997300543170678,1.01324186455327
31.8,9,1.00454026618013,0.997151542490215,1.01329847049485
32,9,1.00450406225301,0.997017017677048,1.01334120759959
32.2,9,1.00445847685883,0.996869611146453,1.0133703605921
32.4,9,1.00440411852087,0.996765379245466,1.01345611032305
32.6,9,1.00434166369555,0.996602460940889,1.01354920242053
32.8,9,1.00427184507075,0.996476306547494,1.01347548227536
33,9,1.00419543973405,0.996369334683586,1.0134084944088
33.2,9,1.00411325740048,0.996188870799505,1.01340795180592
33.4,9,1.00402612887556,0.996000492701502,1.01334687319234
33.6,9,1.00393489491376,0.995915105426247,1.01322775406146
33.8,9,1.00384039561492,0.995804521843438,1.0131283776261
34,9,1.00374346048274,0.995602059939859,1.01310250818425
34.2,9,1.00364489924982,0.995455954887569,1.01303942827979
34.4,9,1.00354549355419,0.995317552080969,1.01294283389496
34.6,9,1.00344598953222,0.995214848749585,1.01279972762205
34.8,9,1.00334709137363,0.995113355991587,1.01270468903537
35,9,1.00324945586549,0.994974616561542,1.01264388884264
35.2,9,1.00315368793432,0.994848674765517,1.01254939035102
35.4,9,1.00306033717909,0.994788158354367,1.01256746417242
35.6,9,1.00296989537253,0.994602135568101,1.01258461309989
35.8,9,1.0028827948948,0.994455984238556,1.01259569717682
36,9,1.0027994080517,0.994345619682563,1.01265721897501
36.2,9,1.00272004721943,0.994216685295186,1.01280118616833
36.4,9,1.00264496574956,0.994051874769126,1.01302745297835
36.6,9,1.00257435956155,0.993995336242467,1.01305768138103
36.8,9,1.0025083693451,0.993837969208328,1.01303242903733
37,9,1.00244708329163,0.993741146426665,1.01300905224492
37.2,9,1.00239054027289,0.993501671085497,1.01298513972692
37.4,9,1.00233873338431,0.993401194890854,1.01296560035492
37.6,9,1.00229161377236,0.993127878185171,1.01300450187488
37.8,9,1.00224909466772,0.992903661306828,1.01293087874833
38,9,1.00221105554961,0.992514118193943,1.01289272405619
38.2,9,1.00217734637117,0.992289197814035,1.01306615525929
38.4,9,1.00214779178132,0.992122874119508,1.01284404401141
38.6,9,1.00212219528408,0.991957376339026,1.01312248971993
38.8,9,1.00210034328299,0.991741746250628,1.01338555777518
39,9,1.00208200896461,0.991453482099173,1.01352994801333
39.2,9,1.00206695598207,0.991187698035235,1.01359106381433
39.4,9,1.00205494190628,0.991094784147256,1.0138263658623
39.6,9,1.002045721419,0.99080093664435,1.01417233539078
39.8,9,1.00203904922875,0.990433083063753,1.01427714802753
40,9,1.00203468269607,0.990283671544196,1.01447846561187
0,10,1.11516199253571,1.07691311051543,1.15042409455144
0.2,10,1.11569300791915,1.07781219897953,1.15034009707179
0.4,10,1.11627322831207,1.07887747804079,1.1502835928604
0.6,10,1.1169040643769,1.08023744211412,1.15025694819155
0.8,10,1.11758658406192,1.08150863995808,1.15047325929715
1,10,1.1183214600873,1.08275889440121,1.15087324319859
1.2,10,1.11910891667739,1.08421460327403,1.15133614719589
1.4,10,1.11994867621839,1.08611360943927,1.15218372130772
1.6,10,1.12083990659442,1.08723575079368,1.15277297168491
1.8,10,1.12178117002513,1.08912030991402,1.15343239653151
2,10,1.12277037429182,1.09048043432212,1.15390195415331
2.2,10,1.12380472729615,1.09172881000751,1.15450982864017
2.4,10,1.12488069594183,1.09319926574899,1.15512201899833
2.6,10,1.12599397036607,1.09455557438318,1.15609450123044
2.8,10,1.12713943456866,1.0965271486959,1.15660163499809
3,10,1.12831114449301,1.0980416336361,1.15738172388435
3.2,10,1.12950231460092,1.0997759217648,1.15830034526807
3.4,10,1.13070531395027,1.10163623417586,1.15918604765576
3.6,10,1.13191167272948,1.10313828782542,1.15999796947551
3.8,10,1.13311210012301,1.10439473667427,1.16080246066489
4,10,1.13429651427616,1.10583206461645,1.16162460329696
4.2,10,1.13545408499454,1.10707069317842,1.16266264684488
4.4,10,1.13657328965263,1.10855145584889,1.16351364064121
4.6,10,1.13764198259702,1.10994060967806,1.16436047191709
4.8,10,1.13864747811489,1.11109320408949,1.16507727727802
5,10,1.13957664679791,1.11215340143166,1.16569327856233
5.2,10,1.14041602486996,1.11338059161845,1.16611861312369
5.4,10,1.14115193576784,1.11396676483588,1.16652319863457
5.6,10,1.14177062297259,1.11478981600238,1.1669772512286
5.8,10,1.14225839279213,1.11500773773627,1.1672593989613
6,10,1.14260176550107,1.11565618491672,1.16713481504212
6.2,10,1.14278763295912,1.11621011488956,1.16669688740281
6.4,10,1.14280342056502,1.11687482383593,1.166466350596
6.6,10,1.14263725116767,1.11713661427249,1.16628859625953
6.8,10,1.1422781083597,1.116859494041,1.16595649508699
7,10,1.14171599643035,1.11634005827443,1.16523419639366
7.2,10,1.14094209416236,1.11591557822252,1.16408833683941
7.4,10,1.13994889962891,1.11530826360666,1.16307228478448
7.6,10,1.13873036318634,1.11453735417396,1.16156543955942
7.8,10,1.13728200596984,1.1133581198198,1.16026480272406
8,10,1.13560102138352,1.1122560590585,1.158101455171
8.2,10,1.13368635733077,1.11049699201495,1.15540561109047
8.4,10,1.13153877725159,1.10836703607825,1.15305199905867
8.6,10,1.1291608984131,1.10598483111646,1.15013120675468
8.8,10,1.12655720632797,1.1037255442513,1.14719166200644
9,10,1.12373404464133,1.10102966616878,1.1441227036353
9.2,10,1.12069958031635,1.09827229817208,1.14076654066828
9.4,10,1.11746374444659,1.09551318312242,1.13730722750011
9.6,10,1.11403814951617,1.09223104695509,1.13364769508823
9.8,10,1.11043598439885,1.08905248934634,1.12976966387459
10,10,1.10667188882314,1.08569197760735,1.12565306842504
10.2,10,1.10276180941742,1.08225009938557,1.12144276174626
10.4,10,1.09872283977725,1.07880224015511,1.11693178683032
10.6,10,1.09457304725787,1.07525561968039,1.11226104146897
10.8,10,1.09033128938302,1.07155842007917,1.10756023139932
11,10,1.08601702287316,1.06768231934372,1.10277861872954
11.2,10,1.08165010833362,1.06393553036907,1.09780798505406
11.4,10,1.07725061360726,1.0600893608173,1.09283528141312
11.6,10,1.07283861869406,1.05630178779798,1.08787725201954
11.8,10,1.06843402497742,1.05258227539791,1.08294339547715
12,10,1.06405637128468,1.0488058795323,1.07803861904019
12.2,10,1.05972465905608,1.04529841591671,1.07316108552532
12.4,10,1.05545718861367,1.04180341010216,1.06847822306617
12.6,10,1.05127140822009,1.03803278919426,1.06371639870376
12.8,10,1.04718377730703,1.0344261526006,1.05911979308843
13,10,1.04320964494386,1.03088766674992,1.05458914693652
13.2,10,1.039363144317,1.02752700870669,1.05023923282585
13.4,10,1.03565710370703,1.0242774979619,1.0461520440362
13.6,10,1.03210297418802,1.021064602708,1.04222651816731
13.8,10,1.02871077403749,1.01800566444524,1.03860930319642
14,10,1.02548904963582,1.01538125982426,1.0351493386066
14.2,10,1.02244485245414,1.01249196591298,1.03161339294525
14.4,10,1.01958373157683,1.00985722244718,1.02826927118549
14.6,10,1.01690974107944,1.00754910447387,1.02527138442007
14.8,10,1.01442546148101,1.00533509269762,1.02242868025014
15,10,1.01213203440954,1.00328820825066,1.01980425593897
15.2,10,1.01002920955704,1.00135916611132,1.01744745296608
15.4,10,1.00811540295294,0.999732194887124,1.01531869806823
15.6,10,1.00638776554795,0.998435387156215,1.01335288909708
15.8,10,1.00484226107294,0.997168867114948,1.01152383665498
16,10,1.00347375211468,0.996068798279586,1.00978516228629
16.2,10,1.00227609333237,0.995175764179139,1.00821221836337
16.4,10,1.00124223072281,0.994442358348511,1.00690187609846
16.6,10,1.00036430582809,0.993982349270322,1.00568924371859
16.8,10,0.999633763767128,0.993599523050986,1.00467755779271
17,10,0.999041463962497,0.993359328469831,1.00375879285223
17.2,10,0.998577792426253,0.993306583230225,1.0030046800084
17.4,10,0.998232774466502,0.993371340224077,1.00236719312008
17.6,10,0.997996186679569,0.993498506778063,1.00181141219051
17.8,10,0.997857667104385,0.993728713532963,1.00128869525372
18,10,0.99780682243692,0.994073023542549,1.00090474451061
18.2,10,0.997833331235268,0.994464370611639,1.00060394867374
18.4,10,0.997927042091494,0.994933860757982,1.00036244234987
18.6,10,0.998078065805781,0.995447353638947,1.00019647565586
18.8,10,0.998276860672179,0.99603894584319,1.00009702261693
19,10,0.998514310073485,0.996640705891752,1.00007226655866
19.2,10,0.998781791684873,0.997285575286639,1.00002435892962
19.4,10,0.999071237700759,0.997948122824085,0.999998132376142
19.6,10,0.999375185625353,0.998626156658507,0.999994883595338
19.8,10,0.999686819302284,0.999312121374011,0.999996457464364
20,10,1,1,1
20.2,10,1.00030928751443,1.00000292741188,1.00067872689362
20.4,10,1.00060995139561,1.00000068877794,1.00134983317327
20.6,10,1.00089797254739,0.999986150551346,1.00200346941721
20.8,10,1.00117003558584,0.999950207809291,1.00263929094583
21,10,1.00142351246937,0.999891109670799,1.00327024349953
21.2,10,1.0016564380299,0.999832324519534,1.00388131871226
21.4,10,1.00186747813582,0.999724656007309,1.00448788417496
21.6,10,1.00205589130395,0.999594816143718,1.0050434630325
21.8,10,1.00222148464598,0.999432743583729,1.005622126041
22,10,1.00236456508557,0.999252972327257,1.0061234906192
22.2,10,1.0024858868136,0.999071216080921,1.00661751414335
22.4,10,1.00258659596245,0.998848000094124,1.0070746756212
22.6,10,1.00266817347514,0.998594654244309,1.0075405601441
22.8,10,1.00273237712322,0.998378714521312,1.00797056380782
23,10,1.00278118359011,0.998139628984709,1.00834044797026
23.2,10,1.00281673148472,0.99791829704542,1.00867310881714
23.4,10,1.00284126608724,0.997655594730767,1.0090220867499
23.6,10,1.00285708655485,0.997432094065698,1.00933071102438
23.8,10,1.00286649623422,0.997221837687642,1.00964071063774
24,10,1.00287175663995,0.996987799485049,1.00988945059783
24.2,10,1.00287504556705,0.996765998451164,1.01018574091711
24.4,10,1.00287841971263,0.996598074569721,1.01044772612466
24.6,10,1.00288378208873,0.996449989162826,1.01073116215819
24.8,10,1.00289285441666,0.99632167371339,1.01093781628047
25,10,1.0029071546046,0.996193125455257,1.01121907566569
25.2,10,1.00292797932575,0.996159039855532,1.01147396090204
25.4,10,1.00295639163518,0.996142879198845,1.01177994506983
25.6,10,1.00299321349019,0.996129991878771,1.01208888948265
25.8,10,1.00303902297314,0.99619254932436,1.01244982861648
26,10,1.00309415595586,0.996232976234848,1.01276568041689
26.2,10,1.00315871189406,0.996321522981136,1.01304242361355
26.4,10,1.00323256339575,0.996452549989872,1.01337184333692
26.6,10,1.00331536917253,0.996570093978279,1.01367073263454
26.8,10,1.0034065899542,0.99669642228855,1.01396348151251
27,10,1.00350550692752,0.996800335037034,1.01421943623241
27.2,10,1.00361124224714,0.996908731636829,1.01456356158455
27.4,10,1.00372278116191,0.996984141017574,1.01482069708929
27.6,10,1.00383899530131,0.99710102914762,1.01508249896816
27.8,10,1.00395866667568,0.997144932642149,1.01534891635972
28,10,1.00408051195834,0.997227316008038,1.01561973949965
28.2,10,1.00420320663828,0.99737616240861,1.01595527253977
28.4,10,1.00432540865748,0.997461081030462,1.01630536530529
28.6,10,1.00444578117717,0.997530367706931,1.01647918208693
28.8,10,1.00456301415116,0.997656915403826,1.01654577154995
29,10,1.00467584442158,0.997766401465133,1.01687363565067
29.2,10,1.00478307409224,0.997762595513632,1.0172795617857
29.4,10,1.004883586976,0.997807581651991,1.01767307500137
29.6,10,1.00497636295554,0.997807146828869,1.01799747397381
29.8,10,1.00506049013954,0.997806079557415,1.01823561147203
30,10,1.0051351747389,0.997743943027307,1.01844917636937
30.2,10,1.00519974862934,0.997664487913249,1.01858909234245
30.4,10,1.00525367460622,0.99758604380124,1.01872559853274
30.6,10,1.00529654937523,0.997487113663678,1.01898169542664
30.8,10,1.00532810435711,0.997438649138324,1.0192290468552
31,10,1.00534820441616,0.997326897815058,1.01943269598669
31.2,10,1.00535684464975,0.997238564689984,1.01954125269588
31.4,10,1.00535414540018,0.997172106654652,1.01963950600386
31.6,10,1.00534034566961,0.997084025582907,1.01972472340135
31.8,10,1.00531579513425,0.996938268549792,1.01983923754214
32,10,1.0052809449648,0.996818246638508,1.01995391026769
32.2,10,1.00523633766721,0.996675413317122,1.0200554002381
32.4,10,1.00518259616014,0.996529587219571,1.02014430641727
32.6,10,1.00512041230443,0.996411490335817,1.02022041584635
32.8,10,1.00505053509485,0.996251600985576,1.02028223754635
33,10,1.00497375871622,0.996098882553293,1.02032957404432
33.2,10,1.0048909106548,0.995956044901509,1.02036230574616
33.4,10,1.0048028400422,0.99579482574607,1.02038039266029
33.6,10,1.00471040639319,0.995669738164416,1.02034034686824
33.8,10,1.00461446888132,0.995529454242449,1.02026823751939
34,10,1.00451587627768,0.995390944776465,1.02018467090726
34.2,10,1.00441545765851,0.995239341897603,1.02003085852488
34.4,10,1.00431401396749,0.995101721205821,1.01990951641284
34.6,10,1.00421231049883,0.994980864890936,1.0197113867389
34.8,10,1.00411107034758,0.994836674224847,1.01964526142151
35,10,1.00401096885492,0.994612602841475,1.0195859741506
35.2,10,1.00391262905828,0.994493737650149,1.01958230964159
35.4,10,1.00381661813937,0.994380522267786,1.01947178306054
35.6,10,1.00372344484838,0.994268731362153,1.01910319484384
35.8,10,1.00363355786844,0.99416054063864,1.01878776393666
36,10,1.00354734507295,0.994118365360099,1.01860708394258
36.2,10,1.00346513361775,0.994001473479428,1.01850807962573
36.4,10,1.0033871908021,0.99382668229959,1.01852847275022
36.6,10,1.00331372562549,0.993729752349485,1.01842405046831
36.8,10,1.00324489096261,0.993534429277156,1.01817998401346
37,10,1.0031807862756,0.993412261107577,1.01808572096858
37.2,10,1.00312146078107,0.993316521357848,1.01793887634653
37.4,10,1.00306691698953,0.993160777856262,1.01809498300057
37.6,10,1.00301711453579,0.992972340692948,1.01806741135288
37.8,10,1.00297197422186,0.992646843331072,1.0178851566837
38,10,1.00293138219714,0.992438411998252,1.01812177676984
38.2,10,1.00289519420541,0.992198638069462,1.01799170726386
38.4,10,1.00286323983328,0.99187037983171,1.01775769151543
38.6,10,1.00283532670079,0.991671734439535,1.01764870568052
38.8,10,1.00281124454105,0.991491328664949,1.01791503810511
39,10,1.00279076912235,0.991253655015425,1.01786165738826
39.2,10,1.00277366597332,0.991010922779725,1.01807898230189
39.4,10,1.00275969387784,0.9907607516585,1.01828579103823
39.6,10,1.00274860811383,0.990487255415763,1.01818684144763
39.8,10,1.00274016341577,0.990278181735398,1.01835306094215
40,10,1.00273411664769,0.990123710854322,1.01831606784741
0,11,1.09911599988559,1.03548394200894,1.14367968711372
0.2,11,1.0992568588427,1.0361055228092,1.14308496996243
0.4,11,1.09943140233157,1.03669106275407,1.14250140924464
0.6,11,1.09964163423446,1.03723182323451,1.14180572012374
0.8,11,1.09988935483731,1.03748527532102,1.14135858817986
1,11,1.10017611348773,1.03795605502396,1.14100948651928
1.2,11,1.10050315960891,1.03817006421922,1.14071414379325
1.4,11,1.10087139263721,1.03850286178873,1.14028706112945
1.6,11,1.10128131152506,1.0390628549068,1.14011814280504
1.8,11,1.10173296452169,1.03984161144004,1.14024623721857
2,11,1.10222590000932,1.04078065145133,1.14036506213018
2.2,11,1.10275911923224,1.04099401794988,1.14056770304915
2.4,11,1.10333103180673,1.04165351801407,1.14060969771256
2.6,11,1.10393941494148,1.04184305371132,1.14107558508676
2.8,11,1.10458137732744,1.04201652480264,1.14150882077739
3,11,1.1052533286726,1.04098133372317,1.14182280432832
3.2,11,1.10595095585768,1.04139020010851,1.14267474526735
3.4,11,1.1066692066729,1.04212160213084,1.14325383640095
3.6,11,1.10740228206067,1.0428081608267,1.14369849556059
3.8,11,1.10814363773353,1.04278163985674,1.14441054863364
4,11,1.1088859959591,1.04325225914165,1.14496113590151
4.2,11,1.10962136820327,1.0434945527903,1.14552663975508
4.4,11,1.11034108919841,1.04386403872731,1.14580649422455
4.6,11,1.11103586285507,1.04418250823045,1.14603077039731
4.8,11,1.11169582026349,1.04441583181734,1.14643868399874
5,11,1.11231058983698,1.04460312266302,1.14705190384874
5.2,11,1.11286937943375,1.04515219104338,1.14762567681067
5.4,11,1.1133610700614,1.04528224018563,1.14807715433921
5.6,11,1.11377432052137,1.04541414726882,1.1484566963882
5.8,11,1.1140976820948,1.04585148425495,1.1488994413232
6,11,1.1143197221122,1.04604555515795,1.14899288851861
6.2,11,1.11442915499303,1.04596760234923,1.14868018542727
6.4,11,1.11441497909587,1.04564315099905,1.14856525948695
6.6,11,1.11426661749221,1.04567785344488,1.14826438216875
6.8,11,1.11397406057608,1.04543557957335,1.14775087384111
7,11,1.11352800825447,1.0449890197778,1.14699944984432
7.2,11,1.11292000933917,1.04450157344023,1.14634097723939
7.4,11,1.11214259568394,1.04447439453228,1.14531836133071
7.6,11,1.11118940859005,1.04433626081549,1.14413689964094
7.8,11,1.11005531503985,1.04388732805628,1.14275383778355
8,11,1.10873651141725,1.04315808823923,1.14106935739926
8.2,11,1.10723061253401,1.04255502290475,1.13911638063149
8.4,11,1.10553672400153,1.04188597341806,1.13687604688884
8.6,11,1.10365549626407,1.041143511987,1.13441873686285
8.8,11,1.10158915893617,1.04027961383066,1.13173332741484
9,11,1.09934153445455,1.03923037406407,1.12895174233521
9.2,11,1.09691803045493,1.03760086646017,1.12601465521211
9.4,11,1.09432561070365,1.03627044465892,1.12272275338032
9.6,11,1.09157274484154,1.03521984843011,1.11912243195855
9.8,11,1.08866933762047,1.03431747918308,1.11554301434091
10,11,1.08562663871774,1.03275969891577,1.11174410095766
10.2,11,1.0824571345896,1.0311898521605,1.10770523365858
10.4,11,1.07917442416012,1.02969749950625,1.10348777433708
10.6,11,1.07579308042865,1.02793554903341,1.09935365725636
10.8,11,1.07232850030849,1.02598733766745,1.09518723682669
11,11,1.068796745179,1.02401171166714,1.09086422890796
11.2,11,1.0652143747385,1.02205707685813,1.08667747726381
11.4,11,1.06159827678786,1.02026553470566,1.08233558657293
11.6,11,1.05796549555538,1.01848688526854,1.07797189541897
11.8,11,1.05433306109778,1.01685724998923,1.07368164492904
12,11,1.05071782218497,1.01510814345405,1.06942325240061
12.2,11,1.04713628490609,1.01332486757404,1.06511083143836
12.4,11,1.04360445902818,1.01145811743336,1.06095319307935
12.6,11,1.04013771390652,1.00967224838507,1.05699716534796
12.8,11,1.03675064549508,1.00789425043721,1.05283868934431
13,11,1.03345695574614,1.00641879239652,1.04861128695307
13.2,11,1.03026934542624,1.00483097642661,1.04477833105039
13.4,11,1.02719942111997,1.00310024004016,1.04150830375761
13.6,11,1.02425761694769,1.00165080973061,1.03805068073956
13.8,11,1.02145313129362,1.00026663861493,1.03478937096489
14,11,1.01879387863016,0.998903272869989,1.03189489323848
14.2,11,1.01628645633389,0.99767594414616,1.02878523368589
14.4,11,1.0139361262204,0.996500063424585,1.02607891592792
14.6,11,1.01174681037802,0.995626498177655,1.02358674683635
14.8,11,1.00972110075402,0.99477195906414,1.02106076339491
15,11,1.00786028183894,0.993790852771772,1.0189691922424
15.2,11,1.00616436570373,0.993118138380265,1.01676047603857
15.4,11,1.00463213856793,0.992628761878915,1.01465117107709
15.6,11,1.0032612180121,0.992092971761626,1.0127879506162
15.8,11,1.00204811989353,0.991651735599162,1.01104675110182
16,11,1.00098833397694,0.991189216626235,1.00950067260201
16.2,11,1.00007640725188,0.990824543999634,1.00819345866928
16.4,11,0.999306033872754,0.990584583040679,1.00709917061022
16.6,11,0.998670150627578,0.990553447668137,1.00588492103895
16.8,11,0.998161036814994,0.990534635440348,1.00497244540855
17,11,0.99777041738867,0.990702569290958,1.00407291684178
17.2,11,0.997489568212885,0.990936370259373,1.00335143976873
17.4,11,0.997309422265156,0.991213445392858,1.00277934409434
17.6,11,0.997220675622022,0.991528221621538,1.00229276866602
17.8,11,0.997213892074275,0.991939610630112,1.00181603863746
18,11,0.997279605239411,0.992463789411879,1.00150085452313
18.2,11,0.997408417073216,0.993052203800871,1.00118645068561
18.4,11,0.997591091730273,0.993703952332942,1.00092358962219
18.6,11,0.997818643785482,0.994409564054721,1.00076580958567
18.8,11,0.998082419905747,0.99515803471974,1.00065634680496
19,11,0.998374173152482,0.995937551628131,1.0005519606664
19.2,11,0.998686129200928,0.996722191742043,1.00046234766556
19.4,11,0.99901104387997,0.997530777121598,1.00034635863311
19.6,11,0.999342251564635,0.998352295183183,1.00023428335765
19.8,11,0.999673704090251,0.999177255122448,1.00012340720381
20,11,1,1,1
20.2,11,1.0003164040831,0.999867817591389,1.00081539695275
20.4,11,1.00061885730635,0.999730651648605,1.00161884688324
20.6,11,1.00090397738377,0.99956723577789,1.00240628755771
20.8,11,1.00116905036493,0.999399180255324,1.00317419049341
21,11,1.00141201374873,0.999176566279208,1.003919552081
21.2,11,1.00163143174427,0.998954772209763,1.00463494879714
21.4,11,1.00182646340027,0.998706064550135,1.00531699844708
21.6,11,1.00199682440928,0.998490086754187,1.00594922371882
21.8,11,1.00214274345952,0.99821827068428,1.00654234155398
22,11,1.00226491405603,0.99792675561825,1.00709970977289
22.2,11,1.00236444276305,0.997671841470107,1.00763736334433
22.4,11,1.00244279483142,0.997409621779532,1.0081689108981
22.6,11,1.00250173816869,0.997128439369356,1.00872517726285
22.8,11,1.00254328658753,0.996833176574442,1.00923409528576
23,11,1.00256964322957,0.996519749385053,1.00972018086525
23.2,11,1.00258314501097,0.996188407570074,1.01016171138963
23.4,11,1.00258620887221,0.995866082161927,1.01060453238807
23.6,11,1.002581280542,0.995553131811896,1.01100166785054
23.8,11,1.0025707864442,0.995306322098879,1.01141181440284
24,11,1.00255708929066,0.995046562943075,1.01180017879555
24.2,11,1.00254244781249,0.994893713597211,1.01212293851172
24.4,11,1.00252898099095,0.994733039517589,1.0124799291814
24.6,11,1.00251863705721,0.994460994146607,1.0128584058629
24.8,11,1.00251316744005,0.99426920422732,1.01319154989838
25,11,1.00251410575373,0.994117001983271,1.01355002838201
25.2,11,1.00252275183474,0.993935193376458,1.01391137203242
25.4,11,1.00254016075905,0.993752682858442,1.01421377124834
25.6,11,1.00256713669907,0.993587791375873,1.01443633565018
25.8,11,1.00260423141487,0.993448295027261,1.01464096858986
26,11,1.00265174711606,0.993393102507746,1.01486690200528
26.2,11,1.00270974338039,0.993361210897638,1.01522527538933
26.4,11,1.0027780477723,0.993333048267838,1.01554257513713
26.6,11,1.00285626976977,0.993315620994691,1.0158071156004
26.8,11,1.00294381758054,0.993287638163731,1.01617468925877
27,11,1.00303991740954,0.99322755342647,1.01638114069485
27.2,11,1.00314363472702,0.99325373661021,1.01660317257566
27.4,11,1.0032538970826,0.99335293489579,1.0169638925991
27.6,11,1.00336951801226,0.993438094459396,1.01721337576031
27.8,11,1.0034892215944,0.993563804359219,1.01746107914037
28,11,1.0036116672258,0.993671180362617,1.01771216901794
28.2,11,1.00373547420899,0.993781266370428,1.01802391383769
28.4,11,1.00385924576811,0.993891750655754,1.01832178648513
28.6,11,1.00398159214029,0.99400042412152,1.01857664820704
28.8,11,1.00410115242411,0.994105203302944,1.01882468643184
29,11,1.00421661490319,0.994204150172692,1.01910693570359
29.2,11,1.00432673560321,0.994297202414676,1.01938879326809
29.4,11,1.00443035488203,0.994388224357029,1.01963937191188
29.6,11,1.00452641189488,0.994399188268055,1.01986734797166
29.8,11,1.00461395681997,0.994392187763656,1.0201372934563
30,11,1.00469216077188,0.994317630846103,1.02048346319356
30.2,11,1.00476032337192,0.994343476437569,1.0208637987293
30.4,11,1.00481787798439,0.994317497621076,1.02110229285542
30.6,11,1.00486439466483,0.994273256314787,1.02125217521029
30.8,11,1.0048995809014,0.994326490882159,1.02142894376768
31,11,1.00492328026161,0.994262760612296,1.02160830794423
31.2,11,1.0049354690843,0.994169070724716,1.02177970404884
31.4,11,1.00493625138063,0.994065189994532,1.02194257801451
31.6,11,1.00492585212714,0.9939942215341,1.02209640109559
31.8,11,1.00490460914929,0.993986119060904,1.02224261102914
32,11,1.00487296380484,0.993969505546039,1.02238129164466
32.2,11,1.00483145068271,0.993944367518667,1.02234459192807
32.4,11,1.00478068653606,0.993824027485885,1.02240679055582
32.6,11,1.00472135866618,0.993784741827684,1.02246788657937
32.8,11,1.00465421296931,0.99374770952296,1.02241698847772
33,11,1.00458004184982,0.993604422054612,1.02231118156066
33.2,11,1.00449967219186,0.993488942792263,1.02229462064559
33.4,11,1.00441395356788,0.99331364487005,1.02230224702881
33.6,11,1.00432374684635,0.99301257004406,1.02224798073534
33.8,11,1.00422991334334,0.992801101777229,1.0221830837712
34,11,1.00413330464403,0.992599945509211,1.02202663363934
34.2,11,1.00403475320022,0.992453829885519,1.02194595412466
34.4,11,1.0039350637902,0.992381324673585,1.02208406934119
34.6,11,1.00383500590725,0.99222050582986,1.02203779465488
34.8,11,1.00373530712334,0.992056551089106,1.02198426513392
35,11,1.0036366474558,0.991878502151044,1.02189394699849
35.2,11,1.00353965474676,0.991645625062113,1.02171489526007
35.4,11,1.00344490104829,0.991461815946888,1.02157557352115
35.6,11,1.00335289999123,0.991275830585844,1.02144132384788
35.8,11,1.00326410510154,0.991043500909574,1.02145336558315
36,11,1.00317890901633,0.991045307327012,1.02126866580691
36.2,11,1.00309764354138,0.990913979282589,1.02111220684872
36.4,11,1.00302058048342,0.990927641347729,1.02108457373328
36.6,11,1.00294793318389,0.990914557510681,1.02095211567491
36.8,11,1.00287985867604,0.990901122162512,1.02079110213038
37,11,1.002816460384,0.990799385423424,1.02094373996015
37.2,11,1.00275779128079,0.990757261684457,1.02086644622793
37.4,11,1.00270385742254,0.990675260212762,1.02062180369323
37.6,11,1.00265462177691,0.990548268689606,1.02044036463676
37.8,11,1.00261000826693,0.990411000552792,1.02040140994677
38,11,1.00256990595451,0.990231585910587,1.02032654032853
38.2,11,1.00253417329276,0.99008155389001,1.02006965370405
38.4,11,1.0025026423815,0.989993855733936,1.01998999438511
38.6,11,1.00247512316618,0.989825234948808,1.0199669080042
38.8,11,1.00245140752685,0.989621143100969,1.02014800084966
39,11,1.00243127321039,0.989483218052124,1.02030063622918
39.2,11,1.00241448756609,0.989380402606846,1.02032397336307
39.4,11,1.00240081105142,0.989234636626075,1.02019388012427
39.6,11,1.00239000048155,0.989063504260076,1.02019741726471
39.8,11,1.00238181200257,0.988759386183979,1.02006635423369
40,11,1.0023760037749,0.98852799676162,1.01994136561431
0,12,1.01749923012997,0.953622972551114,1.06648223786201
0.2,12,1.01644703807022,0.953661814789669,1.06552146436051
0.4,12,1.01538781726104,0.953728983077493,1.06428499439284
0.6,12,1.01432613829926,0.953814254257371,1.06309615172043
0.8,12,1.01326680342643,0.954225328736936,1.06194265496524
1,12,1.01221480810314,0.9551020910089,1.06091641324613
1.2,12,1.01117529774797,0.955941123914865,1.06002859116309
1.4,12,1.01015351997766,0.9563555883652,1.05889918390935
1.6,12,1.00915477277599,0.956756880864527,1.05799921108934
1.8,12,1.00818434910743,0.957427353471163,1.05708056223797
2,12,1.00724747857546,0.958242906971999,1.05684953144
2.2,12,1.00634926680293,0.958894325105526,1.05663814965742
2.4,12,1.00549463328192,0.959472386444802,1.05660782992796
2.6,12,1.00468824850173,0.959592539975856,1.05586365979592
2.8,12,1.00393447121495,0.960048871465861,1.05481842251119
3,12,1.00323728674145,0.960597410325065,1.0540100697424
3.2,12,1.00260024723868,0.961144868984116,1.05385660963334
3.4,12,1.00202641488234,0.961676683665213,1.05385071687417
3.6,12,1.00151830890421,0.961986610624341,1.05315276947325
3.8,12,1.00107785742278,0.962269085412012,1.05290765602744
4,12,1.00070635497733,0.962785259624858,1.05272149940856
4.2,12,1.00040442663669,0.963112569339286,1.05303775898118
4.4,12,1.00017199949963,0.963773844186044,1.05293295166424
4.6,12,1.00000828233495,0.964878106026367,1.05280863187272
4.8,12,0.999911754025054,0.965376844249972,1.05325010820658
5,12,0.999880161378184,0.96555729338486,1.05337427737963
5.2,12,0.999910526760191,0.966175701666758,1.05374706975145
5.4,12,0.999999165868911,0.967267702356699,1.05368823983736
5.6,12,1.00014171583214,0.968022387213028,1.05304013150313
5.8,12,1.00033317365583,0.968632629295777,1.053103458183
6,12,1.00056794488345,0.969032055160177,1.05305163037133
6.2,12,1.00083990215297,0.970002609570045,1.05347219206214
6.4,12,1.00114245315634,0.970630414773003,1.05386505180462
6.6,12,1.00146861732183,0.971101787739852,1.05428630229148
6.8,12,1.00181111035467,0.971544427492503,1.0546446400242
7,12,1.00216243559094,0.97253447012635,1.05478616053128
7.2,12,1.0025149809481,0.973318913144583,1.05447317455776
7.4,12,1.00286112009728,0.973691900723386,1.0543858497667
7.6,12,1.00319331634316,0.974575048491321,1.05436505553794
7.8,12,1.0035042275817,0.97541307135922,1.05423542615466
8,12,1.00378681061875,0.97618546610043,1.054193565339
8.2,12,1.00403442307831,0.976861298404711,1.0536486478157
8.4,12,1.00424092111161,0.977365355311792,1.05302749475371
8.6,12,1.00440075113933,0.977943985003627,1.0525659571887
8.8,12,1.00450903392209,0.978463581057446,1.05177349362437
9,12,1.00456163935746,0.979014035517785,1.05062929435625
9.2,12,1.00455525054604,0.979308384528672,1.04970952099905
9.4,12,1.00448741585048,0.979558917825598,1.04882587465669
9.6,12,1.00435658788726,0.979697789283164,1.04760526706116
9.8,12,1.00416214863565,0.979809497602713,1.04607454531721
10,12,1.0039044201154,0.979868754941313,1.0444528837949
10.2,12,1.00358466036796,0.979803062416038,1.04271682551773
10.4,12,1.00320504476641,0.979743989149807,1.04119689089326
10.6,12,1.00276863297016,0.979536186368004,1.03959509228919
10.8,12,1.00227932212223,0.979413662904884,1.03797681248951
11,12,1.00174178715365,0.979303515245441,1.03658815952222
11.2,12,1.00116140930256,0.978919666168848,1.03481206306945
11.4,12,1.00054419416981,0.978496747007375,1.03328061883912
11.6,12,0.999896680813327,0.978197721678073,1.03218097825087
11.8,12,0.999225843525816,0.977803707243307,1.03045463456678
12,12,0.998538988043382,0.977447273786823,1.02858104137189
12.2,12,0.997843643994519,0.977068154697981,1.0267850686299
12.4,12,0.997147455420781,0.976771243652106,1.02511571309325
12.6,12,0.996458071183766,0.976486385456614,1.02342592599201
12.8,12,0.995783037020617,0.976282766800576,1.02173637499824
13,12,0.995129690925722,0.976072043465116,1.01971061765902
13.2,12,0.994505063423929,0.975920254676235,1.01781408550197
13.4,12,0.993915784164941,0.975801602000572,1.01607966264657
13.6,12,0.993367996114455,0.975725807180968,1.0143594733167
13.8,12,0.992867278449786,0.975755507043981,1.01296345790753
14,12,0.992418579090623,0.975789380094672,1.0116912271902
14.2,12,0.99202615761337,0.975881366600299,1.01010953322166
14.4,12,0.991693539113906,0.976018030310641,1.00889041700586
14.6,12,0.991423479401609,0.976236277877539,1.00811222487009
14.8,12,0.991217941729876,0.976559477112049,1.00734544699273
15,12,0.991078085096988,0.976967500461787,1.00669908879767
15.2,12,0.991004263987851,0.977451932319065,1.00589127825026
15.4,12,0.990996039272864,0.977950654996524,1.00518807927826
15.6,12,0.991052199835925,0.978521166102537,1.00485272562519
15.8,12,0.991170794369974,0.979199470426388,1.00431370272171
16,12,0.991349172655974,0.979952343388912,1.00418091019903
16.2,12,0.991584035530287,0.980777688784338,1.00405400036069
16.4,12,0.991871492646487,0.98165094328306,1.00375724081874
16.6,12,0.992207127051178,0.98258238046601,1.00352933210778
16.8,12,0.992586065520017,0.983597427782102,1.00343012187575
17,12,0.993003053540466,0.984661484593165,1.00321466503562
17.2,12,0.993452533782564,0.985737220661282,1.00299107395017
17.4,12,0.993928726868976,0.986841269617121,1.00271939104963
17.6,12,0.994425713241444,0.987959681151993,1.00246658247003
17.8,12,0.994937514923225,0.989070657334509,1.0023850456488
18,12,0.995458175996569,0.990163926353739,1.00227212268154
18.2,12,0.995981840651095,0.991292233875047,1.0021429740987
18.4,12,0.996502827712981,0.992401894452278,1.00203405929244
18.6,12,0.997015700635814,0.99346900297208,1.00189751239379
18.8,12,0.997515332020981,0.994511271556014,1.00176514377974
19,12,0.997996961837437,0.995552686771638,1.00159544653507
19.2,12,0.998456248625909,0.996554102427922,1.00137555629325
19.4,12,0.998889313099118,0.997493746688527,1.00110490064515
19.6,12,0.999292773685071,0.998380447611836,1.00078429639046
19.8,12,0.999663773702171,0.999220243068775,1.0004048439562
20,12,1,1,1
20.2,12,1.00029969304511,0.999566004636804,1.00072382456877
20.4,12,1.00056164857398,0.99908996855531,1.00139875850249
20.6,12,1.00078521107242,0.998594289347934,1.002022942589
20.8,12,1.0009702594696,0.998084104177197,1.0025956777005
21,12,1.00111718555234,0.997564469074913,1.00314983435924
21.2,12,1.00122686571011,0.997062683797069,1.00363114655756
21.4,12,1.00130062671063,0.996535114080024,1.00405311023532
21.6,12,1.00134020627885,0.995934418671186,1.00445870680878
21.8,12,1.00134770930833,0.995290409341073,1.00484581460861
22,12,1.00132556057166,0.994600424124766,1.00517718522352
22.2,12,1.0012764548174,0.993932178579239,1.00546293856217
22.4,12,1.00120330514403,0.993259843315427,1.00572793766148
22.6,12,1.00110919052832,0.992581529639344,1.0059234391436
22.8,12,1.00099730335744,0.991975098923157,1.00614636062306
23,12,1.00087089777218,0.991333951994533,1.00630031921722
23.2,12,1.00073323957511,0.990693871258567,1.00642749613818
23.4,12,1.00058755839359,0.99014106848911,1.00654110068777
23.6,12,1.0004370027155,0.989609110772426,1.00661589655549
23.8,12,1.00028459833768,0.989103735223134,1.00674614549013
24,12,1.00013321068425,0.988657969274986,1.00687261800714
24.2,12,0.999985511367055,0.988238403520586,1.00695423040554
24.4,12,0.999843949274742,0.987726229934715,1.00701785552397
24.6,12,0.999710726391498,0.987240367104532,1.00711696270746
24.8,12,0.999587778463674,0.986897836633895,1.00724958732708
25,12,0.999476760552435,0.986584000092977,1.00725350537569
25.2,12,0.999379037435123,0.986187379981834,1.00734306638468
25.4,12,0.999295678747501,0.985767571334957,1.00742733787835
25.6,12,0.999227458694441,0.985576903330378,1.00742793562138
25.8,12,0.999174860098258,0.985383377998965,1.00747108447039
26,12,0.999138082502319,0.985087007354872,1.00754573658707
26.2,12,0.999117054002959,0.98487266977359,1.00757978022892
26.4,12,0.999111446445251,0.984647355863838,1.00772066280277
26.6,12,0.999120693587996,0.98439144385177,1.00794004615169
26.8,12,0.999144011820232,0.984296052081422,1.00807485195736
27,12,0.99918042299566,0.984205462220145,1.00821483550151
27.2,12,0.999228778942424,0.984175992346949,1.00840658562905
27.4,12,0.999287787203421,0.98423277800178,1.00834528774588
27.6,12,0.99935603756656,0.984255182331142,1.00855461941559
27.8,12,0.999432028954687,0.984157895073118,1.00883132500274
28,12,0.999514196260959,0.984046739516172,1.00902927096148
28.2,12,0.999600936736768,0.983958111165497,1.00929205322803
28.4,12,0.999690635565434,0.983892729319396,1.00945675209036
28.6,12,0.999781690285235,0.983898993386636,1.00967759304913
28.8,12,0.999872533759343,0.983983173838532,1.00988661165394
29,12,0.999961655427258,0.984080579036356,1.01010064339343
29.2,12,1.00004762061171,0.984182568058627,1.01030436364857
29.4,12,1.00012908769609,0.984258846517791,1.01042596860283
29.6,12,1.00020482302938,0.984311068566331,1.01054477833583
29.8,12,1.00027371345809,0.984408723627608,1.01062150694918
30,12,1.0003347764263,0.984595317421007,1.01063697544243
30.2,12,1.00038716762588,0.984785717776512,1.01068147354261
30.4,12,1.00043018621809,0.984885800688896,1.0106577146654
30.6,12,1.00046327768423,0.984937848040292,1.01067451615674
30.8,12,1.00048603439728,0.984983240319298,1.01086503499216
31,12,1.00049819403685,0.985069241506765,1.01093435262736
31.2,12,1.00049963599692,0.985141347010288,1.01094118349969
31.4,12,1.00049037595868,0.985205446572911,1.01101173827224
31.6,12,1.00047055881969,0.985240695852872,1.01107640398475
31.8,12,1.00044045018531,0.985216257395981,1.01104725663205
32,12,1.00040042663827,0.985215262469949,1.01099762020609
32.2,12,1.00035096500858,0.985196429363589,1.01100209460453
32.4,12,1.00029263086765,0.985162291036027,1.01091545251423
32.6,12,1.00022606646872,0.985100350697899,1.01083281334597
32.8,12,1.00015197834974,0.984924895820814,1.01065379942497
33,12,1.0000711248064,0.984823556358408,1.01053834542517
33.2,12,0.99998430343075,0.984702573607434,1.01050205801426
33.4,12,0.99989233889684,0.98459335587135,1.01040533242252
33.6,12,0.999796071158201,0.984474063100607,1.01030442926408
33.8,12,0.999696344204163,0.984367860039062,1.0101931509215
34,12,0.999593995502606,0.984305237903233,1.01012336111372
34.2,12,0.999489846236845,0.984209403280664,1.01004700625343
34.4,12,0.99938469242401,0.984146903350835,1.00995960010663
34.6,12,0.999279296981978,0.984103815894019,1.00990057895812
34.8,12,0.999174382792041,0.983975094962712,1.00987861975804
35,12,0.999070626785312,0.983885204179914,1.00978028729476
35.2,12,0.998968655062754,0.983672133536431,1.00971256561713
35.4,12,0.998869039041749,0.983536961120096,1.00968350766096
35.6,12,0.998772292606734,0.983354601514209,1.00970925585035
35.8,12,0.998678870227517,0.98326262475446,1.00965557348722
36,12,0.998589165996787,0.983133053085017,1.00966492933939
36.2,12,0.998503513527938,0.982955786252128,1.00965263792233
36.4,12,0.998422186645831,0.982715075389118,1.00954302543126
36.6,12,0.998345400796368,0.982494169595857,1.00966544160299
36.8,12,0.998273315095837,0.982303904110276,1.00984020120528
37,12,0.998206034937747,0.981947895232109,1.00994976461694
37.2,12,0.998143615073288,0.98175779307622,1.01012734455869
37.4,12,0.998086063081465,0.981552205302196,1.01040780957319
37.6,12,0.998033343146246,0.981307781467412,1.01071670255481
37.8,12,0.99798538006062,0.981233355597194,1.01084700348629
38,12,0.997942063381075,0.981106088698281,1.01114550531627
38.2,12,0.997903251660573,0.980830772829798,1.01134139792961
38.4,12,0.99786877669342,0.980550064044611,1.01165001062047
38.6,12,0.997838447711352,0.980358919696585,1.01211983972881
38.8,12,0.997812055476551,0.980171948275323,1.01258752792727
39,12,0.997789376223952,0.980007082162004,1.01291510698427
39.2,12,0.997770175412071,0.979863463620004,1.01332994781427
39.4,12,0.997754211248377,0.979656719363909,1.01377529724733
39.6,12,0.997741237962029,0.979462904687808,1.01429684683121
39.8,12,0.997731008803289,0.979297230428417,1.01466941208747
40,12,0.9977232787552,0.979137245585778,1.01504892311741
0,13,1.01585449742394,0.983567027362562,1.05175187582637
0.2,13,1.01473859398637,0.98311735275608,1.05054072742517
0.4,13,1.01361327779949,0.982971319939725,1.04873866993978
0.6,13,1.01248322641188,0.982546712074832,1.04720515614686
0.8,13,1.0113533698271,0.981776191598954,1.04558292255148
1,13,1.0102288524673,0.981417102089429,1.0443915756613
1.2,13,1.0091149901454,0.980571968981637,1.04247428891605
1.4,13,1.00801722237462,0.980386300194544,1.0410246149934
1.6,13,1.0069410604369,0.979967197947327,1.03974163303565
1.8,13,1.00589203172146,0.97975835515397,1.03797720228614
2,13,1.00487562092998,0.979405019021265,1.03609547270946
2.2,13,1.00389720882358,0.978629241118084,1.03479448244019
2.4,13,1.00296200925793,0.978321145123147,1.03373898272415
2.6,13,1.00207500531492,0.977879006861206,1.03254882635227
2.8,13,1.00124088539126,0.978164981735354,1.0313713127065
3,13,1.00046398014495,0.977822036251211,1.03050431181138
3.2,13,0.99974820122987,0.97729886060935,1.02961951130591
3.4,13,0.999096982764352,0.976852174697106,1.02898927678615
3.6,13,0.998513226483463,0.976540187695967,1.02867164036133
3.8,13,0.997999251513674,0.97655854400812,1.02865633837197
4,13,0.997556749684663,0.976634665959803,1.02860477898309
4.2,13,0.997186747254398,0.976351262716148,1.02832660546281
4.4,13,0.996889573870813,0.976277355221395,1.02801557813628
4.6,13,0.996664839526064,0.976115176798966,1.0279889704035
4.8,13,0.996511420177437,0.976348685818611,1.02745427411522
5,13,0.996427452612512,0.976561941508267,1.02773803633579
5.2,13,0.996410339025408,0.976481351150786,1.02768447324164
5.4,13,0.996456761646205,0.976618486629978,1.02769192350649
5.6,13,0.996562707627554,0.976999071328658,1.02775613685374
5.8,13,0.996723504242152,0.97758470705269,1.02787284730466
6,13,0.99693386428341,0.978077004618199,1.02805514851923
6.2,13,0.99718794139121,0.978121955369704,1.02826412836762
6.4,13,0.997479394847415,0.978467057526233,1.02840999216035
6.6,13,0.997801463204663,0.97880338078053,1.02869481857724
6.8,13,0.998147045930331,0.979217139476762,1.02900356921437
7,13,0.998508792069324,0.979690082873353,1.02931156440921
7.2,13,0.998879194758832,0.980077330461051,1.02958667462266
7.4,13,0.999250690270227,0.980564607120254,1.02983793033267
7.6,13,0.999615760112525,0.980792983981773,1.03006567973147
7.8,13,0.999967034613439,0.981159749095041,1.03007391207587
8,13,1.0002973963026,0.981654644738605,1.03013678685092
8.2,13,1.0006000813614,0.982289757592639,1.03025234408137
8.4,13,1.00086877737892,0.982826560336263,1.03020077774854
8.6,13,1.00109771566623,0.983277007139678,1.03009264562989
8.8,13,1.00128175643404,0.983482943299059,1.0300749740406
9,13,1.00141646523184,0.98376210761932,1.02985244997626
9.2,13,1.00149817917942,0.983981339854621,1.02947089303695
9.4,13,1.00152406169229,0.984218120745156,1.028957891217
9.6,13,1.0014921446071,0.984300484237209,1.02837375166895
9.8,13,1.00140135684786,0.984137460257529,1.02771377915872
10,13,1.00125153903129,0.984011868088907,1.026940796217
10.2,13,1.00104344368508,0.983993343969082,1.02628907781781
10.4,13,1.00077872103682,0.983724422531404,1.02569429863436
10.6,13,1.00045989061754,0.983483968428219,1.02494131844674
10.8,13,1.00009029920337,0.983476877209125,1.02407475581251
11,13,0.999674065884761,0.983306709265863,1.02297726970228
11.2,13,0.999216015297426,0.983058807452269,1.02185580005726
11.4,13,0.998721600266977,0.982851991194606,1.02065339743847
11.6,13,0.998196815304627,0.98284325225786,1.01992187297308
11.8,13,0.997648102540767,0.982542148732496,1.01890623312746
12,13,0.997082251793885,0.981968009753488,1.01786630007828
12.2,13,0.996506296543199,0.981715852905631,1.01689325140491
12.4,13,0.995927407604565,0.981555765536806,1.01570586900325
12.6,13,0.995352786302153,0.981178821432503,1.01451969563396
12.8,13,0.994789558885396,0.980798021796789,1.01367637765554
13,13,0.994244673865252,0.980453564801171,1.01294099251776
13.2,13,0.9937248038397,0.980357664347778,1.01207012257846
13.4,13,0.99323625325019,0.98019312098499,1.01115164251794
13.6,13,0.99278487336294,0.980115509029087,1.01014760052674
13.8,13,0.992375985606284,0.980124082334652,1.0091714896516
14,13,0.992014314222066,0.979991892761279,1.00822980041814
14.2,13,0.991703929009549,0.979996171528535,1.00737083036457
14.4,13,0.991448198758144,0.98012546730966,1.00671931547034
14.6,13,0.991249755783712,0.980333032102094,1.00643052935722
14.8,13,0.991110471804924,0.980476235702598,1.00606701343353
15,13,0.991031445223487,0.980700977602316,1.00568122843204
15.2,13,0.991012999706581,0.98100747071061,1.00511655617286
15.4,13,0.991054693813103,0.981416985089008,1.00486976912727
15.6,13,0.991155341258185,0.981898234527008,1.00461976303603
15.8,13,0.991313041273831,0.982566534470407,1.00457371204163
16,13,0.991525218397995,0.983251212356655,1.00454139810293
16.2,13,0.99178867091059,0.983853201454154,1.00445219054795
16.4,13,0.992099627033283,0.984562205107093,1.00428650046407
16.6,13,0.99245380792116,0.98542295114147,1.00405440769511
16.8,13,0.992846496398932,0.986254378483675,1.0039392907876
17,13,0.993272610333166,0.987067862806073,1.00383075955488
17.2,13,0.993726779485629,0.988007021724945,1.00372426905765
17.4,13,0.994203424662115,0.988942351792288,1.0036422260282
17.6,13,0.994696837956691,0.989860765125209,1.00352541301954
17.8,13,0.995201262893826,0.990757629778632,1.00337753269743
18,13,0.995710973290697,0.991711147609124,1.00321352854183
18.2,13,0.996220349699394,0.992666194133708,1.00302706082839
18.4,13,0.996723952343581,0.993642854301128,1.00283559942494
18.6,13,0.997216589535975,0.994569254840425,1.00258249928319
18.8,13,0.997693380650977,0.995467963788065,1.0023310045901
19,13,0.998149812829542,0.996271856353368,1.00204772014876
19.2,13,0.998581790709403,0.997076718663782,1.00171538233324
19.4,13,0.998985678600846,0.997875439935576,1.00134406807303
19.6,13,0.999358334664087,0.998626725150783,1.00093360698803
19.8,13,0.999697136786132,0.999331677514521,1.00048389630842
20,13,1,1,1
20.2,13,1.00026538543431,0.999482978671944,1.00063582976118
20.4,13,1.00049230092338,0.998924580846717,1.00124350667521
20.6,13,1.00068029354433,0.998330906788432,1.00181722562935
20.8,13,1.00082943447533,0.997696742433587,1.00236203293176
21,13,1.00094029668563,0.997071741372972,1.00285495282045
21.2,13,1.00101392607116,0.996416164542537,1.00330146006574
21.4,13,1.00105180673754,0.995735120178821,1.00371487021309
21.6,13,1.00105582120398,0.995040127862476,1.0040761946835
21.8,13,1.00102820635581,0.994326091912237,1.00442240947334
22,13,1.00097150601007,0.993606055983702,1.00473084164302
22.2,13,1.00088852097774,0.992884841717104,1.00497905526609
22.4,13,1.000782257508,0.992148528904223,1.0051774450064
22.6,13,1.00065587498595,0.991445339131803,1.00539837951488
22.8,13,1.00051263372601,0.990761569427261,1.00558055980832
23,13,1.00035584366062,0.990058219522399,1.00570196394246
23.2,13,1.0001888146698,0.989290565065691,1.00582141442917
23.4,13,1.00001480923272,0.988636483203711,1.00589907599136
23.6,13,0.999836998010499,0.988031102605319,1.00595815632046
23.8,13,0.999658418891198,0.987452807512041,1.00602932280619
24,13,0.999481939945555,0.986909334841625,1.00610472276332
24.2,13,0.999310226657281,0.986430584621009,1.00616283659699
24.4,13,0.999145713706241,0.985995436089395,1.00621847138334
24.6,13,0.99899058149809,0.985564544661464,1.00621958798082
24.8,13,0.998846737551353,0.985143346612785,1.00619824254773
25,13,0.998715802773646,0.984750334801717,1.00626692039675
25.2,13,0.998599102583732,0.984370408354422,1.0062908918423
25.4,13,0.998497662766247,0.984047575432147,1.00626723563506
25.6,13,0.998412209881831,0.983657896102719,1.00624252857033
25.8,13,0.998343175997671,0.98336473107973,1.00634303105213
26,13,0.998290707452334,0.983106953519772,1.0063962909488
26.2,13,0.998254677324675,0.982944463428744,1.00640205107594
26.4,13,0.998234701239589,0.982851669065061,1.00652608817728
26.6,13,0.998230156113525,0.982797168603718,1.00663257670846
26.8,13,0.998240201420009,0.982680554370571,1.006835267223
27,13,0.998263802539814,0.982548537277552,1.00709339665356
27.2,13,0.998299755751726,0.982426648759966,1.00726995621541
27.4,13,0.998346714417856,0.982245446001526,1.00753515460728
27.6,13,0.998403215921897,0.982116151158842,1.00767206952848
27.8,13,0.998467708929234,0.9820065732067,1.0079304206923
28,13,0.998538580554083,0.981897354481503,1.00807368256462
28.2,13,0.998614183040349,0.981880953334113,1.00819781673539
28.4,13,0.998692859589174,0.9818278361814,1.0083969764995
28.6,13,0.99877296899673,0.981878286729943,1.00858735210251
28.8,13,0.998852908799983,0.981912740760375,1.0087302044238
29,13,0.998931136665397,0.981954671675041,1.00905700138816
29.2,13,0.999006189795158,0.981965524695831,1.00946693947413
29.4,13,0.999076702166753,0.981881907866873,1.00987117159557
29.6,13,0.999141419464032,0.98183123293006,1.0101019474321
29.8,13,0.999199211600379,0.981729847070786,1.01028714977913
30,13,0.999249082776767,0.981592496641441,1.01034307389292
30.2,13,0.999290179058461,0.981481728581325,1.01038327340102
30.4,13,0.999321793493428,0.981302386646323,1.01043421171866
30.6,13,0.999343368832494,0.981120778720422,1.0105482092111
30.8,13,0.999354497945363,0.980935943477276,1.01090012652326
31,13,0.999354922057436,0.980744540959326,1.01114722010298
31.2,13,0.99934452695948,0.980587428914248,1.01133165193359
31.4,13,0.999323337365279,0.980520255669016,1.01147853759033
31.6,13,0.999291509611357,0.980366255346545,1.01150040941952
31.8,13,0.999249322907443,0.980280420278103,1.01165948482735
32,13,0.999197169356613,0.980018296018118,1.01181026518854
32.2,13,0.999135542970045,0.979756114853056,1.01183597430988
32.4,13,0.999065027903138,0.979643194570026,1.01190409491394
32.6,13,0.998986286137677,0.979449498413663,1.01194590283285
32.8,13,0.998900044828982,0.979230095224549,1.0118669716896
33,13,0.99880708352793,0.978973901800558,1.01187608751732
33.2,13,0.998708221475753,0.978617826204417,1.01195971351753
33.4,13,0.998604305155004,0.978219612933659,1.01194514146722
33.6,13,0.99849619626348,0.977849997310931,1.01189278160306
33.8,13,0.998384760259647,0.977579725672564,1.01180485947898
34,13,0.998270855608653,0.977307869943442,1.01178686546398
34.2,13,0.998155323837805,0.977039499696823,1.01174272074488
34.4,13,0.998038980489823,0.976531020915387,1.01182939363883
34.6,13,0.99792260704166,0.975996109883699,1.01182000265411
34.8,13,0.997806943836557,0.975614090767017,1.01181689547437
35,13,0.997692684057642,0.975269082144727,1.01187333650973
35.2,13,0.997580468752984,0.975001964607251,1.01194219168149
35.4,13,0.997470882904949,0.974744541296328,1.01202299585849
35.6,13,0.997364452521023,0.974497545406291,1.01207854297653
35.8,13,0.997261642709278,0.974250035334828,1.01209367633115
36,13,0.997162856689346,0.973962265550914,1.01207877543513
36.2,13,0.997068435679265,0.974029725919158,1.01187685018959
36.4,13,0.996978659589947,0.973881126113327,1.01198472431815
36.6,13,0.99689374845216,0.973726197223364,1.01230512472851
36.8,13,0.996813864495921,0.97354159402498,1.01234066642042
37,13,0.996739114798894,0.973567578912558,1.01237398040145
37.2,13,0.996669554418769,0.973421668806851,1.01237788313045
37.4,13,0.996605189924442,0.973067747498142,1.01214969827296
37.6,13,0.996545983242141,0.972994032088369,1.01197841868286
37.8,13,0.996491855735162,0.973053754958631,1.01222149239657
38,13,0.996442692439511,0.973232493713631,1.01254221958306
38.2,13,0.996398346382361,0.973225241273653,1.01247065885425
38.4,13,0.996358642915559,0.972989639875316,1.01245737965457
38.6,13,0.996323384002419,0.972443473040587,1.01243041752257
38.8,13,0.996292352402468,0.97225052636386,1.01272918860317
39,13,0.996265315705527,0.972179891156994,1.01317634772881
39.2,13,0.996242030173451,0.971903027468605,1.01344020380602
39.4,13,0.996222244354735,0.971616746423211,1.01387306627433
39.6,13,0.996205702444028,0.971342190345587,1.01417557262939
39.8,13,0.996192147365248,0.971126887322844,1.01444588118203
40,13,0.996181323563255,0.970938070586529,1.01484139162558
0,14,1.00993638282994,0.969175205496094,1.04581810929581
0.2,14,1.00882364856657,0.968792109705964,1.04344126827594
0.4,14,1.00770152964323,0.968027763353432,1.04115397615567
0.6,14,1.00657470064716,0.967610331457977,1.0389507142408
0.8,14,1.00544809027269,0.967313455631559,1.03686646091226
1,14,1.00432684363453,0.96657534161916,1.03453975360497
1.2,14,1.00321627960555,0.965783831423905,1.0322000490896
1.4,14,1.00212184350424,0.965270435625433,1.03032569923138
1.6,14,1.0010490555492,0.964887410067102,1.02863082535956
1.8,14,1.00000345558738,0.964499332099124,1.02717592469678
2,14,0.998990544687276,0.964175254869206,1.02489700891086
2.2,14,0.998015724266839,0.963838986021632,1.02353928451796
2.4,14,0.997084233496334,0.96395521251675,1.02178908254675
2.6,14,0.996201085778276,0.964118755661296,1.02013202805763
2.8,14,0.995371005158071,0.964114257031446,1.0187338976371
3,14,0.994598363559571,0.963469413122416,1.0175289594616
3.2,14,0.993887119768453,0.96363667902191,1.01662417051699
3.4,14,0.993240761102496,0.963444632208593,1.01520737982619
3.6,14,0.992662248711017,0.963094082469402,1.01409748567395
3.8,14,0.992153967435455,0.962982464139059,1.01356227881792
4,14,0.99171768113904,0.963120665731478,1.01305703161157
4.2,14,0.991354494375478,0.96315127424044,1.01242209009023
4.4,14,0.991064821214296,0.963388492676123,1.01164318397815
4.6,14,0.990848361973918,0.963787144857515,1.011221147845
4.8,14,0.990704088532551,0.964439019802073,1.0108705337499
5,14,0.990630238791624,0.964859665417857,1.01036849141903
5.2,14,0.990624320757029,0.965349933546711,1.01018009545528
5.4,14,0.990683126580163,0.965850083396764,1.00990370856756
5.6,14,0.990802756764332,0.96641195118735,1.00963081804445
5.8,14,0.990978654593541,0.966919860577283,1.00958514411387
6,14,0.99120565068125,0.967563497257243,1.00968500981391
6.2,14,0.991478017368235,0.968089777946272,1.01002095523773
6.4,14,0.99178953252351,0.968522456425035,1.01012804694007
6.6,14,0.992133552123144,0.96899771202662,1.0099044797148
6.8,14,0.992503090802089,0.969211354556037,1.00981224935562
7,14,0.992890909397716,0.969609737527237,1.0102365757595
7.2,14,0.993289608334849,0.969955868946295,1.01046299037636
7.4,14,0.99369172554538,0.970386564590252,1.01063339349446
7.6,14,0.994089837475807,0.971074102325859,1.01083159430799
7.8,14,0.994476661618149,0.97169791462202,1.01112962725833
8,14,0.994845158908367,0.972152509688235,1.01142149285438
8.2,14,0.995188634275864,0.97244805740968,1.01165985056031
8.4,14,0.995500833601688,0.973035007318048,1.01181304146706
8.6,14,0.995776035354457,0.973520670179215,1.01186214514883
8.8,14,0.996009135223758,0.973811043667687,1.01179625745911
9,14,0.996195722161349,0.974327892362713,1.01166407491011
9.2,14,0.996332144370494,0.974770183629438,1.0116255366471
9.4,14,0.996415563950997,0.974888623078684,1.01184933715386
9.6,14,0.996443999108809,0.975032338075495,1.01169960186532
9.8,14,0.996416353069738,0.975247512195561,1.01162866259383
10,14,0.996332429091123,0.975399476515322,1.01140206548579
10.2,14,0.996192931236619,0.975491509912513,1.01110566676941
10.4,14,0.995999450860186,0.975499639771646,1.01080767628664
10.6,14,0.995754439028195,0.975388910400534,1.01066269106384
10.8,14,0.995461165385542,0.975202861917132,1.01032224476541
11,14,0.995123664235167,0.975151149239467,1.00978460421145
11.2,14,0.994746668843572,0.974881827338707,1.00935372606164
11.4,14,0.994335535201516,0.974660306557415,1.00852646361917
11.6,14,0.993896156654071,0.974551385755809,1.00797808882516
11.8,14,0.99343487096371,0.974243040779073,1.00721255623509
12,14,0.992958361481543,0.974184058187948,1.00649229883146
12.2,14,0.992473554173961,0.973940980758467,1.00579282143459
12.4,14,0.991987512284939,0.973837978349887,1.00516872225481
12.6,14,0.991507330409327,0.973683608630395,1.00444311619259
12.8,14,0.991040029712065,0.973628395771919,1.00378255421508
13,14,0.990592455955479,0.97357404469529,1.00325078865803
13.2,14,0.990171181895729,0.973514400759363,1.00269443411025
13.4,14,0.989782415484216,0.973547119403064,1.00196634038693
13.6,14,0.989431915164981,0.973676987715442,1.00130717505599
13.8,14,0.989124913399322,0.973811594769517,1.00095303868356
14,14,0.988866049378435,0.973942490188625,1.00057822463441
14.2,14,0.988659311707888,0.97414075258126,1.00027047375822
14.4,14,0.988507991667914,0.974411456345446,1.00001098417005
14.6,14,0.988414647473907,0.9747087120216,0.999713387252993
14.8,14,0.988381079784997,0.975132522106251,0.999432534460327
15,14,0.988408318537188,0.975703117709531,0.999013168167813
15.2,14,0.988496621013173,0.976282679637117,0.998726551272246
15.4,14,0.98864548090478,0.976974886381882,0.998522830517044
15.6,14,0.988853647977288,0.977727903632667,0.998341940246597
15.8,14,0.989119157808173,0.978461384341577,0.998096853346061
16,14,0.989439370947049,0.979317803797455,0.998097241286899
16.2,14,0.989811020729119,0.980188574050054,0.99835425315729
16.4,14,0.990230268871967,0.981098774070681,0.99857801434539
16.6,14,0.990692767895583,0.982190769894488,0.99870025917168
16.8,14,0.991193729328841,0.983246289452104,0.998834949619691
17,14,0.991727996602867,0.984244570215724,0.999006443948521
17.2,14,0.992290121483745,0.985363527391047,0.999098172918222
17.4,14,0.992874442864455,0.986508758862977,0.999337846899679
17.6,14,0.993475166719724,0.987671373720641,0.999455583162631
17.8,14,0.99408644602807,0.988813688121272,0.999594725302829
18,14,0.994702459483354,0.989945503702061,0.999637044573163
18.2,14,0.995317487853781,0.991113099597598,0.999722367064701
18.4,14,0.995925986899454,0.992256075434716,0.999850791393765
18.6,14,0.996522655829875,0.993340853761733,0.999937695014565
18.8,14,0.99710250036944,0.994388590016307,1.00002554654039
19,14,0.997660889600627,0.995427262007465,1.000071870101
19.2,14,0.99819360586977,0.996436186420347,1.00011549261784
19.4,14,0.998696887166837,0.997405323144998,1.00014182576538
19.6,14,0.99916746152622,0.998295280797401,1.00012367141664
19.8,14,0.99960257313744,0.99916830798356,1.00007787559024
20,14,1,1,1
20.2,14,1.00035806310238,0.999876653321607,1.00078846484522
20.4,14,1.00067562724821,0.999711817842522,1.00152206738111
20.6,14,1.00095209379025,0.999509536114345,1.00222143536978
20.8,14,1.00118738566159,0.999292119118863,1.0029027009098
21,14,1.00138192521181,0.999058139543141,1.00349584703397
21.2,14,1.00153660546033,0.998759527747482,1.00407144909987
21.4,14,1.00165275546922,0.998428210560455,1.00459159287496
21.6,14,1.00173210061092,0.998033214671672,1.00505391084567
21.8,14,1.00177671856233,0.9976006762772,1.00548965564402
22,14,1.00178899189517,0.997132431136512,1.005923384455
22.2,14,1.00177155815302,0.996652671061305,1.0063049589674
22.4,14,1.00172725830866,0.996066622781109,1.00660637373456
22.6,14,1.00165908448248,0.995616066117207,1.00686605569162
22.8,14,1.00157012777448,0.995101934903143,1.00709717567131
23,14,1.00146352702038,0.99453270471162,1.00731963626586
23.2,14,1.00134241922856,0.994083097155625,1.00755167828687
23.4,14,1.0012098923904,0.993706651386353,1.00776800458707
23.6,14,1.00106894128427,0.993214267340174,1.00793867844952
23.8,14,1.00092242681464,0.992706674701378,1.00814886928557
24,14,1.00077303934454,0.992177533397986,1.00825258457407
24.2,14,1.00062326639382,0.991744590542765,1.0082529312311
24.4,14,1.00047536498864,0.991368243164034,1.00831072209043
24.6,14,1.00033133886122,0.990967228533969,1.00869744839025
24.8,14,1.00019292061461,0.990621250119583,1.00899313877661
25,14,1.00006155888574,0.990310557887393,1.00909381758046
25.2,14,0.99993841046265,0.990068863054737,1.00917532636665
25.4,14,0.999824337240058,0.989797123647967,1.0091771408448
25.6,14,0.999719907830373,0.989561876803211,1.00922168906595
25.8,14,0.9996254035875,0.989379666965539,1.00918047260322
26,14,0.999540828747038,0.989131526211733,1.00927283924915
26.2,14,0.999465924340094,0.988845373131636,1.00950604804017
26.4,14,0.999400185498686,0.988586207842165,1.00955903222305
26.6,14,0.999342881738784,0.988353392368992,1.00964456075637
26.8,14,0.999293079782552,0.988217723510047,1.00978884783793
27,14,0.999249668464183,0.98796286957088,1.00976341964866
27.2,14,0.999211385253738,0.987804345963888,1.00986855713424
27.4,14,0.999176843930553,0.987663587210429,1.0099102790536
27.6,14,0.999144562941659,0.987445388711226,1.01003007455944
27.8,14,0.999112993991104,0.987230148058235,1.0102009042739
28,14,0.999080550422615,0.987048229886912,1.01036634841014
28.2,14,0.999045634980327,0.986756859216345,1.01054619626242
28.4,14,0.999006666559767,0.986439274774427,1.01067677788109
28.6,14,0.998962105593458,0.986289498158839,1.01080516288562
28.8,14,0.998910477751676,0.985927925203701,1.01085430563916
29,14,0.998850395678513,0.985548236432485,1.0109007266101
29.2,14,0.998780578525655,0.985284465479663,1.0109539378923
29.4,14,0.998699869090512,0.984956411878326,1.01097990253695
29.6,14,0.998607248410774,0.984778141856651,1.01096740235591
29.8,14,0.998501847713257,0.984284422183936,1.01091705469442
30,14,0.998382957660461,0.983904716858362,1.01077577157596
30.2,14,0.998250034882601,0.983280182671041,1.01063701513884
30.4,14,0.998102705825552,0.98279825099154,1.01056416387192
30.6,14,0.997940767985286,0.982265687517903,1.01042954756365
30.8,14,0.997764188636515,0.981585504245496,1.01030968134119
31,14,0.997573101196852,0.981051811972701,1.01024682167142
31.2,14,0.997367799397369,0.980521413969782,1.01010095139175
31.4,14,0.997148729455714,0.979788309661324,1.01004084220979
31.6,14,0.996916480468638,0.97914784697204,1.01006939423242
31.8,14,0.996671773256799,0.97860568717825,1.01002430633778
32,14,0.996415447905947,0.978013569855875,1.00998229566366
32.2,14,0.996148450255167,0.97741629000148,1.00965278268492
32.4,14,0.995871817584893,0.976828275300415,1.00953937547
32.6,14,0.995586663755071,0.976029994387225,1.00938123479294
32.8,14,0.995294164037599,0.975344791186449,1.0093004385836
33,14,0.994995539877147,0.974665600343882,1.00921049026932
33.2,14,0.994692043801297,0.9738686477596,1.00907938897049
33.4,14,0.994384944684914,0.973079851614176,1.00898442546166
33.6,14,0.994075513555339,0.972094351526547,1.00848889062823
33.8,14,0.993765010104826,0.971242063962249,1.00841649269483
34,14,0.993454670055116,0.970125705949277,1.00842643314151
34.2,14,0.993145693496653,0.968853338845491,1.00837098252565
34.4,14,0.992839234302097,0.967759258696399,1.00832785880765
34.6,14,0.992536390691005,0.966623475610382,1.00813618447897
34.8,14,0.992238197000091,0.965451007804514,1.00809651249248
35,14,0.991945616691868,0.964880518345549,1.00822586789279
35.2,14,0.991659536613828,0.963781409340241,1.00830772374611
35.4,14,0.991380762501125,0.962691520173615,1.00814499057542
35.6,14,0.991110015698002,0.962092218740334,1.00797832218121
35.8,14,0.990847931057266,0.96125909110959,1.00813619363721
36,14,0.990595055963021,0.960083466057152,1.00815339853563
36.2,14,0.990351850409744,0.958978075910102,1.00827357364632
36.4,14,0.990118688060645,0.95792834241778,1.00845442491003
36.6,14,0.989895858200085,0.956999130593958,1.00843494944011
36.8,14,0.989683568488693,0.956313993381939,1.0084721389304
37,14,0.989481948425509,0.955268792818811,1.0087595991259
37.2,14,0.989291053419063,0.954318932378782,1.00900034809813
37.4,14,0.989110869368534,0.953263322471454,1.00923986288565
37.6,14,0.98894131765698,0.952538834241994,1.00945614607807
37.8,14,0.988782260460858,0.951530877698457,1.00968515836423
38,14,0.988633506283617,0.950554341308789,1.00991280227594
38.2,14,0.988494815625739,0.949610243982368,1.01021493325643
38.4,14,0.988365906709185,0.948698498267269,1.01045807787633
38.6,14,0.988246461180518,0.947878647164461,1.01065132478459
38.8,14,0.988136129723891,0.94713296309198,1.0110354235145
39,14,0.988034537522435,0.946424487460046,1.01153703224936
39.2,14,0.987941289514185,0.945752695685924,1.01188036246655
39.4,14,0.987855975396439,0.945114006921354,1.01216415323761
39.6,14,0.987778174340147,0.944410931401092,1.01253016992012
39.8,14,0.987707459383537,0.943798808495003,1.01284543070326
40,14,0.987643401481511,0.943468238436473,1.01307555588233
