"value","lag","rr","lo","hi"
0,0,0.989227075937825,0.956739280228926,1.0118047573034
0.2,0,0.989193200256349,0.956927203774231,1.01164454905048
0.4,0,0.989159728277338,0.957303258569674,1.01158806482093
0.6,0,0.989126895485946,0.957474058962709,1.01144854524053
0.8,0,0.989094952208649,0.957593666879263,1.01107109288319
1,0,0.989064162636265,0.957723582097874,1.01060312931317
1.2,0,0.989034803645963,0.95786444488688,1.01026744280181
1.4,0,0.989007163423894,0.958016903801059,1.01000062680361
1.6,0,0.988981539893011,0.958181612437434,1.00996378111899
1.8,0,0.988958238953663,0.958345551490862,1.009946988758
2,0,0.988937572547662,0.958748579904663,1.00985935466886
2.2,0,0.988919856559647,0.958859032160749,1.00980596842582
2.4,0,0.988905408572682,0.959125727164421,1.00959611674922
2.6,0,0.988894545498025,0.959368643205711,1.00938600396677
2.8,0,0.988887581101949,0.959661499652772,1.0093454106089
3,0,0.98888482345515,0.959907154182132,1.00910187761364
3.2,0,0.988886572332794,0.96020307756329,1.00872714883635
3.4,0,0.988893116595431,0.960455500042563,1.00851535635315
3.6,0,0.98890473158283,0.96086297082072,1.00827589897575
3.8,0,0.988921676554298,0.961088874124531,1.00804836917679
4,0,0.988944192210061,0.961336626352779,1.00778634046487
4.2,0,0.988972498328894,0.961644252901084,1.00752644692119
4.4,0,0.989006791557301,0.961890154464427,1.00720372836992
4.6,0,0.989047243385142,0.961962046371511,1.00698459572556
4.8,0,0.989093998341699,0.962166954577231,1.00675024890177
5,0,0.989147172444721,0.962258892603776,1.00687003320774
5.2,0,0.989206851933021,0.962784468573969,1.0064975105654
5.4,0,0.989273092310713,0.962829040874419,1.00611860927635
5.6,0,0.989345917728157,0.963278088090674,1.00576620107057
5.8,0,0.989425320721205,0.963652612487355,1.00551891241057
6,0,0.989511262326392,0.964045448374166,1.00536299055544
6.2,0,0.989603672585328,0.964807098363611,1.00537402087237
6.4,0,0.989702451446805,0.965157064729915,1.0052005506043
6.6,0,0.989807470070002,0.965472498432087,1.00523336281484
6.8,0,0.989918572526794,0.965932621959226,1.00529717706373
7,0,0.990035577895508,0.966549463255153,1.00532327463264
7.2,0,0.990158282732649,0.966948898525652,1.00529851992119
7.4,0,0.990286463903158,0.967259718901089,1.00516447637162
7.6,0,0.990419881743728,0.967566844365218,1.00510686811667
7.8,0,0.990558283527679,0.967914995860351,1.00507939977875
8,0,0.9907014071939,0.968484298261248,1.00506918048751
8.2,0,0.990848985296521,0.969197943350144,1.00503602459799
8.4,0,0.991000749126298,0.969620206105186,1.0048975813586
8.6,0,0.991156432949267,0.969979567802215,1.00479973650847
8.8,0,0.991315778303139,0.970261342924049,1.00485302179028
9,0,0.991478538287179,0.970598754370469,1.00486803118899
9.2,0,0.991644481777057,0.970806477031067,1.00486642715556
9.4,0,0.991813397492437,0.971138571847197,1.00509113468556
9.6,0,0.991985097841936,0.971526781008682,1.0050750918621
9.8,0,0.992159422467609,0.971728112108364,1.00506886272605
10,0,0.992336241409437,0.972125424308101,1.00505665497137
10.2,0,0.992515457809387,0.972504360455238,1.00503163460501
10.4,0,0.99269701007463,0.97311010841279,1.00500254717035
10.6,0,0.992880873420524,0.973609502932755,1.00515497039426
10.8,0,0.993067060716022,0.973933164232853,1.00517750802782
11,0,0.99325562255738,0.974263434790422,1.00529858058757
11.2,0,0.993446646500493,0.974597392072241,1.00538547298635
11.4,0,0.993640255387923,0.974887439735088,1.00538685462383
11.6,0,0.993836604713802,0.975279304227401,1.00548187622561
11.8,0,0.994035878978391,0.975690242190659,1.0054298205897
12,0,0.994238286994124,0.9765087228653,1.00548482146902
12.2,0,0.994444056116624,0.977003482280933,1.00556271677688
12.4,0,0.994653425387399,0.977372599802354,1.00576450093603
12.6,0,0.994866637589769,0.977883649966203,1.00601742988023
12.8,0,0.995083930236033,0.97840783104217,1.00618609788691
13,0,0.995305525521901,0.978857199650026,1.00617733790761
13.2,0,0.995531619303802,0.979426681706673,1.00637515604122
13.4,0,0.995762369175687,0.979913003762712,1.00647882327599
13.6,0,0.995997881744252,0.980402596354854,1.00638496084632
13.8,0,0.996238199225028,0.980766188699901,1.00624057559402
14,0,0.996483285506204,0.981281142037336,1.00619654895664
14.2,0,0.996733011852179,0.981855582602522,1.00614356957882
14.4,0,0.996987142444372,0.982438992790828,1.0061703895227
14.6,0,0.997245319982339,0.983049641312243,1.00622183915492
14.8,0,0.997507051593418,0.983677235663171,1.00622013227789
15,0,0.997771695323341,0.984325246231597,1.00631634616818
15.2,0,0.99803844750316,0.984979413669059,1.00636633280554
15.4,0,0.998306331308635,0.985661164630243,1.00643158352835
15.6,0,0.998574186846435,0.986367090771401,1.00656599865309
15.8,0,0.998840663116331,0.987096198528863,1.00667158791211
16,0,0.999104212209302,0.987829957506091,1.00644689712025
16.2,0,0.999363086107352,0.98846305026186,1.00643742164027
16.4,0,0.999615336451068,0.98919605975898,1.00638898738994
16.6,0,0.999858817634761,0.990077680857415,1.00637676571023
16.8,0,1.00009119357564,0.990913972549581,1.00629942241881
17,0,1.00030994848223,0.991700084268172,1.00622065049278
17.2,0,1.00051240191732,0.992422194460774,1.00612923841525
17.4,0,1.00069572841208,0.993044122408431,1.00596737639728
17.6,0,1.00085698183936,0.993765107775035,1.00575903867401
17.8,0,1.00099312469654,0.994537901261885,1.00556483797155
18,0,1.00110106238039,0.995254530692536,1.00529238908499
18.2,0,1.00117768245975,0.99582763134621,1.00496977436223
18.4,0,1.00121989886586,0.996423923681906,1.00464423002288
18.6,0,1.0012247008264,0.997030377430379,1.00426487269454
18.8,0,1.00118920626916,0.997587458685842,1.003834901971
19,0,1.00111071931528,0.998126157556358,1.00334905234951
19.2,0,1.00098679137326,0.998618176995808,1.00279419583893
19.4,0,1.0008152852351,0.999051601554747,1.00217477293955
19.6,0,1.00059444146715,0.999440412256432,1.00150143912773
19.8,0,1.00032294628444,0.999757013270806,1.00077748898824
20,0,1,1,1
20.2,0,0.999625385054238,0.99916794883369,1.00018002172675
20.4,0,0.999199532556091,0.998288479003519,1.00027875324519
20.6,0,0.99872358621067,0.997361264322869,1.00033670841624
20.8,0,0.998199462470233,0.996370019287898,1.0003386679923
21,0,0.997629905728679,0.995331273328374,1.00026024992677
21.2,0,0.99701853738634,0.994250152640851,1.00007534071037
21.4,0,0.996369897642869,0.993123628695323,0.999820351649893
21.6,0,0.995689478932005,0.991957811822127,0.999453292675775
21.8,0,0.994983749992657,0.990786214581342,0.999176734839195
22,0,0.994260169675127,0.989572041225181,0.998837477486799
22.2,0,0.993527189707338,0.988350529363013,0.998550075180418
22.4,0,0.992794245791128,0.987208935244669,0.998197652643525
22.6,0,0.99207173655943,0.985936130913094,0.99776205787324
22.8,0,0.991370990097646,0.984691958693636,0.997305302902058
23,0,0.990704217912032,0.983646131002241,0.996986459075552
23.2,0,0.990084456409962,0.982533812463803,0.996632798310975
23.4,0,0.98952549613639,0.981524653097008,0.996478741347003
23.6,0,0.989041799183318,0.980579754803973,0.996302749307516
23.8,0,0.988648405349968,0.979623951366982,0.996262910971472
24,0,0.988360827777128,0.978906191722462,0.996287352597191
24.2,0,0.988194938906643,0.978241396208647,0.996629527408915
24.4,0,0.988166847724158,0.977705047207284,0.997074882442828
24.6,0,0.988292769328917,0.977344631882784,0.997663017583607
24.8,0,0.988588887938541,0.977121647708654,0.998257160246004
25,0,0.989071214480302,0.977093859077333,0.999075149695822
25.2,0,0.989755439945433,0.977216972683113,1.0000691560261
25.4,0,0.990656785692352,0.977341489167382,1.00135133481997
25.6,0,0.991789851881946,0.978025835326211,1.00279239801537
25.8,0,0.993168465217387,0.978852822032915,1.00444016504545
26,0,0.994805527146772,0.979871387911114,1.00633105829168
26.2,0,0.996712863673675,0.981245558886384,1.00842710954713
26.4,0,0.998901077912631,0.982813562516824,1.01076711212294
26.6,0,1.00137940652747,0.984639933958363,1.01347664635915
26.8,0,1.00415558120306,0.986973061587478,1.0164953497258
27,0,1.00723569632768,0.989556378179105,1.01979449436347
27.2,0,1.01062408410402,0.992278456166024,1.02342889259479
27.4,0,1.01432319836192,0.995357869059257,1.02734251494708
27.6,0,1.01833350841265,0.998838173974476,1.03152455474997
27.8,0,1.02265340435917,1.00255979224021,1.03612106393453
28,0,1.02727911535489,1.00653449976961,1.04104941841028
28.2,0,1.03220464237768,1.01079585391793,1.04631962029319
28.4,0,1.03742170714875,1.01540115315353,1.05186887014038
28.6,0,1.0429197188695,1.02049062154716,1.05760821846524
28.8,0,1.04868576046264,1.02560294973723,1.06367120590612
29,0,1.05470459597899,1.03105484867966,1.06984854952084
29.2,0,1.0609587007578,1.03704932517561,1.07634134171483
29.4,0,1.06742831579833,1.04331440911068,1.08301264928151
29.6,0,1.07409152760628,1.04957257445618,1.08991486993784
29.8,0,1.08092437451592,1.05576825421396,1.09701649064656
30,0,1.08790098015379,1.06211575183855,1.10430882715684
30.2,0,1.09499371430394,1.0685918284691,1.11181349907329
30.4,0,1.10217338096107,1.07514914522828,1.11936857709142
30.6,0,1.10940943282404,1.0817290311967,1.12706540780495
30.8,0,1.11667021089976,1.08843136603047,1.1345842589667
31,0,1.12392320727059,1.09506935498862,1.14203167677778
31.2,0,1.13113534844622,1.10174404414551,1.14958541982125
31.4,0,1.13827329609421,1.10841999217405,1.15732506682274
31.6,0,1.14530376134517,1.11502189672199,1.16475986385654
31.8,0,1.15219382832353,1.12119471123918,1.17217076937709
32,0,1.15891128208695,1.12720491750295,1.17941683531093
32.2,0,1.1654249357897,1.13311855764221,1.18628686789408
32.4,0,1.17170495163865,1.13900813774968,1.19297119098553
32.6,0,1.17772315010054,1.14446918297062,1.19947875956938
32.8,0,1.18345330185929,1.14978143877362,1.2055257966932
33,0,1.18887139721664,1.15487304973329,1.21131698030966
33.2,0,1.19395588798009,1.15959233208799,1.21662445734941
33.4,0,1.19868789738044,1.16386425430144,1.22193677690376
33.6,0,1.20305139419546,1.16769303399934,1.22679534563106
33.8,0,1.20703332800654,1.17126482739091,1.23090699118072
34,0,1.21062372335727,1.17441922783908,1.23465540991351
34.2,0,1.21381573148916,1.17715997406475,1.23835593344026
34.4,0,1.21660563926834,1.17956197349842,1.24160244678953
34.6,0,1.21899283585726,1.18135548426935,1.244348740331
34.8,0,1.22097973859441,1.18261382347234,1.24648225238302
35,0,1.22257168039397,1.18367394163917,1.24822294099191
35.2,0,1.22377676173973,1.18441838566747,1.2494102873806
35.4,0,1.22460567100123,1.18472793236515,1.25031828091402
35.6,0,1.22507147732819,1.18496565992038,1.25077827754962
35.8,0,1.22518940077122,1.18485337853797,1.25100238103548
36,0,1.22497656452728,1.18440492732624,1.25104491194394
36.2,0,1.22445173431717,1.18367350512592,1.25072718339977
36.4,0,1.22363504987716,1.18289283873962,1.25035787202067
36.6,0,1.22254775339634,1.18113942816764,1.24902168263153
36.8,0,1.22121191947073,1.17980290397454,1.24772214989943
37,0,1.21965019079198,1.17803108053792,1.24637663817588
37.2,0,1.21788552336024,1.17555256061526,1.24496153805449
37.4,0,1.21594094452832,1.17373145116181,1.24342380619353
37.6,0,1.21383932666691,1.17136353701054,1.24134818428637
37.8,0,1.21160317870583,1.16918231971061,1.2392874900595
38,0,1.20925445727282,1.16668391669573,1.23727613731959
38.2,0,1.20681439863263,1.16403670601269,1.23543493548384
38.4,0,1.20430337213842,1.16146480136701,1.23414016639763
38.6,0,1.20174075545442,1.15903077018634,1.23225534812359
38.8,0,1.19914483140082,1.15633945805876,1.23054759260255
39,0,1.19653270591406,1.15339667417944,1.2288782504656
39.2,0,1.19392024631007,1.1505881275809,1.22721847491527
39.4,0,1.19132203878575,1.14791199713157,1.22560974203963
39.6,0,1.18875136389383,1.14529284095808,1.2242319685171
39.8,0,1.18622018857526,1.14278986220772,1.22224384293019
40,0,1.18373917322822,1.14011673185139,1.22064043323162
0,1,0.995451250576002,0.976254437214125,1.02302000466745
0.2,1,0.995390184476472,0.976400514774605,1.02250310927965
0.4,1,0.995327894495617,0.976546918734701,1.02192571657093
0.6,1,0.995264570981724,0.976697959113685,1.02137540655104
0.8,1,0.995200422151982,0.976816528895871,1.02080067511197
1,1,0.995135673455074,0.976928904738372,1.0204651482638
1.2,1,0.9950705667222,0.977050523238193,1.02004296428161
1.4,1,0.995005359104551,0.977358152908821,1.01957526805549
1.6,1,0.99494032179813,0.977346167942046,1.01901444379514
1.8,1,0.994875738559914,0.977520159148764,1.01878596377147
2,1,0.994811904022511,0.977704749257264,1.0185338204184
2.2,1,0.994749121817771,0.97800685247668,1.0180881851703
2.4,1,0.994687702523075,0.978153506542162,1.01753506230157
2.6,1,0.994627961447323,0.978338293044859,1.01686714897165
2.8,1,0.994570216276796,0.978619518094273,1.0161923183088
3,1,0.99451478460415,0.978947996399622,1.01551232874856
3.2,1,0.994461981366623,0.978936614461611,1.01501244600661
3.4,1,0.994412116222168,0.979155958937928,1.01466950046603
3.6,1,0.994365490894515,0.979037214462481,1.01465044903009
3.8,1,0.994322396520131,0.979406571730982,1.01434281590491
4,1,0.994283111031597,0.979775520247011,1.01414367796508
4.2,1,0.994247896613052,0.979863875472701,1.01393254063515
4.4,1,0.994216997264003,0.979895596534397,1.01364266279674
4.6,1,0.994190636507944,0.979988651829817,1.01361419408086
4.8,1,0.994169015281863,0.979953062148871,1.01340667079476
5,1,0.994152310041797,0.979921437761822,1.01323508930687
5.2,1,0.994140671118136,0.979895131275698,1.01329657056418
5.4,1,0.994134221352366,0.980004846811613,1.0130429372136
5.6,1,0.994133055044406,0.980035270821981,1.01281530721443
5.8,1,0.994137237236596,0.980188372007063,1.01262055504689
6,1,0.994146803356833,0.980163571988105,1.01245447657086
6.2,1,0.994161759239261,0.980238478767945,1.01226347039651
6.4,1,0.994182081536449,0.980127190211752,1.01204766949792
6.6,1,0.99420771853203,0.980338852761713,1.01183744413759
6.8,1,0.994238591357533,0.980557204177939,1.01167973030585
7,1,0.994274595611525,0.980655910283273,1.01147075939603
7.2,1,0.994315603373319,0.980701352751743,1.01149445260133
7.4,1,0.994361465597472,0.980961622825238,1.0115248092883
7.6,1,0.994412014869051,0.981067890022093,1.01157239890863
7.8,1,0.994467068493398,0.981185319801367,1.01156821409114
8,1,0.994526431887781,0.981461654291274,1.01153667890493
8.2,1,0.994589902236098,0.981671114074574,1.01139558130631
8.4,1,0.994657272361644,0.982052270836169,1.01123698978211
8.6,1,0.994728334767001,0.982160646362717,1.01130659569069
8.8,1,0.994802885784465,0.982459829930967,1.01128841303706
9,1,0.99488072977505,0.98251684800234,1.01117083298863
9.2,1,0.994961683309195,0.982723879513342,1.01112932206475
9.4,1,0.995045579257914,0.982870476030149,1.01102185271874
9.6,1,0.995132270719237,0.983022107751764,1.01085638578787
9.8,1,0.995221634701647,0.983035532909517,1.01073481480194
10,1,0.995313575483806,0.983146332097946,1.01047201591511
10.2,1,0.995408027568239,0.98341730669145,1.01026111316916
10.4,1,0.995504958146046,0.983674245059761,1.01010750494441
10.6,1,0.99560436899004,0.983878646290573,1.0098818422315
10.8,1,0.995706297695238,0.983919430986362,1.00960552641577
11,1,0.995810818188271,0.984074805844589,1.00945041040953
11.2,1,0.995918040431331,0.98427657188697,1.00930647689946
11.4,1,0.996028109251564,0.984412392074171,1.0091326682357
11.6,1,0.996141202233701,0.984615546172574,1.00887673879497
11.8,1,0.996257526622043,0.984832706457134,1.00853514731742
12,1,0.996377315187863,0.985063880431607,1.00831927158792
12.2,1,0.996500821029891,0.985343548774749,1.00830840754173
12.4,1,0.996628311288797,0.985613115558148,1.00810981538082
12.6,1,0.996760059771565,0.98569175771933,1.00809830209182
12.8,1,0.996896338498268,0.985934841237961,1.00794396780197
13,1,0.997037408202058,0.986312800191201,1.0078568681449
13.2,1,0.997183507833053,0.986435177243334,1.0077949732042
13.4,1,0.997334843138175,0.986617138608666,1.0076766255007
13.6,1,0.99749157441168,0.986875224486007,1.00754002631442
13.8,1,0.997653803535055,0.987066446375852,1.00733012804415
14,1,0.997821560449761,0.987342873825755,1.00725172738835
14.2,1,0.997994789231859,0.987587209098661,1.00718732989808
14.4,1,0.998173333963448,0.987815256607431,1.00706527475702
14.6,1,0.998356924621706,0.988178836308755,1.00687950221258
14.8,1,0.998545163231814,0.988456998124152,1.00666706532758
15,1,0.998737510554511,0.98872017198487,1.00667391168045
15.2,1,0.998933273602107,0.989073063169175,1.0064764294794
15.4,1,0.999131594297743,0.989598211858118,1.00631771041554
15.6,1,0.999331439610956,0.989944736686093,1.0062882095601
15.8,1,0.999531593517448,0.990423566515033,1.00621181684679
16,1,0.999730651141676,0.991010590317379,1.00621743568606
16.2,1,0.99992701544669,0.991443643302323,1.00607861382366
16.4,1,1.00011889683578,0.991943910341716,1.00589123420756
16.6,1,1.00030431602421,0.992408464475382,1.00579979329248
16.8,1,1.00048111052584,0.992841730858925,1.0056949678746
17,1,1.00064694507812,0.993277796376964,1.00565601091933
17.2,1,1.00079932629916,0.993781216136631,1.00543171076575
17.4,1,1.00093562183161,0.994260722040092,1.00523505714888
17.6,1,1.00105308418036,0.994860252800881,1.00508996060674
17.8,1,1.00114887939298,0.995463139034017,1.00486463555926
18,1,1.00122012066489,0.995973329665832,1.00464478200531
18.2,1,1.00126390687506,0.996500708118457,1.00442199322073
18.4,1,1.00127736597282,0.997030775638362,1.00414002242597
18.6,1,1.00125770304368,0.997533061517041,1.0038251180088
18.8,1,1.00120225278297,0.997989629907204,1.00343408765931
19,1,1.0011085360015,0.998447853720559,1.00299505783588
19.2,1,1.00097431968021,0.998842273841593,1.0025270166216
19.4,1,1.00079767998222,0.999204924319803,1.00198971075471
19.6,1,1.00057706752413,0.999528148793234,1.00138328921659
19.8,1,1.00031137410541,0.999796431076189,1.00071534776479
20,1,1,1,1
20.2,1,0.999642920828411,0.999232951645915,1.00016024824443
20.4,1,0.999240752957354,0.998412952181174,1.00024649163527
20.6,1,0.998794816317434,0.99754303898116,1.00028980600261
20.8,1,0.998307193492639,0.996634989546143,1.00030581005454
21,1,0.997780783918937,0.995659296771757,1.00027542425067
21.2,1,0.997219352035839,0.994681916884012,1.00013674846458
21.4,1,0.996627568265209,0.993704368715577,0.999928552220154
21.6,1,0.996011041746442,0.992695186939973,0.999750405353926
21.8,1,0.995376343836173,0.991688114604243,0.999602102480132
22,1,0.994731021482744,0.990701641594999,0.999375196106143
22.2,1,0.994083599709028,0.989717807003295,0.999140754998617
22.4,1,0.993443572579092,0.988673694040422,0.99890629826744
22.6,1,0.992821382181329,0.987617728982435,0.998708556413784
22.8,1,0.992228385329148,0.986694035657048,0.998479770006292
23,1,0.991676807855653,0.985813876778376,0.998354664015914
23.2,1,0.99117968655643,0.985086553429734,0.998254042420049
23.4,1,0.9907507990098,0.984389538173877,0.998259283428907
23.6,1,0.990404581672216,0.983660222175642,0.998363453776101
23.8,1,0.990156036803653,0.983132611044961,0.998545274326574
24,1,0.990020628920211,0.982836820474847,0.998823363604428
24.2,1,0.990014171595928,0.982540412757213,0.99919259805105
24.4,1,0.99015270554086,0.982290625943668,0.999766713565575
24.6,1,0.990452368966852,0.982364014824076,1.00050460330082
24.8,1,0.990929261316137,0.982450188022484,1.00129709088183
25,1,0.991599301471934,0.983057282044453,1.00227259527072
25.2,1,0.992478081596618,0.983884296852963,1.00346204304199
25.4,1,0.993580717754681,0.984724059188093,1.00485133564568
25.6,1,0.994921698478191,0.985738518552068,1.00641110079339
25.8,1,0.996514732425815,0.986983701664461,1.00821702335873
26,1,0.998372596277203,0.988494291668849,1.01047680677706
26.2,1,1.00050698399681,0.99025925957328,1.01298293447869
26.4,1,1.00292835859947,0.992387308066858,1.01572755826735
26.6,1,1.00564580755743,0.99512346858094,1.0188326884313
26.8,1,1.00866690300858,0.998007736721966,1.02237882713339
27,1,1.01199756795911,1.0010383574394,1.02619950079176
27.2,1,1.01564194972273,1.00482052612104,1.03038280359
27.4,1,1.0196023019004,1.00864409473587,1.03481938282727
27.6,1,1.02387887627891,1.01251369072964,1.03956494484826
27.8,1,1.02846982610796,1.01690672971487,1.04441292682637
28,1,1.03337112229985,1.0218069194032,1.04957713062319
28.2,1,1.03857648417547,1.02696258449234,1.05504690396064
28.4,1,1.0440773264483,1.03235740748867,1.06092590436622
28.6,1,1.04986272418447,1.03783909242987,1.06685814148577
28.8,1,1.0559193974928,1.04352118036285,1.07338647319759
29,1,1.06223171767442,1.04954298148209,1.08021881453941
29.2,1,1.06878173648666,1.05604413990255,1.08714045102341
29.4,1,1.07554924004331,1.06274887127935,1.09411743592526
29.6,1,1.08251182867393,1.06974556951325,1.10094644723248
29.8,1,1.08964502379547,1.07666260667001,1.1082740977059
30,1,1.09692240250527,1.08368121574478,1.11600758446811
30.2,1,1.10431576018791,1.09098713161392,1.12379325980331
30.4,1,1.11179530094155,1.09815451816378,1.13166684260658
30.6,1,1.11932985508153,1.10533219592457,1.13961677135346
30.8,1,1.12688712238043,1.11261158072378,1.14774292245961
31,1,1.13443393907047,1.11979105952245,1.15600182513233
31.2,1,1.14193656598514,1.12701137182681,1.16379658624119
31.4,1,1.14936099457302,1.13420368470718,1.17204079132414
31.6,1,1.15667326690274,1.14123015461331,1.18019620900744
31.8,1,1.16383980521806,1.14815439824792,1.18760316316199
32,1,1.17082774612166,1.15473101941807,1.19488673009104
32.2,1,1.17760527408806,1.16132631489868,1.20227233803027
32.4,1,1.18414194875226,1.16745257271262,1.209186176142
32.6,1,1.19040902030699,1.17343268162981,1.21572278971549
32.8,1,1.19637972738118,1.1790992206941,1.222478858046
33,1,1.2020295719709,1.184305873445,1.22839609721185
33.2,1,1.20733656635141,1.18920858514349,1.23386805192177
33.4,1,1.21228144740882,1.19384179567681,1.23942037427844
33.6,1,1.216847854478,1.19805221921428,1.24433914061977
33.8,1,1.22102246754036,1.2019549330835,1.24903503179014
34,1,1.2247951034966,1.20533484476581,1.25311189945513
34.2,1,1.22815876915545,1.20822295287086,1.2573923625814
34.4,1,1.2311096705399,1.21110846000763,1.26103509743747
34.6,1,1.23364717907276,1.2136403704741,1.2639251299907
34.8,1,1.23577375613285,1.21543617012064,1.26704312308737
35,1,1.23749483834069,1.21694309792255,1.26884295511151
35.2,1,1.23881868671132,1.21799310324937,1.2707467024048
35.4,1,1.23975620347947,1.21867164070595,1.27215565129926
35.6,1,1.2403207209418,1.2189918671491,1.27279159849528
35.8,1,1.24052776706077,1.21909668001152,1.27273131472476
36,1,1.24039481282963,1.21881655600737,1.2730636309441
36.2,1,1.23994100650955,1.21817473200968,1.27283059624951
36.4,1,1.23918689982266,1.21718948431967,1.27196187521034
36.6,1,1.23815417103104,1.21588241545571,1.27109508773065
36.8,1,1.23686534956515,1.21436612130532,1.27043592490869
37,1,1.23534354650374,1.21258067401999,1.26976564069324
37.2,1,1.23361219476996,1.21090302785317,1.26800115888423
37.4,1,1.23169480241555,1.20891998425462,1.26613625242762
37.6,1,1.22961472183654,1.20650946338045,1.26507063012195
37.8,1,1.22739493721812,1.20421250191244,1.26300739456173
38,1,1.22505787196192,1.20182069307652,1.25974267461015
38.2,1,1.22262521731954,1.19934801119805,1.25758044014381
38.4,1,1.22011778295572,1.19642027452174,1.25562782370024
38.6,1,1.21755536970274,1.19355446018377,1.25364210234242
38.8,1,1.21495666435142,1.19065105897849,1.25185138798292
39,1,1.21233915595986,1.18785376022868,1.24998335322743
39.2,1,1.20971907284948,1.18498561405754,1.24766637092399
39.4,1,1.20711133920145,1.18249522627458,1.24556866100696
39.6,1,1.20452954996264,1.17955714883918,1.24352952333251
39.8,1,1.20198596261678,1.1763919006858,1.24148908162422
40,1,1.19949150427028,1.17350065368516,1.23922183913101
0,2,0.999322387685212,0.980162903194672,1.0384146834394
0.2,2,0.999232631221914,0.980244693697636,1.03805564412211
0.4,2,0.999140058999453,0.980228073702845,1.0375172202377
0.6,2,0.999044829599966,0.98025538782841,1.03694725191173
0.8,2,0.998947123501416,0.980361766101543,1.03635371745122
1,2,0.998847142773591,0.980462473879178,1.0359154092285
1.2,2,0.998745110546982,0.980570000213748,1.03535180533324
1.4,2,0.998641270249203,0.980675376548039,1.03477390780981
1.6,2,0.998535884606622,0.9808250904667,1.03403828684748
1.8,2,0.998429234412035,0.980839360522341,1.03368576850756
2,2,0.998321617062627,0.98085384659216,1.03337020975404
2.2,2,0.998213344875914,0.980814843083836,1.03305969390576
2.4,2,0.998104743194915,0.980843941759655,1.03257908024131
2.6,2,0.997996148297363,0.980660717727711,1.03198054379726
2.8,2,0.997887905127257,0.980613982420133,1.03116742053762
3,2,0.997780364870447,0.980432623231399,1.03044598592429
3.2,2,0.997673882399175,0.980181336053996,1.02961486370395
3.4,2,0.997568813613466,0.980253783002465,1.02848698031889
3.6,2,0.997465512709978,0.980202779265652,1.02772843520114
3.8,2,0.997364329411258,0.980302089061869,1.02718788151431
4,2,0.997265606190311,0.980573155919987,1.0267092841218
4.2,2,0.997169675526928,0.980866604825233,1.0258320654259
4.4,2,0.997076857233204,0.98082711969182,1.02517390027549
4.6,2,0.996987455886248,0.980843541718153,1.02449879010287
4.8,2,0.996901758406017,0.980889370344859,1.024301060283
5,2,0.996820031815641,0.980950607237531,1.02422908625706
5.2,2,0.996742521220433,0.98098334885146,1.02415728651203
5.4,2,0.996669448040029,0.980968094983289,1.02370736152949
5.6,2,0.996601008525803,0.980679997291602,1.02301764289511
5.8,2,0.996537372592802,0.980808641874329,1.02263615318254
6,2,0.996478682992032,0.980794028715199,1.02217263641412
6.2,2,0.996425054844997,0.980578463201439,1.02178785945194
6.4,2,0.996376575557947,0.980466200379139,1.0218095968982
6.6,2,0.996333305128448,0.980163778635812,1.02106082272247
6.8,2,0.996295276851614,0.980220849224018,1.02022976003571
7,2,0.996262498427725,0.980077350658703,1.01954730183034
7.2,2,0.996234953467044,0.98011483025941,1.01892870800337
7.4,2,0.996212603381532,0.980258124356773,1.0187108154456
7.6,2,0.996195389646806,0.98027153760308,1.01854353844921
7.8,2,0.996183236411286,0.980189742511752,1.01802174908886
8,2,0.996176053423018,0.980230882523557,1.01726714029556
8.2,2,0.996173739238203,0.980125529612982,1.01662650935358
8.4,2,0.99617618466915,0.980221809143251,1.01635881103465
8.6,2,0.996183276423199,0.980059414457887,1.01618687822653
8.8,2,0.996194900878272,0.97990258267299,1.01598541691153
9,2,0.996210947935098,0.979747239948805,1.01561804335271
9.2,2,0.996231314881035,0.979613828783215,1.01500363247996
9.4,2,0.996255910195697,0.979482154656492,1.01474290230795
9.6,2,0.996284657224522,0.979360610402048,1.01450279202294
9.8,2,0.996317497642947,0.979252260872091,1.01429018636379
10,2,0.996354394631201,0.979179379926548,1.01411329949467
10.2,2,0.99639533567786,0.979134956879204,1.01390822116147
10.4,2,0.996440334929383,0.979136459911451,1.01373667043048
10.6,2,0.99648943500298,0.979185759428269,1.01336200533006
10.8,2,0.996542708181381,0.979404996216414,1.01332720437567
11,2,0.996600256910498,0.979601050530291,1.01304713099934
11.2,2,0.996662213524736,0.979882085642536,1.01269001061243
11.4,2,0.996728739129805,0.980220934405146,1.01232102587007
11.6,2,0.996800021579524,0.980363615910119,1.01196594020386
11.8,2,0.996876272491177,0.98050723688684,1.01171378915758
12,2,0.996957723253807,0.980907186279538,1.0113718471854
12.2,2,0.99704461999516,0.981339353742134,1.01107401682404
12.4,2,0.997137217486141,0.981714970770111,1.01096104162875
12.6,2,0.997235771976421,0.98210513853764,1.01074245099976
12.8,2,0.997340532971344,0.982350349469587,1.01057156568532
13,2,0.997451733978484,0.982551316353507,1.01041145841578
13.2,2,0.997569582271957,0.982941559216932,1.0103085551355
13.4,2,0.997694247743937,0.983057374428031,1.01008947858081
13.6,2,0.997825850935466,0.983422169482821,1.00986604120019
13.8,2,0.997964450362583,0.98383467574037,1.00960564940476
14,2,0.998110029278613,0.984330300619929,1.00940978846712
14.2,2,0.998262482039104,0.98481030496246,1.00930055267666
14.4,2,0.998421600261823,0.985128642372974,1.00912061710983
14.6,2,0.998587059000278,0.985404548173507,1.0088350505025
14.8,2,0.998758403174761,0.985817573146219,1.00870769005976
15,2,0.998935034529657,0.98628530504355,1.00866829858238
15.2,2,0.999116199408953,0.986770494610817,1.00844003584992
15.4,2,0.999300977663102,0.987240724183666,1.00834811476762
15.6,2,0.999488273018908,0.987753417589458,1.00815638422315
15.8,2,0.999676805259184,0.988304110243564,1.00798596110447
16,2,0.99986510456993,0.988935693180368,1.00778313296503
16.2,2,1.00005150841886,0.989618608857751,1.00759729424523
16.4,2,1.00023416132958,0.990325015757762,1.00735496894553
16.6,2,1.00041101790956,0.99087401181092,1.00720210145324
16.8,2,1.00057984947717,0.99146523615198,1.00708073026819
17,2,1.00073825461157,0.992033483237304,1.00690967065855
17.2,2,1.00088367392001,0.992665372841363,1.00673580619467
17.4,2,1.00101340927855,0.993281127413814,1.00654291999662
17.6,2,1.0011246477539,0.993866316665495,1.0062369557236
17.8,2,1.00121449035715,0.994528763287672,1.00591151574281
18,2,1.00127998571285,0.995180816310794,1.00564148714752
18.2,2,1.00131816865049,0.995795167789838,1.00529259310209
18.4,2,1.00132610364109,0.996337134404918,1.00488618874839
18.6,2,1.00130093290821,0.996867279550863,1.00443390535377
18.8,2,1.00123992894373,0.997437241900774,1.00392659592755
19,2,1.00114055105432,0.998002875355302,1.0034140518225
19.2,2,1.00100050545673,0.99849310506649,1.002836281568
19.4,2,1.00081780833165,0.998935668154731,1.00219908779748
19.6,2,1.00059085113854,0.999342181423779,1.00151809944287
19.8,2,1.00031846739151,0.999700084784235,1.00078425110029
20,2,1,1,1
20.2,2,0.999635368193171,0.999165770069544,1.00024007629414
20.4,2,0.999225132974261,0.998289743368416,1.00041263747052
20.6,2,0.998770559995057,0.997376728181004,1.00051618538672
20.8,2,0.998273678703122,0.996424800709673,1.00062572603111
21,2,0.997737336597862,0.995433940588672,1.00063443409792
21.2,2,0.997165247437814,0.994435761714463,1.0005742007761
21.4,2,0.996562032271734,0.993430856735588,1.00047163234429
21.6,2,0.995933252220843,0.992412855765572,1.00028138756856
21.8,2,0.995285432018524,0.991382470247028,1.00011248043973
22,2,0.994626073415959,0.990320469101927,0.99995227626986
22.2,2,0.993963657685624,0.989293390059362,0.999552234414988
22.4,2,0.993307636596743,0.988280682437465,0.9993461559177
22.6,2,0.992668411394227,0.987256461071121,0.999039712970287
22.8,2,0.992057299481531,0.986306089219667,0.998980242279521
23,2,0.991486488683671,0.98542564803558,0.998840360764801
23.2,2,0.990968979144899,0.984520494163957,0.998636578449565
23.4,2,0.99051851309139,0.983731400591692,0.998554251088061
23.6,2,0.990149492858248,0.983035452983138,0.998514764400389
23.8,2,0.989876887737967,0.982520187912273,0.998586291946497
24,2,0.989716130350531,0.982071173254735,0.998765343764255
24.2,2,0.989683003360712,0.981708479596059,0.999290178594621
24.4,2,0.989793517473766,0.981418617922267,0.999819696708574
24.6,2,0.990063781725635,0.981418289962055,1.0004018802135
24.8,2,0.990509867147842,0.981490188896406,1.00112171009201
25,2,0.99114766493166,0.981821640173124,1.00208949671541
25.2,2,0.991992740242693,0.982371627925657,1.00335981711123
25.4,2,0.99306018284874,0.983103569436585,1.00469815617239
25.6,2,0.994364455724175,0.983709830763225,1.00640785413985
25.8,2,0.995919242787253,0.984855937220813,1.00818754201477
26,2,0.997737296917006,0.986200240092893,1.01038626797168
26.2,2,0.9998302893882,0.988162375143365,1.01280918297393
26.4,2,1.00220866186024,0.990241094293099,1.01540681431179
26.6,2,1.00488148206261,0.992718199383239,1.01848620375814
26.8,2,1.0078563043381,0.99533230304661,1.02180286218217
27,2,1.01113903623788,0.998298134427709,1.02541946133218
27.2,2,1.01473381240943,1.00179599441161,1.02919609136027
27.4,2,1.01864287707941,1.00530903926667,1.03328115075161
27.6,2,1.02286647650574,1.00924400858167,1.03786775893523
27.8,2,1.02740276285333,1.01337220670821,1.04275839547321
28,2,1.03224771103021,1.01797270962815,1.04791287953734
28.2,2,1.03739505009914,1.02287611727997,1.05339771512797
28.4,2,1.04283621094552,1.02792395525671,1.05941990191656
28.6,2,1.04856029192755,1.03327587948068,1.06553710429049
28.8,2,1.05455404424859,1.03904187909442,1.0717585682677
29,2,1.06080187876596,1.04517954007107,1.07821533287628
29.2,2,1.06728589587448,1.0513346214639,1.0850097678612
29.4,2,1.07398593996926,1.05729218098716,1.09192822370137
29.6,2,1.08087967979254,1.06389305304854,1.09918017870561
29.8,2,1.08794271569958,1.0707072231144,1.10630421267583
30,2,1.09514871453494,1.07774104484007,1.11353236670399
30.2,2,1.10246957239454,1.0844618467849,1.12128473625771
30.4,2,1.10987560506367,1.09120680988042,1.12882656992857
30.6,2,1.11733576537508,1.09778875857862,1.13656077447928
30.8,2,1.12481788613539,1.1044349926773,1.14427145155363
31,2,1.13228894663788,1.11122654319058,1.15215371739035
31.2,2,1.13971536013434,1.11810051613686,1.15957364785315
31.4,2,1.14706327899869,1.12503517323238,1.16745686750734
31.6,2,1.15429891370577,1.13195957808568,1.17489197764504
31.8,2,1.16138886119298,1.13871429428395,1.18236561722091
32,2,1.16830043769681,1.14532156311912,1.18952012160061
32.2,2,1.17500201078286,1.15128594479063,1.19668758556306
32.4,2,1.18146332503798,1.15741688356916,1.20331210370838
32.6,2,1.18765581578353,1.16295307193484,1.20987997668568
32.8,2,1.19355290521164,1.16821311016199,1.2165053797069
33,2,1.19913027554704,1.17347484734586,1.22264851256906
33.2,2,1.20436611419661,1.17842549229087,1.22869556389432
33.4,2,1.20924132635861,1.18273084855916,1.23405696875561
33.6,2,1.2137397112117,1.18659661097977,1.23901293251662
33.8,2,1.21784809856918,1.19022466396805,1.24348684774379
34,2,1.22155644374308,1.19391983174498,1.24744380283027
34.2,2,1.22485787928565,1.19683614931566,1.25125907268055
34.4,2,1.2277487232316,1.19954425401611,1.2543285745545
34.6,2,1.23022844442101,1.20189867667493,1.25688920495062
34.8,2,1.23229958640656,1.20337777232116,1.25930852110892
35,2,1.23396765231138,1.20493765685814,1.26149347126764
35.2,2,1.23524095377698,1.20592959103751,1.26298120509388
35.4,2,1.23613042780332,1.20671477810332,1.26393047978746
35.6,2,1.23664942581756,1.20691705004384,1.26458637619505
35.8,2,1.23681347970311,1.20696326784027,1.26501367471842
36,2,1.23664004977242,1.20617719489248,1.2649991754108
36.2,2,1.23614825977433,1.2048377465959,1.26480801321071
36.4,2,1.23535862399797,1.20345429767854,1.26399238434052
36.6,2,1.2342927713791,1.20272906226742,1.26353465083399
36.8,2,1.23297317124781,1.20097539430825,1.26277982980481
37,2,1.23142286499462,1.19922477438895,1.26176596133893
37.2,2,1.2296652074951,1.19755216725807,1.26024099736307
37.4,2,1.22772362164179,1.19544454090799,1.25852311251758
37.6,2,1.22562136880469,1.19283181332798,1.25683047064458
37.8,2,1.22338133749838,1.19043796005467,1.25426524111661
38,2,1.22102585199144,1.18832638335985,1.25196625576046
38.2,2,1.21857650206672,1.18562697608387,1.24989012081238
38.4,2,1.21605399464371,1.18294958978713,1.247342934321
38.6,2,1.21347802751419,1.18028566043414,1.24533238807268
38.8,2,1.21086718502967,1.17783032828371,1.24348201774561
39,2,1.2082388552163,1.17499793564311,1.24126032991674
39.2,2,1.20560916748428,1.17155884378445,1.23944718208132
39.4,2,1.20299294984411,1.16829898319,1.23718646101947
39.6,2,1.2004037043396,1.16554159223477,1.23536069377654
39.8,2,1.19785359925617,1.16300743579316,1.23328159086533
40,2,1.19535347655749,1.16060882539319,1.23100294535072
0,3,0.960466501146302,0.926053017104333,0.996381278312943
0.2,3,0.96048902689709,0.926120962301924,0.996189294957077
0.4,3,0.960516553420988,0.926171804860406,0.996109528266126
0.6,3,0.960549573517614,0.926296305114362,0.996044576324772
0.8,3,0.960588598254718,0.926840268283223,0.996033302221866
1,3,0.960634155029449,0.927262227429256,0.996053159717817
1.2,3,0.960686785357973,0.927426143712319,0.995895033983131
1.4,3,0.960747042399169,0.92750918537913,0.995934562734526
1.6,3,0.960815488221768,0.927596745858793,0.995996650863861
1.8,3,0.96089269082799,0.927701555710015,0.99589263865288
2,3,0.960979220950455,0.927823714715027,0.996064702214207
2.2,3,0.961075648642822,0.928029160738827,0.995933467719591
2.4,3,0.961182539688186,0.928250033044857,0.995769207182959
2.6,3,0.961300451852666,0.928675046938226,0.995772877321123
2.8,3,0.961429931014831,0.92906375522672,0.995687702732628
3,3,0.961571507204509,0.929498692674832,0.995806717162807
3.2,3,0.961725690587121,0.929906656163029,0.995836996803959
3.4,3,0.961892967431878,0.930390682343767,0.995849428255489
3.6,3,0.962073796103929,0.930808403721929,0.995827386613274
3.8,3,0.962268603121871,0.931187587230154,0.995813161898674
4,3,0.96247777932279,0.931677163086345,0.995795220272276
4.2,3,0.962701676177288,0.932178547347255,0.995779720063097
4.4,3,0.962940602296616,0.932668950933026,0.995702069838285
4.6,3,0.963194820173214,0.933097438840432,0.996011956523169
4.8,3,0.963464543194521,0.933680972667167,0.995966953325186
5,3,0.963749932967918,0.934286479409766,0.995681687651588
5.2,3,0.964051096992213,0.934832821930022,0.995493422813442
5.4,3,0.964368086707963,0.935376403372716,0.995633435356751
5.6,3,0.964700895955485,0.936110700470967,0.9960100383481
5.8,3,0.965049459865418,0.936903225859727,0.995942788670966
6,3,0.965413654202329,0.937677936610371,0.996113314005174
6.2,3,0.96579329517721,0.938334813759044,0.996118008050384
6.4,3,0.966188139739671,0.938873403088263,0.996189466308653
6.6,3,0.966597886355483,0.939381871432047,0.996513240190689
6.8,3,0.967022176269737,0.940068569433671,0.99686256004226
7,3,0.967460595250431,0.940780835102156,0.997301832341789
7.2,3,0.967912675801862,0.941494076677041,0.99789916245966
7.4,3,0.968377899831733,0.942227125755012,0.998513572623081
7.6,3,0.968855701750632,0.9429255815025,0.999017009211383
7.8,3,0.969345471977387,0.943703864613606,0.99917342576144
8,3,0.969846560818949,0.944644444179205,0.999203836309149
8.2,3,0.970358282688892,0.945393005360912,0.999450395632166
8.4,3,0.970879920624434,0.946352268458673,0.999618368543967
8.6,3,0.971410731058085,0.947377407557785,1.00005830444686
8.8,3,0.971949948796749,0.948374645655583,1.00054028596437
9,3,0.972496792158256,0.949420343820578,1.0010378614619
9.2,3,0.973050468213085,0.950293114303602,1.00156835570435
9.4,3,0.973610178077287,0.951153153506063,1.00215060397623
9.6,3,0.974175122201567,0.952130290579226,1.00270807342914
9.8,3,0.97474450560094,0.953086570177325,1.00288710073686
10,3,0.975317542969555,0.954007111705328,1.0033708695955
10.2,3,0.975893463626001,0.954885236745648,1.00391012834255
10.4,3,0.976471516235823,0.955895519890719,1.00453346843817
10.6,3,0.977050973259983,0.956773146362441,1.00468727096824
10.8,3,0.977631135080641,0.957656772634059,1.00541998172475
11,3,0.978211333758873,0.958578703356661,1.00574077224757
11.2,3,0.978790936382752,0.959486992658026,1.00610881591702
11.4,3,0.979369347968641,0.960472928767952,1.00661823290861
11.6,3,0.979946013883442,0.961466293866283,1.00707805571636
11.8,3,0.980520421761015,0.962476910524982,1.0075359586175
12,3,0.981092102891878,0.963428201753379,1.00808448838964
12.2,3,0.981660633071644,0.964346753747142,1.00858542294733
12.4,3,0.98222563290041,0.965272334848802,1.00903872332356
12.6,3,0.982786767532369,0.966145719769743,1.00934242183406
12.8,3,0.983343745882306,0.966981409004042,1.00958986447836
13,3,0.983896319303218,0.967856062017489,1.00972206257597
13.2,3,0.984444279757069,0.968732590037678,1.00980298112073
13.4,3,0.984987457508525,0.969663210571874,1.00990707256108
13.6,3,0.985525718379352,0.970570690251872,1.00997353395267
13.8,3,0.986058960608957,0.97157193271974,1.01000276078023
14,3,0.986587111374098,0.972556270555649,1.01023282907751
14.2,3,0.987110123028133,0.973531969882821,1.01019342484498
14.4,3,0.987627969127083,0.974474490446446,1.01023561038865
14.6,3,0.988140640316186,0.975440403042835,1.01014951232377
14.8,3,0.988648140156417,0.976363567395067,1.01018415675148
15,3,0.989150480975484,0.977284776374128,1.01047076187916
15.2,3,0.989647679831936,0.978213859749448,1.01065810331095
15.4,3,0.990139754684177,0.97915632316227,1.01046873299162
15.6,3,0.990626720858169,0.980082374706162,1.01024491618317
15.8,3,0.991108587908315,0.98097774270224,1.0099880633119
16,3,0.991585356965391,0.981909912291853,1.00969963113482
16.2,3,0.992057018663202,0.98285416895667,1.00938112198632
16.4,3,0.992523551731926,0.98371819150096,1.00907592904144
16.6,3,0.992984922340681,0.984651121669537,1.00866011037674
16.8,3,0.993441084264708,0.985513514092233,1.00827852897135
17,3,0.993891979943665,0.986426237860705,1.00789757024765
17.2,3,0.994337542486847,0.987380139184888,1.00739324717495
17.4,3,0.994777698668734,0.988323592947095,1.00692995125726
17.6,3,0.995212372944157,0.989232632576202,1.00643768226494
17.8,3,0.995641492496697,0.990152208706854,1.00595588134626
18,3,0.996064993316769,0.991036225349364,1.00550895429205
18.2,3,0.996482827287464,0.991936495756308,1.00508763122977
18.4,3,0.99689497023672,0.992846395143887,1.00462423991461
18.6,3,0.9973014308942,0.99375823950974,1.00413081597583
18.8,3,0.997702260670441,0.994652468402741,1.0036090200694
19,3,0.99809756415505,0.995533117383851,1.00304576727139
19.2,3,0.998487510209974,0.996431078389974,1.00246566734481
19.4,3,0.998872343513912,0.997324359108764,1.00186338512059
19.6,3,0.999252396394887,0.998216247544943,1.00123016832211
19.8,3,0.99962810077053,0.9991092666255,1.00060974378124
20,3,1,1,1
20.2,3,1.00036876043819,0.999408740201609,1.00089011738074
20.4,3,1.00073518247236,0.998823568722878,1.00178987566208
20.6,3,1.00110021081401,0.998231790255774,1.00271199231019
20.8,3,1.00146494381464,0.997649482076048,1.00364366849118
21,3,1.00183064157425,0.997100810080353,1.00456826659494
21.2,3,1.00219873261486,0.996487474592869,1.00553324866885
21.4,3,1.00257081889934,0.996013999429478,1.00650919161196
21.6,3,1.00294867898806,0.995407649107829,1.00752152759899
21.8,3,1.00333426914204,0.994927269273438,1.0085433171072
22,3,1.00372972220145,0.994324287015233,1.00957881367732
22.2,3,1.00413734409292,0.993780950466613,1.01066676441823
22.4,3,1.00455960784646,0.993318669431787,1.01176781324131
22.6,3,1.00499914503414,0.992740877050597,1.0129454167257
22.8,3,1.00545873457638,0.992076336806599,1.01414013412814
23,3,1.00594128889768,0.991223118186757,1.01534924591024
23.2,3,1.0064498374516,0.990532542652527,1.01661799951834
23.4,3,1.00698750767362,0.989822756006647,1.0178741313131
23.6,3,1.00755750345967,0.989255618895459,1.01918868119307
23.8,3,1.00816308130774,0.988356376133776,1.02055624258382
24,3,1.00880752429791,0.987877537191063,1.02198008483789
24.2,3,1.00949411412336,0.987426078499743,1.02341636638876
24.4,3,1.01022610141962,0.986715725647689,1.02493113420642
24.6,3,1.01100667467181,0.986480633241671,1.0264976060085
24.8,3,1.01183892800854,0.986363387361873,1.02816459502084
25,3,1.01272582821713,0.986015308620811,1.0297649015399
25.2,3,1.01367018133618,0.985815993744812,1.03143596786776
25.4,3,1.01467459919929,0.985781570676914,1.03324444252581
25.6,3,1.01574146631667,0.986112304674164,1.03503511793686
25.8,3,1.01687290748961,0.986619776100663,1.0368208279415
26,3,1.01807075655641,0.987080555569905,1.03879299958542
26.2,3,1.01933652666704,0.987763798793953,1.04079960352318
26.4,3,1.02067138247749,0.988658209333627,1.04281704269053
26.6,3,1.02207611464366,0.990108377501379,1.04501517635319
26.8,3,1.02355111697881,0.991245143711886,1.04732840955784
27,3,1.02509636661767,0.992584934594991,1.04957400960271
27.2,3,1.02671140750519,0.994058676908724,1.05190566446178
27.4,3,1.02839533749815,0.996170593964044,1.05422518577216
27.6,3,1.03014679933368,0.998179749494497,1.05656799686251
27.8,3,1.03196397568073,0.999647953045817,1.05893329914555
28,3,1.03384458844867,1.0011420621979,1.06131878780323
28.2,3,1.03578590248164,1.00296379694454,1.06373499891525
28.4,3,1.03778473371899,1.00508363540489,1.0662286888727
28.6,3,1.03983746185072,1.00792922601169,1.06880964935343
28.8,3,1.04194004744348,1.00992015895474,1.07133627848336
29,3,1.04408805345763,1.01171142170709,1.07405635864194
29.2,3,1.04627667101976,1.01263647543365,1.07653300383546
29.4,3,1.04850074925864,1.01397128776472,1.07933690647991
29.6,3,1.05075482895674,1.0148435318779,1.08202433607479
29.8,3,1.05303317971512,1.01594842933424,1.08462070237008
30,3,1.05532984027722,1.01681807930916,1.08726969780402
30.2,3,1.05763866160809,1.0178201962864,1.09006236559095
30.4,3,1.05995335228123,1.01878058623408,1.0925056936438
30.6,3,1.06226752568551,1.01966619242832,1.09542620373372
30.8,3,1.06457474853159,1.02079421561127,1.09803271799227
31,3,1.06686859011088,1.02179943142274,1.10052714594813
31.2,3,1.06914267174179,1.02293111370347,1.10312382549285
31.4,3,1.07139071582793,1.02380196520015,1.1059304883714
31.6,3,1.07360659395225,1.02465389553994,1.10872286448509
31.8,3,1.07578437343894,1.02565086765859,1.11149040826445
32,3,1.07791836183314,1.02661147365056,1.11377178324665
32.2,3,1.08000314877505,1.02741192827173,1.11626456353166
32.4,3,1.08203364478136,1.02819547720529,1.11880753228913
32.6,3,1.08400511649096,1.02912037595546,1.12106618899193
32.8,3,1.08591321798412,1.03015269455846,1.12326858058875
33,3,1.0877540178429,1.03105184696192,1.12568578360099
33.2,3,1.08952402168469,1.03191887410454,1.12782827249861
33.4,3,1.09122018996921,1.03273499622801,1.12972319672349
33.6,3,1.09283995095053,1.03347246665734,1.13150602048664
33.8,3,1.09438120871811,1.03421583812192,1.13328058977284
34,3,1.09584234634327,1.03521215295897,1.1346988785202
34.2,3,1.09722222421824,1.03581483313755,1.13582734563815
34.4,3,1.09852017374254,1.03646712340872,1.13753979117806
34.6,3,1.09973598657462,1.03722016444751,1.13910403304056
34.8,3,1.10086989972462,1.03806123644486,1.14041895995794
35,3,1.1019225768147,1.03870429091249,1.14206396090905
35.2,3,1.10289508587764,1.03885571435126,1.14332104404418
35.4,3,1.10378887409964,1.03910880308889,1.14423443767844
35.6,3,1.10460573994055,1.03950188116654,1.14531661681429
35.8,3,1.10534780308353,1.03937435062488,1.14653688103393
36,3,1.10601747267607,1.03992526786596,1.14747189845439
36.2,3,1.10661741432598,1.04024819631613,1.14792252031337
36.4,3,1.10715051630995,1.04038905190703,1.14818230660176
36.6,3,1.10761985543857,1.04066744859621,1.14833713224345
36.8,3,1.10802866300164,1.04096166099359,1.14862473971003
37,3,1.10838029119167,1.04105226999113,1.14915832934456
37.2,3,1.10867818037244,1.04118034985842,1.14930285352604
37.4,3,1.10892582752454,1.04078641440575,1.14962194549707
37.6,3,1.10912675616216,1.04079422476321,1.14959787264319
37.8,3,1.10928448797488,1.04074298195211,1.14971349341377
38,3,1.10940251640723,1.03996789941189,1.14986410059967
38.2,3,1.10948428234706,1.03911862807971,1.15016462560077
38.4,3,1.10953315205257,1.03815534511497,1.15073114885844
38.6,3,1.10955239740784,1.03766716969152,1.15071349570066
38.8,3,1.10954517855848,1.03733361742994,1.15117914071443
39,3,1.10951452894297,1.03674548445758,1.15160540570585
39.2,3,1.10946334270229,1.03658273582454,1.15219803937273
39.4,3,1.10939436441996,1.03582991994446,1.15225119503848
39.6,3,1.10931018111816,1.0345137065327,1.15193154517926
39.8,3,1.10921321641199,1.03359670320713,1.15189663842405
40,3,1.10910572670427,1.03296099813223,1.15242793882765
0,4,0.935267550889242,0.900478622747308,0.960091201271287
0.2,4,0.935324191662335,0.900651392543261,0.95997528222771
0.4,4,0.935388624215512,0.900840976491157,0.959746182171179
0.6,4,0.935461525750919,0.90104714727731,0.959678852538782
0.8,4,0.935543599715772,0.901265144197765,0.959634649327731
1,4,0.935635573771817,0.901695665961709,0.959551172948487
1.2,4,0.935738197433211,0.902173448890687,0.959519102361446
1.4,4,0.935852239373133,0.902601760564838,0.959493401600627
1.6,4,0.935978484403157,0.902880023101389,0.959474889006453
1.8,4,0.936117730133338,0.903165575965924,0.959530405993364
2,4,0.93627078332493,0.903450525798957,0.959492328423438
2.2,4,0.936438455951783,0.903671400713164,0.959503991787882
2.4,4,0.936621560990495,0.903911508785994,0.959626469207518
2.6,4,0.936820907963444,0.90417214473695,0.959576139282892
2.8,4,0.937037298262763,0.904622178454567,0.95971127968381
3,4,0.937271520287033,0.905177232162244,0.959803793247382
3.2,4,0.937524344426048,0.905765402951855,0.959916806501387
3.4,4,0.937796517932224,0.906375107867488,0.960080006853733
3.6,4,0.938088759720156,0.906926524586483,0.960258414842134
3.8,4,0.938401755138373,0.907395571680811,0.96044962977672
4,4,0.938736150759407,0.90789600073431,0.960526133277726
4.2,4,0.939092549235992,0.908428979736785,0.960397923255952
4.4,4,0.939471504272272,0.908995631450419,0.960627390961547
4.6,4,0.939873515759542,0.909703881923644,0.96100110326825
4.8,4,0.940299025126068,0.910450249109202,0.961324293723539
5,4,0.940748410949973,0.911108203067711,0.961685412581012
5.2,4,0.941221984883115,0.911818019050489,0.96204880791349
5.4,4,0.941719987932111,0.912566845851879,0.962531429492993
5.6,4,0.942242587140442,0.913522961216604,0.962870753080946
5.8,4,0.942789872712689,0.914240031951436,0.963070940375732
6,4,0.943361855618581,0.915006522221999,0.963552331548131
6.2,4,0.943958465710599,0.91596000639202,0.964116939913549
6.4,4,0.944579550384517,0.916908664597448,0.964556433804206
6.6,4,0.945224873807378,0.917893529391241,0.965018849235842
6.8,4,0.945894116732176,0.91883198615765,0.965468528219357
7,4,0.946586876912916,0.919808991213146,0.965939181511957
7.2,4,0.947302670127802,0.920944346490006,0.966498992919735
7.4,4,0.948040931812193,0.922194506768819,0.967133288021223
7.6,4,0.948801019296639,0.923424957030476,0.967822897053255
7.8,4,0.949582214638896,0.924694859810317,0.9685277893033
8,4,0.950383728032376,0.925961726193928,0.96926732262455
8.2,4,0.951204701767036,0.927240146217063,0.9699547027689
8.4,4,0.952044214712443,0.928584646630619,0.97060960606499
8.6,4,0.952901287286594,0.929952682505398,0.971259751002258
8.8,4,0.953774886868212,0.931357753479218,0.971855241144902
9,4,0.954663933604708,0.93258895594037,0.972454321214862
9.2,4,0.955567306562877,0.933926982431275,0.973097412403187
9.4,4,0.956483850164752,0.935109227827244,0.973920632258087
9.6,4,0.957412380846921,0.936224858949128,0.974653089308527
9.8,4,0.958351693878167,0.937394195473861,0.975301152598838
10,4,0.959300570267447,0.938814474841349,0.9759587888018
10.2,4,0.960257783692169,0.940411293249784,0.976742006650239
10.4,4,0.961222107375388,0.941766766410562,0.977394746405323
10.6,4,0.962192320840107,0.943206586487664,0.978143576077235
10.8,4,0.963167216469164,0.944684291121091,0.978866487151323
11,4,0.964145605800486,0.946245912064534,0.979547532296874
11.2,4,0.965126325489547,0.9474786899783,0.980458892887496
11.4,4,0.966108242873944,0.948740121540183,0.981322467480138
11.6,4,0.967090261078831,0.950032989041727,0.982147108355469
11.8,4,0.968071323606737,0.951478725392081,0.982881485047259
12,4,0.969050418360886,0.95304156376993,0.983557107372516
12.2,4,0.970026581057455,0.954351960614106,0.984305563596615
12.4,4,0.97099889798936,0.955613963694331,0.984921994722956
12.6,4,0.971966508111877,0.956930583419741,0.985428592732272
12.8,4,0.972928604428782,0.958188339972241,0.986117477752052
13,4,0.973884434666527,0.959398847856355,0.986683385866485
13.2,4,0.974833301233206,0.96073092778476,0.98738094605293
13.4,4,0.975774560468631,0.96212986729501,0.987883954893585
13.6,4,0.976707621201515,0.963531431008867,0.988417665337796
13.8,4,0.977631942639558,0.964854522844885,0.989301970287834
14,4,0.97854703162792,0.965978113283973,0.990117649490182
14.2,4,0.979452439321056,0.967322515359761,0.990431150083846
14.4,4,0.980347757322056,0.968645602271476,0.991071478754151
14.6,4,0.981232613352329,0.96985427939096,0.991490380136599
14.8,4,0.982106666522529,0.971056038379036,0.991819608615844
15,4,0.98296960228302,0.972181088851962,0.992262574015183
15.2,4,0.98382112713863,0.973297062925379,0.992769134399538
15.4,4,0.984660963217979,0.974423814925,0.993331779539478
15.6,4,0.985488842792083,0.975619521552098,0.993872158864064
15.8,4,0.986304502840139,0.976856510303422,0.994387378683364
16,4,0.987107679762365,0.978044248767551,0.994786456324783
16.2,4,0.987898104340265,0.979211565919578,0.995166381408284
16.4,4,0.988675497043876,0.980439850240601,0.995528976721606
16.6,4,0.989439563783127,0.981668950973571,0.995861158092568
16.8,4,0.990189992196578,0.982873678886883,0.996237887578021
17,4,0.990926448565356,0.984089672033172,0.996613228881386
17.2,4,0.991648575433164,0.98532684121793,0.996988415974642
17.4,4,0.992355990004726,0.98654595653356,0.997327575636868
17.6,4,0.993048283385162,0.98773107733866,0.99765548987884
17.8,4,0.993725020711419,0.988869247290488,0.997933947296866
18,4,0.994385742214343,0.98997789835569,0.998178973202315
18.2,4,0.995029965236189,0.991110221661475,0.998410712213603
18.4,4,0.995657187213632,0.992214643143277,0.998648685934135
18.6,4,0.996266889620735,0.993264501514013,0.998869880629104
18.8,4,0.996858542850088,0.994285806090097,0.999073129534006
19,4,0.99743161199373,0.995293386224446,0.999274279521414
19.2,4,0.997985563468608,0.996297195123882,0.999455267159577
19.4,4,0.998519872414665,0.997253587380595,0.999622112985869
19.6,4,0.999034030777277,0.998192151230867,0.999758632459657
19.8,4,0.999527555970143,0.999107375338349,0.999886075035888
20,4,1,1,1
20.2,4,1.00045095892116,1.00009512312886,1.00087452455717
20.4,4,1.00088008247597,1.0001729759665,1.00171968278833
20.6,4,1.00128708376743,1.00022774023954,1.00255701875893
20.8,4,1.00167174880212,1.00027141064933,1.00336724752441
21,4,1.00203394573639,1.00028672857749,1.00411059007079
21.2,4,1.00237363365567,1.00025418427627,1.00486014139157
21.4,4,1.00269087071675,1.00020683013714,1.00561179430103
21.6,4,1.00298582148548,1.00012088173287,1.00634829274454
21.8,4,1.0032587633085,1.00002841933399,1.00704894218266
22,4,1.00351009156572,0.999896017702033,1.00766977003211
22.2,4,1.00374032366284,0.999724385475662,1.00825306354885
22.4,4,1.0039501016369,0.999536001876742,1.00881191919444
22.6,4,1.0041401932661,0.999323715461805,1.00936024342396
22.8,4,1.00431149159416,0.999088706415611,1.00987868209476
23,4,1.00446501280227,0.998832146604148,1.01035512702233
23.2,4,1.00460189238506,0.998554970383284,1.01079877758969
23.4,4,1.00472337961298,0.998259132701785,1.01121938282858
23.6,4,1.0048308302898,0.997966679405868,1.01162546955992
23.8,4,1.00492569784135,0.997754035355937,1.01197395483165
24,4,1.00500952279884,0.997446240829862,1.01230498901831
24.2,4,1.00508392076742,0.997224601446247,1.01265749005361
24.4,4,1.0051505689968,0.997014453843827,1.01298084729546
24.6,4,1.00521119169556,0.996747360903553,1.01337954248556
24.8,4,1.00526754425444,0.99656525478801,1.01371234655068
25,4,1.00532139656426,0.996486931194175,1.01395993266002
25.2,4,1.00537451563316,0.996260284319189,1.01416303325959
25.4,4,1.00542864772279,0.995839973214328,1.01446975634741
25.6,4,1.00548550023551,0.995340136610152,1.01491086241328
25.8,4,1.00554672359322,0.995186639716943,1.01516807042572
26,4,1.00561389335354,0.995039712361898,1.01536745510879
26.2,4,1.00568849281,0.994783342979244,1.01565117436404
26.4,4,1.00577189632052,0.994647356263789,1.01596572423517
26.6,4,1.00586535360169,0.994423194057387,1.016347199715
26.8,4,1.00596997521622,0.994543420100284,1.01668100531669
27,4,1.00608671946689,0.99475085485987,1.01718272802335
27.2,4,1.00621638089324,0.99445926045538,1.01765710866584
27.4,4,1.00635958054632,0.994185615438974,1.01813081115936
27.6,4,1.0065167581938,0.994112103765841,1.01871245320289
27.8,4,1.00668816658166,0.994326822107999,1.01910675300725
28,4,1.00687386785047,0.994372484358498,1.01976465349231
28.2,4,1.00707373217472,0.994741890350815,1.02022992405254
28.4,4,1.00728743866235,0.994563860748331,1.02070491625935
28.6,4,1.00751447851982,0.994515365445023,1.02110722168185
28.8,4,1.0077541604558,0.994329092047988,1.02189050369265
29,4,1.00800561826456,0.994437773837479,1.02263495213209
29.2,4,1.00826782049863,0.994408933060386,1.0230063876329
29.4,4,1.00853958211023,0.994405533930645,1.02339948798754
29.6,4,1.00881957791242,0.994536241999225,1.02383868782745
29.8,4,1.00910635768435,0.994678763891516,1.02454727099018
30,4,1.00939836272151,0.99483996408529,1.02517667389145
30.2,4,1.00969394361062,0.994937173378638,1.02596426387662
30.4,4,1.00999137899188,0.995050939155511,1.0268015161419
30.6,4,1.01028889505698,0.995086457054608,1.02751671297354
30.8,4,1.01058468552194,0.995076964822197,1.02830307545346
31,4,1.01087693180789,0.995304589263097,1.02930575147369
31.2,4,1.01116382316159,0.995440070670385,1.03020788369825
31.4,4,1.01144357645024,0.995127443084071,1.03103526555155
31.6,4,1.01171445537263,0.994764016269697,1.03173489124272
31.8,4,1.01197478883949,0.994525951948257,1.03264243136954
32,4,1.01222298829147,0.994212584262207,1.0335851141701
32.2,4,1.01245756374205,0.994226844740922,1.03439617075778
32.4,4,1.01267713835461,0.994305748221241,1.03520701811996
32.6,4,1.01288046138825,0.994379495339397,1.03602783507756
32.8,4,1.01306641937401,0.99427520575937,1.03692863360439
33,4,1.01323404541277,0.994287145250057,1.03790285303041
33.2,4,1.01338252651631,0.994509164326377,1.03858186098862
33.4,4,1.01351120894433,0.994576606277847,1.03956161982872
33.6,4,1.01361960152146,0.994590920537784,1.04015406806303
33.8,4,1.01370737694911,0.994281628291599,1.04072942412938
34,4,1.01377437115647,0.99427597743628,1.04131971151782
34.2,4,1.0138205807631,0.994180215013139,1.04206675829619
34.4,4,1.01384615875151,0.993809153151747,1.04277797697896
34.6,4,1.01385140847125,0.993633629386868,1.0437063675619
34.8,4,1.01383677611668,0.993146834360377,1.04414244175096
35,4,1.01380284183784,0.992859979393181,1.04455086474104
35.2,4,1.01375030965748,0.992526847234555,1.0447149266462
35.4,4,1.01367999637799,0.992051648703038,1.04517530008612
35.6,4,1.01359281966848,0.991664710528835,1.04584838130938
35.8,4,1.0134897855257,0.991455340638651,1.04646818787941
36,4,1.01337197530241,0.990988511389538,1.04692379907914
36.2,4,1.0132405324932,0.990701924525735,1.04759732456046
36.4,4,1.01309664946169,0.990297703710472,1.04865775442006
36.6,4,1.01294155428396,0.989809524488383,1.04971666083139
36.8,4,1.01277649787129,0.989290477170248,1.05030149517288
37,4,1.01260274152246,0.988999095774729,1.05059892472635
37.2,4,1.01242154504002,0.988712730035006,1.05131726454656
37.4,4,1.01223415552926,0.988153588786636,1.05187383716507
37.6,4,1.01204179698086,0.987668321304993,1.05251244265618
37.8,4,1.01184566072067,0.986813036837568,1.05326489343582
38,4,1.01164689679217,0.986055692086676,1.05431083334531
38.2,4,1.01144660631932,0.985724044786107,1.05491084135647
38.4,4,1.01124583488035,0.98536783423564,1.05504676489051
38.6,4,1.01104556690651,0.984792306326977,1.05517056105952
38.8,4,1.01084672110426,0.984175114503916,1.0553421354133
39,4,1.01065014688528,0.983783825103592,1.05571566246617
39.2,4,1.01045662177522,0.983281492631607,1.05607245831149
39.4,4,1.01026684976124,0.983044776523749,1.05633626284104
39.6,4,1.0100814605278,0.98235121096277,1.05673828572121
39.8,4,1.00990100952213,0.982147747841515,1.05743445368027
40,4,1.00972597878387,0.981900060040855,1.05810879750114
0,5,0.937629791293563,0.907743271952826,0.964284678753827
0.2,5,0.937673995481174,0.907800619994282,0.964093303297214
0.4,5,0.937725043081722,0.907922559061867,0.963972621741281
0.6,5,0.937783567626742,0.908161465590561,0.963910822010587
0.8,5,0.937850229650325,0.908407585803562,0.963419993074645
1,5,0.937925714960195,0.908669808705655,0.96300347213188
1.2,5,0.938010732589168,0.908828888938859,0.962861047471685
1.4,5,0.93810601242511,0.909048117839975,0.962843628786586
1.6,5,0.938212302521023,0.909229155185191,0.96308720574085
1.8,5,0.938330366090602,0.909366397854983,0.963297362212138
2,5,0.938460978198387,0.909599502716281,0.963395530123158
2.2,5,0.938604922157585,0.90987718262695,0.963417907455867
2.4,5,0.938762985652551,0.910174119373448,0.963618187203045
2.6,5,0.938935956606893,0.910439991623723,0.963484774162145
2.8,5,0.939124618821971,0.910779894040655,0.963420793026345
3,5,0.939329747414352,0.911037733319233,0.963433567358133
3.2,5,0.93955210408427,0.91145956453322,0.963712371013985
3.4,5,0.9397924322505,0.911981171962714,0.963910512778145
3.6,5,0.940051452090036,0.912471309484253,0.964015190859739
3.8,5,0.940329855523632,0.912903200122561,0.96417799778047
4,5,0.940628301190564,0.913321049252356,0.964448885726209
4.2,5,0.940947409457803,0.91382468828888,0.96472783891909
4.4,5,0.941287757510144,0.914360225068156,0.965011341921201
4.6,5,0.941649874568761,0.914865080140507,0.965234649946331
4.8,5,0.942034237285934,0.915254263919517,0.965429387239519
5,5,0.942441265363537,0.915666619912824,0.965982927522954
5.2,5,0.942871317442099,0.916370411286005,0.966542203296803
5.4,5,0.943324687305909,0.917208667636363,0.966876582565348
5.6,5,0.943801600447743,0.918054104604575,0.967053891371692
5.8,5,0.944302211034362,0.918845196698747,0.967259912275176
6,5,0.944826599310897,0.919555068014625,0.967618943058215
6.2,5,0.945374769478773,0.920324636903764,0.967968302771324
6.4,5,0.945946648077777,0.921136839147538,0.968443454239157
6.6,5,0.946542082898456,0.92196539171673,0.968955185187777
6.8,5,0.947160842446136,0.922777389865383,0.9694751128032
7,5,0.947802615972627,0.923628514067682,0.9697778329264
7.2,5,0.948467014086103,0.924707665574181,0.970258314168218
7.4,5,0.94915356994385,0.925635851496701,0.970964818822523
7.6,5,0.949861741026531,0.926537537707453,0.971693302797847
7.8,5,0.950590911486469,0.927502596948712,0.972373367879627
8,5,0.951340395056221,0.928539568882148,0.972986705518315
8.2,5,0.952109438497464,0.929551370396706,0.973470638821584
8.4,5,0.952897225564078,0.930717994869457,0.974109806553423
8.6,5,0.953702881447266,0.931921117595814,0.97452610476333
8.8,5,0.954525477664761,0.933133332993135,0.975095918186867
9,5,0.955364037350647,0.934293612929952,0.975742882284129
9.2,5,0.956217540897165,0.93539331914835,0.976513305397857
9.4,5,0.957084931895162,0.936631452435316,0.977027258105201
9.6,5,0.957965123315628,0.937711293983988,0.977639022124621
9.8,5,0.958857003871086,0.938813597912996,0.978003073897397
10,5,0.959759444492619,0.939981099488925,0.978474903309801
10.2,5,0.960671304855955,0.941070587006042,0.979198314630896
10.4,5,0.961591439888431,0.942390877155679,0.979562859671754
10.6,5,0.962518706187854,0.943667713000234,0.98017282700735
10.8,5,0.963451968284252,0.945018419034818,0.980769130288247
11,5,0.964390104676353,0.946257709040094,0.981414265331079
11.2,5,0.965332013576327,0.9474786899783,0.981991861826644
11.4,5,0.966276618298885,0.948740121540183,0.982609982538131
11.6,5,0.967222872234265,0.950200552216138,0.983036280548025
11.8,5,0.968169763348894,0.951624187048307,0.983503354037306
12,5,0.969116318162658,0.952979176471991,0.984069826041676
12.2,5,0.970061605157548,0.954287221164468,0.984579007266126
12.4,5,0.971004737579136,0.955509517918868,0.985101068325898
12.6,5,0.971944875599588,0.956538428709109,0.985702226108405
12.8,5,0.972881227818878,0.957734505554884,0.986329784511031
13,5,0.973813052089274,0.959080401330777,0.98698612368546
13.2,5,0.974739655657033,0.960226180134119,0.987497643318647
13.4,5,0.975660394624446,0.961596211599723,0.988095935691317
13.6,5,0.976574672744772,0.96284566119693,0.98864050626145
13.8,5,0.977481939572112,0.964202390847265,0.989256917479701
14,5,0.978381687997752,0.965525618555749,0.989944453579376
14.2,5,0.979273451213836,0.966535452657963,0.990497484959195
14.4,5,0.980156799154291,0.967489753581189,0.991003919104358
14.6,5,0.981031334471527,0.968469906110203,0.991436774924585
14.8,5,0.981896688115547,0.96969013182047,0.991859296935816
15,5,0.982752514589488,0.971014422102811,0.992309722369826
15.2,5,0.983598486962207,0.972289845463005,0.992731177279264
15.4,5,0.984434291724213,0.973412285846811,0.993144960407644
15.6,5,0.985259623577835,0.974724650542504,0.993581837719636
15.8,5,0.986074180256028,0.975918098668478,0.994031513522586
16,5,0.98687765746641,0.97716680245878,0.994346690700794
16.2,5,0.987669744058041,0.978427536714441,0.994743901473686
16.4,5,0.988450117507941,0.979687597606437,0.995170540603723
16.6,5,0.989218439822379,0.980946720133698,0.995606002658148
16.8,5,0.98997435394451,0.982202523116579,0.995988130730778
17,5,0.990717480754974,0.983452991854844,0.996304602286757
17.2,5,0.991447416745572,0.984713421705206,0.996621711054975
17.4,5,0.992163732438172,0.985996788612339,0.997041162106573
17.6,5,0.992865971611565,0.987187423038204,0.997428484568247
17.8,5,0.993553651388181,0.988340622473074,0.997752357173969
18,5,0.994226263220519,0.98948167520946,0.998037552980583
18.2,5,0.994883274803833,0.990627783568461,0.998298464415834
18.4,5,0.99552413292739,0.991757325934055,0.998562003022793
18.6,5,0.996148267261431,0.992870967058947,0.998748841434112
18.8,5,0.996755095061208,0.993997485069235,0.998976896975449
19,5,0.997344026753184,0.995069517411996,0.99917877336934
19.2,5,0.997914472352078,0.996094560682148,0.999371894301724
19.4,5,0.998465848641007,0.997098902889747,0.999547470640348
19.6,5,0.998997587030927,0.998084778992132,0.999703954358718
19.8,5,0.999509142000129,0.999051094974921,0.999860310969677
20,5,1,1,1
20.2,5,1.00046968869993,1.00012399891557,1.00093207921575
20.4,5,1.00091778643243,1.00023152302032,1.00183256369495
20.6,5,1.0013439316895,1.00030848131803,1.00269701152999
20.8,5,1.00174783251328,1.00037478522117,1.00353628584821
21,5,1.00212927561842,1.00043237859005,1.00437845339112
21.2,5,1.00248813508031,1.00046780752163,1.00520911539591
21.4,5,1.0028243804231,1.00048866917285,1.00598089396881
21.6,5,1.00313808394361,1.00050101691756,1.00669905475568
21.8,5,1.0034294271126,1.00055921487359,1.0073864039499
22,5,1.00369870590327,1.00053948352542,1.00805226592137
22.2,5,1.00394633490776,1.00048529979589,1.0086872407134
22.4,5,1.00417285011682,1.00043507019609,1.00936688972951
22.6,5,1.00437891025427,1.00038130897105,1.0099370722394
22.8,5,1.00456529657713,1.00037999767372,1.01045659889012
23,5,1.00473291107385,1.0003344416996,1.01091577341445
23.2,5,1.00488277301641,1.00024867632509,1.01133918491874
23.4,5,1.00501601384663,1.00015872845507,1.01166021584255
23.6,5,1.00513387040352,1.00001899386596,1.01208599943002
23.8,5,1.00523767652478,0.999892464891425,1.01249022160447
24,5,1.00532885308249,0.999747442376879,1.01285990214338
24.2,5,1.00540889653984,0.999603298818723,1.01320252775665
24.4,5,1.00547936614128,0.999446401626065,1.01348036135718
24.6,5,1.00554186987335,0.999269253075985,1.01374642859475
24.8,5,1.005598049356,0.999101983421657,1.01397471432048
25,5,1.00564956384531,0.998947513487763,1.01425029628034
25.2,5,1.00569807354623,0.998796027539321,1.01449840813278
25.4,5,1.00574522244985,0.998632849241636,1.01475267236299
25.6,5,1.00579262092103,0.99846168373845,1.01501018328584
25.8,5,1.00584182827154,0.998342234993473,1.0152652351776
26,5,1.0058943355583,0.998277480908402,1.01550380642351
26.2,5,1.00595154884789,0.998238923399693,1.01569425239038
26.4,5,1.00601477318561,0.998113050896909,1.01590996034139
26.6,5,1.00608519750114,0.998126517314036,1.01612825719783
26.8,5,1.00616388067266,0.997998510696492,1.01634413260608
27,5,1.00625173895742,0.997843445153117,1.0165317660114
27.2,5,1.00634953497983,0.997782945176562,1.01675905294972
27.4,5,1.00645786844767,0.997852583697699,1.01705722448987
27.6,5,1.00657716874381,0.997841212461784,1.01735052334401
27.8,5,1.00670768951541,0.997910287593244,1.01773544906332
28,5,1.0068495053546,0.99799277029753,1.01810459672768
28.2,5,1.00700251063515,0.998071151852064,1.01854526167499
28.4,5,1.00716642053907,0.99809674364221,1.01900113731949
28.6,5,1.00734077427555,0.99816695671579,1.01936999970121
28.8,5,1.00752494046267,0.998223455325715,1.01973405203612
29,5,1.00771812461122,0.998208358646668,1.020272370991
29.2,5,1.00791937861859,0.998197691279361,1.02085041772683
29.4,5,1.00812761215168,0.99831805358009,1.0213837443979
29.6,5,1.00834160576935,0.998375075886371,1.02182541201676
29.8,5,1.00856002560984,0.998520143401703,1.02232745841017
30,5,1.0087814394449,0.998748898865367,1.0229296335487
30.2,5,1.00900433388302,0.998768942356795,1.02352990820761
30.4,5,1.0092271324869,0.998945322681159,1.02403176863559
30.6,5,1.00944821455791,0.999063441151046,1.02439921849403
30.8,5,1.0096659343309,0.999027016255176,1.0249122050316
31,5,1.00987864031822,0.99892160192432,1.02574100667627
31.2,5,1.01008469454084,0.99896850697005,1.02652783333341
31.4,5,1.01028249138847,0.999071790549726,1.02682694278416
31.6,5,1.01047047585802,0.999231671700209,1.02744966087791
31.8,5,1.01064716093206,0.99929225226073,1.02791016800161
32,5,1.01081114387421,0.99944887956475,1.02876778076292
32.2,5,1.01096112123805,0.999555554891186,1.02944767702115
32.4,5,1.01109590240833,0.999607002370304,1.02991004391859
32.6,5,1.01121442151862,0.999458037163163,1.03054042610667
32.8,5,1.01131574761656,0.999312759473175,1.03113810020868
33,5,1.01139909297759,0.999241747255507,1.03194429697603
33.2,5,1.01146381949752,0.999073017083898,1.03250651261488
33.4,5,1.01150944312559,0.999032064773382,1.03296882874365
33.6,5,1.01153563633014,0.999037594622962,1.0336817863033
33.8,5,1.0115422286189,0.999042907505252,1.03429724797737
34,5,1.01152920516508,0.998789761594935,1.03482739239492
34.2,5,1.01149670361721,0.998481586045369,1.03521597114406
34.4,5,1.01144500919582,0.998279821137314,1.03580397714789
34.6,5,1.01137454820221,0.998119348720437,1.03645913516262
34.8,5,1.01128588008406,0.997915145193711,1.03668241387642
35,5,1.01117968821882,0.997647370854249,1.03704589293947
35.2,5,1.01105676958845,0.997383811297347,1.03728700091123
35.4,5,1.01091802352859,0.997095497798257,1.0374109584378
35.6,5,1.01076443974096,0.996788730239039,1.03781416762466
35.8,5,1.01059708576019,0.996464588512783,1.03814184231005
36,5,1.01041709406516,0.996227259477931,1.03823714577469
36.2,5,1.01022564902105,0.995998102043743,1.03810210039589
36.4,5,1.01002397383106,0.995733176583875,1.03803771265921
36.6,5,1.00981331766733,0.995355921172549,1.03822317095842
36.8,5,1.00959494313851,0.994948447350636,1.03854990601309
37,5,1.00937011423791,0.994539089719489,1.03868778758481
37.2,5,1.00914008490048,0.994123868100147,1.03856753693443
37.4,5,1.0089060882807,0.993840444702921,1.03830978555619
37.6,5,1.00866932684584,0.993397661500288,1.03788782359533
37.8,5,1.00843096336176,0.992971868136753,1.03754863679869
38,5,1.00819211283013,0.992490068594982,1.03736183753077
38.2,5,1.00795383541898,0.992250841483579,1.03726556955101
38.4,5,1.00771713041104,0.992130023770332,1.03688194517315
38.6,5,1.00748293117858,0.991802486689953,1.03632543531596
38.8,5,1.0072521011779,0.991256276845618,1.03630670429963
39,5,1.00702543094321,0.99071540549444,1.03609695829537
39.2,5,1.00680363604668,0.990286956022839,1.03554276922855
39.4,5,1.00658735598051,0.989911111476382,1.03536163078606
39.6,5,1.00637715390748,0.989535579663237,1.03530259738013
39.8,5,1.00617351721835,0.989037598885438,1.03527231452939
40,5,1.00597685882814,0.988545792280705,1.03487807213539
0,6,0.966391559102766,0.928370888719903,1.02885285821278
0.2,6,0.966408418930283,0.928454577161034,1.02884362727758
0.4,6,0.966429439691889,0.92878473182693,1.0288321218293
0.6,6,0.966455040191156,0.929049822059712,1.02881803709121
0.8,6,0.966485654927147,0.929405384342234,1.02872812958409
1,6,0.966521732437282,0.929776086202188,1.02871175130425
1.2,6,0.966563733406198,0.9299227853345,1.02861408304004
1.4,6,0.966612128545191,0.93005602787733,1.02859930359985
1.6,6,0.966667396249887,0.930278198243054,1.02858006879384
1.8,6,0.966730020046964,0.930471628348585,1.02855591561357
2,6,0.966800485843892,0.930675275781783,1.02852636136377
2.2,6,0.966879278998827,0.931071207683789,1.02849090505188
2.4,6,0.966966881230868,0.931272172704421,1.02844902902267
2.6,6,0.967063767393827,0.93153107979207,1.02840020084098
2.8,6,0.967170402139479,0.931741302334133,1.02834387542297
3,6,0.96728723649879,0.931952649154827,1.02827949741405
3.2,6,0.967414704411961,0.932233426512772,1.02821442790902
3.4,6,0.967553219240088,0.932414183584271,1.02812438541093
3.6,6,0.967703170292925,0.932649429123776,1.02804662734847
3.8,6,0.96786491940847,0.932895792637836,1.02815521685781
4,6,0.968038797620978,0.933402228295012,1.027970731156
4.2,6,0.968225101954412,0.933483238894385,1.0276939228567
4.4,6,0.968424092378301,0.933814214373497,1.02755774532547
4.6,6,0.9686359889625,0.934128530530878,1.02740911039204
4.8,6,0.968860969266339,0.934508793148363,1.02724753721454
5,6,0.969099165996218,0.934783155649426,1.02707257163192
5.2,6,0.969350664963804,0.935201623350363,1.02688379020584
5.4,6,0.969615503374603,0.935607571393061,1.02660589697703
5.6,6,0.969893668473908,0.93612734937603,1.0262602222591
5.8,6,0.970185096573927,0.936553742626789,1.02600185556003
6,6,0.970489672482316,0.936835612569829,1.025726261962
6.2,6,0.970807229348474,0.937299445174649,1.0257204761345
6.4,6,0.971137548939725,0.937692370295687,1.02549562091923
6.6,6,0.971480362355101,0.938188446939256,1.02532037487607
6.8,6,0.971835351179792,0.938811696864949,1.02498065238794
7,6,0.972202149078518,0.93946642149497,1.02463721534999
7.2,6,0.972580343821234,0.940140738243295,1.02440597064161
7.4,6,0.972969479729617,0.940662989256513,1.02380685894853
7.6,6,0.973369060527884,0.941206136846361,1.0233345449835
7.8,6,0.973778552576662,0.941845460016168,1.02305571866917
8,6,0.974197388463911,0.942528555507973,1.02279906329064
8.2,6,0.974624970922344,0.943103132310888,1.02250654240603
8.4,6,0.97506067703854,0.943894793526211,1.0220975871393
8.6,6,0.975503862714882,0.944560218037919,1.02173850778198
8.8,6,0.975953867341798,0.945240489591229,1.02163999636697
9,6,0.976410018634504,0.946020432964598,1.02110497661283
9.2,6,0.976871637585536,0.946804126077274,1.02046998037331
9.4,6,0.977338043482002,0.947590469060622,1.02039392250927
9.6,6,0.97780855893456,0.948456177884211,1.02008544650178
9.8,6,0.978282514863772,0.949385517865049,1.01969717932454
10,6,0.978759255388704,0.950315340301952,1.01933410303999
10.2,6,0.979238142562422,0.951264581743637,1.0190387659722
10.4,6,0.979718560899454,0.952215462049618,1.01843184725404
10.6,6,0.980199921641318,0.953169571535872,1.01808161353133
10.8,6,0.980681666707877,0.954131407760376,1.01790798628125
11,6,0.981163272284604,0.955059062700985,1.01766277113607
11.2,6,0.981644251998744,0.956071012253842,1.01728603394236
11.4,6,0.982124159640973,0.957145368354483,1.01692478662201
11.6,6,0.982602591393278,0.958311974128961,1.01655754193333
11.8,6,0.983079187528581,0.959355015035559,1.01614946195004
12,6,0.983553633552923,0.960447105311056,1.01573864761032
12.2,6,0.984025660766879,0.961528419558138,1.01528628310141
12.4,6,0.984495046229197,0.962644355063035,1.01488612374754
12.6,6,0.984961612112378,0.963762180401516,1.01450489630553
12.8,6,0.985425224447049,0.96484195629994,1.01421140682656
13,6,0.985885791259391,0.965963949960867,1.01393787562347
13.2,6,0.986343260113536,0.967102160050555,1.0135851491774
13.4,6,0.986797615078644,0.968306106075001,1.01325283122429
13.6,6,0.987248873148261,0.969358195590344,1.01294603080657
13.8,6,0.987697080147388,0.9704235700654,1.01253310485556
14,6,0.988142306170457,0.971337425357473,1.01212409835723
14.2,6,0.988584640600925,0.972471831839814,1.01175407909113
14.4,6,0.989024186770394,0.973404986938862,1.0114026475251
14.6,6,0.989461056321988,0.974392061971949,1.01095570882829
14.8,6,0.989895363348961,0.975369366238911,1.01056734021523
15,6,0.99032721838516,0.976459219537377,1.0101932442847
15.2,6,0.990756722328886,0.977525943047983,1.00977607710997
15.4,6,0.991183960385729,0.978571891789813,1.00927060200648
15.6,6,0.991608996119151,0.979614452051329,1.00888334453339
15.8,6,0.992031865699656,0.980607479812632,1.00854108717651
16,6,0.992452572444416,0.981605960663342,1.0080572624654
16.2,6,0.992871081739058,0.982528292741255,1.00766862032183
16.4,6,0.993287316431859,0.98345229929646,1.00731184540127
16.6,6,0.9937011527879,0.98443909895868,1.00690917653311
16.8,6,0.994112417086628,0.985434649692206,1.00650718633261
17,6,0.99452088294087,0.98646201438155,1.00608006787752
17.2,6,0.994926269408483,0.987448534489465,1.00559545055155
17.4,6,0.995328239959721,0.988399065015605,1.00518870172308
17.6,6,0.995726402353832,0.989340329357643,1.00472977331369
17.8,6,0.996120309467701,0.990290639537283,1.00435227656915
18,6,0.996509461107358,0.991207952061735,1.00394522380529
18.2,6,0.996893306820152,0.992111090399799,1.00354076541016
18.4,6,0.997271249711418,0.993071287789352,1.00310702640376
18.6,6,0.997642651254637,0.993986763438449,1.00268987538068
18.8,6,0.998006837068732,0.994878684259961,1.00228875623229
19,6,0.998363103620283,0.995762322718995,1.00188740832052
19.2,6,0.998710725792451,0.996642121107141,1.00148890108187
19.4,6,0.999048965246473,0.997498892351517,1.0011003119632
19.6,6,0.999377079485936,0.998356272550496,1.00072413856885
19.8,6,0.999694331519048,0.999188578948818,1.00035585001797
20,6,1,1,1
20.2,6,1.00029338971757,0.999652456775494,1.00079606936102
20.4,6,1.00057384228768,0.999316230214068,1.00157106844824
20.6,6,1.00084074689687,0.998998557219089,1.002312712224
20.8,6,1.00109355093614,0.998687357000165,1.00305698520155
21,6,1.00133177035889,0.998382992458088,1.00377566209635
21.2,6,1.00155499959429,0.998089648983193,1.0044431496064
21.4,6,1.00176292084663,0.997812274764535,1.00512413417263
21.6,6,1.00195531261422,0.997530205659187,1.00577021005164
21.8,6,1.00213205726667,0.997269242560372,1.00637369464803
22,6,1.00229314752788,0.997031175116799,1.00693287067473
22.2,6,1.00243869172335,0.996792784162631,1.00745529612471
22.4,6,1.0025689176647,0.996550380955516,1.00797300381711
22.6,6,1.00268417506099,0.996294127767131,1.00845581310809
22.8,6,1.00278493636596,0.996094799509289,1.00893081498831
23,6,1.00287179599167,0.995908976989232,1.0093715130798
23.2,6,1.00294546784272,0.995699289005502,1.0097867715895
23.4,6,1.00300678115001,0.995502013509838,1.01018961984497
23.6,6,1.00305667460924,0.995315771221175,1.01059441050604
23.8,6,1.00309618885617,0.99513378839422,1.01100714478851
24,6,1.00312645733757,0.994952758033616,1.01137536744717
24.2,6,1.00314869566362,0.994757281664009,1.01172978871769
24.4,6,1.00316418955334,0.994613333169866,1.01197014077727
24.6,6,1.00317428150945,0.994485041250146,1.0122607845126
24.8,6,1.00318035638201,0.994329488156087,1.01254133781977
25,6,1.00318382600085,0.994190925268291,1.01284580014705
25.2,6,1.00318611307527,0.99405785420404,1.01305730963681
25.4,6,1.0031886345746,0.993965825838302,1.01323028769129
25.6,6,1.00319278481539,0.993883962847379,1.01342908637701
25.8,6,1.0031999184897,0.993724662765828,1.01364228473551
26,6,1.00321133387352,0.993634849919231,1.01382301808159
26.2,6,1.00322825645604,0.993582961653633,1.01397304525829
26.4,6,1.00325182322742,0.993522474025632,1.01417173217947
26.6,6,1.00328306785615,0.993395377505299,1.01443259799558
26.8,6,1.00332290697728,0.993426280960792,1.01462502191732
27,6,1.00337212779836,0.993397701305356,1.01495841495508
27.2,6,1.00343137721303,0.993300165100412,1.01527415035067
27.4,6,1.0035011525918,0.993328960833439,1.01545153579259
27.6,6,1.003581794396,0.993370602132193,1.01569804788811
27.8,6,1.00367348073549,0.993318871176936,1.01606144147206
28,6,1.00377622396284,0.993277148167674,1.01634046087192
28.2,6,1.00388986936703,0.993286129318017,1.0166197274577
28.4,6,1.00401409599934,0.993306783874279,1.01707623623649
28.6,6,1.00414841963262,0.993334813127631,1.01759182358995
28.8,6,1.00429219782362,0.993219911622431,1.01794041195059
29,6,1.00444463701671,0.993095864095296,1.01823862517508
29.2,6,1.00460480159704,0.993090385475352,1.01879048401956
29.4,6,1.00477162477184,0.993115912817055,1.01921373809518
29.6,6,1.00494392113142,0.993180169751867,1.01970647478352
29.8,6,1.00512040071616,0.993265082700371,1.02023998793028
30,6,1.00529968439352,0.993280368185374,1.02079018417345
30.2,6,1.00548032032973,0.993237698621966,1.02138065881352
30.4,6,1.00566080132492,0.993345749757517,1.02207090532283
30.6,6,1.00583958276846,0.993415852730181,1.02284677130563
30.8,6,1.00601510096285,0.993576318847158,1.02330422098473
31,6,1.00618579156071,0.993570922399548,1.02382731201605
31.2,6,1.00635010785926,0.99358659218798,1.02458338471199
31.4,6,1.00650653870126,0.993557542112806,1.0253449086186
31.6,6,1.00665362573969,0.993451298445725,1.02605224163439
31.8,6,1.00678997983593,0.993320165415266,1.02671021464656
32,6,1.00691429637723,0.993178935834521,1.02707938274063
32.2,6,1.00702536931914,0.993049797237453,1.02800959278078
32.4,6,1.00712210378069,0.992922639061335,1.0288861905686
32.6,6,1.00720352704577,0.992749552299932,1.02967049976847
32.8,6,1.00726879785098,0.992574319911813,1.03050525688442
33,6,1.00731721386935,0.992422932945399,1.03122883742786
33.2,6,1.00734821732877,0.992269137812903,1.03198035371723
33.4,6,1.00736139873438,0.992134158329026,1.03270579371612
33.6,6,1.00735649869389,0.992054538071209,1.03340103558518
33.8,6,1.00733340787405,0.991965495472482,1.03404312821479
34,6,1.00729216514427,0.991668731118836,1.03447276559779
34.2,6,1.00723295398953,0.991183438592506,1.03496172613035
34.4,6,1.00715609729843,0.9907207591278,1.0354139762048
34.6,6,1.00706205065325,0.990488477009993,1.03583035357761
34.8,6,1.00695139426737,0.990286521031849,1.03611497192482
35,6,1.00682482372999,0.990033214889254,1.03649109952749
35.2,6,1.00668313973014,0.989771186781981,1.0368877155399
35.4,6,1.00652723693977,0.989407998325666,1.03724228938945
35.6,6,1.00635809224077,0.989106274162831,1.03770404156284
35.8,6,1.00617675248206,0.988794614521667,1.03816322205142
36,6,1.00598432195096,0.988312184139511,1.0385218284615
36.2,6,1.00578194973844,0.987986668896064,1.03854728879267
36.4,6,1.00557081716998,0.98775232341833,1.03856616672032
36.6,6,1.00535212546385,0.987458554383957,1.03885375585055
36.8,6,1.00512708376641,0.987037500779998,1.03903250526112
37,6,1.0048968976998,0.986603788350625,1.03890292715146
37.2,6,1.00466275854243,0.986166245288463,1.0384986731742
37.4,6,1.00442583314573,0.985726112508224,1.03802873547789
37.6,6,1.00418725467391,0.985274686215169,1.03782583061802
37.8,6,1.00394811423581,0.984802912585005,1.03749062965902
38,6,1.00370945346081,0.984357670867838,1.03704869994392
38.2,6,1.00347225805345,0.98383924679951,1.03648850214029
38.4,6,1.00323745234508,0.983126855734211,1.03647302896749
38.6,6,1.00300589484558,0.982563381511487,1.03634646999357
38.8,6,1.00277837478326,0.981646931153606,1.03648130068392
39,6,1.00255560960819,0.981161637374927,1.03617754315579
39.2,6,1.00233824342229,0.980894872476468,1.03558944003874
39.4,6,1.00212684628913,0.980495901000782,1.03537242879411
39.6,6,1.00192191436749,0.980138109497966,1.03541045961826
39.8,6,1.00172387080586,0.979865272657357,1.03533118430829
40,6,1.00153306732881,0.979370120549471,1.03503478989665
0,7,1.07596805532984,1.00631168186283,1.12153486764815
0.2,7,1.07580838145909,1.00606871891493,1.12105937191924
0.4,7,1.07563891712105,1.00593045579223,1.12063881111015
0.6,7,1.07545924721197,1.00590773088556,1.12020278709534
0.8,7,1.07526894680695,1.00573972957611,1.11964932040893
1,7,1.07506758090841,1.00537568797366,1.11920010600967
1.2,7,1.07485470419976,1.00514660894332,1.1186540251384
1.4,7,1.07462986081747,1.00478708246699,1.11813060511709
1.6,7,1.07439258415724,1.00442084469254,1.1175805352154
1.8,7,1.07414239673121,1.00421463107224,1.11708260039605
2,7,1.07387881009498,1.00397257047174,1.11664135829709
2.2,7,1.07360132486442,1.00351129557803,1.11614240574237
2.4,7,1.07330943084334,1.00304614132506,1.1155425868159
2.6,7,1.07300260728373,1.0026011072672,1.11491281793758
2.8,7,1.07268032330089,1.0023849821179,1.1141788010901
3,7,1.07234203846536,1.00199370234488,1.11370920774344
3.2,7,1.0719872035936,1.00169422146077,1.1128797618895
3.4,7,1.07161526175795,1.0013790844945,1.1122747393341
3.6,7,1.07122564953552,1.00085578478946,1.11163452272539
3.8,7,1.07081779851344,1.00029562707259,1.11110454662018
4,7,1.07039113706588,0.999797645658904,1.11051148108682
4.2,7,1.06994509241536,0.999479541128986,1.10998937080119
4.4,7,1.06947909298763,0.999269481301703,1.10931358439316
4.6,7,1.06899257106604,0.998990645507588,1.1084140002262
4.8,7,1.06848496574704,0.998632542032407,1.10764218058609
5,7,1.06795572619455,0.998314513761773,1.10670201351242
5.2,7,1.06740431518613,0.998096940511658,1.10605127580049
5.4,7,1.0668302129394,0.997821927052129,1.10545141183565
5.6,7,1.06623292120221,0.997529527107099,1.10476444678043
5.8,7,1.06561196758544,0.997245622370646,1.10395986157714
6,7,1.06496691011215,0.996988369730266,1.10289802603788
6.2,7,1.06429734195259,0.996798358797566,1.1019229641393
6.4,7,1.0636028963098,0.996520625020157,1.10099103146017
6.6,7,1.06288325141638,0.996246792921277,1.09986418243338
6.8,7,1.06213813559946,0.995981989622149,1.098942997267
7,7,1.06136733236727,0.995811007651912,1.09794181741191
7.2,7,1.06057068546787,0.995543880513338,1.09695191587206
7.4,7,1.05974810386845,0.995212873339018,1.09581644064715
7.6,7,1.05889956660165,0.994997252757428,1.09470096019471
7.8,7,1.05802512742456,0.994815708405219,1.09338190595686
8,7,1.05712491923532,0.994630619601671,1.09214621492313
8.2,7,1.05619915819268,0.9944193428617,1.0909319481066
8.4,7,1.05524814748487,0.994318654975954,1.08955701868625
8.6,7,1.05427228069557,0.994045657180634,1.08818079829407
8.8,7,1.05327204471705,0.993846299218153,1.08673303164634
9,7,1.05224802216358,0.993674248461442,1.08532293595942
9.2,7,1.05120089324149,0.993506878668416,1.0838484264442
9.4,7,1.05013143703623,0.993336265366062,1.08228670569468
9.6,7,1.04904053218151,0.993211212841481,1.08070624349196
9.8,7,1.04792915688,0.993013152230019,1.07910756455216
10,7,1.04679838825091,0.992822349481314,1.07749892161702
10.2,7,1.04564940098475,0.992730491299353,1.0758048967332
10.4,7,1.04448346529167,0.992644879825584,1.07410448892011
10.6,7,1.0433019441356,0.992566538902451,1.072373468862
10.8,7,1.04210628975231,0.992622083894179,1.07061964555725
11,7,1.04089803945588,0.992587330907798,1.06872046581177
11.2,7,1.03967881074363,0.992545477811042,1.0669074832274
11.4,7,1.03845029571599,0.992496290930874,1.06500865733046
11.6,7,1.03721425483337,0.992395561608464,1.0631665106187
11.8,7,1.03597251003787,0.99230229423073,1.06138690822249
12,7,1.03472693727322,0.992222243712059,1.0595180513125
12.2,7,1.03347945844162,0.992155421679589,1.05762483760342
12.4,7,1.03223203284122,0.992102089501794,1.05582861322715
12.6,7,1.03098664813281,0.992103227371185,1.05402278109297
12.8,7,1.02974531088896,0.992149391789992,1.05209295537599
13,7,1.02851003678289,0.992149325350953,1.05007000340067
13.2,7,1.02728284047859,0.992200971503756,1.0481401963657
13.4,7,1.02606572528741,0.992271905988101,1.04622310677573
13.6,7,1.02486067265942,0.992310746362434,1.04432511967448
13.8,7,1.02366963158144,0.992363050819194,1.042398176161
14,7,1.02249450795583,0.99245915512135,1.0405438815352
14.2,7,1.02133715403704,0.992526868434205,1.0387428541221
14.4,7,1.02019935800453,0.992649966323191,1.03695381106032
14.6,7,1.01908283375254,0.992781531385912,1.03519784869289
14.8,7,1.01798921097836,0.992873827763556,1.03345325496043
15,7,1.01692002565125,0.992984287224608,1.03168920973088
15.2,7,1.0158767109447,0.99315573394577,1.03004070779627
15.4,7,1.01486058871418,0.993333130865374,1.02844085470511
15.6,7,1.01387286160138,0.993555912828172,1.02676222735719
15.8,7,1.01291460584478,0.993779444501976,1.02516332954656
16,7,1.01198676487358,0.993958305471861,1.02359409240805
16.2,7,1.01109014375905,0.994193955572971,1.02203410422432
16.4,7,1.01022540459357,0.994490323445689,1.020485210308
16.6,7,1.00939306286239,0.994792067883303,1.01897103435128
16.8,7,1.00859348486784,0.995081530535654,1.01753365034251
17,7,1.00782688625857,0.995361713287499,1.01621381358774
17.2,7,1.00709333170908,0.995649072439511,1.01479960587478
17.4,7,1.00639273578564,0.99593298579131,1.01347151578927
17.6,7,1.00572486502549,0.996256605224397,1.01222346353911
17.8,7,1.00508934124524,0.996574414206864,1.01101314313492
18,7,1.00448564608279,0.996881653671052,1.00983776189478
18.2,7,1.00391312676488,0.997193596851273,1.00868066199326
18.4,7,1.0033710030789,0.997499394306572,1.00755656450274
18.6,7,1.00285837551397,0.99779829208577,1.00646163494789
18.8,7,1.00237423452169,0.998131045702103,1.00541176052248
19,7,1.00191747083239,0.998460139195797,1.00442240893789
19.2,7,1.0014868867479,0.998778955657422,1.00346065255393
19.4,7,1.0010812083168,0.999091585041178,1.00253694410666
19.6,7,1.00069909828402,0.999401986859931,1.00165940381563
19.8,7,1.00033916969226,0.999704104552683,1.00081373141552
20,7,1,1,1
20.2,7,0.999680145568761,0.999219380499036,1.00028474538893
20.4,7,0.999378156361511,0.998466745973302,1.00056001716247
20.6,7,0.999092590685533,0.997752322504485,1.00083102624187
20.8,7,0.998822029805862,0.997070201367827,1.00109030520509
21,7,0.998565092250746,0.99640458887982,1.00132435345988
21.2,7,0.998320447628242,0.995774002839518,1.00158564384354
21.4,7,0.998086829773353,0.995169669828877,1.00180413635899
21.6,7,0.997863049048156,0.994588869366987,1.00199817385145
21.8,7,0.997648003623335,0.994032200428639,1.00219742459323
22,7,0.997440689578399,0.99348793688002,1.00236759091416
22.2,7,0.997240209669665,0.992956079007056,1.00253071326875
22.4,7,0.997045780629744,0.9924605698858,1.0026927247116
22.6,7,0.996856738879663,0.991956793909527,1.00283194787645
22.8,7,0.996672544554673,0.991494222268017,1.00298689437351
23,7,0.996492783767005,0.991077763535914,1.00305955532923
23.2,7,0.996317169053002,0.990649563822036,1.00317067696175
23.4,7,0.996145537977832,0.990199103936778,1.00325488609515
23.6,7,0.995977849897942,0.989796057191251,1.0032952325503
23.8,7,0.995814180909101,0.989366914971022,1.00341724502691
24,7,0.995654717035825,0.988998684655108,1.00350951110517
24.2,7,0.995499745745674,0.988591711136921,1.00364737420673
24.4,7,0.995349645898865,0.988212721589569,1.00370635701594
24.6,7,0.995204876269301,0.987897238677222,1.00378398018364
24.8,7,0.995065962797118,0.987658628125052,1.00380529056859
25,7,0.994933484754547,0.987407575673502,1.00376160177265
25.2,7,0.994808060026044,0.987117053096762,1.00374644313001
25.4,7,0.994690329719749,0.986802855295308,1.00372284531157
25.6,7,0.994580942340138,0.986430524505863,1.00376500201912
25.8,7,0.994480537760922,0.98619303297085,1.00380881792228
26,7,0.994389731242697,0.985943152911715,1.00386172532676
26.2,7,0.99430909774132,0.985774381734017,1.00391685095386
26.4,7,0.994239156750524,0.985575733833274,1.00399297632555
26.6,7,0.99418035791586,0.985444307112972,1.00403861310047
26.8,7,0.9941330676467,0.985340284553863,1.00410393277051
27,7,0.994097556939012,0.985194033792442,1.00416561715322
27.2,7,0.994073990604007,0.984763953461076,1.0042495088992
27.4,7,0.99406241807696,0.984395340727535,1.00434665460801
27.6,7,0.994062765956724,0.984206570863003,1.00451399569878
27.8,7,0.994074832400194,0.984095565376022,1.00470175592169
28,7,0.99409828346754,0.984027594089461,1.00482575596501
28.2,7,0.994132651483929,0.983593708661263,1.00495465111468
28.4,7,0.994177335452238,0.98330640264258,1.0050328080605
28.6,7,0.994231603519243,0.98299951037059,1.00524975760661
28.8,7,0.994294597465756,0.982884421313138,1.00546545823068
29,7,0.994365339159419,0.982544413729999,1.00567195770914
29.2,7,0.99444273887808,0.982203157280073,1.00579735886091
29.4,7,0.994525605382334,0.982039142745398,1.00585096874064
29.6,7,0.994612657588344,0.981729271246255,1.00589741026981
29.8,7,0.994702537667065,0.981329871917427,1.00593808209277
30,7,0.99479382537381,0.980973434294983,1.0059893786578
30.2,7,0.994885053393178,0.980387659996318,1.00611625420808
30.4,7,0.994974723469036,0.979994201819369,1.00623892184886
30.6,7,0.995061323077781,0.979495425465284,1.00633875493441
30.8,7,0.99514334239573,0.979279351413217,1.0064418038711
31,7,0.995219291308365,0.979028015542936,1.00654633564904
31.2,7,0.995287716210261,0.978654362622961,1.00659575904862
31.4,7,0.995347216349958,0.978559105446839,1.0067028369193
31.6,7,0.995396459483597,0.978332720221532,1.00690393692173
31.8,7,0.995434196614642,0.977955088921015,1.00710613474949
32,7,0.995459275614271,0.977674567847825,1.00730278431626
32.2,7,0.995470653537547,0.977358038291501,1.00749207468607
32.4,7,0.995467407474001,0.97703178430216,1.00759984569517
32.6,7,0.995448743797198,0.976791096436045,1.00764344075928
32.8,7,0.995414005705706,0.976481701806092,1.00775551634889
33,7,0.995362678977147,0.976122349357552,1.00770727521798
33.2,7,0.99529439588696,0.97574074350239,1.00770825821515
33.4,7,0.995208937273717,0.975198578480768,1.0076392659358
33.6,7,0.995106232762554,0.974513721508894,1.00755911391927
33.8,7,0.994986359187062,0.973923344802789,1.00762149234183
34,7,0.994849537277231,0.973628136035577,1.00755424918473
34.2,7,0.994696126706256,0.972986000693438,1.00753875513091
34.4,7,0.994526619611847,0.972396729247815,1.00753187829592
34.6,7,0.994341632727651,0.972028494764576,1.00752318221362
34.8,7,0.994141898277289,0.971511831108583,1.0074834037357
35,7,0.993928253797149,0.970995033313529,1.00738944188918
35.2,7,0.993701631064191,0.970389593694686,1.00750189133953
35.4,7,0.993463044311726,0.969715081015756,1.00725043689444
35.6,7,0.993213577919362,0.969017143681578,1.00714764199813
35.8,7,0.992954373763159,0.968290312638786,1.00706725998818
36,7,0.992686618408727,0.967475350055603,1.00689879824041
36.2,7,0.992411530323767,0.966642977971169,1.00667579599753
36.4,7,0.992130347277557,0.965795094837642,1.00639662109972
36.6,7,0.991844314083623,0.964955421391919,1.00613727557115
36.8,7,0.991554670828513,0.964336595038363,1.00578058118567
37,7,0.991262641714648,0.963582199111678,1.00557018705061
37.2,7,0.990969424629015,0.962756157495257,1.00537593575787
37.4,7,0.990676181532396,0.961889241686491,1.00508125340738
37.6,7,0.990384029746221,0.960955686072188,1.00484420049201
37.8,7,0.990094034196416,0.960135394295205,1.00477604895889
38,7,0.989807200656051,0.95937855422847,1.00481550027137
38.2,7,0.989524470011517,0.958525545030033,1.00478190563469
38.4,7,0.989246713560675,0.957676017390633,1.00459412571353
38.6,7,0.988974729336075,0.95676359775327,1.00434374866382
38.8,7,0.988709239432249,0.955844342767075,1.0040310396114
39,7,0.988450888303291,0.955070252882593,1.00387965757177
39.2,7,0.988200241985654,0.954255145098785,1.00373479599855
39.4,7,0.987957788191324,0.95335368566215,1.00364795524957
39.6,7,0.987723937208413,0.952472425000695,1.00348783918541
39.8,7,0.987499023539662,0.951613074759224,1.00342053849411
40,7,0.9872833082044,0.95079539253561,1.00318257226632
0,8,1.1145887461833,1.08883696774943,1.15370625177381
0.2,8,1.11440607705272,1.08881583509174,1.15336096368826
0.4,8,1.1142111229811,1.08870464389098,1.15286446038387
0.6,8,1.11400324095556,1.08865092148096,1.15235676416166
0.8,8,1.11378176279576,1.08840496905523,1.15198149678707
1,8,1.11354599451809,1.08824629726025,1.15172921783579
1.2,8,1.11329521577396,1.08819293872875,1.1513208742174
1.4,8,1.11302867938565,1.08815131254325,1.15092403887988
1.6,8,1.11274561100522,1.08789737394916,1.15047911025392
1.8,8,1.11244520892409,1.08768445915577,1.1500128108571
2,8,1.11212664406202,1.08766896504997,1.14976774161036
2.2,8,1.11178906016576,1.08763133545393,1.14950168518093
2.4,8,1.11143157424818,1.08760467524624,1.14913746063406
2.6,8,1.1110532772991,1.08737907962445,1.1487354189473
2.8,8,1.11065323529883,1.08703083635997,1.14812594882977
3,8,1.11023049056456,1.08669199095734,1.14747184105365
3.2,8,1.10978406345866,1.08646391350504,1.14682066069807
3.4,8,1.10931295448547,1.08583367669099,1.14617398799087
3.6,8,1.10881614680131,1.08538327797261,1.14574370006683
3.8,8,1.10829260915839,1.0849314192414,1.14509297913582
4,8,1.1077412993001,1.08456604165887,1.14408243283691
4.2,8,1.10716116782024,1.08402939962248,1.14310050766344
4.4,8,1.10655116249409,1.0835428411103,1.14242602696486
4.6,8,1.10591023308324,1.08314813325795,1.14147050184779
4.8,8,1.10523733661048,1.08256416353139,1.14063153903923
5,8,1.10453144309424,1.08206360546778,1.13965897466742
5.2,8,1.10379154172573,1.08134468994705,1.13858226812715
5.4,8,1.10301664746453,1.08037099499112,1.13775982336027
5.6,8,1.10220580802167,1.07930747252906,1.13671526737113
5.8,8,1.10135811119197,1.07843828788306,1.13572125358973
6,8,1.10047269249039,1.07749978035978,1.13412212463478
6.2,8,1.09954874304051,1.07657056437311,1.13290317693679
6.4,8,1.0985855176568,1.07562515917072,1.13182868023553
6.6,8,1.09758234305617,1.07473353827181,1.13071589907236
6.8,8,1.09653862612934,1.07375587904814,1.12954786132393
7,8,1.09545386219719,1.07272708429949,1.12823550781132
7.2,8,1.09432764317408,1.07165806536863,1.12684597947271
7.4,8,1.09315966555623,1.07060012691364,1.12562736377149
7.6,8,1.09194973815182,1.06949888115495,1.12427747258724
7.8,8,1.09069778946765,1.06828577980318,1.12258144741294
8,8,1.08940387466767,1.06717850479754,1.12119305480632
8.2,8,1.08806818201906,1.06599623413975,1.11943779268246
8.4,8,1.08669103874411,1.06464565096631,1.11789567364193
8.6,8,1.08527291619861,1.06326931923992,1.1162965813747
8.8,8,1.08381443430218,1.06186458653443,1.11429309149105
9,8,1.08231636515067,1.06044120406406,1.11243832466915
9.2,8,1.08077963574697,1.05907471913801,1.1105091909475
9.4,8,1.0792053297934,1.05768103944663,1.1085313341413
9.6,8,1.07759468849681,1.05621008349758,1.10648958426279
9.8,8,1.07594911034536,1.05475535442189,1.10416025470848
10,8,1.0742701498256,1.05327152406807,1.10156681257763
10.2,8,1.07255951505712,1.05199704453097,1.09961968753346
10.4,8,1.07081906433248,1.05050620739174,1.097626863467
10.6,8,1.06905080155941,1.04880724750982,1.09548324173344
10.8,8,1.06725687061297,1.04716130922222,1.09303695163083
11,8,1.06543954861471,1.04573282310174,1.09068131795111
11.2,8,1.06360123816633,1.04436192675799,1.0884498489446
11.4,8,1.06174445857456,1.04290700322077,1.08617676330719
11.6,8,1.05987183611347,1.04147778636927,1.08386552973433
11.8,8,1.05798609337911,1.03996433125933,1.08151979933789
12,8,1.05609003779993,1.03843425191785,1.07900183998262
12.2,8,1.05418654937391,1.03693518862106,1.07642089948959
12.4,8,1.05227856771064,1.03552485844755,1.07381959959897
12.6,8,1.05036907846294,1.03406343271762,1.07120257801408
12.8,8,1.04846109923828,1.03255635518496,1.06861892126538
13,8,1.04655766508542,1.03105600335992,1.06603029293124
13.2,8,1.04466181365562,1.02950566214515,1.0634514369281
13.4,8,1.04277657014155,1.02812983530557,1.06087939537625
13.6,8,1.04090493209954,1.02675162378619,1.05823005199515
13.8,8,1.03904985426285,1.02530834144648,1.05556476438683
14,8,1.03721423345495,1.02387643499616,1.05310173482854
14.2,8,1.03540089371211,1.0225946519831,1.0508179526626
14.4,8,1.0336125717248,1.0212531961435,1.04835023408295
14.6,8,1.03185190270596,1.01992710000231,1.04597063682913
14.8,8,1.03012140679326,1.01866155250952,1.04359300531239
15,8,1.02842347608974,1.01746065327251,1.04136847536978
15.2,8,1.02676036244466,1.01627832455509,1.03909089360556
15.4,8,1.02513416607263,1.01513620493991,1.03672710740869
15.6,8,1.02354682510501,1.01403610966111,1.03442344686231
15.8,8,1.02200010616262,1.01302909504947,1.03235587891672
16,8,1.02049559603328,1.01195506153549,1.030283770384
16.2,8,1.01903469453131,1.01096683718276,1.02816792419574
16.4,8,1.01761860860932,1.01002970158642,1.02610777136954
16.6,8,1.01624834778493,1.00911269821887,1.02421492728768
16.8,8,1.01492472093621,1.00827164923827,1.02236155596794
17,8,1.0136483345112,1.00743230272321,1.0205173333031
17.2,8,1.01241959218603,1.00665716576738,1.01872772858895
17.4,8,1.01123869599623,1.00600962332531,1.0169956591681
17.6,8,1.01010564895384,1.00533274477255,1.01533707875073
17.8,8,1.00902025915093,1.0046856180048,1.01373790366094
18,8,1.00798214533745,1.00407654496454,1.01222430873239
18.2,8,1.00699074394761,1.00350005406581,1.01070958335407
18.4,8,1.00604531753523,1.00298980022315,1.00932122539563
18.6,8,1.00514496456385,1.00251400772519,1.00797269396075
18.8,8,1.00428863048303,1.00206576349984,1.0066950527087
19,8,1.00347512000706,1.00164884128213,1.00545711826016
19.2,8,1.00270311049769,1.00125612443443,1.00428372396552
19.4,8,1.00197116633785,1.00090842194419,1.0031402857712
19.6,8,1.00127775416922,1.00058131410318,1.0020392850166
19.8,8,1.00062125885285,1.00027861150782,1.00099397752405
20,8,1,1,1
20.2,8,0.999412248908386,0.999046826110031,0.999742045290069
20.4,8,0.998856245729866,0.998124219898878,0.999508296006506
20.6,8,0.998330216686989,0.99722767164896,0.999295885552555
20.8,8,0.997832391150047,0.996368720844369,0.999090503538094
21,8,0.997361018382249,0.995534879105351,0.998918496759142
21.2,8,0.996914383759318,0.994729720039174,0.998778573788531
21.4,8,0.996490824270999,0.993962013297576,0.998636495800197
21.6,8,0.996088743116003,0.993235656214069,0.998491975483286
21.8,8,0.995706623208835,0.992568487045164,0.998350866685011
22,8,0.995343039426739,0.991900505260718,0.998223616352522
22.2,8,0.994996669437829,0.991241025979014,0.998121021857329
22.4,8,0.994666302967013,0.990583043648312,0.998072457150851
22.6,8,0.994350849374699,0.989979280693585,0.99800304199506
22.8,8,0.994049343444095,0.989446201874483,0.997948099660478
23,8,0.993760949296055,0.988850812413819,0.997939742583472
23.2,8,0.993484962375452,0.988313680773302,0.997835593996654
23.4,8,0.993220809479725,0.987827978218617,0.997754888581295
23.6,8,0.992968046828027,0.987262857042503,0.997708798354262
23.8,8,0.992726356197893,0.986796549858293,0.997669989928012
24,8,0.992495539185059,0.986348689407727,0.997686100047976
24.2,8,0.992275509670501,0.985932062095578,0.997646003182638
24.4,8,0.992066284606374,0.985540190019376,0.997695134344264
24.6,8,0.991867973258868,0.985172931929874,0.997719611696074
24.8,8,0.991680765070535,0.984827819033047,0.997754689003072
25,8,0.991504916326918,0.984486783059025,0.997754212831635
25.2,8,0.991340735831918,0.984142722181144,0.997717289338147
25.4,8,0.991188569812884,0.983867922974077,0.997703320274293
25.6,8,0.991048786289567,0.983553857672005,0.997675436371875
25.8,8,0.990921759150605,0.983234212229235,0.997705166744051
26,8,0.990807852186875,0.983048741448516,0.99772465697107
26.2,8,0.990707403332764,0.982805882710182,0.997713863806298
26.4,8,0.990620709364074,0.982625315335272,0.997735646815644
26.6,8,0.990548011294974,0.982468938262667,0.997747128874821
26.8,8,0.99048948070613,0.982384885929925,0.997794926225676
27,8,0.990445207222134,0.982232003185214,0.997819564456363
27.2,8,0.990415187338775,0.982033926740433,0.997904654406885
27.4,8,0.99039931477982,0.981899494571787,0.997957730277956
27.6,8,0.990397372539214,0.981791495001036,0.997992578603076
27.8,8,0.990409026738208,0.981703871675088,0.998081000343486
28,8,0.990433822398464,0.981636334029241,0.998149839639732
28.2,8,0.990471181202006,0.981567474167972,0.998204074147273
28.4,8,0.990520401277524,0.981380569746206,0.998295259105792
28.6,8,0.990580659020516,0.981183851718968,0.998443536593554
28.8,8,0.990651012922583,0.981226344983034,0.998600687767421
29,8,0.990730409353373,0.981078984235899,0.998706159585931
29.2,8,0.990817690207802,0.980970798699222,0.99881242370967
29.4,8,0.990911602301706,0.98094012540466,0.998917107117138
29.6,8,0.991010808371563,0.981021483079887,0.99903616271533
29.8,8,0.991113899508801,0.980820995930877,0.999094033958764
30,8,0.991219408836907,0.980734570433887,0.999205449883486
30.2,8,0.991325826220513,0.980602461214888,0.999450691820868
30.4,8,0.991431613780165,0.980529066656579,0.999612073798668
30.6,8,0.991535221974827,0.980335128163908,0.999743943083004
30.8,8,0.991635106006612,0.980204915064869,0.999925510453152
31,8,0.991729742298881,0.979959205051776,1.00013688386332
31.2,8,0.991817644799693,0.979814152162923,1.00034617761013
31.4,8,0.991897380867735,0.979744335808956,1.0006098943173
31.6,8,0.991967586507083,0.979828001781593,1.00075501111212
31.8,8,0.992026980730325,0.979887881887055,1.00081256033263
32,8,0.992074378846384,0.979882232871473,1.00081273921258
32.2,8,0.992108704489573,0.979745459820975,1.00083605684238
32.4,8,0.992129000229405,0.979761755493926,1.00093830906106
32.6,8,0.992134436626235,0.979722971512284,1.00103917868844
32.8,8,0.992124319625134,0.979720488648663,1.00105708212525
33,8,0.99209809620919,0.979719388781318,1.00103087521747
33.2,8,0.992055358262917,0.979616225373142,1.00098775240722
33.4,8,0.991995844626168,0.979387606500092,1.00094879472867
33.6,8,0.991919441348225,0.978980723083764,1.00101281194835
33.8,8,0.991826180180109,0.978555040838486,1.00105949454327
34,8,0.991716235369978,0.978416726807001,1.00102470125995
34.2,8,0.991589918851371,0.978384349208725,1.00104343782362
34.4,8,0.991447673936536,0.978225373661954,1.00094461632148
34.6,8,0.991290067646822,0.977830938779422,1.0008701225716
34.8,8,0.991117781828807,0.977363366562646,1.00080260541373
35,8,0.990931603218258,0.976847727293945,1.00070908204245
35.2,8,0.990732412624132,0.976336489418305,1.00058923444123
35.4,8,0.990521173411426,0.975833514088362,1.00039952833525
35.6,8,0.990298919464976,0.975435467131217,1.00024655873712
35.8,8,0.990066742816224,0.97506585805985,1.00008409565794
36,8,0.989825781111801,0.974723115072009,0.999825240079634
36.2,8,0.989577205096697,0.974314037972131,0.999590378837264
36.4,8,0.989322206276059,0.973762570600555,0.999450397934665
36.6,8,0.98906198490861,0.973103184723207,0.999323599383021
36.8,8,0.988797738471687,0.972679600147829,0.999129581866532
37,8,0.988530650723263,0.972081408778118,0.998935814702028
37.2,8,0.988261881470444,0.971392085239126,0.998705765378398
37.4,8,0.987992557137216,0.971103652711274,0.998442585604293
37.6,8,0.987723762206995,0.970820981088635,0.998247069170399
37.8,8,0.987456531598147,0.970668890106896,0.998162111585969
38,8,0.987191844013457,0.970268195534414,0.998009123273713
38.2,8,0.986930616287824,0.969808685861097,0.997631079412799
38.4,8,0.986673698742453,0.96918656133082,0.997249819379788
38.6,8,0.986421871538873,0.968502377524529,0.997262955900238
38.8,8,0.986175842012253,0.967859223598478,0.997214539291266
39,8,0.985936242951008,0.967284358113547,0.997155295677053
39.2,8,0.985703631778649,0.966863208140747,0.997184427530349
39.4,8,0.985478490584299,0.966470735448427,0.997030387788132
39.6,8,0.985261226940368,0.966064289225796,0.997074945403481
39.8,8,0.985052175439474,0.965426941382423,0.997139408776676
40,8,0.984851599877954,0.964691380111795,0.997111445807918
0,9,1.1134802834276,1.08718238782651,1.1472137392049
0.2,9,1.11330327485324,1.08723235471437,1.14675511507027
0.4,9,1.11311428364842,1.0872788140664,1.14638272924688
0.6,9,1.11291267083052,1.08722065363393,1.14616751496384
0.8,9,1.11269777126304,1.08714607300958,1.145797905552
1,9,1.11246889295878,1.08705890364652,1.14540778352466
1.2,9,1.11222531646382,1.08678100729968,1.14493826104616
1.4,9,1.11196629434644,1.08656149311072,1.14433515198696
1.6,9,1.11169105081785,1.08631418966024,1.14368835621084
1.8,9,1.1113987815128,1.08603262941835,1.14317066923056
2,9,1.11108865345999,1.08573808450246,1.14281685509654
2.2,9,1.11075980527304,1.08542999133017,1.14228901632526
2.4,9,1.11041134759365,1.08516033320308,1.1416100988841
2.6,9,1.11004236381856,1.08493716165152,1.14083949076857
2.8,9,1.10965191114166,1.08467864884636,1.14002244232461
3,9,1.10923902194183,1.08441728125733,1.13943575813264
3.2,9,1.10880270554532,1.08413602437759,1.13892296462992
3.4,9,1.10834195038948,1.08371016157451,1.13832386968026
3.6,9,1.10785572661195,1.08325014565735,1.13766361541605
3.8,9,1.10734298908584,1.08277026417254,1.13711324279972
4,9,1.1068026809174,1.08221584052027,1.13648957372129
4.2,9,1.10623373741825,1.08156279318832,1.13560950365665
4.4,9,1.10563509055873,1.0808512820494,1.13467880529475
4.6,9,1.1050056739033,1.08031451722446,1.13369605891125
4.8,9,1.10434442802285,1.07978062137208,1.13272774244742
5,9,1.103650306372,1.0789419236029,1.131960321964
5.2,9,1.1029222816127,1.07824016937751,1.13116006881982
5.4,9,1.10215935235837,1.07762318133885,1.13030657775705
5.6,9,1.10136055030568,1.07710976053679,1.12945417139574
5.8,9,1.1005249477137,1.07596121933891,1.1284033762428
6,9,1.09965166518357,1.07503712793421,1.12735996430797
6.2,9,1.09873987968452,1.07413090785056,1.12639264203422
6.4,9,1.09778883276608,1.07314403260299,1.12520821507324
6.6,9,1.09679783889031,1.07224223974593,1.12422117089726
6.8,9,1.0957662938124,1.0713569711654,1.1231150597822
7,9,1.09469368293361,1.07034009832383,1.12198017257608
7.2,9,1.09357958954654,1.06912120857674,1.12073395250099
7.4,9,1.09242370288991,1.06803954271,1.11941662421474
7.6,9,1.09122582592799,1.06703119877757,1.11796261165237
7.8,9,1.08998588276897,1.06610513023055,1.11648020933706
8,9,1.0887039256365,1.06505532248972,1.11498307519119
8.2,9,1.08738014131017,1.06377687046607,1.11328836341221
8.4,9,1.08601485695244,1.06254615480956,1.11159494934577
8.6,9,1.08460854524348,1.06153539800977,1.10963992126991
8.8,9,1.08316182874934,1.06035647069053,1.10762794349193
9,9,1.08167548345454,1.05907442097714,1.10573660861205
9.2,9,1.08015044139615,1.05790522031404,1.1039042597979
9.4,9,1.07858779234419,1.05671340151854,1.10208615214762
9.6,9,1.07698878448035,1.05530540952604,1.1002706264898
9.8,9,1.07535482403636,1.05409043389538,1.09835524022271
10,9,1.07368747386195,1.05272233340786,1.09622333158385
10.2,9,1.07198845090212,1.05134047403053,1.09427867704364
10.4,9,1.07025962257328,1.04984463887867,1.09228273284289
10.6,9,1.06850300203787,1.04829784178604,1.09023800888874
10.8,9,1.06672074238704,1.04671526253543,1.0879599170525
11,9,1.06491512975118,1.04530305298695,1.08538727066453
11.2,9,1.06308857536777,1.04369158110389,1.08298970600121
11.4,9,1.06124360664576,1.04211135489732,1.08080253525401
11.6,9,1.05938285727466,1.04076183951108,1.07857910810286
11.8,9,1.05750905643536,1.03933789190612,1.07619371126325
12,9,1.05562501717794,1.03803600935534,1.07403010837763
12.2,9,1.05373362403908,1.03669576602367,1.07166353477861
12.4,9,1.05183781997877,1.03532093191705,1.06912723587351
12.6,9,1.04994059272213,1.03406343271762,1.06670760245918
12.8,9,1.04804496059752,1.03265267157578,1.06434436998557
13,9,1.04615395796718,1.03123928784927,1.06195956939976
13.2,9,1.04427062035015,1.02977798559392,1.05944120392554
13.4,9,1.04239796934082,1.02843715407026,1.05709931725103
13.6,9,1.04053899742861,1.02722157566177,1.05476057579359
13.8,9,1.03869665282643,1.02574590085768,1.05244562909444
14,9,1.03687382441596,1.0243263317946,1.05012131116185
14.2,9,1.03507332691877,1.02305147222832,1.04772531740947
14.4,9,1.03329788640143,1.0218526926027,1.04542632237295
14.6,9,1.0315501262218,1.02064080980658,1.04333725177079
14.8,9,1.02983255352235,1.01933197696538,1.04108094319219
15,9,1.02814754637328,1.01798663412901,1.03886883341912
15.2,9,1.02649734166612,1.01677303494694,1.03677190727963
15.4,9,1.02488402385396,1.01571327629346,1.03476327925009
15.6,9,1.02330951463102,1.01456809643583,1.03269534772479
15.8,9,1.02177556363869,1.01347062920048,1.03062688223784
16,9,1.02028374028006,1.01242083258594,1.02866707093296
16.2,9,1.0188354267185,1.01133652622167,1.0267184888082
16.4,9,1.01743181212896,1.01039439098298,1.02472792623671
16.6,9,1.0160738882631,1.00953014840209,1.02285609916737
16.8,9,1.0147624463809,1.00867653389032,1.02108671440621
17,9,1.01349807559233,1.00784010601113,1.01937471422009
17.2,9,1.01228116264288,1.00703183465015,1.01771147485282
17.4,9,1.01111189316605,1.00626881588156,1.01603571380044
17.6,9,1.00999025441464,1.00560043632639,1.01444446745817
17.8,9,1.00891603947065,1.00492310919214,1.01299838223087
18,9,1.00788885292086,1.00433199763931,1.01156466312155
18.2,9,1.00690811797174,1.00378345661955,1.01015590664049
18.4,9,1.00597308496387,1.00322891345283,1.00889160514935
18.6,9,1.00508284123113,1.00271223463373,1.00759377538656
18.8,9,1.00423632223608,1.00221360795778,1.00635442202278
19,9,1.00343232389756,1.00176463700768,1.00517009836052
19.2,9,1.00266951601229,1.00136205923701,1.0040465656024
19.4,9,1.00194645665764,1.00099383793896,1.00295983735132
19.6,9,1.00126160744848,1.00064301506347,1.00193194974726
19.8,9,1.00061334950804,1.00030777586515,1.00094714561111
20,9,1,1,1
20.2,9,0.999419829057857,0.99909481631862,0.999715974082093
20.4,9,0.998871076937938,0.998226838867711,0.999444214422456
20.6,9,0.998351971214263,0.997392232061617,0.999186445221156
20.8,9,0.997860743827491,0.996602010983493,0.998944545130854
21,9,0.997395647796313,0.995843679526502,0.998725949707447
21.2,9,0.996954973398269,0.995102606181422,0.998527885281221
21.4,9,0.996537063628235,0.994402716666769,0.998344694990451
21.6,9,0.996140328746808,0.993726953154574,0.998163373512166
21.8,9,0.995763259737727,0.993095861663878,0.998010128128029
22,9,0.995404440503273,0.99245029878115,0.997859397583822
22.2,9,0.995062558639329,0.99184263080398,0.997741121245861
22.4,9,0.994736414647321,0.99126077873103,0.997657927671669
22.6,9,0.994424929458585,0.990707120023326,0.997567828057286
22.8,9,0.994127150167442,0.990183554612512,0.997476566742006
23,9,0.99384225389238,0.989696812527023,0.997370210078725
23.2,9,0.993569549709663,0.989199059227665,0.997348049032157
23.4,9,0.993308478630323,0.98877507469104,0.997303371571963
23.6,9,0.993058611619137,0.988365351452884,0.997196612731156
23.8,9,0.992819645682679,0.987952402926706,0.997157933059905
24,9,0.992591398082108,0.987596228160961,0.997143692838892
24.2,9,0.992373798754767,0.987281513065812,0.997120883917655
24.4,9,0.992166881056169,0.986977240818497,0.997093908399725
24.6,9,0.991970770960255,0.986643974349963,0.997089639717961
24.8,9,0.991785674880253,0.986338842180851,0.997051329264251
25,9,0.991611866294709,0.986042794565131,0.996967739459911
25.2,9,0.991449671382822,0.985713164408323,0.996924005653972
25.4,9,0.99129945388971,0.985449755768953,0.996900124180669
25.6,9,0.991161599455395,0.985224024228873,0.996865568772486
25.8,9,0.991036499650757,0.985009551132153,0.996872456517152
26,9,0.99092453596943,0.984773540724085,0.996881329981827
26.2,9,0.990826064026272,0.984538401211578,0.996892311538616
26.4,9,0.990741398210787,0.984326737428307,0.99691391608162
26.6,9,0.990670797037527,0.984240903374644,0.996889286419273
26.8,9,0.990614449425339,0.984114765719547,0.99692789093427
27,9,0.990572462123298,0.983950634332914,0.997027019322045
27.2,9,0.990544848483677,0.983827543847876,0.99706000474195
27.4,9,0.990531518761513,0.983776070670831,0.997076691228711
27.6,9,0.990532272096601,0.983665030824566,0.99711149765212
27.8,9,0.990546790307483,0.983567586734324,0.997141648917123
28,9,0.990574633598606,0.983493328353423,0.997251577257297
28.2,9,0.990615238251708,0.983498204630326,0.997265087565986
28.4,9,0.9906679163413,0.983423132778066,0.997303013265861
28.6,9,0.990731857482107,0.983268000894332,0.997374003394434
28.8,9,0.990806132584312,0.983311707270028,0.997468917401961
29,9,0.990889699560693,0.983381326570774,0.997576469887356
29.2,9,0.99098141089897,0.983460525070535,0.997683198111098
29.4,9,0.991080022983292,0.983493357161743,0.997829447303668
29.6,9,0.991184207021342,0.983517710602113,0.99800629874756
29.8,9,0.99129256140846,0.983561839755191,0.998120232078292
30,9,0.991403625337949,0.983607506811346,0.998264894160918
30.2,9,0.991515893447722,0.983615146124777,0.998429778756133
30.4,9,0.991627831277947,0.983623900832964,0.998552275297378
30.6,9,0.991737891302745,0.983732339043273,0.998768263903961
30.8,9,0.99184452929137,0.983859327956588,0.998952618438557
31,9,0.99194622075091,0.983902317673329,0.999104250834394
31.2,9,0.99204147720335,0.983877675955443,0.999264099381951
31.4,9,0.992128862054872,0.98381876772259,0.999409518242953
31.6,9,0.992207005824407,0.983913610969789,0.999523709946389
31.8,9,0.992274620511501,0.983906734726662,0.999624197353687
32,9,0.992330512900268,0.983853507660446,0.99978849870754
32.2,9,0.992373596616192,0.983894107142243,0.999994360984319
32.4,9,0.992402902775464,0.983862860781965,1.00011103683683
32.6,9,0.992417589091846,0.983745274028958,1.00022969457417
32.8,9,0.992416947333277,0.983693556919423,1.00034068737017
33,9,0.992400409049056,0.983605299260807,1.0004239601331
33.2,9,0.992367549517738,0.983492744311723,1.0005683185225
33.4,9,0.992318089895477,0.983318618551148,1.00056099514273
33.6,9,0.992251897573666,0.983106968012011,1.00051855030581
33.8,9,0.99216898478297,0.98274754850722,1.00057738436879
34,9,0.992069505507544,0.982541899273755,1.00056112593129
34.2,9,0.991953750798052,0.98217041925199,1.00052373185065
34.4,9,0.991822142594477,0.98186246705983,1.00046532825981
34.6,9,0.9916752261894,0.981603416223855,1.00029215025342
34.8,9,0.991513661479089,0.981380761304033,1.00017669236808
35,9,0.991338213163152,0.981081878080453,1.00013528288491
35.2,9,0.991149740063605,0.98073752080713,1.00008607075229
35.4,9,0.990949183740849,0.98037417565701,1.00002544819879
35.6,9,0.990737556587382,0.979976589573574,0.999942906005435
35.8,9,0.990515929580043,0.979615389206431,0.999722363105523
36,9,0.990285419868516,0.979332871119323,0.999586411570812
36.2,9,0.990047178371811,0.979071453152212,0.999466760063594
36.4,9,0.989802377545811,0.978642420759816,0.999105365938049
36.6,9,0.989552199474091,0.9782453596674,0.998739984936898
36.8,9,0.98929782442126,0.977730659915571,0.998626380967933
37,9,0.989040419973633,0.977273726251413,0.998378379284836
37.2,9,0.988781130876267,0.976806896100159,0.998106621119826
37.4,9,0.988521069658819,0.976346643918965,0.997989206407355
37.6,9,0.988261308125574,0.975894322517758,0.99787001243726
37.8,9,0.98800286976774,0.975451174997477,0.997643059885906
38,9,0.987746723139045,0.974981078609903,0.997375459083332
38.2,9,0.987493776219063,0.974593591385104,0.997240031957841
38.4,9,0.987244871772808,0.974179174473749,0.99711442611211
38.6,9,0.987000783700297,0.973677703083674,0.997060293676554
38.8,9,0.986762214355987,0.973256624526735,0.997031902255706
39,9,0.98652979280562,0.972945228039658,0.997109674881759
39.2,9,0.986304073977026,0.97250684396027,0.997083189488127
39.4,9,0.986085538651956,0.972105308820731,0.996943877227296
39.6,9,0.985874594238126,0.971731192782088,0.996915102752215
39.8,9,0.985671576254334,0.971402921198449,0.996921146245305
40,9,0.985476750456707,0.971235042979795,0.9969912045869
0,10,1.1109948527594,1.07992678051265,1.14309524016786
0.2,10,1.11082867615213,1.07991172219318,1.14266678483042
0.4,10,1.11065130100412,1.07989256381889,1.14231372599884
0.6,10,1.11046212264329,1.0798477570981,1.1420347557513
0.8,10,1.11026050958942,1.07983734646553,1.14177303626339
1,10,1.1100458026188,1.07980064268601,1.14159218025513
1.2,10,1.10981731389936,1.07972820006392,1.14117784061422
1.4,10,1.10957432622215,1.07959435057822,1.1408661887598
1.6,10,1.10931609235768,1.07944643544654,1.14060073290172
1.8,10,1.10904183456755,1.07927843219653,1.14031102281385
2,10,1.10875074430317,1.07915176089208,1.13999548320316
2.2,10,1.10844198212513,1.07888925905348,1.13965250123764
2.4,10,1.10811467787716,1.07871748921051,1.13928043207118
2.6,10,1.10776793114917,1.07857855151761,1.13890903633992
2.8,10,1.10740081206367,1.07826220368199,1.13843120332411
3,10,1.10701236241885,1.07783160851335,1.13793115117184
3.2,10,1.10660159722035,1.07755896751759,1.13709935259076
3.4,10,1.10616750663154,1.07727439501657,1.13635630153438
3.6,10,1.10570905836925,1.07682456175113,1.13577364297995
3.8,10,1.10522520056855,1.07658003385946,1.13518217890798
4,10,1.10471486513603,1.07626315243935,1.13438555760212
4.2,10,1.10417697160596,1.07586008991604,1.13375191347658
4.4,10,1.10361043150879,1.07539711941408,1.132845500925
4.6,10,1.10301415325487,1.07496141136794,1.13196117826415
4.8,10,1.10238704753035,1.07444578416691,1.13122256972352
5,10,1.10172803319488,1.07423524126741,1.13056453580586
5.2,10,1.10103604366376,1.07375116112461,1.12985945215104
5.4,10,1.10031003374961,1.07314174620333,1.12895392770205
5.6,10,1.09954898693094,1.07262561524912,1.12785188735531
5.8,10,1.09875192300769,1.07197325316748,1.12696666328988
6,10,1.09791790609576,1.07141116164123,1.12606870169935
6.2,10,1.097046052906,1.07078739759288,1.12513113189624
6.4,10,1.09613554124548,1.0697236267364,1.12415073865775
6.6,10,1.09518561867306,1.06885809638642,1.12312131720547
6.8,10,1.09419561123512,1.06793181643964,1.12205338380193
7,10,1.09316493220235,1.06717233043614,1.12097247781645
7.2,10,1.09209309072417,1.06636470113857,1.11983402303707
7.4,10,1.09097970031426,1.0654405287181,1.11866734504198
7.6,10,1.08982448707798,1.06450578710944,1.11743669229575
7.8,10,1.0886272975916,1.06338826550717,1.11610273981531
8,10,1.08738810634291,1.06226471851054,1.11464083518119
8.2,10,1.08610702264369,1.06120021701039,1.11297147540013
8.4,10,1.08478429692716,1.06001955078921,1.11123527507422
8.6,10,1.08342032634622,1.05887440929824,1.10943297751351
8.8,10,1.08201565959326,1.05771813141417,1.10762730251058
9,10,1.08057100086755,1.05639439474685,1.10573660861205
9.2,10,1.07908721292286,1.05510706578557,1.1039042597979
9.4,10,1.07756531913537,1.05404405462447,1.10208615214762
9.6,10,1.07600650454028,1.05281092265829,1.1002706264898
9.8,10,1.07441211579428,1.05141000986124,1.09842342449174
10,10,1.07278366003119,1.0500971602947,1.09649730988619
10.2,10,1.07112280258745,1.04879386077312,1.09447013505043
10.4,10,1.06943136358511,1.04753052105663,1.09241723624349
10.6,10,1.06771131337041,1.04625482816139,1.0903551691274
10.8,10,1.06596476681664,1.04505224109683,1.08822021732816
11,10,1.06419397651074,1.04375352095881,1.08598574839219
11.2,10,1.06240132485359,1.0423361055115,1.0836985827018
11.4,10,1.06058931511386,1.04086298985564,1.08136600657897
11.6,10,1.05876056148543,1.03938488753617,1.07896226134364
11.8,10,1.0569177782072,1.03815731516431,1.07655474145547
12,10,1.05506376781307,1.03679967625876,1.07408879095214
12.2,10,1.05320140858776,1.03533538684425,1.07176803417223
12.4,10,1.05133364131132,1.03384073202607,1.06934922056015
12.6,10,1.04946345538185,1.03227299377968,1.06698622801919
12.8,10,1.04759387441147,1.03091092658469,1.06450284890815
13,10,1.04572794139566,1.02963568339231,1.06205098686753
13.2,10,1.04386870355989,1.02829005191259,1.05971637513389
13.4,10,1.042019196991,1.02692788503372,1.05735619883416
13.6,10,1.04018243116291,1.02564234727644,1.05507937808329
13.8,10,1.03836137346805,1.02446589893364,1.05288167836017
14,10,1.0365589338667,1.0232225357149,1.05060741370517
14.2,10,1.03477794976638,1.02209664207617,1.04829814119549
14.4,10,1.03302117124298,1.02086171199824,1.04593532072314
14.6,10,1.03129124671373,1.01960685554722,1.0435607714608
14.8,10,1.02959070917029,1.01845763040401,1.04135996942721
15,10,1.02792196307735,1.01733540244924,1.03916365664101
15.2,10,1.02628727203877,1.01624651289636,1.03697603415633
15.4,10,1.02468874732948,1.01513620493991,1.03486689073528
15.6,10,1.0231283373864,1.01406353128116,1.03275771683863
15.8,10,1.0216078183466,1.01303074222979,1.03066626741909
16,10,1.02012878571495,1.0120050495451,1.02861593047003
16.2,10,1.01869264723675,1.01109453611608,1.0267184888082
16.4,10,1.01730061704391,1.01020654232791,1.02472792623671
16.6,10,1.01595371113502,1.00930920736714,1.02284949355972
16.8,10,1.01465274424112,1.00849504820964,1.02105237365922
17,10,1.01339832811984,1.00771672160369,1.01931284802804
17.2,10,1.01219087131024,1.00695265627774,1.01762012130583
17.4,10,1.01103058037022,1.00618385896009,1.01597775800769
17.6,10,1.00991746260668,1.00550302045448,1.01444105138029
17.8,10,1.00885133029672,1.00485719026257,1.01296407372336
18,10,1.00783180638523,1.00421021119472,1.01153713158665
18.2,10,1.00685833163107,1.00365917542961,1.01013425982277
18.4,10,1.00593017315996,1.00317110834253,1.00887177181355
18.6,10,1.00504643436828,1.00267130042849,1.00758981203216
18.8,10,1.00420606610713,1.00221605597575,1.00638398947836
19,10,1.00340787906177,1.00176471129473,1.00520790823498
19.2,10,1.00265055722646,1.00135021342508,1.0040623231085
19.4,10,1.00193267236086,1.00098616455983,1.00296612604795
19.6,10,1.00125269929991,1.00063776142418,1.00193422694736
19.8,10,1.00060903197601,1.0003063928195,1.00094766061385
20,10,1,1,1
20.2,10,0.999423885636497,0.999093812718828,0.99971396825848
20.4,10,0.998878940999225,0.998225085998131,0.999443006762023
20.6,10,0.998363405284403,0.997392232061617,0.999183569078414
20.8,10,0.99787552185411,0.996601206773035,0.998939703543224
21,10,0.99741355497794,0.995846721374295,0.998709103812315
21.2,10,0.996975806039966,0.995124178602921,0.998498510286521
21.4,10,0.996560629019371,0.994402722437211,0.998306713500225
21.6,10,0.996166445057223,0.993726953154574,0.998127418491183
21.8,10,0.995791755928827,0.993082587004033,0.997956170713712
22,10,0.995435156250949,0.992413427150713,0.997792024945859
22.2,10,0.995095344266003,0.991802856791726,0.997668886030431
22.4,10,0.994771131060852,0.991237192072081,0.99754830783666
22.6,10,0.994461448096194,0.990699208259032,0.997426848109788
22.8,10,0.994165352943279,0.990170967028226,0.99730189454438
23,10,0.993882033147736,0.989695221228623,0.997174914874508
23.2,10,0.993610808165261,0.989237903051593,0.997091840639481
23.4,10,0.993351129340414,0.988807314912596,0.997059568290533
23.6,10,0.993102577927471,0.988366627529655,0.997011719406991
23.8,10,0.992864861180597,0.987948156765812,0.996905861024978
24,10,0.992637806569216,0.987566764221336,0.996827875875224
24.2,10,0.992421354202686,0.987240949479524,0.996747841606861
24.4,10,0.992215547575913,0.986939868718345,0.996711439291707
24.6,10,0.992020522773708,0.986562483881928,0.996688067567015
24.8,10,0.99183649629608,0.986222142397924,0.996666383073352
25,10,0.991663751688842,0.985896395782045,0.996665097688278
25.2,10,0.991502625183384,0.985589093648297,0.996680883367287
25.4,10,0.991353490565926,0.985324677571269,0.996656341377757
25.6,10,0.99121674350965,0.985064565254147,0.996669944215494
25.8,10,0.991092785612568,0.984829883073436,0.996696466618771
26,10,0.990982008389642,0.984596008064491,0.996679037510879
26.2,10,0.990884777469354,0.984362350962465,0.996686953605118
26.4,10,0.99080141724262,0.984198746499166,0.996745432627625
26.6,10,0.990732196205664,0.98406449469201,0.99683621836029
26.8,10,0.990677313228264,0.983932971768853,0.996942338109371
27,10,0.99063688496484,0.983799873803805,0.996939151737797
27.2,10,0.990610934608408,0.98369912803798,0.996943846696523
27.4,10,0.990599382166655,0.983550936135222,0.996970541110955
27.6,10,0.9906020364158,0.983368904044941,0.996980065079796
27.8,10,0.990618588661663,0.983300194326465,0.997109262703249
28,10,0.990648608409096,0.983280421606864,0.997155431332232
28.2,10,0.990691541010913,0.983225134520697,0.997185029341096
28.4,10,0.990746707336347,0.983227803724273,0.997275621901447
28.6,10,0.9908133054672,0.983319863399856,0.997428224332266
28.8,10,0.990890414397891,0.983416397147763,0.99752744729057
29,10,0.990976999684024,0.983496239569909,0.997677135795949
29.2,10,0.991071920953373,0.983521617297486,0.997796096483581
29.4,10,0.991173941163928,0.983666720867597,0.997984203126606
29.6,10,0.991281737466265,0.983760303924912,0.998122351600055
29.8,10,0.991393913502522,0.983792644725713,0.998311705421636
30,10,0.991509012952078,0.983803774420718,0.998449641062184
30.2,10,0.9916255341151,0.983833906284567,0.998538814820234
30.4,10,0.991741945309625,0.983911762198135,0.998627134134608
30.6,10,0.991856700846294,0.984027988047905,0.998698877037196
30.8,10,0.991968257337218,0.984029022813602,0.998811707521149
31,10,0.992075090092018,0.983988716635154,0.998946682583853
31.2,10,0.992175709354877,0.983921107954268,0.999177034254009
31.4,10,0.99226867614139,0.983886536040479,0.999313478106723
31.6,10,0.992352617443068,0.983894992710686,0.999466221381998
31.8,10,0.992426240580274,0.98393753203186,0.999566982161315
32,10,0.992488346500995,0.983967698793698,0.999645722583132
32.2,10,0.992537841842679,0.983982275056793,0.999729661864957
32.4,10,0.992573749597156,0.983976402333603,0.999781640211769
32.6,10,0.992595218243804,0.983922804734589,0.999832093447035
32.8,10,0.99260152924321,0.983811356594783,0.99996160684142
33,10,0.992592102811963,0.983497802212397,1.00006754046738
33.2,10,0.992566501928452,0.983269411846825,1.00010822505578
33.4,10,0.992524434548864,0.983003084724094,1.0002100540884
33.6,10,0.992465754041644,0.982732251702633,1.00031585987339
33.8,10,0.992390457876704,0.982546430851976,1.00030879666327
34,10,0.992298684632291,0.982342919472259,1.00024587115712
34.2,10,0.992190709407081,0.982118525119649,1.00017067573693
34.4,10,0.992066937747396,0.981871483007286,1.00010664995013
34.6,10,0.991927898219032,0.981606645524099,1.00000638457704
34.8,10,0.991774233769779,0.981218609590185,0.999842656993909
35,10,0.991606692042127,0.980951733911709,0.999721441766497
35.2,10,0.991426114805717,0.980667679224457,0.999586346549635
35.4,10,0.991233426685776,0.980343825444244,0.999421268699653
35.6,10,0.991029623367095,0.979976589573574,0.999253033244104
35.8,10,0.990815759453188,0.979473407086926,0.999084763054662
36,10,0.990592936157229,0.979170176503247,0.998894160872506
36.2,10,0.990362288995458,0.978928894741821,0.998842703097883
36.4,10,0.990124975645219,0.978572585302291,0.998708399241504
36.6,10,0.989882164119005,0.978170455304549,0.998447265576303
36.8,10,0.989635021393068,0.97773823901197,0.998222007834523
37,10,0.989384702614823,0.977287031439159,0.997985841120699
37.2,10,0.989132340997635,0.976864705948627,0.997959577457846
37.4,10,0.988879038495117,0.976444173629715,0.997721239909803
37.6,10,0.988625857330109,0.976145825070363,0.997658048439607
37.8,10,0.988373812436377,0.975579643656685,0.997517248208138
38,10,0.988123864854096,0.975072515423274,0.997359343546563
38.2,10,0.987876916103743,0.974675230798932,0.997165961654211
38.4,10,0.9876338035472,0.974361004603188,0.997014675167831
38.6,10,0.987395296730135,0.97403335901219,0.99686936383231
38.8,10,0.987162094686036,0.973690095028726,0.996879418157347
39,10,0.986934824169953,0.973356414791459,0.996807633929799
39.2,10,0.986714038779096,0.973057540809028,0.996885400632681
39.4,10,0.986500218908008,0.972778445738832,0.996971151264363
39.6,10,0.986293772478196,0.972553344549507,0.996970614084919
39.8,10,0.986095036375771,0.972310071697317,0.99691940717231
40,10,0.98590427852592,0.972031762121562,0.997018805040521
0,11,1.08301810364455,1.03426527882686,1.12349539961943
0.2,11,1.08288323205867,1.03419728524813,1.12320440782742
0.4,11,1.08273942061527,1.03412316423794,1.12278617569852
0.6,11,1.08258619118044,1.03405809862224,1.12232535097891
0.8,11,1.08242304397568,1.03399355123833,1.12190768109807
1,11,1.08224945681979,1.03392320225023,1.12145071294359
1.2,11,1.08206488444563,1.03384678945214,1.12076902241655
1.4,11,1.08186875791557,1.03376444210369,1.12053273300896
1.6,11,1.08166048416116,1.03357698132494,1.12024824092068
1.8,11,1.08143944567402,1.03336978079587,1.11985400152719
2,11,1.08120500037595,1.03320041433653,1.1195244725885
2.2,11,1.08095648169696,1.03314242230794,1.11892500632701
2.4,11,1.08069319889008,1.03291124670033,1.11850569319729
2.6,11,1.08041443761158,1.03262637465101,1.11793207784815
2.8,11,1.08011946079447,1.03242549376293,1.11730337825472
3,11,1.07980750984171,1.03227058164767,1.11672888542026
3.2,11,1.07947780616376,1.03211031414766,1.11622813786008
3.4,11,1.07912955308257,1.03193948475262,1.11565086148825
3.6,11,1.07876193812089,1.03168349436204,1.11507400911853
3.8,11,1.07837413569242,1.03156478772115,1.1145793653216
4,11,1.07796531020379,1.03139348499918,1.11402281327561
4.2,11,1.077534619575,1.03126404768933,1.1135085070236
4.4,11,1.07708121917941,1.03112562154402,1.11274565275871
4.6,11,1.07660426619923,1.03097780051568,1.11207774613855
4.8,11,1.07610292438625,1.03064943883877,1.11143334690897
5,11,1.07557636921153,1.03027352434013,1.110672613844
5.2,11,1.07502379338171,1.02989572933551,1.1097298957581
5.4,11,1.07444441269287,1.02968319987322,1.10899546506671
5.6,11,1.07383747218702,1.02942083890058,1.10816830922194
5.8,11,1.07320225256994,1.02904146136389,1.10727108558827
6,11,1.07253807684341,1.02891198370963,1.10619125890213
6.2,11,1.07184431709928,1.02870265240165,1.10519328692955
6.4,11,1.07112040141811,1.02841307583285,1.10400879526514
6.6,11,1.07036582081037,1.02782677221558,1.10298293740617
6.8,11,1.06958013613496,1.02733623132174,1.10204427180154
7,11,1.06876298492645,1.02683822919872,1.10091325448563
7.2,11,1.06791408806048,1.02633284958835,1.09974465311593
7.4,11,1.06703325618567,1.02582019303398,1.09864235998957
7.6,11,1.06612039584987,1.02530037955052,1.09736702039276
7.8,11,1.06517551524916,1.02472310626193,1.09606818860447
8,11,1.06419872952984,1.02414439495622,1.09475373711569
8.2,11,1.06319026557596,1.02356786375786,1.09329296178905
8.4,11,1.06215046621821,1.02299424305865,1.09199204352008
8.6,11,1.06107979380467,1.02242601796682,1.09062550062691
8.8,11,1.05997883307851,1.02186369600785,1.08933556621342
9,11,1.05884829331381,1.02126340007737,1.08799231141989
9.2,11,1.05768900966703,1.02064192594968,1.0864721693107
9.4,11,1.05650194370852,1.02008992307755,1.0850564299705
9.6,11,1.05528818310595,1.01953584515816,1.08352289287949
9.8,11,1.05404894043935,1.01898054027358,1.08189710033982
10,11,1.05278555113503,1.01841002482932,1.08021450217384
10.2,11,1.05149947051417,1.01785125368111,1.07849828525667
10.4,11,1.0501922699596,1.01730934784617,1.07679997114022
10.6,11,1.04886563221229,1.01679392904274,1.07515644808357
10.8,11,1.04752134581678,1.01627016122114,1.0733669427442
11,11,1.04616129874249,1.01570641312007,1.07162045265469
11.2,11,1.0447874712144,1.01506117552804,1.06986640411662
11.4,11,1.04340192779398,1.01449726536164,1.06803605699757
11.6,11,1.04200680875674,1.01393863758845,1.06619760605532
11.8,11,1.04060432081901,1.01335706844248,1.06441543373793
12,11,1.0391967272714,1.01284026062791,1.06264101512177
12.2,11,1.03778633758118,1.01230975957189,1.06073485240772
12.4,11,1.03637549652967,1.01171601301254,1.05894632616309
12.6,11,1.03496657295458,1.01099204120204,1.05709746625953
12.8,11,1.03356194816989,1.01032428749015,1.05516722835656
13,11,1.0321640041386,1.0097999482542,1.05316381647851
13.2,11,1.03077511147562,1.0093231431466,1.05118191666779
13.4,11,1.0293976173596,1.00878867469005,1.04920189933934
13.6,11,1.0280338334339,1.00810443515131,1.04730218126599
13.8,11,1.02668602377728,1.00753476381324,1.04534222846176
14,11,1.02535639302571,1.00704541167458,1.04331416870948
14.2,11,1.0240470747267,1.00647258190699,1.04123654670522
14.4,11,1.02276012000702,1.00602529379484,1.03926492735248
14.6,11,1.02149748663459,1.00543678586619,1.03739471437817
14.8,11,1.02026102855412,1.0048453139778,1.03548476208652
15,11,1.01905248597491,1.00431098572684,1.03355565308685
15.2,11,1.01787347608788,1.00373756774277,1.03167714788687
15.4,11,1.01672548448661,1.0032772748124,1.0298484656159
15.6,11,1.01560985736521,1.00282556735528,1.02800991344013
15.8,11,1.01452779456262,1.00233450643089,1.02631091705392
16,11,1.01348034352001,1.00204055797822,1.02459038107809
16.2,11,1.01246839421363,1.00169108108427,1.02290479132164
16.4,11,1.01149267512143,1.00132031564836,1.02134265359579
16.6,11,1.01055375027599,1.00101103533994,1.01977814146572
16.8,11,1.00965201745102,1.00074099731846,1.01829032690522
17,11,1.00878770752139,1.0004654632917,1.01678146408967
17.2,11,1.00796088502954,1.00023794543436,1.01531254031176
17.4,11,1.00717144998258,1.00007878140706,1.01392106821958
17.6,11,1.00641914089523,0.999947800458065,1.01257878242031
17.8,11,1.00570353908367,0.999830140537167,1.01127489242593
18,11,1.00502407420438,0.999738378759628,1.01004540024578
18.2,11,1.00438003102072,0.999680673455457,1.00888040851636
18.4,11,1.00377055736717,0.999650892303737,1.00774021775062
18.6,11,1.00319467326853,0.999625043935697,1.0066212611425
18.8,11,1.00265128115772,0.999639137917812,1.00556397286253
19,11,1.00213917712224,0.999659590914286,1.00454087255503
19.2,11,1.0016570630951,0.999685748886809,1.00355446969221
19.4,11,1.00120355989237,0.999742821423195,1.00260393337544
19.6,11,1.0007772209859,0.9998137182632,1.00169120489195
19.8,11,1.00037654688638,0.999900563774851,1.0008281318516
20,11,1,1,1
20.2,11,0.99964601981026,0.9992057483369,1.00011053238332
20.4,11,0.999313038226951,0.998446163479121,1.00022842818303
20.6,11,0.998999494935698,0.997722472687582,1.00034890204171
20.8,11,0.998703852575174,0.997026796604645,1.00047004561251
21,11,0.99842461156467,0.996380808200791,1.00058917343874
21.2,11,0.99816032440277,0.995763481442764,1.00072388237189
21.4,11,0.997909609258402,0.995156119587305,1.00084876683322
21.6,11,0.997671162678808,0.994591514523082,1.0009736736565
21.8,11,0.997443771245037,0.994063374235596,1.00108824853327
22,11,0.99722632201446,0.993523636510172,1.00117794827759
22.2,11,0.997017811601636,0.993038347131178,1.00128140354213
22.4,11,0.996817353763387,0.992629049348067,1.00135272136367
22.6,11,0.996624185371252,0.992211634439785,1.00142037329839
22.8,11,0.996437670674216,0.991775771919405,1.00154026086277
23,11,0.9962573037766,0.991338364426019,1.00160647602908
23.2,11,0.996082709279962,0.990945139304033,1.0016357226215
23.4,11,0.995913641063335,0.9905825524852,1.00171955202722
23.6,11,0.995749979202823,0.990265557224391,1.00180774368791
23.8,11,0.995591725058996,0.989957486518595,1.00185262023458
24,11,0.995438994588154,0.989659344034849,1.00195604461313
24.2,11,0.995292009960982,0.989379073742303,1.00210570169242
24.4,11,0.995151089598774,0.989166827159186,1.00216956302095
24.6,11,0.995016636762877,0.988904632182581,1.00226091321758
24.8,11,0.994889126856709,0.98845640264761,1.00234620162157
25,11,0.994769093621281,0.988247226283453,1.0025353747337
25.2,11,0.99465711442412,0.988060078601074,1.00261996808789
25.4,11,0.994553794857491,0.987876811206317,1.0026521017551
25.6,11,0.99445975287454,0.987656509930216,1.00268643760539
25.8,11,0.99437560270114,0.987384706908254,1.00280171702629
26,11,0.994301938766687,0.987299989068722,1.00291784484902
26.2,11,0.994239319898595,0.987109971758863,1.00304657198222
26.4,11,0.994188254022927,0.986974315492654,1.00317182573021
26.6,11,0.994149183607267,0.986931119437564,1.00325832378613
26.8,11,0.99412247207182,0.98686711686317,1.00331935656455
27,11,0.994108391380909,0.986824426859723,1.00341223567694
27.2,11,0.994107111009721,0.986749954955478,1.0035336423567
27.4,11,0.994118688460678,0.986678525454689,1.00367775157566
27.6,11,0.994143061480339,0.986652608021987,1.00380780043604
27.8,11,0.994180042101922,0.986512582147678,1.00392546157267
28,11,0.99422931261043,0.986495007221788,1.00420982685409
28.2,11,0.994290423497786,0.986549704760907,1.00446575153196
28.4,11,0.994362793444508,0.986610652363869,1.00465836010316
28.6,11,0.994445711332998,0.986662451922578,1.00485804971346
28.8,11,0.994538340265858,0.986723646276183,1.00506513848204
29,11,0.99463972353141,0.986635065175048,1.00538707913877
29.2,11,0.994748792428201,0.986669430845811,1.00553830497753
29.4,11,0.994864375831333,0.986770463203181,1.00574951407105
29.6,11,0.994985211356371,0.986828071707024,1.00597561609187
29.8,11,0.995109957951895,0.986956347513645,1.00619729136309
30,11,0.995237209729853,0.987088986017232,1.00640847415964
30.2,11,0.995365510824135,0.987119622331778,1.00660777036145
30.4,11,0.995493371052595,0.987219270909851,1.00679385728867
30.6,11,0.995619282146324,0.987313659771892,1.00696549890041
30.8,11,0.995741734302536,0.987303332079099,1.00716277201687
31,11,0.9958592328142,0.987375386143278,1.00736436259414
31.2,11,0.995970314530385,0.987508677100559,1.00751692508403
31.4,11,0.996073563906435,0.987573674758424,1.00765030423441
31.6,11,0.996167628412167,0.987586897792029,1.00776533086451
31.8,11,0.996251233079362,0.987674796541591,1.0078937026964
32,11,0.996323193986396,0.987635566114698,1.00796364052838
32.2,11,0.996382430497795,0.987558545615465,1.00805913587924
32.4,11,0.996427976099257,0.987539216619678,1.00825006850609
32.6,11,0.996458987693828,0.987632377282853,1.00843187718805
32.8,11,0.996474753252008,0.987518563959198,1.00853596295585
33,11,0.996474697736908,0.987504946796642,1.00855825957795
33.2,11,0.996458387254772,0.987470177153592,1.00852924625978
33.4,11,0.996425531410495,0.987405273221061,1.00845365570005
33.6,11,0.996375983876721,0.987356205044494,1.00836159906079
33.8,11,0.996309741213136,0.987147663861165,1.0083506980685
34,11,0.996226939999087,0.987120647783847,1.00831547747767
34.2,11,0.996127852367317,0.986942698959516,1.00828802493616
34.4,11,0.9960128800488,0.986938103224127,1.00812911466837
34.6,11,0.995882547058278,0.986898072078675,1.00793050734028
34.8,11,0.995737491166581,0.986691178489214,1.00772062264267
35,11,0.995578454319226,0.986520919533745,1.00752500595975
35.2,11,0.995406272170774,0.986181210177682,1.00730725491903
35.4,11,0.995221862911098,0.986017463256266,1.00701080301821
35.6,11,0.995026215562997,0.985804727720773,1.00685624014802
35.8,11,0.994820377930639,0.985552380839261,1.00687695693656
36,11,0.994605444375282,0.985256661499216,1.00678048921551
36.2,11,0.994382543588775,0.984906167832543,1.00661289066358
36.4,11,0.99415282652685,0.984508910341139,1.00635383800624
36.6,11,0.993917454653388,0.984236755991915,1.00602421725365
36.8,11,0.993677588634077,0.983951297263931,1.00562161832366
37,11,0.993434377603534,0.983774430324382,1.00511470760099
37.2,11,0.993188949114356,0.983411400316707,1.00462039359749
37.4,11,0.992942399860124,0.982971743785378,1.00421811488731
37.6,11,0.992695787247464,0.982598441225342,1.00393492066358
37.8,11,0.992450121875138,0.982186244387018,1.00371484357711
38,11,0.992206360961238,0.981788347070996,1.00355137937685
38.2,11,0.991965402743107,0.981362311880861,1.00362697306027
38.4,11,0.99172808185886,0.980980835794469,1.00371935493506
38.6,11,0.991495165704654,0.980529119140848,1.00371633762112
38.8,11,0.991267351748206,0.979971237506814,1.00361158456275
39,11,0.991045265766779,0.9795258676513,1.00345604401515
39.2,11,0.990829460966983,0.979134217541513,1.00332529917264
39.4,11,0.990620417934334,0.978746914728127,1.00351349214966
39.6,11,0.990418545352703,0.978448006573107,1.00331486951456
39.8,11,0.990224181427516,0.977952523730222,1.00327930425675
40,11,0.990037595941821,0.977468304393386,1.00333101370391
0,12,1.04424782651966,1.00671183414814,1.0930821934554
0.2,12,1.04415461592744,1.00665076411453,1.09287640992428
0.4,12,1.04405604522364,1.00663621005398,1.09265657310177
0.6,12,1.04395188692984,1.00678336379225,1.09242203262453
0.8,12,1.04384190388257,1.00677426451257,1.09217213116926
1,12,1.0437258484921,1.00668619912436,1.09200827225954
1.2,12,1.04360346200931,1.00671176310547,1.09185060719073
1.4,12,1.04347447381758,1.00669310795293,1.09149294960769
1.6,12,1.043338600769,1.00668000549555,1.0911180974467
1.8,12,1.04319554658521,1.00674837051265,1.09072065773835
2,12,1.04304500134474,1.00667470742492,1.09031287909777
2.2,12,1.04288664107916,1.00668386991233,1.08990041514922
2.4,12,1.04272012750148,1.00682391067315,1.08972501715086
2.6,12,1.04254510788979,1.00687713037459,1.08943302178049
2.8,12,1.04236121514935,1.00690789048782,1.08917504999873
3,12,1.04216806807539,1.00686324287634,1.08911635986022
3.2,12,1.04196527183794,1.0068079463177,1.08886751120551
3.4,12,1.04175241870801,1.0067410145338,1.08860835425946
3.6,12,1.04152908904284,1.00671593185976,1.08796014349341
3.8,12,1.04129485254505,1.00657999706311,1.08748864703628
4,12,1.04104926980754,1.0065328834881,1.0870871224185
4.2,12,1.04079189415284,1.00646678512815,1.08657868135932
4.4,12,1.04052227377156,1.0064944052345,1.08622222894374
4.6,12,1.04023995416058,1.00646409059206,1.08588631631926
4.8,12,1.03994448085743,1.00628322533943,1.08516191604087
5,12,1.03963540246253,1.00617642209207,1.08441704274485
5.2,12,1.03931227393641,1.00600252785387,1.08361926267873
5.4,12,1.0389746601543,1.00588293235695,1.08283984452279
5.6,12,1.03862213969581,1.00573069053169,1.08182358179594
5.8,12,1.03825430884286,1.00560035433408,1.08101047704835
6,12,1.03787078575467,1.0055941109916,1.08024988733934
6.2,12,1.03747121478455,1.00537763182127,1.07969424532689
6.4,12,1.03705527089954,1.00508489650608,1.07882878105502
6.6,12,1.03662266416085,1.0049063456494,1.07804704671059
6.8,12,1.03617314422,1.00481630885571,1.07727909926694
7,12,1.03570650478374,1.00476346637177,1.07626371947163
7.2,12,1.03522258799898,1.00455569841998,1.07535754738053
7.4,12,1.0347212887083,1.00432950399849,1.07439491219363
7.6,12,1.0342025585261,1.00406548813342,1.07330130388099
7.8,12,1.03366640968616,1.00379842367861,1.07221893483845
8,12,1.03311291861224,1.00345978679352,1.07110589858763
8.2,12,1.03254222916523,1.00345002679115,1.0699665339815
8.4,12,1.03195455552288,1.0032565697244,1.06885366826425
8.6,12,1.03135018465071,1.00306799572931,1.06774737491225
8.8,12,1.03072947832679,1.00286398913939,1.06652749051212
9,12,1.03009287468644,1.00267265732778,1.06550563758968
9.2,12,1.02944088925775,1.00240941578489,1.06423072795357
9.4,12,1.02877411546332,1.0021292140142,1.06299563703221
9.6,12,1.02809322456848,1.00193419177548,1.06172494351461
9.8,12,1.02739896506162,1.00166554375841,1.06032567391482
10,12,1.02669216145722,1.00145938319138,1.05890451279854
10.2,12,1.02597371251746,1.00121927129372,1.0575171337688
10.4,12,1.02524458889365,1.00089525413384,1.05624299021523
10.6,12,1.02450583019328,1.00054414733001,1.05511419586796
10.8,12,1.02375854148396,1.0002374107927,1.05364900728231
11,12,1.02300388924959,0.999945150700557,1.05224334723055
11.2,12,1.02224309681887,0.999822934070829,1.05091123970064
11.4,12,1.02147743929006,0.999653488157767,1.04967426866694
11.6,12,1.02070823797989,0.999553170437201,1.04818591795996
11.8,12,1.01993685442784,0.99925356506501,1.04686875274676
12,12,1.01916468399016,0.998908514548423,1.04554775066121
12.2,12,1.018393149061,0.998617184156941,1.04408270190072
12.4,12,1.01762369196039,0.998432189919794,1.04272296960791
12.6,12,1.01685776753135,0.998285981814962,1.04131272787539
12.8,12,1.01609683549037,0.998120942116891,1.03991714700364
13,12,1.01534235257746,0.998102971303369,1.03853325616433
13.2,12,1.01459576455385,0.997810199082974,1.0371760809803
13.4,12,1.0138584980968,0.997604977261206,1.03582744185895
13.6,12,1.01313195264277,0.997369205720593,1.03446037736686
13.8,12,1.01241749223148,0.997235853066719,1.0330544511319
14,12,1.01171643740482,0.997088232579812,1.03174028013452
14.2,12,1.01103005721587,0.996922061306805,1.03043565359333
14.4,12,1.01035956140437,0.996870243859882,1.02908740516406
14.6,12,1.00970609279648,0.996871454107517,1.02776602986739
14.8,12,1.00907071998711,0.996844058035248,1.02645769934555
15,12,1.00845443036457,0.996727864175378,1.02514172962536
15.2,12,1.0078581235373,0.996790824021142,1.02381381605033
15.4,12,1.00728260522335,0.996802764130497,1.02250071029004
15.6,12,1.00672858166297,0.996792020223189,1.02118899121189
15.8,12,1.00619665461427,0.996853272846576,1.01991076733621
16,12,1.00568731699133,0.996874406005596,1.01867026862002
16.2,12,1.00520094920231,0.996855280634717,1.01741493646
16.4,12,1.00473781624319,0.99692855828734,1.01616578924319
16.6,12,1.00429806559996,0.996944364231943,1.01499129741938
16.8,12,1.00388172600818,0.997001467351252,1.01389705413025
17,12,1.00348870711448,0.997138603230117,1.01272452301035
17.2,12,1.00311880007904,0.997276452794925,1.01166254901504
17.4,12,1.00277167915134,0.997405049439644,1.0106080612508
17.6,12,1.0024469042444,0.997563002332809,1.00959103414001
17.8,12,1.00214392452388,0.997664775852913,1.00864393678683
18,12,1.00186208301892,0.997843021841843,1.00770286412119
18.2,12,1.00160062225139,0.998038755885777,1.00676720276608
18.4,12,1.00135869086858,0.99822514176601,1.00588623525877
18.6,12,1.00113535125244,0.998429055335174,1.00503304962084
18.8,12,1.00092958806545,0.998635400659335,1.00422919712821
19,12,1.00074031768033,0.998857466598523,1.00343949151841
19.2,12,1.00056639842662,0.99907666250923,1.00268658242954
19.4,12,1.00040664157409,0.999309838673836,1.00197464507305
19.6,12,1.00025982295872,0.99953976820323,1.00128668793862
19.8,12,1.00012469514432,0.999768289990387,1.00062790981029
20,12,1,1,1
20.2,12,0.999884481562139,0.999401834782255,1.00023475150756
20.4,12,0.999776899039217,0.998831130872884,1.00046801916368
20.6,12,0.99967603980883,0.998286494926063,1.00071023808079
20.8,12,0.999580732249207,0.997767637808199,1.00094632281958
21,12,0.999489858242407,0.997257329866929,1.00118615937534
21.2,12,0.999402365183617,0.996790255542286,1.00140832587747
21.4,12,0.999317277330594,0.996341769774997,1.00162282179234
21.6,12,0.999233706329648,0.995897177169354,1.00185346038763
21.8,12,0.999150860759599,0.995454048723105,1.00209161612856
22,12,0.999068054543013,0.995062450127174,1.00233592048054
22.2,12,0.998984714084755,0.994683236780751,1.00257654631436
22.4,12,0.998900384011359,0.994335632558096,1.00275897098112
22.6,12,0.998814731400848,0.994007038423134,1.00297150385939
22.8,12,0.998727548411269,0.993676038852477,1.00317373955532
23,12,0.998638753237069,0.993371600181847,1.00339309299048
23.2,12,0.998548389345236,0.993080049579579,1.00359113912917
23.4,12,0.998456622967551,0.992796815262654,1.00379334308444
23.6,12,0.998363738850877,0.99252182000914,1.00402416562436
23.8,12,0.998270134293811,0.992287822348336,1.00420092271165
24,12,0.998176311524678,0.992069936842096,1.00432723487378
24.2,12,0.998082868502335,0.991838742985307,1.00447125372032
24.4,12,0.997990488247089,0.991616506267078,1.00459513726455
24.6,12,0.997899926833673,0.991422201917766,1.00470317650449
24.8,12,0.997812000201261,0.991200024221357,1.00484620274642
25,12,0.997727569956429,0.990992997167339,1.00496868489055
25.2,12,0.997647528363419,0.990824087098223,1.00522601400236
25.4,12,0.997572782731636,0.9906719984858,1.00532633880987
25.6,12,0.997504239422675,0.990577102715836,1.00542143109035
25.8,12,0.997442787708117,0.990469741357224,1.00548578881499
26,12,0.997389283714619,0.990306528972088,1.00563714752584
26.2,12,0.997344534694302,0.990138087608592,1.00581276081514
26.4,12,0.997309283856134,0.989996125971336,1.0058713289696
26.6,12,0.997284195987798,0.98989566471978,1.00597423424706
26.8,12,0.997269844087604,0.989763802212831,1.00606788898422
27,12,0.997266697212433,0.989710212879033,1.00613750105151
27.2,12,0.997275109730734,0.989648143731457,1.00623916605456
27.4,12,0.997295312149415,0.989639611061926,1.00638642976456
27.6,12,0.997327403660525,0.989662609950146,1.00660730492537
27.8,12,0.997371346528104,0.989651004898912,1.00685866300149
28,12,0.99742696240809,0.989602159883695,1.00707688898518
28.2,12,0.997493930664951,0.989513683199255,1.00729013573505
28.4,12,0.997571788718407,0.989527438687435,1.00754704571117
28.6,12,0.997659934422583,0.989605218196522,1.00778672915709
28.8,12,0.997757630448786,0.989582969006699,1.00795385234355
29,12,0.99786401061228,0.989590202199327,1.00821242806131
29.2,12,0.997978088053505,0.98959768120721,1.00845296752487
29.4,12,0.99809876515562,0.989557010481967,1.00865375083366
29.6,12,0.998224845053534,0.989518229137831,1.00884816024239
29.8,12,0.998355044565244,0.989573308071373,1.00904889916925
30,12,0.99848800835464,0.989635920347985,1.00927170250478
30.2,12,0.998622324116472,0.98976622640752,1.00942174828367
30.4,12,0.998756538559151,0.989837585550946,1.00962053562002
30.6,12,0.998889173949768,0.989741100798127,1.00976874964301
30.8,12,0.999018744978417,0.989678982135635,1.01003703434733
31,12,0.999143775695661,0.989724351186881,1.01032692345947
31.2,12,0.999262816277896,0.989846934179364,1.0103859305612
31.4,12,0.999374459380431,0.989923839159222,1.01043395989499
31.6,12,0.999477355847164,0.990007911166719,1.01047652101637
31.8,12,0.999570229558654,0.990121933067354,1.01059926030561
32,12,0.999651891216919,0.990199540642552,1.01076690691255
32.2,12,0.999721250885002,0.990312343588759,1.01086802192992
32.4,12,0.999777329122018,0.99037634049538,1.01093356010331
32.6,12,0.99981926657931,0.990328080496752,1.01085313419675
32.8,12,0.999846331950307,0.990353568591591,1.0109770240988
33,12,0.999857928194804,0.99044646786775,1.0111193598039
33.2,12,0.999853596987451,0.99039046510295,1.01111266891291
33.4,12,0.999833021369352,0.990281296462634,1.01106407818245
33.6,12,0.999796026610551,0.990342064294324,1.01099528290344
33.8,12,0.999742579319006,0.990283065483234,1.01088075001847
34,12,0.999672784858167,0.990142680382564,1.01078639367896
34.2,12,0.999586883159751,0.989949840849563,1.01083165411537
34.4,12,0.99948524304055,0.989765664301985,1.01098131421391
34.6,12,0.999368355151622,0.989593794121219,1.01126634374025
34.8,12,0.999236823704741,0.989407100796986,1.01127106642968
35,12,0.999091357134407,0.989208794836809,1.01136179315589
35.2,12,0.998932757863757,0.989198701868461,1.01131279773475
35.4,12,0.998761911349442,0.989044458558115,1.01125354887881
35.6,12,0.998579774583958,0.988805171987187,1.01107788362704
35.8,12,0.998387364234022,0.988393931849042,1.01093789364215
36,12,0.998185744590697,0.988086174635946,1.01078936427621
36.2,12,0.997976015501182,0.987761307791111,1.01056430374624
36.4,12,0.997759300443781,0.987475459810799,1.01043713265593
36.6,12,0.997536734896931,0.987205088021796,1.01034680593504
36.8,12,0.99730945514054,0.987023197864131,1.01017687492578
37,12,0.997078587613673,0.986772204141959,1.00991103721879
37.2,12,0.996845238937181,0.986457383409036,1.00937264516556
37.4,12,0.996610486693574,0.986261503996685,1.00905537000024
37.6,12,0.996375371039607,0.985842747964512,1.00899010420666
37.8,12,0.996140887210106,0.985639724660736,1.00891175427211
38,12,0.995907978954719,0.985325201882454,1.00879315555468
38.2,12,0.995677532932959,0.985074167892814,1.00870229080514
38.4,12,0.995450374077229,0.984846608888411,1.00860952174627
38.6,12,0.995227261918878,0.984538776062384,1.00853129382796
38.8,12,0.995008887858756,0.984048238053619,1.00847120250213
39,12,0.994795873351512,0.983559477447302,1.00831128660166
39.2,12,0.994588768961999,0.983225633872165,1.00819802950423
39.4,12,0.994388054242854,0.982866260306896,1.00802947720583
39.6,12,0.994194138374455,0.982472416817065,1.00789897193454
39.8,12,0.994007361502206,0.982179896580265,1.00777201171625
40,12,0.993827996701382,0.981778164598065,1.00791178223906
0,13,1.02660324551804,0.986010283686995,1.06717762348675
0.2,13,1.02654632738318,0.986040155221103,1.06688879851285
0.4,13,1.02648641296956,0.986114558106727,1.06657574435203
0.6,13,1.02642337412332,0.986269165612476,1.06637574237276
0.8,13,1.02635707349067,0.986428205923794,1.06641902320233
1,13,1.02628736357524,0.986564711873288,1.0661733996768
1.2,13,1.02621408580265,0.98651141037415,1.06591566181809
1.4,13,1.02613706961026,0.986601998175893,1.06565048463836
1.6,13,1.02605613158207,0.986647332212084,1.06522422129086
1.8,13,1.02597107464953,0.986808892510491,1.06481338315181
2,13,1.02588168738051,0.986842077792503,1.06454654332066
2.2,13,1.02578774337901,0.986820513515153,1.06439552598151
2.4,13,1.02568900081885,0.986852212570047,1.0642365810657
2.6,13,1.0255852021344,0.986886729335347,1.06406137802372
2.8,13,1.02547607389096,0.987131558755728,1.06385568909307
3,13,1.02536132685654,0.987115155278199,1.06347013306968
3.2,13,1.02524065629568,0.987382624872494,1.0630644052109
3.4,13,1.02511374250367,0.987749180253646,1.06280688708329
3.6,13,1.02498025159793,0.98813049049733,1.06245943809525
3.8,13,1.02483983658006,0.988416350803422,1.0622164514539
4,13,1.02469213867943,0.988468767586566,1.06173947313221
4.2,13,1.02453678898553,0.988606482547045,1.06105414689028
4.4,13,1.02437341037236,0.98878715339572,1.06072845548419
4.6,13,1.02420161971451,0.988730763981498,1.06043683393702
4.8,13,1.02402103038975,0.988694223196307,1.05997441363085
5,13,1.02383125505884,0.988833423780707,1.05957758085159
5.2,13,1.02363190870861,0.988971388808879,1.05900756196049
5.4,13,1.02342261193989,0.989130443901088,1.05854859900621
5.6,13,1.02320299447712,0.988967861484318,1.05806062003322
5.8,13,1.02297269887259,0.988843597305571,1.05747632855732
6,13,1.02273138437382,0.989089809533825,1.05687254167636
6.2,13,1.0224787309189,0.989184974943657,1.05645558577563
6.4,13,1.02221444322148,0.98933788099585,1.05605378926802
6.6,13,1.0219382549037,0.989256983043924,1.05539148508588
6.8,13,1.02164993263356,0.989178212339235,1.05483456095117
7,13,1.02134928022086,0.989029668402414,1.05427475090636
7.2,13,1.02103614262508,0.989142529160757,1.05357010941526
7.4,13,1.02071040982764,0.989286907314765,1.05306064701478
7.6,13,1.02037202052143,0.989188770733815,1.05232300165293
7.8,13,1.02002096557094,0.98913845595972,1.05157136396145
8,13,1.01965729119806,0.989159564858593,1.05117076370128
8.2,13,1.01928110185035,0.989243847615993,1.05036632840253
8.4,13,1.0188925627115,0.989055418739747,1.04964086868232
8.6,13,1.01849190181671,0.988997078693842,1.04894241496756
8.8,13,1.01807941173953,0.98894947509197,1.04833416037095
9,13,1.01765545082074,0.988771252845458,1.04763824609242
9.2,13,1.0172204439143,0.988579062894769,1.04688826510088
9.4,13,1.01677488263031,0.988569188891042,1.04615875082543
9.6,13,1.01631932505952,0.988264804075128,1.04542871363389
9.8,13,1.01585439496948,0.988086105305699,1.04469093219092
10,13,1.0153807804669,0.987915638703321,1.0439898000737
10.2,13,1.01489923212648,0.987901660688506,1.04325177180118
10.4,13,1.01441056059085,0.987944996175651,1.0424424852485
10.6,13,1.0139156336513,0.987903340709733,1.04178736777842
10.8,13,1.01341537282361,0.98788135676626,1.04106535583389
11,13,1.01291074943708,0.987698091828598,1.04013381857268
11.2,13,1.01240278025949,0.987527817299802,1.03920511883876
11.4,13,1.01189252268356,0.98736912305575,1.03830270032223
11.6,13,1.01138106950444,0.987250950140245,1.03731549662962
11.8,13,1.01086954332014,0.987186266069715,1.03622560247573
12,13,1.01035909058976,0.987158523949263,1.03519917005876
12.2,13,1.00985087538638,0.987181432889303,1.03413907403868
12.4,13,1.00934607288363,0.987228158094022,1.03305911240559
12.6,13,1.00884586261654,0.987314352336057,1.03208858234706
12.8,13,1.00835142155882,0.987377645056925,1.03103845570259
13,13,1.00786391705995,0.98743002003121,1.03001125709372
13.2,13,1.00738449968667,0.987630184685613,1.02893936304882
13.4,13,1.00691429601451,0.987894582806952,1.02782944464044
13.6,13,1.00645440141584,0.988038212018262,1.02671989740851
13.8,13,1.00600587289198,0.988161130795188,1.02561506563945
14,13,1.00556972199756,0.988271630183473,1.02456836973676
14.2,13,1.00514690790655,0.988411277398303,1.023538873892
14.4,13,1.00473833066966,0.988635812344554,1.02247522458016
14.6,13,1.00434482471421,0.988877005926044,1.02133872678819
14.8,13,1.00396715263769,0.989127536772521,1.02021591939295
15,13,1.0036059993474,0.989472340468467,1.01919119437963
15.2,13,1.00326196659874,0.989753815891524,1.01819241884344
15.4,13,1.00293556798507,0.990144096125648,1.01720404255374
15.6,13,1.00262722443223,0.990596922393078,1.01622762550019
15.8,13,1.00233726025037,0.990970726065275,1.01526467890642
16,13,1.00206589979508,0.991181049239998,1.01431481935099
16.2,13,1.00181326478858,0.991505933846308,1.01336551833298
16.4,13,1.00157937235005,0.991894979447994,1.01246108200787
16.6,13,1.00136413378139,0.992313190866198,1.01156017349323
16.8,13,1.00116735415177,0.992762368382905,1.01063893693344
17,13,1.00098873272015,0.993241139829615,1.00977506887677
17.2,13,1.00082786422995,0.99366597129815,1.00895777125187
17.4,13,1.00068424110417,0.994155121360343,1.00813360559667
17.6,13,1.00055725656244,0.994620478437791,1.00734913108268
17.8,13,1.00044620867356,0.995017777896608,1.00662971066585
18,13,1.0003503053483,0.995502633925533,1.00587320531607
18.2,13,1.0002686702675,0.996010094312972,1.00516517768098
18.4,13,1.00020034972971,0.996504697565095,1.00446896573133
18.6,13,1.0001443203914,0.996964994849276,1.00381367654257
18.8,13,1.00009949786057,0.997422516406289,1.00317582553226
19,13,1.00006474609192,0.997867435173644,1.00256402013209
19.2,13,1.00003888751897,0.998297935287094,1.00200656728832
19.4,13,1.00002071384536,0.998729621383479,1.00146314910692
19.6,13,1.00000899740443,0.99916568571465,1.00094048008764
19.8,13,1.00000250298389,0.999589235166104,1.00045935088599
20,13,1,1,1
20.2,13,1.00000027489476,0.999563899336836,1.00040399602752
20.4,13,1.00000214361953,0.999147589265197,1.00079282947916
20.6,13,1.00000446406005,0.998753565303116,1.00117260056848
20.8,13,1.00000614825076,0.998383995994595,1.00153860251662
21,13,1.00000617422195,0.998029138412775,1.00189565650563
21.2,13,1.00000359731995,0.997703661585139,1.00224246796955
21.4,13,0.999997560841102,0.997385778052558,1.00258950209271
21.6,13,0.999987305821724,0.997080018682383,1.00293797116659
21.8,13,0.999972179832072,0.996796842410962,1.00326424613778
22,13,0.999951644629444,0.99651300668665,1.00359159174194
22.2,13,0.999925282536398,0.996237288850442,1.00392288366109
22.4,13,0.999892801423108,0.995975017348319,1.00424121342273
22.6,13,0.999854038188737,0.995721360920268,1.00455150688028
22.8,13,0.999808960654873,0.995463018385663,1.00481246634968
23,13,0.999757667804499,0.995215836151577,1.00502961716124
23.2,13,0.999700388322259,0.9949637706938,1.00529689331279
23.4,13,0.999637477415622,0.994733345736461,1.00551716636408
23.6,13,0.999569411921583,0.994468284761465,1.00578422854518
23.8,13,0.999496783729297,0.994229397531083,1.00598122783906
24,13,0.999420291575097,0.994034657931594,1.00613932345883
24.2,13,0.999340731292222,0.993752267263186,1.00629186183118
24.4,13,0.999258984622791,0.99356086211635,1.00650940463094
24.6,13,0.999176006723632,0.993256830114004,1.00675684379511
24.8,13,0.999092812520036,0.992983388394226,1.00696228302804
25,13,0.999010462081926,0.992588501155427,1.00709795021191
25.2,13,0.998930045214925,0.992209926143382,1.00729823528286
25.4,13,0.998852665473944,0.991798893172122,1.00742511747868
25.6,13,0.998779423818958,0.991648209911052,1.00755762039689
25.8,13,0.998711402141323,0.991412876392462,1.00771801583287
26,13,0.998649646894047,0.991061400921046,1.00789141424541
26.2,13,0.998595153060832,0.990711583251567,1.00807761639048
26.4,13,0.998548848696355,0.990370118483194,1.00825714546871
26.6,13,0.998511580264102,0.990084068821938,1.0083895029361
26.8,13,0.998484098988304,0.989796368530205,1.00848873353065
27,13,0.998467048423164,0.989591056794387,1.00859044201707
27.2,13,0.998460953425882,0.989344508588719,1.00869564265172
27.4,13,0.998466210700222,0.989136657377645,1.00881218592104
27.6,13,0.998483081054806,0.988809117393808,1.00902210092748
27.8,13,0.998511683495359,0.988542410013124,1.00921490455172
28,13,0.998551991243117,0.988395225006903,1.00934899770584
28.2,13,0.998603829743027,0.98812908401878,1.00961714415912
28.4,13,0.998666876695625,0.98796604821029,1.00976132141969
28.6,13,0.9987406641161,0.98783533483292,1.00983864717333
28.8,13,0.998824582393488,0.987744633936338,1.0098377433962
29,13,0.998917886292746,0.987531127336856,1.00995558516943
29.2,13,0.999019702813057,0.987478547195934,1.01022344322655
29.4,13,0.999129040787695,0.987397984574894,1.01044768824934
29.6,13,0.999244802084525,0.987331893569476,1.01063737138945
29.8,13,0.999365794242212,0.987391184767251,1.01081935867251
30,13,0.999490744355922,0.987536863048432,1.01102918465511
30.2,13,0.999618314007985,0.987639317878193,1.01120074094355
30.4,13,0.999747115024085,0.987752430239363,1.01145753624983
30.6,13,0.999875725824272,0.987750319641395,1.01163982326655
30.8,13,1.00000270813064,0.987814480990209,1.01187088723988
31,13,1.00012662379006,0.987904664446317,1.01203196319317
31.2,13,1.00024605147089,0.988078187778092,1.01218417741754
31.4,13,1.00035960299726,0.988198613851014,1.01222003920345
31.6,13,1.0004659390929,0.988282527431517,1.01230609036959
31.8,13,1.00056378431899,0.988183210408254,1.0123092126913
32,13,1.00065194100595,0.988248833452138,1.01234404536838
32.2,13,1.00072930199844,0.988409270925533,1.01248887244993
32.4,13,1.00079486205423,0.988595155584526,1.0125449119268
32.6,13,1.00084772776212,0.988759140170833,1.01254219019168
32.8,13,1.00088712586966,0.988805204584687,1.01262617999161
33,13,1.0009124099392,0.988661199835321,1.01283164826959
33.2,13,1.0009230652786,0.988904276488779,1.01293892386109
33.4,13,1.00091871212156,0.989113452491977,1.01296728631098
33.6,13,1.00089910706057,0.989222487473716,1.0128300726661
33.8,13,1.00086414276254,0.989299169295242,1.01264827186875
34,13,1.00081384602352,0.989303722981849,1.01252065262785
34.2,13,1.00074837424245,0.98932851824092,1.01240144526453
34.4,13,1.00066801041632,0.989240142702508,1.01233488964265
34.6,13,1.00057315677792,0.989048568089817,1.01223965457008
34.8,13,1.00046432721437,0.988963792160857,1.01215192599311
35,13,1.00034213861749,0.988752562818719,1.01214168673078
35.2,13,1.00020730132773,0.988472766151941,1.01203677721567
35.4,13,1.00006060884012,0.988850324223853,1.01198239621829
35.6,13,0.999902926944588,0.988885985743987,1.01205309646821
35.8,13,0.99973518247343,0.988842790289862,1.01239175139066
36,13,0.999558351826519,0.98860260025952,1.01247744295444
36.2,13,0.999373449439507,0.988342579361917,1.01220416729416
36.4,13,0.999181516352577,0.988005655486281,1.01218041225708
36.6,13,0.998983609027313,0.98772115337076,1.0120349373347
36.8,13,0.998780788547349,0.987490514243147,1.01184182821875
37,13,0.998574110324917,0.987461920005681,1.01182532690189
37.2,13,0.998364614420698,0.98711417486577,1.01168885054817
37.4,13,0.998153316568731,0.98679659269817,1.01170740062983
37.6,13,0.997941199981999,0.986702076303408,1.01162924805386
37.8,13,0.997729207997923,0.986352792871149,1.0116199878153
38,13,0.997518237606788,0.986002497295563,1.01151381112761
38.2,13,0.997309133890253,0.985687593655328,1.01135060767535
38.4,13,0.997102685381959,0.985159635273247,1.01135483427527
38.6,13,0.996899620347928,0.98461458106987,1.01149868075601
38.8,13,0.996700603971267,0.983989703236072,1.0115228314609
39,13,0.996506236413704,0.983470590928864,1.01167972436883
39.2,13,0.996317051715853,0.983134926092354,1.01191333514767
39.4,13,0.996133517488916,0.982792951823411,1.01210055404659
39.6,13,0.995956035342807,0.982464671211013,1.01205856618674
39.8,13,0.99578494198945,0.982189585964855,1.01216624511663
40,13,0.995620510955264,0.981946110596346,1.01229222106604
0,14,0.991172610105253,0.945643002391042,1.02974530564983
0.2,14,0.991154507633255,0.945977887471956,1.02958129270287
0.4,14,0.991136796685205,0.946361748060556,1.02944571142355
0.6,14,0.99111959616918,0.946397460431318,1.0290920583097
0.8,14,0.991103028598082,0.946556035081888,1.02882861928959
1,14,0.991087219212483,0.946724338023556,1.02860550293026
1.2,14,0.991072295029235,0.946895902397217,1.02834789807092
1.4,14,0.991058383824935,0.947228773355248,1.02824912811526
1.6,14,0.991045613064902,0.947538469339604,1.0279956611723
1.8,14,0.991034108789773,0.947716679837928,1.02754916412864
2,14,0.991023994473124,0.947974343571422,1.02720688402691
2.2,14,0.991015389864718,0.948187611191359,1.02698726221472
2.4,14,0.991008409834936,0.948395697774457,1.02670663024757
2.6,14,0.991003163236711,0.948823038009358,1.0264032260998
2.8,14,0.990999751801796,0.948682417614501,1.02611742893858
3,14,0.990998269088497,0.9487883207056,1.02596604136598
3.2,14,0.990998799497929,0.949145187015919,1.0252904774141
3.4,14,0.991001417375613,0.94936535224051,1.02474853591452
3.6,14,0.991006186214629,0.949671373387084,1.02439535717171
3.8,14,0.991013157975657,0.949988854773275,1.02401493580487
4,14,0.991022372538112,0.950330822384736,1.0236303356365
4.2,14,0.991033857295162,0.950529227020018,1.02325839384872
4.4,14,0.991047626903726,0.950773836529663,1.02304322054258
4.6,14,0.991063683198704,0.951031556115584,1.02290277080956
4.8,14,0.991082015278563,0.951370827835197,1.02260388546509
5,14,0.991102599767194,0.951742363575685,1.02240303815909
5.2,14,0.991125401254546,0.952075876278867,1.02219171313607
5.4,14,0.991150372916105,0.952425930191737,1.02197213384921
5.6,14,0.991177457308759,0.95280294347626,1.02177074436849
5.8,14,0.99120658733808,0.953050564440717,1.02163073992527
6,14,0.991237687389584,0.953187204508009,1.02148384429222
6.2,14,0.991270674614092,0.953304369452708,1.02110281180182
6.4,14,0.99130546035507,0.953540011231426,1.02088839885912
6.6,14,0.991341951703651,0.953996135764433,1.02085589640984
6.8,14,0.991380053165104,0.954350295772401,1.0203778771804
7,14,0.991419668418753,0.95460808939772,1.01989119178691
7.2,14,0.991460702151849,0.954927562332376,1.01955665645445
7.4,14,0.991503061946612,0.955253534171782,1.01912599062426
7.6,14,0.991546660198664,0.955857761748674,1.01889679609127
7.8,14,0.99159141604434,0.956454605640885,1.01876395554242
8,14,0.991637257273858,0.956931171062246,1.01847489447933
8.2,14,0.991684122207157,0.957028692132014,1.01816943901344
8.4,14,0.991731961509216,0.957413286991682,1.01795332157064
8.6,14,0.991780739921963,0.957979162370251,1.01765199474154
8.8,14,0.991830437890363,0.958427363053543,1.01745044325885
9,14,0.991881053060976,0.958988580890607,1.01718306526979
9.2,14,0.991932601632159,0.959484831895971,1.01683746730194
9.4,14,0.991985119536101,0.959528068928773,1.01657832911901
9.6,14,0.992038663434038,0.959968015667664,1.01614044678592
9.8,14,0.992093311507311,0.960312744665339,1.01586262460287
10,14,0.992149164028244,0.960747160070919,1.01559995124945
10.2,14,0.992206343696321,0.961122551124524,1.01528810704057
10.4,14,0.992264995726633,0.96136318996545,1.01499985375175
10.6,14,0.992325287679146,0.961588228751547,1.01462100250141
10.8,14,0.992387409018974,0.96202408411268,1.01419304063892
11,14,0.99245157039954,0.962228221396369,1.01389107966606
11.2,14,0.992518002662234,0.962492232552284,1.01367664886969
11.4,14,0.992586955548026,0.962941748907359,1.01335907257681
11.6,14,0.992658696118367,0.963535816082039,1.01318308517048
11.8,14,0.992733506884733,0.964121583423393,1.01296491188967
12,14,0.992811683648276,0.964749736123472,1.01270872304345
12.2,14,0.992893533053298,0.965414449869777,1.01233632448091
12.4,14,0.992979369860671,0.966061018146557,1.01202295230767
12.6,14,0.993069513949895,0.966596644326982,1.01166089822042
12.8,14,0.993164287061232,0.967090917560021,1.01127236865557
13,14,0.993264009292321,0.967964357003768,1.01085782443399
13.2,14,0.993368995366768,0.968591597146962,1.01037091607864
13.4,14,0.993479550695584,0.969108830974821,1.01000791705668
13.6,14,0.993595967255783,0.969924322224686,1.00966142115417
13.8,14,0.993718519314171,0.970847278698404,1.00915206544561
14,14,0.993847459028073,0.971839055710598,1.00881575644604
14.2,14,0.993983011958671,0.972835224067021,1.00836867257034
14.4,14,0.994125372536493,0.973689463964613,1.00800479267459
14.6,14,0.994274699522473,0.974368583863435,1.00768351891131
14.8,14,0.994431111511809,0.975087756032645,1.00741294397606
15,14,0.994594682531422,0.975908100409382,1.00710913261262
15.2,14,0.994765437785194,0.976800159295215,1.00677409716035
15.4,14,0.994943349604135,0.977631200153073,1.00642638309481
15.6,14,0.995128333661176,0.978536204424942,1.00603315942554
15.8,14,0.995320245512269,0.979296773351933,1.00564960588819
16,14,0.995518877526778,0.980237058855771,1.00529135864062
16.2,14,0.995723956270736,0.981111553592626,1.00491983437485
16.4,14,0.995935140406197,0.982155727035999,1.00461190495878
16.6,14,0.996152019168712,0.983266662379862,1.00430356879728
16.8,14,0.996374111482615,0.984296301261375,1.00399040309853
17,14,0.996600865770452,0.985381583837954,1.00368354845855
17.2,14,0.996831660508318,0.986351735839295,1.00338437941175
17.4,14,0.997065805573099,0.98727608505641,1.00312203091572
17.6,14,0.997302544420687,0.988227986161285,1.00281559670344
17.8,14,0.997541057125999,0.989286341039538,1.00252930597346
18,14,0.997780464306334,0.990283567642759,1.00226632197185
18.2,14,0.998019831939074,0.991316348001906,1.00200779753321
18.4,14,0.998258177073233,0.992307493114476,1.00175365042818
18.6,14,0.998494474421923,0.993319672217718,1.00149490434458
18.8,14,0.998727663809569,0.994305848030013,1.00127057813452
19,14,0.998956658433889,0.995286441844285,1.00102512776505
19.2,14,0.999180353888407,0.996254158099858,1.00079367828006
19.4,14,0.999397637876879,0.997210921121514,1.00059780897249
19.6,14,0.99960740053662,0.99815082616993,1.00039153811209
19.8,14,0.999808545273756,0.999083807729982,1.00019673431406
20,14,1,1,1
20.2,14,1.00018072864808,0.999804210028477,1.00089189531142
20.4,14,1.00034974283165,0.999614304707916,1.00175707794625
20.6,14,1.0005061135058,0.999429432071787,1.00261373313893
20.8,14,1.00064898247617,0.999228781065499,1.00343050333487
21,14,1.00077757359882,0.999038206491352,1.00422013048892
21.2,14,1.00089120350924,0.998851398480469,1.00499015822543
21.4,14,1.00098929171782,0.998648570543097,1.0057117297085
21.6,14,1.00107136991038,0.998406176524668,1.00639834765894
21.8,14,1.00113709029675,0.998196943346371,1.00709096666982
22,14,1.00118623285729,0.997902888743794,1.00774581624252
22.2,14,1.0012187113474,0.997624069472183,1.0083391967653
22.4,14,1.00123457793239,0.997311329128671,1.00889846519305
22.6,14,1.0012340263409,0.996899213427807,1.00941964930212
22.8,14,1.00121739344249,0.996504191924562,1.00992951327983
23,14,1.00118515917555,0.996082535436475,1.01039945527016
23.2,14,1.00113794477363,0.995498986545017,1.01083685748775
23.4,14,1.00107650926204,0.994878836551021,1.01122844730389
23.6,14,1.00100174422158,0.994379335373576,1.01156142960416
23.8,14,1.00091466684226,0.993802996412565,1.01185665708402
24,14,1.00081641131576,0.993153035414255,1.01212768722129
24.2,14,1.00070821864162,0.992515645499094,1.01235234424421
24.4,14,1.00059142494771,0.991673606647358,1.01267196229454
24.6,14,1.00046744844967,0.990946410802047,1.01283210590212
24.8,14,1.00033777519711,0.990184105749733,1.0129331729005
25,14,1.0002039437751,0.989445213455162,1.01303799070502
25.2,14,1.00006752914818,0.988662564546521,1.01311006120662
25.4,14,0.999930125849597,0.98786295250057,1.01317560413649
25.6,14,0.999793330731498,0.986991281256901,1.01329149733036
25.8,14,0.999658725501127,0.986174038179307,1.01346108950572
26,14,0.999527859273942,0.985377661607094,1.01362049632792
26.2,14,0.999402231377038,0.984517671791579,1.0135802469836
26.4,14,0.999283274634829,0.98365199791159,1.01359135609336
26.6,14,0.999172339363978,0.982802891581405,1.01375768488801
26.8,14,0.999070678295942,0.981917073408871,1.01394897842593
27,14,0.99897943263347,0.981131187018088,1.01416442249915
27.2,14,0.998899619432042,0.980425400625712,1.01431512687797
27.4,14,0.998832120478926,0.979759010149407,1.01436714573819
27.6,14,0.998777672821437,0.979133524344449,1.01449367719644
27.8,14,0.998736861072575,0.978517758556296,1.01456203730995
28,14,0.998710111596724,0.977950706569651,1.01463579874733
28.2,14,0.998697688651085,0.97734098376551,1.01467350860655
28.4,14,0.998699692530262,0.976696640475651,1.0147427218209
28.6,14,0.998716059732502,0.976004983025976,1.01478100825145
28.8,14,0.998746565136896,0.975327004738255,1.01475338368342
29,14,0.998790826151836,0.97477861350325,1.0147385029172
29.2,14,0.998848308766721,0.974254490294479,1.01479970618884
29.4,14,0.998918335411694,0.973771587947543,1.01495257402586
29.6,14,0.999000094504557,0.973331671239827,1.01510000004394
29.8,14,0.999092651540327,0.972915263935012,1.01523098103392
30,14,0.99919496155759,0.972699103659301,1.01541193184525
30.2,14,0.999305882797214,0.972879868671801,1.01566303267633
30.4,14,0.99942419135335,0.973223618903108,1.01584754235846
30.6,14,0.999548596604355,0.973166336726357,1.01597138320588
30.8,14,0.999677757202372,0.973282011369103,1.01610476586475
31,14,0.999810297395064,0.973386047071366,1.0163235167324
31.2,14,0.999944823451398,0.973468932142932,1.01642130823579
31.4,14,1.00007993996552,0.973576938778403,1.01662599498128
31.6,14,1.0002142658185,0.973644447134753,1.01672420702522
31.8,14,1.00034644958695,0.973543609315605,1.01688022613782
32,14,1.00047518420019,0.973347788291756,1.01716828352378
32.2,14,1.00059922066307,0.973775545300722,1.01733616421043
32.4,14,1.00071738068022,0.974113410585167,1.01751427276357
32.6,14,1.00082856803779,0.974294530961464,1.01786096150499
32.8,14,1.00093177862185,0.97449699291919,1.01834118130965
33,14,1.00102610897644,0.974718664434306,1.01885695321508
33.2,14,1.00111076332956,0.975228397481008,1.01909805121665
33.4,14,1.00118505904116,0.975882926445381,1.01942842691759
33.6,14,1.0012484304526,0.976581494857115,1.01973909781845
33.8,14,1.0013004311427,0.977221588819151,1.01984814315653
34,14,1.00134073461959,0.97766704078268,1.01982364614516
34.2,14,1.0013691335004,0.978455460555555,1.02009772700542
34.4,14,1.00138553725252,0.978895036466956,1.02039892137559
34.6,14,1.00138996858877,0.979224582530474,1.02039920389202
34.8,14,1.00138255862594,0.979660531253647,1.0207956625788
35,14,1.00136354093006,0.979772144674976,1.02123489882841
35.2,14,1.00133324458349,0.980218416023923,1.02173031723337
35.4,14,1.00129208641696,0.980610957076816,1.02168430467955
35.6,14,1.00124056255592,0.981396708198368,1.02185182950007
35.8,14,1.00117923943286,0.982184186468594,1.02217114109376
36,14,1.00110874441782,0.982680993733066,1.02283986627936
36.2,14,1.00102975621621,0.983124614660307,1.02276343753328
36.4,14,1.0009429951787,0.982973897792271,1.02261631787627
36.6,14,1.00084921366031,0.983443314013229,1.02244731054331
36.8,14,1.00074918655719,0.983893187091665,1.02291488946362
37,14,1.00064370213864,0.984296338956223,1.02289975802287
37.2,14,1.00053355328014,0.983929141736133,1.02297446069109
37.4,14,1.00041952919013,0.983946147745542,1.02324409058318
37.6,14,1.00030240770958,0.983540995281274,1.02342169334809
37.8,14,1.00018294824943,0.983317030284101,1.02391040616805
38,14,1.00006188541682,0.982985243972201,1.02427543815398
38.2,14,0.999939923366921,0.982530161752866,1.02416242123714
38.4,14,0.999817730903792,0.982526583772077,1.02414830603043
38.6,14,0.999695937340657,0.982491560590434,1.02410633312642
38.8,14,0.999575129117879,0.982145076564114,1.0240015342971
39,14,0.999455847165778,0.981930989197002,1.0239558291125
39.2,14,0.999338584989414,0.981957062875113,1.02382243094574
39.4,14,0.999223787443563,0.981671275354526,1.02394752621884
39.6,14,0.999111850158524,0.981489981341992,1.0239614085714
39.8,14,0.999003119571082,0.981122150195503,1.02429344564586
40,14,0.998897893509864,0.980563057530615,1.02424852992279
