"value","lag","rr","lo","hi"
0,0,1.07459811723259,1.05290594686434,1.10460515255842
0.2,0,1.07437829427707,1.05282019079318,1.10415914845541
0.4,0,1.07414290198666,1.05268428756027,1.10368986435874
0.6,0,1.07389125125672,1.05256466224212,1.103100420255
0.8,0,1.07362265961802,1.05245866245959,1.10257409024913
1,0,1.07333645487933,1.05229790774325,1.10201811988389
1.2,0,1.07303197889432,1.05217813407273,1.1014317865022
1.4,0,1.07270859142185,1.05197385446162,1.10081442556961
1.6,0,1.07236567404533,1.05172141153612,1.10016543641698
1.8,0,1.07200263411275,1.05158930749044,1.09948565558607
2,0,1.071618908656,1.05137888336074,1.09899701278386
2.2,0,1.07121396824458,1.05100101115559,1.09856819142754
2.4,0,1.07078732072617,1.05064151339093,1.09811282012669
2.6,0,1.07033851480411,1.0503517354834,1.09764497609974
2.8,0,1.06986714339984,1.05009410585216,1.09692891784235
3,0,1.06937284674694,1.04987479324118,1.09599883369936
3.2,0,1.06885531516278,1.04966631977648,1.09508520611282
3.4,0,1.06831429144372,1.04940295200198,1.09413435105544
3.6,0,1.06774957283051,1.04910860369668,1.09325146088466
3.8,0,1.06716101249244,1.04870414127423,1.0922743226979
4,0,1.06654852048086,1.04835619743328,1.09133980147334
4.2,0,1.06591206410701,1.04790857376711,1.09036270744732
4.4,0,1.06525166770299,1.04756101186844,1.08934297382698
4.6,0,1.064567411731,1.04703057804656,1.08830737867938
4.8,0,1.06385943121276,1.04639699828413,1.08731434707361
5,0,1.06312791345886,1.04575752237196,1.08624371375479
5.2,0,1.06237309508757,1.04516719997641,1.08515897904725
5.4,0,1.06159525833269,1.0446095418544,1.08403823975467
5.6,0,1.06079472665201,1.04400981163101,1.08298635619713
5.8,0,1.0599718596607,1.04329192431647,1.08180661840155
6,0,1.05912704742782,1.04261546144357,1.08086124361977
6.2,0,1.05826070418928,1.0418745638359,1.07971504897663
6.4,0,1.05737326154625,1.0410442228928,1.07864473475447
6.6,0,1.05646516123462,1.04024542448976,1.07760026369599
6.8,0,1.05553684756853,1.03963124369823,1.07655198619334
7,0,1.05458875967811,1.03882127565701,1.07547630003424
7.2,0,1.0536213236796,1.03794776927326,1.07428196261881
7.4,0,1.0526349449331,1.03723637216144,1.07287188344165
7.6,0,1.05163000056025,1.0363722927825,1.07154571995966
7.8,0,1.05060683240992,1.03549733477916,1.0704648697099
8,0,1.04956574067447,1.034550653374,1.06912298285132
8.2,0,1.04850697837175,1.03359288935155,1.06760460942354
8.4,0,1.04743074691809,1.0326295943142,1.06636676552439
8.6,0,1.04633719302463,1.03166487548754,1.06495298525326
8.8,0,1.04522640715279,1.03076595222186,1.06347254312093
9,0,1.04409842376386,1.02987074142013,1.061989246588
9.2,0,1.04295322359193,1.02886544598413,1.06068405961687
9.4,0,1.041790738158,1.02781738998587,1.05933669471348
9.6,0,1.0406108567255,1.02672063261779,1.05800137733934
9.8,0,1.03941343587328,1.02569787412469,1.05659268105075
10,0,1.03819831183028,1.02455486231385,1.05513784659562
10.2,0,1.03696531567686,1.02335336551237,1.05363087612109
10.4,0,1.03571429147037,1.02220535159779,1.0521421087754
10.6,0,1.03444511729738,1.02109922915879,1.0507965875116
10.8,0,1.0331577291912,1.01989354379731,1.04918178985546
11,0,1.03185214778281,1.01868477394815,1.04750274632505
11.2,0,1.03052850747492,1.01740699352972,1.04589763660504
11.4,0,1.02918708784484,1.01610150918277,1.04433755100928
11.6,0,1.02782834689282,1.01495954986999,1.04254430237829
11.8,0,1.02645295565979,1.01377962431152,1.04088307421282
12,0,1.0250618336446,1.01244996664492,1.03933683990956
12.2,0,1.02365618435734,1.0110703302364,1.03768448801033
12.4,0,1.02223753025507,1.00976507615194,1.0360633430469
12.6,0,1.02080774622165,1.00846524601882,1.03435257331016
12.8,0,1.01936909067769,1.00708885362134,1.03261940720237
13,0,1.01792423334225,1.00573785472161,1.03096912708354
13.2,0,1.01647627861878,1.00443670826881,1.02917686008233
13.4,0,1.0150287835455,1.00323080612748,1.02750788329223
13.6,0,1.01358576923954,1.00191478517307,1.0258516121089
13.8,0,1.01215172477544,1.00070371694082,1.02431630064307
14,0,1.01073160247546,0.999592391392336,1.02273386831074
14.2,0,1.00933080365235,0.998502297062535,1.02103100768971
14.4,0,1.00795515393696,0.99746241832317,1.01920053220383
14.6,0,1.00661086744259,0.996282945530013,1.01759406402848
14.8,0,1.00530449916658,0.995178591600386,1.01593471876995
15,0,1.00404288520531,0.994236385703064,1.01443896551136
15.2,0,1.00283307056202,0.993335610054065,1.01290139334341
15.4,0,1.00168222455392,0.99241883980655,1.01135889449833
15.6,0,1.0005975440756,0.991662001168531,1.00987016615738
15.8,0,0.999586145245992,0.990980034776535,1.00851425413191
16,0,0.998654944253956,0.990295767663588,1.00731672657607
16.2,0,0.997810528519666,0.98987169060796,1.00611573572702
16.4,0,0.99705901960219,0.989541201081003,1.00499076102555
16.6,0,0.996405929604713,0.98925098850626,1.00406986563084
16.8,0,0.995856013154147,0.989022133279055,1.00316832043485
17,0,0.995413117357248,0.988712949092986,1.00227764619548
17.2,0,0.995080032456684,0.988663646592306,1.00151688942201
17.4,0,0.994858346221999,0.98887239111213,1.00095919412049
17.6,0,0.994748305406128,0.989250371024635,1.0003344503655
17.8,0,0.994748687869859,0.989654909439592,0.999932705008768
18,0,0.994856689215084,0.990197301101484,0.999640391259084
18.2,0,0.995067827961138,0.990798127447618,0.999372865552023
18.4,0,0.995375873433244,0.991520363469312,0.999140876220821
18.6,0,0.995772800592234,0.992350147711423,0.999058503581644
18.8,0,0.996248776002422,0.993309156452274,0.999063551690187
19,0,0.996792178990362,0.994313178560708,0.999116952072138
19.2,0,0.997389661771417,0.99540138764687,0.999237488556561
19.4,0,0.998026251894082,0.996524439422587,0.99938991852699
19.6,0,0.998685499756613,0.997672106147959,0.999590560630688
19.8,0,0.99934967317316,0.99883801010703,0.999789538437569
20,0,1,1,1
20.2,0,1.00061695867733,1.00017913303993,1.00113219626781
20.4,0,1.00118061520947,1.00028993147263,1.00219367738185
20.6,0,1.00167100361982,1.00034057484961,1.00316668181828
20.8,0,1.00206854531264,1.00029530739978,1.00405677670419
21,0,1.00235450110333,1.00015149704043,1.00485822307147
21.2,0,1.00251144800582,0.999934439985012,1.00547590710596
21.4,0,1.00252377126571,0.999485195957433,1.00590246959027
21.6,0,1.00237816068588,0.998906831204091,1.00626404193117
21.8,0,1.00206409909429,0.998214550370796,1.00642762833092
22,0,1.00157432993922,0.997306958707787,1.00635851559176
22.2,0,1.00090529054202,0.996222984803217,1.00608665711882
22.4,0,1.00005749755548,0.994940948050534,1.0056373759606
22.6,0,0.999035871706793,0.993526718187985,1.00498845702325
22.8,0,0.997849989962845,0.991861741190364,1.00419115941974
23,0,0.996514254821875,0.990085744222188,1.00318437545674
23.2,0,0.995047972460496,0.988205611414653,1.00210300944961
23.4,0,0.993475333862597,0.986184062474298,1.00093704434474
23.6,0,0.991825295716409,0.984221925385462,0.99964466480534
23.8,0,0.990131360653064,0.982253106992457,0.998222175174282
24,0,0.988431259168481,0.980232720545963,0.99678022876367
24.2,0,0.986766538171458,0.97820372727886,0.9954495715644
24.4,0,0.985182063395761,0.976346738741532,0.994127371220604
24.6,0,0.98372544478436,0.974519273150641,0.993074267588833
24.8,0,0.982446395311659,0.972898444334824,0.991933663696785
25,0,0.981396034504404,0.971570590564892,0.990914683432693
25.2,0,0.980626148146151,0.970582189395953,0.990430327184794
25.4,0,0.980188415338727,0.969862410907353,0.99034940441733
25.6,0,0.980133613324284,0.969607631056245,0.990535821028391
25.8,0,0.980510809355278,0.969784171236382,0.991126696848733
26,0,0.981366547578087,0.970387411322542,0.991969913034223
26.2,0,0.982744037527935,0.971514202718637,0.993625595627068
26.4,0,0.984682349585207,0.973345522734689,0.995718964352668
26.6,0,0.987215621779696,0.975681213880506,0.998610816398239
26.8,0,0.990372281798903,0.978682843929474,1.00196940916119
27,0,0.994174288084405,0.982352279464436,1.00603576254283
27.2,0,0.998636394576758,0.986589609675557,1.01067361787851
27.4,0,1.0037654450434,0.991474563223351,1.01604730407199
27.6,0,1.00955970499364,0.997174448056183,1.02199417153265
27.8,0,1.01600824189253,1.00350677292729,1.02866965092662
28,0,1.02309036761206,1.0102178875937,1.03592306650819
28.2,0,1.03077516062111,1.01776514284322,1.04382972811201
28.4,0,1.03902108906663,1.02578856101773,1.0523268679287
28.6,0,1.04777575932995,1.03449179062439,1.06113199415084
28.8,0,1.05697581749303,1.04362131361348,1.07077110263133
29,0,1.0665470330217,1.05285505295926,1.08068973099324
29.2,0,1.07640459445432,1.06227382560293,1.09098969744331
29.4,0,1.08645364557657,1.07190078900234,1.1014860699879
29.6,0,1.09659008712101,1.0817763727063,1.11193557058813
29.8,0,1.10670166320404,1.09149688190159,1.1222129691418
30,0,1.11666934339156,1.10124694752637,1.13251520556123
30.2,0,1.12636900054073,1.11061318043668,1.14256396094316
30.4,0,1.13567337168666,1.11934594391806,1.15215104741578
30.6,0,1.1444542747522,1.12771595752997,1.16143149692714
30.8,0,1.152585038512,1.13548905896869,1.17001309944544
31,0,1.15994308799963,1.1425550539379,1.1777497857271
31.2,0,1.16641261351442,1.14891021357729,1.18467936307324
31.4,0,1.17188723973767,1.15414587455467,1.19050296334602
31.6,0,1.17627260333379,1.1582906136128,1.19523684926176
31.8,0,1.17948874376794,1.16116772984238,1.19842923528199
32,0,1.18147221361691,1.16268261389666,1.20061431298745
32.2,0,1.18217782171733,1.16286961738576,1.20183533505815
32.4,0,1.18157993497844,1.16202287014753,1.20122050013697
32.6,0,1.1796732820182,1.15985377609201,1.19980286225181
32.8,0,1.17647322296036,1.15687653553584,1.19671893874575
33,0,1.17201547339652,1.15235783283689,1.1927174772778
33.2,0,1.16635529507192,1.14650850018649,1.18728893854587
33.4,0,1.15956618960997,1.13973932855279,1.18056902213219
33.6,0,1.15173815293046,1.13193676608905,1.17261176628988
33.8,0,1.14297556554778,1.12320282705835,1.16383645538044
34,0,1.13339480661122,1.11391126213451,1.15410849982915
34.2,0,1.12312168675632,1.10406769668945,1.14375327699599
34.4,0,1.11228879642422,1.09356170898789,1.13309915039478
34.6,0,1.10103286257074,1.08235481682531,1.12212349531044
34.8,0,1.08949219831177,1.07095019135281,1.11077211172725
35,0,1.07780431800418,1.05968347358129,1.09923519080407
35.2,0,1.06610377568569,1.04839302683247,1.08769543148886
35.4,0,1.05452026889056,1.03677189797144,1.07632602630801
35.6,0,1.04317703376313,1.02556976104542,1.06513057382867
35.8,0,1.0321895421108,1.01490334297776,1.05441565300317
36,0,1.0216644973704,1.00415146798633,1.04420746928931
36.2,0,1.01169911497244,0.993999478011203,1.03487137681333
36.4,0,1.00238066360176,0.984159316414486,1.02564643019221
36.6,0,0.993786237476057,0.975432392299672,1.01727835243975
36.8,0,0.985982725911981,0.967889873072649,1.00950365743351
37,0,0.979026944895781,0.960604669664141,1.00252251863136
37.2,0,0.972965895796062,0.954503693598899,0.996525202414782
37.4,0,0.967837118369647,0.949019069963846,0.991377632763155
37.6,0,0.963669108421654,0.945034989425134,0.987131702998288
37.8,0,0.96048177450324,0.94185004073666,0.984161486839513
38,0,0.958286912515939,0.938815861724873,0.981975619235585
38.2,0,0.957088681737599,0.936760795833155,0.98077840785619
38.4,0,0.956884070343167,0.935826482013019,0.98068940304958
38.6,0,0.957663342767956,0.936108495212755,0.982263344783295
38.8,0,0.959410465107133,0.937271952287472,0.984244969609891
39,0,0.962103508061812,0.939140455123881,0.988109557692414
39.2,0,0.965715029666696,0.941589079190147,0.992033367827479
39.4,0,0.970212442135376,0.944898405840083,0.997146938399367
39.6,0,0.975558368630585,0.948955213875851,1.00431294246424
39.8,0,0.98171099662332,0.953124640789789,1.01214965407683
40,0,0.988624434777944,0.95871873822154,1.02097805342592
0,1,1.07181009889957,1.05039574587589,1.09302819893255
0.2,1,1.07160241699265,1.05035200737039,1.09245634022789
0.4,1,1.0713799177865,1.05024238897714,1.09206957869695
0.6,1,1.0711419360402,1.05016696787701,1.09150935155085
0.8,1,1.07088781200237,1.05008338788711,1.09103344450845
1,1,1.0706168948854,1.04993823752053,1.09053757131888
1.2,1,1.070328546465,1.0497548811109,1.09001645395171
1.4,1,1.07002214477566,1.04954425195881,1.08937468805886
1.6,1,1.06969708786929,1.0494945099689,1.08859482734881
1.8,1,1.06935279760039,1.04933907025889,1.08776968653121
2,1,1.06898872339793,1.04903590313394,1.08704251902271
2.2,1,1.06860434598076,1.04858805965062,1.08636938630719
2.4,1,1.06819918097063,1.04813888580641,1.08578781378066
2.6,1,1.06777278235449,1.04769540442369,1.08509804974649
2.8,1,1.06732474574541,1.04737189323451,1.08438803407888
3,1,1.06685471139048,1.0472164006005,1.08374538491318
3.2,1,1.06636236687261,1.04705059550142,1.08308913796379
3.4,1,1.06584744945354,1.04671940572828,1.08246066920228
3.6,1,1.06530974800552,1.04633735282241,1.081665836455
3.8,1,1.06474910448089,1.04577424550181,1.08103699413248
4,1,1.06416541487099,1.04532762883014,1.08032927004269
4.2,1,1.06355862960922,1.04500996607267,1.07938938042793
4.4,1,1.06292875337762,1.04462121042786,1.07864539969876
4.6,1,1.06227584428157,1.04418974100818,1.07792360163595
4.8,1,1.06160001236431,1.04347719901915,1.07698647568307
5,1,1.06090141744034,1.04275466421296,1.07607350824287
5.2,1,1.06018026623622,1.0421846947867,1.07519645891436
5.4,1,1.05943680883739,1.04152666940395,1.07432005528792
5.6,1,1.05867133445107,1.04085080149937,1.07341447509356
5.8,1,1.05788416650804,1.04041469298862,1.0723785442912
6,1,1.05707565713986,1.0398757752569,1.0712545628975
6.2,1,1.05624618108266,1.039336960924,1.07039718268294
6.4,1,1.0553961290748,1.03868239572283,1.06939925905358
6.6,1,1.05452590083157,1.03794347325679,1.06825826656311
6.8,1,1.05363589769791,1.03729064995702,1.06721483055302
7,1,1.05272651509687,1.03668417894142,1.06616082175716
7.2,1,1.05179813490987,1.03601772399583,1.06509135039855
7.4,1,1.05085111794162,1.03529745591851,1.06407907989674
7.6,1,1.04988579664,1.03455340596751,1.06296871112141
7.8,1,1.04890246825674,1.03384341164898,1.06171640315318
8,1,1.04790138864967,1.032996720089,1.06066792584873
8.2,1,1.04688276693989,1.032045356516,1.05965372876596
8.4,1,1.04584676124755,1.03104618535765,1.05842092537753
8.6,1,1.04479347573725,1.03015646774218,1.05727988530624
8.8,1,1.04372295920777,1.02920433355196,1.05611181390625
9,1,1.04263520546031,1.02829409549285,1.05493712003754
9.2,1,1.04153015567371,1.02738325222455,1.05381643648897
9.4,1,1.04040770300455,1.02630826285575,1.05265363521324
9.6,1,1.03926769961197,1.02516981259327,1.05140942567512
9.8,1,1.03810996628389,1.02408782842757,1.05012158324096
10,1,1.03693430480907,1.0229711297772,1.04885639096708
10.2,1,1.03574051320111,1.02189378208322,1.0476776098305
10.4,1,1.03452840383284,1.02075096720605,1.04645822347083
10.6,1,1.03329782448471,1.01977633943932,1.04533884525838
10.8,1,1.0320486822475,1.01859999686613,1.04402741396979
11,1,1.03078097014889,1.01753761783417,1.04257976616611
11.2,1,1.02949479629529,1.01633844805244,1.04106791358245
11.4,1,1.02819041523665,1.01519715488653,1.0397046685522
11.6,1,1.02686826117233,1.01393560920029,1.03827071308747
11.8,1,1.02552898252422,1.01274147030882,1.03688859074687
12,1,1.02417347730852,1.01138545569295,1.03545781828884
12.2,1,1.0228029286448,1.01010716906176,1.03395404503065
12.4,1,1.02141883964975,1.00885096210516,1.03243372801462
12.6,1,1.02002306687907,1.00764966165472,1.0309373185048
12.8,1,1.0186178514041,1.00641647689946,1.02943123271046
13,1,1.01720584654612,1.00516654018743,1.02788681993812
13.2,1,1.01579014124088,1.0039444083851,1.02630211200012
13.4,1,1.01437427797424,1.00276876306445,1.02478913520995
13.6,1,1.01296226421779,1.00156520290397,1.02326829601854
13.8,1,1.01155857630494,1.00045684786291,1.02170587628996
14,1,1.01016815472401,0.999210678899543,1.02011700347488
14.2,1,1.0087963898683,0.997977914672934,1.01861536218599
14.4,1,1.00744909737404,0.996843008055949,1.01712887359105
14.6,1,1.00613248229688,0.995790204932078,1.01560512729905
14.8,1,1.0048530915258,0.994736985905851,1.01414264186446
15,1,1.003617754009,0.993703039788994,1.01269582301145
15.2,1,1.00243350856937,0.992850545238002,1.01132419289818
15.4,1,1.00130751931447,0.992000940366486,1.00998035990303
15.6,1,1.00024697889631,0.991223122764862,1.00873229304568
15.8,1,0.99925900014687,0.990609233690644,1.00749483677244
16,1,0.998350496903209,0.990140346180582,1.00631688708518
16.2,1,0.997528055138366,0.989680172789773,1.00517086675011
16.4,1,0.996797795827956,0.989368258776732,1.00415970230415
16.6,1,0.996165231303675,0.989137669691762,1.0032338497297
16.8,1,0.995635117170665,0.988944657870405,1.00245133231238
17,1,0.995211302191555,0.98868514571207,1.00157280183793
17.2,1,0.994896578861658,0.988763592273087,1.00093971028421
17.4,1,0.994692537711846,0.988930629887867,1.00028725444473
17.6,1,0.994599428671655,0.989328637354052,0.999848969352787
17.8,1,0.994616033097362,0.989805107612209,0.999443346376285
18,1,0.994739550308475,0.990315492531032,0.999133625933615
18.2,1,0.994965502669881,0.991011495576856,0.998970534489844
18.4,1,0.995287663391692,0.991707471023323,0.99881349333962
18.6,1,0.995698011279165,0.99253104058415,0.998825703750273
18.8,1,0.996186716632679,0.993411604889887,0.998851447546327
19,1,0.99674216235356,0.994432427023655,0.998976135838718
19.2,1,0.997351004035367,0.995502129203001,0.999135499321312
19.4,1,0.99799827239302,0.99660522425558,0.999329820263162
19.6,1,0.998667520786129,0.997735069070133,0.999535061565823
19.8,1,0.999341019814948,0.998872545211127,0.99977013794472
20,1,1,1,1
20.2,1,1.00062494240041,1.00019556569912,1.00108491742239
20.4,1,1.00119591569247,1.00033907342894,1.00212208591275
20.6,1,1.00169295674233,1.00041995275675,1.00310895633921
20.8,1,1.00209649010159,1.00040094847149,1.00397159572381
21,1,1.00238778018316,1.00026714273383,1.00473335026226
21.2,1,1.00254940820053,1.00002015119613,1.0053732450163
21.4,1,1.00256576435332,0.999650783644509,1.00585456827938
21.6,1,1.00242354429898,0.999106774499195,1.00614229249374
21.8,1,1.00211223775352,0.998413395170325,1.0062998430096
22,1,1.0016245961994,0.997517352722755,1.0061833562293
22.2,1,1.0009570662239,0.996466548420953,1.00599385329858
22.4,1,1.00011017502968,0.995200086464006,1.0055136447341
22.6,1,0.999088855191346,0.993830705758614,1.00476809626667
22.8,1,0.997902696791367,0.992279868224451,1.00401519328325
23,1,0.996566116636895,0.990546356555463,1.00310971065282
23.2,1,0.995098436285264,0.988742906658042,1.00200441780562
23.4,1,0.993523863005571,0.986766220382823,1.00087995317081
23.6,1,0.991871370465178,0.984813232704071,0.999570949173643
23.8,1,0.990174478718901,0.982912591470571,0.998036986112167
24,1,0.988470935848774,0.98091102282551,0.996656210758715
24.2,1,0.986802306204757,0.979028115009575,0.995294535422632
24.4,1,0.98521347249286,0.977212768651548,0.993923408187016
24.6,1,0.983752060828257,0.975642424257874,0.992721281439024
24.8,1,0.982467799229168,0.974141508745104,0.991557020633387
25,1,0.981411820822193,0.972956267198556,0.990725620824225
25.2,1,0.980635923253733,0.972098599113407,0.990254761619869
25.4,1,0.980191795490187,0.971565809358417,0.989936937276637
25.6,1,0.980130222418953,0.971359724898196,0.990141583168737
25.8,1,0.98050027654517,0.971722019197088,0.990588796639852
26,1,0.981348504756396,0.972498018122337,0.991603776120613
26.2,1,0.982718116758404,0.973947968534763,0.993085340978582
26.4,1,0.984648180536634,0.975754020132511,0.99520161696915
26.6,1,0.987172829233327,0.9781565754808,0.997724430434104
26.8,1,0.990320483299017,0.981251371832382,1.00101281045846
27,1,0.994113091804133,0.984795977575619,1.00487932168243
27.2,1,0.998565397472029,0.988963673991019,1.00944099339565
27.4,1,1.00368423136788,0.99382803579925,1.01475045154276
27.6,1,1.00946784524654,0.999421230777982,1.02065288737444
27.8,1,1.01590529226901,1.00544650225405,1.02729244137644
28,1,1.02297587002222,1.01236601187357,1.03431630977505
28.2,1,1.03064864333842,1.01992991232915,1.04236330469533
28.4,1,1.03888206805877,1.02788780062103,1.05097881868411
28.6,1,1.04762374031536,1.03636593696206,1.05972714190121
28.8,1,1.0568102987531,1.04532384965316,1.06923204449062
29,1,1.0663675089825,1.05460989731717,1.07919628017296
29.2,1,1.07621056003215,1.06384774191357,1.08909585300782
29.4,1,1.08624460125835,1.07361003877063,1.09914665887769
29.6,1,1.09636554472473,1.08347513932719,1.10949081307444
29.8,1,1.10646115223551,1.09352463630825,1.11998252599701
30,1,1.11641241788346,1.10333209344456,1.13011896751714
30.2,1,1.12609524622937,1.11274145725857,1.14028600510784
30.4,1,1.13538241335204,1.12159761044017,1.15006247500872
30.6,1,1.14414578352052,1.12999680365767,1.15937350943585
30.8,1,1.15225873889806,1.13783343857257,1.16783719247527
31,1,1.15959876445182,1.14475958778314,1.17531792547024
31.2,1,1.16605011621914,1.15109512637776,1.1821544891398
31.4,1,1.17150648944421,1.15630615289998,1.18791225118832
31.6,1,1.1758735949765,1.15992791564974,1.19266561004256
31.8,1,1.17907154868971,1.16280238026692,1.19617846901343
32,1,1.18103698023651,1.16475111820656,1.19831349678586
32.2,1,1.18172477453155,1.16540606038788,1.19912511223613
32.4,1,1.18110937184637,1.16458112849399,1.1987530460646
32.6,1,1.17918556973617,1.16234646504084,1.19708509891677
32.8,1,1.17596879119957,1.15885999165922,1.19408613021771
33,1,1.17149480713667,1.15466613724509,1.19003645926092
33.2,1,1.16581892572056,1.14897805469493,1.18458481599846
33.4,1,1.15901468504508,1.14222450664945,1.17769538514876
33.6,1,1.15117210674066,1.13447755176061,1.16942556811881
33.8,1,1.14239558576832,1.12556835671602,1.16084831620852
34,1,1.13280150426383,1.11590765069011,1.15190578143335
34.2,1,1.12251566449743,1.10551151101225,1.14171962958397
34.4,1,1.11167063758912,1.09488921356217,1.13076014959392
34.6,1,1.10040312087369,1.08357871498781,1.11968419250906
34.8,1,1.0888513884254,1.07216536907811,1.10842686131342
35,1,1.07715290719888,1.06035261086716,1.09678655190286
35.2,1,1.06544217666404,1.04864102680768,1.08542317282615
35.4,1,1.05384883390534,1.03703662421015,1.07405607239662
35.6,1,1.0424960500633,1.02588372483786,1.06275997026106
35.8,1,1.03149922871925,1.01468522699802,1.05193796752224
36,1,1.02096500316248,1.00392739027475,1.0412735792024
36.2,1,1.01099051799554,0.994104070569314,1.03132435611686
36.4,1,1.00166297155451,0.984193406043309,1.02221235704405
36.6,1,0.993059389250292,0.975667857164277,1.01375551633715
36.8,1,0.985246594091717,0.967769376684873,1.00616585400093
37,1,0.978281339103662,0.960442592972902,0.999503851208988
37.2,1,0.972210566778446,0.954173825350066,0.993460744369462
37.4,1,0.967071762715544,0.948792218465861,0.988661919626011
37.6,1,0.962893373816973,0.944669506982239,0.984666850596642
37.8,1,0.959695265429375,0.941478851934647,0.981544373339471
38,1,0.957489196309582,0.93873649102676,0.979343343699364
38.2,1,0.956279294936197,0.936608231649677,0.978603820230424
38.4,1,0.956062525247002,0.935541827974376,0.978344667136088
38.6,1,0.956829134155062,0.935952569126094,0.979829119415458
38.8,1,0.958563077040948,0.937269113313409,0.982305514936527
39,1,0.961242420733585,0.939089311078748,0.985494695072576
39.2,1,0.964839726215278,0.941769587619908,0.989591895457629
39.4,1,0.969322415386412,0.945127300170793,0.995129016171804
39.6,1,0.974653127695546,0.949175625020571,1.00163950586689
39.8,1,0.980790073296771,0.953716446151215,1.00825630321252
40,1,0.987687389669269,0.958983522540068,1.01688708514444
0,2,1.07292979754403,1.05196611399473,1.09621427662602
0.2,2,1.07272549048782,1.05189828043702,1.09572980285949
0.4,2,1.07250647336784,1.05182351671121,1.09510780799615
0.6,2,1.07227207326134,1.05169769184064,1.09446498396238
0.8,2,1.07202162147963,1.05155410235213,1.09383550831376
1,2,1.07175445700926,1.05142471003496,1.09336940423894
1.2,2,1.07146993008717,1.051284343731,1.09266275050556
1.4,2,1.07116740588144,1.05119660487348,1.09195382940668
1.6,2,1.07084626824545,1.05110129086179,1.09144741203716
1.8,2,1.07050592350962,1.0509616360246,1.09099832748428
2,2,1.0701458042714,1.05081578710762,1.09057672423972
2.2,2,1.06976537314091,1.05064564104453,1.09028572275788
2.4,2,1.0693641263966,1.05041249158748,1.08956875286098
2.6,2,1.06894159750274,1.05018947005762,1.08901041603057
2.8,2,1.06849736043836,1.05000130219948,1.08826124629612
3,2,1.06803103278573,1.049833661915,1.087441961054
3.2,2,1.0675422785251,1.04956725177404,1.08650820685113
3.4,2,1.06703081048264,1.04929749096425,1.08564811443846
3.6,2,1.06649639237849,1.04881185994982,1.08500135233119
3.8,2,1.06593884042321,1.04834481249437,1.08438342617453
4,2,1.06535802441342,1.04797877866891,1.0836578731491
4.2,2,1.06475386828018,1.04762077279071,1.08293676107096
4.4,2,1.06412635004834,1.04722569543163,1.08224538269639
4.6,2,1.06347550117013,1.04679932789337,1.08151205581141
4.8,2,1.06280140520308,1.04630054103814,1.08061933139318
5,2,1.06210419581002,1.0457610129309,1.07970188655885
5.2,2,1.06138405406768,1.0451270478666,1.07867778714047
5.4,2,1.06064120508108,1.04444651005337,1.07785470006362
5.6,2,1.05987591391184,1.04390413811677,1.07713037400838
5.8,2,1.05908848084153,1.04325396311142,1.07630814124109
6,2,1.05827923600474,1.04268734676053,1.07551081324257
6.2,2,1.05744853344145,1.04205121508407,1.07445588127474
6.4,2,1.05659674463409,1.04134219509764,1.07327356792573
6.6,2,1.05572425161125,1.04073837518532,1.07227030492579
6.8,2,1.05483143971704,1.03993396742678,1.07125737808675
7,2,1.05391869016305,1.03924689421896,1.0702278363165
7.2,2,1.05298637249733,1.03859289214483,1.06915725672958
7.4,2,1.05203483714242,1.03788601186684,1.06816321977007
7.6,2,1.05106440817197,1.03716989349757,1.06706930964423
7.8,2,1.05007537651087,1.03632534858814,1.06601024841637
8,2,1.04906799375955,1.03539832929811,1.06492974701062
8.2,2,1.04804246685527,1.03445273703231,1.06387616086262
8.4,2,1.0469989537941,1.03357874178413,1.06278764885801
8.6,2,1.0459375606449,1.03270725815084,1.06147451928615
8.8,2,1.04485834009015,1.03181675983272,1.06018154095088
9,2,1.04376129172837,1.03081837945352,1.05901672450213
9.2,2,1.0426463643675,1.02980756484091,1.05778692756538
9.4,2,1.04151346052757,1.02869336094667,1.05653617966084
9.6,2,1.04036244335396,1.02774324789842,1.05526976713778
9.8,2,1.03919314611862,1.0266846156671,1.05408544353847
10,2,1.03800538445528,1.02559029606559,1.05289597419609
10.2,2,1.03679897143565,1.02441026306739,1.05165933783443
10.4,2,1.03557373554674,1.02330521022495,1.05051769860777
10.6,2,1.03432954157418,1.02210504961126,1.04932368130714
10.8,2,1.03306631433328,1.02090346818552,1.04784266043002
11,2,1.0317840651188,1.01971796918059,1.0465378452859
11.2,2,1.03048292066632,1.01851452450603,1.04495392406343
11.4,2,1.02916315433426,1.01729273744304,1.04331666355773
11.6,2,1.02782521912608,1.01607343650578,1.04178616197816
11.8,2,1.02646978208001,1.01480617858505,1.04022579237228
12,2,1.0250977594593,1.01347623954191,1.03869247367427
12.2,2,1.02371035208231,1.01212456505497,1.037221549188
12.4,2,1.02230908004153,1.01078697718138,1.03584537419739
12.6,2,1.02089581597558,1.0094594273119,1.03438640720307
12.8,2,1.01947281598209,1.00810765819259,1.03281138224706
13,2,1.01804274719505,1.00670773172859,1.03124339243363
13.2,2,1.01660871100023,1.00531063374238,1.02953079487354
13.4,2,1.01517426083017,1.00395637750905,1.02799204870699
13.6,2,1.01374341346847,1.00275003402677,1.02642323140509
13.8,2,1.01232065280438,1.00156199427748,1.02492179239343
14,2,1.01091092501508,1.00028582101694,1.02345318805608
14.2,2,1.00951962421604,0.998976199564426,1.02197520523347
14.4,2,1.00815256771119,0.997743457756668,1.02048975916627
14.6,2,1.00681596009417,0.99663156956556,1.01900177218089
14.8,2,1.00551634560004,0.995694125904351,1.01742234294409
15,2,1.00426054828319,0.99467930553638,1.0156887335563
15.2,2,1.00305559979947,0.99366523028167,1.01410018787922
15.4,2,1.00190865479879,0.992778716984142,1.01278209796421
15.6,2,1.00082689418428,0.991946041541738,1.01146990735074
15.8,2,0.999817416765311,0.991323963361743,1.01017162179241
16,2,0.99888712011962,0.990707545493374,1.0089338852341
16.2,2,0.998042571782035,0.990235413544469,1.00765925719278
16.4,2,0.997289872191493,0.989798641635446,1.00639186331739
16.6,2,0.996634511149151,0.989402160561138,1.00516976799118
16.8,2,0.996081219866299,0.989108399066793,1.00414177541149
17,2,0.995633821006597,0.989019983685838,1.0033065661658
17.2,2,0.995295079448727,0.989155245725934,1.00254000145289
17.4,2,0.995066556807376,0.98933205178585,1.00182928726612
17.6,2,0.994948473046171,0.989579003023043,1.00122062738109
17.8,2,0.99493957878788,0.989965279063477,1.00066386748645
18,2,0.995037042165262,0.990526058759078,1.00023699785261
18.2,2,0.995236354248883,0.99112329382316,0.999952059831067
18.4,2,0.995531257222021,0.99186983369292,0.999718958240205
18.6,2,0.995913699531863,0.992688618929211,0.999545151138699
18.8,2,0.99637382221241,0.993595092763601,0.999484698254491
19,2,0.99689998042869,0.994575423310431,0.999504549516238
19.2,2,0.997478804014041,0.995599859211077,0.999552361387039
19.4,2,0.998095300343114,0.996657328071896,0.999629913966082
19.6,2,0.998733002285451,0.997768518774383,0.999740981636304
19.8,2,0.999374163204752,0.998894018376245,0.999883519624957
20,2,1,1,1
20.2,2,1.00059098402724,1.0000820803034,1.00106826281888
20.4,2,1.00112717840638,1.00010528344564,1.00207202510834
20.6,2,1.00158861872942,1.00006249017211,1.00300206956533
20.8,2,1.0019557325814,0.999947432226903,1.00383680499608
21,2,1.00220979161519,0.999711717799271,1.0045496751044
21.2,2,1.0023333882486,0.999320757106515,1.00511015754462
21.4,2,1.00231092745469,0.998825281310085,1.00550438329433
21.6,2,1.00212912267658,0.998186219385234,1.00575046607909
21.8,2,1.00177748370548,0.997366856218784,1.00582258785086
22,2,1.00124878350045,0.996399506749742,1.00576545225766
22.2,2,1.00053949047943,0.995251395026603,1.00542472044425
22.4,2,0.999650152834804,0.99396869163472,1.00495471103705
22.6,2,0.998585721964688,0.992452323781678,1.00424085345473
22.8,2,0.997355803176037,0.990767459070506,1.00337646358171
23,2,0.995974823388689,0.988905660574001,1.00239774241912
23.2,2,0.994462107599788,0.987048833905174,1.0011996162264
23.4,2,0.992841858270504,0.985064287171707,0.99994275528001
23.6,2,0.991143034460267,0.98300282120678,0.998617100427082
23.8,2,0.989399130323066,0.981027521915756,0.99716880292827
24,2,0.987647855349729,0.978989627902447,0.99571633387587
24.2,2,0.985930721340637,0.976842326689094,0.994258680366968
24.4,2,0.984292543386502,0.974721343969642,0.992920907389502
24.6,2,0.982780864002429,0.972791327496338,0.99176621414815
24.8,2,0.981445310914753,0.971039991111773,0.99059559456452
25,2,0.980336899791224,0.969437624023935,0.989673362582258
25.2,2,0.979507293425594,0.968260148627307,0.988963071376712
25.4,2,0.97900802857297,0.967430389175195,0.988624150278134
25.6,2,0.978889720859912,0.966865635056661,0.988576218784837
25.8,2,0.979201257075492,0.966491434676926,0.989068038563257
26,2,0.97998898282746,0.966969869040489,0.990017571262669
26.2,2,0.981295892180268,0.967930464220157,0.991451103798702
26.4,2,0.983160824645731,0.969286772446313,0.993369138775958
26.6,2,0.985617673935736,0.971060712689551,0.996040231063043
26.8,2,0.98869461235828,0.973625380390352,0.999135264516503
27,2,0.992413334767897,0.976911696552887,1.00294211921671
27.2,2,0.996788326658547,0.980526240564485,1.00725736657927
27.4,2,1.00182616235959,0.984731665124927,1.01278377380778
27.6,2,1.00752484136074,0.989806018252822,1.01862432139452
27.8,2,1.01387317349131,0.995497744993804,1.02534283040378
28,2,1.02085022689289,1.0018125089557,1.03265550447727
28.2,2,1.02842485626942,1.0084524093676,1.04050732429899
28.4,2,1.03655533252559,1.01584573901961,1.04875899372343
28.6,2,1.04518909830646,1.02418855602491,1.05772224001831
28.8,2,1.05426267676639,1.03299256234312,1.06700527228819
29,2,1.06370176272841,1.04242665645894,1.07663205069892
29.2,2,1.07342152583317,1.05184926768366,1.08654211728532
29.4,2,1.0833271539261,1.0612494571373,1.09683847534354
29.6,2,1.09331466144759,1.07014558802097,1.10701772577722
29.8,2,1.10327198173,1.07967595932868,1.1173691619016
30,2,1.11308035375806,1.08881526647741,1.12749984507741
30.2,2,1.12261600319422,1.09788678314578,1.13738218419816
30.4,2,1.1317521045975,1.10664602779088,1.14677599738952
30.6,2,1.14036099730187,1.1150263872702,1.15578504319302
30.8,2,1.14831661212395,1.12251630667133,1.16391483031775
31,2,1.15549705090218,1.12878287905428,1.17152518066798
31.2,2,1.16178724693578,1.13430484826559,1.17812590578929
31.4,2,1.1670816228611,1.13915552006987,1.18392239324859
31.6,2,1.17128665450009,1.14268202213546,1.18862677368347
31.8,2,1.17432324570694,1.14465652586927,1.19213658837914
32,2,1.17612882091739,1.146436819429,1.19436300665137
32.2,2,1.17665904929127,1.14580299041322,1.19508235623251
32.4,2,1.1758891269177,1.14394534046942,1.19453314053729
32.6,2,1.17381456094789,1.14088915224119,1.19259478335811
32.8,2,1.17045142072413,1.1368210574331,1.18953158907802
33,2,1.16583604462345,1.13103310562361,1.1849913503646
33.2,2,1.1600242158297,1.12423642398326,1.17932401973272
33.4,2,1.1530898439066,1.11642897070106,1.17244268552387
33.6,2,1.1451232102541,1.10789905247677,1.16467521541417
33.8,2,1.13622885290937,1.09834366952168,1.15577649416901
34,2,1.12652317866554,1.08813962073192,1.1460663421454
34.2,2,1.11613189752462,1.0770344409848,1.13578625753128
34.4,2,1.10518737593604,1.06531486913451,1.12497308622602
34.6,2,1.0938260014064,1.0532813520582,1.11346123877582
34.8,2,1.08218564258712,1.04109458314174,1.10175150120479
35,2,1.07040327682907,1.02879378773401,1.08989681013985
35.2,2,1.0586128425814,1.01651999036674,1.07802370617976
35.4,2,1.04694335810153,1.00421313929926,1.06623700912323
35.6,2,1.03551733187443,0.992142863565809,1.05496135399389
35.8,2,1.02444947490851,0.980616676875268,1.04398943356221
36,2,1.01384571147455,0.969561536064863,1.03343945770704
36.2,2,1.00380247344254,0.958906121507485,1.02331599773459
36.4,2,0.994406254466956,0.949216343864734,1.01419780552875
36.6,2,0.985733393973853,0.940237323308921,1.00572947116249
36.8,2,0.977850057125571,0.932242914314305,0.998068720563415
37,2,0.970812375449911,0.924902508034833,0.991270596408235
37.2,2,0.964666713293511,0.918416807258515,0.985415299695426
37.4,2,0.959450027312065,0.912614355820929,0.980790476396666
37.6,2,0.955190289446573,0.907739583353646,0.976725958950129
37.8,2,0.951906947871854,0.903540656007542,0.973714249732188
38,2,0.949611404893156,0.90023447576762,0.971641251837488
38.2,2,0.948307495408359,0.898138395216942,0.970785819431693
38.4,2,0.947991954100448,0.896540066166156,0.970356846952572
38.6,2,0.94865486378387,0.895765507863558,0.972112182946246
38.8,2,0.950280081156567,0.895833805443522,0.97446911378427
39,2,0.952845639507593,0.896367495949045,0.978413279258123
39.2,2,0.956324130637359,0.897831591116906,0.982895611357605
39.4,2,0.960683070333628,0.900131936185001,0.988237803444045
39.6,2,0.965885253205997,0.902972613853787,0.995354274291464
39.8,2,0.971889103530881,0.905950316556325,1.00276825971226
40,2,0.978649029029498,0.91038679715544,1.01112909661433
0,3,1.05460028542103,1.02952325544495,1.08745575443079
0.2,3,1.05442450478932,1.02948333640615,1.08715707714692
0.4,3,1.05423563655391,1.02943767657087,1.08683154710478
0.6,3,1.05403304980671,1.02937592475279,1.08640203056886
0.8,3,1.05381611570971,1.02928149831772,1.0859772020713
1,3,1.05358421089696,1.02922098125422,1.08539401236511
1.2,3,1.05333672107272,1.0291259001249,1.08475938639153
1.4,3,1.05307304478759,1.02908115015562,1.08409963678462
1.6,3,1.05279259737123,1.02902596615165,1.0835341377085
1.8,3,1.05249481499708,1.02894772571468,1.08313209616742
2,3,1.05217915885164,1.02870887914759,1.08271112887751
2.2,3,1.05184511937796,1.028554079254,1.08230380587788
2.4,3,1.05149222056026,1.02838211690883,1.08182706648212
2.6,3,1.05112002421431,1.02839066003559,1.08136697466871
2.8,3,1.05072813424599,1.02831429483263,1.08111378015532
3,3,1.05031620083877,1.02791615449573,1.08083891144235
3.2,3,1.04988392452935,1.02773787602664,1.08054116813932
3.4,3,1.04943106012996,1.02729336164403,1.08000064523361
3.6,3,1.04895742045515,1.02683122066285,1.07931739705567
3.8,3,1.04846287981107,1.02640301687083,1.07862225721311
4,3,1.0479473772057,1.02608379268001,1.07766492799323
4.2,3,1.0474109192397,1.02575406784296,1.07677517657484
4.4,3,1.04685358263917,1.02532411628218,1.07598023155076
4.6,3,1.04627551639365,1.02474678654085,1.07538317007712
4.8,3,1.04567694346578,1.02414245490584,1.07448221815001
5,3,1.04505816204205,1.02362673075412,1.07341244114975
5.2,3,1.04441954629781,1.02308792833843,1.07255500097232
5.4,3,1.0437615466543,1.02245978778084,1.07189790836783
5.6,3,1.04308468950961,1.02196035784783,1.07134304773478
5.8,3,1.04238957643095,1.02134263819493,1.07064667728213
6,3,1.04167688280069,1.02085986437192,1.0697510067614
6.2,3,1.04094735591414,1.02018103916897,1.0689785326789
6.4,3,1.040201812533,1.01952820902668,1.0683172472737
6.6,3,1.03944113590393,1.01887723219949,1.06763374291578
6.8,3,1.03866627225772,1.01824623584045,1.06683643270471
7,3,1.03787822681005,1.01753483615746,1.06594081723965
7.2,3,1.0370780592907,1.01682718480558,1.06499916893274
7.4,3,1.03626687903303,1.01616634106615,1.06392097484411
7.6,3,1.03544583966084,1.01547977474153,1.06296577607891
7.8,3,1.03461613341439,1.01479623027708,1.06203112270224
8,3,1.03377898516108,1.01416480127613,1.06110973923731
8.2,3,1.03293564614072,1.01349156410436,1.06006912697055
8.4,3,1.0320873874975,1.01283449311132,1.05903148636506
8.6,3,1.03123549365419,1.01228993860191,1.05799689651142
8.8,3,1.03038125558506,1.01160243284747,1.05696535695693
9,3,1.02952596404589,1.01097278068624,1.05592623039036
9.2,3,1.02867090281951,1.01041697493178,1.05486058573721
9.4,3,1.02781734203528,1.00984201510303,1.05379633095043
9.6,3,1.02696653162011,1.00914602247192,1.05275329011035
9.8,3,1.02611969493689,1.00857954376546,1.05164520080406
10,3,1.02527802266443,1.00803088176714,1.05049442114424
10.2,3,1.02444266696983,1.00761362249693,1.04936204149567
10.4,3,1.02361473602141,1.00709411876463,1.04817961431865
10.6,3,1.02279528888611,1.00661486407068,1.04700632797253
10.8,3,1.02198533085153,1.00613395391432,1.0457025522998
11,3,1.02118580920784,1.00566435731461,1.04427054724801
11.2,3,1.02039760952021,1.00520690619794,1.04297338909447
11.4,3,1.01962155241728,1.0047557073396,1.04182997604257
11.6,3,1.0188583909159,1.00435856567428,1.04074862052673
11.8,3,1.01810880829725,1.00399456829142,1.03963983427177
12,3,1.01737341654401,1.00357149783069,1.03832718043612
12.2,3,1.01665275534312,1.0032396823596,1.03697358914984
12.4,3,1.01594729165376,1.00290532813996,1.03581099140873
12.6,3,1.01525741983502,1.0026144188143,1.03465538534847
12.8,3,1.01458346232347,1.00230728856971,1.03349516574425
13,3,1.01392567084654,1.00208961790896,1.03257749955801
13.2,3,1.01328422815347,1.00185972876099,1.03145640773901
13.4,3,1.0126592502427,1.00156991321105,1.03030282217842
13.6,3,1.01205078906097,1.00129695883576,1.02915180536908
13.8,3,1.01145883564737,1.00109574193564,1.02811391470007
14,3,1.01088332369315,1.00090142506588,1.02713099718956
14.2,3,1.01032413348696,1.00071474784198,1.02614511984317
14.4,3,1.00978109621368,1.00053435601909,1.02508577824239
14.6,3,1.00925399857483,1.00038018404302,1.02408190119042
14.8,3,1.00874258769817,1.00025318436318,1.02299727138147
15,3,1.00824657630444,1.00013272269928,1.02206825639019
15.2,3,1.00776564809986,0.999980359417624,1.02096429890606
15.4,3,1.00729946336395,0.999854411755846,1.01989032752186
15.6,3,1.00684766470361,0.999757502922816,1.0188714372594
15.8,3,1.00640988294558,0.999681003969157,1.01781845273246
16,3,1.00598574314124,0.999608662740837,1.01689623542485
16.2,3,1.0055748706592,0.999567047221112,1.01590680702893
16.4,3,1.00517689734276,0.999509655466352,1.01487423543411
16.6,3,1.00479146771086,0.999473296477484,1.01388480891446
16.8,3,1.00441824518249,0.999434134622262,1.01291541193845
17,3,1.00405691830543,0.999389607072139,1.01196750537041
17.2,3,1.00370720697131,0.999377099380736,1.01103427159718
17.4,3,1.00336886859888,0.999371814543653,1.01013471681456
17.6,3,1.00304170426761,0.999358120745191,1.00927031594483
17.8,3,1.00272556478289,0.999338991024413,1.00843621808023
18,3,1.00242035665317,0.999346308315333,1.00760166429816
18.2,3,1.00212604795725,0.999355481287218,1.00676521165434
18.4,3,1.00184267407788,0.999395082658697,1.00594382284698
18.6,3,1.00157034327477,0.999433848237525,1.00511948229107
18.8,3,1.00130924206631,0.999492506392196,1.00431103674677
19,3,1.00105964038563,0.999554128708222,1.00354457941023
19.2,3,1.00082189647142,0.999626525599678,1.0028146387292
19.4,3,1.0005964614494,0.999703164563127,1.00208070251593
19.6,3,1.00038388355448,0.999786834736109,1.00136326540154
19.8,3,1.00018481193818,0.999887866177624,1.00066846210687
20,3,1,1,1
20.2,3,0.999830308175519,0.999349256307561,1.00013029301082
20.4,3,0.999676706108575,0.998724642180862,1.00027613221258
20.6,3,0.999540274129264,0.998114165333226,1.00044369856254
20.8,3,0.999422203954856,0.997511464567276,1.00064538515012
21,3,0.999323798526466,0.996948257061226,1.00084697322707
21.2,3,0.999246470891047,0.996403718067353,1.00107226600525
21.4,3,0.999191742036028,0.995913165046118,1.00133783699977
21.6,3,0.999161237582901,0.995408910184626,1.00162929164329
21.8,3,0.999156683246458,0.994975051675234,1.00194159184224
22,3,0.999179898968417,0.994588659596026,1.00230632706753
22.2,3,0.999232791637846,0.994250135154062,1.00271992779151
22.4,3,0.999317346316474,0.993845587570442,1.00313521087174
22.6,3,0.999435615894557,0.993470340803063,1.00360746844155
22.8,3,0.999589709112695,0.993087018730237,1.0040968860306
23,3,0.999781776896882,0.992783751820307,1.00462453114478
23.2,3,1.00001399696813,0.992585445751914,1.00521539173965
23.4,3,1.00028855670435,0.99252292525071,1.00585386751375
23.6,3,1.00060763425056,0.992477805336271,1.00657172146285
23.8,3,1.00097337789428,0.992384244229512,1.00732276722134
24,3,1.00138788374545,0.992366052011252,1.00812770141891
24.2,3,1.00185317178482,0.99234905765014,1.00899500932443
24.4,3,1.0023711603713,0.992539820280802,1.00995312747437
24.6,3,1.00294363932622,0.992749361603828,1.01095633436808
24.8,3,1.00357224174206,0.992947728844145,1.01202248449123
25,3,1.00425841469312,0.993322332018736,1.01309180537261
25.2,3,1.00500338905686,0.993885099969182,1.01421947091916
25.4,3,1.00580814868565,0.994453948773434,1.01546440450503
25.6,3,1.00667339920036,0.995030348742906,1.01678166612613
25.8,3,1.00759953670798,0.995586980060738,1.01817555831835
26,3,1.0085866167753,0.996492600220609,1.01972439366271
26.2,3,1.00963432401983,0.997286969913603,1.02141686810588
26.4,3,1.01074194270498,0.998119605664999,1.02310214041966
26.6,3,1.01190832875135,0.998861593711133,1.0247756931985
26.8,3,1.01313188359632,0.999640766581439,1.02665153807201
27,3,1.01441053035108,1.00053837365117,1.02865149635128
27.2,3,1.01574169271691,1.00141567590628,1.03081405503727
27.4,3,1.01712227712888,1.00226338628142,1.03273451076245
27.6,3,1.01854865859649,1.00346321278413,1.03478647503745
27.8,3,1.02001667070414,1.00437987442103,1.03706109409148
28,3,1.02152160022108,1.00559420450117,1.03969099894504
28.2,3,1.02305818674799,1.00677741362793,1.04215586140971
28.4,3,1.02462062779657,1.00802270697562,1.0440991207311
28.6,3,1.0262025896579,1.00862804867254,1.04588951153156
28.8,3,1.02779722436513,1.00940734935524,1.04784325409902
29,3,1.02939719299528,1.01028972794812,1.050247943988
29.2,3,1.03099469548489,1.01112751154708,1.0524088826758
29.4,3,1.03258150705364,1.01204042385002,1.05413954764582
29.6,3,1.03414902124066,1.01307245343242,1.05615111795971
29.8,3,1.03568829946032,1.01378884642608,1.05894935228283
30,3,1.03719012687905,1.01488544472248,1.06105306933278
30.2,3,1.03864507430419,1.01538854248426,1.06270539663333
30.4,3,1.04004356566093,1.0157975082697,1.0645928891259
30.6,3,1.0413759505177,1.01627447974575,1.06704794214117
30.8,3,1.04263258100481,1.0169074267731,1.06953711735732
31,3,1.04380389236006,1.01718908977731,1.0712546490748
31.2,3,1.04488048622991,1.01754138504652,1.07371645602353
31.4,3,1.04585321576001,1.01771387554647,1.07569746067939
31.6,3,1.04671327142642,1.017751653681,1.07705383644434
31.8,3,1.04745226649232,1.01782021312354,1.07827323884124
32,3,1.04806232092679,1.01790062175544,1.07894025843189
32.2,3,1.04853614259498,1.01810926374304,1.07938526977686
32.4,3,1.04886710452442,1.01829611935185,1.08021064547673
32.6,3,1.04904931707189,1.01834119079799,1.08090478690137
32.8,3,1.04907769385988,1.01811376858718,1.08139345809988
33,3,1.04894801042119,1.01802624115457,1.08156738970656
33.2,3,1.04865695458419,1.01783791832244,1.08129169033126
33.4,3,1.04820216774784,1.01770263577031,1.08093199807205
33.6,3,1.04758227633301,1.01709109903693,1.08042332922734
33.8,3,1.0467969128513,1.01667677092742,1.07942605452269
34,3,1.04584672620198,1.0160856623299,1.07805417190354
34.2,3,1.04473338098659,1.01580671022603,1.07649385624586
34.4,3,1.04345954581578,1.01493613755379,1.07504340310484
34.6,3,1.0420288707688,1.0135271194253,1.07301938151369
34.8,3,1.04044595434869,1.01263836949513,1.07118677492107
35,3,1.03871630045002,1.01111331161177,1.06999879655357
35.2,3,1.03684626601841,1.00938778549689,1.06860365395841
35.4,3,1.03484300022606,1.00778464745271,1.06643094418721
35.6,3,1.0327143761142,1.00618225853002,1.0643146691219
35.8,3,1.03046891575651,1.00404781224035,1.06132112990053
36,3,1.02811571007811,1.00165893133928,1.05865749697037
36.2,3,1.02566433451887,0.999166260909358,1.05664951339113
36.4,3,1.02312476175902,0.996028228215656,1.05428862185979
36.6,3,1.0205072727293,0.992775935430332,1.05232178676337
36.8,3,1.01782236710754,0.989808664859746,1.04993222051273
37,3,1.01508067446175,0.986524874910194,1.0478123669364
37.2,3,1.01229286713724,0.983407933849351,1.04572912419272
37.4,3,1.0094695759061,0.980034720885286,1.04368883332059
37.6,3,1.00662130930309,0.976116585518019,1.04154007525102
37.8,3,1.00375837746732,0.971489618334571,1.03941460592231
38,3,1.00089082119543,0.967477838933261,1.0371796552687
38.2,3,0.998028346794193,0.963106648020089,1.03440561125018
38.4,3,0.995180267200007,0.959149426038981,1.03246504683604
38.6,3,0.992355449713643,0.955172644476545,1.03038350116454
38.8,3,0.989562270582085,0.951252553060027,1.02880262648219
39,3,0.986808576548608,0.946785415644922,1.02700494780747
39.2,3,0.984101653388171,0.942536247202348,1.02506519088117
39.4,3,0.981448201349753,0.938669507677289,1.02323949731726
39.6,3,0.978854317341139,0.935375538995403,1.02167248286012
39.8,3,0.976325483615596,0.932178532298952,1.02045255677421
40,3,0.973866562654278,0.928821878705393,1.01889784725371
0,4,1.04128212051219,1.00557016551199,1.06910420690154
0.2,4,1.04115658370598,1.00553672636679,1.06878212143477
0.4,4,1.0410211184197,1.0055354023145,1.06845525325971
0.6,4,1.04087520687011,1.00553001572731,1.06812798906627
0.8,4,1.04071833058675,1.00556414078644,1.06775302304885
1,4,1.04054997321743,1.00570051540203,1.06737625947166
1.2,4,1.04036962352012,1.00593618056812,1.06698788383358
1.4,4,1.04017677852677,1.00617194272503,1.0665056364863
1.6,4,1.03997094686159,1.00638914565212,1.06600160049645
1.8,4,1.03975165219341,1.00641157740445,1.06547522567323
2,4,1.0395184367989,1.00643101083356,1.06504856113343
2.2,4,1.03927086521062,1.00645629526856,1.06457392947763
2.4,4,1.03900852792146,1.00642896008488,1.06407940772918
2.6,4,1.03873104511428,1.00638163584132,1.0635510980883
2.8,4,1.03843807038399,1.00635179551087,1.06290098808913
3,4,1.03812929441696,1.00636390347486,1.06229327744807
3.2,4,1.03780444859145,1.00640939434894,1.06195501596406
3.4,4,1.0374633084618,1.00628295278473,1.06150214042675
3.6,4,1.03710569708803,1.00630838795003,1.06082856866084
3.8,4,1.0367314881729,1.00626410795083,1.06023672889932
4,4,1.03634060896818,1.00610355782057,1.05960079054245
4.2,4,1.0359330429132,1.00603417186122,1.05910080145376
4.4,4,1.03550883196963,1.0059302730849,1.05851496766235
4.6,4,1.03506807861867,1.0058760351557,1.05795749061812
4.8,4,1.03461094748875,1.0057831993978,1.05745627370066
5,4,1.03413766658509,1.00565965841852,1.05681277694475
5.2,4,1.03364852809547,1.0055626473337,1.05624173548699
5.4,4,1.03314388875045,1.00539389209877,1.05553823701403
5.6,4,1.03262416972055,1.0052657697554,1.05480540296266
5.8,4,1.03208985603702,1.00509813879291,1.05411452731797
6,4,1.03154149552821,1.00499375195559,1.05354506109239
6.2,4,1.03097969726796,1.00486011556258,1.05277020440376
6.4,4,1.03040512953832,1.00472800812685,1.05193687600945
6.6,4,1.02981851731342,1.00457202891733,1.05115262147287
6.8,4,1.02922063927755,1.00437700966362,1.05038704667823
7,4,1.02861232439487,1.00412931426787,1.04966372519247
7.2,4,1.02799444805411,1.0039852290181,1.04894703520452
7.4,4,1.02736792781602,1.00376327606549,1.04813048692366
7.6,4,1.0267337187962,1.00355120884548,1.04746520135599
7.8,4,1.02609280872034,1.0033895473724,1.04677271611095
8,4,1.02544621269268,1.00322406823214,1.04610499399736
8.2,4,1.02479496772191,1.00306793737715,1.04515624876699
8.4,4,1.02414012705192,1.00287863913131,1.04426103525576
8.6,4,1.0234827543468,1.00268693647244,1.04354031191635
8.8,4,1.02282391778176,1.00249149787483,1.04268933957839
9,4,1.02216468409222,1.00235434716829,1.04201610120507
9.2,4,1.02150611263456,1.00215659929032,1.04129383992836
9.4,4,1.02084924951129,1.00192270441505,1.04039109802416
9.6,4,1.02019512181328,1.00171444627411,1.03931535351021
9.8,4,1.01954473202984,1.00152873878681,1.03855289671255
10,4,1.01889905267619,1.00124495476056,1.03788188874388
10.2,4,1.01825902118472,1.00106465872996,1.03702697699005
10.4,4,1.01762553510417,1.00086164457636,1.03624433402186
10.6,4,1.0169994476471,1.00068558821897,1.03530344438219
10.8,4,1.01638156362223,1.00051892101005,1.03444852996267
11,4,1.01577263578433,1.00042986783993,1.03376001296824
11.2,4,1.01517336162972,1.00035990049852,1.03284219829419
11.4,4,1.01458438066099,1.0002427260703,1.03202934938117
11.6,4,1.01400627213958,1.00001808538871,1.03138370460442
11.8,4,1.01343955334027,0.999911274378854,1.03067669783575
12,4,1.01288467831669,0.999717450391342,1.02976422864677
12.2,4,1.01234203718215,0.999568747106823,1.02898503068522
12.4,4,1.01181195590548,0.999432673483673,1.02823492615825
12.6,4,1.0112946966172,0.999298561317281,1.02745236990901
12.8,4,1.01079045841701,0.999201344622452,1.02672945743318
13,4,1.01029937866977,0.999162745691549,1.02596234135785
13.2,4,1.00982153477352,0.999070011329215,1.02514560822682
13.4,4,1.00935694637989,0.998964156778322,1.02438274308253
13.6,4,1.00890557804461,0.998913674702356,1.0234668375328
13.8,4,1.00846734228321,0.99885948270639,1.02267082626552
14,4,1.00804210300541,0.998837628594253,1.02195079465458
14.2,4,1.00762967929995,0.998777694214538,1.02122199239957
14.4,4,1.00722984954085,0.998754366786188,1.02046220727086
14.6,4,1.00684235578532,0.998732108131998,1.01968356894893
14.8,4,1.00646690843344,0.998708816864612,1.01890200352414
15,4,1.00610319112003,0.99870533885122,1.01812323974236
15.2,4,1.00575086580946,0.998682979534609,1.01735842913251
15.4,4,1.00540957806527,0.998694991481292,1.01659223479276
15.6,4,1.00507896246731,0.998686638287711,1.01582483684416
15.8,4,1.00475864815049,0.998697139838478,1.01505718349918
16,4,1.00444826444079,0.998742736518496,1.01426070858409
16.2,4,1.00414744656511,0.998784196319256,1.01352190273679
16.4,4,1.00385584141364,0.998814291867103,1.01274920007571
16.6,4,1.00357311333415,0.998837982978888,1.01198881166624
16.8,4,1.0032989499392,0.99886177970911,1.01124278703818
17,4,1.00303306790783,0.998888191968154,1.01045064237817
17.2,4,1.00277521876423,0.998942839972767,1.00969296680309
17.4,4,1.00252519461589,0.998999024204118,1.00895164864744
17.6,4,1.0022828338338,0.999042893484131,1.00822600854747
17.8,4,1.00204802665623,0.999084822242354,1.00750056724693
18,4,1.00182072069709,0.999148430590613,1.00678800941043
18.2,4,1.00160092633749,0.999210827690131,1.00606490930103
18.4,4,1.0013887219774,0.999271555208805,1.00535029925086
18.6,4,1.00118425912126,0.999342436758832,1.00462049108084
18.8,4,1.00098776726817,0.999420324054137,1.00390425293732
19,4,1.00079955857341,0.99950258982557,1.00320947191715
19.2,4,1.00062003224377,0.999586904381601,1.00254404114496
19.4,4,1.00044967862441,0.99967851845281,1.00187689708982
19.6,4,1.00028908293025,0.999780989401922,1.00123281249603
19.8,4,1.00013892856926,0.999883312725325,1.00060503607772
20,4,1,1,1
20.2,4,0.999873185060492,0.999410616773231,1.0001272839635
20.4,4,0.999759476700154,0.998843164627089,1.00026289886913
20.6,4,0.999659974041965,0.998308065666169,1.00040938178255
20.8,4,0.999575882697592,0.997795379925896,1.00056717834002
21,4,0.999508514254574,0.997326083438945,1.00073650651376
21.2,4,0.999459284851829,0.996863481892848,1.00093001052126
21.4,4,0.999429712757898,0.996432742207395,1.00113425489731
21.6,4,0.999421414865681,0.995989417043275,1.00137460543201
21.8,4,0.999436102018083,0.995606374243593,1.00162209954065
22,4,0.999475573081126,0.995218607522751,1.00190959672618
22.2,4,0.999541707684904,0.994918538716658,1.00226040948685
22.4,4,0.99963645755829,0.994691993029945,1.00263500539345
22.6,4,0.999761836390722,0.994398396334192,1.00303960355866
22.8,4,0.999919908163788,0.994205901272713,1.00347404800599
23,4,1.00011277390672,0.993972371217205,1.00395977887413
23.2,4,1.00034255684331,0.99391505037162,1.00449243515866
23.4,4,1.00061138591335,0.993975706585013,1.00503851650987
23.6,4,1.00092137766908,0.994019695897207,1.00566864080403
23.8,4,1.00127461656671,0.994001318276987,1.00631011986075
24,4,1.00167313369451,0.99409665148699,1.00698329036457
24.2,4,1.00211888400187,0.994344783816843,1.00779882173022
24.4,4,1.00261372211862,0.994551945479604,1.00861753242626
24.6,4,1.00315937687992,0.994831922280347,1.00956733696241
24.8,4,1.00375742469937,0.99509948952613,1.01053337273878
25,4,1.00440926196102,0.995482909177098,1.01163261997075
25.2,4,1.00511607662988,0.996051062867422,1.01270476314248
25.4,4,1.0058788193096,0.996783762495131,1.01380886247364
25.6,4,1.00669817400463,0.997283337727071,1.01493011006336
25.8,4,1.00757452887313,0.997744287190792,1.01612137367404
26,4,1.0085079472838,0.998312072270082,1.01735810256631
26.2,4,1.00949813951634,0.998635521660048,1.01860065105356
26.4,4,1.01054443546882,0.998965809031366,1.0200446486389
26.6,4,1.01164575875721,0.999199443417482,1.02151126170638
26.8,4,1.01280060261026,0.999370295185706,1.02306677823192
27,4,1.01400700797801,0.999530465389575,1.02464629273661
27.2,4,1.01526254428182,0.999836878816434,1.02625305746923
27.4,4,1.01656429323955,0.999941486261819,1.02792215963854
27.6,4,1.01790883619812,1.00030711568341,1.02965360261772
27.8,4,1.0192922453991,1.00058625385426,1.03144858213501
28,4,1.02071007958835,1.00084697478122,1.03324690320779
28.2,4,1.02215738435876,1.00090403597259,1.03525516354467
28.4,4,1.02362869758496,1.0009628171733,1.03706411276621
28.6,4,1.02511806026993,1.00101959383515,1.03921457427843
28.8,4,1.02661903307538,1.00104472785529,1.04111776316573
29,4,1.02812471875069,1.00109437583225,1.0431259731225
29.2,4,1.02962779060945,1.0011737438311,1.04554650940694
29.4,4,1.03112052712712,1.00128013370867,1.04771522646845
29.6,4,1.0325948526509,1.00135675208883,1.04975098362587
29.8,4,1.03404238412181,1.00147161562111,1.05160447036921
30,4,1.03545448361274,1.00159785033003,1.05350355496609
30.2,4,1.03682231638427,1.00167033950763,1.05509287089127
30.4,4,1.03813691405559,1.00174451943198,1.05686516221993
30.6,4,1.03938924238216,1.00183860107231,1.05834808015498
30.8,4,1.04057027302707,1.00193352799956,1.05988934065579
31,4,1.04167105861261,1.00202912911454,1.06135425618819
31.2,4,1.0426828102437,1.00212522978116,1.06290993467027
31.4,4,1.04359697660997,1.00222165267987,1.064143564719
31.6,4,1.04440532369951,1.00231821870168,1.06514563065451
31.8,4,1.04510001409808,1.00241474787351,1.06631621015639
32,4,1.04567368480563,1.00251106030586,1.06730054058877
32.2,4,1.04611952247842,1.00260697715258,1.06780100670101
32.4,4,1.04643133500223,1.00270232157315,1.06848579468733
32.6,4,1.04660361832169,1.00279691968728,1.06908654856357
32.8,4,1.04663161749179,1.00289060151187,1.06947484600812
33,4,1.04651138098243,1.00298725434634,1.0698872004468
33.2,4,1.04623980735225,1.00304179560424,1.07015129508314
33.4,4,1.04581468351476,1.00314040009797,1.07006402791491
33.6,4,1.04523471394468,1.00309779496553,1.06968052270921
33.8,4,1.04449954031303,1.00320445825606,1.06963896055806
34,4,1.04360975119343,1.00320097802843,1.06934628124964
34.2,4,1.04256688164433,1.0033143506718,1.06876428748453
34.4,4,1.04137340264005,1.00338520183609,1.0678803600248
34.6,4,1.04003270049242,1.00326000200599,1.06637499576508
34.8,4,1.03854904657045,1.00311742100751,1.06564967954328
35,4,1.03692755778454,1.00324148402399,1.06466909846509
35.2,4,1.03517414844908,1.00277617279091,1.06277677067167
35.4,4,1.03329547427087,1.00254128771461,1.06138273738141
35.6,4,1.03129886932652,1.00202307363155,1.05976279388253
35.8,4,1.0291922769881,1.00128190651211,1.05822611753542
36,4,1.02698417583091,1.00091559016337,1.05677174817299
36.2,4,1.02468350160909,0.99949257557531,1.05476832314222
36.4,4,1.02229956641398,0.996846192104889,1.05297576716234
36.6,4,1.01984197613598,0.99394649904146,1.05094426507882
36.8,4,1.01732054733573,0.990543162678309,1.04907570023958
37,4,1.01474522459417,0.98763340817854,1.04737028357757
37.2,4,1.01212599935732,0.984368104289275,1.04553406562227
37.4,4,1.00947283122114,0.980836241417827,1.04345967839852
37.6,4,1.0067955725188,0.977438419043805,1.04134309411415
37.8,4,1.00410389697795,0.974228066118682,1.03941460592231
38,4,1.00140723311427,0.970675915959543,1.03730992074398
38.2,4,0.998714702920006,0.96674700491461,1.03549654963732
38.4,4,0.996035066297412,0.963252265392989,1.03325176323197
38.6,4,0.993376671577409,0.959855070417477,1.03137934918918
38.8,4,0.990747412357319,0.956371631319297,1.02938673677632
39,4,0.988154690788854,0.952961954956964,1.02756378920058
39.2,4,0.985605387351156,0.949394354630325,1.02567788888316
39.4,4,0.983105837054385,0.945908339049435,1.02394554699554
39.6,4,0.980661811938426,0.942639659195403,1.0224306785495
39.8,4,0.978278509659212,0.939533868589192,1.0208922176566
40,4,0.9759605478925,0.936558358632841,1.01934272321757
0,5,1.01084091477556,0.997400931200736,1.03822136132604
0.2,5,1.01082170396153,0.997564370135603,1.03799907191214
0.4,5,1.01079967874101,0.997733818550128,1.03776568788093
0.6,5,1.01077460818813,0.997909043554587,1.03755997789422
0.8,5,1.01074625603023,0.998087057279352,1.03734301917861
1,5,1.01071438188505,0.998284032435831,1.03711201494913
1.2,5,1.01067874263273,0.998439544463595,1.03679184413377
1.4,5,1.01063909391786,0.998540530099704,1.03641866851589
1.6,5,1.01059519177511,0.998553939593301,1.0360973134591
1.8,5,1.01054679436986,0.998624745019365,1.03578660205984
2,5,1.01049366384326,0.998787061951948,1.03550212613743
2.2,5,1.01043556824914,0.998949673589195,1.03527861482121
2.4,5,1.0103722835683,0.998997805135923,1.03503950427094
2.6,5,1.01030359578372,0.999115514111465,1.034693249297
2.8,5,1.01022930299876,0.999142682403785,1.03425869260093
3,5,1.01014921757848,0.999130614770573,1.03384369607238
3.2,5,1.01006316829308,0.99915568839183,1.03331952527237
3.4,5,1.00997100244116,0.999180207682864,1.03288130791235
3.6,5,1.00987258792954,0.999238823584691,1.03243515569992
3.8,5,1.00976781528581,0.99943258439555,1.03203156892066
4,5,1.00965659957923,0.999594896474849,1.03169155159133
4.2,5,1.00953888222576,0.99959043674212,1.03124752575094
4.4,5,1.00941463265308,0.999577911112737,1.03086859017955
4.6,5,1.00928384980208,0.999585306763493,1.03047558647817
4.8,5,1.00914656344253,0.999578089304095,1.03002781017311
5,5,1.00900283528132,0.999561399231495,1.02971428227385
5.2,5,1.00885275984406,0.999548092968253,1.02922194191184
5.4,5,1.00869646511203,0.999573896168473,1.02850946750307
5.6,5,1.00853411289924,0.999536734078682,1.02784004806132
5.8,5,1.00836589895656,0.999487186527794,1.02716739224183
6,5,1.00819205279279,0.999399758016947,1.02669696828964
6.2,5,1.00801283720542,0.999321281728626,1.02632144051119
6.4,5,1.00782854751704,0.999233253535192,1.02599461779397
6.6,5,1.00763951051658,0.999241427751273,1.02534601977742
6.8,5,1.00744608310785,0.999183800432314,1.02478367044493
7,5,1.00724865067141,0.999112576843379,1.02423337607922
7.2,5,1.00704762514902,0.999087118765701,1.02369899340974
7.4,5,1.00684344286325,0.999078455228116,1.02309501435154
7.6,5,1.00663656208807,0.999067834771082,1.02257177595621
7.8,5,1.00642746038939,0.998938450973558,1.02205914427886
8,5,1.006216631757,0.998848071951925,1.02161026176127
8.2,5,1.00600458355262,0.998677955636062,1.021148829217
8.4,5,1.00579183330023,0.998494053504584,1.02053336816653
8.6,5,1.00557890534778,0.998382012371531,1.02007786165152
8.8,5,1.0053663274303,0.998406771091724,1.01962578584651
9,5,1.00515462716618,0.998401652322302,1.01903513941645
9.2,5,1.00494432851917,0.998308869692784,1.0186616973584
9.4,5,1.0047359482592,0.998196869004685,1.01823439679398
9.6,5,1.00452999245525,0.99818166541212,1.0179378979657
9.8,5,1.00432695303322,0.99806523557152,1.01750316439724
10,5,1.00412730443125,0.997944961268755,1.0171618228531
10.2,5,1.0039315003836,0.997901628827288,1.01671356174376
10.4,5,1.00373997086319,0.997832794890923,1.01636998475029
10.6,5,1.00355311921079,0.997697003534835,1.01588789330517
10.8,5,1.00337131947719,0.997598164687949,1.0153970742405
11,5,1.00319491400204,0.997570189600747,1.01510257441105
11.2,5,1.00302421125053,0.997478485033748,1.01478392981276
11.4,5,1.00285948392661,0.997366101974771,1.01434976463832
11.6,5,1.00270096737803,0.99722897520014,1.0138658852113
11.8,5,1.00254885830567,0.997125026014728,1.01336670127888
12,5,1.00240331378649,0.997114612786222,1.01299283599021
12.2,5,1.00226445061608,0.997156414413203,1.01258098849067
12.4,5,1.00213234497351,0.99709793397407,1.01225165068668
12.6,5,1.00200703240825,0.997101895858602,1.0118242091658
12.8,5,1.00188850814545,0.997065514926194,1.01140355801313
13,5,1.00177672770315,0.997038670746459,1.01101715034549
13.2,5,1.0016716078119,0.997030488512174,1.01069234117439
13.4,5,1.00157302762467,0.997012501395804,1.01029611155557
13.6,5,1.00148083020235,0.997013420139451,1.00995314541258
13.8,5,1.00139482425794,0.997004509119498,1.00955879101036
14,5,1.0013147861403,0.997019760405113,1.00921203409951
14.2,5,1.0012404620367,0.997071324341013,1.00886763250541
14.4,5,1.00117157037184,0.997101969256669,1.00855076169036
14.6,5,1.00110780437963,0.997144824289854,1.00825358878839
14.8,5,1.00104883482318,0.997223303471124,1.00795338604797
15,5,1.00099431283762,0.997254043403299,1.00769495017101
15.2,5,1.00094387287009,0.997336536544403,1.00740737247767
15.4,5,1.00089713569079,0.9974328208437,1.00716871971436
15.6,5,1.00085371144939,0.997538689779145,1.00690715902937
15.8,5,1.00081320275106,0.997619266678574,1.00668992341181
16,5,1.00077520772713,0.997730967820542,1.00645989956951
16.2,5,1.00073932307604,0.997856097567933,1.00618597218526
16.4,5,1.00070514705112,0.998003911798253,1.00588927829687
16.6,5,1.00067228237272,0.998111397715762,1.00556759120498
16.8,5,1.00064033904363,0.9982583769243,1.00527952122132
17,5,1.00060893704762,0.998364762449973,1.0049820372627
17.2,5,1.0005777089128,0.998485742298125,1.00469921819379
17.4,5,1.00054630212248,0.998600643754579,1.00446492195315
17.6,5,1.0005143813581,0.998725734562176,1.00421705248459
17.8,5,1.00048163056007,0.998827346816773,1.003941655339
18,5,1.00044775479403,0.998960347281552,1.00365402311354
18.2,5,1.00041248191159,0.999084997936057,1.00333442139813
18.4,5,1.00037556399619,0.999207010606812,1.00304387878004
18.6,5,1.00033677858619,0.999311608149629,1.00272870073202
18.8,5,1.0002959296689,0.999409987758796,1.00238097123869
19,5,1.00025284844081,0.999516777766369,1.00201621015617
19.2,5,1.00020739383065,0.999614849289972,1.00163980546938
19.4,5,1.0001594527836,0.999707506507559,1.00124820635008
19.6,5,1.00010894030621,0.999806909747855,1.00085658069596
19.8,5,1.00005579927341,0.999903193725302,1.00043435965504
20,5,1,1,1
20.2,5,0.999941539581052,0.999552635512415,1.00009650727874
20.4,5,0.999880441006716,0.99908740811759,1.00019341678616
20.6,5,0.999816752058721,0.99859999294468,1.00028840800687
20.8,5,0.999750543997296,0.998092755245905,1.00038373267056
21,5,0.999681910048878,0.997572094376533,1.00047635896764
21.2,5,0.999610963706547,0.997048467445088,1.00057264464529
21.4,5,0.999537836856752,0.996530898920956,1.0006734038648
21.6,5,0.999462677747537,0.995981688998701,1.00078710463317
21.8,5,0.999385648815092,0.995418728563413,1.00089444242363
22,5,0.999306924387061,0.99480635228555,1.0010228477147
22.2,5,0.999226688282622,0.994236057370546,1.00113197970717
22.4,5,0.999145131330843,0.99360921404427,1.00124826345087
22.6,5,0.999062448830263,0.99297636581959,1.00138124173296
22.8,5,0.998978837973916,0.9923745138665,1.00148406041951
23,5,0.998894495265208,0.991787655465575,1.00160926137825
23.2,5,0.998809613950999,0.991157347437348,1.00177555740702
23.4,5,0.998724381499001,0.990639297621223,1.00195816355667
23.6,5,0.998638977147125,0.990134327003744,1.00208909189409
23.8,5,0.998553569552617,0.989579664508943,1.00222263820769
24,5,0.998468314568734,0.988973221879699,1.00237804460665
24.2,5,0.998383353176279,0.988263937856516,1.00250798070977
24.4,5,0.998298809596531,0.987605379962358,1.00271959877585
24.6,5,0.998214789610913,0.986878029213059,1.00295142380047
24.8,5,0.998131379111174,0.986154572063048,1.00315583585358
25,5,0.998048642901893,0.985387713814066,1.00327920294363
25.2,5,0.997966623774733,0.984635825854315,1.00353958744611
25.4,5,0.997885341871137,0.983880074790561,1.00389681843276
25.6,5,0.997804794346997,0.983121330074902,1.00420218076137
25.8,5,0.997724955349403,0.982433149631962,1.00445451438799
26,5,0.997645776311764,0.981794846431608,1.0046617863102
26.2,5,0.99756718656959,0.981081331703122,1.0049312823927
26.4,5,0.99748909429497,0.980323115474671,1.00526118064064
26.6,5,0.997411387743398,0.979566950829994,1.00549194137813
26.8,5,0.997333936802116,0.978869873152263,1.00585419910225
27,5,0.99725659482468,0.978132489558282,1.00622249167382
27.2,5,0.997179200732038,0.97742279049433,1.00659572051299
27.4,5,0.997101581356119,0.976759432156869,1.00694153736897
27.6,5,0.997023553997933,0.976039923174968,1.00726893666747
27.8,5,0.996944929168398,0.975332229906817,1.00766260621951
28,5,0.996865513476777,0.974637661396662,1.00811384589437
28.2,5,0.996785112628713,0.974058726179726,1.00849894354984
28.4,5,0.996703534493443,0.973538644426089,1.00894787037748
28.6,5,0.996620592197983,0.973041785061167,1.00924306025546
28.8,5,0.996536107204919,0.972616385196572,1.00964919643714
29,5,0.996449912329894,0.972120267160826,1.0099714896687
29.2,5,0.996361854655125,0.971606362620251,1.01034210856852
29.4,5,0.996271798296137,0.971106483252764,1.01075606125732
29.6,5,0.996179626980551,0.970572518737467,1.01113559898762
29.8,5,0.996085246400047,0.969904986784359,1.01142520301952
30,5,0.995988586299624,0.969237593549772,1.01169989996081
30.2,5,0.995889602271853,0.968600741304302,1.01195861839421
30.4,5,0.995788277228042,0.968139341306199,1.01213357225093
30.6,5,0.995684622522863,0.967745453217815,1.01229624689809
30.8,5,0.995578678714144,0.967375858181656,1.01246405583978
31,5,0.995470515944951,0.966894404453636,1.01261402238496
31.2,5,0.995360233940774,0.966578536368433,1.01274740428635
31.4,5,0.995247961620477,0.966289350500543,1.01286337052047
31.6,5,0.99513385632552,0.965918745595599,1.01300113275234
31.8,5,0.995018102677769,0.96538872245045,1.01314097142778
32,5,0.994900911081806,0.964968107115895,1.0132569552259
32.2,5,0.994782515893026,0.964616085175113,1.01320337053487
32.4,5,0.994663173277752,0.96406077116624,1.01318984597002
32.6,5,0.994543158796099,0.963871959428186,1.01330929954358
32.8,5,0.994422764742309,0.963749223083657,1.01341345718787
33,5,0.994302297280613,0.963651080217517,1.01331527852706
33.2,5,0.994182073417379,0.963455318952714,1.01323295453276
33.4,5,0.994062417852302,0.962906753915179,1.01307788220165
33.6,5,0.993943659752632,0.962286502445312,1.01271867171273
33.8,5,0.99382612949499,0.961952362247216,1.01237092196665
34,5,0.993710155419061,0.961642080287052,1.01224283348561
34.2,5,0.993596060636541,0.961442707788558,1.0121341375208
34.4,5,0.993484159937059,0.960859271922049,1.01188699836868
34.6,5,0.993374756830536,0.960380666989366,1.011682734397
34.8,5,0.993268140762552,0.959427626932123,1.01175396880707
35,5,0.993164584535893,0.959013122895815,1.01136781903103
35.2,5,0.99306434196761,0.958293719996464,1.01123369555185
35.4,5,0.9929676458067,0.957846595423735,1.01121118412861
35.6,5,0.992874705932973,0.957325014891448,1.01105782051572
35.8,5,0.992785707853017,0.956643186133415,1.01073305761914
36,5,0.992700811504309,0.955884322804431,1.01032172670556
36.2,5,0.992620150373685,0.954967615380696,1.01016566667727
36.4,5,0.992543830931653,0.954463049028254,1.01028497443307
36.6,5,0.992471932379326,0.953720656163162,1.0101284752621
36.8,5,0.992404506700429,0.953196452435384,1.01031013378185
37,5,0.99234157900665,0.952717427259722,1.01038669829123
37.2,5,0.992283148160889,0.952175843894287,1.01033235570856
37.4,5,0.992229187659558,0.951616558227355,1.01041761381804
37.6,5,0.992179646752188,0.951254493593954,1.01048552115858
37.8,5,0.992134451774138,0.950712149298785,1.01031268974198
38,5,0.992093507666272,0.95026204123417,1.01066674568514
38.2,5,0.992056699653989,0.949596179424909,1.0109096118933
38.4,5,0.992023895057092,0.949075840193266,1.01132832159365
38.6,5,0.99199494520152,0.948425014414438,1.01140680308901
38.8,5,0.991969687404021,0.948104136434378,1.01163970336703
39,5,0.991947947001329,0.947662988134299,1.01195483437312
39.2,5,0.991929539396338,0.947198281618706,1.01233603317422
39.4,5,0.991914272095065,0.946891717619718,1.01278476656484
39.6,5,0.991901946709828,0.946595273029701,1.01314891107623
39.8,5,0.991892360906002,0.946049481039718,1.01350124883564
40,5,0.991885310271889,0.94577878953105,1.0137963911401
0,6,1.00757744973269,0.996375646233311,1.01971831256108
0.2,6,1.00757145224243,0.996391364138718,1.0196653688377
0.4,6,1.00756348969105,0.996422292610612,1.01964684080385
0.6,6,1.00755335956032,0.996518922434835,1.01953924774245
0.8,6,1.0075408526364,0.996662011816591,1.01942701110224
1,6,1.00752575402844,0.996867886047706,1.01932154833321
1.2,6,1.00750784432116,0.996995884121011,1.01921622012072
1.4,6,1.00748690085877,0.997103194662885,1.0191030683179
1.6,6,1.00746269915588,0.997264595237614,1.0191340410889
1.8,6,1.00743501442872,0.997461492718571,1.01921574466316
2,6,1.00740362323864,0.997674631444773,1.01931453265899
2.2,6,1.00736830523724,0.997884109783182,1.01924228973785
2.4,6,1.0073288450011,0.998077065471078,1.01916617272454
2.6,6,1.00728503394175,0.998147559349548,1.01889712204222
2.8,6,1.00723667227502,0.998251066747323,1.01861477102967
3,6,1.00718357103216,0.998337119010641,1.01832570185515
3.2,6,1.00712555409334,0.998445275002788,1.01823577895834
3.4,6,1.0070624602233,0.998491903932486,1.01817218728468
3.6,6,1.00699414508723,0.998484252567882,1.01794087235961
3.8,6,1.00692048322459,0.998558272351954,1.01766640348519
4,6,1.00684136995756,0.998687712225048,1.01752919669994
4.2,6,1.00675672321079,0.998666384785244,1.01739430187982
4.4,6,1.00666648521892,0.998764008794841,1.01736654800274
4.6,6,1.00657062409878,0.998874145892417,1.01742894175164
4.8,6,1.00646913526374,0.998789695640014,1.01735420738524
5,6,1.00636204265876,0.998741684339878,1.01721567258256
5.2,6,1.00624939979577,0.998816901087718,1.01696903374315
5.4,6,1.00613129057106,0.998771370611685,1.01678596350823
5.6,6,1.00600782984776,0.998701221837587,1.01660025707781
5.8,6,1.00587916378918,0.998779760915983,1.01638158869883
6,6,1.00574546993104,0.998803037929155,1.01618218165431
6.2,6,1.00560695698326,0.998735432315198,1.01587174217837
6.4,6,1.00546386435512,0.998665236979895,1.01557526030512
6.6,6,1.00531646140055,0.998674598018721,1.01533043632249
6.8,6,1.00516504638332,0.998677249797237,1.01515893384017
7,6,1.00500994516559,0.998639994685715,1.01502273486842
7.2,6,1.00485150962597,0.99862197954391,1.01483924664533
7.4,6,1.00469011581716,0.998559585150205,1.01464604164067
7.6,6,1.00452616187569,0.998499931225993,1.0144694319382
7.8,6,1.00436006570009,0.998449708357521,1.01426135726629
8,6,1.0041922624161,0.998402774047575,1.01399459716197
8.2,6,1.00402320165055,0.998344868802355,1.01369657320044
8.4,6,1.00385334463797,0.998255463549898,1.01339240745777
8.6,6,1.00368316118607,0.998170355595406,1.01312619620135
8.8,6,1.00351312652807,0.998059519483671,1.01286475312942
9,6,1.00334371809151,0.997902491808486,1.01257956917533
9.2,6,1.00317541221418,0.997877148860725,1.01223492724958
9.4,6,1.00300868083869,0.997868759872077,1.01188817385124
9.6,6,1.00284398821752,0.997786844724128,1.01153989199684
9.8,6,1.00268178766047,0.997816119771901,1.01122177290473
10,6,1.00252251835596,0.997683082425051,1.01093086217584
10.2,6,1.002366602297,0.997539292765271,1.01049181608431
10.4,6,1.00221444134131,0.997400394026156,1.01014360464041
10.6,6,1.00206641443396,0.997414278358632,1.00979673832629
10.8,6,1.00192287501856,0.997318601329436,1.00945175655737
11,6,1.00178414866158,0.997236193203211,1.0091092621126
11.2,6,1.00165053091149,0.997135717171295,1.00878893972071
11.4,6,1.00152228541202,0.997058486291384,1.00851458409828
11.6,6,1.00139964228627,0.996993810030636,1.00819772282631
11.8,6,1.00128279680497,0.996973548020302,1.00789239072366
12,6,1.00117190834972,0.996935749677554,1.00759425644267
12.2,6,1.00106709967838,0.996908781073923,1.00730220959485
12.4,6,1.00096845649705,0.99684900548301,1.0071138353088
12.6,6,1.00087602733963,0.996819002834879,1.00688451187758
12.8,6,1.00078982375303,0.996820707405362,1.00663264827377
13,6,1.00070982078302,0.996833520867404,1.00635273886745
13.2,6,1.00063595775276,0.996817807223382,1.00608928742198
13.4,6,1.00056813932334,0.996785104943029,1.00583420174356
13.6,6,1.00050623682319,0.996791879131855,1.00558756084624
13.8,6,1.00045008983061,0.996835931939489,1.0054055136229
14,6,1.00039950799177,0.996847159020486,1.00516376960584
14.2,6,1.00035427305457,0.996876451552744,1.00493410241752
14.4,6,1.00031414109693,0.996924921590927,1.00471635948788
14.6,6,1.00027884492708,0.997043794225085,1.00448690888928
14.8,6,1.00024809663197,0.997106226698887,1.00431738591207
15,6,1.00022159024921,0.997165615042153,1.00412413249937
15.2,6,1.00019900453766,0.997233577088385,1.00387404547122
15.4,6,1.000180005821,0.997339630581774,1.00368792891768
15.6,6,1.00016425087912,0.997468350410769,1.0035066710356
15.8,6,1.00015138986203,0.997593663407788,1.00336427749823
16,6,1.00014106920154,0.997688028161428,1.00317998303768
16.2,6,1.00013293449676,0.997764057226287,1.00301783403477
16.4,6,1.00012663335008,0.997888333187051,1.00292303880137
16.6,6,1.00012181813148,0.998018296595724,1.00279160676176
16.8,6,1.0001181486502,0.998122719042959,1.00262492379267
17,6,1.00011529471391,0.998252666114551,1.00244214636368
17.2,6,1.00011293855718,0.998380771363354,1.00230348811877
17.4,6,1.00011077712236,0.998510334459471,1.00215640383246
17.6,6,1.00010852417754,0.998637684810389,1.00199156312028
17.8,6,1.00010591225789,0.998751224659502,1.00185372991614
18,6,1.00010269441841,0.998877705747,1.00169113949301
18.2,6,1.00009864578739,0.998990814946376,1.00150471231783
18.4,6,1.00009356491207,0.99910896430758,1.00134457414745
18.6,6,1.00008727488907,0.999223135763062,1.0011987220886
18.8,6,1.00007962427407,0.999326283015517,1.00104592846914
19,6,1.00007048776685,0.99945524034578,1.00087488456119
19.2,6,1.00005976666916,0.999563008971051,1.00069956380516
19.4,6,1.00004738911452,0.999669218621068,1.00052169984564
19.6,6,1.00003331007074,0.999778409187314,1.00035357402074
19.8,6,1.0000175111171,0.999888899554436,1.00017936480843
20,6,1,1,1
20.2,6,0.999980809971983,0.999821391631657,1.00010877901142
20.4,6,0.999959998920837,0.999641887929907,1.00021740344989
20.6,6,0.999937648296655,0.99946179830653,1.00033444024509
20.8,6,0.999913861846319,0.999278659210927,1.00044762269798
21,6,0.999888764166268,0.999101079819413,1.0005700542437
21.2,6,0.99986249908583,0.998932296809067,1.00068669130872
21.4,6,0.999835227894803,0.998773709190774,1.00079347672046
21.6,6,0.999807127430365,0.998576924146883,1.00091054817029
21.8,6,0.999778388039754,0.99838980206246,1.00104279339402
22,6,0.99974921143645,0.99820122846025,1.0011807657978
22.2,6,0.999719808468839,0.998011159521204,1.00129404340331
22.4,6,0.999690396821543,0.997818414554239,1.0014549855456
22.6,6,0.9996611986706,0.997625206884553,1.00161571869753
22.8,6,0.999632438314681,0.997467862756652,1.00175383234387
23,6,0.999604339805267,0.997298314791798,1.0019026525351
23.2,6,0.999577124599348,0.997136633514067,1.00201744636559
23.4,6,0.999551009258594,0.99698375327723,1.00212540236207
23.6,6,0.999526203219134,0.996836322199771,1.00225388809479
23.8,6,0.999502906655976,0.996703294595702,1.00242382001208
24,6,0.999481308465758,0.996541077190718,1.00264945215613
24.2,6,0.999461584390857,0.996387696074065,1.00283589356481
24.4,6,0.99944389530689,0.9962392388155,1.00298331049763
24.6,6,0.999428385694383,0.996118253734691,1.00315583402927
24.8,6,0.999415182313705,0.99594868184699,1.00336768936934
25,6,0.999404393100454,0.995705734693071,1.00361469691702
25.2,6,0.99939610629616,0.995538018103172,1.00388359988788
25.4,6,0.999390389826623,0.995470050020454,1.00409363876992
25.6,6,0.999387290937293,0.99530462298807,1.0043436588489
25.8,6,0.999386836092001,0.995200921064951,1.00468236423489
26,6,0.999389031137979,0.9950444457012,1.00505059901498
26.2,6,0.999393861736587,0.994944142757352,1.00522466117178
26.4,6,0.999401294055531,0.994880561793706,1.00543753457591
26.6,6,0.999411275714599,0.994718462644722,1.00581856745755
26.8,6,0.99942373697323,0.994572760729151,1.00618805036378
27,6,0.999438592144569,0.994402906562456,1.00656502507536
27.2,6,0.999455741217046,0.994299427948606,1.00694415791907
27.4,6,0.999475071661209,0.9940478399826,1.00735533407699
27.6,6,0.999496460396381,0.993950681794874,1.00780090546687
27.8,6,0.999519775888927,0.993841317435331,1.00824646763036
28,6,0.999544880351514,0.993629266753123,1.00863149792869
28.2,6,0.999571632010752,0.993381694025584,1.00895037287428
28.4,6,0.999599887409149,0.993075837285962,1.00904803869208
28.6,6,0.999629503706323,0.992820086311352,1.00936826356439
28.8,6,0.999660340944065,0.992635584893234,1.00977580079383
29,6,0.999692264240017,0.992378136702423,1.01019635113323
29.2,6,0.999725145875568,0.992250213304121,1.0105682962212
29.4,6,0.99975886724492,0.99207208993815,1.01077528846062
29.6,6,0.999793320634319,0.991913947707055,1.01110574008586
29.8,6,0.999828410802958,0.991598681805599,1.01134542503666
30,6,0.999864056340155,0.991457938073996,1.01156640721672
30.2,6,0.999900190776948,0.991298543942095,1.011767432408
30.4,6,0.999936763434228,0.991160531395642,1.01194732413358
30.6,6,0.999973739993843,0.990737293729183,1.01210499291622
30.8,6,1.0000111027837,0.990738785368586,1.01223944498343
31,6,1.00004885077266,0.990542481495393,1.01246269831149
31.2,6,1.00008699927588,0.990197913769106,1.01259137123499
31.4,6,1.00012557937618,0.98996040382675,1.01264729640431
31.6,6,1.00016463707178,0.989820371205041,1.01294350213672
31.8,6,1.00020423216527,0.989584405305175,1.01310110195894
32,6,1.00024443691326,0.989321306327484,1.01307059458127
32.2,6,1.00028533445986,0.989090476456034,1.01310834027295
32.4,6,1.00032701708098,0.988667048782008,1.01318984597002
32.6,6,1.00036958426927,0.988208561497288,1.01324316219917
32.8,6,1.00041314069222,0.98772624688613,1.01326811218032
33,6,1.00045779405789,0.987330951431057,1.01326736141004
33.2,6,1.00050365292378,0.987059982014522,1.01323295453276
33.4,6,1.00055082448539,0.986838834383144,1.01324896778584
33.6,6,1.00059941238066,0.986547317800207,1.01347525040392
33.8,6,1.00064951454606,0.98616508102085,1.0134894431359
34,6,1.00070122115873,0.985687611556968,1.01345342825888
34.2,6,1.00075461269713,0.985349191545781,1.01351504119343
34.4,6,1.00080975815044,0.984946383130224,1.01322582168367
34.6,6,1.00086671340379,0.984519055199249,1.0131973045907
34.8,6,1.0009255198232,0.984212391759321,1.01298620773296
35,6,1.00098620306024,0.983544842962911,1.01296699341525
35.2,6,1.00104877209274,0.982970460839164,1.01289225625355
35.4,6,1.00111321851315,0.982574492121835,1.01286833794684
35.6,6,1.00117951607244,0.982139282252282,1.01290280857541
35.8,6,1.00124762048258,0.98165835727154,1.0126858794913
36,6,1.00131746947648,0.98108527299112,1.01270606285752
36.2,6,1.00138898312034,0.980760913601161,1.01305995666978
36.4,6,1.00146206436897,0.980422945119106,1.01302189475538
36.6,6,1.00153659985115,0.979949652868111,1.0129094434534
36.8,6,1.00161246086884,0.979661632683986,1.01300274972555
37,6,1.0016895045907,0.979324706600922,1.01311326595954
37.2,6,1.00176757541828,0.978856479507605,1.01328923888514
37.4,6,1.00184650650062,0.978386680188127,1.01366874050305
37.6,6,1.00192612137188,0.97800866473189,1.01369278695579
37.8,6,1.00200623568516,0.977644432269584,1.01386557494778
38,6,1.00208665901519,0.977331195499447,1.01406297034712
38.2,6,1.00216719670234,0.977143672571443,1.01427941725506
38.4,6,1.00224765171091,0.97665725063765,1.01451207147561
38.6,6,1.00232782647534,0.976299557020367,1.0149019823022
38.8,6,1.00240752470911,0.975875055647229,1.01504448705249
39,6,1.00248655315291,0.975463938833108,1.01515700082178
39.2,6,1.0025647232403,0.974835893076663,1.0151920270561
39.4,6,1.00264185266157,0.974073016374668,1.01554311266856
39.6,6,1.00271776680863,0.973672762457922,1.01589118227277
39.8,6,1.00279230008648,0.973446949679303,1.0160411599615
40,6,1.00286529707967,0.973311565687923,1.01651311834549
0,7,1.00731366784766,0.997496052903133,1.01753234179606
0.2,7,1.0073071848125,0.997836823963553,1.01740538405649
0.4,7,1.00729870254039,0.998139359663162,1.01728780873846
0.6,7,1.0072880170314,0.998416036929557,1.01718476533948
0.8,7,1.00727491762249,0.998427066237939,1.01710406539951
1,7,1.0072591880192,0.998389973314432,1.01699034110925
1.2,7,1.00724060746253,0.998543636868983,1.01686217352916
1.4,7,1.00721895202821,0.998652793515186,1.01670355730451
1.6,7,1.00719399605404,0.99874541688435,1.01657754041095
1.8,7,1.00716551368867,0.998903271774072,1.01634510438066
2,7,1.00713328055361,0.99911811902899,1.01629945151112
2.2,7,1.00709707550787,0.999169940774294,1.01620164544252
2.4,7,1.00705668250307,0.999177129071422,1.01601564007747
2.6,7,1.00701189251456,0.999278338453996,1.01582144311268
2.8,7,1.00696250553268,0.999413792577478,1.01569142356952
3,7,1.00690833259618,0.999588573005787,1.01563755103173
3.2,7,1.00684919784856,0.99964793929627,1.01546763979102
3.4,7,1.00678494059672,0.999675170960935,1.01541318381706
3.6,7,1.00671541734989,0.999699247346592,1.01524977121128
3.8,7,1.00664050381629,0.999784686230549,1.01513029612167
4,7,1.00656009683415,0.999953385392536,1.01497992990614
4.2,7,1.00647411621324,1.00001698882295,1.01483902253671
4.4,7,1.00638250646343,1.00002683375396,1.01462663673348
4.6,7,1.00628523838675,1.00011731143826,1.01447127352
4.8,7,1.00618231051021,1.00019875233832,1.01426757315333
5,7,1.00607375033758,1.00031148181555,1.01406721773438
5.2,7,1.00595961539966,1.00029440790189,1.01388234637624
5.4,7,1.00583999408424,1.00027239116536,1.01373515585649
5.6,7,1.0057150062287,1.00019951735353,1.01350943362
5.8,7,1.0055848034607,1.00016337628364,1.013271616316
6,7,1.00544956927474,1.00011804902342,1.01303244652248
6.2,7,1.00530951883507,1.0000259187808,1.01281609790261
6.4,7,1.00516489849851,0.999928064380875,1.01263119584941
6.6,7,1.00501598505372,0.99987609829586,1.01241237159057
6.8,7,1.00486308467666,0.999756760559678,1.01220996961056
7,7,1.00470653160542,0.999647022524809,1.0119699938228
7.2,7,1.00454668654058,0.999536181191248,1.01162917699506
7.4,7,1.00438393478104,0.999410061041531,1.01135289530498
7.6,7,1.00421868410799,0.999248295684706,1.01118594099447
7.8,7,1.00405136243312,0.999196566753545,1.01098083192243
8,7,1.00388241522993,0.999098481934369,1.01079563883867
8.2,7,1.00371230276994,0.999027727290163,1.01052457196452
8.4,7,1.00354149718784,0.998941914435174,1.01020509671346
8.6,7,1.00337047940197,0.998855532361213,1.00991687045946
8.8,7,1.00319973591853,0.998729112675679,1.00965203688326
9,7,1.00302975554921,0.99857952995499,1.00939568212062
9.2,7,1.00286102607326,0.998455780307765,1.00915103303746
9.4,7,1.00269403087598,0.998287854327957,1.00891022792628
9.6,7,1.00252924559575,0.998130597750163,1.00867078972163
9.8,7,1.00236713481192,0.997999277576996,1.00841838158852
10,7,1.00220814880551,0.997877547881293,1.00816806849349
10.2,7,1.00205272042393,0.997749582907556,1.00786772381314
10.4,7,1.00190126207975,0.997580251329652,1.00761236397271
10.6,7,1.00175416291208,0.997474250473196,1.00731712006108
10.8,7,1.0016117861375,0.997364489751926,1.00703451672799
11,7,1.00147446661506,0.997247243037421,1.00676108541876
11.2,7,1.00134250864783,0.997145141322167,1.00660846242957
11.4,7,1.00121618404068,0.997058834859996,1.00636052301072
11.6,7,1.00109573043115,0.996993810030636,1.00608804492566
11.8,7,1.00098134990745,0.997000350745902,1.005783376759
12,7,1.00087320792437,0.996883179012921,1.00555876131995
12.2,7,1.00077143252495,0.996828340512181,1.00533486315103
12.4,7,1.00067611387225,0.996768293375154,1.00512928626748
12.6,7,1.00058730409265,0.996704847321862,1.00492074831526
12.8,7,1.00050501742884,0.996630750425386,1.00474270154156
13,7,1.00042923069763,0.996571570762818,1.00459232263439
13.2,7,1.00035988404463,0.996588802281261,1.00442652283805
13.4,7,1.00029688198534,0.996572687891267,1.00421885900336
13.6,7,1.00024009471934,0.996606073199266,1.00403069230021
13.8,7,1.00018935970184,0.996646059231184,1.00382596976178
14,7,1.00014448345494,0.996676645749357,1.00366742466631
14.2,7,1.00010524359874,0.996696753352563,1.00349437027141
14.4,7,1.00007139108095,0.996758278879432,1.00334435394605
14.6,7,1.00004265258214,0.996818240318393,1.00322491936495
14.8,7,1.00001873307287,0.996916377848799,1.00311103063138
15,7,0.999999318497776,0.997027452114075,1.00301622070812
15.2,7,0.999984078561505,0.997158347103014,1.0029323696563
15.4,7,0.999972669590875,0.997244194201019,1.00282202156547
15.6,7,0.999964737447679,0.997350233159135,1.00269537950789
15.8,7,0.999959920466855,0.997466217159257,1.00256792645625
16,7,0.999957852395126,0.997587299184326,1.00246112525847
16.2,7,0.999958165305965,0.99770705043398,1.00235858728504
16.4,7,0.999960492467594,0.997834121301262,1.0022557345304
16.6,7,0.999964471141779,0.997978125542032,1.00215115919519
16.8,7,0.999969745292418,0.998078204110803,1.00204692996167
17,7,0.999975968184214,0.998178868493573,1.00195274613921
17.2,7,0.999982804853222,0.998314301192432,1.00183122688862
17.4,7,0.99998993443252,0.998463124356685,1.00168235969155
17.6,7,0.999997052317898,0.998597715355346,1.00155380736413
17.8,7,1.00000387216007,0.998733849388518,1.00143462714982
18,7,1.00001012767151,0.998859934162208,1.00130733073665
18.2,7,1.00001557423788,0.998991325222162,1.00117736131331
18.4,7,1.00001999032528,0.999114501262205,1.00104106905947
18.6,7,1.00002317867676,0.999238563692973,1.00091999971495
18.8,7,1.00002496729253,0.999355441867719,1.00079142333562
19,7,1.00002521019053,0.999469377856643,1.00065625427123
19.2,7,1.00002378794492,0.999571115803679,1.00052494835894
19.4,7,1.00002060800228,0.999673927932069,1.00039207455798
19.6,7,1.00001560477615,0.999778409187314,1.00026517587985
19.8,7,1.00000873952253,0.999887421882512,1.00013394032483
20,7,1,1,1
20.2,7,0.999989399919814,0.999863912275323,1.00010888214485
20.4,7,0.999976978192565,0.999723686927497,1.00021464229289
20.6,7,0.999962797979395,0.999587645329381,1.00031597234846
20.8,7,0.999946945557138,0.999447823581437,1.00041937789771
21,7,0.99992952900807,0.999311305292468,1.0005221496889
21.2,7,0.999910676746274,0.999175579203532,1.00062571972164
21.4,7,0.999890535893929,0.999036031546508,1.00073883954677
21.6,7,0.999869270522093,0.998892312506106,1.00084577661823
21.8,7,0.999847059771769,0.998759286264605,1.00094400950448
22,7,0.999824095872255,0.998623832406894,1.00106253876752
22.2,7,0.999800582074853,0.998481162374509,1.00116786570414
22.4,7,0.999776730521064,0.998343855512254,1.00126806200482
22.6,7,0.999752760065337,0.998213225994558,1.00135962761966
22.8,7,0.999728894073212,0.998085078598202,1.00148273576695
23,7,0.999705358216383,0.997969124935653,1.00159600958187
23.2,7,0.999682378286669,0.997862076870351,1.00171600208339
23.4,7,0.999660178051181,0.997759812784377,1.00179785820125
23.6,7,0.999638977171028,0.997652714478285,1.0019136157794
23.8,7,0.999618989205726,0.997561272578953,1.00200205758825
24,7,0.999600419725025,0.997457495520026,1.00213387549595
24.2,7,0.999583464549157,0.997375431101272,1.0022642124335
24.4,7,0.999568308137459,0.997275463369758,1.00235547498364
24.6,7,0.999555122144021,0.99717979828604,1.00247852177072
24.8,7,0.999544064157355,0.997074860254239,1.00261302114871
25,7,0.999535276639159,0.996983460634437,1.00279646328473
25.2,7,0.999528886075002,0.99686849144011,1.00294895372311
25.4,7,0.999525002347238,0.996761930489918,1.00307020970561
25.6,7,0.999523718337714,0.996689802640807,1.00317787327966
25.8,7,0.999525109764797,0.996608179800267,1.00328652889913
26,7,0.99952923525612,0.996478063982712,1.0033700104583
26.2,7,0.999536136655075,0.99639377247017,1.00350752212364
26.4,7,0.999545839555678,0.996344330505991,1.00357302244601
26.6,7,0.999558354056998,0.996344294841597,1.00369318053242
26.8,7,0.999573675724868,0.996320113152226,1.00374947477187
27,7,0.99959178674527,0.996259716139336,1.00385659816947
27.2,7,0.999612657250591,0.996161817200743,1.00392536988097
27.4,7,0.999636246796923,0.996158616538714,1.00409482722384
27.6,7,0.999662505967907,0.996162987479473,1.00429458207283
27.8,7,0.999691378078223,0.996103174166671,1.00445627668751
28,7,0.999722800947845,0.996073864126361,1.00460816882074
28.2,7,0.999756708716661,0.995958713583813,1.00475018450404
28.4,7,0.999793033668004,0.995916053883647,1.00486440548386
28.6,7,0.999831708029117,0.995821786814572,1.00509854680811
28.8,7,0.999872665716632,0.995817793737918,1.00530660095673
29,7,0.999915843995706,0.995751618870304,1.00549912829061
29.2,7,0.999961185022679,0.995763230490854,1.00568323600423
29.4,7,1.00000863724281,0.995767821407151,1.00569376246
29.6,7,1.00005815661698,0.995806074285503,1.00584451749787
29.8,7,1.00010970765398,0.995745335004304,1.00604375543465
30,7,1.0001632642284,0.995752225698601,1.00607275965472
30.2,7,1.00021881016758,0.995700898517972,1.0061863492625
30.4,7,1.00027633959543,0.995685716477276,1.00624400613803
30.6,7,1.00033585702494,0.995632905491234,1.00644082431899
30.8,7,1.00039737719594,0.995624945404245,1.00663384680108
31,7,1.00046092465915,0.995560658866993,1.00687338393313
31.2,7,1.00052653311219,0.995532487508836,1.00706639323694
31.4,7,1.00059424449806,0.995444392710885,1.00718387106606
31.6,7,1.00066410788051,0.995395232141935,1.00739589009977
31.8,7,1.00073617811553,0.995353762860884,1.00759307385249
32,7,1.0008105143414,0.995314303631386,1.00779808670114
32.2,7,1.0008871783137,0.995276851529568,1.00800320353835
32.4,7,1.00096623261426,0.995315672668184,1.00817388357202
32.6,7,1.00104773876561,0.995226822219829,1.00838513766104
32.8,7,1.00113175528441,0.995263263015842,1.00865427972479
33,7,1.00121833570833,0.995158506975641,1.00881676453754
33.2,7,1.00130752663152,0.99518902515518,1.00898213727667
33.4,7,1.00139936578392,0.995090079273349,1.00914613624564
33.6,7,1.00149388018852,0.995048032976108,1.00945154600955
33.8,7,1.00159108442973,0.995037423344797,1.00962748898097
34,7,1.0016909790637,0.995087752921213,1.00991687141392
34.2,7,1.00179354919927,0.994928121211471,1.01021979194694
34.4,7,1.00189876327476,0.994937084614945,1.01041571022844
34.6,7,1.00200657205289,0.994794941144425,1.0106836729064
34.8,7,1.00211690785158,0.99484503110741,1.01095380833979
35,7,1.00222968402508,0.994863518035714,1.01118116366255
35.2,7,1.00234479470473,0.994789924756716,1.01133564303703
35.4,7,1.0024621148048,0.994871125416921,1.01158934448639
35.6,7,1.00258150029404,0.994823934950629,1.01195531946746
35.8,7,1.00270278872922,0.994752176401509,1.01211740993467
36,7,1.00282580004271,0.994620619377232,1.01231028746715
36.2,7,1.00295033757186,0.994626688860029,1.01253282982632
36.4,7,1.00307618931441,0.994615844702194,1.01279223114013
36.6,7,1.00320312939043,0.994485394526564,1.01304293829363
36.8,7,1.0033309196885,0.994634862489154,1.0132460324673
37,7,1.0034593116711,0.994568742032323,1.01339511476639
37.2,7,1.00358804831206,0.994460266921133,1.01365282410941
37.4,7,1.00371686613764,0.99459513227175,1.01385097806913
37.6,7,1.00384549734133,0.99441934351662,1.01427988079577
37.8,7,1.00397367194241,0.994485086278582,1.01460465038776
38,7,1.00410111995807,0.994582219150253,1.01484847746626
38.2,7,1.00422757355947,0.994569058279111,1.01501678558398
38.4,7,1.00435276918334,0.994494371560962,1.01522623084757
38.6,7,1.00447644957202,0.994450319696017,1.01545489690913
38.8,7,1.00459836571673,0.994532471980499,1.01576095833748
39,7,1.00471827868135,0.994366560641898,1.01589755446684
39.2,7,1.00483596128622,0.994152106125951,1.01616335391219
39.4,7,1.00495119963444,0.994017475377811,1.01629978506087
39.6,7,1.00506379446617,0.993994333352553,1.01642968710145
39.8,7,1.00517356232942,0.993903165986764,1.01669841007041
40,7,1.00528033655891,0.993780220917582,1.01704285020391
0,8,1.0071968707165,0.998653866604217,1.01654980625248
0.2,8,1.00718875472398,0.998731964658504,1.01646320016251
0.4,8,1.00717857077995,0.998833854989102,1.01636270713553
0.6,8,1.00716611598517,0.998874383566514,1.01625695962958
0.8,8,1.00715118117958,0.999028596492244,1.01619155058387
1,8,1.00713355198897,0.99937674900588,1.01606016516211
1.2,8,1.0071130100042,0.999582660016547,1.01591141069923
1.4,8,1.00708933409022,0.99961033177091,1.01580894336506
1.6,8,1.00706230182013,0.999650462175073,1.01569398682402
1.8,8,1.00703169102757,0.999809530635877,1.01560305740619
2,8,1.00699728146892,0.999979801858577,1.01547466574887
2.2,8,1.00695885658471,1.00007541534742,1.01528462041154
2.4,8,1.00691620534787,1.00031343858516,1.0151553492242
2.6,8,1.00686912418433,1.00049766309099,1.01498453608516
2.8,8,1.00681741894994,1.00072644768102,1.0148201509876
3,8,1.00676090694592,1.00078301384239,1.0146361640198
3.2,8,1.00669941895354,1.00087932762826,1.01444383303189
3.4,8,1.00663280126741,1.00094380126272,1.01443916255897
3.6,8,1.00656091770575,1.00100666040092,1.01430512997938
3.8,8,1.00648365157496,1.00103523422852,1.01413370414001
4,8,1.00640090756554,1.00101473571512,1.0139543698717
4.2,8,1.00631261355571,1.00108625688614,1.01376131097904
4.4,8,1.00621872229957,1.00112536262642,1.01357163438372
4.6,8,1.00611921297647,1.00110679105279,1.01343877207961
4.8,8,1.00601409257942,1.00105792135374,1.01326073829301
5,8,1.00590339712102,1.00098869131499,1.01304894517875
5.2,8,1.00578719263678,1.00092878290251,1.01284376556641
5.4,8,1.00566557596762,1.00082528748273,1.01264791263729
5.6,8,1.00553867530478,1.00079101003942,1.0124426324549
5.8,8,1.00540665048319,1.00071389290881,1.01224205628508
6,8,1.00526969301133,1.00059598204544,1.01210004245528
6.2,8,1.00512802582874,1.00050359772755,1.01187141158614
6.4,8,1.00498190278496,1.00036048332093,1.01164049345632
6.6,8,1.0048316078369,1.00024876277396,1.01145845247577
6.8,8,1.0046774539649,1.00010405940619,1.01124704394929
7,8,1.00451978181077,0.999985697207473,1.01100220384229
7.2,8,1.00435895804458,0.999848781975119,1.01075962164797
7.4,8,1.00419537347018,0.999719197148367,1.01055278562157
7.6,8,1.00402944088248,0.999579527221274,1.01029715376659
7.8,8,1.00386159269284,0.999423411533895,1.01001913414906
8,8,1.00369227834154,0.999274183493025,1.00975436398365
8.2,8,1.00352196151913,0.999119622918758,1.00948531276793
8.4,8,1.00335111722103,0.998997170948056,1.00923019218044
8.6,8,1.00318022866159,0.998878876978309,1.00892493174624
8.8,8,1.00300978407594,0.998750390807039,1.00865667721184
9,8,1.00284027343946,0.998598908153475,1.00835442123029
9.2,8,1.00267218513562,0.998462937198839,1.00805935937858
9.4,8,1.00250600260403,0.998293889125925,1.00779941455693
9.6,8,1.00234220100062,0.998148087041312,1.00756909578624
9.8,8,1.00218124390217,0.998038733911041,1.00730626279237
10,8,1.00202358008665,0.997894973075641,1.00705835465386
10.2,8,1.00186964042052,0.997759583955385,1.00685363232609
10.4,8,1.00171983488253,0.99762241976356,1.00663034215748
10.6,8,1.00157454975243,0.997482797232633,1.00639494649094
10.8,8,1.00143414499097,0.997375282743776,1.00616514774747
11,8,1.00129895183564,0.997252874829006,1.00593737686033
11.2,8,1.00116927063397,0.997138106351369,1.00571354439735
11.4,8,1.00104536893399,0.997033851761547,1.00549412470027
11.6,8,1.0009274798481,0.99698969837207,1.00527953535051
11.8,8,1.00081580070435,0.996931100989152,1.00507013493984
12,8,1.00071049199524,0.996883179012922,1.00489003796912
12.2,8,1.00061167663183,0.996848581891996,1.00470851699068
12.4,8,1.00051943950706,0.996799766579019,1.00449074436126
12.6,8,1.00043382736953,0.996746770608986,1.00430690648566
12.8,8,1.00035484900551,0.996671991135699,1.00411895637619
13,8,1.00028247572417,0.996667321665518,1.00395681250853
13.2,8,1.00021664213789,0.996669825141021,1.00379232664651
13.4,8,1.00015724722693,0.996650304904406,1.00362928417939
13.6,8,1.000104155675,0.996661894334509,1.00348538343897
13.8,8,1.00005719945999,0.99667453588966,1.00335868595314
14,8,1.00001617968197,0.996751009418913,1.00322553745483
14.2,8,0.999980868608617,0.996801374758192,1.00310203884411
14.4,8,0.999951011916679,0.996831413654825,1.00300130731857
14.6,8,0.999926331106612,0.996898249679933,1.00287020780872
14.8,8,0.999906526066615,0.996962666654964,1.00278419306931
15,8,0.999891277761314,0.997035412733707,1.0026878044209
15.2,8,0.999880251019938,0.997156869395703,1.00257965087568
15.4,8,0.999873097398549,0.997253020858185,1.00245806619909
15.6,8,0.999869458090887,0.997350233159135,1.00235703761611
15.8,8,0.999868966862668,0.997450487394002,1.0022603935321
16,8,0.999871252984664,0.997581959230291,1.00217240390038
16.2,8,0.999875944140596,0.997702783563977,1.00206184216281
16.4,8,0.99988266928676,0.997806640257774,1.0019508332539
16.6,8,0.999891061441408,0.997931300576237,1.00182384460132
16.8,8,0.999900760383083,0.998059969956804,1.0017186229246
17,8,0.999911415238495,0.998177212779138,1.00163027361641
17.2,8,0.999922686941935,0.998312736944044,1.00152276434236
17.4,8,0.999934250549776,0.998441670949324,1.00141860664898
17.6,8,0.999945797395195,0.998571854713514,1.00131679221973
17.8,8,0.999957037069866,0.998704178890129,1.00120887327679
18,8,0.999967699221024,0.998833407774283,1.00111457469888
18.2,8,0.999977535153979,0.998969687879258,1.0010162523673
18.4,8,0.999986319231763,0.999094399309126,1.00091228565501
18.6,8,0.999993850065269,0.999213926032656,1.0008038606795
18.8,8,0.999999951488816,0.999326283015517,1.00069207470691
19,8,1.00000447331766,0.99945524034578,1.00058409019453
19.2,8,1.00000729188549,0.99956101164038,1.00046913950464
19.4,8,1.00000831036154,0.99966736932862,1.00035315359168
19.6,8,1.0000074588482,0.999777234535382,1.00023659260237
19.8,8,1.00000469426174,0.999888561956082,1.00011863414657
20,8,1,1,1
20.2,8,0.999993385402132,0.999879548856278,1.00010771581526
20.4,8,0.999984885007249,0.999756011108796,1.00021303160045
20.6,8,0.999974557619749,0.999631671615282,1.00031599444482
20.8,8,0.999962485190654,0.999507410589421,1.00041802776259
21,8,0.99994877152555,0.999390420689926,1.000515195463
21.2,8,0.999933540830972,0.999270257209846,1.00061827419276
21.4,8,0.999916936112391,0.999150236952382,1.00072427743784
21.6,8,0.999899117438169,0.999025075433484,1.0008249159657
21.8,8,0.999880260085077,0.998904544175527,1.00094100660295
22,8,0.999860552582122,0.998791140688717,1.00104356723227
22.2,8,0.999840194670509,0.99867624878217,1.00116395898581
22.4,8,0.999819395198609,0.998559217007992,1.00126651369014
22.6,8,0.999798369971694,0.998437645278207,1.00135962761966
22.8,8,0.999777339577013,0.998317505136881,1.00149466230445
23,8,0.999756527205413,0.998191386150445,1.00159056076583
23.2,8,0.999736156491218,0.998080656805806,1.00169723935319
23.4,8,0.999716449392323,0.997961171803618,1.00179249033773
23.6,8,0.999697624132569,0.997837325562874,1.00188266163585
23.8,8,0.99967989322826,0.997711764224264,1.00196710577889
24,8,0.999663461620271,0.997603227339077,1.00206976548483
24.2,8,0.999648524932449,0.997503519448767,1.00220379395502
24.4,8,0.999635267876043,0.997394769853318,1.00232767551896
24.6,8,0.999623862818547,0.997341843903397,1.00241073641315
24.8,8,0.999614468533763,0.99725467490747,1.0025308984135
25,8,0.99960722914794,0.997131228680611,1.00263425648369
25.2,8,0.999602273294663,0.997062538245527,1.00273379719106
25.4,8,0.999599713488666,0.996996597080197,1.00287878495894
25.6,8,0.999599645725995,0.996936935094738,1.00297715883542
25.8,8,0.999602149315004,0.996896588823324,1.00313720539872
26,8,0.999607286939496,0.996844357092503,1.00328579155452
26.2,8,0.999615104952045,0.996822312418442,1.0033720525333
26.4,8,0.999625633892128,0.996779863587588,1.0034752735642
26.6,8,0.999638889220303,0.996726559312577,1.00354420071999
26.8,8,0.999654872256246,0.996663334841603,1.00367752313526
27,8,0.999673571305145,0.996594693826594,1.00373686088477
27.2,8,0.999694962953777,0.996557877890589,1.00382310056771
27.4,8,0.999719013514665,0.996520332239286,1.00391033848775
27.6,8,0.999745680593974,0.996473238460501,1.00394075022117
27.8,8,0.999774914756512,0.996412563455842,1.00409407018969
28,8,0.999806661259222,0.996413758163935,1.00425852847554
28.2,8,0.99984086182305,0.99640759823329,1.00434583558949
28.4,8,0.999877456412044,0.996401062319766,1.00439070023468
28.6,8,0.999916384988056,0.996375758747158,1.00445887881374
28.8,8,0.99995758920947,0.996343937644974,1.0045948541408
29,8,1.00000101404297,0.996311197058823,1.00473179668392
29.2,8,1.0000466092586,0.996281651058307,1.00490872830488
29.4,8,1.00009433078003,0.996255626719693,1.00500717158834
29.6,8,1.00014414186438,0.996253953396151,1.00516936301386
29.8,8,1.00019601408852,0.996241898598974,1.00536768712755
30,8,1.00024992812227,0.996261557781726,1.00561858055252
30.2,8,1.00030587427251,0.996279291672737,1.00590906609183
30.4,8,1.00036385278604,0.996325345659609,1.00619133759038
30.6,8,1.00042387390371,0.996346281168024,1.00640625228726
30.8,8,1.00048595766251,0.996356252115803,1.00644921823107
31,8,1.00055013344706,0.996327732286627,1.00656966249383
31.2,8,1.00061643929639,0.996347316670673,1.00674511134398
31.4,8,1.00068492097683,0.996348586621384,1.00697956104776
31.6,8,1.00075563083572,0.996305830137032,1.00724457421759
31.8,8,1.0008286264551,0.996286216527333,1.00752561405389
32,8,1.00090396912839,0.996354585534577,1.00775189508717
32.2,8,1.00098172218608,0.996413980690489,1.00787469518245
32.4,8,1.00106194919996,0.996363929194958,1.0079849427574
32.6,8,1.0011447120971,0.9963818895826,1.00813305696576
32.8,8,1.0012300692173,0.996396566722385,1.00824210132009
33,8,1.00131807334823,0.99638111613459,1.00838206168938
33.2,8,1.00140876977353,0.996271333542313,1.00850954268658
33.4,8,1.00150219436874,0.996250493505142,1.00866453392071
33.6,8,1.00159837177917,0.996259407349617,1.00889842668228
33.8,8,1.00169731371256,0.996316237367854,1.00908100323021
34,8,1.00179901737722,0.996317072181172,1.00932659737645
34.2,8,1.00190346409392,0.996229101495665,1.00954962471512
34.4,8,1.00201061810661,0.996268515002299,1.00960174182236
34.6,8,1.0021204256136,0.996300317799161,1.00970318306816
34.8,8,1.00223281403714,0.996402257268647,1.0099774962233
35,8,1.00234769154486,0.996460882912431,1.01031801635306
35.2,8,1.00246494683244,0.996452477793292,1.01047067491567
35.4,8,1.00258444917234,0.996432152949881,1.0107689932768
35.6,8,1.00270604872893,0.996432000805019,1.01105183063316
35.8,8,1.00282957713584,0.996403097118524,1.01125096147483
36,8,1.00295484832715,0.996376002822944,1.01139197316198
36.2,8,1.00308165960992,0.996418672285127,1.01154157177457
36.4,8,1.00320979296184,0.996443267188139,1.01169231997675
36.6,8,1.00333901653405,0.996521626394374,1.01188571638723
36.8,8,1.00346908633674,0.996480228490001,1.01217345772307
37,8,1.00359974808192,0.996417346816231,1.01247958278054
37.2,8,1.00373073915614,0.996365271740145,1.0127821952931
37.4,8,1.00386179069433,0.996342107376669,1.012932872494
37.6,8,1.00399262972472,0.996222499719717,1.01323306476215
37.8,8,1.00412298135465,0.99613583940536,1.01332106876474
38,8,1.00425257096685,0.99605565606157,1.01361560354711
38.2,8,1.00438112639666,0.995963786017477,1.01394083078803
38.4,8,1.00450838006142,0.995843864667407,1.0143029803539
38.6,8,1.00463407101514,0.995646613293344,1.0144574160381
38.8,8,1.00475794690311,0.995595973917583,1.01471188298418
39,8,1.0048797657937,0.995579080777815,1.01491677195565
39.2,8,1.00499929786711,0.995516699288378,1.0152410467062
39.4,8,1.00511632694346,0.995286471305766,1.01563278890856
39.6,8,1.00523065183592,0.99516732025295,1.01606637599358
39.8,8,1.00534208751751,0.995017232921567,1.01642055147228
40,8,1.00545046609337,0.994881024099151,1.01669063305027
0,9,1.00688309877119,0.998875610814489,1.01552918461718
0.2,9,1.00687495242441,0.998997050590346,1.01544043974362
0.4,9,1.00686476372675,0.999204555291261,1.01530935568491
0.6,9,1.00685233345185,0.999364357187476,1.01513679063453
0.8,9,1.00683745634246,0.999531868249294,1.01492077950408
1,9,1.00681992215192,0.999568692642031,1.01473752987556
1.2,9,1.00679951681622,0.999723152202813,1.01455878576416
1.4,9,1.00677602375359,0.999838814571745,1.01442268806561
1.6,9,1.00674922528673,0.999999906194032,1.0144816257277
1.8,9,1.0067189041812,1.00006440181986,1.01446142984042
2,9,1.0066848452912,1.00016103718191,1.01428685295648
2.2,9,1.00664683730229,1.0003543980268,1.01408260903751
2.4,9,1.00660467455857,1.0004585733325,1.01394157746888
2.6,9,1.00655815896014,1.00058665465532,1.0138083412934
2.8,9,1.00650710191471,1.0007564810242,1.01364639879233
3,9,1.0064513263257,1.0008746660279,1.01342767268648
3.2,9,1.0063906685979,1.00085824662281,1.01321981640253
3.4,9,1.00632498063993,1.00093899272029,1.01307888831925
3.6,9,1.00625413184233,1.00097756481896,1.01293012846584
3.8,9,1.0061780110088,1.00095518643575,1.01277564353629
4,9,1.00609652821767,1.00094196144352,1.01249428488634
4.2,9,1.00600961659066,1.00097057928595,1.01225504319919
4.4,9,1.00591723394548,1.00093708650047,1.01215193487741
4.6,9,1.00581936430988,1.00093164272232,1.01194442121178
4.8,9,1.00571601927472,1.00085393572255,1.01173486375341
5,9,1.00560723916519,1.00077888759581,1.01159597261977
5.2,9,1.00549309401042,1.00076238401936,1.0113927463134
5.4,9,1.00537368429315,1.00075273271342,1.01127700899274
5.6,9,1.00524914146364,1.00072884038929,1.01128865327966
5.8,9,1.00511962820354,1.00060465787058,1.01112109885888
6,9,1.00498533842846,1.00056381486728,1.01097042833054
6.2,9,1.00484649702049,1.00045073569884,1.01081269823802
6.4,9,1.00470335928463,1.00036107071119,1.01058157050439
6.6,9,1.00455621012649,1.00022842570304,1.01036808529197
6.8,9,1.00440536295159,1.00006583468943,1.0102418044273
7,9,1.00425115828971,0.999956001907592,1.00999409886013
7.2,9,1.00409396215117,0.999813139243217,1.00981856958559
7.4,9,1.00393416412514,0.999643637070665,1.00962264100929
7.6,9,1.00377217523304,0.999522259121926,1.00939859053642
7.8,9,1.00360842555326,0.999396553846212,1.00915914703383
8,9,1.00344336163631,0.999265178817755,1.00892386129889
8.2,9,1.00327744373205,0.999100046835708,1.00871402563871
8.4,9,1.00311114285323,0.998980420425259,1.00851120696256
8.6,9,1.00294493770144,0.998872190168073,1.00825672690069
8.8,9,1.00277931148372,0.998745898225115,1.00801791643019
9,9,1.00261474864929,0.998584428898,1.00775511024032
9.2,9,1.00245173157715,0.998455229341625,1.0074928754681
9.4,9,1.00229073724592,0.998293889125925,1.00726448832289
9.6,9,1.00213223391787,0.998165108464389,1.00698269015767
9.8,9,1.00197667786879,0.998025677224649,1.00676638945781
10,9,1.0018245101952,0.997894973075641,1.00647467555311
10.2,9,1.00167615372959,0.997742445040016,1.00625882279313
10.4,9,1.001532010093,0.997583875702398,1.00594076470932
10.6,9,1.00139245691313,0.997482797232633,1.00578336391903
10.8,9,1.00125784523419,0.997382477131616,1.00556705672202
11,9,1.00112849714247,0.997264016438712,1.00529977613024
11.2,9,1.00100470362953,0.997156751179459,1.00503671444753
11.4,9,1.00088672271213,0.997066449974349,1.00481085723936
11.6,9,1.00077477782534,0.997000811508578,1.00465358925653
11.8,9,1.00066905650215,0.996975213290827,1.00450501813379
12,9,1.00056970935025,0.996930334058809,1.00432346330715
12.2,9,1.00047684933294,0.99686583070208,1.0041223570874
12.4,9,1.00039055135864,0.996831576958059,1.00402163822458
12.6,9,1.00031085217975,0.996797851093621,1.00384699359104
12.8,9,1.00023775059887,0.996763192799079,1.00369712536377
13,9,1.00017120797723,0.996717151915845,1.00357503995041
13.2,9,1.00011114903728,0.996707193837493,1.00340306733538
13.4,9,1.00005746294874,0.996716244676107,1.00327276170903
13.6,9,1.00001000468469,0.996711474052954,1.00309495205353
13.8,9,0.999968596632063,0.996731621957712,1.00295780954883
14,9,0.999933030438686,0.996787947385235,1.00286922641164
14.2,9,0.999903069077164,0.996832410384761,1.00279318854241
14.4,9,0.999878449104237,0.996914993259049,1.00269830646357
14.6,9,0.999858883092925,0.996951496482896,1.002616677335
14.8,9,0.999844062213673,0.997015875871432,1.00250544528488
15,9,0.999833658939899,0.997132346779358,1.00239144090019
15.2,9,0.999827329852828,0.997209628055391,1.002282860981
15.4,9,0.999824718520235,0.99730033901472,1.00218197731074
15.6,9,0.999825458423703,0.997389047627952,1.00207302651495
15.8,9,0.999829175909267,0.997521815439327,1.00197188285516
16,9,0.999835493136783,0.997647686024533,1.00189079172071
16.2,9,0.999844031004034,0.997764589397204,1.00180300886954
16.4,9,0.999854412022497,0.997871409946372,1.00171615482396
16.6,9,0.999866263122717,0.998005779226621,1.00166122025539
16.8,9,0.99987921836845,0.998124735403303,1.00159507222107
17,9,0.999892921560079,0.998265615351695,1.0015187338492
17.2,9,0.999907028709204,0.998387946017371,1.00140741089792
17.4,9,0.999921210367862,0.998487655459387,1.00128254515699
17.6,9,0.99993515379739,0.998602773478443,1.00118809211863
17.8,9,0.999948564963556,0.998732634173218,1.00110903928516
18,9,0.999961170346254,0.998854626910535,1.00103269391684
18.2,9,0.99997271855369,0.998986242881228,1.00092844169291
18.4,9,0.999982981732636,0.999114403998528,1.00084892844456
18.6,9,0.999991756767999,0.999236730723268,1.00075081158122
18.8,9,0.999998866266507,0.999346292272792,1.00065080928308
19,9,1.00000415932097,0.999467559019417,1.00055061349355
19.2,9,1.00000751205304,0.999572184796025,1.00044779138869
19.4,9,1.00000882793406,0.999678464814797,1.00033728511169
19.6,9,1.00000803788489,0.999787496725946,1.00022760394458
19.8,9,1.00000510015717,0.999895101245458,1.00011475235708
20,9,1,1,1
20.2,9,0.999992749117173,0.999883426956266,1.00010335751606
20.4,9,0.999983384921693,0.999761641972076,1.00020854926224
20.6,9,0.999971969595613,0.999635025347342,1.00030880790868
20.8,9,0.999958588964533,0.999504757644699,1.00040559695044
21,9,0.999943351197461,0.99938259491396,1.00050796056096
21.2,9,0.999926385344044,0.999255988779738,1.00059736267767
21.4,9,0.999907839722451,0.999130361614115,1.00069816371856
21.6,9,0.999887880172457,0.999008156402722,1.00080089801175
21.8,9,0.999866688189459,0.998877683526853,1.00089958967063
22,9,0.999844458956364,0.998762048919833,1.00100723435053
22.2,9,0.99982139929134,0.99864230851363,1.0010797880074
22.4,9,0.999797725530444,0.998527941253494,1.00118052212138
22.6,9,0.999773661365061,0.99841920263947,1.00128765587949
22.8,9,0.999749435654847,0.998298540746186,1.00137952623794
23,9,0.999725280237504,0.998169539437412,1.00145421215974
23.2,9,0.999701427757163,0.998058436741292,1.00154816591851
23.4,9,0.99967810953344,0.997949255026163,1.00165444817598
23.6,9,0.999655553493204,0.997819912769742,1.00176184250577
23.8,9,0.999633982186951,0.997695663140007,1.00187467360772
24,9,0.999613610911163,0.997577359808601,1.00195818882621
24.2,9,0.999594645957298,0.997468448928705,1.00204590065094
24.4,9,0.999577283006998,0.997376027740179,1.00212630850513
24.6,9,0.999561705691767,0.997284581469482,1.00222644987928
24.8,9,0.999548084333705,0.997224826144673,1.0022942235426
25,9,0.999536574881962,0.997114584526135,1.00237630788347
25.2,9,0.999527318057284,0.997031964968804,1.00247012188701
25.4,9,0.999520438714578,0.996967655549528,1.00250626830728
25.6,9,0.999516045430597,0.996917907618029,1.00253735782721
25.8,9,0.999514230320912,0.99687579628752,1.00258667023667
26,9,0.999515069087155,0.99683865584298,1.00265015406219
26.2,9,0.999518621292239,0.996813099344507,1.00274753863352
26.4,9,0.999524930857871,0.996764226085335,1.00284953898239
26.6,9,0.999534026775274,0.996726559312577,1.0029375075106
26.8,9,0.999545924016657,0.996690818077079,1.00306787978638
27,9,0.99956062463168,0.996630772708907,1.00315834373871
27.2,9,0.999578119010039,0.996572009908667,1.00325966017919
27.4,9,0.999598387288372,0.996565360888919,1.00329075451033
27.6,9,0.999621400877094,0.996537989109143,1.00327989883257
27.8,9,0.999647124080429,0.996518237525625,1.00332468135522
28,9,0.999675515781083,0.99649145833166,1.00338305692199
28.2,9,0.999706531159523,0.996504365089227,1.00347188500011
28.4,9,0.999740123416894,0.996490784075431,1.00352656607629
28.6,9,0.999776245470196,0.996512722626599,1.00357142709007
28.8,9,0.999814851588463,0.996533250119044,1.00369233816633
29,9,0.999855898939377,0.996530621929437,1.00374374057767
29.2,9,0.999899349017034,0.996552968527964,1.00381418443306
29.4,9,0.999945168923363,0.996561431100085,1.00383989368228
29.6,9,0.999993332478082,0.996524643900873,1.00394681278024
29.8,9,1.00004382113492,0.996518758992124,1.00405491127448
30,9,1.00009662468516,0.996524664947915,1.00419185859695
30.2,9,1.0001517417332,0.99657252916562,1.00429349466185
30.4,9,1.00020917993306,0.996563453556351,1.00443226345078
30.6,9,1.00026895597887,0.996550106250917,1.00456846147116
30.8,9,1.00033109534692,0.996553958163045,1.00471214150418
31,9,1.00039563179168,0.996557280649504,1.0048735320369
31.2,9,1.00046260660235,0.996554442620271,1.00498488436867
31.4,9,1.00053206763149,0.996603937143862,1.0051160633058
31.6,9,1.00060406811124,0.99666207111406,1.00507168764346
31.8,9,1.00067866527699,0.996678598477844,1.00521558802384
32,9,1.00075591882184,0.996682954353679,1.00536034972235
32.2,9,1.00083588920887,0.996691921407446,1.0055041777114
32.4,9,1.00091863587051,0.996674029130774,1.00564358840521
32.6,9,1.00100421532722,0.996665181893807,1.00577685406273
32.8,9,1.00109267925884,0.996666010370176,1.00592601798916
33,9,1.00118407256332,0.99669914716244,1.00608514841126
33.2,9,1.00127843143789,0.99671211617715,1.00619972844818
33.4,9,1.0013757815175,0.996746710245419,1.00635158445342
33.6,9,1.00147613610429,0.99673808983631,1.00656767692424
33.8,9,1.0015794945208,0.996742296459047,1.00680006173714
34,9,1.00168584061683,0.996801991874976,1.00711370451585
34.2,9,1.00179514145798,0.996772493281152,1.00726506211098
34.4,9,1.00190734621996,0.99685441178897,1.00747388426272
34.6,9,1.00202238530994,0.996960623090108,1.00769323077173
34.8,9,1.00214016973153,0.996976708549842,1.0078050902558
35,9,1.00226059070648,0.997038084841242,1.00785477821847
35.2,9,1.00238351956116,0.997099965450432,1.00795578303798
35.4,9,1.00250880788176,0.997143474189043,1.00819127306662
35.6,9,1.00263628793758,0.997239187616816,1.00840723536275
35.8,9,1.00276577336708,0.997182435146242,1.00850933162268
36,9,1.00289706011741,0.997235745597806,1.00882822621689
36.2,9,1.00302992762375,0.997235114516846,1.00907373850382
36.4,9,1.00316414021128,0.997260785303556,1.00935501528812
36.6,9,1.00329944869901,0.997266030023403,1.00977615931023
36.8,9,1.00343559218195,0.997211875714606,1.0100597538668
37,9,1.00357229996526,0.997111181963564,1.01043204077046
37.2,9,1.00370929362256,0.996992580824008,1.01088369348141
37.4,9,1.00384628914848,0.996967241537239,1.01127280542764
37.6,9,1.00398299917525,0.996864376230686,1.0116558721861
37.8,9,1.00411913522232,0.996837005397982,1.01200516790133
38,9,1.00425440994838,0.996779509005179,1.01230646231315
38.2,9,1.0043885393758,0.996748036899705,1.01266526387779
38.4,9,1.00452124505869,0.996695837091986,1.01294392078147
38.6,9,1.00465225616736,0.996701262012405,1.0133378834212
38.8,9,1.00478131146418,0.996371246602174,1.01372568125866
39,9,1.00490816114787,0.996137267322878,1.01414720048671
39.2,9,1.00503256854637,0.996012627005792,1.01453488300808
39.4,9,1.005154311641,0.995840058414284,1.01488072162581
39.6,9,1.00527318440785,0.995707506000949,1.01521446009404
39.8,9,1.00538899796553,0.995568714142647,1.01564187625672
40,9,1.00550158152167,0.995442749431854,1.01610526337531
0,10,1.00677541408694,0.998895000248534,1.01527801586842
0.2,10,1.00676703075131,0.999069429203705,1.01504801091182
0.4,10,1.00675659514104,0.999191604412193,1.01485680405086
0.6,10,1.00674390833846,0.999364357187476,1.01471429926899
0.8,10,1.00672876548333,0.999498168417631,1.01457677011447
1,10,1.0067109568191,0.999557449180622,1.01444840280038
1.2,10,1.00669026886921,0.99970870939683,1.01434776871426
1.4,10,1.00666648574056,0.999819745296333,1.01430957065462
1.6,10,1.00663939054908,0.999872470160329,1.01410121437348
1.8,10,1.00660876696088,0.999940478782012,1.01402395904129
2,10,1.00657440084018,1.00001774664429,1.01392737573681
2.2,10,1.00653608199345,1.00020483087151,1.01387191053991
2.4,10,1.00649360599741,1.00035629696101,1.01353514334582
2.6,10,1.00644677609641,1.00048369349195,1.01330687520883
2.8,10,1.00639540515331,1.00067778528455,1.01325283407658
3,10,1.00633931763599,1.000844961844,1.01317549245074
3.2,10,1.00627835162057,1.00081226510565,1.01299714594496
3.4,10,1.00621236079073,1.00091715178983,1.01273453995393
3.6,10,1.00614121641178,1.0009479485522,1.01247800158346
3.8,10,1.00606480925709,1.00090186864807,1.01229695849602
4,10,1.00598305146406,1.00088720526666,1.01220958210899
4.2,10,1.00589587829654,1.00084951612838,1.0120200088938
4.4,10,1.00580324979064,1.00080718855827,1.01176079527856
4.6,10,1.00570515226103,1.00075838998841,1.01151625814324
4.8,10,1.00560159964607,1.00071247225571,1.01134676849289
5,10,1.00549263467031,1.00066598969606,1.01116464762643
5.2,10,1.00537832980507,1.00057526050712,1.01103981193128
5.4,10,1.00525878800879,1.00050953627928,1.01090606749432
5.6,10,1.00513414323117,1.00039468486363,1.01068264788998
5.8,10,1.00500456066726,1.00030338636475,1.01054841078636
6,10,1.00487023675002,1.00024349333887,1.01046532794814
6.2,10,1.00473139887278,1.00018071339984,1.01041039644297
6.4,10,1.00458830483568,1.00003405571982,1.01027541080008
6.6,10,1.00444124201347,0.999964229296113,1.01002261131568
6.8,10,1.00429052624496,0.999879523811766,1.00979124539968
7,10,1.0041365004478,0.999736893888419,1.00956374437061
7.2,10,1.00397953296548,0.999613591993255,1.00927033703928
7.4,10,1.00382001565642,0.999484954247374,1.00899228481351
7.6,10,1.00365836173868,0.999321733108535,1.00879520208688
7.8,10,1.00349500340613,0.999214098456257,1.0085788853072
8,10,1.00333038923543,0.999067847198182,1.0083609907203
8.2,10,1.00316498140543,0.998986896126274,1.00808602506481
8.4,10,1.002999252753,0.998849628493376,1.00788201539756
8.6,10,1.00283368369176,0.9987384427215,1.00765040291866
8.8,10,1.00266875902152,0.99861778817785,1.00739757561238
9,10,1.00250496465816,0.998470379255126,1.00713837835638
9.2,10,1.00234278431445,0.998288313450366,1.00687683155145
9.4,10,1.0021826961633,0.998169914437166,1.00663033107444
9.6,10,1.00202516951521,0.998035227252353,1.00644215638122
9.8,10,1.00187066154167,0.997927706018205,1.00625176509187
10,10,1.00171961407585,0.997762318303095,1.00600039594945
10.2,10,1.00157245052126,0.997641514136097,1.00580387428038
10.4,10,1.00142957289781,0.997525733757261,1.00558750523295
10.6,10,1.00129135905323,0.997402172119193,1.00531064130734
10.8,10,1.00115816006613,0.997284377239652,1.00513608218582
11,10,1.00103029786487,0.997189888479291,1.00493519571951
11.2,10,1.00090806308388,0.997078052161948,1.00475475365543
11.4,10,1.00079171317676,0.996998319208091,1.00459142422016
11.6,10,1.00068147080262,0.996892914263466,1.00445098851238
11.8,10,1.00057752249908,0.996813714665021,1.00426805411689
12,10,1.00048001765252,0.996736618800455,1.00411878742381
12.2,10,1.00038906777295,0.996708418033615,1.00395843399341
12.4,10,1.00030474607777,0.996656205787307,1.00380423728444
12.6,10,1.00022708738541,0.99662805866567,1.00362278703802
12.8,10,1.00015608831713,0.996584752370739,1.00345464342248
13,10,1.00009170780171,0.99656057060758,1.00335942697655
13.2,10,1.00003386787538,0.996538081449195,1.0032513724297
13.4,10,0.999982454766244,0.99655365324249,1.00312691862301
13.6,10,0.999937320250128,0.996603021124867,1.00298917719933
13.8,10,0.999898283262166,0.996644656218278,1.00287073258852
14,10,0.999865131746567,0.996680751482331,1.00273784869801
14.2,10,0.999837624724912,0.996726478643092,1.00265997155958
14.4,10,0.999815494561779,0.996775588800872,1.00259833605863
14.6,10,0.999798449405101,0.996845281472667,1.00249085780095
14.8,10,0.999786175777559,0.996943208037319,1.00239603525874
15,10,0.999778341294489,0.997005388983784,1.00231182857767
15.2,10,0.999774597483228,0.997127931834276,1.00220656248653
15.4,10,0.99977458267854,0.997256728848109,1.00207010299379
15.6,10,0.999777924968724,0.997350229324782,1.00198527620726
15.8,10,0.999784245167227,0.997456337099334,1.00187584361494
16,10,0.99979315978504,0.997586804245197,1.00179197301137
16.2,10,0.999804283979787,0.997708241471789,1.00173703755651
16.4,10,0.999817234458284,0.997814773243564,1.00167073273126
16.6,10,0.999831632310382,0.997914185772498,1.00155132340214
16.8,10,0.999847105753036,0.99805489280416,1.00145069340481
17,10,0.999863292764894,0.998193803048812,1.00139092114926
17.2,10,0.999879843593065,0.998325891013701,1.00132215414742
17.4,10,0.999896423115258,0.998444082879323,1.00125236606491
17.6,10,0.999912713042,0.998560859079543,1.0011608518172
17.8,10,0.999928413945272,0.998701233929651,1.0010691632204
18,10,0.999943247101539,0.998832958798159,1.00097856963577
18.2,10,0.999956956138764,0.998975628831162,1.00090004447991
18.4,10,0.999969308478679,0.999097755820552,1.00080690508387
18.6,10,0.999980096567197,0.999213926032656,1.00071899240338
18.8,10,0.99998913888749,0.999325713611077,1.00062353751513
19,10,0.999996280751825,0.999451595094261,1.00052386875581
19.2,10,1.00000139486986,0.999565954040845,1.00042170149748
19.4,10,1.00000438169257,0.999675263615272,1.00032952578671
19.6,10,1.00000516953265,0.999787673654753,1.00022296130653
19.8,10,1.00000371446341,0.999895805084169,1.00011214689689
20,10,1,1,1
20.2,10,0.999994036568102,0.999887186834428,1.00010238050617
20.4,10,0.999985860766397,0.999772532863149,1.00020760100221
20.6,10,0.999975534430976,0.999655982367109,1.00030927098566
20.8,10,0.999963143510869,0.999536180233419,1.00040650958722
21,10,0.999948796765409,0.999412480196413,1.00050796056096
21.2,10,0.999932624295452,0.99928076546928,1.00060136579311
21.4,10,0.999914775921794,0.999149698730716,1.00070465208687
21.6,10,0.999895419425432,0.999020085226517,1.00080472956141
21.8,10,0.999874738665548,0.998900255980608,1.0008999758962
22,10,0.999852931592307,0.998768000408839,1.00100723435053
22.2,10,0.999830208172675,0.99864942640909,1.0010797880074
22.4,10,0.999806788248517,0.998540018220435,1.00116910059194
22.6,10,0.999782899347145,0.998425005985274,1.00125914591811
22.8,10,0.999758774465309,0.99830516129424,1.00134485299503
23,10,0.999734649848258,0.998169539437412,1.0014273629846
23.2,10,0.999710762785969,0.998058436741292,1.00151641306801
23.4,10,0.99968734944892,0.997949255026163,1.00161414781795
23.6,10,0.99966464278581,0.997824306059401,1.00170837622429
23.8,10,0.999642870505429,0.997701874441992,1.00177800411927
24,10,0.999622253164405,0.997561031571729,1.00185364766832
24.2,10,0.999603002381792,0.997460668125079,1.00195378493144
24.4,10,0.999585319200415,0.997374053805133,1.00201104523303
24.6,10,0.999569392613516,0.997270135864564,1.00206775657281
24.8,10,0.999555398273562,0.997198130898995,1.00213858981499
25,10,0.99954349739816,0.997100267872665,1.00225957145341
25.2,10,0.999533835885669,0.997031964968804,1.00233795175468
25.4,10,0.999526543650656,0.996973424468947,1.00241064546828
25.6,10,0.999521734186468,0.996925020054727,1.00242610514984
25.8,10,0.999519504359252,0.99688415941595,1.00244908009061
26,10,0.999519934434506,0.996840960871768,1.0025053230149
26.2,10,0.999523088333971,0.99681581774394,1.00257098790924
26.4,10,0.999529014117221,0.996794324873899,1.00262036713017
26.6,10,0.999537744678897,0.996732806362923,1.00268896066809
26.8,10,0.999549298649117,0.99671485722113,1.00276571681328
27,10,0.999563681481257,0.996650088167637,1.00281005790649
27.2,10,0.999580886708185,0.99657347232983,1.00293952717885
27.4,10,0.999600897345048,0.996602665479787,1.00300386573417
27.6,10,0.999623687414085,0.996573744585616,1.00311209218059
27.8,10,0.999649223564651,0.99654485358096,1.00322964783561
28,10,0.99967746675969,0.996549454703545,1.00325184219813
28.2,10,0.999708373998494,0.996560660553379,1.00325241881793
28.4,10,0.999741900044589,0.996616531482436,1.00328988679694
28.6,10,0.99977799912719,0.9965991544017,1.0034156403649
28.8,10,0.999816626584787,0.996606451662,1.00345105125685
29,10,0.999857740420103,0.996642242738613,1.00356042913896
29.2,10,0.999901302736948,0.99665973825523,1.00363285362248
29.4,10,0.999947281031314,0.996693016412902,1.00367966919257
29.6,10,0.999995649311408,0.996713097440111,1.00381991488207
29.8,10,1.0000463890242,0.996718388490047,1.00396500830125
30,10,1.00009948976939,0.996699874608996,1.00411183561299
30.2,10,1.00015494978537,0.996666415415387,1.00415635548805
30.4,10,1.00021277619601,0.996673136115585,1.00425898539077
30.6,10,1.00027298501112,0.996707944116195,1.00433177003139
30.8,10,1.0003356008783,0.996703267077262,1.00457472090199
31,10,1.0004006565882,0.996728052106026,1.00475143327712
31.2,10,1.00046819234009,0.996803720687224,1.00481947615032
31.4,10,1.0005382547789,0.996850045905545,1.00486814526123
31.6,10,1.00061089581957,0.996876840825748,1.00493043693004
31.8,10,1.00068617127828,0.996841628039497,1.00497177133763
32,10,1.00076413933419,0.996865897538191,1.0051137506064
32.2,10,1.00084485884847,0.996929508855258,1.0052361340979
32.4,10,1.00092838757031,0.996960086097957,1.00541886889345
32.6,10,1.00101478026174,0.997006817068192,1.00561661732212
32.8,10,1.00110408677508,0.997040961140069,1.00581695038131
33,10,1.00119635011755,0.997094308986964,1.00601417918228
33.2,10,1.00129160453828,0.997062468644791,1.00612457760759
33.4,10,1.00138987367252,0.997051499904,1.00625638562496
33.6,10,1.00149116877697,0.99709269170524,1.00641414201109
33.8,10,1.00159548708891,0.997082432350028,1.00667522590909
34,10,1.00170281033919,0.997204735448616,1.00684603221193
34.2,10,1.00181310344695,0.997281696985508,1.0069930085104
34.4,10,1.00192631342057,0.997340676787003,1.00709529191143
34.6,10,1.00204236848558,0.997432018500508,1.00728046517003
34.8,10,1.00216117745677,0.997526973666653,1.0074284960695
35,10,1.00228262936701,0.997544524607716,1.00763219333443
35.2,10,1.00240659336122,0.997616748979266,1.00780681830866
35.4,10,1.00253291885926,0.997651640102861,1.00802203254124
35.6,10,1.00266143598695,0.997752142644904,1.00820747730909
35.8,10,1.00279195627019,0.997851927566002,1.00838055744116
36,10,1.00292427358241,0.997858456221554,1.00870489786113
36.2,10,1.00305816533199,0.997725763832734,1.00896138551547
36.4,10,1.00319339387213,0.997668160503435,1.00924304336098
36.6,10,1.00332970811261,0.997538406085459,1.00955585572582
36.8,10,1.0034668453094,0.997406001667343,1.00989449753085
37,10,1.0036045330063,0.997411022580948,1.01015061851308
37.2,10,1.00374249110002,0.997397338927484,1.01047158203115
37.4,10,1.00388043399935,0.997298232198692,1.01084019204928
37.6,10,1.00401807284768,0.997250952408675,1.01121332465922
37.8,10,1.00415511777799,0.997199615755371,1.01162247273156
38,10,1.00429128016961,0.997160519471056,1.01194140290374
38.2,10,1.00442627487674,0.99702316578893,1.01234525921337
38.4,10,1.00455982239971,0.996879608424741,1.01282864946727
38.6,10,1.00469165097206,0.996750043727153,1.01320774740409
38.8,10,1.00482149853798,0.996607295346948,1.01369670560706
39,10,1.0049491145976,0.996429311368994,1.01414084530579
39.2,10,1.00507426189981,0.996191596627281,1.0145773784487
39.4,10,1.00519671796571,0.996026410645838,1.01491558565061
39.6,10,1.00531627642843,0.995831790590237,1.01528428779747
39.8,10,1.00543274817854,0.995697446185529,1.0156653552149
40,10,1.00554596230744,0.995623326047941,1.01610575329635
0,11,1.00690759692526,0.998643474309673,1.01673441321255
0.2,11,1.00689559866608,0.998739759791803,1.01677469114104
0.4,11,1.00688134886078,0.998887102787969,1.01659530401194
0.6,11,1.00686464652362,0.999023648243364,1.01640785014173
0.8,11,1.00684528560677,0.999056145268635,1.01624181906818
1,11,1.00682305611612,0.999322451766263,1.01605091359719
1.2,11,1.00679774535341,0.999413801722963,1.01578077629368
1.4,11,1.00676913928065,0.999479050729699,1.01560728791879
1.6,11,1.00673702400122,0.999537105192973,1.01548346594832
1.8,11,1.00670118734963,0.999606519017363,1.01534716306301
2,11,1.00666142058056,0.999642142201475,1.01513373942613
2.2,11,1.00661752014565,0.999751496209407,1.01499823597179
2.4,11,1.00656928954458,0.999834043865047,1.01478658271881
2.6,11,1.00651654123554,0.99987529879074,1.01455204096123
2.8,11,1.00645909858821,0.999863698494933,1.01430759055683
3,11,1.00639679786096,0.999837984348679,1.01408694128273
3.2,11,1.00632949018276,0.999960371078061,1.01394305434135
3.4,11,1.00625704351889,1.00008795977219,1.01381001764011
3.6,11,1.00617934459891,1.00011279863755,1.01356414239686
3.8,11,1.00609630078434,1.00011443371346,1.0133918928261
4,11,1.00600784185347,1.00008786267303,1.01315684102583
4.2,11,1.00591392168029,1.00016242415115,1.01302023288953
4.4,11,1.00581451978503,1.00014051821238,1.01289596659617
4.6,11,1.00570964273414,1.00005865144703,1.01270028325364
4.8,11,1.00559932536833,0.999988582173487,1.01248198754541
5,11,1.00548363183878,0.999950529049683,1.01231411375183
5.2,11,1.00536265643277,0.999919663511998,1.01208898024478
5.4,11,1.00523652417184,0.999781684965982,1.01189150375692
5.6,11,1.00510539116798,0.999789915928351,1.01173459371316
5.8,11,1.00496944472507,0.999760239343152,1.01141885241793
6,11,1.00482890317607,0.999719919209662,1.01110234748492
6.2,11,1.00468401544867,0.999581748027241,1.0110163736269
6.4,11,1.00453506035527,0.999511770367084,1.01080729730805
6.6,11,1.00438234560636,0.999443656344238,1.01054995405907
6.8,11,1.0042262065492,0.99938315225086,1.01028866711699
7,11,1.00406700463724,0.999268398517481,1.01002835564334
7.2,11,1.0039051256386,0.99915585524025,1.00984166755934
7.4,11,1.00374097759529,0.998946554338241,1.00963012074031
7.6,11,1.00357498854775,0.998807107088074,1.00939859053642
7.8,11,1.00340760404231,0.998640128671054,1.00916636876054
8,11,1.00323928444171,0.998534225970136,1.00896510832041
8.2,11,1.00307050206156,0.998357992337901,1.00877240170871
8.4,11,1.00290173815748,0.998188196217672,1.0085834279311
8.6,11,1.00273347979019,0.998051777015433,1.0083438304257
8.8,11,1.00256621659662,0.997933433713165,1.00813699060925
9,11,1.00240043749737,0.997799779625302,1.00794297439756
9.2,11,1.00223662737077,0.997646624262473,1.00770507459889
9.4,11,1.00207526372519,0.997486270100634,1.00734821035961
9.6,11,1.00191681340094,0.997360890895289,1.00706642035132
9.8,11,1.001761729333,0.997270138117546,1.00681373527795
10,11,1.00161044740535,0.997157989933964,1.00656816088677
10.2,11,1.00146338342662,0.997076801664014,1.00625882279313
10.4,11,1.00132093025564,0.996992865159982,1.00596071977801
10.6,11,1.00118345510365,0.99688939083973,1.00574634797066
10.8,11,1.00105129703827,0.996834327857948,1.00555428686566
11,11,1.00092476471206,0.996704268328825,1.00530460763385
11.2,11,1.00080413433588,0.996543736116927,1.00502123290859
11.4,11,1.00068964791515,0.996419073801589,1.00481640939833
11.6,11,1.00058151176363,0.996354866907463,1.00465358925653
11.8,11,1.00047989530706,0.996278289842154,1.00445383569483
12,11,1.00038493018557,0.996311008397703,1.00427298204153
12.2,11,1.00029670966087,0.996295818558424,1.0041223570874
12.4,11,1.00021528833104,0.996329978283118,1.00400861407162
12.6,11,1.00014068215283,0.996282497221974,1.00381986216015
12.8,11,1.00007286876824,0.996272878518274,1.00363841993613
13,11,1.00001178812934,0.996293446646493,1.00348569231096
13.2,11,0.999957343412277,0.996314148937497,1.00338783840521
13.4,11,0.999909402209291,0.996340151874144,1.00328026309231
13.6,11,0.999867797984495,0.99634360439092,1.00313401614893
13.8,11,0.999832331777442,0.996393119909005,1.00295535362343
14,11,0.999802774136243,0.996407191543143,1.00283276006209
14.2,11,0.999778867260297,0.996485406522607,1.00271049890909
14.4,11,0.999760327331213,0.996569467013334,1.00257853519865
14.6,11,0.999746847009229,0.996680020507261,1.00245131425148
14.8,11,0.999738098071455,0.996789722364243,1.00233821798885
15,11,0.999733734167581,0.996948480258204,1.00220550983819
15.2,11,0.999733393668218,0.997073927503103,1.00208288871664
15.4,11,0.999736702580861,0.997196299622507,1.00200860141565
15.6,11,0.999743277508525,0.997312228358095,1.00190602825354
15.8,11,0.99975272862638,0.997427692643168,1.00182102875732
16,11,0.999764662652228,0.99755614611017,1.00175967860081
16.2,11,0.999778685787377,0.997675353312817,1.00167751151938
16.4,11,0.999794406605332,0.997792238321349,1.00157125022289
16.6,11,0.999811438866803,0.997914185772498,1.00150754071273
16.8,11,0.999829404240691,0.998051744891923,1.00143621208735
17,11,0.999847934912018,0.998177212779138,1.00137000424098
17.2,11,0.999866676059184,0.99832023620793,1.0013090133923
17.4,11,0.99988528818439,0.998439493809859,1.00124125073262
17.6,11,0.9999034492826,0.998579580938396,1.00113861703107
17.8,11,0.999920856835989,0.998701233929651,1.00105407889839
18,11,0.999937229622415,0.998839614319773,1.00097538822948
18.2,11,0.999952309328034,0.998977927669168,1.00089560564674
18.4,11,0.999965861955801,0.999113251065144,1.0008028968539
18.6,11,0.999977679023148,0.999242219236737,1.00070177843346
18.8,11,0.999987578543727,0.999363963687919,1.00061300375906
19,11,0.999995405789607,0.999481653786753,1.00051360917589
19.2,11,1.00000103383185,0.999587895777299,1.00041799955029
19.4,11,1.00000436385889,0.999691206850169,1.00032102905577
19.6,11,1.00000532527347,0.999795178666607,1.00022109183143
19.8,11,1.00000387557059,0.999898659257195,1.00011042733066
20,11,1,1,1
20.2,11,0.999993711018377,0.999890967755575,1.00010039532055
20.4,11,0.999985047537691,0.999776708610741,1.00019879086029
20.6,11,0.999974073977503,0.999663455185629,1.00029648208445
20.8,11,0.99996087913041,0.999547947205503,1.00039180844448
21,11,0.999945574851131,0.999426694566696,1.00048503984204
21.2,11,0.999928294581068,0.999312879439165,1.00057526143819
21.4,11,0.999909191721468,0.999175846863612,1.00065832719562
21.6,11,0.999888437869621,0.999029083174985,1.00074126491142
21.8,11,0.999866220933715,0.998912602965388,1.00082311428223
22,11,0.999842743143227,0.998796885645457,1.00091189781681
22.2,11,0.999818218972797,0.998679783577078,1.00098261092005
22.4,11,0.999792872998613,0.998561507093187,1.00105739285387
22.6,11,0.999766937707249,0.998433834329731,1.00111503177644
22.8,11,0.999740651277724,0.998304363050566,1.00119283185365
23,11,0.999714255358206,0.998176139703937,1.00125325165711
23.2,11,0.999687992859257,0.998056530042601,1.00133342339307
23.4,11,0.999662105785814,0.997928343721183,1.00140117821856
23.6,11,0.999636833130158,0.997823406496323,1.00147803569316
23.8,11,0.999612408847916,0.997701874441992,1.00152944669941
24,11,0.999589059938721,0.997561031571729,1.00157606316237
24.2,11,0.999567004652362,0.997451146621299,1.00161695218155
24.4,11,0.999546450840289,0.997346596852515,1.00169296071814
24.6,11,0.999527594470921,0.997254259916376,1.00176661798467
24.8,11,0.999510618325619,0.997174088645404,1.00185254666564
25,11,0.999495690890199,0.997092601779311,1.00196099801841
25.2,11,0.99948296545462,0.997027249545279,1.00206755114874
25.4,11,0.999472579430984,0.996973424468947,1.00214279043943
25.6,11,0.999464653897165,0.996909593489761,1.00220929337508
25.8,11,0.999459293370463,0.99687150376724,1.00227702287959
26,11,0.999456585812434,0.996828637183768,1.00230622472104
26.2,11,0.99945660286279,0.996775255018249,1.00234509995717
26.4,11,0.999459400296852,0.996720474734245,1.00237649515873
26.6,11,0.999465018697612,0.996644456866681,1.00245464217053
26.8,11,0.999473484330059,0.996519493037326,1.00254881495878
27,11,0.99948481020216,0.996447858727553,1.00262870315502
27.2,11,0.999498997293675,0.996456747078064,1.00272174591608
27.4,11,0.99951603593114,0.99641783374356,1.0028275485181
27.6,11,0.999535907284638,0.996376356745222,1.00289043853389
27.8,11,0.999558584959742,0.996309376176101,1.002936634492
28,11,0.999584036656073,0.996281509174195,1.00301784688136
28.2,11,0.999612225862503,0.996303144338434,1.00308614907073
28.4,11,0.999643113558064,0.996330266125945,1.00312075104197
28.6,11,0.9996766598872,0.99629321234001,1.00321000920267
28.8,11,0.999712825778136,0.996329251293371,1.00324353551811
29,11,0.99975157447382,0.996340174716725,1.00327909806936
29.2,11,0.999792872946159,0.996271469910541,1.00335382525362
29.4,11,0.99983669316608,0.996230739884351,1.00347549058116
29.6,11,0.999883013204322,0.996287735451094,1.0035102123677
29.8,11,0.999931818140693,0.996318155153746,1.00358580470453
30,11,0.99998310076286,0.996344378177526,1.00365936025996
30.2,11,1.00003686203945,0.996305283348877,1.00375743334536
30.4,11,1.00009311135632,0.996309484309402,1.00387404995818
30.6,11,1.00015186650907,0.996327850608119,1.00395498507385
30.8,11,1.00021315344954,0.99629483346338,1.00406210961758
31,11,1.00027700578841,0.996268801346897,1.00412906038644
31.2,11,1.00034346406089,0.996324522613728,1.00421338266351
31.4,11,1.00041257476661,0.996301917622778,1.00433470529563
31.6,11,1.00048438919956,0.996243017550587,1.00444753653687
31.8,11,1.00055896208779,0.996244748834596,1.00456077691277
32,11,1.00063635006617,0.996220942661601,1.00469334724212
32.2,11,1.00071661000922,0.996275492691094,1.00485039825523
32.4,11,1.00079979725333,0.996347191913702,1.00499314484689
32.6,11,1.00088596374035,0.996326913135417,1.00511332802224
32.8,11,1.00097515611599,0.996385350384913,1.0052617816416
33,11,1.00106741381755,0.996519072339137,1.00540338791538
33.2,11,1.00116276718597,0.996610083908366,1.00561555553118
33.4,11,1.00126123563684,0.996671006116512,1.00581906243328
33.6,11,1.0013628259241,0.996608726493884,1.00596469000928
33.8,11,1.00146753052873,0.996654630596206,1.00616483486156
34,11,1.00157532620255,0.996648069293661,1.0063475934777
34.2,11,1.00168617269438,0.996542420915009,1.00653389140099
34.4,11,1.00180001168315,0.996503502326694,1.0067534933369
34.6,11,1.00191676593823,0.99651385332047,1.00698774661711
34.8,11,1.00203633872401,0.996495378288362,1.00720057398496
35,11,1.0021586134611,0.996637796872115,1.00743867130603
35.2,11,1.00228345365211,0.996818508984009,1.00760627537322
35.4,11,1.00241070307582,0.997047790219467,1.00772868010066
35.6,11,1.00254018624855,0.99709236996865,1.00804044581614
35.8,11,1.00267170914742,0.997124534953439,1.00831886174454
36,11,1.0028050601858,0.997119451042407,1.00851547898898
36.2,11,1.00294001142708,0.997235114516846,1.00881315370256
36.4,11,1.00307632001939,0.99723670940771,1.00920520621248
36.6,11,1.00321372983017,0.997327521955425,1.00947461153171
36.8,11,1.00335197325693,0.997389695244488,1.00976428233054
37,11,1.00349077318771,0.997343069916025,1.01010726320668
37.2,11,1.00362984508315,0.997299948653557,1.01034925417293
37.4,11,1.00376889915019,0.997205187471716,1.01064951775991
37.6,11,1.00390764257704,0.997129055853464,1.01096874881142
37.8,11,1.00404578179834,0.997016146440252,1.01138029716668
38,11,1.0041830247599,0.997005571743546,1.01183627883946
38.2,11,1.00431908315282,0.996852766781282,1.01231139180955
38.4,11,1.00445367458844,0.996619358544122,1.01274277881954
38.6,11,1.00458652468675,0.996389909998643,1.01317609750788
38.8,11,1.00471736905333,0.996248321357853,1.01369402830333
39,11,1.0048459551221,0.996126846720704,1.0141371027755
39.2,11,1.00497204384392,0.995978887364206,1.01453915504958
39.4,11,1.00509541120399,0.995831161757768,1.01487499375929
39.6,11,1.00521584955418,0.995619681077404,1.01521590569749
39.8,11,1.00533316874958,0.995553545652039,1.01554046789316
40,11,1.00544719708173,0.995442749431854,1.01604406355104
0,12,1.00619716418162,0.995925907721371,1.01484172637257
0.2,12,1.006185773611,0.996059618406876,1.01473072212064
0.4,12,1.00617219972457,0.996124448901211,1.01455866750404
0.6,12,1.00615624799846,0.996220269092511,1.01436824373302
0.8,12,1.00613771925794,0.996369707027034,1.01420881727379
1,12,1.00611641079279,0.996455892510171,1.01412127976735
1.2,12,1.00609211759539,0.996487156911907,1.0141095281454
1.4,12,1.00606463371726,0.996678764269187,1.01396493194664
1.6,12,1.00603375373776,0.99695063388772,1.01379983939272
1.8,12,1.00599927433722,0.997168892339866,1.01353846426236
2,12,1.00596099596438,0.997324482873576,1.01333716341359
2.2,12,1.00591872458678,0.997292973624678,1.01331486236232
2.4,12,1.00587227351037,0.99725965798169,1.01320675786529
2.6,12,1.00582146525328,0.997231816447377,1.01300206586916
2.8,12,1.00576613345701,0.997181643235575,1.01279172271434
3,12,1.00570612481678,0.997129462318171,1.0126690171005
3.2,12,1.00564130101142,0.997011563694628,1.01253883535332
3.4,12,1.00557154061244,0.996945866665163,1.01235481295635
3.6,12,1.00549674095064,0.996860769566316,1.01215030712664
3.8,12,1.00541681991827,0.996763582737423,1.0118761235374
4,12,1.00533171768453,0.996745118671953,1.01173256751458
4.2,12,1.00524139830178,0.996758814442275,1.01160570036441
4.4,12,1.00514585118066,0.996688769583173,1.01143304294278
4.6,12,1.00504509241233,0.996579297133969,1.01130291687246
4.8,12,1.00493916591743,0.99648039570501,1.01112444815468
5,12,1.00482814440234,0.996387150161323,1.01082614215904
5.2,12,1.00471213010478,0.996315170840414,1.01067305237657
5.4,12,1.00459125531295,0.996273502529773,1.01046768361523
5.6,12,1.00446568264405,0.996267750653764,1.01020568519653
5.8,12,1.00433560507077,0.996219022744977,1.00999255403545
6,12,1.00420124568665,0.996150278863053,1.00979102057838
6.2,12,1.00406285720413,0.996109790508156,1.00954562629224
6.4,12,1.00392072118193,0.996031406789313,1.00934305357229
6.6,12,1.0037751469815,0.995905058054989,1.0091519388766
6.8,12,1.00362647045525,0.995834169292104,1.00888066998117
7,12,1.00347505237272,0.995780380980726,1.0086883607378
7.2,12,1.00332127659356,0.995602028624721,1.00849601219601
7.4,12,1.00316554799945,0.995503887302627,1.00830825888828
7.6,12,1.00300829020023,0.995582432841081,1.00808490141033
7.8,12,1.00284994303192,0.995488645005169,1.0078913868579
8,12,1.00269095986714,0.995441272577689,1.00765758544454
8.2,12,1.00253180476099,0.995348692785182,1.0073976296125
8.4,12,1.00237294945719,0.995304104082822,1.00712717142487
8.6,12,1.00221487028143,0.995183595901586,1.00683921456351
8.8,12,1.00205804495027,0.995071827009551,1.00654719395065
9,12,1.00190294932515,0.995014201186469,1.00632892689239
9.2,12,1.00175005414184,0.994972372321578,1.00608063194071
9.4,12,1.00159982174611,0.994988691014699,1.00580867534262
9.6,12,1.00145270286668,0.995068682330848,1.00556779040605
9.8,12,1.00130913345583,0.995098320463977,1.00534521024146
10,12,1.00116953162797,0.995050951044368,1.00517705771812
10.2,12,1.00103429472484,0.995004794701415,1.00505448571538
10.4,12,1.00090379653528,0.995001736112412,1.00482415642511
10.6,12,1.00077838469543,0.995014523720052,1.00470885974434
10.8,12,1.0006583782935,0.994897544064255,1.00457064452826
11,12,1.00054406570108,0.994870103709629,1.00439330468004
11.2,12,1.00043570265035,0.994904615760947,1.00424543506365
11.4,12,1.00033351057417,0.99498990832282,1.00408659664795
11.6,12,1.00023767522312,0.995072123934631,1.00392984877284
11.8,12,1.00014834557063,0.995118888550973,1.00380717275149
12,12,1.00006563301452,0.995140532788666,1.0036462967622
12.2,12,0.99998961088005,0.995135639785813,1.0034922273453
12.4,12,0.999920314226726,0.995261872622834,1.00338725157778
12.6,12,0.999857739957979,0.995340817332198,1.0032425818509
12.8,12,0.999801847229945,0.995394722098963,1.00310705937624
13,12,0.99975255815276,0.995472734998555,1.00299678244966
13.2,12,0.999709758775039,0.995591473974483,1.00290185516943
13.4,12,0.999673300339677,0.995652006264603,1.00278608746511
13.6,12,0.999643000796754,0.995717910427795,1.00268393087759
13.8,12,0.999618646557152,0.995805636788126,1.00257005302133
14,12,0.999599994468597,0.995928339355797,1.00244568287208
14.2,12,0.999586773994108,0.996064876478523,1.00234028372088
14.4,12,0.999578689571434,0.996176135048933,1.00225491769566
14.6,12,0.99957542313087,0.996281003734309,1.0021798506905
14.8,12,0.999576636747927,0.996363797034804,1.00208997038094
15,12,0.999581975406679,0.996496266599518,1.00201006746879
15.2,12,0.999591069849238,0.996649593051178,1.0019618094923
15.4,12,0.99960353948663,0.996786235882687,1.00186977148645
15.6,12,0.999618995346472,0.996947061407774,1.00179623551288
15.8,12,0.999637043033177,0.997096754421606,1.00170769319174
16,12,0.99965728567693,0.997255711996044,1.00164478809876
16.2,12,0.999679326848435,0.997400011377527,1.00156893809342
16.4,12,0.999702773417321,0.997556297199289,1.00151142705385
16.6,12,0.999727238333181,0.997693883140175,1.00144417399642
16.8,12,0.999752343309367,0.997843300910033,1.00137332138617
17,12,0.999777721391034,0.998004597812795,1.00130042298099
17.2,12,0.999803019390262,0.99816639838659,1.00120883577046
17.4,12,0.999827900172591,0.998325937880901,1.00114545013251
17.6,12,0.999852044780806,0.998487329950642,1.00108732164457
17.8,12,0.999875154383374,0.998643076997446,1.00099675124933
18,12,0.99989695203649,0.998791260923379,1.00091577610694
18.2,12,0.999917184250284,0.998916783990694,1.00084121735537
18.4,12,0.999935622351302,0.999049664979278,1.00075287725915
18.6,12,0.99995206363492,0.999191554941258,1.00066588962298
18.8,12,0.999966332302903,0.999320324077961,1.00057157267516
19,12,0.999978280182804,0.999440559688193,1.00048641686678
19.2,12,0.999987787227391,0.999559709828454,1.00039688717111
19.4,12,0.999994761793734,0.999671904132747,1.00030530551665
19.6,12,0.999999140702991,0.999783485303873,1.0002087499052
19.8,12,1.00000088908336,0.999894318198215,1.00010581957216
20,12,1,1,1
20.2,12,0.99999649387707,0.999891686471276,1.00010201434117
20.4,12,0.999990417718473,0.999782642290714,1.00020519974863
20.6,12,0.999981844135056,0.99967040430805,1.00030737365772
20.8,12,0.999970870187475,0.999551259558306,1.00040742542125
21,12,0.999957616055172,0.999439404931589,1.00050529919856
21.2,12,0.999942223543211,0.99931905726507,1.0005965666675
21.4,12,0.999924854440006,0.999196133427761,1.00068238055522
21.6,12,0.999905688740215,0.999059943787585,1.00078196839122
21.8,12,0.999884922748293,0.998932735412375,1.00087197554292
22,12,0.999862767079364,0.998827126193102,1.00092571879553
22.2,12,0.999839444575174,0.998710695171139,1.00099201825824
22.4,12,0.999815188153925,0.998584485559883,1.00106248102456
22.6,12,0.999790238613695,0.998447771993223,1.00112065616473
22.8,12,0.999764842409961,0.998318779217579,1.00120080394549
23,12,0.999739249428391,0.998187612049794,1.00127032705537
23.2,12,0.999713710774549,0.998052919996943,1.00136027411792
23.4,12,0.999688476602444,0.997914527592625,1.00141608737222
23.6,12,0.999663794003916,0.997807159201751,1.00148745695989
23.8,12,0.999639904980668,0.997698196093463,1.00157874367928
24,12,0.9996170445203,0.997577461895624,1.00163275088567
24.2,12,0.999595438797017,0.997463319082846,1.00170994963596
24.4,12,0.999575303516595,0.997346596852515,1.00179274599567
24.6,12,0.999556842423952,0.997254259916376,1.00186370455797
24.8,12,0.999540245989971,0.997144253280826,1.00198373779875
25,12,0.999525690292363,0.997067027182511,1.00202859448637
25.2,12,0.9995133361031,0.997005451058039,1.0020885733906
25.4,12,0.999503328192486,0.996909415386129,1.00215804348482
25.6,12,0.99949579485719,0.996844502248807,1.00223317336568
25.8,12,0.999490847676612,0.996747217069328,1.00229545243468
26,12,0.999488581498814,0.996734388019801,1.00232599068515
26.2,12,0.999489074653997,0.996648627671018,1.0023991204113
26.4,12,0.999492389390115,0.996569342735697,1.00248167558142
26.6,12,0.999498572521865,0.996527209836744,1.00252945022072
26.8,12,0.999507656280915,0.996460585710164,1.00264082570344
27,12,0.999519659351958,0.996447858727553,1.00274630401643
27.2,12,0.999534588076083,0.996444435178922,1.00285027247971
27.4,12,0.999552437800039,0.996409228934357,1.00296643841614
27.6,12,0.999573194347365,0.99634279319879,1.00308501496386
27.8,12,0.999596835585065,0.996280579457025,1.00309097023772
28,12,0.999623333057649,0.996189537946713,1.00321296165255
28.2,12,0.999652653658892,0.996101241177674,1.00316835418962
28.4,12,0.999684761310746,0.99606793505348,1.00326318107875
28.6,12,0.999719618618393,0.996031511052526,1.00337793171845
28.8,12,0.999757188470545,0.995967491855418,1.00340879137994
29,12,0.999797435554787,0.995914044795245,1.00353234051079
29.2,12,0.99984032775898,0.99585930934839,1.00366527183543
29.4,12,0.999885837431561,0.995827655979348,1.00372224865641
29.6,12,0.999933942475857,0.995858610974047,1.00382377129672
29.8,12,0.999984627256409,0.995841167430905,1.00397511872052
30,12,1.00003788329851,0.995802612597486,1.00410598650715
30.2,12,1.0000937097659,0.995827926301527,1.00425718942952
30.4,12,1.00015211370552,0.995856890580133,1.00432438525472
30.6,12,1.00021311005248,0.995865983389031,1.00443151729882
30.8,12,1.00027672139297,0.995845297213181,1.00462060237456
31,12,1.00034297748708,0.995836433966042,1.00472469935581
31.2,12,1.00041191455855,0.995821904048712,1.00483093085656
31.4,12,1.00048357436225,0.995827783489895,1.00502532383201
31.6,12,1.00055800304515,0.995834080795965,1.00522083454822
31.8,12,1.00063524982012,0.995857577339216,1.00534411009065
32,12,1.00071536547572,0.995881601410696,1.00547517281722
32.2,12,1.00079840074842,0.995828908823409,1.00560703458688
32.4,12,1.00088440458648,0.995866778481604,1.00586250193114
32.6,12,1.00097342233686,0.995957568357825,1.00605295108017
32.8,12,1.00106549388825,0.995947261302426,1.00615382840952
33,12,1.00116065180447,0.996019977963347,1.00625897391588
33.2,12,1.00125891948245,0.996026585515649,1.0064127870863
33.4,12,1.00136030936928,0.99602975318839,1.00652245198283
33.6,12,1.00146482127159,0.996071687148465,1.00664608104251
33.8,12,1.00157244078894,0.996140757401895,1.00679098019942
34,12,1.0016831379011,0.996210996379079,1.00701500624882
34.2,12,1.00179686573607,0.996248325905581,1.00717080395723
34.4,12,1.00191355954288,0.996310203688658,1.007301365382
34.6,12,1.00203313588938,0.996435022515676,1.00749597615797
34.8,12,1.00215549210147,0.996460732536598,1.00775248966372
35,12,1.00228050595604,0.996629586060685,1.00792670145998
35.2,12,1.00240803563527,0.996670254247786,1.00814533207949
35.4,12,1.00253791994592,0.996743907438164,1.00842289813952
35.6,12,1.00266997880236,0.996858842931493,1.00865836248525
35.8,12,1.00280401396772,0.996959780956614,1.00888899685419
36,12,1.00293981004365,0.997003169462228,1.00907237329416
36.2,12,1.00307713569466,0.997086576943298,1.00935704493022
36.4,12,1.00321574508959,0.997196298982809,1.00960473483824
36.6,12,1.00335537953958,0.997244069179215,1.00982919863038
36.8,12,1.00349576930839,0.997230385529408,1.01021278943302
37,12,1.00363663556936,0.99715000055811,1.01057367880136
37.2,12,1.00377769248047,0.997152119393148,1.01095736939668
37.4,12,1.00391864934828,0.997121856653811,1.01130306199091
37.6,12,1.00405921285025,0.997074472165553,1.01169318807782
37.8,12,1.00419908928476,0.99695063267168,1.01209512575516
38,12,1.00433798681836,0.997005571743546,1.01258539355924
38.2,12,1.00447561770063,0.996942982082825,1.0130553112495
38.4,12,1.00461170041793,0.996818177348,1.01333399921527
38.6,12,1.0047459617594,0.99671881899604,1.01366068210514
38.8,12,1.00487813877033,0.996519024357404,1.01407433023681
39,12,1.00500798057044,0.996421815940029,1.01453249212713
39.2,12,1.00513525001763,0.996368949105239,1.01502903374066
39.4,12,1.00525972520015,0.996157294258365,1.01558614533335
39.6,12,1.00538120074379,0.996050869693862,1.01605653637009
39.8,12,1.00549948892343,0.995846614286459,1.01650595286497
40,12,1.00561442057187,0.995725211642893,1.01704342625847
0,13,1.00536600791411,0.993003439445378,1.01453241353263
0.2,13,1.00535120264889,0.993115014921507,1.01438319153706
0.4,13,1.00533413904436,0.993227349552392,1.01422635313943
0.6,13,1.0053146342187,0.993282327894619,1.01406080506974
0.8,13,1.00529250203487,0.993295413874044,1.01391568474233
1,13,1.00526755422851,0.993395164387745,1.01376644200991
1.2,13,1.00523960164714,0.993371332558668,1.01361621813295
1.4,13,1.00520845559582,0.993406424581691,1.01346815102261
1.6,13,1.00517392928225,0.993432906368343,1.01335493125129
1.8,13,1.00513583935305,0.993444368506454,1.01324733077367
2,13,1.00509400751083,0.993455470752355,1.01316036674839
2.2,13,1.00504826220029,0.993464478549863,1.01304066994129
2.4,13,1.00499844034956,0.993430304760532,1.01289153210353
2.6,13,1.00494438915197,0.993431351539769,1.01267437411502
2.8,13,1.00488596787139,0.99341668501629,1.01243528326769
3,13,1.00482304965365,0.993463777661361,1.01222351319322
3.2,13,1.00475552332489,0.993511096735881,1.01192297698751
3.4,13,1.00468329515704,0.993520734768302,1.0116665347727
3.6,13,1.00460629058014,0.993507818180805,1.01145289802998
3.8,13,1.00452445582029,0.993365159562251,1.0112613683364
4,13,1.00443775944237,0.993089194773022,1.01113686334481
4.2,13,1.00434619377652,0.992873575949366,1.01099326206878
4.4,13,1.00424977620772,0.992648779275343,1.01081902316552
4.6,13,1.00414855030879,0.992569606131961,1.01051831086857
4.8,13,1.00404258679793,0.992444821689556,1.01025384813008
5,13,1.00393198430314,0.992385216545596,1.0099597307509
5.2,13,1.00381686991774,0.992379237064409,1.00969509388324
5.4,13,1.00369739953273,0.992460482215613,1.0095664965741
5.6,13,1.00357375793411,0.992396026394623,1.00946099428165
5.8,13,1.00344615865526,0.992419309690756,1.00923905191781
6,13,1.00331484357749,0.992415942794703,1.00894131488516
6.2,13,1.00318008227396,0.99240716438908,1.00872316143075
6.4,13,1.00304217109556,0.992240442036975,1.00851850853873
6.6,13,1.00290143199974,0.99207699118144,1.00835595110184
6.8,13,1.00275821112667,0.991918181430716,1.00813986540202
7,13,1.00261287712977,0.991862044423358,1.00792682316261
7.2,13,1.00246581927064,0.99167637359907,1.00769554349765
7.4,13,1.00231744529148,0.99157432115616,1.00749284514594
7.6,13,1.0021681790805,0.991368999550996,1.00724518274077
7.8,13,1.00201845814876,0.99129878723326,1.006976950278
8,13,1.00186873093885,0.991278314590217,1.00673615650498
8.2,13,1.00171945398855,0.991309412685396,1.00654076152388
8.4,13,1.00157108897386,0.991271465761476,1.00636287395577
8.6,13,1.001424099658,0.991198804268199,1.00614446334098
8.8,13,1.00127894877391,0.991195033252621,1.00592827041772
9,13,1.00113609486888,0.991145125396431,1.00569593957118
9.2,13,1.00099598914065,0.991105185510274,1.00548658042708
9.4,13,1.00085907229463,0.991064325821687,1.00530532218804
9.6,13,1.00072577145155,0.991019404209868,1.00511028064314
9.8,13,1.00059649713497,0.991025139228876,1.00496639138881
10,13,1.00047164036684,0.991037534209341,1.00483033214413
10.2,13,1.00035156989853,0.991025652769627,1.00461775675558
10.4,13,1.0002366296033,0.991057171758771,1.00441854038855
10.6,13,1.00012713605452,0.991070234157804,1.00427432890582
10.8,13,1.00002337631196,0.991123060787426,1.00413203245163
11,13,0.999925605936351,0.991240558175878,1.0039814979786
11.2,13,0.99983404725013,0.991320992259674,1.00385117994962
11.4,13,0.999748887859498,0.991432729252417,1.00372520165912
11.6,13,0.999670279450467,0.991545804706456,1.0036129555327
11.8,13,0.99959833686862,0.991530440430676,1.00346583122132
12,13,0.999533137489504,0.991592315085901,1.00330855322325
12.2,13,0.999474720883641,0.991731927690642,1.00319985694889
12.4,13,0.999423088777273,0.991917263853026,1.00307436659022
12.6,13,0.999378205307047,0.992087539935612,1.00299752902364
12.8,13,0.999339997564101,0.992256606855688,1.00288617378768
13,13,0.999308356420277,0.992462469287721,1.0027712592074
13.2,13,0.999283137626655,0.992675993835825,1.00269020007666
13.4,13,0.99926416317216,0.992957536523789,1.00259683707407
13.6,13,0.999251222887814,0.993187952277255,1.00248089997948
13.8,13,0.999244076280142,0.993398323231711,1.00239426073264
14,13,0.99924245457546,0.993600832365953,1.00229871514021
14.2,13,0.999246062955181,0.993890653014025,1.00222064836976
14.4,13,0.999254582960969,0.994159339920314,1.00213472053588
14.6,13,0.999267675047467,0.994412346213929,1.00204179371994
14.8,13,0.999284981259507,0.994602763904766,1.00198740721621
15,13,0.999306128010132,0.994846660749239,1.00192485117877
15.2,13,0.999330728935418,0.995115731212599,1.00186424820814
15.4,13,0.999358387802011,0.995433981949432,1.00181463643679
15.6,13,0.999388701443408,0.995717252013819,1.00173553383905
15.8,13,0.999421262701382,0.995988704974094,1.00166285674707
16,13,0.999455663349505,0.996230697386935,1.00160063932088
16.2,13,0.999491496976449,0.996497677243946,1.00154207806952
16.4,13,0.999528361807663,0.996710379351863,1.00148056322689
16.6,13,0.999565863445077,0.996916270981474,1.00140021549586
16.8,13,0.99960361750564,0.997135569610374,1.00132223955721
17,13,0.999641252140814,0.997346367443812,1.00124608249184
17.2,13,0.999678410420479,0.997525728368201,1.00118335756807
17.4,13,0.999714752566164,0.997760456923288,1.00110408758739
17.6,13,0.999749958019982,0.997941716644275,1.00101468948724
17.8,13,0.99978372733718,0.998169720605396,1.00093878460179
18,13,0.999815783891721,0.998353721526577,1.00084959058814
18.2,13,0.999845875385867,0.998552550933398,1.00077095783641
18.4,13,0.999873775156246,0.998728156380315,1.00069685356053
18.6,13,0.999899283270405,0.998903158126543,1.00062173368649
18.8,13,0.999922227409336,0.999064075978931,1.00055088044458
19,13,0.999942463532926,0.999226073013298,1.00047136224465
19.2,13,0.999959876326722,0.999391752412339,1.00039280944368
19.4,13,0.999974379429805,0.999551587914124,1.00029767565484
19.6,13,0.999985915444961,0.999705272082957,1.00020021038858
19.8,13,0.9999944557337,0.999852260856017,1.00010126955933
20,13,1,1,1
20.2,13,1.000002575668,0.999895294738888,1.00013996007658
20.4,13,1.00000223706017,0.999787101885988,1.00027267789706
20.6,13,0.999999064383799,0.999676587835313,1.00039998583185
20.8,13,0.999993162534917,0.999561237084315,1.00051993217865
21,13,0.999984659730108,0.99944775522886,1.00063431040742
21.2,13,0.999973705977882,0.999340176813774,1.00076056462016
21.4,13,0.999960471402591,0.999233406230626,1.00087146885484
21.6,13,0.9999451444351,0.999122454732708,1.00098185605789
21.8,13,0.999927929885625,0.99901502312107,1.00109284481292
22,13,0.999909046915339,0.998890851099812,1.00119256660313
22.2,13,0.999888726924427,0.998757205415844,1.00128992436285
22.4,13,0.999867211375322,0.998632758179316,1.00138864415338
22.6,13,0.999844749570763,0.998506980874247,1.00147907321319
22.8,13,0.999821596407141,0.998376739970521,1.00154833355208
23,13,0.999798010124246,0.998257800988066,1.00161015317321
23.2,13,0.999774250073016,0.998147479492489,1.00169118112911
23.4,13,0.999750574523211,0.998015833458826,1.00175115967131
23.6,13,0.999727238532966,0.997879759307989,1.00183055773922
23.8,13,0.999704491902053,0.997772651241067,1.00190417596748
24,13,0.999682577230223,0.997655823113476,1.00202114097885
24.2,13,0.999661728101302,0.997506636277265,1.00207571746531
24.4,13,0.999642167412709,0.997376780749354,1.00214890330222
24.6,13,0.999624105868754,0.997276850885646,1.00223017635421
24.8,13,0.999607740654474,0.997168258675913,1.00231231306055
25,13,0.999593254304842,0.99706801034758,1.00238949656577
25.2,13,0.999580813781989,0.9969656442582,1.0025052607464
25.4,13,0.999570569770596,0.996847806661631,1.00261583362973
25.6,13,0.999562656198884,0.996754461753647,1.00264521446588
25.8,13,0.999557189989679,0.996731801155731,1.0027654099778
26,13,0.999554271042895,0.996666453186906,1.00285130819557
26.2,13,0.999553982447508,0.9966097866385,1.00292556779764
26.4,13,0.99955639091772,0.996525972065479,1.00303234638228
26.6,13,0.999561547444632,0.996471754324413,1.00315292965671
26.8,13,0.999569488151356,0.996391801265069,1.00317051958486
27,13,0.999580235336229,0.99630045939091,1.00320281707441
27.2,13,0.999593798685626,0.996195306318342,1.00325920156792
27.4,13,0.999610176634998,0.996141235315658,1.00334571801614
27.6,13,0.999629357854056,0.996107378812664,1.00335866233649
27.8,13,0.999651322829775,0.996074824768088,1.00341651171972
28,13,0.999676045518935,0.996080470942054,1.00344725527211
28.2,13,0.999703495040473,0.99605169552035,1.00353702028614
28.4,13,0.999733637376929,0.995966483384675,1.00355076110076
28.6,13,0.9997664370538,0.995980756380993,1.0036055261349
28.8,13,0.999801858765722,0.995946623786769,1.00377679347991
29,13,0.999839868919019,0.995867845020235,1.003940377107
29.2,13,0.999880437061399,0.995803598746888,1.00398098658437
29.4,13,0.999923537171294,0.99577523812151,1.00403261616868
29.6,13,0.99996914878171,0.995715709443824,1.00412444092235
29.8,13,1.00001725791617,0.99567841147472,1.00418881260939
30,13,1.00006785781767,0.995632355325437,1.00427771642699
30.2,13,1.00012094945517,0.995576479669938,1.00441209217775
30.4,13,1.00017654179617,0.99550482438087,1.00451288446564
30.6,13,1.00023465183822,0.99541744590921,1.00462292401866
30.8,13,1.00029530439654,0.995316911763766,1.0047029725014
31,13,1.00035853164968,0.995225484476188,1.00484337221526
31.2,13,1.00042437244945,0.995144439863607,1.00497578341282
31.4,13,1.00049287140619,0.995082494815031,1.00512387423446
31.6,13,1.00056407776429,0.995017431788525,1.00524124348414
31.8,13,1.00063804408742,0.995014174131572,1.00542291078089
32,13,1.00071482477632,0.99505585601051,1.00561959142671
32.2,13,1.00079447444537,0.995083063562014,1.00578876606438
32.4,13,1.00087704618715,0.995089334569371,1.00595760634587
32.6,13,1.00096258975621,0.995094192312183,1.00616199621296
32.8,13,1.00105114970523,0.995105824603271,1.00626756892618
33,13,1.0011427635077,0.995150026104476,1.00636752978315
33.2,13,1.0012374597016,0.995151365500789,1.00655744507305
33.4,13,1.00133525608863,0.995170495880882,1.00664403219887
33.6,13,1.00143615802234,0.995207837466262,1.00675633730734
33.8,13,1.00154015681735,0.99524243692097,1.0068423062479
34,13,1.00164722830947,0.995253393112348,1.00701500624882
34.2,13,1.00175733159427,0.995243186608696,1.00725013930724
34.4,13,1.00187040796815,0.995183959011835,1.00742065942154
34.6,13,1.00198638009278,0.995257713752401,1.00753214827528
34.8,13,1.00210515139955,0.995318626636884,1.00785082730304
35,13,1.00222660574692,0.995309629741525,1.00805006898659
35.2,13,1.00235060733861,0.995310093197039,1.00829799364705
35.4,13,1.0024770009068,0.995260946017467,1.00857828819199
35.6,13,1.00260561215938,0.995302348591402,1.00883236153409
35.8,13,1.00273624848633,0.995357455275644,1.00905211297963
36,13,1.00286869991575,0.995389403046537,1.00936189082891
36.2,13,1.00300274030625,0.995379164256449,1.00953752157594
36.4,13,1.00313812875844,0.995436421586022,1.00979119549024
36.6,13,1.00327461122513,0.99542103897352,1.00998583595196
36.8,13,1.00341192229671,0.995474848107032,1.01035880902131
37,13,1.00354978713575,0.995278147157808,1.01069739332229
37.2,13,1.00368792353307,0.995172978117635,1.01101295497973
37.4,13,1.00382604405567,0.995292007823669,1.0115638162887
37.6,13,1.00396385825657,0.995323735389368,1.0119758475692
37.8,13,1.00410107491565,0.995223272846155,1.01238287438674
38,13,1.00423740428126,0.995222092819135,1.01276467332931
38.2,13,1.00437256028279,0.995129321289983,1.01327848839017
38.4,13,1.00450626268551,0.995209016159332,1.0136935333957
38.6,13,1.00463823916095,0.99500732609929,1.01408689757173
38.8,13,1.00476822724765,0.994762230075827,1.01443960907312
39,13,1.00489597617988,0.994626903547944,1.01488060945168
39.2,13,1.0050212485644,0.994658397964643,1.01524654297314
39.4,13,1.00514382188825,0.994592730556662,1.01562654423667
39.6,13,1.00526348984364,0.994445067944469,1.0160960619038
39.8,13,1.00538006345927,0.994206024235341,1.01653069352128
40,13,1.00549337203047,0.994161696905433,1.01704342625847
0,14,1.00342983177879,0.982832558510011,1.01364071148142
0.2,14,1.00341682560651,0.98292795985257,1.01361079445688
0.4,14,1.00340178669821,0.983014347866361,1.01349397749172
0.6,14,1.00338455153364,0.983012578495612,1.01333097285527
0.8,14,1.00336495415649,0.983010920890671,1.01321274827102
1,14,1.00334282725344,0.983008481413003,1.01308776412062
1.2,14,1.00331800333487,0.983007150675528,1.01287510382051
1.4,14,1.00329031601172,0.983112455584433,1.01266473376064
1.6,14,1.00325960136206,0.98312074702874,1.01250838245874
1.8,14,1.00322569937849,0.983103559215616,1.01239649667046
2,14,1.00318845548669,0.983088146117295,1.01214554709152
2.2,14,1.00314772212329,0.983111276037196,1.01193621601812
2.4,14,1.00310336035992,0.983147478900158,1.01173986702258
2.6,14,1.00305524155908,0.983329573397663,1.01162452124279
2.8,14,1.00300324904575,0.983531656731518,1.01155252160781
3,14,1.002947279778,0.983663148490394,1.01140812298672
3.2,14,1.00288724599843,0.98376160865135,1.01130833304635
3.4,14,1.00282307684789,0.983849279182698,1.01112123911508
3.6,14,1.00275471992203,0.983891496019206,1.01109216547935
3.8,14,1.00268214275126,0.983853807157408,1.01090529641107
4,14,1.00260533418419,0.98385849681484,1.01060301155554
4.2,14,1.00252430565532,0.983915054360287,1.01048177593015
4.4,14,1.00243909231787,0.983968054298817,1.01028767197582
4.6,14,1.00234975402338,0.983969565540318,1.01004872013867
4.8,14,1.0022563761311,0.984079891541791,1.00992807994763
5,14,1.00215907013095,0.984141297124846,1.00978530774262
5.2,14,1.00205797406596,0.984207389724499,1.0095370551615
5.4,14,1.00195325274139,0.984262527576941,1.00924117843951
5.6,14,1.00184509771005,0.98432909605628,1.00901532057071
5.8,14,1.00173372702564,0.984392553190253,1.00876754240718
6,14,1.00161938475804,0.984281125727464,1.00855940166958
6.2,14,1.00150234026729,0.984204213663549,1.00837067996363
6.4,14,1.00138288723558,0.98439251910993,1.00826941803791
6.6,14,1.00126134245931,0.984496698248632,1.00804945608383
6.8,14,1.00113804440598,0.98458931331011,1.00793090317673
7,14,1.0010133515437,0.984606213802842,1.00772301992662
7.2,14,1.00088764045337,0.984893453068171,1.00751639897084
7.4,14,1.00076130373685,0.985202598940479,1.00729357944198
7.6,14,1.00063474773627,0.985315043058924,1.00708055183689
7.8,14,1.00050839008273,0.98538736938161,1.00685894689313
8,14,1.00038265709417,0.985433284750837,1.00662159194651
8.2,14,1.00025798104451,0.985655756468827,1.00637384428346
8.4,14,1.000134797328,0.985934915759897,1.00615592536152
8.6,14,1.00001354154358,0.986239572571004,1.0059675392666
8.8,14,0.99989464652596,0.986411027527503,1.00574428096322
9,14,0.999778539350285,0.986588311173741,1.00555278071622
9.2,14,0.999665638338269,0.986680038078146,1.00536296654218
9.4,14,0.999556350093534,0.986808501689942,1.00518814823644
9.6,14,0.999451066593956,0.986989543207386,1.00499257730186
9.8,14,0.99935016236828,0.987153988625852,1.00482830467661
10,14,0.999253991783519,0.987298717810921,1.00464618772833
10.2,14,0.999162886468562,0.98743871755238,1.00448643415739
10.4,14,0.999077152898071,0.987588686429385,1.00434106620583
10.6,14,0.998997070159112,0.987745940488653,1.00409381670041
10.8,14,0.998922887921106,0.987937568963133,1.00384372794202
11,14,0.998854824627578,0.988091445101913,1.00369795001412
11.2,14,0.998793065925954,0.98820916568047,1.00354914381991
11.4,14,0.99873776334917,0.988325370510541,1.00344793932866
11.6,14,0.998689033260353,0.988496400920362,1.0032779642377
11.8,14,0.998646956069168,0.988728030757152,1.00319580696582
12,14,0.998611575725718,0.988967153445669,1.00303830341969
12.2,14,0.998582899495165,0.988931403254539,1.00286333000551
12.4,14,0.998560898013525,0.989080550772987,1.00275560404932
12.6,14,0.998545505622392,0.989251521603635,1.00269517626168
12.8,14,0.998536620977765,0.989461792013052,1.00266270791697
13,14,0.998534107925626,0.989677573411778,1.00259348945654
13.2,14,0.998537796634527,0.989838608273832,1.00251854769425
13.4,14,0.998547484973254,0.990036223363001,1.0024231143521
13.6,14,0.998562940119507,0.990338272300746,1.00235707533947
13.8,14,0.998583900383755,0.990563565654981,1.00225329296745
14,14,0.998610077230675,0.990797353489657,1.0021536073493
14.2,14,0.998641157479206,0.990914616419548,1.00209835337829
14.4,14,0.998676805660995,0.991209856833542,1.00202170361548
14.6,14,0.998716666516049,0.991472495100331,1.00192399484678
14.8,14,0.998760367603632,0.991801672721094,1.00184260632931
15,14,0.998807522005964,0.992151095608493,1.00180520664384
15.2,14,0.998857731101954,0.992352470222225,1.00178454395874
15.4,14,0.998910587388164,0.99266006225674,1.00173049390843
15.6,14,0.998965677324332,0.993029609778245,1.00168022009306
15.8,14,0.999022584181125,0.993390568736496,1.00163456197044
16,14,0.99908089086834,0.993755447496299,1.0015956887728
16.2,14,0.999140182722453,0.994122784422225,1.00155361931458
16.4,14,0.999200050233285,0.994481434682357,1.00149786144461
16.6,14,0.999260091690522,0.994824730699122,1.0014122941831
16.8,14,0.999319915731949,0.995195753310021,1.00133764784883
17,14,0.999379143776436,0.995583076153111,1.00127976248442
17.2,14,0.999437412325991,0.995840487320482,1.00120371907014
17.4,14,0.999494375122548,0.996151096618998,1.00112645603688
17.6,14,0.999549705146505,0.996505788244632,1.00105479499298
17.8,14,0.999603096445469,0.996853118552269,1.00098032590046
18,14,0.999654265783053,0.997197525856611,1.00090539941259
18.2,14,0.999702954099027,0.99752487214697,1.00086874860171
18.4,14,0.999748927773528,0.997835691050011,1.00079914855123
18.6,14,0.999791979689448,0.998132208851818,1.00072286962101
18.8,14,0.999831930088518,0.998418573353068,1.00062919834937
19,14,0.99986862721797,0.998706307064675,1.00054925003422
19.2,14,0.999901947766026,0.998988667766657,1.00044335489143
19.4,14,0.999931797085785,0.999256214846221,1.00033460990824
19.6,14,0.999958109208396,0.999514201558803,1.00022479810357
19.8,14,0.999980846647726,0.999762262356317,1.00011329325844
20,14,1,1,1
20.2,14,1.00001558734319,0.999881296289759,1.00022893574204
20.4,14,1.00002765344223,0.999760243624456,1.0004499935753
20.6,14,1.00003626876736,0.999645804136528,1.00066655683923
20.8,14,1.00004152833427,0.999535917672253,1.00088591755871
21,14,1.00004355037592,0.999418474696542,1.00109329784478
21.2,14,1.00004247485727,0.999273937379276,1.0012950516
21.4,14,1.00003846184529,0.999130755937926,1.00148293867322
21.6,14,1.00003168974815,0.998993959894671,1.00164956696028
21.8,14,1.00002235343838,0.998837474140269,1.00181490951783
22,14,1.00001066227622,0.998706094635229,1.00198927371068
22.2,14,0.999996838050449,0.998576120389292,1.00215791724574
22.4,14,0.999981112855128,0.998434932971474,1.00231332134488
22.6,14,0.999963726921384,0.998300563002143,1.00245547497939
22.8,14,0.999944926424588,0.998141482085908,1.00259443670483
23,14,0.999924961287684,0.99796261370443,1.00271090893737
23.2,14,0.999904083002104,0.997819726220395,1.00283940726037
23.4,14,0.99988254248796,0.997641494803635,1.00292653830844
23.6,14,0.999860588015371,0.997470871235594,1.00304365454285
23.8,14,0.999838463208613,0.99729717252488,1.00316100963201
24,14,0.999816405154376,0.997154903561634,1.00328096608113
24.2,14,0.99979464263475,0.996976373361786,1.00341124107859
24.4,14,0.999773394504548,0.996798523200909,1.00357569392351
24.6,14,0.999752868231317,0.996636375923193,1.00372055099052
24.8,14,0.999733258614742,0.996460196559416,1.00377973127473
25,14,0.999714746700284,0.996282231130282,1.00382701937093
25.2,14,0.999697498899661,0.996175763006963,1.00389428040981
25.4,14,0.999681666328301,0.996030705596393,1.00395269423456
25.6,14,0.999667384367147,0.995890619784207,1.00406732349166
25.8,14,0.999654772453236,0.995796505473291,1.00416571385336
26,14,0.999643934100318,0.995687547307757,1.00427272098412
26.2,14,0.999634957147451,0.995525257301481,1.00431121371015
26.4,14,0.999627914230166,0.995397636736307,1.00441656341161
26.6,14,0.999622863465312,0.995295654854286,1.00441887030768
26.8,14,0.999619849337332,0.995159598165236,1.00445622713035
27,14,0.999618903770362,0.994968430285428,1.0045527774108
27.2,14,0.999620047367408,0.994783668563196,1.00465299280274
27.4,14,0.999623290794862,0.994576037993749,1.00472728818524
27.6,14,0.999628636287994,0.994153857024929,1.00479290406451
27.8,14,0.999636079250674,0.993872443267889,1.00485848562116
28,14,0.999645609920676,0.99375647570374,1.00497141857108
28.2,14,0.999657215070405,0.99348987322946,1.00496226028351
28.4,14,0.999670879711921,0.993351714586546,1.00497974229974
28.6,14,0.999686588774639,0.993048857369697,1.00501024256309
28.8,14,0.999704328724182,0.992736241969425,1.00506708774046
29,14,0.99972408909155,0.992418000540269,1.00509798889719
29.2,14,0.999745863882935,0.992245448414161,1.00516738043484
29.4,14,0.999769652842373,0.992220020296496,1.00534604413117
29.6,14,0.99979546254172,0.992072372697823,1.00553352129969
29.8,14,0.999823307275292,0.99165666853478,1.00553372120307
30,14,0.999853209739837,0.991569657630479,1.00565099393502
30.2,14,0.999885201484224,0.991115020125248,1.0057815580304
30.4,14,0.999919323117299,0.990748435046347,1.00591769130703
30.6,14,0.999955624266715,0.990484735272771,1.00612304970658
30.8,14,0.999994163286068,0.990317812375921,1.00625148102963
31,14,1.0000350067123,0.990114889213273,1.00631157768708
31.2,14,1.00007822848004,0.989784081880682,1.0063850688579
31.4,14,1.00012390890398,0.989297569173124,1.00651073726056
31.6,14,1.00017213344503,0.989154374183555,1.00667551889414
31.8,14,1.00022299127991,0.98893040220591,1.00684823529352
32,14,1.00027657369775,0.988720142064741,1.00706753188417
32.2,14,1.00033297235071,0.988476545242892,1.00733460738233
32.4,14,1.00039227738842,0.988448076234883,1.00749946463986
32.6,14,1.00045457550846,0.988294038672568,1.00759490618318
32.8,14,1.00051994795688,0.988046373495346,1.00759801883208
33,14,1.00058846851383,0.987888770876264,1.00765377248849
33.2,14,1.00066020149992,0.987643682540995,1.00777947238053
33.4,14,1.00073519983871,0.987400857113808,1.00795751261427
33.6,14,1.00081350320984,0.987167180684363,1.0081527195776
33.8,14,1.00089513632604,0.986976754167813,1.00834472431136
34,14,1.00098010736483,0.986829986422653,1.00849172440363
34.2,14,1.00106840658356,0.986795364012653,1.00864748984266
34.4,14,1.00116000514283,0.986759858934338,1.00879634261735
34.6,14,1.00125485416,0.986558877877098,1.00893913430471
34.8,14,1.00135288401062,0.986469786512314,1.00907449997254
35,14,1.00145400389108,0.986394067269315,1.00924700901254
35.2,14,1.00155810165169,0.986331716066052,1.00940337489049
35.4,14,1.00166504390454,0.985934474373644,1.00965646571176
35.6,14,1.00177467640612,0.985614626418591,1.00989820522263
35.8,14,1.00188682471008,0.98544887531352,1.0102213216009
36,14,1.00200129508115,0.98541500051631,1.01043214794108
36.2,14,1.00211787565697,0.985504395075563,1.01063725622214
36.4,14,1.00223633784102,0.985366828816744,1.01093098393965
36.6,14,1.00235643790602,0.985264040870689,1.01126750939446
36.8,14,1.00247791878436,0.985301538418931,1.01159209954162
37,14,1.00260051201937,0.985342289948385,1.01189022619907
37.2,14,1.00272393984923,0.985342416631004,1.01203619882012
37.4,14,1.00284791739382,0.985086798448611,1.01238332822732
37.6,14,1.00297215491367,0.984930140386891,1.01279737224272
37.8,14,1.00309636010975,0.984806184114522,1.01305480986021
38,14,1.00322024043316,0.984689088902527,1.01343193203651
38.2,14,1.003343505374,0.984578769413947,1.01387246644446
38.4,14,1.00346586870013,0.984439521543763,1.01424656482284
38.6,14,1.00358705061795,0.984484170473523,1.01472356170289
38.8,14,1.00370677982943,0.984611861853538,1.01534399549463
39,14,1.00382479546171,0.984791990229161,1.01567279870844
39.2,14,1.00394084884861,0.98500661732228,1.01619235841754
39.4,14,1.00405470514601,0.985157706942703,1.01678752155795
39.6,14,1.00416614476614,0.98519927617745,1.01723116291413
39.8,14,1.00427496461922,0.98520578168793,1.01736020253636
40,14,1.00438097915394,0.985307770912191,1.017634465948
