"value","lag","rr","lo","hi"
0,0,0.990453908205308,0.965363158112345,1.01642243768422
0.2,0,0.990484783614903,0.965600714344875,1.01633105776484
0.4,0,0.990517805951864,0.96591196986054,1.01632618401989
0.6,0,0.990553064611588,0.966235598835074,1.01620727857096
0.8,0,0.99059064688624,0.96632599332003,1.01604848593711
1,0,0.990630637263402,0.966386791700578,1.01585044719885
1.2,0,0.990673116682244,0.966451955071676,1.01574460204352
1.4,0,0.990718161750216,0.966498430159634,1.01564757668004
1.6,0,0.990765843924115,0.966736861212878,1.01556082546656
1.8,0,0.990816228660332,0.967008235031642,1.01546541859904
2,0,0.990869374540048,0.967201045370197,1.01534920316412
2.2,0,0.990925332376253,0.96736795174156,1.01517250537836
2.4,0,0.990984144310571,0.967412584811635,1.01512234865733
2.6,0,0.991045842909044,0.967422469138338,1.01502632823591
2.8,0,0.991110450267257,0.967596146031861,1.01481883917654
3,0,0.991177977136413,0.967645747632191,1.01461069442586
3.2,0,0.991248422083191,0.967691927848271,1.01452246268911
3.4,0,0.991321770697488,0.967720865186904,1.01437289810013
3.6,0,0.991397994863264,0.9679018692234,1.01433780321885
3.8,0,0.991477052108879,0.96797401374802,1.01428955153865
4,0,0.991558885054282,0.968026758452363,1.0141596587999
4.2,0,0.991643420973311,0.968084573969563,1.01389018732203
4.4,0,0.99173057149004,0.968342765338452,1.01372021395167
4.6,0,0.991820232428629,0.968738346278058,1.01367527082252
4.8,0,0.991912283836327,0.968856835075243,1.01362952342731
5,0,0.99200659019925,0.968880111966632,1.01355385766113
5.2,0,0.99210300087011,0.968901582907638,1.01339471461672
5.4,0,0.992201350726303,0.969043990246278,1.01322712324953
5.6,0,0.992301461075515,0.969164208264095,1.01305515601132
5.8,0,0.992403140824317,0.969407520087582,1.01288019071033
6,0,0.992506187923014,0.969384442236908,1.01288187160188
6.2,0,0.992610391097277,0.969623213666942,1.0128224754207
6.4,0,0.99271553187376,0.969961953495777,1.01273660895752
6.6,0,0.992821386903063,0.970398712465415,1.0125944560346
6.8,0,0.992927730578886,0.97050952727503,1.01246728655375
7,0,0.993034337947237,0.970572199377233,1.01240509046033
7.2,0,0.99314098789388,0.970639688598157,1.01244841375288
7.4,0,0.993247466592139,0.970711984642466,1.01230747818409
7.6,0,0.993353571186539,0.970820591479581,1.01216276761214
7.8,0,0.993459113680719,0.971165014210946,1.0121499634657
8,0,0.993563924990721,0.971445393353111,1.01205442388859
8.2,0,0.993667859117152,0.971790330808254,1.01192470505488
8.4,0,0.993770797381997,0.972065744284173,1.01202961713335
8.6,0,0.993872652668162,0.971860487097079,1.01213547800634
8.8,0,0.993973373592324,0.971909824642635,1.01202954533837
9,0,0.994072948534419,0.972043659845536,1.01197135237786
9.2,0,0.99417140944045,0.971951901752222,1.01198635681684
9.4,0,0.994268835309293,0.972096028839723,1.0118273180847
9.6,0,0.994365355269055,0.972291784443311,1.01164341050995
9.8,0,0.994461151144577,0.972314789746715,1.01148365647509
10,0,0.994556459414919,0.97251449733331,1.01133051444406
10.2,0,0.99465157245846,0.972965216508153,1.01117558219595
10.4,0,0.994746838983703,0.973207474512505,1.01088473662898
10.6,0,0.994842663546151,0.973482887834747,1.01062548411096
10.8,0,0.994939505055971,0.973873476993019,1.01065362808289
11,0,0.995037874187578,0.97401973706756,1.01056861204661
11.2,0,0.995138329611007,0.974285705247862,1.0104596285373
11.4,0,0.995241472975955,0.974594034499414,1.01038204027121
11.6,0,0.99534794259279,0.974998689975764,1.01038200919429
11.8,0,0.995458405770597,0.97542662861893,1.01026712450658
12,0,0.995573549790439,0.975761170624393,1.01015352477318
12.2,0,0.995694071512405,0.97613549005818,1.01013066699307
12.4,0,0.995820665637497,0.976635430071409,1.01010617187877
12.6,0,0.995954011669894,0.977066579360194,1.01004917757812
12.8,0,0.99609475965135,0.97751899007259,1.01000391015287
13,0,0.996243514767183,0.978007140056712,1.00982644495805
13.2,0,0.996400820952214,0.978491490988125,1.00974490077029
13.4,0,0.996567143654725,0.978956878638773,1.00954025677189
13.6,0,0.996742851946706,0.97932215070735,1.00941636223753
13.8,0,0.996928200198827,0.979835838136863,1.00928704181188
14,0,0.997123309568311,0.980266147130908,1.00927528433796
14.2,0,0.997328149576696,0.980727362020168,1.0092038790036
14.4,0,0.997542520081731,0.981345406913387,1.00911011420432
14.6,0,0.997766033972929,0.981852966011632,1.00912009759972
14.8,0,0.997998100942854,0.982568950132916,1.00902061576178
15,0,0.998237912705576,0.983310929337805,1.00904542490631
15.2,0,0.998484430049129,0.983910680871877,1.00905955507067
15.4,0,0.998736372119678,0.984655417704961,1.00900518561149
15.6,0,0.998992208340789,0.985310093607433,1.00893134907049
15.8,0,0.999250153370991,0.986013933802637,1.00879508441434
16,0,0.999508165496153,0.986666033113783,1.0088151326586
16.2,0,0.999763948839441,0.987314001397993,1.00864708367788
16.4,0,1.00001495975023,0.988077664430014,1.00851750884535
16.6,0,1.00025841770372,0.988834970875951,1.00827114121145
16.8,0,1.0004913210051,0.989657189681306,1.00807569480482
17,0,1.00071046754493,0.990495225841914,1.00789858999006
17.2,0,1.00091248079683,0.991262057923497,1.00764125865466
17.4,0,1.00109384118357,0.991966373768222,1.00729945993976
17.6,0,1.00125092286423,0.992628976441423,1.00695711190335
17.8,0,1.00138003591329,0.993380569757634,1.00660552026733
18,0,1.00147747377344,0.994216903200517,1.00624903110459
18.2,0,1.00153956576765,0.995046719557869,1.00585072511303
18.4,0,1.00156273435558,0.99578130396385,1.00539346796685
18.6,0,1.00154355671398,0.996443078756351,1.00490136700576
18.8,0,1.00147883011468,0.997075872011989,1.00435522119601
19,0,1.00136564046704,0.997672642965213,1.00376711214215
19.2,0,1.00120143328835,0.998229099636013,1.00310178650975
19.4,0,1.00098408626706,0.998732664122154,1.00239764792205
19.6,0,1.0007119824933,0.999201083588572,1.0016720498346
19.8,0,1.00038408335104,0.999629279466782,1.00087657379657
20,0,1,1,1
20.2,0,0.999560062324406,0.999069151393835,1.00030347834985
20.4,0,0.999065384193419,0.99808640373055,1.00055049322876
20.6,0,0.998517923865845,0.997051542712937,1.00073696323886
20.8,0,0.997920538381091,0.995929921688863,1.00086547331141
21,0,0.99727703081054,0.994711223823364,1.00091790750723
21.2,0,0.996592189298667,0.993468580664891,1.00090502052912
21.4,0,0.995871816901035,0.992231525124641,1.00081978084913
21.6,0,0.995122751325704,0.990964614823144,1.00070963302507
21.8,0,0.994352873803748,0.98958494899147,1.00055499852993
22,0,0.993571106450976,0.988216498251289,1.00036271361815
22.2,0,0.992787397633477,0.986939686723972,0.999984029092384
22.4,0,0.992012695010517,0.985659494738517,0.999663528284717
22.6,0,0.991258906095576,0.984349010118601,0.99936498276887
22.8,0,0.99053884634553,0.98317313556284,0.998972319346184
23,0,0.989866174954774,0.98206556852877,0.998822333631022
23.2,0,0.989255318691091,0.980939397567144,0.998729462351196
23.4,0,0.988721384259372,0.979822312298018,0.998678699916445
23.6,0,0.988280059814332,0.978862821130773,0.998707705684674
23.8,0,0.98794750636129,0.978187726227795,0.998821997098614
24,0,0.987740239882862,0.97756567477335,0.998831186919036
24.2,0,0.987675005107998,0.977050629082423,0.999171462157214
24.4,0,0.987768641897837,0.976763260147384,0.999624245257577
24.6,0,0.988037945261472,0.976133470621005,0.999951152448484
24.8,0,0.988499520035503,0.976219206249093,1.00072689144746
25,0,0.989169631267124,0.976558375297881,1.00158335813545
25.2,0,0.99006405133489,0.977206735138158,1.00270560514346
25.4,0,0.991197904828417,0.977941359143143,1.00388989505912
25.6,0,0.992585512192685,0.979060575928163,1.00549579966319
25.8,0,0.994240233129165,0.980665405235345,1.00710105440619
26,0,0.996174310739404,0.982502374204646,1.00950920778646
26.2,0,0.998398717401467,0.984241214819827,1.01248064306234
26.4,0,1.0009230033897,0.986260563109365,1.01511805868516
26.6,0,1.00375514928664,0.988306182293398,1.01822192565504
26.8,0,1.00690142329483,0.991180041473492,1.02136142311005
27,0,1.01036624463591,0.994376926344219,1.02510894545336
27.2,0,1.01415205432521,0.997466053486532,1.0292314043442
27.4,0,1.01825919472804,1.00080649724009,1.03347463661517
27.6,0,1.02268579943644,1.00414547107699,1.03799910837294
27.8,0,1.02742769514596,1.00784122532841,1.04290420423757
28,0,1.032478317353,1.01204318570615,1.04827624307153
28.2,0,1.03782864182624,1.01663069027136,1.05400516090532
28.4,0,1.04346713391948,1.02152541024649,1.06002201792988
28.6,0,1.0493797178765,1.02647585129999,1.06625888501345
28.8,0,1.05554976831904,1.03197282674168,1.07258271960911
29,0,1.06195812609428,1.03810682155848,1.07922444080337
29.2,0,1.06858314057635,1.0439636821756,1.0859071566239
29.4,0,1.07540074035666,1.04998387659846,1.09279197328411
29.6,0,1.08238453401078,1.05611285107572,1.09989555245176
29.8,0,1.08950594228976,1.06243937437627,1.10710476996404
30,0,1.09673436264697,1.06894297790464,1.1143680791013
30.2,0,1.10403736648017,1.07553109701587,1.12173207343829
30.4,0,1.11138092884656,1.08222520522064,1.12918720508301
30.6,0,1.11872968970838,1.08896299047982,1.13665749162652
30.8,0,1.12604724500202,1.09643429599854,1.1442803333066
31,0,1.13329646501731,1.10362585697621,1.15217640284211
31.2,0,1.14043983674832,1.11067376089081,1.15972324261181
31.4,0,1.14743982606462,1.11701609626727,1.16729919929695
31.6,0,1.1542592547811,1.12283909617596,1.17421492879861
31.8,0,1.16086168701087,1.12907806068107,1.18126580218099
32,0,1.1672118186001,1.13530278269389,1.18793921391059
32.2,0,1.17327586299843,1.1404634280098,1.19451568933914
32.4,0,1.17902192663901,1.14562919766595,1.2005196382115
32.6,0,1.18442036681181,1.15062160909661,1.2061338845325
32.8,0,1.18944412512499,1.15527083012209,1.21156291490016
33,0,1.19406902997023,1.15949323449634,1.21665331049084
33.2,0,1.19827406193452,1.16338354370497,1.22120782376838
33.4,0,1.20204157682293,1.1665838216849,1.22520266901236
33.6,0,1.20535748185224,1.17010324046522,1.22896897933295
33.8,0,1.20821136161588,1.17224341688714,1.23237512359084
34,0,1.21059655157091,1.17452656591477,1.23510266460573
34.2,0,1.2125101580165,1.17615015602576,1.23748838205076
34.4,0,1.21395302477747,1.17739664525509,1.2392346102139
34.6,0,1.21492964803115,1.17857174682141,1.24054886646104
34.8,0,1.21544804187819,1.17905224097121,1.2410926199074
35,0,1.21551955831891,1.17860776953381,1.24129589253576
35.2,0,1.21515866622186,1.17743390412326,1.24133361756653
35.4,0,1.21438269463374,1.17641946870801,1.24107825159011
35.6,0,1.21321154636105,1.17528313822165,1.24069900785005
35.8,0,1.21166738814179,1.17327588313613,1.23958386273493
36,0,1.20977432392006,1.17074008085712,1.23750725368134
36.2,0,1.20755805774095,1.1688247171081,1.23530716506842
36.4,0,1.20504555261278,1.16619738591065,1.23241741129584
36.6,0,1.20226469135577,1.16339429586385,1.22918573814602
36.8,0,1.19924394499471,1.15999916049463,1.22608642418255
37,0,1.19601205368487,1.15706786414262,1.2233932082396
37.2,0,1.19259772451197,1.15279399229517,1.22062533069304
37.4,0,1.18902934980823,1.14883738705836,1.21707534232853
37.6,0,1.18533474890275,1.14457649458469,1.21298090630504
37.8,0,1.18154093550103,1.14015202491034,1.20953492704089
38,0,1.17767391218742,1.13560865170422,1.20650651364813
38.2,0,1.17375849288252,1.13086432288843,1.2036495881621
38.4,0,1.16981815348097,1.1261183064532,1.20083798362003
38.6,0,1.16587491035254,1.12204090156256,1.19778061207825
38.8,0,1.161949225919,1.11797022647754,1.19490145300361
39,0,1.15805994012297,1.11382313710345,1.19190035511666
39.2,0,1.15422422628425,1.10968629627193,1.18913338823791
39.4,0,1.15045756959059,1.10528299542214,1.18638817565564
39.6,0,1.14677376629022,1.10103467735353,1.1838098933913
39.8,0,1.1431849415363,1.09651609848484,1.18088488537772
40,0,1.13970158377231,1.09172806784933,1.17767214209988
0,1,0.99428587792463,0.973391276496046,1.03115479793086
0.2,1,0.994314701617054,0.973525496009656,1.03118250997526
0.4,1,0.994345535798284,0.973642810130307,1.03125472649414
0.6,1,0.994378464617934,0.97375843375627,1.03125792475863
0.8,1,0.994413570232688,0.973875232797071,1.03122846520345
1,1,0.994450932127982,0.973989115741372,1.03113451527499
1.2,1,0.99449062639562,0.974120188105212,1.03114153007642
1.4,1,0.994532724969722,0.974327575412467,1.03118126498385
1.6,1,0.994577294824187,0.974597264905151,1.03106126525407
1.8,1,0.994624397135757,0.974772197378076,1.03104824368648
2,1,0.994674086417714,0.974925660192114,1.03101220592852
2.2,1,0.994726409630269,0.975163922922142,1.03096908600198
2.4,1,0.994781405274824,0.975269593247868,1.03092380559237
2.6,1,0.994839102480402,0.97544881319358,1.03087631177571
2.8,1,0.99489952009179,0.97565176307153,1.03088381000037
3,1,0.994962665770127,0.975815839695204,1.03097209531699
3.2,1,0.995028535117979,0.976003398076326,1.03105139247774
3.4,1,0.995097110842144,0.976202882919443,1.03110669941743
3.6,1,0.995168361968699,0.976456844800657,1.03111691763902
3.8,1,0.995242243125948,0.976671108005282,1.0309124924673
4,1,0.99531869391205,0.97685030114483,1.03067212555102
4.2,1,0.995397638365053,0.977036661242056,1.03055368173153
4.4,1,0.995478984553921,0.977273373688282,1.03035018451991
4.6,1,0.995562624309737,0.977511507899254,1.02977179316794
4.8,1,0.995648433116684,0.977753474326628,1.02969727829332
5,1,0.995736270182518,0.9780220128812,1.02968073036831
5.2,1,0.995825978708033,0.978241533256013,1.02965195006116
5.4,1,0.995917386374455,0.97844839577772,1.02945783941269
5.6,1,0.996010306066687,0.978684685752933,1.0293130593843
5.8,1,0.996104536848912,0.978837542427282,1.02920788647396
6,1,0.99619986520709,0.979038030746662,1.02909063220904
6.2,1,0.996296066570419,0.979285005875605,1.0290120084572
6.4,1,0.99639290712081,0.979575037810034,1.0289925536623
6.6,1,0.996490145895802,0.979866489587582,1.02896067444482
6.8,1,0.996587537186148,0.980222877197017,1.02882524187847
7,1,0.996684833224521,0.98047132117313,1.02886020107498
7.2,1,0.996781787156417,0.9806931745229,1.02879418177904
7.4,1,0.996878156278434,0.980979795722747,1.02871505807546
7.6,1,0.996973705522665,0.981269178092393,1.02868447303631
7.8,1,0.997068211159105,0.981560795381346,1.02844826229977
8,1,0.997161464680727,0.981854130603098,1.02845227411154
8.2,1,0.997253276828362,0.98214639224453,1.02819083116611
8.4,1,0.99734348170486,0.982394158746179,1.02796598643552
8.6,1,0.997431940920306,0.982667185131654,1.0279040644917
8.8,1,0.997518547702456,0.982924462139702,1.02765850530174
9,1,0.997603230899265,0.983228505050699,1.02734625677906
9.2,1,0.997685958793514,0.98352554098808,1.02714433733028
9.4,1,0.997766742643323,0.983801775393198,1.02687887760535
9.6,1,0.997845639856975,0.984085322428737,1.02682950167765
9.8,1,0.997922756706137,0.984374772182902,1.02668619400081
10,1,0.997998250478472,0.984701602022087,1.02643526112188
10.2,1,0.998072330969028,0.984909794117379,1.02602997990838
10.4,1,0.998145261209756,0.985211023495687,1.02555286335972
10.6,1,0.998217357338363,0.985466712004184,1.02528170861764
10.8,1,0.998288987511524,0.985648859291778,1.02483102371176
11,1,0.998360569773401,0.985929822940336,1.02457359624298
11.2,1,0.998432568798633,0.986165347910462,1.02428817818025
11.4,1,0.998505491439477,0.986363057392821,1.02372755651443
11.6,1,0.998579881019685,0.986540040395932,1.02329553080854
11.8,1,0.998656310333008,0.98672503328332,1.02295504608546
12,1,0.998735373321883,0.987116289265111,1.02265598721215
12.2,1,0.998817675431794,0.987358312683327,1.0224686364367
12.4,1,0.998903822658952,0.987519715750705,1.02228667538858
12.6,1,0.998994409333,0.987727726178655,1.02185054785227
12.8,1,0.999090004702411,0.987935259328372,1.02141743367554
13,1,0.999191138417611,0.988254007054004,1.02102280209058
13.2,1,0.99929828503553,0.988379111382058,1.02066498494086
13.4,1,0.999411847698733,0.988515546481161,1.0202645178199
13.6,1,0.999532141172265,0.988620420597661,1.01987891698309
13.8,1,0.999659374451269,0.988752430277201,1.01942868679585
14,1,0.999793633181964,0.988991967047463,1.01904251026396
14.2,1,0.999934862167086,0.98927735259066,1.01865871581102
14.4,1,1.00008284825393,0.98956839267247,1.01820975998173
14.6,1,1.00023720392799,0.989934374822428,1.01776591106364
14.8,1,1.00039735195755,0.990269217951197,1.01722161047561
15,1,1.00056251145328,0.990572767648684,1.01673881507563
15.2,1,1.00073168572204,0.990947534212567,1.01625003004037
15.4,1,1.00090365230437,0.991314073698454,1.01575616337084
15.6,1,1.0010769555902,0.991726346915043,1.01528568466738
15.8,1,1.00124990240672,0.992177398456933,1.01478684659504
16,1,1.00142056096479,0.992638858715351,1.01429206564898
16.2,1,1.00158676353626,0.993105889541261,1.01372607273491
16.4,1,1.00174611321246,0.993593082153145,1.01314013357069
16.6,1,1.00189599506409,0.994055951993151,1.01262777562352
16.8,1,1.0020335919844,0.994569310863878,1.01203157729929
17,1,1.00215590545056,0.99508727597098,1.01142128867646
17.2,1,1.00225978138209,0.995585783766015,1.01082437258621
17.4,1,1.00234194121113,0.996046156007432,1.01020253854159
17.6,1,1.00239901820583,0.996590537756017,1.00960602930104
17.8,1,1.00242759900824,0.997027478273208,1.00911259824311
18,1,1.00242427025923,0.997489160852875,1.00853777916939
18.2,1,1.00238567008971,0.99795439247293,1.00785583661747
18.4,1,1.00230854415821,0.998379932230527,1.0071328773352
18.6,1,1.00218980581261,0.998745241905664,1.00636498509276
18.8,1,1.00202659985072,0.999080099862256,1.0055545901638
19,1,1.00181636925111,0.999377261171214,1.00472511823251
19.2,1,1.00155692414592,0.999628201812826,1.00385483031795
19.4,1,1.00124651221309,0.999801913467737,1.00295281024609
19.6,1,1.00088388957882,0.999936076721797,1.00201439274322
19.8,1,1.00046839124578,0.999995366956322,1.00103275413065
20,1,1,1,1
20.2,1,0.99947941270282,0.998926546913385,0.999945253609395
20.4,1,0.99890810284548,0.997791535666798,0.999823817418008
20.6,1,0.998288378234825,0.996621606872004,0.999660176114298
20.8,1,0.997623432690584,0.995394518900152,0.999435444555041
21,1,0.996917390668593,0.994123220534779,0.999157826745077
21.2,1,0.996175343780308,0.992822735938697,0.99889471609393
21.4,1,0.995403378256655,0.991499623618639,0.998533229389705
21.6,1,0.994608592502455,0.990235022567888,0.998092987411292
21.8,1,0.993799104004554,0.988970527274983,0.997689551064866
22,1,0.99298404498987,0.987636831478017,0.997263464987586
22.2,1,0.992173546375714,0.986398143657885,0.996808418515182
22.4,1,0.991378709710397,0.985056932228773,0.996396511751251
22.6,1,0.990611566963312,0.983801090042702,0.996095138494367
22.8,1,0.989885028186199,0.982489029185927,0.995806891023278
23,1,0.989212817226941,0.981445347566063,0.995553467299666
23.2,1,0.988609395829902,0.980347307348416,0.995262179162355
23.4,1,0.988089876598768,0.97929882691784,0.995084613052983
23.6,1,0.987669925425717,0.978337788049808,0.994928255682605
23.8,1,0.987365654102055,0.977551949491722,0.994940892315355
24,1,0.987193503918202,0.976948670662659,0.995044792801088
24.2,1,0.987170121134316,0.976424088122671,0.995211076520102
24.4,1,0.987312225256735,0.976414832323767,0.995496216807532
24.6,1,0.987636471090951,0.976534726065307,0.995954045897354
24.8,1,0.988159305560722,0.976713743384391,0.996758625735365
25,1,0.988896820288114,0.977124688450576,0.997888055812044
25.2,1,0.989864600924124,0.977783330933818,0.999314722297853
25.4,1,0.991077574208289,0.97875207524544,1.00084073110335
25.6,1,0.992549853722748,0.979723518052973,1.00271190564935
25.8,1,0.994294585296354,0.98131008027937,1.0049283737868
26,1,0.996323793012183,0.9831265686647,1.00757931595207
26.2,1,0.998648226781529,0.984892619096499,1.01055259697057
26.4,1,1.00127721247294,0.987148489864212,1.01361618912794
26.6,1,1.00421850562887,0.989646444018584,1.01690361317687
26.8,1,1.00747814986725,0.992708346223957,1.02064865413425
27,1,1.01106034115066,0.995925585989126,1.02490256440996
27.2,1,1.01496729921208,0.999549889184879,1.0294861586609
27.4,1,1.01919914754941,1.00360177671021,1.03410897310019
27.6,1,1.02375380353845,1.00793538598459,1.03889710519633
27.8,1,1.02862688035879,1.01252850186908,1.04413302912323
28,1,1.03381160257197,1.0175301142354,1.04966876570522
28.2,1,1.03929873732728,1.02284547570201,1.05585022545484
28.4,1,1.04507654328671,1.02838415328558,1.06231943111162
28.6,1,1.05113073944553,1.03465915561978,1.06880378868615
28.8,1,1.05744449606674,1.04070258497062,1.07573938408756
29,1,1.06399844993331,1.04714014552204,1.08289861559086
29.2,1,1.07077074603994,1.05364446753474,1.09017589021168
29.4,1,1.07773710768585,1.06030807573315,1.09760544116421
29.6,1,1.08487093668165,1.06767960924899,1.10495809358053
29.8,1,1.09214344504189,1.07499502469729,1.11211936757934
30,1,1.09952381909586,1.08245935792543,1.11945492417144
30.2,1,1.10697941641531,1.08990371964578,1.12727758498823
30.4,1,1.11447599533325,1.09764614491905,1.13498364164505
30.6,1,1.12197797612443,1.10545986057431,1.14331166093187
30.8,1,1.12944873215073,1.11298605388832,1.15094855642186
31,1,1.13685090846458,1.12035483282664,1.15841480173117
31.2,1,1.14414676453539,1.12749446944623,1.16565683410564
31.4,1,1.15129853694748,1.13413690114061,1.17333636670625
31.6,1,1.15826881714463,1.14128599367115,1.18029414857681
31.8,1,1.16502093859859,1.14789899804219,1.18701994471115
32,1,1.17151936719093,1.15429099495885,1.19404424594235
32.2,1,1.17773008814861,1.16041654850135,1.20106055634961
32.4,1,1.18362098259196,1.16598025818311,1.20709372165821
32.6,1,1.18916218666028,1.17097193849139,1.21310620135005
32.8,1,1.19432642628953,1.17567505898898,1.21886847749278
33,1,1.19908932103569,1.17989488423572,1.22398932353243
33.2,1,1.20342965086249,1.18351264553473,1.22882441314983
33.4,1,1.20732958053328,1.18696489914848,1.23260566426196
33.6,1,1.2107748371415,1.18984291768394,1.23644283332137
33.8,1,1.21375483735513,1.19229584183783,1.24029723218645
34,1,1.21626276210089,1.1943244386342,1.24299658409435
34.2,1,1.21829557763431,1.19610673518611,1.24500818904639
34.4,1,1.21985400318738,1.1975670624255,1.24650360611854
34.6,1,1.22094242661249,1.19845911904681,1.24791405236363
34.8,1,1.2215687706069,1.19904555251181,1.24869404569483
35,1,1.22174431316581,1.19928276103796,1.24920824389101
35.2,1,1.22148346684112,1.19896051701405,1.2496161646008
35.4,1,1.22080352214944,1.19830922249169,1.24929208045841
35.6,1,1.21972436105799,1.19729740414094,1.24826601788341
35.8,1,1.21826814686943,1.19602481517383,1.24697368522391
36,1,1.21645899702491,1.19439699657924,1.2454120052096
36.2,1,1.21432264535334,1.19229892057712,1.2440145887203
36.4,1,1.21188610012752,1.18962596687245,1.24184249789661
36.6,1,1.2091773039634,1.1865935630533,1.2392283875988
36.8,1,1.20622480113923,1.18373419028906,1.23659426953631
37,1,1.20305741734498,1.18022570723558,1.23434101108844
37.2,1,1.1997039562256,1.17665080734602,1.23177510955172
37.4,1,1.19619291638306,1.17298922792053,1.22946850182633
37.6,1,1.19255223177849,1.16841957643974,1.22599961896804
37.8,1,1.18880903775196,1.16405632116235,1.22228514842322
38,1,1.18498946417469,1.15886781707664,1.21874523712858
38.2,1,1.18111845658586,1.15370992319367,1.21546212657368
38.4,1,1.17721962555705,1.14895003201165,1.21170002260895
38.6,1,1.17331512398291,1.14396006220788,1.20836483771155
38.8,1,1.16942555152356,1.1381603848807,1.20535417325175
39,1,1.16556988502573,1.13229162984706,1.20283616659615
39.2,1,1.16176543342584,1.12696345133658,1.19963104013156
39.4,1,1.15802781538786,1.12130572850686,1.19722081906317
39.6,1,1.15437095774605,1.11550000540051,1.19475152055182
39.8,1,1.15080711270383,1.11019925839788,1.1925560863631
40,1,1.14734689167653,1.10459514138563,1.19012085930105
0,2,0.981083299015251,0.955494599848433,1.00646786960783
0.2,2,0.981133142828259,0.955623805087587,1.00647396267057
0.4,2,0.981186679058252,0.955809920598181,1.00648066941595
0.6,2,0.981244091641073,0.956123846317023,1.00635305697672
0.8,2,0.981305565242031,0.95635447687103,1.0061289445437
1,2,0.981371284364722,0.956627779600504,1.00596382504782
1.2,2,0.981441432386738,0.956918280145217,1.00591323309098
1.4,2,0.981516190524113,0.957123135243645,1.00594290346082
1.6,2,0.981595736727347,0.957359534790643,1.00601936012543
1.8,2,0.981680244512922,0.957659312332121,1.00601873134774
2,2,0.981769881735428,0.95783159998944,1.00602680248812
2.2,2,0.981864809306665,0.957979430568501,1.00592971242883
2.4,2,0.981965179869436,0.958135600676605,1.00595660668796
2.6,2,0.982071136435178,0.958300409040342,1.00579942672072
2.8,2,0.982182810996031,0.958518416725071,1.00585367435342
3,2,0.98230032312351,0.95868027359052,1.00584963196883
3.2,2,0.982423778567439,0.958957689125503,1.00582616101679
3.4,2,0.982553267870418,0.959171646826414,1.00591922431823
3.6,2,0.982688865014582,0.959409381749509,1.00599432157138
3.8,2,0.982830626118928,0.959668329077798,1.00589708942898
4,2,0.982978588206849,0.959858222167852,1.00574554335679
4.2,2,0.983132768064839,0.960118086466099,1.00550642579352
4.4,2,0.983293161214396,0.960539397042663,1.00526451027211
4.6,2,0.983459741020129,0.961009065104446,1.00515150551644
4.8,2,0.983632457957667,0.961463501168504,1.00520273183475
5,2,0.983811239065412,0.961850590332849,1.00506613638862
5.2,2,0.983995987604145,0.962171807260627,1.0048783939965
5.4,2,0.98418658294815,0.962524557972265,1.00489832688148
5.6,2,0.984382880730696,0.96281888249208,1.00477551879905
5.8,2,0.98458471326543,0.963120270426029,1.00474614039433
6,2,0.984791890263363,0.96340288115345,1.00483842396911
6.2,2,0.985004199862774,0.963735434641089,1.00493635788058
6.4,2,0.9852214099863,0.964156532296834,1.00503952845281
6.6,2,0.985443270035874,0.964496763452687,1.005147468287
6.8,2,0.985669512931887,0.96487447124363,1.00525965960126
7,2,0.985899857498041,0.965306252826317,1.00537553836542
7.2,2,0.986134011187779,0.965752034875767,1.00545774837476
7.4,2,0.986371673142069,0.966241585139858,1.00531497515808
7.6,2,0.986612537561527,0.966699003399876,1.00524994111753
7.8,2,0.986856297368691,0.967074294936114,1.00537197295567
8,2,0.987102648128534,0.967449170274799,1.00554133306222
8.2,2,0.987351292187331,0.967945566411773,1.00566702676275
8.4,2,0.987601942981745,0.96842863785086,1.0057165664236
8.6,2,0.987854329461667,0.968986884106037,1.00576188721711
8.8,2,0.988108200562101,0.969447538235874,1.00582694240632
9,2,0.988363329651302,0.969858095735997,1.00588147950076
9.2,2,0.988619518874801,0.970260518760699,1.0059176031204
9.4,2,0.988876603307855,0.970719962994787,1.00595784457394
9.6,2,0.989134454822702,0.97123306670842,1.00603918561206
9.8,2,0.989392985571763,0.971650766122915,1.00603591713318
10,2,0.989652150983988,0.972190263638219,1.0059583445752
10.2,2,0.989911952169017,0.972766137621754,1.0060341796415
10.4,2,0.990172437622982,0.973347271344859,1.00599571253652
10.6,2,0.990433704130737,0.973872374009727,1.00606646476477
10.8,2,0.990695896762328,0.974412334971823,1.00595187411411
11,2,0.990959207866716,0.974967329844756,1.00580493658371
11.2,2,0.991223874973233,0.975575604183007,1.00586443889959
11.4,2,0.991490177521197,0.976245904335856,1.00595703362625
11.6,2,0.991758432350462,0.976893561626493,1.00601659480776
11.8,2,0.992028987900561,0.977401750931394,1.00604199890568
12,2,0.992302217083425,0.977794080806396,1.00610135439872
12.2,2,0.992578508814407,0.978417590321108,1.00622972067807
12.4,2,0.992858258208349,0.97911356240641,1.00635516819601
12.6,2,0.993141855471599,0.979819898543563,1.00647482962573
12.8,2,0.993429673546891,0.980248107238133,1.00654124436521
13,2,0.993722054595748,0.980556186693735,1.00650333183578
13.2,2,0.994019295432031,0.981257812269766,1.00643384069218
13.4,2,0.994321632050311,0.981681812232336,1.00638355312846
13.6,2,0.994629223423254,0.982137753194635,1.00645127994662
13.8,2,0.994942134772927,0.982594152070956,1.00647319804285
14,2,0.995260320551215,0.983185002992964,1.00647613161054
14.2,2,0.995583607394015,0.98366140785331,1.00659456062991
14.4,2,0.995911677341801,0.984017987389731,1.00664652614737
14.6,2,0.996244051645156,0.984507948728436,1.00667651362142
14.8,2,0.996580075497133,0.985089991945194,1.00668370915101
15,2,0.996918904054396,0.98569246365313,1.00671249632239
15.2,2,0.997259490125162,0.986266768891939,1.00666300275275
15.4,2,0.997600573913559,0.986664811137702,1.00664671073279
15.6,2,0.997940675216327,0.987178033177976,1.00669023147457
15.8,2,0.998278088468259,0.987717688674501,1.00667150578058
16,2,0.998610881026764,0.988200800848939,1.00664525654804
16.2,2,0.998936895072854,0.988784630616134,1.00659167649611
16.4,2,0.999253753485169,0.989483084991915,1.00661742831981
16.6,2,0.999558870014936,0.990297863722497,1.00657654566621
16.8,2,0.999849464052562,0.991121430758425,1.00650542703647
17,2,1.00012258023079,0.991935588532156,1.0064188885531
17.2,2,1.00037511305469,0.992755636901718,1.00630062804372
17.4,2,1.00060383668542,0.993556594566034,1.00612107676398
17.6,2,1.0008054399331,0.994190369264793,1.00593766447929
17.8,2,1.00097656643406,0.994829377831907,1.00570267610394
18,2,1.00111385990118,0.995449369123482,1.00543764298309
18.2,2,1.00121401424236,0.996030146839709,1.0051131835749
18.4,2,1.00127382824435,0.996568616933066,1.00476981879628
18.6,2,1.00129026441705,0.997140678095908,1.00437244607161
18.8,2,1.00126051149046,0.997640380993263,1.00390263743935
19,2,1.00118204995324,0.998131542844646,1.00338094230305
19.2,2,1.00105271992175,0.998610592899931,1.00281237846726
19.4,2,1.0008707905333,0.999042945029216,1.00219302434008
19.6,2,1.00063502997003,0.999401347063985,1.00151805974611
19.8,2,1.00034477514275,0.999727706707063,1.00078091898977
20,2,1,1,1
20.2,2,0.999601381378605,0.999161890411857,1.00020426289585
20.4,2,0.999150361281092,0.998268431579745,1.00035163756263
20.6,2,0.998649204453023,0.997311496534977,1.0004437498258
20.8,2,0.998101050142529,0.996321641126676,1.0005001040068
21,2,0.997509956954836,0.995309652738015,1.00050867715503
21.2,2,0.996880939767233,0.994232980144197,1.0004669914192
21.4,2,0.996219997744224,0.993157089130827,1.0003761347499
21.6,2,0.995534132587476,0.99206520760793,1.0003273976879
21.8,2,0.994831356268922,0.990936975643112,1.00025445503904
22,2,0.994120687625573,0.989841187250928,1.0002148804149
22.2,2,0.993412137338273,0.988729546447839,1.00029391815809
22.4,2,0.992716680970258,0.987673458576159,1.00032822585397
22.6,2,0.992046219901108,0.986529854226573,1.00030664485803
22.8,2,0.991413530153391,0.985531886430218,1.00032500502202
23,2,0.990832199268758,0.98470675484175,1.00044948200783
23.2,2,0.990316551543512,0.983812434846632,1.00059700787803
23.4,2,0.989881562076797,0.982948000717662,1.00087515038516
23.6,2,0.989542760214438,0.982184665933351,1.0014401104641
23.8,2,0.989316123085259,0.981528388004698,1.00218979971804
24,2,0.989217960022631,0.98097969393124,1.0029197268377
24.2,2,0.989264788740932,0.980637958123919,1.00368727662859
24.4,2,0.98947320419455,0.980249419851379,1.00461333457012
24.6,2,0.989859741086698,0.980372004979986,1.00589417465467
24.8,2,0.990440731018625,0.980524856565918,1.00747688305962
25,2,0.991232155279241,0.980939140972547,1.00925187802063
25.2,2,0.992249494274308,0.981422268861526,1.01108947789554
25.4,2,0.993507574586964,0.982279782588441,1.01312644507924
25.6,2,0.995020414652044,0.983371982767158,1.01557314858106
25.8,2,0.996801070019837,0.984667927832961,1.01813742147643
26,2,0.998861479185257,0.986314389529675,1.02091732827078
26.2,2,1.00121231097,0.988509351039527,1.02394222314921
26.4,2,1.00386281447199,0.990597960931904,1.02733117414089
26.6,2,1.00682067264084,0.993130341467933,1.03098971282337
26.8,2,1.01009186060252,0.995944027101513,1.03491551602826
27,2,1.01368050994084,0.999109248471787,1.03898391671722
27.2,2,1.01758878024741,1.00263114063986,1.04329524280066
27.4,2,1.02181673937281,1.006455674285,1.04785616950242
27.6,2,1.02636225394554,1.01068613102048,1.05284503552298
27.8,2,1.03122089186581,1.01524618695618,1.05825105077354
28,2,1.03638583862192,1.02007938018625,1.06387929736265
28.2,2,1.04184782940707,1.0251683224215,1.06957123571354
28.4,2,1.04759509912522,1.03046944755567,1.07572259138669
28.6,2,1.05361335245318,1.03641524140044,1.08194884834229
28.8,2,1.05988575616156,1.042489552613,1.08861533673817
29,2,1.06639295587612,1.04907232154403,1.09583506746735
29.2,2,1.07311311937305,1.05564566244409,1.10324197196987
29.4,2,1.08002200833455,1.06244938396852,1.11024832635975
29.6,2,1.08709308023786,1.06933064405359,1.11706201835655
29.8,2,1.09429762170385,1.07625063920319,1.12394403614554
30,2,1.10160491418896,1.08323711685676,1.13086799976419
30.2,2,1.10898243236736,1.09052983686652,1.13817958590389
30.4,2,1.11639607492458,1.0979938957578,1.14494715143595
30.6,2,1.12381042678058,1.10545776145289,1.15184670269197
30.8,2,1.13118905099513,1.11308939648129,1.1588722955764
31,2,1.13849480780181,1.12044474037383,1.16587807028857
31.2,2,1.14569019739512,1.12740126367942,1.17274696897374
31.4,2,1.15273772228572,1.13398392433341,1.17942401268971
31.6,2,1.15960026427473,1.14128599367115,1.18620508338477
31.8,2,1.16624147041113,1.14763011921108,1.1925759324003
32,2,1.17262614171952,1.15368160568023,1.19885009919208
32.2,2,1.1787206180491,1.15898247474382,1.2050957972339
32.4,2,1.18449315212569,1.16438597434933,1.21018430059282
32.6,2,1.18991426580724,1.16911475703395,1.21551635299295
32.8,2,1.1949570816646,1.17341852777471,1.22084534926047
33,2,1.19959762333839,1.17737556124029,1.22566670538247
33.2,2,1.20381507865734,1.18055551266658,1.23005064706024
33.4,2,1.20759202023072,1.18285443363176,1.23426358210339
33.6,2,1.21091457912713,1.18541779717411,1.23766572217355
33.8,2,1.21377256829434,1.18792104480017,1.24074647353751
34,2,1.21615955352495,1.19018436924336,1.24332849011572
34.2,2,1.21807287098943,1.19187716157277,1.24545844019767
34.4,2,1.21951359159826,1.19320503941028,1.24737752650123
34.6,2,1.22048643367392,1.19389803679104,1.24860744530355
34.8,2,1.22099962656948,1.19341388632086,1.24931281691019
35,2,1.2210647289235,1.19343425598887,1.24947407399173
35.2,2,1.2206964061578,1.19318792090115,1.2492126418382
35.4,2,1.21991217257933,1.19226810884976,1.24864485706598
35.6,2,1.21873210401978,1.19092345416596,1.24772107400502
35.8,2,1.21717852732772,1.18945421229994,1.24624851878165
36,2,1.2152756932152,1.18773767869053,1.24418066804846
36.2,2,1.21304943896017,1.18542596837163,1.24164012214876
36.4,2,1.21052684729083,1.18301861548115,1.23910357742875
36.6,2,1.20773590744687,1.18032184811294,1.23662306535187
36.8,2,1.20470518394893,1.17651084129554,1.23364396098261
37,2,1.20146349803811,1.17276433571563,1.23030855212969
37.2,2,1.19803962609932,1.16876622527151,1.22690404593314
37.4,2,1.19446201868407,1.16400171566105,1.22315820404662
37.6,2,1.19075854302621,1.1607012700706,1.2194238310315
37.8,2,1.18695625122334,1.15737510973115,1.21599993222371
38,2,1.18308117555737,1.15284280926018,1.2123027916279
38.2,2,1.17915815176964,1.1483190243526,1.20851067838837
38.4,2,1.17521067050141,1.14325814046779,1.20449111718393
38.6,2,1.17126075657172,1.13899313941113,1.20142720257569
38.8,2,1.16732887529597,1.1345487039794,1.19761720650272
39,2,1.16343386465549,1.12980577972557,1.19399587945664
39.2,2,1.1595928918092,1.12453666743198,1.19032736659119
39.4,2,1.1558214321922,1.11923509001383,1.18724211789
39.6,2,1.15213326926791,1.11401967142694,1.18396442915183
39.8,2,1.14854051288417,1.10861949294623,1.18048730341545
40,2,1.14505363412394,1.10320972899116,1.1772245473433
0,3,0.967236836845771,0.941093650809142,0.994511160729301
0.2,3,0.967301371454693,0.941258459757219,0.994476850130342
0.4,3,0.967370750291626,0.941491313607388,0.994442197017825
0.6,3,0.967445224828682,0.941670787660706,0.994407651793925
0.8,3,0.967525049257086,0.941785090005253,0.994375963502125
1,3,0.967610479489903,0.941937570828548,0.994349387308429
1.2,3,0.967701772074761,0.941984124638878,0.99427672889445
1.4,3,0.96779918301776,0.942142527289014,0.994230489816643
1.6,3,0.967902966520704,0.942374069553505,0.994175335835913
1.8,3,0.968013373635022,0.942573214610631,0.994187801581109
2,3,0.968130650836915,0.942801591545449,0.994172235428404
2.2,3,0.968255038529655,0.94304616858595,0.994151493443554
2.4,3,0.968386769480375,0.943364775029152,0.994176511672125
2.6,3,0.968526067200219,0.943580281754221,0.994165656266702
2.8,3,0.968673144278326,0.943818805969371,0.994249679911616
3,3,0.968828200681767,0.944234382543349,0.994324346370709
3.2,3,0.968991422035282,0.944674625122597,0.994338133781913
3.4,3,0.969162977896359,0.9449072713036,0.994366890522171
3.6,3,0.969343020042972,0.945209617982297,0.994392496431113
3.8,3,0.969531680792931,0.945533330189854,0.994495296422643
4,3,0.969729071375486,0.945881281144417,0.99463145933449
4.2,3,0.969935280377322,0.946318891986469,0.99466621034126
4.4,3,0.970150372286488,0.946796551331218,0.994752680276275
4.6,3,0.970374386159014,0.947127811791085,0.994865474216195
4.8,3,0.970607334433929,0.947407717728141,0.995091443458483
5,3,0.970849201923122,0.947887176680203,0.99535126783214
5.2,3,0.971099945002802,0.948305042024599,0.995456321603393
5.4,3,0.971359491033368,0.948722182463603,0.995659645959339
5.6,3,0.971627738033968,0.94918012228639,0.99571991129443
5.8,3,0.971904554637168,0.949742304206285,0.995817759726187
6,3,0.972189780347644,0.95025496607954,0.995944875210498
6.2,3,0.972483226126805,0.950653715031328,0.996159989908789
6.4,3,0.972784675322599,0.951088085544969,0.996454115974639
6.6,3,0.973093884960493,0.951709320982679,0.99669188413196
6.8,3,0.973410587407694,0.952316316057486,0.996913071892316
7,3,0.973734492418085,0.95292965241852,0.997111393270217
7.2,3,0.974065289560097,0.953388676219344,0.997155725049341
7.4,3,0.974402651023878,0.953965318249293,0.997202001266733
7.6,3,0.974746234797615,0.954549765810825,0.997474295204679
7.8,3,0.975095688195856,0.955041504153269,0.99764777254429
8,3,0.975450651715144,0.955575388071764,0.997775824063571
8.2,3,0.975810763184395,0.95611703712481,0.997959580392529
8.4,3,0.976175662169269,0.956674055998613,0.998160245783415
8.6,3,0.97654499458144,0.957210296314951,0.998337696316359
8.8,3,0.976918417435354,0.957812222624615,0.998523508881984
9,3,0.977295603686851,0.958360260286552,0.998633232466094
9.2,3,0.977676247080202,0.958997824849018,0.998783326234226
9.4,3,0.978060066922764,0.959749430908396,0.999024642699208
9.6,3,0.978446812699873,0.960372368290954,0.99922588280106
9.8,3,0.978836268436889,0.961004265902904,0.999399073320861
10,3,0.979228256710798,0.961646656062811,0.999553451153922
10.2,3,0.979622642210566,0.962452094472604,0.999606903101415
10.4,3,0.980019334743786,0.963088203864217,0.999710097240744
10.6,3,0.980418291587235,0.963852531867165,0.99987989269323
10.8,3,0.980819519080929,0.964505741723281,0.999946337287616
11,3,0.981223073369261,0.965276522547829,1.00006694434899
11.2,3,0.981629060198971,0.966065135847209,1.00015252790439
11.4,3,0.982037633692094,0.966845488641572,1.00016182385285
11.6,3,0.982448994022701,0.967577871437788,1.00016645606065
11.8,3,0.982863383939202,0.968343926547122,1.00020871817942
12,3,0.983281084089186,0.969130015139098,1.00023109486756
12.2,3,0.983702407121075,0.969865695388073,1.00024589657496
12.4,3,0.984127690556263,0.970643575869488,1.0002922979136
12.6,3,0.984557288446521,0.971285366016748,1.00049435569276
12.8,3,0.984991561854196,0.971855402393991,1.00054207704837
13,3,0.985430868216773,0.97259002815056,1.00058567066608
13.2,3,0.985875549682299,0.973395275411907,1.00069744691572
13.4,3,0.986325920527769,0.974160705544244,1.00088827425735
13.6,3,0.986782253798262,0.97489415798184,1.00106740400158
13.8,3,0.987244767330073,0.975585865749088,1.00135708932619
14,3,0.987713609345798,0.976264514140574,1.00144003181861
14.2,3,0.988188843832751,0.976952254686756,1.00153215677203
14.4,3,0.988670435937836,0.977729141309502,1.0017130007058
14.6,3,0.989158237631421,0.978468242226438,1.00201577850743
14.8,3,0.989651973909423,0.979171493336696,1.00235853479155
15,3,0.99015122981625,0.98000615222235,1.00270846864364
15.2,3,0.990655438580803,0.980845075163478,1.00306559032372
15.4,3,0.991163871163202,0.98155466572758,1.00340423573668
15.6,3,0.991675627510613,0.982293257879164,1.00374398026964
15.8,3,0.992189629816253,0.983118433629653,1.00383878374717
16,3,0.99270461806602,0.98393246768988,1.00414888846181
16.2,3,0.993219148141887,0.98476712900578,1.00430684727911
16.4,3,0.993731592730114,0.985612786746379,1.00443734425616
16.6,3,0.99424014525534,0.986472222593464,1.00453303331956
16.8,3,0.994742827028686,0.987325054857835,1.00464572466985
17,3,0.995237497759316,0.988190030878548,1.00474736363561
17.2,3,0.995721869534649,0.989025598668377,1.00484185309949
17.4,3,0.996193524324934,0.989839048831266,1.00489896467578
17.6,3,0.996649935013807,0.990657355626475,1.00491601415817
17.8,3,0.997088489898243,0.991478346031556,1.00491016233232
18,3,0.997506520539922,0.992345407562025,1.00476319566894
18.2,3,0.997901332786306,0.993198162260144,1.00457998884225
18.4,3,0.998270240714803,0.993993163276003,1.00440350914375
18.6,3,0.998610603188434,0.994783611236428,1.00414272493173
18.8,3,0.998919862647775,0.995574733834894,1.00382113670642
19,3,0.999195585702959,0.996360962533751,1.00338068401712
19.2,3,0.999435505032729,0.997115759041025,1.00287922538042
19.4,3,0.999637562046274,0.997862575934154,1.00229416559477
19.6,3,0.99979994971945,0.998593453040756,1.00161120419618
19.8,3,0.9999211549812,0.999304415566954,1.0008458237776
20,3,1,1,1
20.2,3,1.00003568170483,0.999075820359838,1.00067156652198
20.4,3,1.00002780887172,0.998066484470059,1.00132186491031
20.6,3,0.999976436115511,0.996957336074434,1.00198008659863
20.8,3,0.999882094148284,0.995753648725919,1.0026428839343
21,3,0.999745815699692,0.994469077907719,1.00325853199782
21.2,3,0.99956915654152,0.993114389761617,1.00387136600538
21.4,3,0.999354211117068,0.991718635037422,1.00450060564515
21.6,3,0.999103622345402,0.990273974374032,1.00510372797078
21.8,3,0.99882058524946,0.988768186045427,1.00566675911115
22,3,0.998508844144,0.987203262288269,1.00623946267974
22.2,3,0.998172683212538,0.985613977112724,1.00683137007684
22.4,3,0.997816910399853,0.983984362693713,1.0074650596114
22.6,3,0.997446834646179,0.982289696435928,1.00804139314715
22.8,3,0.997068236588669,0.980622091827324,1.00867249175548
23,3,0.996687332953,0.978999623726179,1.00923223404463
23.2,3,0.996310734951061,0.977304401060973,1.00978213699935
23.4,3,0.995945401087523,0.975478551469372,1.0103306160686
23.6,3,0.995598584857193,0.973650877248067,1.01094420357441
23.8,3,0.995277777884947,0.972058208021774,1.01158044926826
24,3,0.994990649119546,0.970594732336358,1.01227034364312
24.2,3,0.994744980741168,0.969211946362074,1.01309899159619
24.4,3,0.99454860147948,0.967840758387839,1.01387314243475
24.6,3,0.994409318064542,0.966527315164459,1.01468483669559
24.8,3,0.994334845546965,0.965302738823944,1.01547674234991
25,3,0.994332737227165,0.964245191349251,1.01636896955174
25.2,3,0.994410314926953,0.963243316698011,1.0174267213924
25.4,3,0.994574600321136,0.962374589347386,1.01855434873467
25.6,3,0.994832248023352,0.961681839116543,1.01972254233937
25.8,3,0.995189481090283,0.961101341202417,1.02097723271554
26,3,0.995652029572817,0.960760383079101,1.02230111677219
26.2,3,0.996225072702957,0.960547626353405,1.02363817108926
26.4,3,0.99691318526231,0.960636959259523,1.02512868005878
26.6,3,0.997720288632829,0.960977561289048,1.02662087595748
26.8,3,0.998649606983981,0.961435972556296,1.02811708620481
27,3,0.999703629003157,0.962368817463366,1.02970815749565
27.2,3,1.0008840755285,0.963251442878938,1.03155671622115
27.4,3,1.00219187339548,0.964247833376527,1.03341947058142
27.6,3,1.00362713576055,0.965563434705866,1.03526104303936
27.8,3,1.00518914911713,0.967190641409233,1.03718154322497
28,3,1.00687636717009,0.96899825275761,1.03923781779991
28.2,3,1.0086864116855,0.971085043700496,1.04144607680672
28.4,3,1.01061608038121,0.973009780414734,1.04369039064308
28.6,3,1.01266136187078,0.975126454508508,1.04567242789915
28.8,3,1.01481745761852,0.97755954811575,1.04761709041567
29,3,1.01707881080548,0.979850985783592,1.05033806696399
29.2,3,1.01943914194639,0.982605780944491,1.0531680364464
29.4,3,1.02189149103429,0.985797162950611,1.05613398209809
29.6,3,1.02442826592462,0.988792426488622,1.05917635490142
29.8,3,1.02704129660316,0.992016146393848,1.06301780020089
30,3,1.02972189491378,0.994887793930831,1.06684867055691
30.2,3,1.03246091925314,0.998367138763318,1.07021324977309
30.4,3,1.03524884367154,1.00161843923794,1.07389815665347
30.6,3,1.03807583075366,1.00449812075844,1.0773625837441
30.8,3,1.0409318075907,1.00770013276,1.08159300969522
31,3,1.04380654409947,1.01085745403934,1.08461123533987
31.2,3,1.04668973289436,1.01425043654142,1.08831186281448
31.4,3,1.04957106987823,1.01612925622707,1.09215523214468
31.6,3,1.05244033468807,1.01878242443503,1.09577002743267
31.8,3,1.0552874701138,1.020973970136,1.09996255554124
32,3,1.05810265960392,1.02304966869146,1.10417958048856
32.2,3,1.06087640198134,1.02496352664762,1.10759307364881
32.4,3,1.06359958251744,1.02695170240514,1.11080566203871
32.6,3,1.06626353955165,1.0283207960496,1.11418166405832
32.8,3,1.06886012589845,1.02968927634858,1.11750098547815
33,3,1.07138176435236,1.0315578920859,1.12041539528761
33.2,3,1.07382149668297,1.0331297780659,1.12417683427761
33.4,3,1.07617302560593,1.03450319041275,1.12784620665155
33.6,3,1.07843074931887,1.03572387664621,1.13125062919623
33.8,3,1.08058978830237,1.03686132715688,1.13367146343207
34,3,1.08264600420241,1.03841806801544,1.13678833472755
34.2,3,1.08459601072995,1.0392128275334,1.13941419567892
34.4,3,1.08643717663236,1.03994086271632,1.14151303264494
34.6,3,1.08816762090816,1.04099756259989,1.14397031544205
34.8,3,1.08978620054809,1.04197252822024,1.14599276539528
35,3,1.09129249118965,1.04304012081863,1.14779145404791
35.2,3,1.09268676116672,1.04392557564947,1.14843706732741
35.4,3,1.09396993951905,1.04458149054272,1.1491936059503
35.6,3,1.09514357859637,1.04511168863187,1.15063334342014
35.8,3,1.09620981194846,1.04574743248182,1.15174235189467
36,3,1.09717130823358,1.04625315058166,1.15313366554109
36.2,3,1.0980312219048,1.04668523998663,1.15428646671152
36.4,3,1.09879314144539,1.04707156141648,1.15524752447738
36.6,3,1.09946103592194,1.04723090191051,1.15587103585077
36.8,3,1.1000392006083,1.04744528771811,1.15668051085098
37,3,1.10053220240498,1.04758919899682,1.15691505799462
37.2,3,1.10094482573965,1.04758645652725,1.15745901068174
37.4,3,1.10128201958543,1.0475439689975,1.1579700884129
37.6,3,1.10154884617771,1.04773835982446,1.15822190002749
37.8,3,1.10175043194696,1.04774440522686,1.15847006468643
38,3,1.10189192111846,1.04776284748658,1.15862941025699
38.2,3,1.1019784323598,1.04769616330036,1.15869804521834
38.4,3,1.10201501878623,1.04767806013375,1.15901015322492
38.6,3,1.102006631563,1.04759322883261,1.15977393016096
38.8,3,1.10195808727507,1.04715979118242,1.15967084222443
39,3,1.10187403916821,1.04713959654894,1.15969984508948
39.2,3,1.10175895230302,1.04696230642557,1.15968756827203
39.4,3,1.10161708260561,1.04677292222887,1.15988965946312
39.6,3,1.1014524597462,1.04663918607477,1.16010070709465
39.8,3,1.10126887372971,1.04643241101662,1.16007546233314
40,3,1.10106986504181,1.0461534684852,1.15971158825289
0,4,0.950583127418302,0.922044992022213,0.973189135907736
0.2,4,0.950650297114609,0.922072748049897,0.973226084551035
0.4,4,0.95072267816694,0.922068322180634,0.973266682163768
0.6,4,0.950800571114036,0.922044318909121,0.9733013817578
0.8,4,0.950884285006167,0.922026028804711,0.973311616150278
1,4,0.950974136936283,0.922008796416043,0.973349243412971
1.2,4,0.951070451504432,0.92203327783145,0.97341863019086
1.4,4,0.951173560213686,0.922110278383185,0.973445914697589
1.6,4,0.951283800796093,0.922190826467583,0.973508510947277
1.8,4,0.951401516467461,0.922275420603999,0.973677315686075
2,4,0.951527055110179,0.922367867646572,0.973757765662328
2.2,4,0.951660768383616,0.922562634740339,0.973844638317398
2.4,4,0.951803010762135,0.922691976880487,0.973938265728133
2.6,4,0.951954138501216,0.922911963534218,0.974008195200707
2.8,4,0.95211450853271,0.923106589552269,0.974051425284938
3,4,0.952284477290857,0.923374779572948,0.974144151546289
3.2,4,0.952464399471321,0.923593078448387,0.974263961459951
3.4,4,0.952654626726156,0.923819532406574,0.974392280067222
3.6,4,0.95285550629837,0.924062467009579,0.974529136201892
3.8,4,0.953067379600505,0.924295373153136,0.974674819211523
4,4,0.953290580742448,0.924495854773484,0.974829602469497
4.2,4,0.953525435014534,0.924714966477757,0.974993740787387
4.4,4,0.953772257332839,0.924953835256244,0.975167467817714
4.6,4,0.95403135065444,0.925213601187672,0.975337437345585
4.8,4,0.954303004371275,0.925495412065346,0.975499430273507
5,4,0.954587492692111,0.925729369458431,0.975674462894788
5.2,4,0.954885073022928,0.926031022670081,0.975838898901412
5.4,4,0.955195984356859,0.926388843327193,0.975986767144805
5.6,4,0.955520445685528,0.92673126180813,0.976178536218014
5.8,4,0.955858654444304,0.927062995166241,0.976389256798088
6,4,0.956210785004571,0.927467926419461,0.976547320173182
6.2,4,0.956576987226553,0.927949506066973,0.976912144576555
6.4,4,0.956957385086592,0.928463696267464,0.97720552111228
6.6,4,0.957352075392952,0.929036971325649,0.977492701501395
6.8,4,0.957761126604252,0.929638498367486,0.977751039897027
7,4,0.9581845777645,0.930029581618504,0.978051604135206
7.2,4,0.958622437568332,0.930617966613095,0.978482195094531
7.4,4,0.959074683569532,0.931262221381871,0.978906528593307
7.6,4,0.959541261545155,0.931995142577465,0.979264234741405
7.8,4,0.960022085026573,0.932674880745494,0.979539981851139
8,4,0.960517035007596,0.933427128912713,0.979901397761238
8.2,4,0.961025959838351,0.934174264758427,0.980274005405147
8.4,4,0.96154867531199,0.934867838737037,0.980639406086764
8.6,4,0.962084964949412,0.935802660118213,0.980969427631389
8.8,4,0.962634580485137,0.93661779824108,0.981300796528689
9,4,0.963197242555216,0.937423188036998,0.981624890892724
9.2,4,0.963772641585656,0.938219647528351,0.982077137232121
9.4,4,0.964360438877309,0.939151478057819,0.982439911346194
9.6,4,0.964960267880486,0.940165042206729,0.982842490632225
9.8,4,0.965571735649887,0.941371080398716,0.98323220047947
10,4,0.966194424467625,0.942537640051629,0.983631521267217
10.2,4,0.966827893619412,0.943594098663496,0.984051528972053
10.4,4,0.967471681306263,0.944719899245336,0.984495967577238
10.6,4,0.968125306671443,0.945599354541591,0.984785422519017
10.8,4,0.968788271919977,0.946802116985542,0.985211611354007
11,4,0.969460064505726,0.947854326134363,0.985585728574661
11.2,4,0.970140159359042,0.948963108063686,0.985960358265343
11.4,4,0.970828021126287,0.950169899381959,0.98633673256645
11.6,4,0.971523106391092,0.951400507195269,0.986721339644616
11.8,4,0.972224865846236,0.95266380927273,0.987204735076173
12,4,0.972932746384464,0.953772349577299,0.987538394062014
12.2,4,0.973646193076402,0.954861369107825,0.987938457021025
12.4,4,0.974364651004139,0.956000424628555,0.988259071113071
12.6,4,0.97508756691993,0.957181400127865,0.988594054771075
12.8,4,0.975814390700898,0.958445674359568,0.989042515733192
13,4,0.976544576572618,0.959642455179509,0.9894911754823
13.2,4,0.977277584077006,0.960865903311091,0.989971105721419
13.4,4,0.978012878763041,0.961757939953227,0.990423929056342
13.6,4,0.978749932582475,0.962832576785543,0.990913887567383
13.8,4,0.979488223976888,0.963850944765819,0.991275918528052
14,4,0.980227237647058,0.964964564575492,0.991592356352964
14.2,4,0.980966464000757,0.966234701726448,0.991930401319551
14.4,4,0.981705398280591,0.967299057417149,0.992294324089634
14.6,4,0.98244353937936,0.968578810247139,0.992596288935123
14.8,4,0.983180388356555,0.969580407501479,0.992922877061991
15,4,0.983915446675962,0.970601258250485,0.993305559804131
15.2,4,0.984648214190837,0.971688173849992,0.993641615236392
15.4,4,0.985378186909581,0.972769645379905,0.993978972915575
15.6,4,0.986104854581351,0.974054567199067,0.994451899439818
15.8,4,0.986827698147287,0.975257467497893,0.9949235953928
16,4,0.987546187109082,0.976406991726252,0.995261754956156
16.2,4,0.988259776872249,0.977485216094503,0.995579280911243
16.4,4,0.988967906126568,0.978751914612018,0.995882517265283
16.6,4,0.989669994330767,0.979825428251344,0.996178982717276
16.8,4,0.990365439372238,0.980920240047581,0.9965766544795
17,4,0.99105361547559,0.982034105327618,0.996885202728962
17.2,4,0.991733871435809,0.983153115117192,0.997282579706032
17.4,4,0.992405529252734,0.984291463933243,0.997559534509519
17.6,4,0.993067883243293,0.985460526229708,0.997887983639393
17.8,4,0.993720199706448,0.98670321741748,0.998122817978158
18,4,0.994361717212911,0.98789015446054,0.99850770161502
18.2,4,0.994991647587386,0.989162846824891,0.99888523920706
18.4,4,0.995609177645345,0.990398748658319,0.999109373215503
18.6,4,0.996213471739014,0.991654018170123,0.999365515338848
18.8,4,0.996803675158443,0.992862401588497,0.999618206521959
19,4,0.997378918423164,0.994079808192754,0.999758368289714
19.2,4,0.997938322488112,0.995292834490681,0.999888391125844
19.4,4,0.998481004874226,0.996503723196797,0.999980780121143
19.6,4,0.99900608671957,0.997702876239308,1.00004045841061
19.8,4,0.999512700731043,0.998861117154051,1.00004446746563
20,4,1,1,1
20.2,4,1.00046716762748,0.999943309059563,1.00112306924059
20.4,4,1.00091342708661,0.999866754285395,1.00222552938172
20.6,4,1.00133805323138,0.99977124603932,1.00329395366243
20.8,4,1.00174038384236,0.999663185023689,1.00432148552568
21,4,1.00211983158225,0.999471087010873,1.00530841925772
21.2,4,1.00247589621641,0.999305869388999,1.00627502796705
21.4,4,1.00280817693765,0.999076847994088,1.00717220142304
21.6,4,1.00311638461972,0.99891153593918,1.00807990440747
21.8,4,1.00340035381111,0.998757351652575,1.00892952659663
22,4,1.00366005427054,0.998587400198939,1.00975355662274
22.2,4,1.00389560183729,0.998266585726888,1.01048178405994
22.4,4,1.00410726842524,0.997909693742787,1.01116096552938
22.6,4,1.00429549092771,0.997410577260368,1.01191874608727
22.8,4,1.00446087882245,0.99687490594996,1.01260429413251
23,4,1.00460422027234,0.996311480359871,1.01315548579069
23.2,4,1.00472648652683,0.995792641029206,1.01371238984476
23.4,4,1.00482883444365,0.995339665240015,1.01418777716445
23.6,4,1.00491260696774,0.994817442432442,1.01460262079798
23.8,4,1.00497933142642,0.994284949102875,1.01505645020025
24,4,1.00503071552519,0.993747062690896,1.01544559077808
24.2,4,1.00506864095742,0.993137919893712,1.01568596459419
24.4,4,1.00509515457295,0.992517951062033,1.01585489085094
24.6,4,1.00511245708507,0.991902629801029,1.01602117020167
24.8,4,1.00512288933181,0.991297317847397,1.01614953855529
25,4,1.0051289161453,0.990707418249047,1.01632544087386
25.2,4,1.00513310792153,0.990097915676111,1.01651033699375
25.4,4,1.00513812002196,0.989478704072028,1.0169000203985
25.6,4,1.0051466701763,0.988877130131088,1.01746066949162
25.8,4,1.00516151409317,0.988363382976541,1.01798535512887
26,4,1.00518541952016,0.988112672920337,1.01815896055601
26.2,4,1.00522113902768,0.987817932301733,1.01834064499662
26.4,4,1.00527138181985,0.987493673475465,1.01886941876681
26.6,4,1.00533878490179,0.987203692994986,1.01949219754183
26.8,4,1.00542588395331,0.986945125034295,1.02025020944958
27,4,1.00553508427633,0.986875850679311,1.02075776502631
27.2,4,1.00566863219397,0.986853023483631,1.02145053787842
27.4,4,1.00582858728614,0.987044959908729,1.02211459312915
27.6,4,1.00601679584653,0.987812246832456,1.02291777993314
27.8,4,1.00623486594079,0.988104474762572,1.02353142451186
28,4,1.00648414443498,0.988277158414611,1.02450574215051
28.2,4,1.00676569634662,0.98856752636316,1.02509344671692
28.4,4,1.00708028684843,0.988844163305755,1.02581771065332
28.6,4,1.00742836622736,0.989413786309115,1.02694417781358
28.8,4,1.00781005806879,0.989757082254454,1.02797326673202
29,4,1.00822515089807,0.99009826451093,1.02917535861257
29.2,4,1.00867309346997,0.990478134904357,1.03021560013969
29.4,4,1.00915299385035,0.990762839374724,1.03162943230565
29.6,4,1.00966362238568,0.99151270370798,1.03290397452923
29.8,4,1.01020341860342,0.991664566159304,1.03406602770506
30,4,1.01077050203303,0.992257055204262,1.03528305352907
30.2,4,1.01136268688113,0.992921941340385,1.03651818131257
30.4,4,1.01197750043929,0.993179434700487,1.03753046923187
30.6,4,1.01261220504671,0.993731751240101,1.03851119035599
30.8,4,1.01326382337614,0.994075687380404,1.03978136843175
31,4,1.01392916675908,0.994726236655594,1.04142205902133
31.2,4,1.01460486621743,0.995016175656818,1.04297104678297
31.4,4,1.01528740582365,0.995604197861252,1.04447789313076
31.6,4,1.01597315797199,0.995835791789022,1.04598267179182
31.8,4,1.01665842010905,0.996154732922483,1.04748357220903
32,4,1.01733945244495,0.996286377039496,1.04897363328901
32.2,4,1.01801251614666,0.996463132872597,1.05044719447944
32.4,4,1.01867391150348,0.996767690780068,1.05189932511846
32.6,4,1.01932001555124,0.997266119421058,1.05332594806446
32.8,4,1.01994731864806,0.997558003514908,1.05478057210153
33,4,1.02055245950849,0.997619105253409,1.0558726867615
33.2,4,1.0211322582268,0.997688633473737,1.05713041625777
33.4,4,1.02168374685178,0.997780548472478,1.05823335826336
33.6,4,1.02220419711517,0.997982502909738,1.05925678488752
33.8,4,1.02269114496318,0.997643699300777,1.06016192362842
34,4,1.02314241159349,0.997353944394208,1.06100963691757
34.2,4,1.02355612075876,0.997062392418893,1.06185906273059
34.4,4,1.02393071216014,0.996908141439082,1.06268053495697
34.6,4,1.02426495081919,0.996590681476843,1.06365972357597
34.8,4,1.02455793238287,0.996209300977018,1.06471747230068
35,4,1.02480908438229,0.996096125584976,1.06615184133174
35.2,4,1.02501816353032,0.995359218484731,1.06705104882349
35.4,4,1.0251852492043,0.995378379350949,1.06754655622329
35.6,4,1.02531073331764,0.995154293264394,1.0680378667463
35.8,4,1.02539530683531,0.994871056673029,1.06846120292151
36,4,1.02543994323409,0.994739289571528,1.06895929378814
36.2,4,1.02544587924653,0.994376299623861,1.06940150813203
36.4,4,1.02541459325822,0.994048670576923,1.06979029669052
36.6,4,1.02534778175067,0.993484052736271,1.07039906663834
36.8,4,1.02524733419641,0.992727491566343,1.07089382899166
37,4,1.0251153068194,0.992307654917573,1.07102169413219
37.2,4,1.02495389563202,0.991652865050691,1.07125939590632
37.4,4,1.0247654091514,0.991043776713953,1.07164384719347
37.6,4,1.02455224118153,0.990651686461664,1.07214719517003
37.8,4,1.02431684402623,0.990250929838986,1.07271894010931
38,4,1.02406170247051,0.989843431101124,1.0728627614745
38.2,4,1.0237893088364,0.989271117680257,1.0727697370614
38.4,4,1.02350213938435,0.988575649868744,1.07307975317336
38.6,4,1.02320263229352,0.988067874264586,1.0733605526429
38.8,4,1.02289316741536,0.987463324413968,1.07349135524916
39,4,1.02257604795462,0.986871297257704,1.07349360279591
39.2,4,1.02225348419252,0.986260269522385,1.07342621146245
39.4,4,1.02192757932766,0.985434047839619,1.07343817715759
39.6,4,1.02160031747311,0.984615511443471,1.0734495323624
39.8,4,1.02127355381284,0.983892011382384,1.07344214274488
40,4,1.02094900688828,0.983285206336459,1.07341830882629
0,5,0.952382988662089,0.925753268899937,0.981831523338758
0.2,5,0.952445861818609,0.925907250597035,0.981778003345753
0.4,5,0.952513567059477,0.92590154433812,0.98172125982052
0.6,5,0.952586377736992,0.92591564136287,0.981651637762202
0.8,5,0.952664574520141,0.926088154552823,0.98156841696542
1,5,0.952748444966146,0.926433333562361,0.981480817020473
1.2,5,0.952838283039105,0.926542874673472,0.981388821222389
1.4,5,0.952934388574946,0.926554635998659,0.981292437785755
1.6,5,0.953037066692069,0.926561808836017,0.981215282442209
1.8,5,0.953146627147315,0.926651110987977,0.981206393063962
2,5,0.953263383637059,0.926698915827139,0.981176344200197
2.2,5,0.953387653043521,0.926753645020389,0.981123820899536
2.4,5,0.953519754626633,0.926870050999502,0.981112243922966
2.6,5,0.953660009162084,0.927094699570723,0.981070297938617
2.8,5,0.953808738026505,0.927138936269443,0.981069749386734
3,5,0.953966262231092,0.927121870664887,0.981089453594469
3.2,5,0.954132901405334,0.927174750437062,0.981198613846805
3.4,5,0.954308972732972,0.927274288648457,0.981307457161275
3.6,5,0.954494789842696,0.927339840370795,0.981389298684413
3.8,5,0.954690661656652,0.927437569374409,0.981713343923971
4,5,0.954896891200278,0.927549107271515,0.98184266327347
4.2,5,0.955113774377586,0.927670815003127,0.981870952639119
4.4,5,0.955341598716584,0.9278760709847,0.982058358007684
4.6,5,0.955580642090112,0.928044771290935,0.982104137756442
4.8,5,0.955831171418031,0.928224128090158,0.982126979600988
5,5,0.95609344135732,0.92850352114061,0.982265917480809
5.2,5,0.956367692987278,0.92908522415072,0.982418325561955
5.4,5,0.956654152497703,0.929393257594984,0.982476726593402
5.6,5,0.956953029888476,0.929706966482275,0.982348477210049
5.8,5,0.957264517689641,0.930039499423115,0.98221839398613
6,5,0.957588789711565,0.930386815631506,0.982090221374939
6.2,5,0.957925999835269,0.930734178770243,0.981964826715138
6.4,5,0.958276280853442,0.931028907175838,0.9820147856373
6.6,5,0.958639743372949,0.93162539545591,0.981993994744221
6.8,5,0.959016474789876,0.931943326872277,0.98212387442593
7,5,0.959406538348239,0.932401374599403,0.982221957340705
7.2,5,0.95980997229343,0.932955689681484,0.982404897791145
7.4,5,0.960226789131277,0.93380306235882,0.982839852540158
7.6,5,0.960656975003222,0.934502895526245,0.982862285174957
7.8,5,0.961100489187574,0.935089737352312,0.982821409771551
8,5,0.961557263736065,0.935985497650285,0.983184808197557
8.2,5,0.962027203253995,0.936609291139397,0.983794184760685
8.4,5,0.962510184831159,0.937292966885404,0.984052711640822
8.6,5,0.963006058129383,0.938010825178647,0.984237942304637
8.8,5,0.963514645631032,0.938763114146377,0.984415148300397
9,5,0.964035743051131,0.939549960128661,0.984575416425351
9.2,5,0.964569119913863,0.940388290181822,0.984619446117759
9.4,5,0.965114520292212,0.941227188825908,0.984673568154479
9.6,5,0.96567166370733,0.942056459176456,0.984978151236527
9.8,5,0.966240246181942,0.942869533368228,0.985331647676615
10,5,0.966819941439771,0.943919162099656,0.985576631373353
10.2,5,0.967410402240518,0.94488611206898,0.985812958059287
10.4,5,0.968011261837554,0.945908314834714,0.986195852915621
10.6,5,0.968622135543071,0.946821337836331,0.986472012278359
10.8,5,0.969242622383122,0.947913467150144,0.986801822971132
11,5,0.969872306822759,0.948870283728408,0.986970727447423
11.2,5,0.970510760539444,0.949781508436572,0.987275810527158
11.4,5,0.971157544221051,0.950900242421147,0.987426454138007
11.6,5,0.971812209363169,0.951908310966418,0.987526972814974
11.8,5,0.972474300039135,0.952891849164565,0.987843577997657
12,5,0.973143354615252,0.953927208310723,0.988208072946596
12.2,5,0.973818907383074,0.955138885096317,0.988615831332179
12.4,5,0.974500490080465,0.956376265895765,0.98901796351067
12.6,5,0.975187633273466,0.957654949715942,0.989380784622954
12.8,5,0.975879867571723,0.958635473742924,0.989628241800402
13,5,0.976576724651571,0.959551960442372,0.990000207484962
13.2,5,0.977277738062601,0.960470718450929,0.990347303769458
13.4,5,0.97798244379593,0.96159635587493,0.990701077310434
13.6,5,0.9786903805952,0.962718503086019,0.991070425531338
13.8,5,0.979401089994745,0.963635958609907,0.99139733685737
14,5,0.980114116073247,0.964849771829479,0.991702126351245
14.2,5,0.980829004915591,0.966083425647878,0.992005571941778
14.4,5,0.981545303780435,0.967045763792609,0.992252074429127
14.6,5,0.982262559976265,0.968150316671034,0.992523979662375
14.8,5,0.982980319454301,0.969128902120708,0.992848255210377
15,5,0.98369812513249,0.970147766814911,0.993109563210872
15.2,5,0.984415514970957,0.971154610299525,0.993414741891451
15.4,5,0.985132019825532,0.972267924874704,0.993709572967262
15.6,5,0.985847161112292,0.973348976381097,0.994023270423803
15.8,5,0.986560448322359,0.974474340141845,0.994326870080615
16,5,0.987271376432319,0.975747749695153,0.994642353723799
16.2,5,0.987979423261563,0.976884033380773,0.994901605800967
16.4,5,0.988684046833377,0.977964524621657,0.995151629597011
16.6,5,0.989384682801685,0.979071622383475,0.995488935284734
16.8,5,0.990080742009853,0.980204175355259,0.995861844859433
17,5,0.990771608251684,0.981391058735791,0.996173525302173
17.2,5,0.991456636307695,0.982652457775297,0.996454810078056
17.4,5,0.992135150331697,0.983892152818715,0.996774653038325
17.6,5,0.992806442663599,0.985155731550263,0.997071095341197
17.8,5,0.993469773144059,0.986360476831632,0.997352961791936
18,5,0.994124369004969,0.987572993398044,0.997619406830139
18.2,5,0.994769425406837,0.988855071688667,0.997901117193699
18.4,5,0.995404106689634,0.990100319711251,0.998162151652046
18.6,5,0.996027548397741,0.991378097637312,0.998428721709487
18.8,5,0.996638860132094,0.992650644517374,0.998692872301267
19,5,0.997237129273514,0.993931282110862,0.998940355618053
19.2,5,0.997821425610554,0.995188985167834,0.999182557529779
19.4,5,0.998390806892961,0.996422224543986,0.999410103056746
19.6,5,0.998944325318219,0.99763126608472,0.999622653233842
19.8,5,0.999481034943606,0.998823255266919,0.999819938081993
20,5,1,1,1
20.2,5,1.00050030406641,1.0001622950011,1.00115627173982
20.4,5,1.00098106004622,1.00031133609319,1.00229657958706
20.6,5,1.00144142086747,1.00043704090165,1.00341023781167
20.8,5,1.00188059081085,1.00055271338828,1.00449723677332
21,5,1.00229783735016,1.00064422588604,1.00554332129256
21.2,5,1.00269250337191,1.00069559719111,1.00654871885583
21.4,5,1.00306401962323,1.00075706949433,1.00752813963689
21.6,5,1.00341191722113,1.00079108337547,1.00846418053397
21.8,5,1.00373584004162,1.00079516106141,1.00936986993975
22,5,1.00403555679485,1.00077315691274,1.01020356923754
22.2,5,1.00431097258244,1.00075814324278,1.010970265762
22.4,5,1.00456213972621,1.00072467323954,1.01172167366297
22.6,5,1.00478926765353,1.00058704400414,1.01244573396735
22.8,5,1.00499273162451,1.0005036904663,1.01308623629873
23,5,1.0051730800895,1.00040316547631,1.01369993077628
23.2,5,1.00533104047287,1.00021933089412,1.01424444094873
23.4,5,1.00546752319102,1.00003039877414,1.01473962091314
23.6,5,1.00558362372761,0.999745178485963,1.01534844398989
23.8,5,1.00568062260946,0.999393326263729,1.01581336802309
24,5,1.00575998314969,0.999160993828589,1.01611249170732
24.2,5,1.00582334685246,0.998868210816001,1.01652875717851
24.4,5,1.00587252640413,0.998583453211489,1.0169703830205
24.6,5,1.00590949620916,0.998322430916148,1.01732026440934
24.8,5,1.00593638046535,0.99786234878283,1.01775651740445
25,5,1.00595543881053,0.997499285064038,1.01803575515678
25.2,5,1.00596904961206,0.997119640753554,1.01828359757802
25.4,5,1.00597969100968,0.996885249371689,1.01839700815125
25.6,5,1.00598991986192,0.996680247014993,1.01844907150347
25.8,5,1.0060023487844,0.996390213032013,1.01842193663111
26,5,1.00601962150518,0.996102821012218,1.01852065378386
26.2,5,1.00604438679667,0.995918516740776,1.01864594695494
26.4,5,1.006079271275,0.995685985606869,1.01887630955933
26.6,5,1.00612685138557,0.995570756914081,1.01910066061951
26.8,5,1.0061896249169,0.995509724385446,1.01938804221568
27,5,1.00626998240382,0.995303083055484,1.01976806860312
27.2,5,1.006370178795,0.995209244861784,1.02016057967008
27.4,5,1.00649230576776,0.995214976184771,1.02048230606958
27.6,5,1.00663826507618,0.995250360720096,1.02091717188249
27.8,5,1.00680974331508,0.995222377333324,1.02133557252359
28,5,1.00700818847356,0.995128155833419,1.0217572618653
28.2,5,1.00723478863673,0.995123831585579,1.02233543968108
28.4,5,1.00749045317369,0.995009906676702,1.02303689706776
28.6,5,1.00777579672332,0.995007043759518,1.02353202275675
28.8,5,1.00809112625819,0.995132367870453,1.02423000608405
29,5,1.00843643146999,0.995136604140008,1.02468911484333
29.2,5,1.00881137867898,0.995361893204051,1.02576473648134
29.4,5,1.00921530842471,0.995664973206028,1.02672470670122
29.6,5,1.00964723684664,0.995883628039304,1.02755336237226
29.8,5,1.0101058609119,0.996148322183206,1.02820415583379
30,5,1.01058956749346,0.996270911565644,1.02937140640147
30.2,5,1.01109644624722,0.996869688962326,1.03054900395106
30.4,5,1.01162430618079,0.99726132796765,1.03142613001263
30.6,5,1.01217069575127,0.99755365368715,1.0327302191795
30.8,5,1.01273292627522,0.997819846556255,1.03395908073014
31,5,1.01330809838206,0.998108635345147,1.03531113062303
31.2,5,1.01389313119285,0.998538498221288,1.03655555142117
31.4,5,1.01448479386188,0.998855590550904,1.0377414944734
31.6,5,1.01507973907797,0.99929655048911,1.03901184010324
31.8,5,1.01567453808854,0.999676887219579,1.04031308606423
32,5,1.0162657167818,1.00003299195652,1.04163489374991
32.2,5,1.01684979234199,1.00024367295516,1.04299017629951
32.4,5,1.01742330998052,1.00052966328307,1.04431672295885
32.6,5,1.01798287924163,1.00072797280406,1.04561665669457
32.8,5,1.01852520938592,1.00097618797279,1.04670807982229
33,5,1.0190471433686,1.00104455694201,1.04801370231665
33.2,5,1.01954568995092,1.00119623072173,1.04912085699058
33.4,5,1.02001805351411,1.00132780953646,1.05029954578647
33.6,5,1.02046166118259,1.00148783224737,1.05149241463227
33.8,5,1.02087418690904,1.00159277582215,1.05256372854829
34,5,1.02125357222483,1.00171713168602,1.05340577269792
34.2,5,1.02159804341604,1.00178490991167,1.05432326575899
34.4,5,1.02190612494571,1.0018385582041,1.05526494284157
34.6,5,1.02217664900607,1.00189480510132,1.0560592304273
34.8,5,1.0224087611488,1.00192992961456,1.05679879795003
35,5,1.02260192200579,1.00184412476858,1.05738432964929
35.2,5,1.02275590517544,1.0018306256742,1.05803069820105
35.4,5,1.02287079140976,1.00167342941566,1.05862783964443
35.6,5,1.02294695929325,1.00151287573424,1.05927022867366
35.8,5,1.02298507265558,1.00132696113163,1.05988942137237
36,5,1.02298606500444,1.00109351220208,1.06045506357102
36.2,5,1.02295112130347,1.00090790624988,1.06096693794476
36.4,5,1.02288165744982,1.00060725726748,1.06140506306152
36.6,5,1.02277929782937,1.00026242824052,1.06179936027728
36.8,5,1.02264585134187,0.999905867465778,1.0619936506491
37,5,1.0224832862954,0.999546604607131,1.06227387869908
37.2,5,1.02229370456866,0.999180302125085,1.06251039661994
37.4,5,1.02207931543166,0.998888298313538,1.06253596381449
37.6,5,1.0218424094006,0.998490270875056,1.06264811878442
37.8,5,1.02158533248207,0.998082377745361,1.06262068793606
38,5,1.02131046113575,0.997590031287727,1.06270773639939
38.2,5,1.02102017825461,0.997089257534967,1.06282058880328
38.4,5,1.0207168504276,0.996441584213585,1.06292475892291
38.6,5,1.02040280671403,0.995877865523667,1.06296263980314
38.8,5,1.02008031912038,0.995287696480767,1.0628744477248
39,5,1.01975158493199,0.994642173168997,1.06284785080251
39.2,5,1.01941871101324,0.994223558656332,1.06275527264962
39.4,5,1.01908370015209,0.993468836432797,1.06266795215999
39.6,5,1.01874843948842,0.99294347163201,1.06268176824624
39.8,5,1.01841469103149,0.99232553429687,1.06271612103668
40,5,1.01808408423966,0.991764864024206,1.06270377463102
0,6,0.96941704977531,0.936943554863184,1.01554208097551
0.2,6,0.969454724226204,0.936964946469784,1.01544167183358
0.4,6,0.96949522296575,0.936998020100987,1.01533497534859
0.6,6,0.969538696982823,0.937003782453416,1.01522342622012
0.8,6,0.969585300352646,0.936955995643388,1.01510425117756
1,6,0.969635189927122,0.936972092839742,1.01497941119727
1.2,6,0.96968852500058,0.937069959452228,1.01484753170695
1.4,6,0.969745466951918,0.937170608472548,1.01470844903243
1.6,6,0.969806178864292,0.937403558114542,1.01464826104511
1.8,6,0.969870825123733,0.937500512323672,1.01462516594275
2,6,0.969939570998179,0.937664030215521,1.01473162816419
2.2,6,0.970012582198658,0.937792698054112,1.01474910803888
2.4,6,0.970090024424465,0.937990703013396,1.01470085926935
2.6,6,0.970172062894362,0.938198806318032,1.014407871057
2.8,6,0.970258861865988,0.938415627179092,1.0141411448282
3,6,0.970350584145779,0.93861235440758,1.01400733002492
3.2,6,0.970447390591894,0.938801141151941,1.01388860879465
3.4,6,0.970549439612695,0.93904371812387,1.01357793320702
3.6,6,0.970656886663531,0.939224095410186,1.01341037884908
3.8,6,0.970769883744634,0.939418559169001,1.01341839564083
4,6,0.970888578903065,0.939608087190605,1.01336249519883
4.2,6,0.971013115741742,0.93977817088066,1.01320915023449
4.4,6,0.971143632938668,0.939959503736085,1.0130505095225
4.6,6,0.971280263779547,0.940074395605474,1.01295421529861
4.8,6,0.971423135707055,0.940271290675504,1.01298011968376
5,6,0.971572369890056,0.940480996426978,1.01258577248035
5.2,6,0.971728080816113,0.94079635237943,1.01208797250986
5.4,6,0.971890375910639,0.940937872086705,1.01173295528822
5.6,6,0.972059355186028,0.941328173103936,1.01169183213844
5.8,6,0.972235110924074,0.941731083226263,1.01160549473983
6,6,0.972417727394916,0.94208913788868,1.01147245238338
6.2,6,0.972607280615663,0.942311509290239,1.01121366311277
6.4,6,0.972803838151698,0.94256364675167,1.01133665621636
6.6,6,0.973007458963512,0.943013987498813,1.01126183806133
6.8,6,0.973218193301673,0.943472541232666,1.01111337624782
7,6,0.973436082652271,0.943997964050971,1.01099288708846
7.2,6,0.973661159734874,0.944515831477395,1.0108780236798
7.4,6,0.973893448554624,0.944807603056796,1.01063806158291
7.6,6,0.974132964509677,0.94489734030686,1.01050844257379
7.8,6,0.974379714554676,0.945133926252451,1.01027643658927
8,6,0.974633697420404,0.945458862541224,1.00979486920147
8.2,6,0.974894903889094,0.945934873182878,1.00942326966108
8.4,6,0.975163317124227,0.946508627363924,1.00907289095932
8.6,6,0.975438913052856,0.947102344742902,1.00872251377656
8.8,6,0.975721660797706,0.947759489187103,1.00865795502767
9,6,0.976011523155418,0.948456771414954,1.0084866857276
9.2,6,0.976308457116421,0.949104035759476,1.00806985503357
9.4,6,0.97661241442093,0.949258099740955,1.0078176690406
9.6,6,0.97692334214463,0.949629680771381,1.00757721920592
9.8,6,0.977241183306575,0.950109639683352,1.00728200711681
10,6,0.977565877490867,0.950502406400459,1.00707650651087
10.2,6,0.977897361472652,0.950901482882749,1.00675211505914
10.4,6,0.978235569838056,0.951449113709273,1.00659228923689
10.6,6,0.978580435586716,0.952266361150311,1.00656300265079
10.8,6,0.978931890704737,0.952972455156694,1.00648907845121
11,6,0.979289866695122,0.953557287846093,1.00636888391509
11.2,6,0.979654295052044,0.953997532342868,1.00624058035385
11.4,6,0.980025107664781,0.954445358380882,1.00615601468613
11.6,6,0.98040223713674,0.954957944874254,1.00598413387061
11.8,6,0.980785617004736,0.955707521857627,1.00574284269199
12,6,0.98117518184366,0.956503571862583,1.00562923888579
12.2,6,0.98157086724181,0.957368103808972,1.00542555099784
12.4,6,0.981972609632555,0.958230322043263,1.00526486603168
12.6,6,0.982380345968619,0.959065371163146,1.00509288384183
12.8,6,0.982794013226177,0.959934169624105,1.00485422368389
13,6,0.983213547727129,0.960626275056742,1.00462936930873
13.2,6,0.983638884269368,0.961305269665975,1.00448747564626
13.4,6,0.984069955056656,0.962114125673236,1.00429409399335
13.6,6,0.98450668842177,0.963011371455044,1.00412433824658
13.8,6,0.984949007339008,0.963691453940151,1.00387706896456
14,6,0.985396827724817,0.964430048449863,1.0036522560785
14.2,6,0.985850056528362,0.965200165725765,1.003499578469
14.4,6,0.986308589617153,0.966064801750552,1.00333003044755
14.6,6,0.986772309466442,0.966952646531707,1.00311268154872
14.8,6,0.987241082665013,0.968107867103088,1.00280371498626
15,6,0.987714757254049,0.969158582110515,1.0026212857566
15.2,6,0.988193159920111,0.970205816340365,1.00244881801172
15.4,6,0.988676093067721,0.971296255982099,1.00231711633916
15.6,6,0.989163331801651,0.972507056631355,1.00212921019536
15.8,6,0.989654620853651,0.973689989650217,1.0018810450203
16,6,0.990149671493024,0.974930970307101,1.00166341819408
16.2,6,0.99064815846501,0.976245371350279,1.00149330782185
16.4,6,0.991149717005358,0.977526806669051,1.00140709013107
16.6,6,0.991653939983652,0.978686185206394,1.00126975894186
16.8,6,0.992160375231757,0.979891240075098,1.00119528849219
17,6,0.992668523117175,0.981153302346794,1.00107009549966
17.2,6,0.993177834423917,0.982425240587195,1.00091738482715
17.4,6,0.993687708605688,0.983705695856988,1.00074283345188
17.6,6,0.994197492477583,0.985007346781712,1.00067255218882
17.8,6,0.994706479413017,0.986256824803591,1.00059015173118
18,6,0.995213909112122,0.987570993034655,1.00048965718626
18.2,6,0.995718968006231,0.98876990887037,1.00042854469374
18.4,6,0.996220790360299,0.990069812283905,1.00035406913094
18.6,6,0.996718460130936,0.991319707826922,1.00031895713006
18.8,6,0.997211013632286,0.992578292679728,1.00025752113137
19,6,0.997697443055003,0.993847583922775,1.00021066703048
19.2,6,0.998176700875158,0.995088528642881,1.00015719648914
19.4,6,0.99864770518003,0.996334100585347,1.00011640032873
19.6,6,0.999109345926284,0.997587055178133,1.00007682367657
19.8,6,0.99956049213327,0.998804700880885,1.00003811345636
20,6,1,1,1
20.2,6,1.00042672191898,0.999961113290891,1.00116771332884
20.4,6,1.00083951634364,0.999919937215859,1.00230768266688
20.6,6,1.00123725844893,0.99988020947872,1.00341379197143
20.8,6,1.00161885150659,0.999837619594575,1.00448595966161
21,6,1.00198323887864,0.99977821138589,1.00552355416696
21.2,6,1.00232941651447,0.999704697980956,1.00652866810747
21.4,6,1.00265644581893,0.999619781994976,1.0075171854628
21.6,6,1.00296346674217,0.999509217498239,1.00841339820913
21.8,6,1.00324971092587,0.999374156134918,1.00928565153369
22,6,1.00351451472646,0.999262093746428,1.01013835171525
22.2,6,1.0037573319238,0.999115521502929,1.01103160663112
22.4,6,1.0039777459138,0.99899761125397,1.01188159883505
22.6,6,1.00417548117692,0.998855075144492,1.01272587419929
22.8,6,1.00435041381054,0.99873228285238,1.01353401532512
23,6,1.00450258091312,0.998608828138987,1.01427046819971
23.2,6,1.00463218861178,0.998449192311922,1.01493459495077
23.4,6,1.00473961853245,0.998345954436193,1.01554722282892
23.6,6,1.00482543252353,0.998195389241264,1.01608427657164
23.8,6,1.00489037545979,0.997998877668288,1.01667923023341
24,6,1.00493537597331,0.997790521379684,1.01726823235148
24.2,6,1.00496154498212,0.997538445666376,1.01775082956678
24.4,6,1.00497017191449,0.997279898865555,1.01807220257223
24.6,6,1.00496271855797,0.996982773124084,1.01838332053437
24.8,6,1.00494081049594,0.996751035742152,1.01871684266781
25,6,1.00490622613028,0.996541043200879,1.01912095419958
25.2,6,1.00486088332682,0.996298899481937,1.01950765721315
25.4,6,1.00480682375911,0.996044882493127,1.01987563130507
25.6,6,1.00474619506523,0.995755396623964,1.02022787025148
25.8,6,1.00468123097145,0.995479875221506,1.02056110011196
26,6,1.00461422957419,0.995267873942123,1.0207847121047
26.2,6,1.00454753000823,0.995026043624861,1.02099501436366
26.4,6,1.0044834877618,0.994754039935075,1.02119579948228
26.6,6,1.00442444893039,0.994546447152681,1.02139088554077
26.8,6,1.00437272372648,0.994272221622095,1.02158406690371
27,6,1.00433055958521,0.994009898218999,1.02177906483246
27.2,6,1.00430011422237,0.99381242959244,1.02200422773972
27.4,6,1.00428342901318,0.993598736669559,1.02225659472575
27.6,6,1.0042824030662,0.993395919074525,1.02251444744631
27.8,6,1.00429876836708,0.993276592857367,1.02277621358498
28,6,1.00433406636093,0.993199076337108,1.02302853006111
28.2,6,1.00438962633065,0.993131985614429,1.02333091739842
28.4,6,1.00446654591067,0.993000437706451,1.02364258970873
28.6,6,1.00456567405241,0.992952575330477,1.02396626148792
28.8,6,1.00468759672891,0.992860782496964,1.02427879732778
29,6,1.00483262563208,0.992844406197897,1.02465776662853
29.2,6,1.00500079007745,0.992864005892949,1.02493471461437
29.4,6,1.00519183228873,0.992960551174185,1.02528815366793
29.6,6,1.00540520618757,0.992993123048845,1.02582514141227
29.8,6,1.00564007976525,0.993025543662942,1.02662434889442
30,6,1.00589534106082,0.993122451554773,1.02732017694338
30.2,6,1.00616960771782,0.993045966695853,1.02789867122117
30.4,6,1.00646124003726,0.993031830571258,1.02862115156665
30.6,6,1.00676835739193,0.993158128228268,1.02957671853295
30.8,6,1.00708885781404,0.993221452783498,1.03034565414244
31,6,1.00742044051826,0.993406201624093,1.03091953885879
31.2,6,1.00776063107457,0.993596806934333,1.03162848938485
31.4,6,1.00810680890203,0.99373117971194,1.03226021950173
31.6,6,1.00845623671531,0.993867813324305,1.03291569146733
31.8,6,1.00880609152294,0.994024672705274,1.03359817357673
32,6,1.0091534967486,0.994227911196126,1.03447005622482
32.2,6,1.0094955550272,0.994428329119371,1.03529175073785
32.4,6,1.00982938121431,0.994554499003661,1.03588514165096
32.6,6,1.01015213514302,0.994723775934788,1.03654164503003
32.8,6,1.01046105366539,0.994854360585273,1.03708427789417
33,6,1.01075348152718,0.994984097309863,1.03763182333761
33.2,6,1.01102690064408,0.995094965462243,1.03850101449148
33.4,6,1.01127895737495,0.995214561304626,1.03906177081872
33.6,6,1.01150748742218,0.995262399476624,1.03976503613008
33.8,6,1.01171053803059,0.995372959438411,1.0402373337951
34,6,1.01188638720319,0.995400419714916,1.04048181548594
34.2,6,1.01203355970407,0.995398054949947,1.0407311627417
34.4,6,1.01215083967441,0.995405440965094,1.04122529750971
34.6,6,1.01223727974542,0.995430236927176,1.04188401067525
34.8,6,1.01229220659178,0.995376562738155,1.04248177939963
35,6,1.01231522292827,0.995280926580856,1.04290056738413
35.2,6,1.01230620601065,0.995077449964756,1.04325952681083
35.4,6,1.01226530275732,0.994840022883566,1.04347258366281
35.6,6,1.01219292166037,0.994654815705877,1.0437965669684
35.8,6,1.01208972170215,0.994467911732658,1.0442486621646
36,6,1.01195659853512,0.994346188370937,1.04468716479272
36.2,6,1.01179466821845,0.994133196175234,1.0448876823016
36.4,6,1.01160524883384,0.99387475734769,1.04483956828649
36.6,6,1.0113898403244,0.993693871251245,1.04454771728587
36.8,6,1.01115010291514,0.993406038980075,1.04461615251237
37,6,1.01088783448051,0.9930422955397,1.04444097161014
37.2,6,1.01060494722472,0.992626123916316,1.04440207969408
37.4,6,1.01030344403364,0.992228993513396,1.04404773740449
37.6,6,1.00998539484439,0.9917921046132,1.04416272585813
37.8,6,1.00965291336017,0.991293353577452,1.04428376112822
38,6,1.00930813441443,0.990890417761619,1.04414609791527
38.2,6,1.00895319226113,0.990520989895588,1.04407426698321
38.4,6,1.00859020003684,0.990002544251258,1.04403499952794
38.6,6,1.00822123060748,0.989611275145165,1.0436339927732
38.8,6,1.00784829897729,0.98925836083648,1.04347978300876
39,6,1.00747334640228,0.988937706393728,1.04355021679217
39.2,6,1.00709822631457,0.98860664098281,1.0433387040799
39.4,6,1.00672469212887,0.988122066175741,1.04339532767237
39.6,6,1.0063543869688,0.987438494149103,1.04335071570551
39.8,6,1.00598883531872,0.986943472872046,1.04333232828347
40,6,1.00562943657712,0.986396519351078,1.04309281367372
0,7,1.02197822671062,0.966337617150349,1.09541685288069
0.2,7,1.0219905613733,0.966380481889135,1.09532292164569
0.4,7,1.02200277541297,0.966440878161164,1.09521987928639
0.6,7,1.02201473650251,0.966551270510795,1.09510697729329
0.8,7,1.02202629541437,0.966597630837207,1.09501429639303
1,7,1.02203728513281,0.966733616652294,1.09493700021947
1.2,7,1.02204752002206,0.966871759579538,1.09485181932311
1.4,7,1.02205679506368,0.966948520401258,1.09475796315112
1.6,7,1.0220648851775,0.967031443418997,1.09465457666924
1.8,7,1.02207154464004,0.967194918397425,1.09454073819374
2,7,1.02207650661538,0.967351525758437,1.09441545761228
2.2,7,1.02207948281291,0.967659038783326,1.09427767506141
2.4,7,1.02208016328663,0.968039065698351,1.09412626012949
2.6,7,1.02207821639015,0.96820784121121,1.09396526933821
2.8,7,1.02207328890136,0.968385169128312,1.0937887715774
3,7,1.02206500632975,0.96856561177407,1.0935953248938
3.2,7,1.02205297341868,0.968672236469061,1.09332678019147
3.4,7,1.02203677485376,0.968782446207931,1.09301239258378
3.6,7,1.02201597618711,0.968901575238287,1.09271871882849
3.8,7,1.02199012498594,0.969182630463594,1.09241370099897
4,7,1.02195875221199,0.96949614468246,1.09208788530984
4.2,7,1.02192137383653,0.969622541609395,1.09174334875401
4.4,7,1.02187749269359,0.969832219599743,1.09129206773703
4.6,7,1.02182660057172,0.969973070806607,1.09084237084318
4.8,7,1.02176818054221,0.970219026760385,1.09042588482685
5,7,1.02170170951926,0.970481239120205,1.08969209824149
5.2,7,1.02162666104474,0.970754891575465,1.08923339921333
5.4,7,1.02154250828773,0.971002184734911,1.08877819701388
5.6,7,1.02144872724601,0.971171559987734,1.08843069424999
5.8,7,1.02134480013418,0.971361218830421,1.08782193497615
6,7,1.02123021894002,0.971660929978282,1.08687359100617
6.2,7,1.02110448912843,0.971977733369116,1.08615139096933
6.4,7,1.02096713346917,0.972226380480193,1.08535319125559
6.6,7,1.0208176959628,0.972496440742938,1.08451191659745
6.8,7,1.02065574583621,0.972737876415289,1.083626766995
7,7,1.0204808815778,0.97293769682044,1.08270839565109
7.2,7,1.02029273497978,0.973259255404941,1.08174287884859
7.4,7,1.02009097515413,0.973588123335209,1.08066375923636
7.6,7,1.01987531248697,0.973976400586051,1.07962627161269
7.8,7,1.0196455024954,0.974387374444582,1.07856218267976
8,7,1.01940134955025,0.974646549928587,1.07739733620648
8.2,7,1.0191427104277,0.974955721999663,1.07618413280254
8.4,7,1.01886949765321,0.975354939072299,1.07483150144717
8.6,7,1.0185816826013,0.975730424693755,1.07340986420942
8.8,7,1.01827929831585,0.976107054574308,1.07195998384953
9,7,1.01796244201694,0.976482685643444,1.07061676163535
9.2,7,1.01763127726154,0.97682054825782,1.06923285230379
9.4,7,1.01728603572771,0.977062150910979,1.06773439152626
9.6,7,1.01692701859414,0.977465965372455,1.06640093063082
9.8,7,1.01655459748959,0.97785085049582,1.06477322240957
10,7,1.0161692149896,0.978126097653724,1.06305372838168
10.2,7,1.01577138464136,0.9783093097247,1.06130582292145
10.4,7,1.01536169050059,0.978614029420536,1.05966719845252
10.6,7,1.01494078616852,0.978930938941887,1.05786401872608
10.8,7,1.01450939332018,0.979385273983494,1.0560892502201
11,7,1.01406829971958,0.979778854625,1.05446293366172
11.2,7,1.01361835672112,0.980085124244124,1.05265208330831
11.4,7,1.01316047626049,0.980442822524693,1.05081652321832
11.6,7,1.01269562734242,0.980797514578548,1.04916123853403
11.8,7,1.01222483203641,0.981198291975568,1.04739477615844
12,7,1.0117491609956,0.981609454907053,1.0457618304
12.2,7,1.01126972851742,0.982030530083849,1.04432806788613
12.4,7,1.01078768716842,0.982460990833775,1.04254922435046
12.6,7,1.01030422199908,0.982937828909229,1.04072968450075
12.8,7,1.00982054437753,0.983336349363671,1.03914057251833
13,7,1.00933788547431,0.983699612736006,1.03738681351813
13.2,7,1.00885748943307,0.983869720898898,1.03569422108127
13.4,7,1.00838060626468,0.984189578746471,1.0341004575774
13.6,7,1.0079084845049,0.984619553016828,1.03261384952869
13.8,7,1.00744236367774,0.985030361165004,1.03102935088683
14,7,1.00698346660888,0.98546620729447,1.02955730061306
14.2,7,1.00653299163524,0.985900209831595,1.02802591462662
14.4,7,1.00609210475882,0.986345604872473,1.02642275101171
14.6,7,1.00566193179401,0.986815181264072,1.02498119855548
14.8,7,1.00524355055948,0.987188884088549,1.02352888488995
15,7,1.00483798316676,0.987577068763427,1.02208894706436
15.2,7,1.00444618845899,0.988012441988847,1.02075064031464
15.4,7,1.00406905465415,0.988460342062891,1.01945630221953
15.6,7,1.00370739224852,0.988915921103233,1.01809943259771
15.8,7,1.00336192723638,0.989472393623469,1.01680211232353
16,7,1.00303329470328,0.989942518944284,1.0156209959839
16.2,7,1.00272203285047,0.990476851698558,1.01453217641587
16.4,7,1.00242857750852,0.99101147029104,1.01350452480987
16.6,7,1.00215325719872,0.99154587762309,1.01242014109251
16.8,7,1.00189628880024,0.992018940713095,1.01138264091665
17,7,1.00165777388149,0.992520787032755,1.01036862334291
17.2,7,1.00143769575249,0.993071018248689,1.00941129011172
17.4,7,1.00123591729486,0.993510699142267,1.00850951669135
17.6,7,1.00105217962353,0.993932996226508,1.0076658373803
17.8,7,1.00088610163259,0.994424929599829,1.00682086592169
18,7,1.0007371804743,0.994937392612221,1.00606272732397
18.2,7,1.00060479301677,0.995430861154435,1.00532820008059
18.4,7,1.00048819832096,0.995976851332084,1.00463756592072
18.6,7,1.00038654117198,0.996477932098809,1.00397414289177
18.8,7,1.00029885669326,0.996970892590456,1.00330787270716
19,7,1.00022407606393,0.997440707448288,1.00270604104391
19.2,7,1.00016103335113,0.997953776840379,1.00211046325919
19.4,7,1.00010847345864,0.998475043799954,1.00154888272697
19.6,7,1.00006506118201,0.99899507917636,1.00100995150666
19.8,7,1.00002939134764,0.999499855150253,1.00049891387873
20,7,1,1,1
20.2,7,0.999975376586295,0.999526120187913,1.00048483817547
20.4,7,0.999953977072575,0.999076346478435,1.00095180200098
20.6,7,0.999934237909068,0.998637161075488,1.00140631440005
20.8,7,0.999914590745917,0.998213764429957,1.00184184815036
21,7,0.999893477783647,0.997777856241485,1.00228671716101
21.2,7,0.999869367625927,0.997352917381296,1.00270392767899
21.4,7,0.999840771485821,0.996922566901185,1.00309725566848
21.6,7,0.999806259581171,0.9965234676072,1.00344075237612
21.8,7,0.999764477540299,0.996107001856745,1.00378072582078
22,7,0.999714162626347,0.995714836756344,1.00405609340887
22.2,7,0.999654159577694,0.995348544229327,1.00433884195137
22.4,7,0.999583435853315,0.994992684345245,1.0046148310553
22.6,7,0.99950109606617,0.994610940117201,1.00497961125384
22.8,7,0.999406395385047,0.994205505335,1.00521102224081
23,7,0.999298751685983,0.993788280495299,1.00538388214451
23.2,7,0.999177756238886,0.993359161328223,1.0055138101614
23.4,7,0.999043182723243,0.992895019738297,1.00568860080083
23.6,7,0.998894994379193,0.992467282713942,1.00583225361152
23.8,7,0.998733349116592,0.992078609298945,1.00592938309153
24,7,0.99855860242514,0.991648407850953,1.0060672102517
24.2,7,0.998371307952846,0.991172047932477,1.00617281989281
24.4,7,0.998172215648039,0.990626423310136,1.00623142263334
24.6,7,0.997962267391215,0.99010220382299,1.00631966707283
24.8,7,0.997742590077061,0.989480778805291,1.00628188290715
25,7,0.997514486143279,0.988877001892639,1.00626806202255
25.2,7,0.997279421580938,0.98832512230613,1.00622381852131
25.4,7,0.99703901150019,0.987802674285555,1.00618882314967
25.6,7,0.99679500336479,0.987221036034145,1.00614900880683
25.8,7,0.996549258048024,0.986615627956676,1.00613513151355
26,7,0.996303728900789,0.985910408566755,1.00613690920966
26.2,7,0.996060439058871,0.98523667638991,1.00618844500244
26.4,7,0.995821457250223,0.984549364539425,1.00618451437075
26.6,7,0.995588872393549,0.983879764781003,1.0061667124984
26.8,7,0.995364767306193,0.983138193675934,1.00608966530133
27,7,0.995151191861551,0.982484887853196,1.00602977016508
27.2,7,0.994950135953558,0.981842480592529,1.00601094032955
27.4,7,0.994763502637842,0.981162374311582,1.00599896032302
27.6,7,0.994593081825496,0.980502962476666,1.00603292004067
27.8,7,0.994440524906034,0.979626052803533,1.00593605919608
28,7,0.994307320670696,0.97920481577723,1.00586520284757
28.2,7,0.994194772895967,0.978625265426043,1.00585998668785
28.4,7,0.994103979929985,0.978101169040148,1.00581586984907
28.6,7,0.994035816601644,0.977876226639607,1.00597975311328
28.8,7,0.993990918743928,0.977359091266615,1.0061564432509
29,7,0.993969670589659,0.976863317238716,1.00628800613722
29.2,7,0.993972195259933,0.976445376416579,1.00651284467407
29.4,7,0.993998348523403,0.976227172151231,1.0067352719106
29.6,7,0.994047715959073,0.976080759950064,1.0069024691168
29.8,7,0.994119613606774,0.975771287237557,1.0072181396405
30,7,0.994213092138905,0.975675102130608,1.00749523402513
30.2,7,0.994326944535045,0.975527234335172,1.00777342601196
30.4,7,0.994459717188394,0.975261128652574,1.00823327648816
30.6,7,0.994609724320665,0.975120914227495,1.00845332521736
30.8,7,0.994775065530775,0.97504717545296,1.00852699028355
31,7,0.994953646253401,0.974844714765105,1.00874636574311
31.2,7,0.995143200857045,0.974711696113392,1.00903336224075
31.4,7,0.995341318068582,0.974938671364239,1.00944567777362
31.6,7,0.995545468373101,0.975036445995231,1.00989084203014
31.8,7,0.995753033005101,0.97505816416689,1.01040751947563
32,7,0.995961334120357,0.975123485423046,1.01069141361456
32.2,7,0.99616766571772,0.975056125964088,1.01100441954718
32.4,7,0.99636932486725,0.974868392419358,1.01129987717924
32.6,7,0.996563642795793,0.974503787316699,1.01165799420765
32.8,7,0.996748015383568,0.97426729338328,1.01189872012385
33,7,0.996919932635728,0.974156782714642,1.01227889594956
33.2,7,0.997077006710931,0.973926515773173,1.01250493802263
33.4,7,0.997216998114571,0.973447063698137,1.01272273715897
33.6,7,0.997337839696927,0.973411361882998,1.01298404708997
33.8,7,0.997437658135506,0.973436341407689,1.01324802626488
34,7,0.997514792625444,0.97350735924516,1.0136116908498
34.2,7,0.997567810551195,0.973473799960043,1.01380887034733
34.4,7,0.99759551996561,0.973288889938922,1.01400748022944
34.6,7,0.997596978758011,0.973000821826341,1.01416088147707
34.8,7,0.997571500449602,0.972647887701819,1.01422886215014
35,7,0.997518656611406,0.97242910300217,1.01426262516786
35.2,7,0.997438275955666,0.972139313403196,1.01426956974986
35.4,7,0.997330440205091,0.971822968158004,1.01429967594607
35.6,7,0.997195476894424,0.971514722705632,1.01424321597192
35.8,7,0.997033949304517,0.971383099642795,1.01424864025306
36,7,0.996846643769651,0.97139454878722,1.01409003836638
36.2,7,0.996634554633456,0.971367893019549,1.01388760436775
36.4,7,0.996398867157001,0.971216153950427,1.0138558216247
36.6,7,0.996140938704036,0.970857252356401,1.01360528556315
36.8,7,0.995862278542874,0.970371675292946,1.01330150383349
37,7,0.995564526611902,0.969856009008559,1.01309703701239
37.2,7,0.995249431596506,0.969536503236232,1.01302471957004
37.4,7,0.994918828659498,0.969292687388083,1.01280235338025
37.6,7,0.99457461715546,0.968933121174179,1.0125314850947
37.8,7,0.994218738642373,0.968386022193222,1.0123059757799
38,7,0.993853155482065,0.96803221626533,1.01205799024105
38.2,7,0.993479830295226,0.96763356339299,1.01173465207764
38.4,7,0.993100706507696,0.967312478882943,1.01149088779242
38.6,7,0.992717690193279,0.966964729742246,1.0111305270703
38.8,7,0.992332633385278,0.966644906829095,1.01077487169394
39,7,0.991947318995001,0.966476042893352,1.0104546159171
39.2,7,0.991563447441437,0.966197733999927,1.01022726527504
39.4,7,0.99118262506285,0.965687402077811,1.00972253319765
39.6,7,0.990806354348665,0.964981952192249,1.0093248862747
39.8,7,0.990436025999455,0.964286024428008,1.0090283852347
40,7,0.990072912794339,0.963586374968473,1.00887171570839
0,8,1.11081994917419,1.06475072191469,1.13928119385388
0.2,8,1.11076834342741,1.0647690301862,1.13912365753401
0.4,8,1.11070930470285,1.06478355906468,1.13896771499606
0.6,8,1.11064201692512,1.06479538238685,1.13883394409979
0.8,8,1.11056560221113,1.06480391796811,1.13868588264034
1,8,1.11047911927229,1.06480852704239,1.13855062816896
1.2,8,1.110381562148,1.06480851269908,1.13843416329293
1.4,8,1.11027185931837,1.06480311869407,1.13826964345064
1.6,8,1.11014887324462,1.06479152868477,1.13808931803226
1.8,8,1.11001140038582,1.06477286593825,1.13781160974318
2,8,1.10985817174008,1.06492408384188,1.13756711395059
2.2,8,1.10968785395685,1.06484356748627,1.13724602595769
2.4,8,1.1094990510652,1.06454263420752,1.13688370560069
2.6,8,1.10929030685989,1.06420070311627,1.13654310512443
2.8,8,1.10906010798363,1.06397261778634,1.13626485944548
3,8,1.10880688773911,1.06388484779211,1.13599785576912
3.2,8,1.10852903065914,1.06378557720607,1.13575340661111
3.4,8,1.10822487785702,1.06361709992336,1.13542588189922
3.6,8,1.10789273317176,1.06340587746587,1.13490596988022
3.8,8,1.10753087011529,1.0631839899975,1.13444381037767
4,8,1.10713753961948,1.0630195191056,1.13393674280987
4.2,8,1.10671097857183,1.06282924616115,1.13352500408991
4.4,8,1.10624941911829,1.0626394222072,1.13306811672262
4.6,8,1.10575109870105,1.06247210299398,1.13236308087633
4.8,8,1.10521427078853,1.06228462702523,1.13177178583018
5,8,1.10463721624309,1.06207572594903,1.13103745847035
5.2,8,1.10401825526106,1.06184412850598,1.13034407553852
5.4,8,1.10335575980848,1.06158856775961,1.12967150869479
5.6,8,1.1026481664648,1.06130778876367,1.12898670393162
5.8,8,1.10189398957677,1.0610005566269,1.12824350804927
6,8,1.10109183461478,1.06066566493001,1.12743957492368
6.2,8,1.10024041161524,1.0602343933104,1.1266047007879
6.4,8,1.09933854858483,1.05974828161158,1.12556722429384
6.6,8,1.09838520473614,1.05923199827554,1.1243570740755
6.8,8,1.09737948341917,1.0586816123706,1.1231031095598
7,8,1.09632064461001,1.05809210545767,1.12182653279036
7.2,8,1.09520811681627,1.05747031487731,1.1205832307539
7.4,8,1.09404150825954,1.05686085100926,1.11931469449339
7.6,8,1.09282061719708,1.05614020284883,1.11798422016318
7.8,8,1.0915454412497,1.05538116499876,1.11657847604898
8,8,1.09021618560884,1.05458374348291,1.11507123077962
8.2,8,1.08883327000445,1.05367697076848,1.1135749158579
8.4,8,1.08739733432545,1.05261885930976,1.11183449471493
8.6,8,1.08590924279664,1.05176534658665,1.11018202175962
8.8,8,1.08437008662983,1.05087454267199,1.10837211738668
9,8,1.0827811850821,1.04995652131105,1.10646626548027
9.2,8,1.0811440848705,1.04897043651027,1.10443887937414
9.4,8,1.07946055791025,1.04783919141098,1.10247036156323
9.6,8,1.07773259736139,1.04656497833585,1.10043582099109
9.8,8,1.07596241198775,1.045351806018,1.09833772916003
10,8,1.07415241885059,1.04411104897793,1.0962128120394
10.2,8,1.07230523437812,1.04288934731342,1.09405756745061
10.4,8,1.07042366386987,1.04154445950224,1.09169482707227
10.6,8,1.06851068951231,1.04030545253223,1.0893374412428
10.8,8,1.06656945699837,1.03925882350341,1.08689776896983
11,8,1.06460326085812,1.03822435974784,1.08437352114844
11.2,8,1.06261552862135,1.03689177476119,1.08191624930785
11.4,8,1.06060980394424,1.03535795258187,1.07948849363268
11.6,8,1.05858972884194,1.03384211972759,1.0771463929411
11.8,8,1.05655902517636,1.03247778540047,1.07463442463371
12,8,1.05452147555414,1.03127714232701,1.07210811650138
12.2,8,1.0524809037929,1.02999537637147,1.0695555682849
12.4,8,1.05044115511543,1.02860250949365,1.06707265909995
12.6,8,1.04840607623029,1.027339714981,1.06470116284087
12.8,8,1.04637949545496,1.02608360798412,1.0621919064188
13,8,1.04436520303295,1.02479606905737,1.0598609281018
13.2,8,1.04236693178999,1.02340698711492,1.05743326019456
13.4,8,1.04038833826709,1.02205941065827,1.05513038662646
13.6,8,1.03843298445903,1.02079221804276,1.05271158998966
13.8,8,1.03650432027727,1.01971437929737,1.05028090450595
14,8,1.03460566684529,1.01870477704433,1.04793888932818
14.2,8,1.03274020072347,1.01746312435961,1.04557215759804
14.4,8,1.03091093914875,1.01635941404076,1.04334217330266
14.6,8,1.0291207263631,1.01537593472147,1.04115799653023
14.8,8,1.02737222109289,1.01435188010059,1.03898560374313
15,8,1.02566788523056,1.01334080367395,1.03676482723391
15.2,8,1.02400997375896,1.01238851072003,1.03469944165848
15.4,8,1.02240052594901,1.01152469033032,1.03261218755694
15.6,8,1.02084135785191,1.01058207308362,1.03065281329518
15.8,8,1.01933405609873,1.00966624209066,1.02873559373611
16,8,1.01787997301316,1.00887177979105,1.02670412719399
16.2,8,1.01648022303605,1.00813546158936,1.02474652166826
16.4,8,1.01513568045553,1.00743211166433,1.02287152582665
16.6,8,1.01384697843154,1.00673445806559,1.02117258840595
16.8,8,1.01261450929987,1.00604819136912,1.01950998484558
17,8,1.01143842613827,1.00542223922189,1.0179108991705
17.2,8,1.01031864557451,1.00483811754941,1.01636231842927
17.4,8,1.00925485181509,1.0042374023488,1.01480695581848
17.6,8,1.00824650187172,1.00368252435375,1.01334141024231
17.8,8,1.00729283196186,1.00319265520603,1.01195677169858
18,8,1.00639286505887,1.00274159835535,1.0106297975079
18.2,8,1.00554541956608,1.00232806187681,1.00934119035075
18.4,8,1.00474911908806,1.00195013377393,1.00810734778824
18.6,8,1.0040024032706,1.00158158843509,1.00693357936897
18.8,8,1.00330353967854,1.00124558762562,1.00580384933937
19,8,1.00265063667767,1.00095920403418,1.00472065544879
19.2,8,1.00204165728281,1.0006967863792,1.00367835333977
19.4,8,1.0014744339292,1.00049194917175,1.00268696056817
19.6,8,1.00094668411832,1.00031059634201,1.00173926877788
19.8,8,1.00045602688196,1.00014712880509,1.00084322652622
20,8,1,1,1
20.2,8,0.999576077897899,0.999198774612503,0.999878933507647
20.4,8,0.999181690139396,0.998440958212739,0.999783824385166
20.6,8,0.998814240418441,0.997720243506422,0.999707248726339
20.8,8,0.998471125942314,0.997034192870502,0.999650967424546
21,8,0.998149757085201,0.99637715603629,0.999590127449183
21.2,8,0.997847577178649,0.995752632747945,0.999535124608869
21.4,8,0.997562082292512,0.99515377557851,0.999503325984284
21.6,8,0.997290840847633,0.994582746297971,0.999509777101249
21.8,8,0.99703151288994,0.994040258376081,0.999526781157499
22,8,0.996781868845262,0.993536667183426,0.999497715988997
22.2,8,0.996539807565391,0.993039879505606,0.999521783080475
22.4,8,0.996303373469179,0.992564434748374,0.999519228871803
22.6,8,0.996070772578115,0.992119136334312,0.999474851788108
22.8,8,0.995840387244259,0.991664953650788,0.999466781250999
23,8,0.995610789369986,0.991210330010985,0.999442912900823
23.2,8,0.995380751923932,0.990805138158485,0.999391347860873
23.4,8,0.995149258566146,0.990405029180699,0.999336602253766
23.6,8,0.994915511207779,0.990033610061985,0.999315430407829
23.8,8,0.994678935346848,0.989675849297295,0.99934152513392
24,8,0.994439183041593,0.989298122373306,0.999328150656414
24.2,8,0.994196133406664,0.988884177742329,0.99924684720777
24.4,8,0.993949890544501,0.988458839016215,0.999179768010789
24.6,8,0.993700778854604,0.988045561127571,0.999074914402643
24.8,8,0.993449335696469,0.987683537076996,0.998948363905584
25,8,0.993196301417279,0.987190626352408,0.998815684177957
25.2,8,0.992942606792463,0.986880938819593,0.998774697061981
25.4,8,0.992689357965329,0.986443263865271,0.99884165201273
25.6,8,0.992437819010436,0.986112839072573,0.998884289992401
25.8,8,0.992189392283477,0.985732013238823,0.998739103487342
26,8,0.991945596757544,0.98530545930662,0.99870820058405
26.2,8,0.991708044580877,0.984956257268747,0.998624131109365
26.4,8,0.991478416124002,0.984475348841637,0.998582963345744
26.6,8,0.991258433813707,0.984136781597459,0.998635642816891
26.8,8,0.991049835077143,0.983880455012298,0.998616970194418
27,8,0.990854344740704,0.983386369625881,0.998630267818651
27.2,8,0.99067364724495,0.983071039791542,0.998692169045134
27.4,8,0.99050935904816,0.982854363314473,0.998641701730263
27.6,8,0.990363001596864,0.982746630786803,0.998597576248965
27.8,8,0.990235975241729,0.982481102399788,0.998586450232535
28,8,0.990129534471294,0.982087329895541,0.998713176018767
28.2,8,0.990044764824286,0.98182859507711,0.998897398799866
28.4,8,0.989982561823703,0.98168832574574,0.999169790207517
28.6,8,0.989943612252605,0.981552118199496,0.999287413112225
28.8,8,0.989928378063034,0.981382656497452,0.999327888410555
29,8,0.989937083175862,0.981266286952542,0.999454734283741
29.2,8,0.989969703391239,0.981210457808331,0.999744858150548
29.4,8,0.990025959587093,0.981086696530399,1.00019258913755
29.6,8,0.990105314337408,0.981064022879324,1.00058028308884
29.8,8,0.99020697203348,0.98094157142407,1.00116825451049
30,8,0.99032988254069,0.98086063098264,1.00149316884926
30.2,8,0.99047274837125,0.98091985815177,1.00173522162058
30.4,8,0.990634035300772,0.980993447593083,1.00216287084662
30.6,8,0.99081198630416,0.980914653981543,1.00255294063866
30.8,8,0.991004638635078,0.980992686031232,1.00283858703664
31,8,0.991209843824016,0.9812283762043,1.00332676638071
31.2,8,0.991425290323672,0.981353989695065,1.00376727920694
31.4,8,0.991648528487739,0.981465590689731,1.00418304259633
31.6,8,0.991876997531227,0.981588561936,1.00461726887034
31.8,8,0.992108054087763,0.981686513674275,1.0050476078747
32,8,0.992339001952799,0.981702632516355,1.00567922039856
32.2,8,0.992567122581726,0.981769533235546,1.00637820371658
32.4,8,0.992789705899269,0.981859606202178,1.00697071801966
32.6,8,0.993004080971377,0.981965148669677,1.00743102596974
32.8,8,0.993207646093534,0.982113916241015,1.00787191482163
33,8,0.993397897859964,0.982309117548312,1.00829541303855
33.2,8,0.993572458796478,0.982204972543065,1.00870114322089
33.4,8,0.993729103165474,0.982095873608771,1.00902052316585
33.6,8,0.993865780584385,0.98208514591229,1.00929831044066
33.8,8,0.993980637137977,0.982182877569326,1.00953078282185
34,8,0.994072033709637,0.982210233539501,1.00974566390878
34.2,8,0.994138561306147,0.982321918941303,1.00993269949203
34.4,8,0.99417905320343,0.982420915109617,1.0100597872145
34.6,8,0.994192593796181,0.982475249146398,1.010250729146
34.8,8,0.994178524091033,0.98247975765313,1.01039440120482
35,8,0.994136443839669,0.982498061824892,1.01062602645988
35.2,8,0.99406621036393,0.982457949315472,1.01070432195513
35.4,8,0.993967934178266,0.9823430998985,1.01080581526703
35.6,8,0.993841971564812,0.982134442187806,1.01085739406438
35.8,8,0.993688914301885,0.981941015903247,1.01071723352224
36,8,0.993509576787053,0.981737884922674,1.01053592523625
36.2,8,0.993304980830286,0.981612633761701,1.01039758387831
36.4,8,0.993076338420746,0.981386182494823,1.01016496646627
36.6,8,0.99282503279191,0.981065222789957,1.00988910764995
36.8,8,0.992552598124009,0.980783702424033,1.00973269705173
37,8,0.992260698230094,0.980402027685134,1.00957048053428
37.2,8,0.991951104572596,0.980154913715669,1.00932385556218
37.4,8,0.991625673951394,0.979760910534428,1.00897790087308
37.6,8,0.991286326192587,0.978951361523521,1.00861286938876
37.8,8,0.990935022149982,0.978391622686834,1.00814963880846
38,8,0.990573742309394,0.977719769407789,1.00756750194359
38.2,8,0.990204466259961,0.977019117062741,1.00708523966097
38.4,8,0.989829153267658,0.976397917293337,1.00682195335307
38.6,8,0.989449724154657,0.975924230200125,1.00673758513677
38.8,8,0.989068044655205,0.975479997900503,1.00655643195303
39,8,0.988685910384708,0.975024756600427,1.00618706328496
39.2,8,0.988305033524824,0.974476379941407,1.00589878113579
39.4,8,0.987927031293861,0.973948974145397,1.00571255907691
39.6,8,0.987553416239635,0.973751776885534,1.00536809307697
39.8,8,0.987185588361386,0.973068027634181,1.00482997211462
40,8,0.986824829039022,0.972694209655923,1.00430978909111
0,9,1.11572388310416,1.08805625888377,1.14161403587871
0.2,9,1.11566947803743,1.08801807044308,1.14148671259777
0.4,9,1.11560720776723,1.08797525279345,1.14137683822835
0.6,9,1.11553620984592,1.0880325014746,1.14111106349389
0.8,9,1.11545555696259,1.08801686109428,1.14095624857603
1,9,1.11536425534431,1.08805268012168,1.14089931593579
1.2,9,1.11526124351431,1.08796465618215,1.14083140863981
1.4,9,1.11514539145717,1.08788118122901,1.14086320187005
1.6,9,1.11501550024172,1.08772250742765,1.14088970097152
1.8,9,1.11487030215221,1.08763377576543,1.14085937514224
2,9,1.11470846137769,1.08758253989019,1.14077183827797
2.2,9,1.11452857530768,1.08740962658129,1.14057200459644
2.4,9,1.11432917648029,1.08735413968866,1.14042567488351
2.6,9,1.11410873522554,1.08726741640384,1.14028300281128
2.8,9,1.11386566304257,1.08702305594725,1.13991394082612
3,9,1.11359831674464,1.08706569617768,1.13940258116467
3.2,9,1.11330500339972,1.08697606401061,1.13902401682681
3.4,9,1.11298398608786,1.08676173706898,1.13861658153424
3.6,9,1.11263349048874,1.08647797590008,1.13808015122239
3.8,9,1.11225171230431,1.08617366682697,1.13753467866313
4,9,1.11183682551213,1.08578350122978,1.13692226293551
4.2,9,1.11138699143489,1.08538020683566,1.13613106049065
4.4,9,1.110900368601,1.08493520411702,1.13559306223622
4.6,9,1.11037512336006,1.08445706884543,1.13494545127985
4.8,9,1.10980944120537,1.08409448716105,1.13424525630389
5,9,1.10920153874399,1.08354365840487,1.13351593911271
5.2,9,1.10854967624319,1.08294852719874,1.1327399684422
5.4,9,1.10785217067053,1.0824717488068,1.13186692669815
5.6,9,1.10710740913344,1.08205874630441,1.13094676630028
5.8,9,1.10631386261388,1.08145464813633,1.13009192953304
6,9,1.10547009988338,1.080677626126,1.1292285356171
6.2,9,1.10457480147527,1.08008179103517,1.12824599438739
6.4,9,1.10362677358292,1.07937428597689,1.12716138691891
6.6,9,1.10262496174691,1.07840575314844,1.12605003494444
6.8,9,1.10156846418895,1.07766474028066,1.12497257203583
7,9,1.10045654464784,1.0765423796772,1.123701120665
7.2,9,1.09928864457142,1.07523977158306,1.12248026527203
7.4,9,1.09806439451961,1.07429947183562,1.12121574659211
7.6,9,1.09678362463651,1.07312002499462,1.1197644749817
7.8,9,1.09544637405479,1.07194711215413,1.11827120645156
8,9,1.09405289910271,1.07078338963603,1.11667006732916
8.2,9,1.09260368019357,1.06957387182278,1.11489937354177
8.4,9,1.09109942728849,1.06837735801959,1.11315842969541
8.6,9,1.08954108383667,1.06701930140882,1.11122163203995
8.8,9,1.08792982911207,1.06562613935514,1.10930042061944
9,9,1.08626707888164,1.06419851143638,1.1074880457165
9.2,9,1.08455448435782,1.06287426427768,1.1055288643442
9.4,9,1.08279392940646,1.06148587494872,1.10350015429199
9.6,9,1.08098752600041,1.06007380197018,1.10135463124541
9.8,9,1.0791376079285,1.05841782910455,1.09911714334478
10,9,1.07724672278917,1.05683053242085,1.0968322755716
10.2,9,1.07531762231706,1.05522887682123,1.09463998075804
10.4,9,1.07335325110968,1.05361338521346,1.09245866277944
10.6,9,1.07135673383865,1.05197545705736,1.09030134912441
10.8,9,1.06933136104658,1.0503182239112,1.08794839197907
11,9,1.0672805736457,1.04864493625437,1.08558139245841
11.2,9,1.06520794624728,1.04702582381657,1.0831504624422
11.4,9,1.06311716946267,1.04544078330341,1.08049115182856
11.6,9,1.06101203132568,1.04368534190794,1.07795598844711
11.8,9,1.05889639799348,1.04201661273276,1.07551581159287
12,9,1.05677419388807,1.04041228712164,1.07294952863218
12.2,9,1.05464938144303,1.03879203209865,1.07051558803708
12.4,9,1.05252594062104,1.03709839759613,1.06803370734955
12.6,9,1.05040784836579,1.03549717671763,1.06561473955295
12.8,9,1.04829905814882,1.03375268853228,1.06312617951457
13,9,1.04620347976586,1.03191934001015,1.06064422520315
13.2,9,1.04412495953091,1.03022799034338,1.05812321891738
13.4,9,1.04206726100715,1.02869464177324,1.0556573471958
13.6,9,1.04003404640459,1.02725785740615,1.05332767251919
13.8,9,1.03802885876331,1.02579001574347,1.05088124308632
14,9,1.03605510502999,1.02419219544881,1.04834827046282
14.2,9,1.03411604012339,1.02282875233019,1.04605266962512
14.4,9,1.03221475207219,1.02141395857444,1.0438915747242
14.6,9,1.0303541482968,1.02002434386664,1.04164230325589
14.8,9,1.02853694309424,1.01867736492268,1.03938580372421
15,9,1.02676564637422,1.01737465292795,1.03713147653641
15.2,9,1.02504255368306,1.01614977399026,1.03497853463023
15.4,9,1.02336973754229,1.01499642202067,1.03293360878482
15.6,9,1.02174904011898,1.01383984555167,1.03087349504699
15.8,9,1.02018206723666,1.01270155764356,1.0289129659658
16,9,1.01867018372816,1.01161478386826,1.02699523177086
16.2,9,1.01721451012511,1.01057948279081,1.02508410081164
16.4,9,1.01581592067372,1.00957470765555,1.02331989512381
16.6,9,1.01447504266166,1.00866513082556,1.02158204675819
16.8,9,1.01319225703771,1.00779541068547,1.01982546497294
17,9,1.01196770030288,1.00691062985466,1.01814880515127
17.2,9,1.01080126764998,1.00613481112969,1.01662433749202
17.4,9,1.00969261732709,1.0054177309126,1.01509792739453
17.6,9,1.00864117619948,1.00477630723354,1.01357875012429
17.8,9,1.00764614648392,1.0041528030416,1.012113473747
18,9,1.00670651362879,1.0035872697072,1.01075374765708
18.2,9,1.00582105531244,1.00303414007043,1.00944910670535
18.4,9,1.00498835153165,1.00255472332077,1.00821330081088
18.6,9,1.00420679575046,1.00211190103699,1.00701284286901
18.8,9,1.00347460707748,1.00169442654283,1.00589142663346
19,9,1.00278984343722,1.00132251140195,1.00476970990506
19.2,9,1.00215041569699,1.00099008638235,1.00370114818441
19.4,9,1.00155410270623,1.00069161961675,1.00270840608995
19.6,9,1.00099856719921,1.00042925840756,1.00175960154599
19.8,9,1.00048137250495,1.00020029235675,1.00085577351446
20,9,1,1,1
20.2,9,0.999551867230186,0.999193060018807,0.99982367751102
20.4,9,0.999134346617302,0.998429683983339,0.999672713687775
20.6,9,0.998744784655016,0.997708143330959,0.999543657852654
20.8,9,0.998380521486395,0.997022021713506,0.99943058681244
21,9,0.998038910742724,0.996359170079112,0.999329338520758
21.2,9,0.997717339510437,0.995750136070524,0.999246094883336
21.4,9,0.997413248280161,0.995153229428572,0.999174880022511
21.6,9,0.997124150719466,0.994568491085119,0.999112658810626
21.8,9,0.996847653099293,0.994029420442563,0.999030670633895
22,9,0.996581473193599,0.993514967411924,0.998951433121192
22.2,9,0.996323458462948,0.993013766237288,0.99889442632676
22.4,9,0.996071603325925,0.992547643462008,0.998819753166608
22.6,9,0.995824065317881,0.99209361075363,0.998756013166066
22.8,9,0.995579179934856,0.991634910367786,0.998698273771558
23,9,0.99533547396206,0.991206810093302,0.998620522527424
23.2,9,0.995091677091162,0.990818788747087,0.998522329492797
23.4,9,0.994846731639204,0.990417332800143,0.99843979644454
23.6,9,0.994599800194257,0.990021909640971,0.998341620287392
23.8,9,0.994350271029079,0.989668585930256,0.998263821981125
24,9,0.99409776114406,0.989298122373306,0.998178743119216
24.2,9,0.993842116824376,0.988859010203481,0.998090582375181
24.4,9,0.993583411623465,0.98841534749678,0.998009236803594
24.6,9,0.99332194171527,0.988045561127571,0.997843062408467
24.8,9,0.993058218590782,0.987683537076996,0.997711688627572
25,9,0.992792959109798,0.987264609497473,0.997572698897011
25.2,9,0.992527072955856,0.986919033062136,0.997400894455751
25.4,9,0.99226164758047,0.98655926101313,0.997279702842523
25.6,9,0.991997930761266,0.986189426873799,0.997152748741862
25.8,9,0.991737310936864,0.985785146526869,0.997008788638332
26,9,0.991481295518416,0.98537520420916,0.996858301508713
26.2,9,0.991231487413073,0.984993631358742,0.996714839426677
26.4,9,0.990989560027483,0.984658688687491,0.996568929415197
26.6,9,0.990757231049031,0.984369853834935,0.996416242378106
26.8,9,0.9905362353284,0.984144375013476,0.996251715576995
27,9,0.990328297208478,0.983823045833017,0.996110595804213
27.2,9,0.990135102661243,0.983575374375714,0.996032234419715
27.4,9,0.989958271605646,0.983384401981033,0.995958089746165
27.6,9,0.989799330785257,0.983058099960541,0.99589531951856
27.8,9,0.989659687584534,0.982912779832613,0.995810848338408
28,9,0.989540605156661,0.982757116592247,0.995684460372395
28.2,9,0.989443179224174,0.98259242591378,0.995621253172637
28.4,9,0.989368316896043,0.982536717776849,0.995557162087901
28.6,9,0.989316717821652,0.982502257943846,0.995547419962245
28.8,9,0.989288857973577,0.982439834159722,0.995541923181627
29,9,0.989284976317486,0.982347164589413,0.995570798358412
29.2,9,0.989305064589341,0.982222092859366,0.995558921838103
29.4,9,0.989348860357884,0.982013320434599,0.995658454554526
29.6,9,0.989415843504696,0.981973041591897,0.995812928828842
29.8,9,0.989505236205607,0.982041353820549,0.995964719527814
30,9,0.989616006446603,0.982018241529703,0.99609814356529
30.2,9,0.98974687505535,0.98199522767316,0.996248923578217
30.4,9,0.989896326176872,0.982197060696511,0.996406187633257
30.6,9,0.990062621069618,0.982328850690111,0.996556211871523
30.8,9,0.990243815046964,0.982460121934148,0.996692903488688
31,9,0.990437777340001,0.982546168859366,0.996871627033393
31.2,9,0.990642213611187,0.982639444521181,0.997121171171156
31.4,9,0.990854690805874,0.982676978728368,0.997400184096355
31.6,9,0.991072663990763,0.982770846461047,0.997737850602815
31.8,9,0.991293504795688,0.982806332071644,0.998125716900613
32,9,0.991514531048593,0.982963435862548,0.998410500751169
32.2,9,0.991733037173664,0.983135749347835,0.998657192070476
32.4,9,0.991946324909861,0.983311192343494,0.998934037460821
32.6,9,0.992151733901949,0.98346282231267,0.999294448394872
32.8,9,0.992346671718726,0.983555809702206,0.999679610801703
33,9,0.992528642863609,0.983648287086087,1.00001501660836
33.2,9,0.992695276360919,0.983773667898326,1.00023002190421
33.4,9,0.992844351526851,0.983905545892691,1.00044383477423
33.6,9,0.992973821566722,0.983956816837497,1.0006867031791
33.8,9,0.99308183467909,0.983932269316777,1.00082704224819
34,9,0.993166752391877,0.983952150721961,1.00093531538821
34.2,9,0.993227164904853,0.984024300795189,1.00114600362802
34.4,9,0.993261903265614,0.984099223387479,1.00127201155179
34.6,9,0.9932700482615,0.984158779177447,1.00133447967775
34.8,9,0.993250935966438,0.984096919026834,1.00134620651987
35,9,0.993204159938309,0.983930666685055,1.00137204772662
35.2,9,0.993129570117979,0.983729120547922,1.00136453840623
35.4,9,0.99302726853425,0.983521890982522,1.00130887509979
35.6,9,0.99289760196889,0.983308104628776,1.00113151628971
35.8,9,0.992741151781279,0.983169239222559,1.00107350626853
36,9,0.992558721132552,0.983136625256166,1.00107920394808
36.2,9,0.992351319883431,0.982943856045304,1.00108037726968
36.4,9,0.992120147467965,0.982557724692968,1.00089892994956
36.6,9,0.991866574066581,0.982273072805756,1.00071634945457
36.8,9,0.991592120416159,0.981878928055967,1.00056498483773
37,9,0.991298436602226,0.981504387997125,1.00047383060988
37.2,9,0.990987280179007,0.981068943616317,1.00036917389649
37.4,9,0.990660493957313,0.980546091014236,1.0002077658009
37.6,9,0.990319983788528,0.980220771045054,0.999932295241145
37.8,9,0.989967696655886,0.979568018334493,0.999614699586159
38,9,0.989605599362432,0.97900466824741,0.999251154150158
38.2,9,0.989235658079324,0.978487930769418,0.99888013257061
38.4,9,0.988859818989191,0.977931632641161,0.998728576408192
38.6,9,0.9884799902279,0.977319387129186,0.998591308712394
38.8,9,0.988098025295185,0.976829473044691,0.998383112349692
39,9,0.98771570807079,0.976111280229046,0.998194967846361
39.2,9,0.9873347395389,0.975514629446909,0.998038933249463
39.4,9,0.98695672629035,0.974926469774568,0.997844348072562
39.6,9,0.98658317083994,0.974252719259739,0.99783610213814
39.8,9,0.986215463765771,0.973754268923655,0.997763777618073
40,9,0.985854877649238,0.973436187684048,0.997478072645756
0,10,1.11842798770354,1.09088780846699,1.15241858610036
0.2,10,1.11836640551235,1.09083699548233,1.15230500230194
0.4,10,1.11829645549355,1.09077964904809,1.1521166118668
0.6,10,1.11821725386359,1.09074485108355,1.15188828121526
0.8,10,1.11812785228397,1.09069669801665,1.15163948898658
1,10,1.11802723637774,1.09068736019201,1.1513687622783
1.2,10,1.11791432460563,1.09059050278221,1.15104060985202
1.4,10,1.11778796755116,1.09047329448394,1.15074277571133
1.6,10,1.11764694766433,1.09036303987193,1.15044287287658
1.8,10,1.11748997951346,1.09049482455177,1.15003480624612
2,10,1.11731571059379,1.09040930468202,1.14963010090685
2.2,10,1.11712272274004,1.090462090751,1.14919333566351
2.4,10,1.11690953418763,1.0902949258458,1.14872264087675
2.6,10,1.11667460232422,1.08993709597048,1.14821610884716
2.8,10,1.11641632716907,1.08976126991078,1.14770546266977
3,10,1.11613305561274,1.08945241433639,1.14734231182657
3.2,10,1.11582308644396,1.08909564121898,1.14711242025486
3.4,10,1.11548467618366,1.0888267406513,1.14659443136268
3.6,10,1.11511604573846,1.08842551519236,1.1459248029339
3.8,10,1.11471538787763,1.08848623373887,1.14546521025097
4,10,1.11428087552826,1.08854267693748,1.14505132842972
4.2,10,1.11381067087335,1.08821185303022,1.14461064955258
4.4,10,1.11330293522721,1.08778140637109,1.14406508780144
4.6,10,1.11275583965134,1.08731892026808,1.14365232116509
4.8,10,1.11216757626291,1.08712128102085,1.14313778369348
5,10,1.11153637017607,1.08655900487915,1.14247528766124
5.2,10,1.11086049200515,1.08591856974454,1.14171868442442
5.4,10,1.11013827084711,1.0851712879778,1.14072292432318
5.6,10,1.10936810764978,1.0845948639687,1.13962775668202
5.8,10,1.10854848886197,1.08377272732209,1.13864058891441
6,10,1.1076780002518,1.08305219325656,1.13759441020546
6.2,10,1.10675534077082,1.08255326266853,1.1364850302515
6.4,10,1.10577933633444,1.08181325472574,1.13530791956327
6.6,10,1.10474895338238,1.08095005914102,1.13407290944071
6.8,10,1.10366331207911,1.08000726687435,1.13279781859715
7,10,1.10252169901071,1.0790830320503,1.13145000546801
7.2,10,1.10132357923423,1.07802375172178,1.13002823956249
7.4,10,1.10006860753626,1.07685506898081,1.12853152179517
7.6,10,1.09875663876062,1.07569931079019,1.12678091840415
7.8,10,1.09738773707037,1.0745032726377,1.12487205906552
8,10,1.09596218401617,1.07326893844894,1.12329228483835
8.2,10,1.09448048529282,1.07206767903289,1.12147491823386
8.4,10,1.0929433760764,1.07081956298825,1.11945332238996
8.6,10,1.09135182484798,1.06946210532565,1.11751878257501
8.8,10,1.08970703562418,1.06798883190396,1.11558656317536
9,10,1.08801044853103,1.06657871435103,1.11353893564403
9.2,10,1.0862637386751,1.06506650422039,1.11137559099881
9.4,10,1.08446881328374,1.06359324500594,1.10915538477152
9.6,10,1.08262780710554,1.06209316952682,1.1068756028489
9.8,10,1.08074307608098,1.06055823290104,1.10456663241248
10,10,1.07881718931282,1.05896936769743,1.10216393621577
10.2,10,1.07685291938449,1.05735215937808,1.09974970584775
10.4,10,1.07485323109306,1.05570947778506,1.0973811094762
10.6,10,1.07282126868093,1.05404433715102,1.09512821838534
10.8,10,1.07076034166641,1.05236581705635,1.09260127841112
11,10,1.06867390938817,1.05066364661467,1.0897838230412
11.2,10,1.06656556439159,1.04894221210152,1.08726923612652
11.4,10,1.06443901479619,1.04718160781993,1.08477044018211
11.6,10,1.06229806579254,1.04541025728624,1.08205342249755
11.8,10,1.06014660042402,1.04363614131738,1.0791040179248
12,10,1.0579885598138,1.04184792545749,1.07636292830945
12.2,10,1.05582792299996,1.04009512090559,1.07362360269773
12.4,10,1.05366868654229,1.03841439102774,1.07091425997392
12.6,10,1.0515148440628,1.03670786012705,1.06807331110929
12.8,10,1.04937036587843,1.03501289379752,1.06537820409861
13,10,1.04723917887909,1.03327435667774,1.06269337425951
13.2,10,1.04512514679738,1.03152141745122,1.06006888614901
13.4,10,1.04303205100785,1.02993890775831,1.05746457101409
13.6,10,1.04096357198408,1.02838192927939,1.0548947749155
13.8,10,1.03892327153148,1.02677500458574,1.0523255339081
14,10,1.03691457590229,1.02519579823694,1.04982391507039
14.2,10,1.03494075988768,1.02365472017575,1.04749447947906
14.4,10,1.03300493196977,1.02215445537016,1.04524173235146
14.6,10,1.03111002060449,1.02074333272947,1.04297343678386
14.8,10,1.02925876169453,1.01933280849147,1.04063446167931
15,10,1.02745368730001,1.01796839887524,1.03838568718592
15.2,10,1.02569711562404,1.01666934955457,1.03626090319463
15.4,10,1.0239911423001,1.01544688147958,1.03414867584176
15.6,10,1.02233763299889,1.0142803229399,1.03201865450484
15.8,10,1.02073821736427,1.01306223359671,1.02994639689111
16,10,1.01919428428029,1.01194760348827,1.02796401298646
16.2,10,1.01770697846521,1.01092343979945,1.02604530982211
16.4,10,1.01627719838312,1.00987629127782,1.02429670774163
16.6,10,1.0149055954593,1.00892623682284,1.02257429537743
16.8,10,1.01359257458215,1.00798618850049,1.02073585292416
17,10,1.01233829587192,1.00716316495273,1.01900238345111
17.2,10,1.01114267769455,1.00638264933865,1.01735326379363
17.4,10,1.01000540089755,1.00561021956385,1.01576453599411
17.6,10,1.00892591424399,1.00492441374552,1.01423820586487
17.8,10,1.00790344101996,1.00429043251721,1.0127737220501
18,10,1.00693698679031,1.00369554041444,1.01132765637792
18.2,10,1.00602534827662,1.00315863725722,1.00997176987215
18.4,10,1.00516712333059,1.00264978750021,1.00865665461659
18.6,10,1.00436072197418,1.00221276079727,1.0073961452469
18.8,10,1.00360437847619,1.0017845543294,1.00618851701897
19,10,1.00289616443143,1.00140214955573,1.00504124935862
19.2,10,1.00223400280542,1.00105303206075,1.00393294429642
19.4,10,1.00161568290197,1.00074138438028,1.00288556352764
19.6,10,1.00103887620564,1.0004655084844,1.00187647874988
19.8,10,1.00050115304313,1.000218550899,1.00091412841111
20,10,1,1,1
20.2,10,0.999532838018979,0.99913101293331,0.999806546270051
20.4,10,0.999097041095941,0.998299222957208,0.999636689841701
20.6,10,0.998689955477911,0.997503271366253,0.999490703157881
20.8,10,0.998308919255314,0.99674600688258,0.999365255055732
21,10,0.997951282227869,0.996029981510659,0.999255221150619
21.2,10,0.997614425910544,0.995330937927238,0.999153972664869
21.4,10,0.997295783533013,0.994644479558863,0.999066848779747
21.6,10,0.996992859873571,0.994010247845604,0.998977556687664
21.8,10,0.99670325075671,0.993424348141346,0.998903875388203
22,10,0.996424662033033,0.992854809691454,0.998825349782277
22.2,10,0.996154927851304,0.992241407412845,0.998767169056766
22.4,10,0.995892028025489,0.991674967734453,0.998690920470594
22.6,10,0.995634104295234,0.991158291094114,0.998611039915325
22.8,10,0.995379475276527,0.990667086501286,0.998524748263213
23,10,0.99512664990077,0.990169420615152,0.998454182307602
23.2,10,0.994874339145381,0.989696350240462,0.998388413108312
23.4,10,0.994621465867592,0.989250065069573,0.998315534004979
23.6,10,0.994367172565429,0.98882327265024,0.998202287535847
23.8,10,0.994110826906056,0.98842057458459,0.998109828154202
24,10,0.993852024881698,0.988008306774349,0.997988322627628
24.2,10,0.993590591477089,0.987510616993571,0.997850940072179
24.4,10,0.993326578759638,0.987116583203099,0.99773719560803
24.6,10,0.993060261333907,0.986720506431271,0.997623148973661
24.8,10,0.992792129135188,0.986233176086502,0.997412073250977
25,10,0.992522877572434,0.985835146531059,0.997296968717988
25.2,10,0.992253395067966,0.985463321191543,0.997146340868577
25.4,10,0.991984748079594,0.985088017371255,0.996954432815976
25.6,10,0.991718163729465,0.984716773468476,0.996795279629246
25.8,10,0.991455010202184,0.984283031195963,0.996665480261953
26,10,0.991196775112049,0.983890947012884,0.99650833769779
26.2,10,0.990945042074615,0.983591056168096,0.99639022044581
26.4,10,0.990701465750759,0.983212650500729,0.996231317392703
26.6,10,0.990467745661157,0.982906028333315,0.996126110804424
26.8,10,0.990245599094965,0.982615075670748,0.995981620758255
27,10,0.990036733458083,0.982370952910381,0.995820051504381
27.2,10,0.989842818423025,0.982125597054678,0.995670738000746
27.4,10,0.989665458253866,0.981831886388423,0.995538765134837
27.6,10,0.98950616468555,0.981567466748655,0.995448683532808
27.8,10,0.989366330736939,0.981381934386502,0.995384338583402
28,10,0.989247205831135,0.981337712900164,0.9953206219583
28.2,10,0.989149872584886,0.981211968348711,0.995289272803771
28.4,10,0.989075225611316,0.981033138222171,0.995243922186727
28.6,10,0.989023952657028,0.980908584968588,0.995243017756188
28.8,10,0.988996518366061,0.980818887955117,0.995256924116015
29,10,0.988993150929581,0.980745784070287,0.995291547998274
29.2,10,0.989013831842015,0.98077308862209,0.995346701233099
29.4,10,0.989058288942112,0.980850685933883,0.995412370694877
29.6,10,0.989125992871681,0.980880810925759,0.995510555040308
29.8,10,0.989216157036199,0.980900909528015,0.995629922279141
30,10,0.989327741100777,0.9809646499622,0.995732167141178
30.2,10,0.989459458002942,0.981086266396898,0.995895390654217
30.4,10,0.989609784411009,0.981253038505825,0.99610912495193
30.6,10,0.989776974504477,0.981464870688903,0.996246662670248
30.8,10,0.989959076901634,0.981729236861485,0.996447190060472
31,10,0.990153954510302,0.981909983741573,0.996689895351783
31.2,10,0.990359307031335,0.982047610678405,0.996933318382077
31.4,10,0.990572695801836,0.982196914366291,0.997123292079189
31.6,10,0.990791570627079,0.982373468456257,0.997367761186694
31.8,10,0.991013298217397,0.982524571632555,0.997730751163738
32,10,0.991235191819751,0.982644786161796,0.997993973871482
32.2,10,0.991454541613707,0.98280712887412,0.998273269718975
32.4,10,0.991668645428861,0.982886266743009,0.998610159063366
32.6,10,0.991874839335512,0.983015289375726,0.998883547655287
32.8,10,0.992070527663044,0.983059831444689,0.999107572577132
33,10,0.992253212010846,0.983099683345387,0.99935667441811
33.2,10,0.992420518834858,0.983175853367815,0.999552315306017
33.4,10,0.992570225218416,0.98327464284038,0.999734300785539
33.6,10,0.99270028246873,0.98339258606202,0.999991036460368
33.8,10,0.992808837219323,0.983507958074813,1.00018704452067
34,10,0.992894249763343,0.983519689215038,1.00040405913284
34.2,10,0.992955109391896,0.983501086167082,1.00047384837669
34.4,10,0.992990246564377,0.983496752309679,1.00064627071222
34.6,10,0.992998741793118,0.983369076373319,1.00067870688635
34.8,10,0.992979931181233,0.983243911292505,1.00073781292757
35,10,0.992933408609263,0.983224257640949,1.00077633093671
35.2,10,0.992859024621698,0.983222305984174,1.00081671610589
35.4,10,0.992756882117733,0.983214023610146,1.00082119583989
35.6,10,0.992627329000452,0.983126779292361,1.00067413133203
35.8,10,0.992470947984132,0.983043614532088,1.00061187731104
36,10,0.992288543799662,0.982807686560116,1.00056037554308
36.2,10,0.992081128072486,0.982622123335437,1.00041378107986
36.4,10,0.991849902175463,0.982431452291269,1.00013999706247
36.6,10,0.991596238380278,0.982101028584396,1.00000411047165
36.8,10,0.991321659645361,0.981809861695198,0.999772420617854
37,10,0.991027818385626,0.981443074358791,0.999622125875496
37.2,10,0.990716474570042,0.981014967679177,0.999344313261247
37.4,10,0.990389473487219,0.980529947563106,0.999270912429671
37.6,10,0.990048723507541,0.979784387856523,0.999135707526179
37.8,10,0.989696174153212,0.979118209141849,0.998977505480625
38,10,0.989333794765854,0.978643987220886,0.998689304704078
38.2,10,0.98896355403547,0.978011461395925,0.998445014368595
38.4,10,0.98858740062564,0.977613766627072,0.998189053147273
38.6,10,0.98820724509848,0.977010853697175,0.997883739754577
38.8,10,0.987824943309882,0.976226591768967,0.99768057853315
39,10,0.987442281411814,0.975402335127326,0.997514128009704
39.2,10,0.987060962564488,0.974907238234715,0.997313694238475
39.4,10,0.986682595427951,0.974288510880561,0.997191729010028
39.6,10,0.986308684470412,0.973751776885534,0.997065894755449
39.8,10,0.985940622100244,0.973070345907761,0.99693831367972
40,10,0.98557968260025,0.972582528881772,0.996874157467933
0,11,1.09319036354603,1.03757082207762,1.12948149803925
0.2,11,1.09313166252643,1.03760633606464,1.12940525704071
0.4,11,1.09306536992001,1.03750444328876,1.12931963596706
0.6,11,1.09299071339994,1.0374352935507,1.12921102576799
0.8,11,1.09290686672325,1.03744128519116,1.12900878521556
1,11,1.09281294878237,1.03748910339978,1.12882001576373
1.2,11,1.09270802299249,1.03741060864418,1.1286752817964
1.4,11,1.09259109705688,1.03738938942596,1.12851046229672
1.6,11,1.09246112315184,1.03733912471549,1.12829729423399
1.8,11,1.092316998573,1.03728127546509,1.12803418893336
2,11,1.09215756688278,1.03723800132277,1.12771109972429
2.2,11,1.09198161959763,1.03718527966378,1.12751939761575
2.4,11,1.09178789845059,1.03712217100158,1.12727408142794
2.6,11,1.09157509826174,1.03696893683025,1.12691729815546
2.8,11,1.09134187044478,1.03681439648943,1.12643787166668
3,11,1.09108682717328,1.03676957051275,1.12598120646083
3.2,11,1.09080854622447,1.03671083919122,1.12553622592274
3.4,11,1.09050557651195,1.03661560312029,1.12506546073803
3.6,11,1.09017644431182,1.0365808804281,1.12456783754013
3.8,11,1.08981966017856,1.0365733380906,1.12401020008006
4,11,1.08943372653902,1.0365206584769,1.12316937546746
4.2,11,1.08901714594355,1.03629922068043,1.122721475773
4.4,11,1.0885684299442,1.03601741208824,1.12229893968343
4.6,11,1.08808610856004,1.03561519518416,1.1215882047847
4.8,11,1.08756874027989,1.03518702076409,1.12082456356797
5,11,1.08701492254282,1.03487725262341,1.12004685586848
5.2,11,1.08642330262684,1.03446603047962,1.11926388748181
5.4,11,1.08579258886707,1.03405897034402,1.1184311941188
5.6,11,1.08512156211507,1.03357996256537,1.11757947774657
5.8,11,1.0844090873432,1.03309525127002,1.1167064404194
6,11,1.08365412528996,1.03266891133372,1.11583767780541
6.2,11,1.08285574403578,1.0322389950009,1.11485329266949
6.4,11,1.08201313039351,1.03178521151259,1.11387495060171
6.6,11,1.08112560099352,1.03130733517065,1.11283812754754
6.8,11,1.08019261294113,1.03080524347245,1.11149503517946
7,11,1.07921377392277,1.03033554989748,1.11024029273313
7.2,11,1.0781888516383,1.0297489145246,1.10882425867135
7.4,11,1.07711778243915,1.02910649900562,1.10720860425248
7.6,11,1.07600067905645,1.0284371763946,1.10577837949588
7.8,11,1.07483783730924,1.0278429425009,1.10436658675549
8,11,1.07362974169087,1.02719169205331,1.10284735775916
8.2,11,1.07237706974099,1.02650416126093,1.10121762949677
8.4,11,1.07108069512202,1.02585744823114,1.09959188518511
8.6,11,1.06974168933125,1.02503600233654,1.0979504399112
8.8,11,1.06836132199379,1.02416454777166,1.09622019905127
9,11,1.06694105969643,1.02334608364287,1.09446843987711
9.2,11,1.06548256333819,1.0225924928549,1.09275382934126
9.4,11,1.06398768399,1.02187367782109,1.09084002295399
9.6,11,1.06245845727201,1.02109322950575,1.08872740817961
9.8,11,1.06089709627453,1.02026681810337,1.08691970128483
10,11,1.05930598306442,1.01943426282044,1.08487537260903
10.2,11,1.05768765883517,1.01860452762091,1.08261349810993
10.4,11,1.05604481277377,1.01777917811716,1.08065797085997
10.6,11,1.05438026973194,1.01691202674453,1.0785016269979
10.8,11,1.05269697680195,1.01603017475095,1.0765165951044
11,11,1.05099798890887,1.01514992195711,1.07453746991045
11.2,11,1.04928645354079,1.01437870762628,1.07248690223364
11.4,11,1.04756559474657,1.01375881257885,1.07036953645615
11.6,11,1.04583869653715,1.0131449047181,1.06824366762546
11.8,11,1.04410908583023,1.01237355945292,1.06599724214614
12,11,1.04238011508085,1.01155178525427,1.06378964613642
12.2,11,1.04065514474071,1.0107912344114,1.06157052155568
12.4,11,1.03893752568753,1.01003621139065,1.05931050866105
12.6,11,1.03723058176255,1.00934127911315,1.05712058384996
12.8,11,1.03553759254963,1.0087391206548,1.05493904020487
13,11,1.03386177652284,1.00804249865345,1.05264806381142
13.2,11,1.0322062746819,1.00736942052726,1.0503784859155
13.4,11,1.03057413478633,1.0066829465995,1.04813523338364
13.6,11,1.02896829628909,1.00605568502848,1.04596812113143
13.8,11,1.02739157606091,1.00545705649885,1.04382409289105
14,11,1.02584665498508,1.00482575362522,1.0417163520034
14.2,11,1.02433606549213,1.00415415091828,1.03958981956108
14.4,11,1.02286218009256,1.00357573290037,1.03745886032594
14.6,11,1.02142720095522,1.00304793039101,1.03538239832503
14.8,11,1.02003315056848,1.00255914536186,1.03336201121155
15,11,1.01868186351154,1.00206085155407,1.03133838626617
15.2,11,1.01737497935432,1.00167640354397,1.02939539916422
15.4,11,1.01611393669563,1.00130284379706,1.02751121126511
15.6,11,1.01489996834253,1.00092598163474,1.02568226182509
15.8,11,1.0137340976269,1.00054947849172,1.02383786889122
16,11,1.01261713585002,1.00019787647408,1.02201096489691
16.2,11,1.01154968084168,0.999856139122572,1.02032138021764
16.4,11,1.01053211661684,0.999664721300771,1.01864775830847
16.6,11,1.00956461411038,0.999425132651288,1.01711902811354
16.8,11,1.00864713296909,0.999263752474418,1.01562587224048
17,11,1.00777942437921,0.999163296437183,1.0141898976189
17.2,11,1.00696103490751,0.9990177908229,1.01280427017867
17.4,11,1.0061913113345,0.998976720286403,1.01150313091201
17.6,11,1.00546940645902,0.998960421756974,1.01030591901766
17.8,11,1.00479428585413,0.998946294657834,1.00918728254929
18,11,1.00416473555531,0.998963656044878,1.00807134001883
18.2,11,1.00357937066251,0.999018328289602,1.00699597963358
18.4,11,1.0030366448379,0.999078493644959,1.00602672178344
18.6,11,1.00253486068064,0.999142702831768,1.00513280260735
18.8,11,1.00207218095932,0.999226939626218,1.00425292095842
19,11,1.00164664068015,0.99931692162601,1.0034325100706
19.2,11,1.00125615996648,0.999434061481719,1.00266764487587
19.4,11,1.00089855772062,0.999559185302463,1.00194367293878
19.6,11,1.00057156603356,0.999697729925638,1.00125431626502
19.8,11,1.00027284530152,0.999845422024129,1.00061382263789
20,11,1,1,1
20.2,11,0.999750595056757,0.999416803347593,1.00015840764571
20.4,11,0.999522172754574,0.998861980576944,1.00031126586989
20.6,11,0.999312270083124,0.998331067573262,1.00046935425016
20.8,11,0.99911843644672,0.997829514724425,1.00064005333347
21,11,0.998938251621721,0.997354219574544,1.00078776833326
21.2,11,0.998769343843887,0.996895475212097,1.00095363981583
21.4,11,0.998609407892495,0.99644892907216,1.00110807835468
21.6,11,0.998456223024883,0.996021332682557,1.0012435215889
21.8,11,0.998307670602632,0.995600926824824,1.00138128361322
22,11,0.998161751239272,0.995204156031762,1.00148350453803
22.2,11,0.998016601289623,0.994830795045134,1.00156677326593
22.4,11,0.997870508493066,0.99444133625587,1.00164530662156
22.6,11,0.997721926577594,0.994052255707137,1.00173470278239
22.8,11,0.997569488628855,0.993659950553633,1.00181932248742
23,11,0.997412019028807,0.993288690111759,1.00188700582729
23.2,11,0.997248543772499,0.992875534893341,1.00192052120446
23.4,11,0.997078298978972,0.992530606486636,1.00191496528212
23.6,11,0.996900737423603,0.992146851635722,1.00186933743541
23.8,11,0.996715532934413,0.991778609503546,1.00183662706409
24,11,0.996522582513904,0.991428580638214,1.00181739565172
24.2,11,0.996322006070848,0.991056318041838,1.00174323433374
24.4,11,0.996114143672799,0.990717055483701,1.00166357715653
24.6,11,0.995899550259697,0.990362356277627,1.00162132099576
24.8,11,0.995678987791431,0.989951056348298,1.00152953679697
25,11,0.995453414836963,0.989616369567559,1.00135185596096
25.2,11,0.995223973649244,0.989218095412647,1.00125601316015
25.4,11,0.994991974807846,0.988852672218472,1.00115601308734
25.6,11,0.994758879549469,0.988529515233962,1.00107196939441
25.8,11,0.994526279944388,0.98821646082004,1.00099542414087
26,11,0.994295877113912,0.987836206711934,1.00090619527635
26.2,11,0.994069457719121,0.987525224692208,1.00075754219892
26.4,11,0.99384886898402,0.987265810027508,1.00062060710004
26.6,11,0.993635992545875,0.9869171810286,1.00059815363693
26.8,11,0.993432717451489,0.986639201182925,1.0005258812567
27,11,0.993240912639766,0.986301641306935,1.00036417667873
27.2,11,0.993062399267747,0.986075833298218,1.00028180659614
27.4,11,0.992898923248884,0.98592441021806,1.0001973663799
27.6,11,0.992752128378382,0.985795840288958,1.00010127985393
27.8,11,0.992623530420748,0.985689630346272,0.999993606056873
28,11,0.992514492529132,0.98559225799486,0.99984572496983
28.2,11,0.992426202354564,0.985500331978966,0.999745617973381
28.4,11,0.992359651185944,0.985425488217159,0.999651462162936
28.6,11,0.992315615438701,0.985381290795728,0.999614377023254
28.8,11,0.992294640781754,0.985310437189012,0.999601653349765
29,11,0.992297029159068,0.985288544899094,0.999598247674536
29.2,11,0.992322828924177,0.98528811688957,0.999677593700258
29.4,11,0.992371828264023,0.985273724337688,0.99982403836663
29.6,11,0.992443552042943,0.985309740132549,0.999977784743701
29.8,11,0.992537262149247,0.985345895174626,1.00014769924238
30,11,0.992651961376276,0.985332828677451,1.00029112235294
30.2,11,0.9927864008179,0.985332487780102,1.00058722191822
30.4,11,0.992939090705859,0.985372790540114,1.00079369491532
30.6,11,0.993108314564067,0.98547295246114,1.00103145378817
30.8,11,0.993292146503796,0.98567900145114,1.00127599061242
31,11,0.993488471434478,0.985820109913041,1.00146164494579
31.2,11,0.993695007918512,0.986033674572517,1.00162867676659
31.4,11,0.993909333355907,0.986229785147824,1.0018505174174
31.6,11,0.994128911146552,0.986419449309292,1.00211956700996
31.8,11,0.994351119445264,0.986554882142679,1.00236458232251
32,11,0.994573281098167,0.986652470266306,1.00262057138697
32.2,11,0.994792694329072,0.986662165880033,1.00294247733159
32.4,11,0.995006663731796,0.986700840207155,1.003150859435
32.6,11,0.995212531119264,0.986788952952885,1.00351911060323
32.8,11,0.995407705782873,0.986977778656891,1.0036802230226
33,11,0.995589693726158,0.987007701578946,1.00391192955672
33.2,11,0.995756125455066,0.987168466861968,1.00403192146942
33.4,11,0.995904781932942,0.987240633786675,1.00426760813631
33.6,11,0.996033618341082,0.987312249236207,1.00439591007432
33.8,11,0.996140785324893,0.987348878864415,1.00449057090084
34,11,0.99622464745045,0.987387807786015,1.00454117961907
34.2,11,0.996283798645654,0.987393981310629,1.00466313515346
34.4,11,0.996317074453241,0.987444864901332,1.00475396379635
34.6,11,0.996323560978385,0.987443454617124,1.0047683364943
34.8,11,0.996302600470465,0.987398538272008,1.00475832630382
35,11,0.996253793535372,0.987302898790633,1.00469568737871
35.2,11,0.996176998030506,0.987176388054534,1.00467770700389
35.4,11,0.996072324747945,0.987023189589748,1.00462280660308
35.6,11,0.995940130041332,0.986904937662616,1.00453133827722
35.8,11,0.995781005597591,0.986672639054395,1.00437685680943
36,11,0.995595765595036,0.98643841457328,1.00416142494523
36.2,11,0.995385431523884,0.986304992718459,1.00403269563668
36.4,11,0.995151214973248,0.986148675985896,1.00376288915459
36.6,11,0.994894498709933,0.985848771032704,1.00352664474032
36.8,11,0.994616816388672,0.985609786869228,1.00333587667717
37,11,0.994319831240792,0.985379709840632,1.0030802039823
37.2,11,0.994005314088898,0.985041542024415,1.00289391983796
37.4,11,0.993675121029307,0.984589888384898,1.00268300263337
37.6,11,0.99333117111217,0.984081749051273,1.00239797729261
37.8,11,0.99297542433198,0.983541969508879,1.00233395112428
38,11,0.992609860219269,0.983077965596976,1.00213346660748
38.2,11,0.992236457298358,0.98268653184827,1.00196214306271
38.4,11,0.991857173646935,0.98207685964801,1.00184423849806
38.6,11,0.991473928761697,0.981602852555991,1.00174979698688
38.8,11,0.991088586901213,0.981193371730724,1.0017095682746
39,11,0.990702942043165,0.980904285519029,1.00150598908279
39.2,11,0.990318704559119,0.980316275046671,1.00134481805279
39.4,11,0.989937489676476,0.979815336525088,1.00119187855681
39.6,11,0.98956080776496,0.979220602359013,1.00117882781604
39.8,11,0.98919005645446,0.978684535434871,1.00108449084742
40,11,0.98882651456258,0.978064374267255,1.00094774739335
0,12,1.03222890152167,0.996403245986862,1.09229049030986
0.2,12,1.03219549605865,0.996478423960867,1.09204282042248
0.4,12,1.03215817608978,0.996543447530651,1.09172002781287
0.6,12,1.03211658298034,0.996622458209071,1.09137622504855
0.8,12,1.03207033701499,0.996690031165757,1.09117120596959
1,12,1.03201903748509,0.99678797811188,1.09100708632145
1.2,12,1.03196226295187,0.996873245722917,1.09064989234723
1.4,12,1.03189957170039,0.996961561916746,1.09037092363975
1.6,12,1.03183050239888,0.997014348545206,1.09025713443908
1.8,12,1.0317545749769,0.997093534633056,1.09013071069212
2,12,1.03167129173449,0.99718752539636,1.0899905492209
2.2,12,1.03158013869316,0.997401420653532,1.08982457187351
2.4,12,1.03148058719748,0.997436334825221,1.08966500443433
2.6,12,1.03137209577417,0.997472987813208,1.08947752699164
2.8,12,1.03125411225309,0.997470959089835,1.08927097629149
3,12,1.03112607615197,0.997459053086137,1.08896504214406
3.2,12,1.03098742132387,0.997480839317946,1.08856502204507
3.4,12,1.0308375788631,0.997537535689969,1.08831747948137
3.6,12,1.03067598026237,0.997628408757891,1.08804459336644
3.8,12,1.03050206081013,0.997784126686407,1.08774471971592
4,12,1.03031526321391,0.997862795904549,1.08731912741995
4.2,12,1.03011504143146,0.997906130301938,1.08688863480922
4.4,12,1.02990086468822,0.99779303088642,1.08651921091806
4.6,12,1.02967222165583,0.99782744060704,1.08606635406337
4.8,12,1.02942862476312,0.997998158827854,1.08549722248478
5,12,1.02916961460742,0.997857050631146,1.08501202899058
5.2,12,1.02889476443131,0.997868480069168,1.08428761678617
5.4,12,1.02860368462676,0.997912815610164,1.08364760844629
5.6,12,1.0282960272265,0.997844179849313,1.08299616930167
5.8,12,1.02797149034002,0.997787389931741,1.08229991775049
6,12,1.02762982249053,0.997711013968323,1.08155770133636
6.2,12,1.02727082680753,0.997531745354579,1.08079382123632
6.4,12,1.02689436502968,0.997371941463722,1.07990173112623
6.6,12,1.02650036127233,0.997420733743752,1.07895698055374
6.8,12,1.02608880551486,0.997456834729648,1.07796646534124
7,12,1.02565975676439,0.997523048055399,1.07691614107142
7.2,12,1.02521334585418,0.99746582090525,1.0757282753953
7.4,12,1.02474977783754,0.997353441585379,1.07459723153867
7.6,12,1.02426933394154,0.997394144253317,1.0734488928327
7.8,12,1.02377237304794,0.997214383940369,1.07233193618271
8,12,1.02325933267362,0.997063864432036,1.07116809108665
8.2,12,1.02273072942696,0.997029044068362,1.06995786923317
8.4,12,1.02218715892201,0.996852664875782,1.06870199093784
8.6,12,1.02162929513754,0.996640726891076,1.06739199757726
8.8,12,1.02105788921383,0.996481216064521,1.06592505057804
9,12,1.02047376768579,0.996392378648208,1.06442259433154
9.2,12,1.01987783015683,0.9961554616181,1.06289306551274
9.4,12,1.01927104642389,0.995938304435884,1.06133009509039
9.6,12,1.01865445306954,0.99580962564043,1.05962713384403
9.8,12,1.01802914954261,0.995665090073277,1.05794082250909
10,12,1.01739629375401,0.995327167668002,1.05625212665317
10.2,12,1.01675709721916,0.99526988116288,1.05476500500243
10.4,12,1.0161128197825,0.995039521507619,1.0531816923839
10.6,12,1.01546476396362,0.994926348036746,1.05146505103303
10.8,12,1.01481426896748,0.994665553701342,1.04967993785636
11,12,1.01416270440363,0.994555745427928,1.04783744095676
11.2,12,1.01351146376137,0.994347609457871,1.04635300556086
11.4,12,1.01286195768877,0.994081081133716,1.04475150525282
11.6,12,1.01221560712399,0.993927002728119,1.04304228249792
11.8,12,1.011573836327,0.993843596409115,1.04142287033866
12,12,1.01093806585937,0.993741104774228,1.03969339954362
12.2,12,1.01030970555772,0.993579782383276,1.03808268257038
12.4,12,1.00969014754506,0.993474523455219,1.03644403510139
12.6,12,1.00908075932143,0.993334611582589,1.03477624876558
12.8,12,1.00848287697252,0.993332545514331,1.03314478665889
13,12,1.00789779853189,0.993338354583865,1.0316362005644
13.2,12,1.00732677752892,0.993259436713721,1.03025095332828
13.4,12,1.00677101675123,0.993126799762774,1.02877009527597
13.6,12,1.00623166224674,0.993092625142266,1.02719313648252
13.8,12,1.00570979758729,0.993022293367793,1.02583866469435
14,12,1.00520643841221,0.992925343301518,1.02444000432658
14.2,12,1.00472252726747,0.99292451214865,1.0230180065533
14.4,12,1.00425892875333,0.992902762065984,1.02177698687879
14.6,12,1.00381642499106,0.992905382296364,1.02051275727502
14.8,12,1.00339571141775,0.992973658725016,1.01914051362071
15,12,1.00299739291679,0.993075717789636,1.0177917386
15.2,12,1.00262198029099,0.993251764690266,1.01649085535896
15.4,12,1.00226988708535,0.993344645972351,1.01522966064756
15.6,12,1.00194142676676,0.993473724345296,1.01400996529284
15.8,12,1.00163681026903,0.993699130869613,1.01289901402215
16,12,1.00135614391346,0.993867700785765,1.01181871159527
16.2,12,1.00109942771674,0.993997253649821,1.0108012540066
16.4,12,1.000866554101,0.99419900161122,1.00984116299852
16.6,12,1.00065730702311,0.99439725678127,1.00895880673094
16.8,12,1.00047136154385,0.994675672344888,1.00811637760003
17,12,1.00030828386016,0.994940092519825,1.00729087846952
17.2,12,1.00016753182719,0.99524228012448,1.00649966293767
17.4,12,1.00004845599959,0.995507979268334,1.0057768172858
17.6,12,0.999950301223998,0.995739573657365,1.00510244633066
17.8,12,0.999872208816907,0.996047450833212,1.00451410851667
18,12,0.999813219363477,0.996395462959077,1.00391062689139
18.2,12,0.999772276173427,0.996735320241897,1.00334116797789
18.4,12,0.999748229429908,0.997079362247921,1.00286331592523
18.6,12,0.999739841065736,0.997427253299084,1.00239603639569
18.8,12,0.999745790398712,0.997794055340518,1.00196276867355
19,12,0.999764680553689,0.99817083199379,1.00158107806254
19.2,12,0.999795045693578,0.998550686457397,1.00120213953469
19.4,12,0.999835359074451,0.99891727793708,1.00086019858305
19.6,12,0.999884041931394,0.99927784530872,1.0005483578012
19.8,12,0.999939473191639,0.999640551359737,1.00026566127599
20,12,1,1,1
20.2,12,1.00006394902859,0.999752258623128,1.00034968604296
20.4,12,1.00012963852867,0.999512375310368,1.00069014626043
20.6,12,1.00019539106701,0.999284987000357,1.00103143015072
20.8,12,1.00025954687323,0.999083116506288,1.00136287699196
21,12,1.00032047770744,0.998889769650426,1.00169163573605
21.2,12,1.00037660114097,0.998693725103391,1.00201964795657
21.4,12,1.0004263951255,0.998513058848314,1.00231385975197
21.6,12,1.00046841271004,0.998344352002666,1.00262761317521
21.8,12,1.00050129674904,0.99817513853951,1.00293385043695
22,12,1.00052379443125,0.997970269088581,1.00321412015213
22.2,12,1.00053477144601,0.997777509368178,1.00346123457769
22.4,12,1.00053322559378,0.997603896285381,1.00368523723967
22.6,12,1.00051829963975,0.997410655742338,1.00387355960028
22.8,12,1.00048929320506,0.997233958750007,1.00401297531492
23,12,1.00044567348869,0.99700935148868,1.0041452554848
23.2,12,1.00038708461571,0.996784463637865,1.00428629573247
23.4,12,1.00031335541367,0.99659652407689,1.00442492114272
23.6,12,1.00022450542953,0.996385057118896,1.00449672707711
23.8,12,1.00012074901391,0.996142987785904,1.00452672613123
24,12,1.00000249731798,0.995931360561622,1.00453492577157
24.2,12,0.999870358071109,0.995651181361859,1.00448979644244
24.4,12,0.999725133033373,0.995341499804918,1.00449311979013
24.6,12,0.999567813047078,0.995079596142775,1.00441313960742
24.8,12,0.999399570643984,0.99479464438871,1.00437192648641
25,12,0.999221750200261,0.994525598926433,1.00434170960684
25.2,12,0.999035855668319,0.994258796588254,1.00426387260439
25.4,12,0.9988435359531,0.993988720989954,1.00425256314595
25.6,12,0.998646568039377,0.993714693772598,1.00410547978338
25.8,12,0.998446838015436,0.993454505503237,1.00400837215207
26,12,0.998246320176398,0.993202405198041,1.00384920184813
26.2,12,0.998047054426646,0.992958861377622,1.00367036642002
26.4,12,0.997851122234614,0.992661355276113,1.00353906240344
26.6,12,0.997660621423927,0.992425506518164,1.00339793113941
26.8,12,0.997477640111764,0.992196765233487,1.00330210846287
27,12,0.997304230127974,0.991975459231354,1.00315430544754
27.2,12,0.997142380266211,0.991757773536999,1.0030470693472
27.4,12,0.996993989730865,0.991617699571794,1.002941637155
27.6,12,0.996860842150491,0.991481985292525,1.00290961273088
27.8,12,0.996744580529534,0.99128386212555,1.00284340430095
28,12,0.996646683505351,0.991181878064728,1.00285480213751
28.2,12,0.99656844326669,0.990966747355404,1.00284880281421
28.4,12,0.996510945473148,0.990809709969791,1.00280778359584
28.6,12,0.996475051492699,0.990859844183638,1.00286909846815
28.8,12,0.996461383246537,0.99081820639105,1.00289492491707
29,12,0.99647031091749,0.990796713125417,1.00299749301972
29.2,12,0.996501943740673,0.990852409285641,1.00311159849139
29.4,12,0.996556124053185,0.990835066233979,1.00317309685764
29.6,12,0.996632424734353,0.990817156791852,1.00328102971691
29.8,12,0.996730150119692,0.990835463064331,1.00350365821724
30,12,0.99684834042127,0.990868376699905,1.00371625400127
30.2,12,0.996985779635227,0.990921262624043,1.00386701328852
30.4,12,0.997141006864598,0.991145686520586,1.00400052637825
30.6,12,0.997312330933251,0.991295894162069,1.00419488329292
30.8,12,0.997497848115463,0.991460998020639,1.00442356963753
31,12,0.997695462756343,0.991615738096811,1.00474643498063
31.2,12,0.997902910511911,0.99181281749866,1.00503666859367
31.4,12,0.998117783894909,0.99195972763827,1.00528995654219
31.6,12,0.99833755977434,0.992115280849701,1.00566884480596
31.8,12,0.998559628443964,0.99231073703681,1.00593425961599
32,12,0.998781323848338,0.992413118415129,1.00620641558573
32.2,12,0.998999954535033,0.992533485084629,1.00652113568322
32.4,12,0.999212834888955,0.992703496819359,1.00677632471508
32.6,12,0.999417316199538,0.992870839554343,1.00705198901781
32.8,12,0.999610817114322,0.993096748404647,1.00735442645034
33,12,0.999790853042989,0.993154548070163,1.00761658966898
33.2,12,0.999955064094343,0.993221827446478,1.00774536002321
33.4,12,1.00010124115455,0.993309281382175,1.00805649171145
33.6,12,1.00022734974796,0.993389234617564,1.00819561384528
33.8,12,1.00033155136096,0.993449152809217,1.00837744454719
34,12,1.0004122219545,0.993421604760816,1.00851830041593
34.2,12,1.00046796744028,0.99338961526871,1.00862108144552
34.4,12,1.00049763594883,0.993452403845794,1.00869480737405
34.6,12,1.00050032677348,0.993441023630085,1.00867013834975
34.8,12,1.00047539593121,0.993354320260061,1.00874892430864
35,12,1.00042245833808,0.993243997202631,1.00878236613315
35.2,12,1.00034138665312,0.993038115072958,1.00868001647489
35.4,12,1.00023230689788,0.992812438116805,1.00858879229696
35.6,12,1.00009559100893,0.992615304619072,1.00854759544793
35.8,12,0.999931846526338,0.992390254998092,1.00860529843782
36,12,0.999741903661481,0.992179800324027,1.00847509381423
36.2,12,0.999526800022192,0.991876087728178,1.00826116511945
36.4,12,0.999287763301066,0.991604339699633,1.0079822043563
36.6,12,0.999026192254099,0.991244282479436,1.00768823259899
36.8,12,0.998743636310988,0.990830324887512,1.00757697925831
37,12,0.99844177416569,0.990402867492598,1.00732013579617
37.2,12,0.998122391696328,0.989992052440147,1.00711392923465
37.4,12,0.997787359557513,0.989404962796708,1.00688040441136
37.6,12,0.997438610776215,0.988897902100696,1.00671051535139
37.8,12,0.997078118664923,0.988392166049311,1.00647285145014
38,12,0.996707875343736,0.987975736238579,1.00623617039385
38.2,12,0.996329871136975,0.987476801925701,1.00597065742794
38.4,12,0.995946075080571,0.986954059577152,1.00559606215104
38.6,12,0.995558416744842,0.986345559013525,1.00529956961698
38.8,12,0.995168769543984,0.985628368170704,1.00522677045384
39,12,0.994778935669473,0.985062722879598,1.0048619289919
39.2,12,0.994390632750417,0.984360986647927,1.00470597188989
39.4,12,0.99400548231025,0.983613968209409,1.00450255734653
39.6,12,0.993625000056785,0.982802755357187,1.00430463438781
39.8,12,0.993250588011936,0.982391071247368,1.00408958641823
40,12,0.992883528458948,0.98165135293096,1.00384076742011
0,13,1.00521109812422,0.975211721827713,1.04925486712766
0.2,13,1.00520759860535,0.975360781123106,1.04936753773982
0.4,13,1.00520329905665,0.97549463784942,1.0494356957907
0.6,13,1.00519810195846,0.975570649191193,1.04931808793736
0.8,13,1.00519190287518,0.975782635639001,1.0491902538972
1,13,1.0051845904127,0.975901198232101,1.0490515576877
1.2,13,1.00517604622824,0.975918348938569,1.04890135039197
1.4,13,1.00516614509736,0.975928210047654,1.0487389727176
1.6,13,1.00515475504288,0.975871125018747,1.04856375783705
1.8,13,1.00514173753,0.975873666984183,1.04837503450463
2,13,1.00512694773161,0.975962695981628,1.04826489175861
2.2,13,1.00511023486749,0.976101222484209,1.0480725656134
2.4,13,1.00509144262047,0.976271916127017,1.04775131769494
2.6,13,1.00507040963208,0.976469792726745,1.04747167364803
2.8,13,1.00504697007965,0.976607635873639,1.04720543543701
3,13,1.00502095433616,0.976805221251265,1.04696136792289
3.2,13,1.00499218971307,0.977048263846069,1.0466209638686
3.4,13,1.00496050128615,0.977184505030122,1.04647013036556
3.6,13,1.00492571280269,0.97729589059327,1.04624946586215
3.8,13,1.00488764766829,0.977413685096723,1.04583199193013
4,13,1.00484613001012,0.977351508685923,1.04535303076875
4.2,13,1.00480098581251,0.977526972889961,1.04508822736092
4.4,13,1.00475204412014,0.977712432975823,1.04483883351231
4.6,13,1.00469913830291,0.977908072722448,1.04443521072762
4.8,13,1.0046421073756,0.978109245927166,1.04385849794257
5,13,1.00458079736474,0.978270778693099,1.04333745931177
5.2,13,1.00451506271416,0.978511701409995,1.04269103918873
5.4,13,1.00444476771994,0.978606867238183,1.04225847121487
5.6,13,1.00436978798471,0.978777284218359,1.04180453402328
5.8,13,1.00429001188073,0.978933671577579,1.04121626239687
6,13,1.0042053420107,0.979142170898104,1.04061319307968
6.2,13,1.00411569665457,0.979326367931135,1.04011163950739
6.4,13,1.00402101119075,0.979491308532275,1.03959011899994
6.6,13,1.00392123947941,0.979662688637643,1.03908189783148
6.8,13,1.00381635519613,0.979838794468412,1.03846083999909
7,13,1.00370635310358,0.980020154584566,1.03761733014488
7.2,13,1.00359125024958,0.980208101742555,1.03692037083089
7.4,13,1.00347108708009,0.98044988611028,1.03636475328153
7.6,13,1.0033459284559,0.980749663779532,1.0357944616016
7.8,13,1.00321586456269,0.981034568120791,1.03520561017031
8,13,1.00308101170447,0.981299132665483,1.034657897981
8.2,13,1.00294151297143,0.98158478015685,1.03387231109292
8.4,13,1.00279753877367,0.982092443285731,1.03302975463552
8.6,13,1.00264928723358,0.982392396637841,1.03224237603784
8.8,13,1.00249698443032,0.982616172933724,1.03146384868971
9,13,1.0023408844907,0.982968190807884,1.03064941318674
9.2,13,1.00218126952204,0.983358841814739,1.02981921772782
9.4,13,1.00201844938319,0.983635853065341,1.02897479391883
9.6,13,1.00185276129112,0.983765035310522,1.0281342405484
9.8,13,1.00168456926109,0.983983422071132,1.02729728799379
10,13,1.00151426337947,0.984189061336955,1.02638696724624
10.2,13,1.00134225890896,0.984371570930266,1.02581420146135
10.4,13,1.00116899522654,0.984703832585693,1.02516116332813
10.6,13,1.00099493459532,0.984701320770105,1.0242865020577
10.8,13,1.00082056077166,0.984976049656444,1.02335227417617
11,13,1.00064637744966,0.985104803887811,1.02243841011101
11.2,13,1.00047290654526,0.985261046271712,1.02152880959021
11.4,13,1.00030068632245,0.985559023592923,1.02062144686386
11.6,13,1.00013026936446,0.985864704128197,1.01970278659058
11.8,13,0.999962220392566,0.986074597193864,1.01893275455248
12,13,0.999797113935796,0.986392946399565,1.0181167608707
12.2,13,0.999635531854272,0.986603718822785,1.01717813389771
12.4,13,0.999478060719545,0.986923720086596,1.01624170828497
12.6,13,0.999325289055104,0.987164677193055,1.01538633574684
12.8,13,0.999177804440554,0.987282109104367,1.01449613048841
13,13,0.999036190483247,0.987645162976716,1.01374135679998
13.2,13,0.998901023661546,0.987916405496942,1.01300775320982
13.4,13,0.998772870044539,0.988215350700387,1.01240411717394
13.6,13,0.998652281893751,0.988498358418265,1.01179101607661
13.8,13,0.998539794153429,0.988756983002449,1.01100545171442
14,13,0.998435920837227,0.989061163137951,1.01036385645375
14.2,13,0.998341151320593,0.989385636302173,1.00972289680219
14.4,13,0.998255946549983,0.989542948474054,1.00911240647982
14.6,13,0.998180735182112,0.989789291212047,1.00844158714292
14.8,13,0.998115909668804,0.990078852065647,1.00777575607852
15,13,0.998061822305711,0.990369521138586,1.00714948554456
15.2,13,0.99801878126611,0.990674867799597,1.00672871369983
15.4,13,0.997987046644194,0.991012444148746,1.00631950890528
15.6,13,0.997966826535711,0.991276961722937,1.00583676667826
15.8,13,0.997958273187448,0.991633019539063,1.00537473396687
16,13,0.997961479250759,0.991980574105934,1.00503216016716
16.2,13,0.997976474178211,0.992306712380427,1.00461555888473
16.4,13,0.998003220806172,0.992648730389724,1.00416872797695
16.6,13,0.998041612169922,0.993046167688738,1.00380230672907
16.8,13,0.998091468601356,0.99339984972006,1.00341039261267
17,13,0.998152535162584,0.993778743886813,1.00301174194365
17.2,13,0.998224479471566,0.994186305480386,1.0026786446567
17.4,13,0.998306889978175,0.994576297411174,1.00234677022927
17.6,13,0.998399274750749,0.99495712443193,1.00204111978537
17.8,13,0.99850106083404,0.995340512719737,1.00181548504653
18,13,0.99861159423942,0.995732482426512,1.00158460831123
18.2,13,0.998730140627139,0.996136018098606,1.00141242464222
18.4,13,0.998855886738215,0.996557974461138,1.00124476482661
18.6,13,0.998987942630054,0.996980267784144,1.00106116859612
18.8,13,0.9991253447651,0.99740836819246,1.00086567695371
19,13,0.999267059995561,0.997839239808999,1.00068886333783
19.2,13,0.999411990479556,0.998273192009096,1.00053941656821
19.4,13,0.999558979554794,0.99870798879861,1.00038975387982
19.6,13,0.999706818585182,0.999141400351623,1.00024978103978
19.8,13,0.999854254783537,0.999572442305523,1.00012127135893
20,13,1,1,1
20.2,13,1.00014274045085,0.999884063997168,1.00041987102702
20.4,13,1.00028114734635,0.999775061220312,1.00083645375185
20.6,13,1.00041388835939,0.999666676965124,1.00123303982719
20.8,13,1.00053963985886,0.999544284387002,1.00161298338569
21,13,1.00065709981373,0.999436789589452,1.00198399767121
21.2,13,1.00076500125549,0.999325676975816,1.00232618721329
21.4,13,1.00086212616883,0.999223029303103,1.00265672761041
21.6,13,1.00094731966294,0.999116739449364,1.0029700989967
21.8,13,1.00101950425966,0.999000607092397,1.00327296238086
22,13,1.00107769411997,0.998874989414996,1.00353627215047
22.2,13,1.0011210090175,0.998731914590478,1.00379284972517
22.4,13,1.00114868785693,0.998591759039819,1.00399927758101
22.6,13,1.00116010152794,0.998452630106117,1.00417738965906
22.8,13,1.00115476488014,0.998296188550687,1.00434664958412
23,13,1.00113234760377,0.998137053000925,1.00448502553703
23.2,13,1.00109268380323,0.997958448794907,1.00459872840555
23.4,13,1.00103578005715,0.997750883939635,1.00470775774961
23.6,13,1.00096182176971,0.997576576802502,1.00482139304323
23.8,13,1.00087117763219,0.99738264267794,1.00490802430662
24,13,1.0007644020334,0.997187578179454,1.00493532040725
24.2,13,1.00064223528021,0.99693951710442,1.00494511544812
24.4,13,1.00050560151627,0.996672575715838,1.00496055806712
24.6,13,1.0003556042574,0.996450775844943,1.00493924100462
24.8,13,1.00019351949508,0.996215002072896,1.00487336560743
25,13,1.00002078635549,0.995960931278923,1.00477351851123
25.2,13,0.999838995338823,0.995736163047451,1.00464174311916
25.4,13,0.999649874202797,0.995479299199693,1.00450765541996
25.6,13,0.999455271593545,0.995196148449526,1.00437082846641
25.8,13,0.999257138566259,0.994844541926899,1.00429654796552
26,13,0.999057508176353,0.994560427964663,1.00424912432427
26.2,13,0.998858473358396,0.994301700652121,1.00411549364398
26.4,13,0.998662163344251,0.994030356564769,1.00393953110964
26.6,13,0.998470718902823,0.993701863327007,1.00383372769681
26.8,13,0.998286266711071,0.993420561896481,1.00374244059637
27,13,0.998110893188768,0.993199721375281,1.00362750852183
27.2,13,0.997946618147491,0.993007779938155,1.00356286313518
27.4,13,0.997795368617013,0.992819226443334,1.00350943622609
27.6,13,0.997658953219365,0.992686036436156,1.00343857015754
27.8,13,0.997539037462077,0.992552409888165,1.00339376662956
28,13,0.997437120317405,0.992336660098823,1.00339167575681
28.2,13,0.997354512443641,0.992145639953599,1.00339779983308
28.4,13,0.997292316388011,0.992036387017106,1.00340945204258
28.6,13,0.997251409088319,0.992008112456893,1.00345300200864
28.8,13,0.997232426962663,0.991883455386633,1.00347139473978
29,13,0.997235753843655,0.991847133491447,1.00351851236534
29.2,13,0.99726151197591,0.991876536013361,1.00357755183039
29.4,13,0.997309556253855,0.991908286476331,1.00368430121136
29.6,13,0.997379471831507,0.992003633268075,1.00379510011962
29.8,13,0.997470575187615,0.992059828092756,1.0038244753115
30,13,0.997581918679084,0.992094337310578,1.00400855398848
30.2,13,0.997712298563667,0.992161513380981,1.00420502324934
30.4,13,0.997860266420347,0.992255908702685,1.00432789258133
30.6,13,0.998024143843539,0.9923078961021,1.00457551743119
30.8,13,0.99820204023597,0.992322255493332,1.00484964121657
31,13,0.998391873475869,0.992360414954032,1.00509426609131
31.2,13,0.998591393187734,0.992424258896263,1.00530870706674
31.4,13,0.998798206303316,0.992524464776536,1.00555244780928
31.6,13,0.999009804561423,0.992644252300101,1.0059066685755
31.8,13,0.999223593562519,0.99272905946775,1.00622070052053
32,13,0.999436922967523,0.992787776859178,1.00650137797808
32.2,13,0.999647117410362,0.992761947027331,1.00679283973029
32.4,13,0.999851507681219,0.992669239508195,1.00697765211563
32.6,13,1.00004746173241,0.992760833638731,1.00716569258444
32.8,13,1.00023241506158,0.992825747995785,1.0074165038735
33,13,1.00040390003764,0.992779394934809,1.00769425764097
33.2,13,1.00055957375329,0.992792750524238,1.0077770214474
33.4,13,1.00069724401386,0.992843675672923,1.00800654272212
33.6,13,1.00081489310534,0.992875516398564,1.00816675439583
33.8,13,1.0009106990235,0.992865568330839,1.00836535453125
34,13,1.00098305389124,0.992856039011636,1.00848635660783
34.2,13,1.00103057934054,0.99293103443854,1.00862170740468
34.4,13,1.00105213868897,0.992930930419856,1.00871880117004
34.6,13,1.00104684579569,0.992741594538409,1.00880536404455
34.8,13,1.00101407053948,0.992478018438841,1.00884214999219
35,13,1.00095344091754,0.992289514548619,1.0088078496666
35.2,13,1.00086484181998,0.992020618252366,1.00880672948027
35.4,13,1.00074841058798,0.991758492113727,1.00881534534964
35.6,13,1.00060452951379,0.991423372360939,1.00877434670369
35.8,13,1.00043381548591,0.991148236218671,1.00866750944838
36,13,1.00023710702342,0.990967030267652,1.00840399141172
36.2,13,1.0000154489774,0.990733470737674,1.00816159042291
36.4,13,0.999770075205588,0.99059711376597,1.00780262915888
36.6,13,0.99950238954708,0.990264732998295,1.00770588921745
36.8,13,0.999213945438248,0.989816863371155,1.00753063003338
37,13,0.998906424518065,0.98938797235756,1.00725410007613
37.2,13,0.998581614571357,0.988946365553665,1.00698062073483
37.4,13,0.998241387152447,0.988426957837372,1.00672398661505
37.6,13,0.997887675219588,0.987935949982255,1.00655538019617
37.8,13,0.99752245109314,0.987615249245432,1.00631556594716
38,13,0.997147705028322,0.987058681470926,1.00616088202069
38.2,13,0.996765424667214,0.986605374927808,1.00604974687736
38.4,13,0.996377575605431,0.986260157813756,1.00561014782663
38.6,13,0.995986083277184,0.985737810033663,1.00525923414663
38.8,13,0.995592816329188,0.985144045512232,1.00508342006808
39,13,0.995199571619797,0.984615500839854,1.00499983708137
39.2,13,0.994808060945613,0.984079451162673,1.00483407275551
39.4,13,0.99441989956423,0.983585265162259,1.00468377329404
39.6,13,0.99403659654944,0.982758115640061,1.00458305017743
39.8,13,0.993659546984624,0.982040168504023,1.00441333699201
40,13,0.993290025971596,0.981494081141081,1.00423347003636
0,14,0.997655189290249,0.960804081054443,1.02199797978736
0.2,14,0.997671517814873,0.961131659292673,1.0218584211599
0.4,14,0.997688526216144,0.961467614886553,1.02171169379024
0.6,14,0.997706192746598,0.961739313862239,1.02155774835636
0.8,14,0.997724489510415,0.961958900723914,1.02115452407848
1,14,0.997743382138139,0.962193164219765,1.02081430392858
1.2,14,0.997762829491798,0.962442551680665,1.02068920644415
1.4,14,0.997782783405933,0.962638878531317,1.02062708569136
1.6,14,0.997803188470053,0.962716243235726,1.02057352200164
1.8,14,0.997823981857992,0.962588945251104,1.02044920205869
2,14,0.997845093209557,0.962613576611434,1.02045266280987
2.2,14,0.99786644456962,0.962711649592978,1.02048353198039
2.4,14,0.997887950389622,0.962811593405993,1.02039378465845
2.6,14,0.997909517596049,0.96283882706699,1.02014657047717
2.8,14,0.997931045730079,0.963078843116087,1.02001394124675
3,14,0.997952427162107,0.963201123456368,1.01962354870141
3.2,14,0.997973547384283,0.963232213154788,1.01953382263524
3.4,14,0.997994285383599,0.963278622171617,1.01949368650962
3.6,14,0.998014514097358,0.963520289363011,1.01938254893603
3.8,14,0.998034100952137,0.964014395446029,1.01927756788727
4,14,0.998052908486552,0.964206364663247,1.01917260788101
4.2,14,0.998070795057304,0.96441078763355,1.01898952394973
4.4,14,0.998087615627149,0.964613738268084,1.01863073348231
4.6,14,0.99810322263251,0.965004179395308,1.0182402650689
4.8,14,0.998117466927615,0.965291625433034,1.01796947611203
5,14,0.9981301988011,0.965761021530236,1.01766227130903
5.2,14,0.998141269060193,0.965885943879562,1.01735477196213
5.4,14,0.998150530176695,0.966013978594849,1.01719153608767
5.6,14,0.99815783748821,0.966080141704241,1.01691293739857
5.8,14,0.998163050447261,0.966487573222112,1.0165689792516
6,14,0.998166033910255,0.967129219726986,1.01658708834836
6.2,14,0.998166659457609,0.967731615575741,1.01640373061944
6.4,14,0.998164806735768,0.968059990318039,1.0161393538378
6.6,14,0.998160364811394,0.968576050029572,1.01593589786574
6.8,14,0.998153233527571,0.969207565705223,1.01564315166393
7,14,0.998143324851619,0.969972260387497,1.01538504591416
7.2,14,0.998130564203855,0.970398660774554,1.01512901509214
7.4,14,0.998114891756561,0.971401797010472,1.01486945774304
7.6,14,0.9980962636924,0.971878078157239,1.0146494031941
7.8,14,0.998074653411582,0.971847382294878,1.01443974412276
8,14,0.998050052677252,0.971826769990338,1.01415654431571
8.2,14,0.998022472688826,0.971845610264773,1.01381896837146
8.4,14,0.99799194507329,0.972309784391631,1.01349792407019
8.6,14,0.997958522784864,0.972909980012999,1.01324819747887
8.8,14,0.99792228090388,0.973227209243812,1.01302481331774
9,14,0.997883317326139,0.973757024205402,1.01259132086038
9.2,14,0.997841753334572,0.974392081629832,1.01220949572463
9.4,14,0.997797734045493,0.975022401636225,1.01198894742938
9.6,14,0.997751428722276,0.975477298026605,1.01176060197307
9.8,14,0.997703030949808,0.975552139487208,1.01165226399089
10,14,0.99765275866356,0.975582861451071,1.01135152634098
10.2,14,0.997600854027606,0.975630079368427,1.01112865924267
10.4,14,0.997547583156383,0.976224318573211,1.01085657602545
10.6,14,0.997493235675396,0.97646818032156,1.01076844209149
10.8,14,0.997438124116481,0.976736563882618,1.01040624062624
11,14,0.997382583143602,0.977249797861634,1.01010906230431
11.2,14,0.997326968605477,0.978195222427941,1.00977271052472
11.4,14,0.997271656411697,0.979260989715351,1.00941951221029
11.6,14,0.997217041229267,0.979941805330752,1.00920101432246
11.8,14,0.997163534996865,0.980365758594325,1.00889640634773
12,14,0.997111565254441,0.980762189882844,1.00867286083054
12.2,14,0.997061573286184,0.981165340614516,1.00849951421939
12.4,14,0.997014012075329,0.981638773967736,1.00814532580117
12.6,14,0.996969344069847,0.982039812273433,1.0078330359395
12.8,14,0.996928038758694,0.982407290319634,1.00757573133409
13,14,0.996890570059104,0.982794600406977,1.00729402013288
13.2,14,0.996857413516387,0.983235393630212,1.0070085951165
13.4,14,0.99682904331881,0.983705457434835,1.00676731922114
13.6,14,0.996805929131541,0.984058855666134,1.0064693455264
13.8,14,0.996788532755196,0.984562717108605,1.00629710868671
14,14,0.996777304616401,0.984881329392688,1.00613557524432
14.2,14,0.996772680099877,0.985347877131461,1.00580595522177
14.4,14,0.996775075733952,0.98585555046221,1.00552104911777
14.6,14,0.996784885244051,0.986275929429511,1.00523003615584
14.8,14,0.996802475491679,0.986634388733256,1.00498360596765
15,14,0.996828182319581,0.987006273224716,1.0047591749127
15.2,14,0.996862306327237,0.987470372131663,1.00444280132779
15.4,14,0.99690510860449,0.987936526565248,1.00408128168765
15.6,14,0.996956806454968,0.988499084622025,1.00376620573433
15.8,14,0.997017569144919,0.989071872714344,1.00352270307605
16,14,0.99708751371715,0.989642746257816,1.00325088067281
16.2,14,0.997166700913811,0.990168366593224,1.00300846045096
16.4,14,0.997255131255777,0.990650446382137,1.00277179406513
16.6,14,0.997352741330209,0.991178323069123,1.00254095603196
16.8,14,0.997459400341489,0.991694913272041,1.00231765597002
17,14,0.997574906983959,0.992211125827672,1.00211319239496
17.2,14,0.997698986697675,0.992756345210366,1.00191473519336
17.4,14,0.997831289370586,0.993293896987148,1.00172926874832
17.6,14,0.997971387552052,0.993853383266439,1.00154828707973
17.8,14,0.998118775243277,0.994352763272708,1.00138531076554
18,14,0.998272867329986,0.9948817163024,1.00122432552069
18.2,14,0.998432999721285,0.995410762294628,1.00106856897394
18.4,14,0.998598430256203,0.995941187226383,1.00091505595257
18.6,14,0.998768340435537,0.996516008172788,1.00079087531279
18.8,14,0.998941838031526,0.997027776637237,1.00064514212126
19,14,0.99911796062123,0.997549632884084,1.00051270923856
19.2,14,0.999295680081412,0.998055764938643,1.00038354224536
19.4,14,0.999473908073127,0.998555844324761,1.00028296513716
19.6,14,0.999651502533067,0.999040308454841,1.00018574182036
19.8,14,0.999827275176171,0.999518373965179,1.00009379009891
20,14,1,1,1
20.2,14,1.00016842276611,0.999906615632973,1.00047420704266
20.4,14,1.00033127141731,0.999814131153881,1.00094160678533
20.6,14,1.00048726737229,0.999708917266881,1.00140562608936
20.8,14,1.00063513762131,0.999618426298765,1.0018609238631
21,14,1.00077362752789,0.999502895617094,1.00229147881416
21.2,14,1.00090151422337,0.999391967619948,1.00269933095645
21.4,14,1.00101762046278,0.999271543514914,1.00306767216535
21.6,14,1.00112082879286,0.999146386565055,1.00341730872794
21.8,14,1.00121009586694,0.999020670539187,1.00375355623328
22,14,1.00128446672605,0.998893040510707,1.00406975265216
22.2,14,1.00134308885299,0.998758934455486,1.00437140919484
22.4,14,1.00138522579526,0.998599618827496,1.00465015253737
22.6,14,1.00141027014487,0.998421587095271,1.00488956741851
22.8,14,1.00141775565861,0.998245552571347,1.00511891023194
23,14,1.00140736830081,0.998059409401932,1.00535479515965
23.2,14,1.00137895599356,0.997844957421792,1.00552079700464
23.4,14,1.00133253686564,0.997612386226077,1.00560601631047
23.6,14,1.00126830580244,0.997391657653549,1.00565725674433
23.8,14,1.00118663911383,0.997160711182321,1.00577800274871
24,14,1.00108809715605,0.996913451387746,1.00591054358652
24.2,14,1.00097342476709,0.996588120809243,1.00600499298228
24.4,14,1.00084354940138,0.996314737466131,1.00610405462202
24.6,14,1.00069957688048,0.99594972289923,1.00616296007146
24.8,14,1.00054278470947,0.995585261245091,1.00620219079917
25,14,1.00037461294474,0.995206609821414,1.00622176132839
25.2,14,1.00019665263666,0.994882708859182,1.00625699956513
25.4,14,1.00001063190952,0.994515334285787,1.00633221722286
25.6,14,0.99981839978095,0.994190452822572,1.00634599481972
25.8,14,0.999621907862118,0.993817350484607,1.0063884047252
26,14,0.999423190118728,0.993456050729889,1.00646622039562
26.2,14,0.99922434090932,0.99304264406615,1.00652358825878
26.4,14,0.999027491551836,0.992740991848383,1.00657218594351
26.6,14,0.998834785700454,0.992300127014357,1.00659177812989
26.8,14,0.99864835384208,0.991891744705791,1.00654978175362
27,14,0.998470287244823,0.99154570611292,1.0064374662209
27.2,14,0.998302611708867,0.991112163799574,1.00652766234228
27.4,14,0.998147261482941,0.990796292312302,1.00658323885708
27.6,14,0.998006053716707,0.990430463173684,1.00673383929456
27.8,14,0.997880663820709,0.990073460581782,1.00682441351581
28,14,0.997772602100819,0.98980663228629,1.00681544775407
28.2,14,0.997683192023455,0.989653310902761,1.00691326658643
28.4,14,0.997613550451217,0.989573730726639,1.00694150285923
28.6,14,0.997564570166249,0.989419830029939,1.00702574706601
28.8,14,0.997536904970797,0.989187916740161,1.00713417568131
29,14,0.99753095762148,0.989044793171354,1.0071912013018
29.2,14,0.997546870816141,0.988981711722243,1.00736864936284
29.4,14,0.997584521410378,0.988835940179455,1.00743270417712
29.6,14,0.997643517995435,0.988747680425233,1.00749509773901
29.8,14,0.997723201920903,0.988557244334684,1.00764655656161
30,14,0.997822651795137,0.988653423679593,1.00779998388933
30.2,14,0.997940691444457,0.988611967514921,1.00791033648137
30.4,14,0.998075901259606,0.988529002359064,1.00811050860735
30.6,14,0.998226632805708,0.988504383409513,1.00827494342984
30.8,14,0.998391026520767,0.988501448297694,1.00840092579237
31,14,0.998567032278619,0.988631457383826,1.00875418766834
31.2,14,0.998752432545919,0.98870848431059,1.0090797081832
31.4,14,0.998944867820315,0.988767659684223,1.00936027063907
31.6,14,0.999141863998981,0.988850321500495,1.00962510387128
31.8,14,0.999340861294229,0.988854599823685,1.00989248011997
32,14,0.999539244286447,0.98902312672584,1.01010968636231
32.2,14,0.999734372684958,0.989070902121905,1.01037146732446
32.4,14,0.99992361235488,0.989213677404832,1.01057250063129
32.6,14,1.00010436616318,0.989281406368661,1.01069775183738
32.8,14,1.00027410420002,0.989458985434783,1.01090439935437
33,14,1.00043039294234,0.989426470509022,1.01109387738996
33.2,14,1.00057092294501,0.989372317081806,1.01126362519621
33.4,14,1.00069353467107,0.989422355864362,1.01141213901375
33.6,14,1.00079624210532,0.9893516441858,1.01154725892371
33.8,14,1.00087725383513,0.98921669105813,1.0117543177698
34,14,1.00093499132688,0.989071071533536,1.01202462265561
34.2,14,1.00096810417625,0.98881913221018,1.01237413486015
34.4,14,1.00097548216342,0.98861333775702,1.01247453091971
34.6,14,1.0009562639998,0.988316352285692,1.01244638642715
34.8,14,1.00090984270957,0.988094663774377,1.01228520545441
35,14,1.00083586764603,0.987839479695694,1.0120317466698
35.2,14,1.00073424319831,0.987532302265818,1.01205647967096
35.4,14,1.00060512429703,0.987070501846342,1.01204878645641
35.6,14,1.00044890887732,0.98657701291541,1.01199631226584
35.8,14,1.00026622750276,0.986040316796375,1.01167929154294
36,14,1.00005793039398,0.985457224740839,1.0114499770603
36.2,14,0.99982507213966,0.984961589364054,1.01144845914015
36.4,14,0.999568894395373,0.984467721126821,1.01122969466304
36.6,14,0.999290806896452,0.984205043463462,1.01113611163345
36.8,14,0.998992367125177,0.983728153180209,1.01094911677942
37,14,0.998675258979361,0.983308985411277,1.01089822329926
37.2,14,0.998341270789737,0.982764782483889,1.01049545843682
37.4,14,0.997992273027336,0.98246673804467,1.01013094118056
37.6,14,0.997630196029949,0.98211137637712,1.00986729155265
37.8,14,0.997257008059258,0.981764176949086,1.0096807549773
38,14,0.996874693978061,0.981412750938661,1.00952921955653
38.2,14,0.996485234810944,0.980875812778265,1.00933564302756
38.4,14,0.996090588422432,0.980339759074502,1.0089356813924
38.6,14,0.995692671515087,0.979653822553648,1.00855490681203
38.8,14,0.995293343116756,0.979160196147105,1.00841844595184
39,14,0.99489438969225,0.978881443306895,1.00814987331005
39.2,14,0.994497511980616,0.978348393262203,1.00786487348839
39.4,14,0.994104313625757,0.97781661600579,1.00786130840246
39.6,14,0.99371629163587,0.977323097874621,1.00759978568492
39.8,14,0.993334828676725,0.976933644942087,1.00707890471485
40,14,0.992961187175422,0.976555107710628,1.00673698717914
