"value","lag","rr","lo","hi"
0,0,1.06520195655572,1.04116062192458,1.11083831438547
0.2,0,1.06501213461799,1.04119184791,1.11039124489479
0.4,0,1.06480976353957,1.0411571702552,1.11006324408142
0.6,0,1.06459431393612,1.0410840878643,1.10979176956589
0.8,0,1.06436525598062,1.04097858572632,1.10949891895653
1,0,1.06412206079916,1.04082858675743,1.10918124991994
1.2,0,1.0638642018566,1.04072392791718,1.10883463572526
1.4,0,1.06359115631796,1.04065244894501,1.10845642571355
1.6,0,1.06330240637198,1.04047480309513,1.10804473211939
1.8,0,1.06299744050266,1.04030204335455,1.10766348018724
2,0,1.06267575469567,1.04017968308933,1.10727937085296
2.2,0,1.06233685356641,1.04004611783834,1.10677433179097
2.4,0,1.06198025139813,1.03985946907045,1.10600198622712
2.6,0,1.06160547307899,1.03963055272332,1.10528555565347
2.8,0,1.06121205492881,1.03941917154145,1.10468154959781
3,0,1.0607995454079,1.03921136288214,1.103784674505
3.2,0,1.06036750570214,1.03897926524344,1.10302260317799
3.4,0,1.05991551018118,1.03872101392266,1.10226408926321
3.6,0,1.05944314672885,1.0384072708641,1.10150805292345
3.8,0,1.05895001694798,1.03807657229565,1.10059380067718
4,0,1.05843573624482,1.03777335447815,1.09950013080852
4.2,0,1.05789993380175,1.03738326762414,1.09849899632802
4.4,0,1.05734225245053,1.03699677576408,1.09739518123356
4.6,0,1.05676234846213,1.03657417213217,1.09626952660083
4.8,0,1.05615989127333,1.03611519617007,1.0952770447943
5,0,1.05553456317428,1.0356899776251,1.09403971310902
5.2,0,1.05488605898565,1.03524405868257,1.09274874162208
5.4,0,1.05421408575809,1.03477525064742,1.09138718877003
5.6,0,1.05351836253142,1.03429388780162,1.09012310829612
5.8,0,1.05279862019485,1.03382678840294,1.08865479454423
6,0,1.05205460149401,1.03331503597086,1.08739052399238
6.2,0,1.05128606123438,1.03271460107768,1.08620776917273
6.4,0,1.05049276673444,1.03209912706382,1.08447940559562
6.6,0,1.04967449858517,1.03149965584898,1.08358153695597
6.8,0,1.04883105177534,1.03078680783873,1.08237896577659
7,0,1.04796223724406,1.03013017055258,1.0809229910365
7.2,0,1.04706788392391,1.02944364605685,1.0797473215522
7.4,0,1.04614784133809,1.02866857592902,1.07845998408216
7.6,0,1.04520198281491,1.02783862875945,1.07721166989091
7.8,0,1.04423020938125,1.0271052712126,1.07577971879586
8,0,1.04323245439352,1.02635698807136,1.0744598896984
8.2,0,1.04220868896054,1.02550247564389,1.07297651796391
8.4,0,1.04115892820608,1.02468171894027,1.07120579390327
8.6,0,1.04008323841159,1.02377394279494,1.06978147774676
8.8,0,1.03898174506902,1.02281027440748,1.06811876652785
9,0,1.03785464186207,1.02184948850154,1.06664010852858
9.2,0,1.03670220057982,1.02077703575243,1.06503438106551
9.4,0,1.03552478194998,1.0197570072037,1.06334086188343
9.6,0,1.03432284736026,1.01873763647526,1.06156818041725
9.8,0,1.03309697141491,1.01772682890096,1.0601271767021
10,0,1.03184785524975,1.01681412876406,1.05835414936753
10.2,0,1.03057634050323,1.01585263898881,1.056627008003
10.4,0,1.02928342381282,1.01473890566311,1.05466245264101
10.6,0,1.02797027167631,1.01371163388857,1.05271441743395
10.8,0,1.02663823548615,1.01253703078243,1.05064758182338
11,0,1.02528886651228,1.01140860672964,1.04876588014704
11.2,0,1.02392393057575,1.01028475891198,1.04683726519607
11.4,0,1.0225454221223,1.00903085297254,1.04483504885559
11.6,0,1.02115557737198,1.00782010732859,1.04281166450142
11.8,0,1.01975688618987,1.00663360566027,1.04081842797717
12,0,1.0183521022935,1.00532161848463,1.03903179494883
12.2,0,1.01694425138657,1.0040580245517,1.037255454169
12.4,0,1.01553663678606,1.00286901179391,1.03513991864323
12.6,0,1.01413284209297,1.0016404715317,1.03305376909886
12.8,0,1.01273673044518,1.00056812752131,1.03106319172452
13,0,1.01135243988697,0.999514155727293,1.02908054605047
13.2,0,1.00998437439301,0.998455444251822,1.02704594551885
13.4,0,1.00863719009745,0.997431695503458,1.02495217501442
13.6,0,1.0073157763005,0.996476334814252,1.02285412387402
13.8,0,1.0060252308583,0.995545748332195,1.02101378345989
14,0,1.00477082960553,0.994670839421892,1.01914585561012
14.2,0,1.00355798951657,0.993683464356324,1.01737581485815
14.4,0,1.00239222537943,0.992913710070992,1.01541839202417
14.6,0,1.00127909983816,0.99222612594091,1.01373679575506
14.8,0,1.00022416675371,0.991605505346026,1.01225722926861
15,0,0.999232907941373,0.990845857329908,1.01094246229159
15.2,0,0.998310663463682,0.990198863510142,1.00950369255419
15.4,0,0.997462555792234,0.989670313675517,1.00838731227507
15.6,0,0.996693408298899,0.989184275014905,1.00717759952251
15.8,0,0.996007658696875,0.988803388037338,1.00609896093941
16,0,0.99540926822344,0.988480311422571,1.00507064096127
16.2,0,0.994901627538777,0.988357451565448,1.00408420171508
16.4,0,0.994487460507432,0.988298544496822,1.00331129521631
16.6,0,0.994168727228638,0.988206492019449,1.00257228657546
16.8,0,0.993946527887398,0.988208829901104,1.00185926151115
17,0,0.993821009206035,0.988214429847637,1.00132032634748
17.2,0,0.993791275482177,0.988332132719453,1.00081242929907
17.4,0,0.993855306399552,0.988602750659067,1.00036392930305
17.6,0,0.994009883985145,0.988986582343511,1.00007613328865
17.8,0,0.99425053125416,0.989482843279063,0.999812694371388
18,0,0.994571465223021,0.990113831184172,0.999748833246978
18.2,0,0.994965567070922,0.990834200256163,0.999658572761837
18.4,0,0.995424372280126,0.991623939310427,0.999664866542123
18.6,0,0.995938083572478,0.992541073864017,0.999719960299069
18.8,0,0.996495609370957,0.99352057441775,0.999766670212086
19,0,0.997084630336905,0.994557469602107,0.999843038569458
19.2,0,0.997691696254143,0.995625535979787,0.999955191393993
19.4,0,0.99830235513809,0.996723221802426,1.00000844667965
19.6,0,0.998901315933455,0.997828780403886,1.00003827619318
19.8,0,0.999472645522771,0.998929955741948,1.00003908366688
20,0,1,1,1
20.2,0,1.00046688927523,0.999893739767299,1.00102066676239
20.4,0,1.00085697308109,0.999687646612416,1.00197482850837
20.6,0,1.00115438537085,0.999388213989814,1.00284263899386
20.8,0,1.00134408296226,0.999003147762583,1.00361434588261
21,0,1.0014122131278,0.998484151530229,1.00424309930625
21.2,0,1.00134649370721,0.997815568520602,1.00471926167137
21.4,0,1.00113659827379,0.997046121111206,1.00505629848652
21.6,0,1.00077453797615,0.996142477695262,1.005237267614
21.8,0,1.00025503095903,0.994974036862391,1.00519251262569
22,0,0.999575849792038,0.99377396535564,1.00502209229078
22.2,0,0.99873813714943,0.992409989399962,1.00460015464341
22.4,0,0.997746680123315,0.990871804178476,1.00403601888404
22.6,0,0.996610134034873,0.98919460083907,1.00323591174627
22.8,0,0.995341187436663,0.987424248339095,1.00232460671326
23,0,0.993956661155737,0.9856526029139,1.00122535212397
23.2,0,0.992477535673029,0.983849548663335,1.00000104506808
23.4,0,0.990928902811846,0.981962500065735,0.998687947579112
23.6,0,0.989339839541763,0.980068952832513,0.997411848930947
23.8,0,0.987743203605828,0.978214326274549,0.996259984862498
24,0,0.986175352553487,0.976472083497721,0.994924183382224
24.2,0,0.984675789513554,0.974886184557172,0.993608162730167
24.4,0,0.983286740580487,0.973295786414721,0.992451842096339
24.6,0,0.982052669938159,0.971780421930484,0.991825697244112
24.8,0,0.981019739750838,0.970572872670962,0.991085662334877
25,0,0.98023522237895,0.969652154647674,0.990265169584244
25.2,0,0.979746872623654,0.968979906781157,0.989796183292084
25.4,0,0.979602267493388,0.968882903457303,0.989801248258074
25.6,0,0.979848120470658,0.969111834055344,0.990339672051696
25.8,0,0.980529576517692,0.969521201783518,0.991260282859962
26,0,0.981689493195419,0.970479013042776,0.992528600845454
26.2,0,0.983367712398032,0.971936061118977,0.994298526566459
26.4,0,0.985600326450681,0.974054758101062,0.996705432551742
26.6,0,0.988418941807456,0.976710017232848,0.999875944862351
26.8,0,0.991849943441829,0.980207877133002,1.0036814258725
27,0,0.995913763349149,0.984101594555395,1.0079846436371
27.2,0,1.0006241574642,0.988637736840526,1.01303838045844
27.4,0,1.0059874967924,0.993873447475507,1.01870354285329
27.6,0,1.01200208067562,0.999713088307751,1.02501362643502
27.8,0,1.01865748283502,1.00622928472433,1.03201768064407
28,0,1.02593394407174,1.013264413706,1.03968705449586
28.2,0,1.0338018291216,1.02082604126309,1.04770655735061
28.4,0,1.04222116895037,1.028803776459,1.05620348256111
28.6,0,1.05114131347579,1.03749019850407,1.06522561364369
28.8,0,1.06050072298741,1.04653670789715,1.0747922818559
29,0,1.07022692902863,1.05595051735575,1.08467838695327
29.2,0,1.08023669680067,1.06563430567696,1.09501923554441
29.4,0,1.09043642082622,1.07570595706941,1.10553917902708
29.6,0,1.10072278327937,1.08563334792995,1.11621698422557
29.8,0,1.11098369972051,1.09574758867947,1.12701037063744
30,0,1.12109956975298,1.10571051367815,1.1372020300196
30.2,0,1.13094484028645,1.1157219506363,1.14756340816975
30.4,0,1.14038987679367,1.12512955760747,1.1574770652033
30.6,0,1.14930312356314,1.13372914574659,1.16687266013259
30.8,0,1.15755351811191,1.1419193879545,1.17551996386526
31,0,1.16501310850187,1.14921246748607,1.18316249291781
31.2,0,1.17155980637775,1.1554595513017,1.19007682073697
31.4,0,1.17708019432975,1.16066483502191,1.19591852878442
31.6,0,1.18147229493184,1.16496572737878,1.20073715845308
31.8,0,1.18464820169541,1.16775027068786,1.20412082541806
32,0,1.18653647018085,1.16931614033718,1.20599402222849
32.2,0,1.18708417127123,1.16983034097555,1.20651211523582
32.4,0,1.1862585183565,1.16890461432673,1.20598193847802
32.6,0,1.1840479956333,1.16633563520093,1.20374764803828
32.8,0,1.18046293512895,1.16295485913381,1.20038169192766
33,0,1.1755355141823,1.15813375372519,1.19547755548423
33.2,0,1.16931917137395,1.15207381553825,1.18931791483037
33.4,0,1.16188746549102,1.14507160362867,1.18186563827027
33.6,0,1.15333242718752,1.13664571576637,1.17334918062393
33.8,0,1.14376247483937,1.12704077136218,1.16378582042086
34,0,1.13329998326804,1.11646895902228,1.1533208387142
34.2,0,1.1220786055122,1.10505340200165,1.14203278845445
34.4,0,1.11024045315425,1.09327346705493,1.1300406888068
34.6,0,1.09793323987168,1.081276450787,1.11748095666248
34.8,0,1.08530748637341,1.06851618771324,1.10461699526253
35,0,1.07251387359565,1.05561238943445,1.09147171424286
35.2,0,1.05970081614339,1.04282984271053,1.07871966518469
35.4,0,1.04701231079927,1.0299620163084,1.06644659074108
35.6,0,1.03458609682007,1.01730699570005,1.05373546719867
35.8,0,1.0225521469427,1.00539963428781,1.04177395620623
36,0,1.01103149157328,0.993414742967618,1.03023971983957
36.2,0,1.00013536433527,0.982279466968417,1.01942157103522
36.4,0,0.989964645529645,0.971727462332655,1.00955609011403
36.6,0,0.980609571372262,0.961771649490891,1.00016022664295
36.8,0,0.972149671137722,0.952725621314877,0.99178129108683
37,0,0.964653891382422,0.944894502297617,0.984697941117888
37.2,0,0.95818086592418,0.938128519120129,0.978488561624792
37.4,0,0.9527792918179,0.93215096171453,0.972912148314519
37.6,0,0.948488374740112,0.927490682774976,0.968775632175479
37.8,0,0.945338311536072,0.924026172273559,0.966446284474464
38,0,0.943350782774834,0.921771753939021,0.964863663792688
38.2,0,0.94253943363547,0.920763209645058,0.964258338959095
38.4,0,0.942910327003878,0.920603546863166,0.965019171325332
38.6,0,0.944462358049853,0.92170466000563,0.966838623402099
38.8,0,0.947187624590487,0.923815975145636,0.970013198240872
39,0,0.951071752093318,0.927125907782988,0.974168466340886
39.2,0,0.956094176135672,0.931649581610126,0.979736250414765
39.4,0,0.962228388455265,0.937695605388157,0.986885055659835
39.6,0,0.96944215536504,0.94401543268888,0.995606958582868
39.8,0,0.977697719244684,0.95091253384081,1.00463003894499
40,0,0.986951995059751,0.959077616254053,1.01521898943397
0,1,1.05411806046386,1.02418754543821,1.08289878058615
0.2,1,1.05395120786931,1.02415872335877,1.08263918857412
0.4,1,1.05377358080918,1.02410105234651,1.08227827735061
0.6,1,1.05358474865094,1.02401387369431,1.08188156822691
0.8,1,1.05338428233004,1.02391344806223,1.08162520095341
1,1,1.0531717554733,1.02380592940942,1.08133401755927
1.2,1,1.05294674548413,1.02369992593962,1.0809848987423
1.4,1,1.05270883457598,1.02361285723417,1.08062320816767
1.6,1,1.05245761074047,1.02351280960516,1.08033804272298
1.8,1,1.05219266863709,1.02340097901329,1.08002035440039
2,1,1.0519136103918,1.02322159345239,1.07957147060899
2.2,1,1.051620046293,1.02305163602334,1.07909161204975
2.4,1,1.0513115953742,1.02294745618782,1.07856080665339
2.6,1,1.05098788587419,1.02283545090428,1.07785777388882
2.8,1,1.05064855556737,1.02271511379804,1.07715045454463
3,1,1.05029325195851,1.02257890752967,1.0765039585264
3.2,1,1.04992163233884,1.02247994588615,1.07594895926255
3.4,1,1.04953336370266,1.02232354068021,1.07535632098675
3.6,1,1.04912812252637,1.0220788217131,1.07464221506322
3.8,1,1.04870559441521,1.02181891064277,1.07391085268218
4,1,1.04826547362598,1.02154202652433,1.07327487389973
4.2,1,1.04780746247768,1.02125035818023,1.07265457663465
4.4,1,1.0473312706658,1.02104330973029,1.07209514677546
4.6,1,1.0468366144998,1.02082913248575,1.07152192118105
4.8,1,1.04632321608756,1.02056691795632,1.0709263288156
5,1,1.04579080249463,1.02009011094979,1.07030796159758
5.2,1,1.04523910491059,1.01974159398182,1.06966640134031
5.4,1,1.04466785785905,1.01941674313352,1.06897680610145
5.6,1,1.04407679849199,1.01902099540206,1.06808119598
5.8,1,1.04346566601385,1.01826757372109,1.06732657885359
6,1,1.04283420128417,1.01773198065446,1.06654841499305
6.2,1,1.04218214665221,1.01731428169712,1.06572447485404
6.4,1,1.04150924607981,1.01683398003914,1.06475441770151
6.6,1,1.04081524561253,1.01627198638546,1.06375703371137
6.8,1,1.04009989426128,1.01569745070917,1.06277919584862
7,1,1.03936294535889,1.01510590022257,1.06192329170891
7.2,1,1.03860415845738,1.01451646941472,1.06097718156302
7.4,1,1.03782330183178,1.01406032646084,1.05998253369174
7.6,1,1.03702015565594,1.01351202570788,1.05901250474207
7.8,1,1.03619451591389,1.01285528362033,1.05803237319945
8,1,1.03534619910682,1.01227137076563,1.05703292227992
8.2,1,1.03447504781136,1.01157960153533,1.05598782295573
8.4,1,1.03358093713822,1.01100941435882,1.05491869729822
8.6,1,1.03266378213204,1.01041008942531,1.05382032945496
8.8,1,1.03172354614316,1.00975256956744,1.05267576124847
9,1,1.03076025018944,1.00907638956119,1.0514156936683
9.2,1,1.02977398331193,1.00846830863048,1.05021758615609
9.4,1,1.02876491391093,1.00786485671111,1.04900338665388
9.6,1,1.02773330203,1.00713224620726,1.04774119996576
9.8,1,1.02667951253338,1.00636898366662,1.04659320330058
10,1,1.0256040290984,1.00553510818254,1.04527290307586
10.2,1,1.02450746891794,1.00460058308643,1.04372697093988
10.4,1,1.02339059797968,1.00371229185407,1.04210863600628
10.6,1,1.02225434675814,1.00283950971691,1.04073067542743
10.8,1,1.0210998261241,1.0019592895492,1.03924968607125
11,1,1.01992834324227,1.00107338697316,1.03785567557718
11.2,1,1.01874141719501,1.00021197338079,1.03631895970377
11.4,1,1.01754079403537,0.999507776753827,1.03475240451641
11.6,1,1.01632846094009,0.998784426627382,1.03307725226074
11.8,1,1.01510665910076,0.997929290716895,1.03148669314853
12,1,1.01387789496209,0.997024232215799,1.0301199671354
12.2,1,1.01264494938915,0.996140380175266,1.02863169932654
12.4,1,1.01141088432314,0.995309319559274,1.02709016045987
12.6,1,1.01017904646744,0.994479176416378,1.02552657653137
12.8,1,1.0089530675342,0.993702552168949,1.02389920350276
13,1,1.00773686057728,0.993065470818245,1.02224486835488
13.2,1,1.00653461194055,0.992259435200157,1.02050808233326
13.4,1,1.00535076836374,0.991466463790485,1.01876565446666
13.6,1,1.00419001880965,0.990675754171831,1.01713909278293
13.8,1,1.00305727061044,0.989941294327171,1.01559982036944
14,1,1.00195761957494,0.989289337697624,1.01404377407647
14.2,1,1.00089631375585,0.988691135157109,1.01257120457992
14.4,1,0.999878710644779,0.988179849423686,1.01121237977307
14.6,1,0.99891022764603,0.987647045746931,1.0097522275549
14.8,1,0.99799628577484,0.987230768728166,1.00833059683196
15,1,0.997142246635538,0.986762183101974,1.00722285300165
15.2,1,0.996353342857193,0.986366612601316,1.00591443143535
15.4,1,0.995634602300215,0.986007817379278,1.00475255834812
15.6,1,0.994990766496027,0.985623922154382,1.00366413159514
15.8,1,0.994426203943412,0.985502974320865,1.00268839694682
16,1,0.993944819058087,0.985507116537832,1.00172054911767
16.2,1,0.993549957756118,0.985577763374553,1.00089755800057
16.4,1,0.993244310845358,0.985635574258882,1.0001742596688
16.6,1,0.99302981660012,0.985905294064608,0.999585080894025
16.8,1,0.992907564101129,0.986154078251506,0.999061830112798
17,1,0.992877699131522,0.986428696784428,0.998718765998074
17.2,1,0.992939334626782,0.986795558480437,0.998548968906973
17.4,1,0.993090467877299,0.987293537161856,0.998433379754705
17.6,1,0.993327906869727,0.987923447813075,0.998351074746003
17.8,1,0.99364720832106,0.988623720316772,0.998410929515916
18,1,0.994042630097794,0.989404023775666,0.998440784813274
18.2,1,0.994507100812047,0.990241294293987,0.998536484520257
18.4,1,0.995032209435199,0.991175847277774,0.998710423026939
18.6,1,0.995608217755453,0.992199403296781,0.998957058741987
18.8,1,0.996224098415443,0.99325896750217,0.999149575894365
19,1,0.996867601085842,0.99434620301329,0.999349340306834
19.2,1,0.997525349049302,0.995512019895918,0.999559226011541
19.4,1,0.998182968073581,0.996645677741314,0.999751199719809
19.6,1,0.998825248935604,0.997787682391429,0.999885695025805
19.8,1,0.999436344314375,0.998910376631001,0.999970100420129
20,1,1,1,1
20.2,1,1.00049981947551,0.99995293850327,1.00103389038389
20.4,1,1.00091955993048,0.99981492924272,1.00199956301166
20.6,1,1.00124345668307,0.999567951810407,1.00287873493635
20.8,1,1.00145657184953,0.999208932476122,1.0036457684892
21,1,1.00154516194621,0.99873516939006,1.00429995239385
21.2,1,1.00149705798387,0.998060952813112,1.00481655001496
21.4,1,1.00130205057008,0.997324150506129,1.00508760023393
21.6,1,1.00095227162715,0.996463624579196,1.00525740228511
21.8,1,1.00044256361649,0.995434853507779,1.00524683985532
22,1,0.999770826688184,0.994276513091811,1.00508025093868
22.2,1,0.99893833399243,0.992972189101473,1.00469523858995
22.4,1,0.997950005531846,0.991558648448617,1.00408328869743
22.6,1,0.996814631420464,0.990028907525224,1.00336238889316
22.8,1,0.995545036247664,0.988315401324588,1.00238635802125
23,1,0.994158177406292,0.986429638410793,1.00123706487989
23.2,1,0.992675171693878,0.984653316776558,1.00002204836288
23.4,1,0.991121246176755,0.982852155977449,0.99873928173917
23.6,1,0.989525611143257,0.981055650247306,0.997377505493078
23.8,1,0.987921254875793,0.979191138669236,0.995978923484902
24,1,0.986344661847279,0.977498691651825,0.994803789857312
24.2,1,0.984835457699489,0.975754106268026,0.993487905190801
24.4,1,0.983435985898991,0.974134428940788,0.992214924445677
24.6,1,0.982190822215506,0.972793301046976,0.991198685849629
24.8,1,0.98114623407049,0.971770937548357,0.990295627106356
25,1,0.980349592328344,0.97094015661901,0.989573518599212
25.2,1,0.979848743245315,0.970287110288644,0.989227927795444
25.4,1,0.979691348076263,0.969867704956979,0.989265974090709
25.6,1,0.979924197320387,0.969888222170828,0.989531956517654
25.8,1,0.980592505843238,0.970255545087672,0.990443279168482
26,1,0.981739194244325,0.971210556173359,0.991850239684914
26.2,1,0.983404160963902,0.972712058602308,0.994018611393296
26.4,1,0.985623548864688,0.974781065078219,0.996438653699707
26.6,1,0.988429009511289,0.977393709555949,0.999378201873042
26.8,1,0.991846968222945,0.980708063321691,1.00311764770062
27,1,0.99589789330091,0.984883662254044,1.00726835568348
27.2,1,1.00059557371393,0.989538276090003,1.01227278139756
27.4,1,1.00594641101983,0.994633005542856,1.01779211261571
27.6,1,1.01194873342286,1.00039270775165,1.02391560478134
27.8,1,1.01859214258762,1.00679605127817,1.03060577848604
28,1,1.0258569070681,1.01368877858335,1.03796190614292
28.2,1,1.03371341982625,1.02138260135274,1.0458770059163
28.4,1,1.04212174110458,1.02949423855934,1.05466384769536
28.6,1,1.05103125161804,1.03830211023347,1.0637475654918
28.8,1,1.06038044431584,1.04741150104038,1.07321184347073
29,1,1.07009688545995,1.05677152110307,1.08320768484138
29.2,1,1.08009737706377,1.06656932564497,1.09346182886722
29.4,1,1.09028835241732,1.0764316299703,1.1038281706027
29.6,1,1.10056653409802,1.08639596284104,1.1143122042836
29.8,1,1.11081987920434,1.09616868869309,1.12473472318828
30,1,1.12092882933487,1.10618265184481,1.13506715495887
30.2,1,1.13076787301095,1.11590202162457,1.14527552222931
30.4,1,1.14020741595135,1.12521133674722,1.15514820774493
30.6,1,1.14911594023219,1.13379309729033,1.16424784177183
30.8,1,1.15736241753485,1.14193964226838,1.17284438068729
31,1,1.16481892527115,1.14905307388563,1.18058308131929
31.2,1,1.17136339845561,1.15524120657284,1.18731354934018
31.4,1,1.17688243598228,1.16028664089303,1.19279191620914
31.6,1,1.18127406871206,1.16439547945936,1.19764979317089
31.8,1,1.18445038966225,1.16730442811231,1.2011874873436
32,1,1.18633994458642,1.1690507308835,1.20344413400977
32.2,1,1.18688978498488,1.16948838011451,1.20405830743157
32.4,1,1.18606709531773,1.16859533384331,1.20351643399837
32.6,1,1.18386032163495,1.16591788765519,1.20156358072005
32.8,1,1.18027974922586,1.16224605397723,1.19797341390804
33,1,1.17535750099919,1.15729975799527,1.1934301607512
33.2,1,1.16914695455038,1.15125119471614,1.187065245852
33.4,1,1.16172160245374,1.14420653390633,1.17953635273429
33.6,1,1.15317340538374,1.13567371507787,1.17105290109083
33.8,1,1.14361070950298,1.12611673377693,1.1615595267856
34,1,1.13315581672778,1.11557931252492,1.15100839527896
34.2,1,1.12194230799043,1.10471300575454,1.13960038655523
34.4,1,1.11011222495099,1.09286271645112,1.12771014244319
34.6,1,1.09781321478303,1.08095204089653,1.11537496610577
34.8,1,1.08519573615912,1.06837817413049,1.10265070391417
35,1,1.07241041328767,1.05552061970785,1.08985620509417
35.2,1,1.05960560997637,1.04283612106218,1.07697077029184
35.4,1,1.04692527854399,1.02999013703215,1.06419691779494
35.6,1,1.03450712031082,1.01754145746765,1.05169744011461
35.8,1,1.02248107660711,1.00530381848236,1.03961927709703
36,1,1.01096815279678,0.993444639435792,1.02809736935789
36.2,1,1.00007956351938,0.982010236898469,1.01729068302909
36.4,1,0.989916175732259,0.971338175630268,1.00699138670965
36.6,1,0.980568217446591,0.961426621751503,0.99768465409339
36.8,1,0.972115214314125,0.952622480290158,0.989425746219287
37,1,0.96462611326167,0.944864660658265,0.982000939040783
37.2,1,0.958159551872309,0.938007663068623,0.975594600626192
37.4,1,0.952764233770511,0.931968227096931,0.970139375942782
37.6,1,0.948479373438121,0.927135014293176,0.966334510893828
37.8,1,0.945335178225505,0.923394231684106,0.963830105228249
38,1,0.94335334041069,0.921112728107401,0.96228095645363
38.2,1,0.942547517634329,0.919772345074567,0.961974061438816
38.4,1,0.942923785592341,0.91932409960192,0.962891808172431
38.6,1,0.944481052256508,0.920359832660353,0.965164087637673
38.8,1,0.947211427928373,0.922188188154392,0.96868480134805
39,1,0.951100549978267,0.925662872154165,0.973489426530805
39.2,1,0.95612786508371,0.930285163779894,0.979230280562086
39.4,1,0.962266875099791,0.93608799472205,0.986257065072056
39.6,1,0.969485355331977,0.942562945444907,0.994439038113144
39.8,1,0.977745555921293,0.949424069282727,1.00394600720716
40,1,0.98700439829045,0.95742276305293,1.01474986394605
0,2,1.04547106754139,1.00484041828309,1.06776771938414
0.2,2,1.04532002246004,1.00477168986561,1.06747914394197
0.4,2,1.04515927586561,1.00453792840205,1.0671762807345
0.6,2,1.04498844523825,1.00427073496268,1.06696642323905
0.8,2,1.04480714992242,1.00399009800392,1.06669184106065
1,2,1.04461501212575,1.00398315038488,1.06638756758544
1.2,2,1.04441165787715,1.00381777167663,1.06613136283787
1.4,2,1.04419671793135,1.00352067879326,1.06585982424048
1.6,2,1.04396982860742,1.00320904308928,1.06545089700556
1.8,2,1.04373063254885,1.00311126297896,1.06514483054441
2,2,1.04347877939382,1.00299373441757,1.06484273076669
2.2,2,1.04321392634459,1.00258279952876,1.06453852495463
2.4,2,1.0429357386265,1.00215661346458,1.06426439975752
2.6,2,1.04264388982822,1.00181559450078,1.06392435129089
2.8,2,1.04233806211634,1.00178710153562,1.06357550550797
3,2,1.04201794631967,1.00148136929958,1.0630962302789
3.2,2,1.04168324188033,1.00115230009228,1.06264195223227
3.4,2,1.04133365667141,1.00072725611955,1.06222369115151
3.6,2,1.04096890668349,1.00033138933315,1.06176117344548
3.8,2,1.04058871558537,1.00037322653133,1.06128834895737
4,2,1.04019281416731,1.0001106561085,1.06073721207871
4.2,2,1.03978093967869,0.999936720844905,1.06016536533638
4.4,2,1.03935283507539,1.00008390000376,1.05962430182478
4.6,2,1.0389082481962,0.999649565382611,1.05906615307455
4.8,2,1.03844693089115,0.999198341819255,1.05850197283409
5,2,1.03796863812915,0.998712877723314,1.05789464945009
5.2,2,1.0374731271161,0.998269086314992,1.05723017515456
5.4,2,1.03696015645904,0.997782642340475,1.05661572554843
5.6,2,1.03642948541611,0.997333740879214,1.05605331922879
5.8,2,1.03588087327605,0.996904830890627,1.0555105720588
6,2,1.03531407891521,0.996329993538784,1.05492547666872
6.2,2,1.03472886058378,0.996007918295093,1.05432134892564
6.4,2,1.0341249759763,0.995405384744961,1.05363009471116
6.6,2,1.03350218264506,0.994991070880723,1.05277248923715
6.8,2,1.0328602388173,0.994591448239636,1.05206153821157
7,2,1.03219890467942,0.993991732268236,1.05144629579253
7.2,2,1.03151794419277,0.993384770816694,1.05071970617015
7.4,2,1.03081712750604,0.992775118388843,1.04994479532366
7.6,2,1.03009623402888,0.992163339162226,1.04914781447099
7.8,2,1.02935505622962,0.991483824990681,1.04833384977812
8,2,1.02859340421712,0.990833189182533,1.04743130533519
8.2,2,1.0278111111624,0.990199495105298,1.04649866122581
8.4,2,1.02700803960936,0.989573532347578,1.04555707161532
8.6,2,1.02618408871636,0.988861558304656,1.04466998181567
8.8,2,1.02533920246031,0.988143372136282,1.04365821544354
9,2,1.02447337882309,0.987496828280147,1.04269914138758
9.2,2,1.02358667996577,0.986912661518002,1.04169122978621
9.4,2,1.02267924337984,0.986318398993978,1.04057675870581
9.6,2,1.02175129398528,0.985720674928102,1.03947438135392
9.8,2,1.02080315712438,0.985138316984017,1.03829585858303
10,2,1.01983527237618,0.984571318963213,1.03711149043962
10.2,2,1.0188482080903,0.984001859884676,1.03595583188197
10.4,2,1.01784267651087,0.983309021244273,1.03488575258783
10.6,2,1.01681954933089,0.982482345552141,1.03366889941181
10.8,2,1.01577987348565,0.981889690663089,1.03250567511564
11,2,1.0147248869607,0.981261506099558,1.03123651263514
11.2,2,1.01365603435613,0.980615036872616,1.02989792128821
11.4,2,1.01257498191477,0.979894256074073,1.0285287321443
11.6,2,1.01148363168862,0.979304361587112,1.02709551786822
11.8,2,1.01038413448524,0.978770076333726,1.02571525682976
12,2,1.00927890120595,0.978294910733814,1.02429593806753
12.2,2,1.00817061216,0.977785877217312,1.02285263566232
12.4,2,1.0070622239161,0.977220941041517,1.02142380974988
12.6,2,1.00595697323351,0.976586983667638,1.01999831080728
12.8,2,1.00485837760324,0.976170082842516,1.01848983597453
13,2,1.00377023192386,0.975905752216334,1.01700480193831
13.2,2,1.00269660083902,0.975719910817893,1.01546976533863
13.4,2,1.00164180627557,0.975519084666479,1.01406050065706
13.6,2,1.00061040974219,0.975132245143491,1.01273319978808
13.8,2,0.999607188980758,0.97472217863755,1.0114289578874
14,2,0.998637108606519,0.974657850728383,1.01010390195994
14.2,2,0.997705284428617,0.974601803674803,1.00881608091319
14.4,2,0.996816941211473,0.974498879141191,1.00759984912431
14.6,2,0.995977363719126,0.974357965157829,1.0063541407639
14.8,2,0.995191840979734,0.974078605190664,1.00510822967151
15,2,0.994465603816392,0.974139513695697,1.00389758506391
15.2,2,0.993803755812843,0.974377757524491,1.00277116992973
15.4,2,0.993211198018622,0.974406363857321,1.00201008377121
15.6,2,0.992692547847374,0.97432458721109,1.00122609291131
15.8,2,0.992252052784235,0.974591500315232,1.00039074799923
16,2,0.991893499692145,0.975196698075732,0.999649528507315
16.2,2,0.991620120692193,0.975734023703656,0.998889594267994
16.4,2,0.991434496788112,0.976162571501144,0.998455275120512
16.6,2,0.991338460607716,0.976894691771533,0.998020422671513
16.8,2,0.991332999842663,0.977815250151971,0.997752595332584
17,2,0.991418163178617,0.978805602436548,0.997613039884569
17.2,2,0.991592970716965,0.979850925863254,0.997507565003303
17.4,2,0.991855331092097,0.98106609158824,0.997460286043167
17.6,2,0.992201967677735,0.982263695769912,0.997569403257104
17.8,2,0.992628356445467,0.983536506131442,0.997669487937611
18,2,0.993128678178839,0.984879403825579,0.997786250945309
18.2,2,0.99369578784742,0.986288148261224,0.998027341543427
18.4,2,0.994321203995174,0.98778402139316,0.998318168419615
18.6,2,0.994995120984269,0.989354536085626,0.998599725918926
18.8,2,0.995706446845598,0.990922759959635,0.998843794849103
19,2,0.996442869307187,0.992459743061621,0.999107207736719
19.2,2,0.997190952289478,0.993991140913868,0.99936160356186
19.4,2,0.99793626475996,0.995550965552125,0.999593102062211
19.6,2,0.99866354332082,0.997087958459232,0.999784724156668
19.8,2,0.999356889257176,0.998577340856029,0.999929234549486
20,2,1,1,1
20.2,2,1.00057643406384,0.999982062579294,1.00134557086108
20.4,2,1.00106990751793,0.999874465218456,1.00257989908402
20.6,2,1.00146461896278,0.999652168701478,1.00369949978949
20.8,2,1.00174559884224,0.999311902326934,1.00467463391736
21,2,1.00189907776253,0.998847245008713,1.00548982404766
21.2,2,1.00191286736036,0.998273846316809,1.00621249510688
21.4,2,1.00177674621399,0.997549011075147,1.00679484900152
21.6,2,1.00148284237945,0.996669943412692,1.00717419455488
21.8,2,1.00102600341461,0.995659462687625,1.00736221337481
22,2,1.00040414428047,0.994556530847194,1.00739633275032
22.2,2,0.999618563325553,0.993258868911175,1.00733698190598
22.4,2,0.998674216702707,0.991809373009113,1.00695711573361
22.6,2,0.99757994205603,0.990400818760694,1.00636345687245
22.8,2,0.996348623151143,0.988862088856774,1.00562385124417
23,2,0.994997288287315,0.987002204832794,1.00468940305566
23.2,2,0.993547136784794,0.985115928295275,1.00367437845196
23.4,2,0.992023489527641,0.983332613992078,1.00248330204684
23.6,2,0.990455661385182,0.981502210818426,1.00123811087172
23.8,2,0.988876755245575,0.979560098963701,0.999884024818938
24,2,0.987323379277156,0.977693057829643,0.998603782852443
24.2,2,0.985835290791361,0.97620112907595,0.997417441379173
24.4,2,0.984454971624415,0.974732506968696,0.996250066668711
24.6,2,0.983227141208379,0.97339885062657,0.995284445320371
24.8,2,0.982198214408117,0.972275190579487,0.99465055689805
25,2,0.981415711727086,0.971233555697783,0.994082568103457
25.2,2,0.980927629627908,0.97049274277336,0.993740868323686
25.4,2,0.980781778497925,0.970075247113811,0.993772547751132
25.6,2,0.981025095268906,0.970073995012201,0.994243074838267
25.8,2,0.981702936953525,0.970616176051918,0.995142586182161
26,2,0.982858360489707,0.971488619315387,0.99646341125926
26.2,2,0.984531393404557,0.973006401107076,0.99834215539934
26.4,2,0.986758299047915,0.975169481973593,1.00090030262032
26.6,2,0.989570839629217,0.977901558706895,1.00403697774468
26.8,2,0.992995540141193,0.98125002256392,1.00769100692234
27,2,0.997052956577528,0.98528267252044,1.01186322295821
27.2,2,1.00175695273244,0.989885312751109,1.01670303016037
27.4,2,1.00711399136447,0.995060768818062,1.02214371262874
27.6,2,1.01312244762911,1.0007558266737,1.02828976946424
27.8,2,1.01977195540757,1.00705973861284,1.03516059478546
28,2,1.02704280039949,1.01398775856137,1.04285324979133
28.2,2,1.03490537746549,1.02153831548884,1.05106195308997
28.4,2,1.04331973349923,1.02976148664469,1.05950886707079
28.6,2,1.05223522081199,1.03844036454936,1.06850577933215
28.8,2,1.06159028930052,1.04750416956806,1.07816830707532
29,2,1.07131244816602,1.05689645177275,1.08831318532731
29.2,2,1.08131842924896,1.06667877700089,1.09846871387379
29.4,2,1.09151458372443,1.07645389930833,1.10849515703953
29.6,2,1.10179754157154,1.08644789792406,1.11886047822307
29.8,2,1.11205515856095,1.09635290080551,1.12923917349888
30,2,1.1221677682807,1.1061613762823,1.13968619205902
30.2,2,1.13200974688394,1.11563524565599,1.1497586560383
30.4,2,1.14145138593862,1.12475551916581,1.15931701594109
30.6,2,1.15036105436854,1.13338861316139,1.16862676837329
30.8,2,1.15860761462909,1.14158385712765,1.17679939714925
31,2,1.16606304183255,1.14880338290741,1.18450449923082
31.2,2,1.17260517860522,1.15506571583163,1.1915023379677
31.4,2,1.17812054423641,1.16019714225519,1.19724437592629
31.6,2,1.18250710542246,1.16434604692672,1.20203360366296
31.8,2,1.18567690879447,1.16716743315396,1.20557142516054
32,2,1.18755847342074,1.1687237128283,1.20761124655359
32.2,2,1.18809884523929,1.16881412303987,1.20815189049413
32.4,2,1.18726522512524,1.16769218760537,1.20758199922119
32.6,2,1.18504609776353,1.16527267816775,1.2056489085485
32.8,2,1.18145180891149,1.16165476781443,1.20233311459652
33,2,1.17651456277349,1.15631383236339,1.19741485789844
33.2,2,1.17028783748336,1.15008728467978,1.19128306100929
33.4,2,1.16284524329792,1.14265689631944,1.18385641841592
33.6,2,1.15427887319376,1.13428930387035,1.17536726137317
33.8,2,1.1446972174097,1.12440676652765,1.16572247673273
34,2,1.13422273066163,1.11433219817582,1.1551695129754
34.2,2,1.12298915226767,1.10334606982336,1.14375197782483
34.4,2,1.11113868475257,1.0916619831491,1.13191339730493
34.6,2,1.09881913566192,1.07916819563181,1.11950359582686
34.8,2,1.08618112080422,1.06636262194039,1.10650963209338
35,2,1.07337541584557,1.05343620210655,1.09321272204386
35.2,2,1.06055052828559,1.04043643207305,1.08012014434424
35.4,2,1.04785054466835,1.02754626466712,1.06721285924576
35.6,2,1.03541328977006,1.01482832918554,1.05479090303287
35.8,2,1.02336881669645,1.00265352185438,1.04316268279878
36,2,1.01183823036467,0.990770710594337,1.03165478435673
36.2,2,1.00093283253812,0.979968431896628,1.02088781774225
36.4,2,0.990753564953004,0.969562358032032,1.01081346597644
36.6,2,0.981390718381738,0.959699795696884,1.00173821088332
36.8,2,0.972923869739424,0.95073140058511,0.993354156477263
37,2,0.965422006380622,0.943109184952159,0.98590982273307
37.2,2,0.958943796238347,0.936148526113061,0.979418410188282
37.4,2,0.953537964020042,0.930243364713948,0.97461703328988
37.6,2,0.949243736850654,0.925533302468715,0.971007754716607
37.8,2,0.9460913270965,0.921469693740352,0.968463780518991
38,2,0.944102425198606,0.919409014881276,0.966399464481354
38.2,2,0.943290680825483,0.91826677134023,0.966036094329998
38.4,2,0.943662156215212,0.917814749785255,0.966667111589794
38.6,2,0.945215740970498,0.918601457162717,0.969039601078642
38.8,2,0.947943522610118,0.921024264562969,0.972674354022665
39,2,0.951831111730635,0.924561923814238,0.976949989707174
39.2,2,0.956857924597933,0.92903262471151,0.982730997001284
39.4,2,0.962997429309086,0.934431650090643,0.989848859933025
39.6,2,0.970217364304778,0.940734702280967,0.997657309088565
39.8,2,0.978479939953307,0.948027609481479,1.00664650939664
40,2,0.987742035166508,0.95603687394344,1.01712729430314
0,3,1.06996136427406,1.03589457927988,1.10944727648486
0.2,3,1.06979841858529,1.03568792309168,1.10902402261017
0.4,3,1.06962522165653,1.03547004433021,1.10874545030901
0.6,3,1.06944139692432,1.03524072264926,1.10865181082099
0.8,3,1.06924657363796,1.03504405644623,1.10856556902281
1,3,1.06904038822649,1.03484881207192,1.10831042527453
1.2,3,1.06882248563915,1.03464209769855,1.10804990003861
1.4,3,1.06859252064642,1.0344098960805,1.1078484377952
1.6,3,1.06835015908886,1.03411426755605,1.10761329381908
1.8,3,1.0680950790612,1.03388915718641,1.107267445689
2,3,1.06782697201951,1.03366599494577,1.10695574500743
2.2,3,1.06754554380009,1.03341126373408,1.10667720471131
2.4,3,1.06725051553933,1.03319812540314,1.10642223994714
2.6,3,1.06694162448493,1.0329716903623,1.10605944649993
2.8,3,1.06661862469001,1.03267580631047,1.10570433927735
3,3,1.06628128758284,1.03231930084643,1.1053348416845
3.2,3,1.06592940240653,1.03198334047468,1.10489212757114
3.4,3,1.06556277652457,1.03173878883343,1.10441805086467
3.6,3,1.06518123558976,1.03150394168921,1.10393039093182
3.8,3,1.06478462357585,1.03115109547894,1.10342924110494
4,3,1.06437280267323,1.03084906964985,1.1029146870573
4.2,3,1.06394565305151,1.03055345749833,1.10249612830119
4.4,3,1.06350307249425,1.0302503436977,1.10200274707889
4.6,3,1.06304497591253,1.02988311775161,1.10120124556974
4.8,3,1.06257129474621,1.02961835020774,1.10072108662367
5,3,1.06208197626323,1.02922393613931,1.09985088246757
5.2,3,1.06157698276938,1.02870054791755,1.09897457240196
5.4,3,1.06105629074224,1.02827960199758,1.0984120239398
5.6,3,1.0605198899044,1.02785223212771,1.09783254172894
5.8,3,1.05996778225287,1.02738353216529,1.09723581574295
6,3,1.05939998106197,1.02693987964712,1.09662150012093
6.2,3,1.05881650987854,1.02642601325198,1.0959483822981
6.4,3,1.05821740152883,1.02593846577728,1.0953133537172
6.6,3,1.05760269715667,1.02547399513739,1.09470538969464
6.8,3,1.0569724453134,1.02501625421022,1.09408024962315
7,3,1.05632670111948,1.02453840863613,1.0934448022289
7.2,3,1.05566552551795,1.02407371975696,1.09279934101787
7.4,3,1.05498898463926,1.02360414810908,1.09219977060344
7.6,3,1.05429714929651,1.0231099708362,1.09139376075856
7.8,3,1.0535900946291,1.02253674022342,1.09054549471091
8,3,1.05286789991187,1.02198700507831,1.08963641480918
8.2,3,1.05213064854535,1.02140865415189,1.08881698970776
8.4,3,1.05137842824122,1.02083693289529,1.08796874088955
8.6,3,1.05061133141565,1.02025820948763,1.08709568423169
8.8,3,1.04982945580086,1.01968936625539,1.08618947301448
9,3,1.04903290528357,1.01910014479699,1.08524935039865
9.2,3,1.04822179097668,1.01855764110726,1.08416403196505
9.4,3,1.0473962325282,1.01794718091345,1.08302983290707
9.6,3,1.04655635966905,1.01737472997873,1.08186935318723
9.8,3,1.04570231399895,1.01670176363985,1.08068187798848
10,3,1.04483425100686,1.01612702479705,1.07946669841741
10.2,3,1.04395234232001,1.01557062062418,1.07822312241937
10.4,3,1.04305677817296,1.01502167913801,1.07698327655347
10.6,3,1.04214777008531,1.01446244946935,1.07569168884406
10.8,3,1.04122555373444,1.01393144554465,1.07445119452492
11,3,1.04029039200679,1.01331038407474,1.07318536302742
11.2,3,1.03934257820913,1.01255111314996,1.07190876789262
11.4,3,1.03838243941869,1.01208645087949,1.07059073204464
11.6,3,1.03741033994887,1.01151475489342,1.0692310080697
11.8,3,1.03642668490548,1.01102173276841,1.06782952146971
12,3,1.03543192380623,1.01050452635638,1.06638638162176
12.2,3,1.0344265542349,1.01003859303548,1.06490189175132
12.4,3,1.03341112549997,1.00953486212731,1.06337655779882
12.6,3,1.0323862422665,1.00903772850901,1.06181906719918
12.8,3,1.03135256812902,1.0085224529747,1.0602439051974
13,3,1.03031082909262,1.00806190803081,1.05863430278398
13.2,3,1.02926181692891,1.00762487657295,1.05698691331855
13.4,3,1.02820639237385,1.00716985262454,1.05534227499993
13.6,3,1.02714548813402,1.00673035325885,1.05361776147619
13.8,3,1.02608011166906,1.00620573973183,1.0518664077376
14,3,1.02501134771836,1.00582532112574,1.05004249011445
14.2,3,1.02394036054117,1.00548097075338,1.04818818722349
14.4,3,1.02286839584082,1.00502006542148,1.04631461118935
14.6,3,1.02179678234494,1.00466673806499,1.0444584598073
14.8,3,1.02072693301556,1.00408528405643,1.04258777281404
15,3,1.01966034586469,1.00346723901555,1.04073844110345
15.2,3,1.01859860435309,1.00287756164237,1.03895001634501
15.4,3,1.01754337735222,1.00217682657933,1.03716493677143
15.6,3,1.01649641865127,1.00160767434705,1.03510641387741
15.8,3,1.01545956599383,1.0011639039921,1.03329789565845
16,3,1.01443473963078,1.00060316090895,1.03149480211026
16.2,3,1.01342394037827,1.00016742316613,1.02981477201599
16.4,3,1.01242924717187,0.999842524190846,1.02795203730312
16.6,3,1.01145281411003,0.999616101075248,1.02608899020637
16.8,3,1.01049686698191,0.999130838953147,1.02416503084784
17,3,1.00956369927641,0.99876054098897,1.02238430833377
17.2,3,1.00865566767092,0.998499284673699,1.02061160671199
17.4,3,1.00777518699969,0.998251796512929,1.01874420184129
17.6,3,1.00692472470301,0.99806617111914,1.01701075197685
17.8,3,1.00610679475937,0.997944020838609,1.01525994654473
18,3,1.0053239511039,0.997821690538075,1.01357669029651
18.2,3,1.00457878053693,0.997732584988687,1.01200399602009
18.4,3,1.00387389512726,0.997758892647403,1.01045098309769
18.6,3,1.00321192411527,0.997796408793497,1.00899309787235
18.8,3,1.00259550532161,0.997872674691504,1.00753065656579
19,3,1.00202727606755,0.998038625648163,1.00611948907635
19.2,3,1.00150986361396,0.998275862085772,1.00479000449709
19.4,3,1.00104587512636,0.998587362468121,1.00348078991125
19.6,3,1.00063788717466,0.998975008882459,1.00223258241697
19.8,3,1.00028843477712,0.999451736923612,1.0010828801874
20,3,1,1,1
20.2,3,0.999775000125913,0.998987243812745,1.0006215179564
20.4,3,0.999615775406494,0.998046840766004,1.00131838780944
20.6,3,0.999524576417937,0.997165441360279,1.00211380656126
20.8,3,0.999503551041379,0.996365682933562,1.00301165405737
21,3,0.99955473109428,0.995672253646751,1.00401185130992
21.2,3,0.999680018643747,0.995071060313674,1.00511418303771
21.4,3,0.999881172038235,0.994575703627065,1.00627439845298
21.6,3,1.00015979170022,0.994132116552921,1.00752931001546
21.8,3,1.00051730572936,0.993737138687575,1.00886506436128
22,3,1.00095495537313,0.99339344027454,1.01035932386098
22.2,3,1.0014737804303,0.993121544605235,1.01197858795566
22.4,3,1.00207460466105,0.992995970679216,1.01363659462786
22.6,3,1.00275802128729,0.9929068966303,1.01537609912332
22.8,3,1.00352437867582,0.99285107335574,1.01728700643796
23,3,1.00437376630756,0.992905526674269,1.0193511753211
23.2,3,1.00530600114562,0.993115534681862,1.02138192059444
23.4,3,1.00632061452536,0.993328810520677,1.02359711696945
23.6,3,1.00741683969934,0.99360934936963,1.02589778248326
23.8,3,1.00859360017936,0.993963751208689,1.02833006003652
24,3,1.00984949902664,0.994414997285236,1.0307546570888
24.2,3,1.01118280924894,0.995017458951689,1.0333679750589
24.4,3,1.01259146546998,0.995518982436498,1.03587038152873
24.6,3,1.01407305704173,0.996013352750301,1.03845744222878
24.8,3,1.01562482277346,0.996516406964616,1.04138327133372
25,3,1.01724364745287,0.997079275163105,1.04441272556676
25.2,3,1.01892606033344,0.997631527210926,1.04737896883403
25.4,3,1.02066823575872,0.998270406467113,1.0501418039214
25.6,3,1.02246599608761,0.998998384284302,1.05300442969573
25.8,3,1.02431481707507,0.999781975597383,1.05605775139628
26,3,1.02620983584986,1.00079364137342,1.05910521743702
26.2,3,1.02814586161434,1.00175531423333,1.06219808716643
26.4,3,1.03011738917142,1.00273601079204,1.06536775812856
26.6,3,1.03211861536021,1.00370294896621,1.06851924364508
26.8,3,1.03414345845445,1.00461173872116,1.07109735699963
27,3,1.03618558054748,1.00561549725973,1.0743699237856
27.2,3,1.03823841291336,1.00661498036889,1.07747203352996
27.4,3,1.04029518429695,1.00742501837088,1.08058953076349
27.6,3,1.04234895204628,1.00817473557486,1.08385559845539
27.8,3,1.04439263595943,1.0091123116287,1.08714981756615
28,3,1.04641905467477,1.01019236725198,1.09021734522093
28.2,3,1.04842096439022,1.0111698340188,1.09349917034964
28.4,3,1.05039109965356,1.01235084246319,1.09641201515898
28.6,3,1.05232221592305,1.01331695321159,1.09916119680811
28.8,3,1.05420713355696,1.01433438458154,1.10214615892216
29,3,1.05603878285242,1.01542425214111,1.10493094050739
29.2,3,1.0578102497198,1.01650934650808,1.10769471569806
29.4,3,1.0595148215489,1.01745638653417,1.10993714316582
29.6,3,1.06114603279924,1.01833485669627,1.11216333236758
29.8,3,1.06269770982889,1.0192383156211,1.11473892584897
30,3,1.06416401446551,1.02016929961367,1.11683048601564
30.2,3,1.06553948582039,1.02105127222658,1.1186171444821
30.4,3,1.06681907985125,1.02181148579094,1.12027132696928
30.6,3,1.06799820619328,1.02241117096325,1.12206443064146
30.8,3,1.06907276179983,1.02293458248025,1.12389498389561
31,3,1.07003916096452,1.02344134295452,1.12526168310146
31.2,3,1.07089436133528,1.02392966384829,1.12590481142939
31.4,3,1.07163588557632,1.02421436796338,1.12657909092862
31.6,3,1.07226183838731,1.02453131630853,1.1272313863035
31.8,3,1.07277091864717,1.02492789014272,1.12722739834825
32,3,1.07316242651346,1.02508586278734,1.12747445212354
32.2,3,1.07343626537516,1.025162391194,1.12782421070857
32.4,3,1.07359293862594,1.02505100590911,1.12756664378332
32.6,3,1.07363354129455,1.02492813474859,1.12771216032853
32.8,3,1.07355974663897,1.02484042892388,1.12784479527947
33,3,1.07337378787801,1.02468875179657,1.12787031358033
33.2,3,1.07307843529829,1.02447755641565,1.12753933329752
33.4,3,1.07267696903445,1.02416199956941,1.12783212209284
33.6,3,1.07217314787415,1.02400081854057,1.12734543936174
33.8,3,1.071571174487,1.02374205995946,1.12698648352808
34,3,1.07087565751643,1.0230713745341,1.12619026272724
34.2,3,1.07009157100581,1.02243550606862,1.12510264496056
34.4,3,1.06922421165331,1.02163602449132,1.12389261568224
34.6,3,1.06827915440552,1.0209783068199,1.12276702649396
34.8,3,1.06726220690612,1.02043613393717,1.12128290257825
35,3,1.06617936331419,1.01988232020372,1.11998649567135
35.2,3,1.06503675799711,1.01895007891244,1.11810299200411
35.4,3,1.06384061958575,1.01838239857115,1.11647243348459
35.6,3,1.06259722585616,1.01766435876275,1.1149837101706
35.8,3,1.061312859872,1.01667592929888,1.11304852060678
36,3,1.05999376778738,1.01572611348246,1.11187186791358
36.2,3,1.058646118671,1.01449356334425,1.11000862098351
36.4,3,1.05727596667022,1.01310278145001,1.10867875355763
36.6,3,1.0558892157897,1.01159407070159,1.10838637411289
36.8,3,1.05449158751334,1.01016445040669,1.10663909094611
37,3,1.05308859145243,1.00857221571063,1.10656265736853
37.2,3,1.05168549915672,1.00666048035218,1.10595144764121
37.4,3,1.05028732118097,1.00495192027051,1.10494233907864
37.6,3,1.04889878745581,1.00349202316984,1.10414235800315
37.8,3,1.04752433097147,1.00186255510006,1.10398294997528
38,3,1.0461680747445,1.00023086608923,1.10381758742521
38.2,3,1.04483382200253,0.998625621859555,1.10352097217582
38.4,3,1.04352504949058,0.996560615183918,1.10310448120871
38.6,3,1.04224490377392,0.994261431829058,1.10246072024679
38.8,3,1.04099620038796,0.992207581013455,1.10182155713312
39,3,1.0397814256648,0.990470273880729,1.10167014658987
39.2,3,1.03860274104863,0.988694303119015,1.10162489954966
39.4,3,1.03746198969831,0.986598034278792,1.10167730889443
39.6,3,1.03636070516551,0.985110155851424,1.10142602776255
39.8,3,1.03530012192914,0.983482890223936,1.1013021609389
40,3,1.03428118756357,0.98141657805107,1.10119074023599
0,4,1.0305463056101,1.00098284915306,1.07072992704951
0.2,4,1.0304034197616,1.00082864371261,1.0705321328591
0.4,4,1.03025198820034,1.0005948627949,1.07027107298507
0.6,4,1.03009176026543,1.00038663745105,1.0700525394588
0.8,4,1.02992249901816,1.00022038934861,1.06982224053742
1,4,1.02974398299822,1.00002957376286,1.0695708295641
1.2,4,1.02955600795886,0.999828552992079,1.06926794504111
1.4,4,1.02935838856584,0.99971598077235,1.06883456616192
1.6,4,1.02915096004476,0.999686070034857,1.06840152118459
1.8,4,1.02893357976099,0.999654435913335,1.06819955697672
2,4,1.02870612871695,0.999609969963775,1.06776512997071
2.2,4,1.02846851295132,0.999501472156024,1.067232008
2.4,4,1.02822066482532,0.999280283585845,1.06673107351288
2.6,4,1.02796254418202,0.999020850229392,1.06630618824842
2.8,4,1.02769413936505,0.998740133169511,1.06598353454541
3,4,1.0274154680845,0.998513729785653,1.06573291825489
3.2,4,1.02712657811847,0.998343139627409,1.06543688556243
3.4,4,1.02682754784045,0.998161865346018,1.06497075491595
3.6,4,1.02651848656385,0.997895833225899,1.06452590528921
3.8,4,1.02619953469674,0.997553785509163,1.06413642296899
4,4,1.02587086370146,0.997203160740057,1.06372737323259
4.2,4,1.02553267585552,0.996861259040186,1.06333086295851
4.4,4,1.02518520381209,0.996624709004737,1.06290275127237
4.6,4,1.02482870996033,0.996375417246715,1.06243165057501
4.8,4,1.02446348558754,0.996113273358413,1.06199336087809
5,4,1.02408984984721,0.995838226110078,1.06153269613161
5.2,4,1.02370814853897,0.995550288375865,1.061045365019
5.4,4,1.02331875270811,0.995249541888597,1.06062199422058
5.6,4,1.0229220570744,0.994936141763219,1.05988735582751
5.8,4,1.02251847830146,0.994725816916281,1.05932822491205
6,4,1.0221084531197,0.994643269410863,1.05872153611476
6.2,4,1.02169243631727,0.994587362940943,1.0580673724885
6.4,4,1.02127089861489,0.994511481873083,1.0575900159589
6.6,4,1.0208443244416,0.994197224823219,1.05695361911064
6.8,4,1.02041320962954,0.993848604252134,1.05639258963818
7,4,1.01997805904681,0.993497968657057,1.05582133458112
7.2,4,1.01953938418816,0.993244341310213,1.05518018267923
7.4,4,1.01909770074362,0.9929431295838,1.05446784615646
7.6,4,1.01865352616573,0.99256132534992,1.0537335666198
7.8,4,1.01820737725614,0.992189136621545,1.05291891585601
8,4,1.01775976779196,0.99183109906921,1.05202693736528
8.2,4,1.01731120621259,0.991521208405533,1.0512901244086
8.4,4,1.0168621933866,0.991269843434401,1.05063276729803
8.6,4,1.0164132204783,0.991027708406571,1.04970742798974
8.8,4,1.01596476693224,0.99075415033948,1.04901921832651
9,4,1.01551729859339,0.990481148529199,1.04838424487338
9.2,4,1.01507126597923,0.990223692854408,1.04756575325347
9.4,4,1.01462710271896,0.989982448800251,1.04663754194157
9.6,4,1.0141852241735,0.989732051795713,1.04569595098627
9.8,4,1.01374602624847,0.98948949084262,1.04445764895084
10,4,1.01330988441061,0.989263920407131,1.04342856177723
10.2,4,1.01287715291637,0.989065032568931,1.04259882731228
10.4,4,1.01244816425975,0.988929371648432,1.04174337932058
10.6,4,1.01202322884413,0.988801346683613,1.04097647171213
10.8,4,1.01160263488151,0.988559879439192,1.04006802957658
11,4,1.01118664851995,0.988408976236823,1.03928093350643
11.2,4,1.01077551419857,0.988295611535939,1.03851222887456
11.4,4,1.01036945522701,0.988202542138607,1.03760701871605
11.6,4,1.00996867458468,0.988133375721683,1.03644896796614
11.8,4,1.00957335593286,0.988110372039374,1.03539519164368
12,4,1.00918366483112,0.988107300949134,1.03454826245159
12.2,4,1.00879975014738,0.988133674585905,1.03373108460144
12.4,4,1.00842174564955,0.988160168436232,1.03289788342916
12.6,4,1.00804977176487,0.988217142668843,1.03204872979913
12.8,4,1.00768393749156,0.988294189796307,1.03118379749275
13,4,1.00732434244601,0.988448570482009,1.03030336879303
13.2,4,1.00697107902771,0.988704852947392,1.02940783932385
13.4,4,1.00662423468259,0.988797695687379,1.02849772208763
13.6,4,1.00628389424508,0.988749418096606,1.02757365065499
13.8,4,1.0059501423379,0.988858376758178,1.02665559673162
14,4,1.00562306580846,0.988951692898647,1.02577370560776
14.2,4,1.00530275617995,0.989116656308152,1.02493640055125
14.4,4,1.00498931209534,0.989245792391331,1.02408957230924
14.6,4,1.0046828417322,0.989431205879955,1.0231273013523
14.8,4,1.0043834651664,0.989529305475734,1.02221137078495
15,4,1.00409131666317,0.989686835248516,1.02128880024468
15.2,4,1.00380654687436,0.990025710375277,1.02028533387617
15.4,4,1.00352932492123,0.990377297316178,1.01924785149777
15.6,4,1.003259840343,0.990578378471232,1.01824499820874
15.8,4,1.00299830489223,0.990713797019333,1.01733605157126
16,4,1.00274495415873,0.990925537197129,1.01635953880053
16.2,4,1.00250004900538,0.991047249778634,1.01536701205989
16.4,4,1.00226387679963,0.991304893855311,1.01443891363102
16.6,4,1.00203675242623,0.991613165762475,1.01345181266829
16.8,4,1.00181901906763,0.991825191857684,1.01243726151852
17,4,1.00161104873985,0.99214346053031,1.01145784413805
17.2,4,1.00141324257296,0.992579694092985,1.01058389531344
17.4,4,1.00122603082647,0.992895286209761,1.00961104675641
17.6,4,1.00104987263123,0.993277064625947,1.00864648922712
17.8,4,1.00088525545083,0.993649901910581,1.00773737405661
18,4,1.00073269425653,0.994076025729559,1.0069172317168
18.2,4,1.00059273041111,0.994516286805263,1.00610385046545
18.4,4,1.00046593025821,0.994967083817829,1.00528240357359
18.6,4,1.00035288341488,0.995462133882206,1.00449711170442
18.8,4,1.00025420076621,0.996001119792835,1.00377051477751
19,4,1.00017051216221,0.996583988856775,1.00304628312933
19.2,4,1.00010246381817,0.997221833327073,1.00234953207003
19.4,4,1.00005071542097,0.99786094564691,1.00171469305324
19.6,4,1.00001593694511,0.99855282209739,1.00111044958535
19.8,4,0.999998805183601,0.999260229620572,1.00053248110878
20,4,1,1,1
20.2,4,1.00002020030976,0.999510377068285,1.00077807353745
20.4,4,1.00006007980031,0.999071946870751,1.0015906251548
20.6,4,1.00012030240126,0.998674066146165,1.00244120470159
20.8,4,1.00020151751792,0.998308346113355,1.00333585556449
21,4,1.00030435504336,0.997946968449754,1.00427022441914
21.2,4,1.00042942016654,0.997657425075375,1.0052488169063
21.4,4,1.00057728799627,0.997424919655073,1.00626606695296
21.6,4,1.00074849802353,0.99724842466561,1.00731639666335
21.8,4,1.00094354844724,0.997103506262735,1.00841077004776
22,4,1.00116289039132,0.996985529614065,1.00950629740436
22.2,4,1.00140692204438,0.996817959008352,1.01064832886886
22.4,4,1.00167598275575,0.996718545047683,1.01178895185959
22.6,4,1.00197034712542,0.996669038390273,1.0130240943687
22.8,4,1.00229021912812,0.996663980616974,1.01425677369758
23,4,1.00263572631539,0.996598184685352,1.01551346485005
23.2,4,1.00300691414224,0.996525679179017,1.01660383447904
23.4,4,1.00340374046818,0.996583226174304,1.01777003490491
23.6,4,1.00382607028515,0.996571042217879,1.01893964076067
23.8,4,1.00427367072731,0.996494094346723,1.02016222337852
24,4,1.00474620641981,0.996371384458287,1.02154158044233
24.2,4,1.00524323522563,0.996220100761089,1.02293688072943
24.4,4,1.00576420445029,0.996172403784133,1.02431599859917
24.6,4,1.0063084475656,0.996077547776218,1.02575209049829
24.8,4,1.00687518151287,0.996003787075158,1.02728385561937
25,4,1.00746350464593,0.995973992790515,1.02883313727981
25.2,4,1.00807239537227,0.996034675605,1.03033998608238
25.4,4,1.00870071154856,0.99595594578933,1.03182706354423
25.6,4,1.00934719068338,0.995961001513945,1.03327400528357
25.8,4,1.01001045099563,0.995950165922247,1.03470903670638
26,4,1.01068899337228,0.99589489917961,1.0362109477583
26.2,4,1.01138120426232,0.995947624139876,1.03777043981719
26.4,4,1.01208535953716,0.996003808873693,1.0391942446831
26.6,4,1.01279962933927,0.996109799423421,1.04056072564344
26.8,4,1.01352208393176,0.996087612460417,1.04190335410953
27,4,1.01425070055202,0.99612038087124,1.04321372442764
27.2,4,1.01498337126149,0.996130689733255,1.04447054171495
27.4,4,1.01571791177256,0.996160935337372,1.04595154398759
27.6,4,1.01645207122176,0.996182150825379,1.04727797916764
27.8,4,1.01718354284584,0.996165683852497,1.04854582178686
28,4,1.01790997550551,0.9962145983484,1.04985447085494
28.2,4,1.01862898598844,0.996277579393557,1.05123576119028
28.4,4,1.01933817201139,0.996234009415559,1.05266880899253
28.6,4,1.02003512582902,0.996197267515602,1.05394500170696
28.8,4,1.02071744834597,0.996349774410358,1.05514434737017
29,4,1.02138276361793,0.996360786902966,1.05650101943563
29.2,4,1.02202873361815,0.996454510134466,1.05803268781992
29.4,4,1.02265307313781,0.996465784567438,1.05950972389171
29.6,4,1.02325356468137,0.996507185702466,1.06065443065385
29.8,4,1.02382807321362,0.996536734192634,1.06189308470531
30,4,1.02437456061113,0.996558904842318,1.06277816498453
30.2,4,1.02489109966998,0.996580319985486,1.0636909119735
30.4,4,1.02537588752198,0.996623607822416,1.06479809447815
30.6,4,1.02582725831454,0.996574825532996,1.06562880043231
30.8,4,1.02624369501417,0.996573053562784,1.06667422253565
31,4,1.02662384020072,0.996609365068862,1.06757811561775
31.2,4,1.0269665057286,0.996651046293239,1.06811881673229
31.4,4,1.02727068114234,0.996652140069395,1.0686869312948
31.6,4,1.02753554074674,0.996718395007533,1.06936554663558
31.8,4,1.02776044924667,0.996570324451298,1.0699442328464
32,4,1.02794496588749,0.996570452084215,1.07041738326182
32.2,4,1.02808884704446,0.996570645639197,1.07092719344319
32.4,4,1.02819204722773,0.996570848502227,1.07122779360142
32.6,4,1.02825471848819,0.99657100977112,1.07148812877693
32.8,4,1.02827720822894,0.996612080805676,1.07181539857263
33,4,1.02826005544593,0.996715429047777,1.07211135597309
33.2,4,1.02820398544043,0.996845070562412,1.07230902207856
33.4,4,1.02810990306401,0.996820994278986,1.072355027001
33.6,4,1.027978884574,0.996447498431139,1.07237896530718
33.8,4,1.02781216819348,0.996496459962822,1.07241450272087
34,4,1.02761114348419,0.996593937901269,1.0724174918086
34.2,4,1.0273773396538,0.996337811989416,1.07219832619196
34.4,4,1.0271124129298,0.996225590104105,1.07209945337798
34.6,4,1.02681813314105,0.995801496911651,1.07188310361277
34.8,4,1.02649636965513,0.995420477140646,1.07206269861087
35,4,1.02614907682375,0.994953842848744,1.07156892978354
35.2,4,1.02577827909123,0.994464478565176,1.07166944435358
35.4,4,1.02538605592094,0.993840569229968,1.07162090906034
35.6,4,1.02497452669264,0.992932737225791,1.07112777242848
35.8,4,1.02454583571983,0.992775826877154,1.07104680128812
36,4,1.02410213753005,0.99269524804059,1.07076422245609
36.2,4,1.02364558254363,0.992171828825501,1.07059965985926
36.4,4,1.0231783032771,0.990550426492527,1.07065074790446
36.6,4,1.02270240118702,0.990375875790704,1.070721752667
36.8,4,1.02221993425816,0.98961698466202,1.07087660396655
37,4,1.02173290542766,0.988669045625144,1.0710251235197
37.2,4,1.02124325192346,0.987646898077853,1.07110860356033
37.4,4,1.02075283558145,0.986964157847689,1.0711452741148
37.6,4,1.02026343419234,0.985917306275737,1.07117751661488
37.8,4,1.01977673391503,0.984960561727264,1.07129454515994
38,4,1.01929432277965,0.984032606276642,1.07127239902124
38.2,4,1.01881768529037,0.983112768814021,1.07125211333883
38.4,4,1.01834819812512,0.981995216861837,1.0712708941191
38.6,4,1.01788712691749,0.980791387439676,1.07128719262375
38.8,4,1.01743562409486,0.979547390141414,1.07126921401651
39,4,1.01699472773658,0.978213709966097,1.07121575870085
39.2,4,1.01656536140678,0.976951740485794,1.07119946475438
39.4,4,1.01614833490844,0.975799033310891,1.07121888228555
39.6,4,1.0157443458981,0.974689337065975,1.07123727552705
39.8,4,1.01535398229509,0.973623265108431,1.07125420492026
40,4,1.01497772541417,0.972601212784852,1.07126979688472
0,5,1.02483253442913,1.00808039843049,1.0430566566351
0.2,5,1.024704692601,1.00801960062619,1.04279436103905
0.4,5,1.02456934280091,1.00797610182353,1.04251178437864
0.6,5,1.02442627992872,1.00794860491275,1.04213557318337
0.8,5,1.02427531246785,1.00791745380295,1.04197107865814
1,5,1.02411626406351,1.00789792883497,1.04187457429291
1.2,5,1.0239489750758,1.00788191988268,1.04157889315506
1.4,5,1.02377330409368,1.00786428702018,1.04124452430998
1.6,5,1.02358912939613,1.00779012699814,1.04103244808966
1.8,5,1.02339635034636,1.00778241084136,1.04085090196682
2,5,1.02319488870536,1.0077405668803,1.04058759854969
2.2,5,1.0229846898513,1.00763807674165,1.04037476178109
2.4,5,1.02276572389164,1.00748694362912,1.04017485711191
2.6,5,1.02253798665555,1.00737403345002,1.04000208300235
2.8,5,1.02230150055505,1.00723106311201,1.03966572226037
3,5,1.02205631530401,1.00709408570826,1.0393336503489
3.2,5,1.02180250848542,1.00700169654658,1.03898870511093
3.4,5,1.02154018595836,1.00692145614954,1.03854937224111
3.6,5,1.02126948209768,1.00681740782481,1.03805632642228
3.8,5,1.02099055986033,1.00669988684853,1.03773862473397
4,5,1.02070361067443,1.00657348987086,1.03745417290404
4.2,5,1.020408854148,1.00651111427249,1.03708876143553
4.4,5,1.02010653759656,1.0064414575918,1.03678510425018
4.6,5,1.01979693539,1.00630036251192,1.03640581361592
4.8,5,1.01948034812085,1.00616928494723,1.03583183491971
5,5,1.01915710159798,1.00607052637339,1.03541701503942
5.2,5,1.01882754567096,1.00600729676649,1.03494985021919
5.4,5,1.01849205289217,1.00592486940055,1.03448513843498
5.6,5,1.01815101702517,1.00576982147905,1.03414145532031
5.8,5,1.01780485140915,1.00557624126671,1.03388605077872
6,5,1.0174539871908,1.00543881237731,1.03355645256295
6.2,5,1.01709887143583,1.00532519777333,1.03316669072684
6.4,5,1.01673996513379,1.00517390512393,1.0327042386856
6.6,5,1.01637774111051,1.00509264333177,1.0323217589587
6.8,5,1.01601268186346,1.00492219034615,1.03187451396608
7,5,1.01564527733576,1.00478553849221,1.03137894056825
7.2,5,1.01527602264546,1.0045498657131,1.03088794605105
7.4,5,1.01490541578646,1.00437169189415,1.03033607652682
7.6,5,1.01453395531827,1.00424553956662,1.02977335383072
7.8,5,1.01416213806134,1.00414897559427,1.02937445291978
8,5,1.01379045681478,1.00401106758526,1.02881628869687
8.2,5,1.01341939811306,1.00390084700502,1.02828611269261
8.4,5,1.01304944003769,1.00380657014179,1.02781779393614
8.6,5,1.01268105009961,1.00365917757305,1.02739053693052
8.8,5,1.01231468320691,1.00343703654447,1.02703212637862
9,5,1.01195077973221,1.00327742077409,1.02674400531373
9.2,5,1.01158976369278,1.00302763405452,1.0263521215349
9.4,5,1.01123204105549,1.00285071821344,1.02586306157195
9.6,5,1.01087799817791,1.00271815096164,1.02550466545503
9.8,5,1.01052800039522,1.00258051805128,1.02514569211244
10,5,1.01018239076176,1.00240956930873,1.02478442039613
10.2,5,1.00984148895459,1.00224111719694,1.02440104074223
10.4,5,1.00950559034517,1.00213866201433,1.02391248735554
10.6,5,1.00917496524369,1.00197654539077,1.02331844610332
10.8,5,1.00884985831961,1.0018137551627,1.02286403179883
11,5,1.00853048820014,1.00166122896455,1.0225132973869
11.2,5,1.00821704724728,1.00154059668026,1.02202962191929
11.4,5,1.00790970151252,1.00140893405052,1.02176368516888
11.6,5,1.00760859086715,1.00122648466762,1.0213736049754
11.8,5,1.00731382930439,1.00108271083989,1.02082914055404
12,5,1.0070255054088,1.00091938788158,1.02026042322764
12.2,5,1.00674368298684,1.0008220107676,1.01969030682533
12.4,5,1.00646840185137,1.00075368647276,1.01935665382248
12.6,5,1.00619967875187,1.00062543464831,1.01886161390092
12.8,5,1.00593750844109,1.00046557371349,1.01837376651096
13,5,1.00568186486796,1.000382739081,1.01788488074191
13.2,5,1.00543270248561,1.00027384961424,1.01750613093112
13.4,5,1.0051899576629,1.00018638265897,1.01719038805906
13.6,5,1.00495355018697,1.00009073943122,1.0166672942339
13.8,5,1.00472338484398,1.0000444984775,1.01596543626897
14,5,1.00449935306464,0.999974576798967,1.0151579521152
14.2,5,1.00428133462111,0.999902094473219,1.01456042013031
14.4,5,1.00406919936135,0.999850110265405,1.0141636358276
14.6,5,1.00386280896722,0.999815027027374,1.01368866278723
14.8,5,1.00366201872253,0.9997553983276,1.01316449640696
15,5,1.00346667927743,0.999699209058072,1.01278300812804
15.2,5,1.00327663839596,0.999639902791564,1.0124013625068
15.4,5,1.00309174267368,0.999607592558435,1.01196307080359
15.6,5,1.00291183921303,0.999573300038613,1.011527090523
15.8,5,1.0027367772446,0.999546837098174,1.01107995344439
16,5,1.0025664096829,0.999532891806898,1.01062187420421
16.2,5,1.00240059460638,0.999505664539956,1.01010659748796
16.4,5,1.00223919665186,0.999462626300843,1.00954336358443
16.6,5,1.00208208831446,0.999450482168023,1.00897982582505
16.8,5,1.00192915114524,0.999427586512201,1.00839258300268
17,5,1.00178027683942,0.999439143349141,1.00785451948436
17.2,5,1.00163536820905,0.999426360989066,1.00735466933367
17.4,5,1.0014943400351,0.999442968430003,1.0068267214347
17.6,5,1.0013571197948,0.999464076519134,1.0063025817499
17.8,5,1.001223648261,0.999499015033993,1.00577769950468
18,5,1.00109387997144,0.99951782211003,1.00525138976841
18.2,5,1.00096778356646,0.999535908706632,1.00472787539863
18.4,5,1.00084534199497,0.999569622469136,1.00423153864276
18.6,5,1.00072655258895,0.999611881263704,1.0036917604148
18.8,5,1.00061142700797,0.99964977163747,1.00314161375789
19,5,1.0004999910557,0.999694688331763,1.00259866689688
19.2,5,1.0003922843713,0.999744896364054,1.00205665014698
19.4,5,1.00028835999927,0.999800814502987,1.00152572709997
19.6,5,1.00018828384187,0.999860203251725,1.00100900715312
19.8,5,1.00009213399886,0.99992778817664,1.00050168537847
20,5,1,1,1
20.2,5,0.999911981936081,0.999508580728637,1.000083762727
20.4,5,0.999828189494729,0.999031407856157,1.00018528126053
20.6,5,0.999748740907774,0.998558014292515,1.00029308107994
20.8,5,0.999673761817243,0.998091864334284,1.00043466695275
21,5,0.999603384067424,0.997638753980199,1.00059675457912
21.2,5,0.999537744430773,0.997194791191739,1.00074236981042
21.4,5,0.999476983275717,0.996773646637442,1.00091144496195
21.6,5,0.999421243184691,0.99638864181438,1.00112740324557
21.8,5,0.99937066753096,0.995980424838729,1.00129886496981
22,5,0.999325399023049,0.995593677860408,1.00154299233201
22.2,5,0.999285578225779,0.995202625634496,1.00179756400168
22.4,5,0.999251342067108,0.994815628580269,1.00208521169673
22.6,5,0.999222822340146,0.994482951708059,1.00231194422136
22.8,5,0.999200144209874,0.99413662384213,1.00255738692733
23,5,0.999183424734214,0.993796683161335,1.00286953760282
23.2,5,0.999172771409213,0.993476656729176,1.00319834900627
23.4,5,0.999168280748171,0.993186951988655,1.00360817950694
23.6,5,0.999170036904588,0.992911216632342,1.00404356032881
23.8,5,0.999178110348822,0.992648613754049,1.00442377531948
24,5,0.999192556608287,0.992401777504941,1.004841222081
24.2,5,0.999213415080928,0.992179223263466,1.00526696930107
24.4,5,0.999240707931596,0.991945502847697,1.00565600415335
24.6,5,0.999274439080666,0.991718295382809,1.00610562887564
24.8,5,0.99931459329402,0.991502305711603,1.00665560888605
25,5,0.999361135383104,0.991351804184919,1.00711349403933
25.2,5,0.999414009523349,0.99115627464467,1.0076855006319
25.4,5,0.999473138698699,0.990966022296839,1.00823078612161
25.6,5,0.999538424279369,0.990786003569632,1.00884710906455
25.8,5,0.999609745739233,0.990612359888276,1.0093677110302
26,5,0.999686960518423,0.990497331868788,1.01000152938832
26.2,5,0.999769904035833,0.990294019088351,1.01075570127364
26.4,5,0.999858389855173,0.99010228672153,1.01136986089839
26.6,5,0.999952210007193,0.989962929858334,1.01198254218254
26.8,5,1.00005113546946,0.989872624925631,1.01261142915407
27,5,1.00015491680385,0.989783470634568,1.01317404356071
27.2,5,1.00026328495064,0.989703314870661,1.01391627533843
27.4,5,1.00037595217666,0.989631631814103,1.01450731194034
27.6,5,1.00049261317349,0.989566766290488,1.0151740946394
27.8,5,1.00061294630059,0.989484806415826,1.0156873411029
28,5,1.0007366149662,0.989457769755372,1.0166279839541
28.2,5,1.00086326913816,0.989412994789113,1.01749465999335
28.4,5,1.00099254697472,0.989376819830155,1.01828023811936
28.6,5,1.00112407656445,0.989393915723579,1.01889438917751
28.8,5,1.00125747776308,0.989437254661773,1.01963043155567
29,5,1.00139236411353,0.989465102222751,1.02010379770024
29.2,5,1.00152834483482,0.989469410615759,1.02061059210966
29.4,5,1.00166502686416,0.98939118305405,1.02126640101713
29.6,5,1.0018020169359,0.989283631856431,1.02172709311196
29.8,5,1.0019389236803,0.9892603435179,1.02209241129118
30,5,1.00207535972464,0.989235838841744,1.02260327330022
30.2,5,1.00221094377887,0.989277236625578,1.02303040972871
30.4,5,1.00234530268779,0.989202340878972,1.02341390456383
30.6,5,1.00247807343215,0.989273836492193,1.0238463941117
30.8,5,1.00260890506097,0.989428958042924,1.02417151283001
31,5,1.0027374605383,0.989377628392067,1.02446696157483
31.2,5,1.00286341848808,0.989217082726798,1.02476497042999
31.4,5,1.00298647482183,0.989155335100421,1.02509771517995
31.6,5,1.003106344235,0.989063156910479,1.02540078556933
31.8,5,1.00322276155913,0.988972595222407,1.02580578440676
32,5,1.00333548295838,0.988960244094274,1.02635380043114
32.2,5,1.00344428696064,0.98894670136766,1.02688374456941
32.4,5,1.00354897531522,0.988932004539914,1.02730624634535
32.6,5,1.00364937367078,0.988916206611964,1.02761088544367
32.8,5,1.00374533206939,0.988947556380767,1.02821447604819
33,5,1.00383672525415,0.988899162516762,1.02832281695194
33.2,5,1.00392345279012,0.988752896550146,1.02826155349922
33.4,5,1.00400543900025,0.988750480841171,1.02826655938341
33.6,5,1.00408263271966,0.988712749285967,1.02846602199822
33.8,5,1.00415500687386,0.98870710164633,1.02854080242895
34,5,1.00422255788812,0.988700936061084,1.02841098160717
34.2,5,1.00428530493675,0.988723235814611,1.0282506367499
34.4,5,1.00434328904299,0.988785596511303,1.02792577927504
34.6,5,1.004396572041,0.988803273026995,1.02775694773118
34.8,5,1.00444523541336,0.988669018370414,1.02727617822025
35,5,1.00448937901792,0.988514045550211,1.02712731190138
35.2,5,1.00452911971891,0.988574823770821,1.02713050188752
35.4,5,1.00456458993808,0.988464473994579,1.02708796379688
35.6,5,1.00459593614148,0.988359303324081,1.02706158761146
35.8,5,1.00462331727834,0.988330621557042,1.02684230624774
36,5,1.00464690318805,0.98828677126846,1.02690542582613
36.2,5,1.00466687299121,0.988116502638394,1.0268037771047
36.4,5,1.00468341348032,0.988058395195631,1.02697337715017
36.6,5,1.00469671752513,0.988033629411941,1.02693771436721
36.8,5,1.00470698250679,0.987998167622682,1.0269783129858
37,5,1.00471440879416,0.987869786083614,1.02677856307871
37.2,5,1.00471919827471,0.987862200748347,1.02679208601843
37.4,5,1.00472155295091,0.987876366444197,1.0267279281864
37.6,5,1.00472167361237,0.987813933925097,1.02684768079645
37.8,5,1.00471975859203,0.987796874018394,1.02700053717599
38,5,1.00471600261396,0.987697796421742,1.02703543293859
38.2,5,1.00471059573846,0.98768640465648,1.02717425868145
38.4,5,1.00470372240918,0.98767568148863,1.02736619240874
38.6,5,1.00469556060514,0.987664663022489,1.02776584946983
38.8,5,1.00468628109981,0.987556139244453,1.02800164756129
39,5,1.00467604682737,0.987413146890082,1.02809710319621
39.2,5,1.00466501235589,0.987324026808262,1.02836260783175
39.4,5,1.00465332346518,0.987257036140772,1.02848273899933
39.6,5,1.00464111682672,0.987181736015546,1.02852037748588
39.8,5,1.00462851978174,0.987080536129016,1.02855451030308
40,5,1.00461565021265,0.987010482476868,1.02858541125674
0,6,1.02110309029325,1.00527670274497,1.03918660227849
0.2,6,1.02099072629198,1.0052721414307,1.03899596842752
0.4,6,1.02087175549087,1.00526714305305,1.0386829640809
0.6,6,1.02074599597251,1.00526167529203,1.03838982821212
0.8,6,1.02061327758789,1.00524786258018,1.03814692173758
1,6,1.02047344334193,1.00522705202703,1.03794909726271
1.2,6,1.02032635075914,1.00520338509444,1.03760798908711
1.4,6,1.02017187321771,1.00517753404657,1.03729085098982
1.6,6,1.02000990124007,1.00513455795466,1.03699212715213
1.8,6,1.01984034372804,1.00510403490158,1.03669842524274
2,6,1.01966312913064,1.0051036521361,1.03641644563043
2.2,6,1.01947820653304,1.00506282067375,1.03618326348114
2.4,6,1.01928554665539,1.0050273911309,1.03579382165478
2.6,6,1.0190851427509,1.00498449952516,1.03543227973383
2.8,6,1.01887701139288,1.00496114186057,1.03508410842535
3,6,1.01866119314176,1.00493351870549,1.03477941384335
3.2,6,1.01843775308332,1.00489605002365,1.03446492969409
3.4,6,1.01820678123092,1.00482873753961,1.03403725299384
3.6,6,1.01796839278531,1.00474452467204,1.03361181363629
3.8,6,1.01772272824672,1.00465496372866,1.03319221237083
4,6,1.0174699533755,1.00456630596812,1.03266296609326
4.2,6,1.01721025899844,1.00451854723766,1.03212940197013
4.4,6,1.01694386065954,1.00447923795276,1.03166088148666
4.6,6,1.01667099811526,1.00443907327965,1.031189401537
4.8,6,1.01639193467575,1.00436102065837,1.0307389090785
5,6,1.01610695639453,1.00425612367568,1.03028697062441
5.2,6,1.01581637111121,1.00410031375086,1.02982480529944
5.4,6,1.01552050735211,1.00394733463302,1.02949124790714
5.6,6,1.01521971309593,1.00382280856229,1.02911892335238
5.8,6,1.01491435441199,1.00372454443544,1.02861574543468
6,6,1.01460481398007,1.00359946888982,1.02792250693695
6.2,6,1.014291489502,1.00350112840432,1.02746820631157
6.4,6,1.01397479201553,1.00342977792389,1.02696661505434
6.6,6,1.01365514412256,1.00330423745722,1.0264676744349
6.8,6,1.0133329781439,1.00321707953551,1.02605241601937
7,6,1.01300873421357,1.0031260111476,1.02561259552623
7.2,6,1.01268285832629,1.00304761822255,1.02516911022911
7.4,6,1.01235580035164,1.00293988652113,1.02462863388149
7.6,6,1.01202801202919,1.00285711173728,1.02419175912288
7.8,6,1.0116999449586,1.00274672291986,1.02371446480032
8,6,1.01137204859868,1.002654835206,1.02321416049244
8.2,6,1.01104476828954,1.00252215894018,1.02269127885863
8.4,6,1.01071854331134,1.00239361075441,1.02219347777538
8.6,6,1.01039380499304,1.00225580990812,1.02170527587566
8.8,6,1.01007097488394,1.00208452002949,1.02119647456383
9,6,1.00975046300028,1.00196705958679,1.02096359463689
9.2,6,1.00943266615856,1.00184323935637,1.02057560278948
9.4,6,1.00911796640626,1.00170772781657,1.02015280317086
9.6,6,1.00880672956016,1.00154464928485,1.01967227305786
9.8,6,1.0084993038613,1.00143406065159,1.01936449806284
10,6,1.00819601875466,1.00134701027249,1.01909989037973
10.2,6,1.00789718380081,1.00126832178155,1.01862447043513
10.4,6,1.00760308772561,1.00113831096445,1.01821764655786
10.6,6,1.00731399761276,1.00103544537656,1.01778695514105
10.8,6,1.00703015824328,1.00088476033657,1.01741828019681
11,6,1.00675179158443,1.00071879307112,1.01713372982246
11.2,6,1.00647909642959,1.00059759148639,1.01684728939236
11.4,6,1.0062122481896,1.00048781598092,1.01645618916948
11.6,6,1.00595139883454,1.0004174630724,1.01604881700266
11.8,6,1.00569667698409,1.00034612359476,1.01566199228363
12,6,1.00544818814333,1.00019687365629,1.01529586750201
12.2,6,1.0052060150798,1.00002778123496,1.01486153288594
12.4,6,1.00497021833645,0.999876842225187,1.01447076866225
12.6,6,1.00474083687434,0.999797938158949,1.01406938709715
12.8,6,1.00451788883776,0.999772744046477,1.01366599767753
13,6,1.0043013724337,0.999719302443202,1.0133046995524
13.2,6,1.00409126691667,0.999655366904349,1.01293040389652
13.4,6,1.00388753366936,0.999586581264721,1.01249113967508
13.6,6,1.00369011736868,0.999521608826989,1.01212203933132
13.8,6,1.00349894722645,0.999386045811497,1.01177842087172
14,6,1.00331393829345,0.999257968798104,1.01136506089052
14.2,6,1.00313499281523,0.999244845827551,1.01102538614413
14.4,6,1.00296200162778,0.999237331500547,1.0106742426367
14.6,6,1.00279484558125,0.99921363745696,1.01032915713104
14.8,6,1.00263339697965,0.999181569798951,1.01000340869537
15,6,1.0024775210249,0.999153348151389,1.00954725829226
15.2,6,1.00232707725338,0.999152288375981,1.00910497954007
15.4,6,1.00218192095402,0.999126235962077,1.00873793135175
15.6,6,1.00204190455691,0.999093120717817,1.00836845068358
15.8,6,1.00190687898231,0.999057148797729,1.007947947539
16,6,1.00177669494041,0.999066138317964,1.0075135775926
16.2,6,1.00165120417283,0.999086260550864,1.0071693519528
16.4,6,1.00153026062794,0.99909647201204,1.00685266510139
16.6,6,1.00141372156254,0.999114118673093,1.00645938750599
16.8,6,1.00130144856377,0.999151973286644,1.00601044823444
17,6,1.00119330848558,0.999139972273367,1.00564918378228
17.2,6,1.00108917429557,0.999190160183829,1.00526587950219
17.4,6,1.00098892582866,0.999238315060375,1.00482369164416
17.6,6,1.00089245044503,0.999259627905695,1.0044180175937
17.8,6,1.00079964359105,0.999263340431036,1.00405078414237
18,6,1.00071040926245,0.999295404603145,1.00363969649444
18.2,6,1.00062466037029,0.999357353990027,1.00323635516656
18.4,6,1.00054231901078,0.999406676662868,1.00284621099945
18.6,6,1.00046331664124,0.999457255675638,1.0024778973673
18.8,6,1.0003875941647,0.999533755140826,1.00212699757332
19,6,1.00031510192685,0.999602345490722,1.00178751866685
19.2,6,1.00024579962926,0.999669875931084,1.00141644317224
19.4,6,1.00017965616339,0.999743034449102,1.00105719433561
19.6,6,1.00011664937051,0.99982158629122,1.0007029726615
19.8,6,1.0000567657326,0.999908046647104,1.00035036208935
20,6,1,1,1
20.2,6,0.999946354761346,0.999648645790897,1.00010119119509
20.4,6,0.999895839961637,0.999296606168529,1.00021347525311
20.6,6,0.999848472374192,0.99895619985868,1.00033415697586
20.8,6,0.9998042750322,0.998623638382935,1.00045029256402
21,6,0.999763276625438,0.998304681525791,1.00060118337437
21.2,6,0.999725510867544,0.997981493394297,1.0007516673489
21.4,6,0.999691015839006,0.997665108891045,1.00090880529382
21.6,6,0.999659833310744,0.997356160702683,1.00111922213885
21.8,6,0.999632008052907,0.997042348917503,1.00130564744761
22,6,0.999607587133157,0.996730258617524,1.00152140025952
22.2,6,0.999586619208436,0.996433616813635,1.00174776822321
22.4,6,0.999569153813879,0.996142796920023,1.00196041208969
22.6,6,0.999555240652251,0.99584010593583,1.00218316631301
22.8,6,0.999544928887014,0.995563770377823,1.00242494890804
23,6,0.999538266441858,0.99529427410616,1.00273842693971
23.2,6,0.999535299309339,0.995058333781911,1.00302770636797
23.4,6,0.999536070871069,0.994863564226196,1.00331007766161
23.6,6,0.999540621231758,0.99468453653365,1.00359708442205
23.8,6,0.999548986569338,0.994521330960024,1.00396000295425
24,6,0.999561198503285,0.994373957142526,1.00434383969073
24.2,6,0.999577283483299,0.994242354409376,1.00473457777701
24.4,6,0.999597262200469,0.994126553664519,1.00509732402304
24.6,6,0.99962114902313,0.994025873600666,1.00546462684159
24.8,6,0.999648951459686,0.993940532935783,1.0058332831236
25,6,0.999680669650783,0.993869576447934,1.00622645321329
25.2,6,0.999716295893313,0.993770714796456,1.00666215745528
25.4,6,0.999755814198876,0.993643955347074,1.00709643969878
25.6,6,0.999799199889416,0.993531981759921,1.00750429489089
25.8,6,0.999846419232893,0.993355502048471,1.00786647229095
26,6,0.999897429121896,0.993232266200964,1.00822392259692
26.2,6,0.999952176798198,0.993149917242514,1.00857566309831
26.4,6,1.00001059962627,0.993017745424543,1.00893333994715
26.6,6,1.0000726249187,0.992958962808808,1.00928558034415
26.8,6,1.00013816981657,0.992834227637577,1.00963402942115
27,6,1.00020714122732,0.992776017328603,1.01002051834343
27.2,6,1.00027943582304,0.992693663185477,1.01048868438208
27.4,6,1.00035494010126,0.992700954460166,1.01093238023935
27.6,6,1.00043353051038,0.992645186980712,1.01138012984844
27.8,6,1.00051507364144,0.992601121366538,1.0116728196362
28,6,1.00059942648734,0.99261702873573,1.01213688819975
28.2,6,1.00068643677024,0.992641926366231,1.01264487462729
28.4,6,1.00077594333727,0.992668933138888,1.01311387225984
28.6,6,1.0008677766241,0.99268997076766,1.01346426428751
28.8,6,1.00096175918518,0.992727974164345,1.01378959020303
29,6,1.00105770628888,0.992788437446055,1.01411075286472
29.2,6,1.00115542657494,0.99288549777093,1.01442463428991
29.4,6,1.0012547227711,0.992947843898214,1.01482830041475
29.6,6,1.00135539246482,0.992937475145714,1.01526059819708
29.8,6,1.00145722892547,0.992949156699357,1.01569177266496
30,6,1.00156002197166,0.993024666399893,1.01603637852134
30.2,6,1.00166355887777,0.99297688228853,1.01644699015123
30.4,6,1.00176762531299,0.993062179913094,1.01691811105747
30.6,6,1.00187200630588,0.993145049723683,1.01736338066777
30.8,6,1.00197648722684,0.993144678363151,1.01768603039197
31,6,1.00208085478061,0.993197132141895,1.01795825482875
31.2,6,1.00218489800061,0.993249888949993,1.01826114131568
31.4,6,1.00228840923665,0.993223573059398,1.01848307071386
31.6,6,1.00239118512772,0.993212012229276,1.0188050149117
31.8,6,1.00249302755129,0.993193622081572,1.01924869563787
32,6,1.00259374454087,0.993185885427977,1.01967387654708
32.2,6,1.00269315116392,0.993166542311975,1.01992312910775
32.4,6,1.00279107035222,0.993177773915992,1.02027631579173
32.6,6,1.0028873336776,0.993208018821641,1.02061900520134
32.8,6,1.00298178206642,0.993281479364212,1.02091799730785
33,6,1.00307426644657,0.993379746943495,1.02125931452724
33.2,6,1.00316464832183,0.993411434660417,1.0215433176593
33.4,6,1.003252800269,0.993408940988811,1.02147906875346
33.6,6,1.00333860635418,0.993396499713581,1.02170241452917
33.8,6,1.00342196246519,0.993412051031053,1.02209486113652
34,6,1.00350277655858,0.993458328849012,1.0222747932149
34.2,6,1.00358096881996,0.993471752871783,1.02264754497185
34.4,6,1.00365647173784,0.993452585294195,1.02283488230801
34.6,6,1.00372923009179,0.993440479763728,1.02301770326034
34.8,6,1.00379920085676,0.993425587654764,1.02314245803298
35,6,1.00386635302627,0.993385327422097,1.02343985241932
35.2,6,1.00393066735785,0.993341878456243,1.02347637474672
35.4,6,1.00399213604512,0.993288788910656,1.02367849824888
35.6,6,1.00405076232121,0.993260682145244,1.02382645890795
35.8,6,1.00410655999927,0.993279379567117,1.02410970313106
36,6,1.00415955295595,0.993254052531871,1.0242632436186
36.2,6,1.0042097745643,0.993264095339176,1.02434575992092
36.4,6,1.00425726708298,0.993292771375334,1.02444428805749
36.6,6,1.00430208100872,0.993335413198399,1.02468304595734
36.8,6,1.00434427439913,0.993353791614767,1.02479114696181
37,6,1.00438391217325,0.99331506535684,1.02476274477494
37.2,6,1.00442106539676,0.993271993921292,1.02481630334339
37.4,6,1.00445581055899,0.993253356390959,1.02493677249878
37.6,6,1.00448822884848,0.993132081350392,1.02506347681249
37.8,6,1.00451840543362,0.993037450476411,1.0250904729254
38,6,1.00454642875438,0.993039201001133,1.02518784971416
38.2,6,1.00457238983102,0.992948730336805,1.02522358537706
38.4,6,1.00459638159477,0.992946522022512,1.02532614131235
38.6,6,1.00461849824543,0.992864841489065,1.0253692684657
38.8,6,1.00463883463987,0.99275921126655,1.02540758781162
39,6,1.00465748571511,0.992726802066464,1.02544144034023
39.2,6,1.004674545949,0.992713411257576,1.02547115740438
39.4,6,1.00469010886084,0.992699586401899,1.0254973918605
39.6,6,1.00470426655393,0.992582789343899,1.02550520012746
39.8,6,1.00471710930114,0.99253249632497,1.02556861607239
40,6,1.00472872517441,0.992482246940602,1.02572287241175
0,7,1.01346889474178,1.00162202556892,1.03085732303812
0.2,7,1.01340026787917,1.00164109955801,1.03064764155146
0.4,7,1.01332756799432,1.00164402691068,1.03043965012639
0.6,7,1.01325067600292,1.00161256629839,1.03019778366249
0.8,7,1.01316947913644,1.00162482849267,1.02994586107921
1,7,1.01308387175975,1.00165407885702,1.02973819671074
1.2,7,1.01299375618383,1.0016332217086,1.02940838581494
1.4,7,1.01289904346718,1.00160653272429,1.02897393524917
1.6,7,1.01279965419998,1.00164171025351,1.02873111257704
1.8,7,1.01269551926455,1.00166335196827,1.02843177867401
2,7,1.01258658056589,1.00171303457241,1.02810400457488
2.2,7,1.01247279172622,1.00177605046758,1.02774652813424
2.4,7,1.01235411873735,1.00182860560464,1.02738623629065
2.6,7,1.01223054056503,1.00192906722022,1.02707259615526
2.8,7,1.01210204969984,1.00183935681383,1.02678327972218
3,7,1.01196865264902,1.00186521150233,1.02648241238118
3.2,7,1.01183037036465,1.0019045414654,1.02610577341793
3.4,7,1.01168723860331,1.00192610226979,1.0257424141615
3.6,7,1.01153930821337,1.00195454064147,1.02533641791871
3.8,7,1.01138664534612,1.00195191172747,1.02491473236563
4,7,1.01122933158783,1.00182410299359,1.02449758987224
4.2,7,1.01106746400998,1.00176667650926,1.02412200949997
4.4,7,1.0109011551359,1.00164736221299,1.02370889963022
4.6,7,1.01073053282225,1.00153867318701,1.02328718129851
4.8,7,1.01055574005467,1.00139165434087,1.02286354024067
5,7,1.01037693465735,1.00134498208791,1.02242073393646
5.2,7,1.01019428891692,1.00135552770127,1.02202664312091
5.4,7,1.01000798912176,1.00129683816323,1.02157432355276
5.6,7,1.00981823501832,1.00129194924767,1.0211978505763
5.8,7,1.00962523918651,1.0012930764145,1.0209360359906
6,7,1.00942922633726,1.00124883750026,1.02058520882616
6.2,7,1.00923043253523,1.00116002099137,1.02020897925553
6.4,7,1.00902910435078,1.00106162263025,1.01987517147306
6.6,7,1.00882549794552,1.00099482920746,1.01942002716851
6.8,7,1.00861987809619,1.00095755679327,1.01909714823795
7,7,1.00841251716245,1.00086668345432,1.01876530657789
7.2,7,1.00820369400401,1.00085432261682,1.01838474381636
7.4,7,1.00799369285357,1.00082078739315,1.01804662283006
7.6,7,1.00778280215183,1.00071501691674,1.01766119154528
7.8,7,1.00757131335161,1.00059303107433,1.0172710017096
8,7,1.00735951969802,1.00042654814155,1.01690592324956
8.2,7,1.00714771499222,1.00029929492286,1.01658221804719
8.4,7,1.00693619234628,1.00015291496479,1.01621423479274
8.6,7,1.00672524293684,1.00003730163935,1.01577239676827
8.8,7,1.0065151547655,0.999868536299821,1.01551616723654
9,7,1.0063062114338,0.999702687952739,1.01528874675025
9.2,7,1.00609869094074,0.999646918994919,1.01497852134146
9.4,7,1.00589286451063,0.999565017716077,1.01446145429951
9.6,7,1.00568899545919,0.999455598176612,1.01401430253217
9.8,7,1.00548733810527,0.999362545479432,1.0135199821708
10,7,1.00528813673583,0.999298353091746,1.01320541526574
10.2,7,1.00509162463098,0.999211525968227,1.01282231125312
10.4,7,1.00489802315601,0.99911873786752,1.01238097903925
10.6,7,1.00470754092669,0.999009573343605,1.01205502235553
10.8,7,1.00452037305348,0.998994401419736,1.01174560155628
11,7,1.00433670047028,0.998895030514862,1.01143134155006
11.2,7,1.00415668935208,0.998843997685097,1.01109107352327
11.4,7,1.00398049062572,0.998802136068114,1.01078081025479
11.6,7,1.00380823957717,0.998786546503093,1.01051216083789
11.8,7,1.00364005555775,0.998671724082139,1.0102515361133
12,7,1.00347604179117,0.998565636640726,1.00992234595725
12.2,7,1.00331628528253,0.998549335487339,1.00957889475117
12.4,7,1.00316085682923,0.998537807033146,1.00921125517222
12.6,7,1.0030098111332,0.998499695235633,1.00880215270928
12.8,7,1.00286318701301,0.998519347492071,1.00850239492828
13,7,1.00272100771327,0.998611668181944,1.00827171557059
13.2,7,1.00258328130829,0.998603522723179,1.00803782362417
13.4,7,1.00245000119585,0.998519898535131,1.00768223116712
13.6,7,1.00232114667641,0.998477933422884,1.00739821990706
13.8,7,1.00219668361208,0.998487299735101,1.00713255530781
14,7,1.00207656515936,0.998484067938407,1.00680620304665
14.2,7,1.00196073256866,0.998483053139751,1.00652929626376
14.4,7,1.00184911604355,0.998486253293601,1.00619475492522
14.6,7,1.00174163565167,0.998471922526011,1.0058813111502
14.8,7,1.00163820227946,0.99848666788046,1.00557503342725
15,7,1.00153871862208,0.998520995965516,1.00531136019909
15.2,7,1.00144308020013,0.998526861197097,1.00505533332612
15.4,7,1.00135117639439,0.998559718290042,1.00474214260529
15.6,7,1.00126289148991,0.99856221499024,1.00448423345063
15.8,7,1.00117810572105,0.998571329098195,1.00424673445751
16,7,1.00109669630892,0.998586849658711,1.00400236928702
16.2,7,1.00101853848331,0.998616120963947,1.00377201985872
16.4,7,1.00094350648133,0.998643033727963,1.00352894212326
16.6,7,1.00087147451547,0.998700178530308,1.00328258825093
16.8,7,1.00080231770444,0.998773396444909,1.0030470500218
17,7,1.00073591296048,0.998853457480362,1.002812852491
17.2,7,1.00067213982764,0.998916291479394,1.00258929621739
17.4,7,1.00061088126602,0.998996301081438,1.002391360289
17.6,7,1.00055202437792,0.999076038523789,1.00218225202251
17.8,7,1.00049546107205,0.999141095539799,1.00195703233621
18,7,1.00044108866335,0.999189237220941,1.00175217616825
18.2,7,1.00038881040586,0.999248385778098,1.00153064808878
18.4,7,1.0003385359576,0.999320789098651,1.00135181315863
18.6,7,1.00029018177635,0.999402945252871,1.00118391738775
18.8,7,1.00024367144637,0.999482853558183,1.00098436385602
19,7,1.00019893593641,0.999575027774496,1.00081637612875
19.2,7,1.00015591379006,0.999649826752503,1.00064568154228
19.4,7,1.00011455124983,0.999729033609558,1.00048189172904
19.6,7,1.00007480231698,0.999813338770148,1.00031929020698
19.8,7,1.00003662874939,0.999903040661593,1.00015881552195
20,7,1,1,1
20.2,7,0.999964893098914,0.999841147240122,1.00010072325254
20.4,7,0.99993129248205,0.999681337601496,1.00020378277187
20.6,7,0.999899189769771,0.999528240051934,1.00031635055095
20.8,7,0.999868583498766,0.999384336379716,1.00042305131125
21,7,0.999839478810624,0.999235345757909,1.00053472049527
21.2,7,0.999811887100506,0.999082891909132,1.00065960041668
21.4,7,0.999785825629327,0.998939117472749,1.00077971092648
21.6,7,0.999761317102786,0.998784673502415,1.00091610737419
21.8,7,0.99973838922049,0.998624522767294,1.0010601037988
22,7,0.999717074198368,0.998469167751702,1.00120044489142
22.2,7,0.999697408267405,0.998323668224095,1.00135878669929
22.4,7,0.999679431151674,0.998185536660762,1.00153240922514
22.6,7,0.999663185528499,0.998038809898512,1.00169997643252
22.8,7,0.999648716473512,0.997901832465067,1.00189853822943
23,7,0.999636070893271,0.997757188631683,1.00208078878415
23.2,7,0.999625296948044,0.997614612406521,1.00224131462058
23.4,7,0.999616443467332,0.997478019149857,1.00242613646568
23.6,7,0.999609559360665,0.997343122550905,1.00260629951241
23.8,7,0.999604693026224,0.997213297034319,1.00286543145058
24,7,0.999601891759871,0.997085955506185,1.00305939466705
24.2,7,0.99960120116722,0.99693314797254,1.00327038996282
24.4,7,0.99960266458144,0.996798524357464,1.0034897205918
24.6,7,0.99960632248961,0.996661342070483,1.00376023851874
24.8,7,0.999612211970513,0.996549697225817,1.00403887264016
25,7,0.999620366146887,0.99642445861465,1.00426056458888
25.2,7,0.999630813655288,0.996303398901139,1.00450082698002
25.4,7,0.9996435781368,0.99617496333617,1.00477225758855
25.6,7,0.999658677751965,0.996061594832878,1.00506096960649
25.8,7,0.999676124723377,0.995949349578528,1.00524535827222
26,7,0.999695924909473,0.995836014392057,1.00542700380236
26.2,7,0.999718077413058,0.995714235293611,1.00564584236259
26.4,7,0.99974257422815,0.995581345990129,1.00587955841431
26.6,7,0.999769399928646,0.995462793963259,1.00611552685097
26.8,7,0.999798531402247,0.995355608718505,1.0063298732046
27,7,0.999829937632946,0.995225934358027,1.00658502815583
27.2,7,0.999863579535166,0.99511515281762,1.00688515866781
27.4,7,0.999899409842409,0.995033433012839,1.00718479290055
27.6,7,0.999937373052945,0.994980465388313,1.00748345268056
27.8,7,0.999977405434723,0.994953923589757,1.00774220513571
28,7,1.00001943509124,0.99489165557133,1.00797959207401
28.2,7,1.00006338208966,0.994764898926564,1.00813035055119
28.4,7,1.00010915865186,0.994665138811171,1.00832601244658
28.6,7,1.00015666940868,0.994596874885704,1.00859876714936
28.8,7,1.00020581171682,0.994537679931072,1.00886201405467
29,7,1.00025647603739,0.994444380350816,1.00910215808408
29.2,7,1.00030854637432,0.994265333758498,1.0093418045196
29.4,7,1.00036190077026,0.99412446375553,1.00957967602096
29.6,7,1.00041641185689,0.993994446492285,1.00981321521946
29.8,7,1.00047194745591,0.993999896876232,1.01003194625763
30,7,1.00052837122625,0.99380420834896,1.01012094766624
30.2,7,1.00058554335275,0.993659705856038,1.01039086225619
30.4,7,1.00064332127052,0.993590770800958,1.01056443157633
30.6,7,1.00070156041912,0.993584343499002,1.01059350858956
30.8,7,1.00076011502,0.993519344579136,1.01082706315541
31,7,1.0008188388704,0.993456049203276,1.01105963498929
31.2,7,1.00087758614658,0.993348782524383,1.01135093363279
31.4,7,1.00093621220896,0.993241986442502,1.01164389391122
31.6,7,1.00099457440187,0.993137204473769,1.01193555953708
31.8,7,1.00105253284037,0.993075022401278,1.01214583553384
32,7,1.00110995117676,0.993036845291154,1.01230523633349
32.2,7,1.00116669733964,0.993012868203477,1.01251818155622
32.4,7,1.00122264423859,0.992993014137264,1.01282776848385
32.6,7,1.00127767042794,0.992986265913194,1.01320867131413
32.8,7,1.00133166072354,0.992956837039427,1.01358347093459
33,7,1.00138450676696,0.992837580735073,1.01376982194662
33.2,7,1.00143610753225,0.992694695809262,1.01388460114616
33.4,7,1.00148636977095,0.992601989063232,1.01391668407026
33.6,7,1.00153520839186,0.992507009497349,1.01421935304517
33.8,7,1.00158254677277,0.992431290658628,1.01431667014022
34,7,1.00162831700219,0.992393413813345,1.0144092920292
34.2,7,1.00167246005001,0.992221530778628,1.01443390688147
34.4,7,1.00171492586669,0.992205351041383,1.014572543226
34.6,7,1.00175567341148,0.992096411483393,1.01476671139427
34.8,7,1.00179467061104,0.992030237208639,1.01474315084761
35,7,1.00183189425038,0.991912178912722,1.01488880693503
35.2,7,1.00186732979908,0.991884213137144,1.01502672845586
35.4,7,1.001900971176,0.991861076639371,1.01509158657759
35.6,7,1.00193282045677,0.991765104377059,1.01516312411806
35.8,7,1.00196288752842,0.991631790691199,1.01520129775506
36,7,1.0019911896964,0.991591022308823,1.01519118695231
36.2,7,1.00201775124932,0.991539434673638,1.01527147865477
36.4,7,1.00204260298703,0.991465301618168,1.01531472750374
36.6,7,1.00206578171826,0.99139322647774,1.01533789829449
36.8,7,1.00208732973358,0.991318750162397,1.01541657670338
37,7,1.00210729426,0.991289931667472,1.01549141355845
37.2,7,1.00212572690314,0.991263453452412,1.01557956741802
37.4,7,1.00214268308295,0.991209298322541,1.01573246694489
37.6,7,1.00215822146883,0.99104021932693,1.01585634993248
37.8,7,1.00217240341941,0.990991023504447,1.01591705493772
38,7,1.00218529243237,0.990947890442709,1.01608009851649
38.2,7,1.002196953609,0.990925138272418,1.01619512631755
38.4,7,1.00220745313787,0.99092320571098,1.01631915347774
38.6,7,1.00221685780147,0.990921767316359,1.01637714527578
38.8,7,1.00222523450942,0.990854363908565,1.01647784924523
39,7,1.00223264986098,0.990733500611526,1.01660304765457
39.2,7,1.00223916973942,0.990616929989613,1.01667849056676
39.4,7,1.00224485894008,0.990485685646157,1.01674901516987
39.6,7,1.00224978083356,0.990492625846988,1.01681247972195
39.8,7,1.0022539970649,0.990399019820504,1.01688070861998
40,7,1.00225756728925,0.990214018434442,1.01696834001324
0,8,1.00902412977942,0.998811780238778,1.02324884805103
0.2,8,1.00898518679686,0.998881053902866,1.02303184144642
0.4,8,1.00894385258631,0.998992524647861,1.02290542295982
0.6,8,1.00890004539824,0.9990901060228,1.02279755770907
0.8,8,1.00885368576244,0.999113261384225,1.02265900755014
1,8,1.0088046969272,0.99914084449052,1.02246741813383
1.2,8,1.00875300530663,0.999172896093433,1.02226059263488
1.4,8,1.00869854093369,0.999205097152671,1.02204974318522
1.6,8,1.00864123791671,0.999204284129384,1.02192087795328
1.8,8,1.00858103489698,0.999166464992612,1.02174914002563
2,8,1.00851787550495,0.999126073677109,1.02156269943675
2.2,8,1.0084517088124,0.999126346685064,1.02129971128118
2.4,8,1.00838248977794,0.999182142049501,1.02099569022151
2.6,8,1.00831017968318,0.999235570225727,1.02068493307249
2.8,8,1.00823474655679,0.999385567692095,1.02034911290097
3,8,1.00815616558357,0.999469644553458,1.02003702179017
3.2,8,1.00807441949579,0.999535651822441,1.01974154123688
3.4,8,1.00798949894388,0.999642456595284,1.01944315859568
3.6,8,1.00790140284358,0.999674878120896,1.01914568190789
3.8,8,1.00781013869669,0.999693715709181,1.01878939792249
4,8,1.00771572288249,0.999663945695654,1.01858532107317
4.2,8,1.00761818091705,0.999700550555974,1.01828906127433
4.4,8,1.00751754767748,0.999626104223064,1.01806020906578
4.6,8,1.00741386758847,0.999628455649283,1.01783182671287
4.8,8,1.00730719476836,0.999578277646977,1.01758377283721
5,8,1.00719759313209,0.999548809450611,1.01728739710324
5.2,8,1.00708513644865,0.999537407715646,1.0170173042699
5.4,8,1.00696990835062,0.99952997490815,1.01678542053683
5.6,8,1.00685200229357,0.999551402702772,1.01644366850073
5.8,8,1.00673152146351,0.999528052136579,1.01612471037458
6,8,1.00660857863058,0.999533786192139,1.01582683990018
6.2,8,1.00648329594746,0.999544002842061,1.01555000988176
6.4,8,1.00635580469159,0.999550035591265,1.01521920612294
6.6,8,1.00622624495018,0.999489551906207,1.01494552571434
6.8,8,1.00609476524773,0.999440580834364,1.01470125561437
7,8,1.0059615221161,0.999315562264941,1.01438378662837
7.2,8,1.00582667960754,0.99923101957224,1.01407809669528
7.4,8,1.00569040875169,0.999120721709781,1.0137229936468
7.6,8,1.00555288695798,0.999016432340846,1.01346755548021
7.8,8,1.0054142973655,0.998998332041914,1.01312248244013
8,8,1.00527482814284,0.998973934762294,1.01278170527815
8.2,8,1.00513467174102,0.998891049125474,1.01251312993366
8.4,8,1.00499402410321,0.998678733943669,1.0121780000533
8.6,8,1.00485308383547,0.998626784128036,1.01188177297775
8.8,8,1.00471205134331,0.9986996422084,1.01161378025009
9,8,1.00457112793935,0.998795041210159,1.01133002479351
9.2,8,1.00443051492781,0.998813833636563,1.01103068143201
9.4,8,1.00429041267225,0.998734490050931,1.01071479195506
9.6,8,1.00415101965302,0.998704897722839,1.01044783658432
9.8,8,1.00401253152149,0.998607509002267,1.01011679922941
10,8,1.00387514015834,0.998572817982556,1.00985047384027
10.2,8,1.00373903274329,0.998527785246107,1.0095743809372
10.4,8,1.00360439084396,0.998463980429156,1.00930496732046
10.6,8,1.00347138953138,0.99840643669147,1.00907893759529
10.8,8,1.00334019652978,0.998354443081333,1.00878871483572
11,8,1.00321097140811,0.99832267284561,1.00850748417781
11.2,8,1.00308386482036,0.998337573176339,1.00822568282035
11.4,8,1.00295901780163,0.998335420697336,1.00794543148025
11.6,8,1.00283656112644,0.998300280176474,1.00768794737472
11.8,8,1.00271661473502,0.998321843663154,1.0074717543013
12,8,1.00259928723311,0.998325305571375,1.00722936627911
12.2,8,1.00248467546987,0.998341322504934,1.00698445226039
12.4,8,1.00237286419782,0.998384485369072,1.00671993026841
12.6,8,1.00226392581803,0.998449942858924,1.00649518257596
12.8,8,1.00215792021286,0.998511118731521,1.00624163595066
13,8,1.00205489466772,0.998538449100426,1.00599739586195
13.2,8,1.00195488388239,0.99852830695707,1.00577546043408
13.4,8,1.00185791007159,0.998523967919365,1.00555584337168
13.6,8,1.00176398315364,0.998512727362925,1.00533379781321
13.8,8,1.0016731010249,0.998513309678537,1.00510694211384
14,8,1.00158524991721,0.99854293112309,1.00485350379608
14.2,8,1.00150040483445,0.998590123587195,1.00462754454922
14.4,8,1.00141853006368,0.998584615909908,1.00442174571794
14.6,8,1.00133957975552,0.998578379437607,1.00421186477531
14.8,8,1.00126349856803,0.99859354468526,1.00402998029596
15,8,1.00119022236748,0.998617702966368,1.00383418481859
15.2,8,1.00111967897912,0.99863644016155,1.0036368914707
15.4,8,1.00105178898072,0.998666288415129,1.00342545267094
15.6,8,1.00098646653118,0.998726145037255,1.0032242428833
15.8,8,1.00092362022649,0.998752828042422,1.00302764219552
16,8,1.00086315397514,0.998787481150805,1.0028719872653
16.2,8,1.00080496788507,0.998823800440634,1.00270708832529
16.4,8,1.00074895915444,0.998847466157161,1.00255180040525
16.6,8,1.00069502295854,0.99886687929341,1.00240581052581
16.8,8,1.00064305332553,0.998904142859609,1.00224153759144
17,8,1.00059294399396,0.998962818608958,1.00204516075661
17.2,8,1.00054458924557,0.999029308315036,1.00189049604397
17.4,8,1.00049788470707,0.999081571211692,1.00178326396712
17.6,8,1.00045272811536,0.999133991110825,1.00164568431654
17.8,8,1.00040902004118,0.999197740780362,1.00150649203077
18,8,1.00036666456649,0.999273008466682,1.0013759194989
18.2,8,1.00032556991193,0.999330556152042,1.00123272781566
18.4,8,1.00028564901091,0.999387734369292,1.00110660666511
18.6,8,1.00024682002773,0.999462546582355,1.00096771142283
18.8,8,1.00020900681769,0.999542892891063,1.00082422171063
19,8,1.00017213932766,0.999617520445035,1.00068688009945
19.2,8,1.00013615393632,0.999693515398512,1.00054789725081
19.4,8,1.00010099373355,0.999770510153128,1.00041015295062
19.6,8,1.00006660873929,0.999847540360806,1.0002749168069
19.8,8,1.00003295606231,0.999923717642097,1.00013754837634
20,8,1,1,1
20.2,8,0.999967712080581,0.999860897746495,1.00007998119617
20.4,8,0.999936071049397,0.999722809288338,1.00016344722013
20.6,8,0.999905062801349,0.999584711977013,1.00024596950787
20.8,8,0.99987468026169,0.999443526393815,1.00032483396896
21,8,0.99984492321762,0.999307025269486,1.00040382874259
21.2,8,0.999815798103287,0.999168444908944,1.00048746871693
21.4,8,0.999787317740885,0.999027870674104,1.00057027832004
21.6,8,0.999759501040671,0.998886295795923,1.00066721481912
21.8,8,0.999732372662738,0.998751041381419,1.00075771776633
22,8,0.99970596264345,0.998619351008709,1.0008454674782
22.2,8,0.999680305989454,0.998482612761398,1.00093862652457
22.4,8,0.999655442242174,0.998347903104955,1.00103508420492
22.6,8,0.999631415015707,0.998224431305555,1.00113379980797
22.8,8,0.999608271511044,0.998080243362314,1.00125161256975
23,8,0.999586062009489,0.997951601880557,1.00134955908708
23.2,8,0.999564839348206,0.997837163999605,1.00145076526405
23.4,8,0.999544658380779,0.997723312786038,1.00158165119468
23.6,8,0.999525575425716,0.997596581792739,1.00171377957412
23.8,8,0.999507647705831,0.997449406284642,1.00185222914014
24,8,0.999490932781489,0.997349142649971,1.00195944145732
24.2,8,0.999475487980738,0.997232917707193,1.00207950934866
24.4,8,0.999461369829408,0.997131340045587,1.00220639505814
24.6,8,0.999448633484312,0.997011621395877,1.00235525924507
24.8,8,0.999437332172789,0.996855732631196,1.00250275271059
25,8,0.999427516641836,0.996744318496065,1.00269162478628
25.2,8,0.999419234620222,0.996604516974027,1.00286100928774
25.4,8,0.999412530296977,0.996510225845263,1.00301938278718
25.6,8,0.999407443819732,0.996388298376772,1.00317310845349
25.8,8,0.999404010816423,0.996274873761283,1.00337997235075
26,8,0.999402261943883,0.996162286486803,1.00347647458701
26.2,8,0.999402222466823,0.996052623334053,1.00357558733647
26.4,8,0.999403911870685,0.99591108243379,1.00370210596027
26.6,8,0.999407343511771,0.995816590633656,1.0037986053599
26.8,8,0.999412524307904,0.995680207994669,1.00387004442111
27,8,0.999419454472769,0.995491229513516,1.00403640736165
27.2,8,0.999428127296849,0.995384974714704,1.00419841316177
27.4,8,0.999438528977619,0.995295079653754,1.004374164977
27.6,8,0.999450638501377,0.995190888154301,1.00451109348943
27.8,8,0.999464427578743,0.995050753492375,1.00461620641149
28,8,0.999479860635468,0.994935166413255,1.00472927631325
28.2,8,0.999496894859738,0.994852230961039,1.00488141339649
28.4,8,0.999515480306733,0.994765194785032,1.00504255916725
28.6,8,0.999535560060624,0.994652512902566,1.00523763674413
28.8,8,0.999557070453722,0.994554450186874,1.00535689892433
29,8,0.999579941341866,0.994485833711268,1.00550799739651
29.2,8,0.999604096434605,0.994396196418633,1.00565340386288
29.4,8,0.99962945367811,0.994356450165309,1.0058191422569
29.6,8,0.999655925688193,0.994275901029981,1.00594260559596
29.8,8,0.999683420230207,0.994132903049922,1.00613265605857
30,8,0.999711840742062,0.994057305327638,1.0063466967454
30.2,8,0.999741086896063,0.993966063766398,1.00653881980671
30.4,8,0.999771055194779,0.993891343780835,1.00669597109591
30.6,8,0.999801639595712,0.993807893997683,1.0067881090788
30.8,8,0.999832732159153,0.993730346972274,1.00690645311326
31,8,0.999864223713269,0.993617830178375,1.00707577233598
31.2,8,0.99989600453024,0.993470421683482,1.00723370560936
31.4,8,0.99992796500705,0.993327152886321,1.00730665084873
31.6,8,0.999959996344457,0.993252647112541,1.0073835556862
31.8,8,0.999991991217643,0.993085779660054,1.00742454026683
32,8,1.00002384443211,0.993048499507104,1.00748042485492
32.2,8,1.00005545355851,0.992994706378756,1.00771372634471
32.4,8,1.00008671954044,0.992876606478903,1.00792072509758
32.6,8,1.00011754726931,0.992746318294468,1.00806352587644
32.8,8,1.00014784612111,0.992696482648004,1.00819888893251
33,8,1.00017753045008,0.992670762687083,1.00830202424507
33.2,8,1.00020652003488,0.992607783967259,1.00839200575554
33.4,8,1.00023474047361,0.992499711496051,1.00847965483448
33.6,8,1.0002621235244,0.992352709059518,1.00859387522606
33.8,8,1.00028860738912,0.992241875569779,1.00870972102142
34,8,1.00031413693842,0.992165465970381,1.00882526078313
34.2,8,1.00033866387694,0.992121503576946,1.00902870995553
34.4,8,1.00036214684838,0.992019241632136,1.00923079615354
34.6,8,1.00038455148073,0.991972867378628,1.00936460218893
34.8,8,1.00040585037263,0.99189867851117,1.00947671680703
35,8,1.00042602302257,0.991847146168815,1.00957544996849
35.2,8,1.00044505570326,0.991734364384211,1.00968571638459
35.4,8,1.00046294128397,0.991667913385793,1.00975697667287
35.6,8,1.00047967900436,0.991653724538404,1.00982131778541
35.8,8,1.00049527420356,0.991574065364508,1.00988094187004
36,8,1.00050973800892,0.991510257551596,1.00992600823685
36.2,8,1.00052308698889,0.99141278909138,1.01001169930689
36.4,8,1.00053534277508,0.991282978163893,1.01014015778234
36.6,8,1.00054653165839,0.991128583382023,1.01022098087102
36.8,8,1.00055668416449,0.991008456895543,1.01026807310729
37,8,1.00056583461386,0.990954752364124,1.01048059570904
37.2,8,1.00057402067142,0.990873645512435,1.0105999760903
37.4,8,1.00058128289106,0.9907876736185,1.01070190394533
37.6,8,1.0005876642597,0.990781091112328,1.01073668089948
37.8,8,1.00059320974573,0.990634277713319,1.01083575903
38,8,1.00059796585611,0.990629386784812,1.01095195979626
38.2,8,1.00060198020631,0.990628114340191,1.01104903863437
38.4,8,1.00060530110659,0.990627692418501,1.0111418346829
38.6,8,1.00060797716813,0.990628009604895,1.0112325112685
38.8,8,1.00061005693173,0.990612332235529,1.0113878442962
39,8,1.00061158852156,0.990551286456424,1.01146010710234
39.2,8,1.00061261932601,0.990478672003479,1.01157706867205
39.4,8,1.00061319570706,0.99041453669345,1.0116251420865
39.6,8,1.00061336273945,0.99026725630248,1.01167478333013
39.8,8,1.00061316398014,0.990185303804924,1.01172170131862
40,8,1.00061264126843,0.990083751958587,1.01176502231508
0,9,1.00829852880991,0.99890186096357,1.01911311476395
0.2,9,1.00826619306409,0.999033965753411,1.01901901677264
0.4,9,1.00823184072815,0.999085855994756,1.01892385637028
0.6,9,1.00819539816386,0.999100164849157,1.01876173791928
0.8,9,1.00815679305431,0.999188666240422,1.0186538655626
1,9,1.0081159547509,0.999289078288791,1.01861861436826
1.2,9,1.00807281463072,0.999363456836947,1.01858150130439
1.4,9,1.00802730646313,0.999419500879409,1.01854112329682
1.6,9,1.00797936678413,0.999453498844796,1.01842243411533
1.8,9,1.00792893527706,0.999487785551141,1.01826639837113
2,9,1.00787595515796,0.999522252586654,1.01802362097826
2.2,9,1.007820373564,0.999553756876987,1.01772013971104
2.4,9,1.00776214194317,0.999474270290536,1.01760500095165
2.6,9,1.00770121644329,0.999577217482427,1.01737200353721
2.8,9,1.00763755829834,0.999657719640771,1.01716066447435
3,9,1.00757113421,0.999745148527592,1.01690158848978
3.2,9,1.00750191672214,0.999866329379133,1.01672804899638
3.4,9,1.00742988458594,0.99994561527744,1.01665063084218
3.6,9,1.0073550231131,1.0000517992643,1.01656948303869
3.8,9,1.00727732451463,1.00005956204593,1.01644348134382
4,9,1.0071967882225,0.999991891089465,1.01620797645082
4.2,9,1.00711342119131,1.00000231524771,1.01588798135377
4.4,9,1.0070272381772,1.00009048136411,1.01563582394296
4.6,9,1.00693826199101,1.00014254592593,1.01540227065208
4.8,9,1.0068465237227,1.00015778715924,1.01512607859902
5,9,1.00675206293394,1.00013039138876,1.014814561809
5.2,9,1.00665492781596,1.00021436328353,1.01467186494023
5.4,9,1.0065551753096,1.0002966337102,1.01451802206829
5.6,9,1.00645287118458,1.00032432286295,1.01429230131644
5.8,9,1.00634809007527,1.00023514550716,1.01416504450316
6,9,1.00624091547016,1.0002201795228,1.01388007473694
6.2,9,1.00613143965264,1.00030662053894,1.01364364035302
6.4,9,1.00601976359078,1.00023654505868,1.01341693575667
6.6,9,1.00590599677416,1.00027176617209,1.01320427454457
6.8,9,1.00579025699618,1.00032832718374,1.01301571236404
7,9,1.00567267008054,1.00040292006487,1.01282139991575
7.2,9,1.00555336955109,1.00032680930926,1.01262142805736
7.4,9,1.00543249624488,1.00025161557774,1.01236793880193
7.6,9,1.00531019786841,1.000114156425,1.01212566297767
7.8,9,1.00518662849798,1.0000055914554,1.0119051129514
8,9,1.00506194802543,0.999873899912842,1.0116176403761
8.2,9,1.00493632155132,0.999842725544808,1.01141344389553
8.4,9,1.00480991872798,0.999770646048579,1.0111817199142
8.6,9,1.00468291305579,0.999684822328726,1.01093392344114
8.8,9,1.00455548113656,0.999641083370724,1.01065983201393
9,9,1.00442780188827,0.999615842582514,1.01036691265847
9.2,9,1.00430005572652,0.99959229136752,1.01006720962335
9.4,9,1.00417242371804,0.999566390145405,1.00981538330042
9.6,9,1.00404508671255,0.999515781213368,1.00956758812822
9.8,9,1.00391822445947,0.999496412158589,1.00937093618171
10,9,1.00379201471652,0.999417405868273,1.0091457158131
10.2,9,1.00366663235736,0.999347485468592,1.00897672924094
10.4,9,1.00354224848601,0.999322571635596,1.00875525838032
10.6,9,1.00341902956551,0.999244169762999,1.00850202633313
10.8,9,1.00329713656869,0.999200975989997,1.00823922613304
11,9,1.00317672415862,0.999049915202189,1.00801581156923
11.2,9,1.00305793990643,0.999001376337663,1.00774949134432
11.4,9,1.00294092355371,0.999000942343133,1.00752807920063
11.6,9,1.00282580632637,0.998997323281852,1.00734696447603
11.8,9,1.00271271030678,0.99890904804644,1.00711390694058
12,9,1.00260174786978,0.998874219393982,1.0068917978427
12.2,9,1.00249302118842,0.99883939715124,1.00668781995549
12.4,9,1.00238662181374,0.998836541737454,1.00649921179435
12.6,9,1.00228263033288,0.99882635414781,1.00627478623093
12.8,9,1.00218111610841,0.998803787846574,1.00605442075169
13,9,1.00208213710142,0.998789014275925,1.00582678445264
13.2,9,1.00198573977968,0.998780495942953,1.00561635202564
13.4,9,1.00189195911142,0.998833140909056,1.00540765203377
13.6,9,1.00180081864434,0.998845527276342,1.00520069223635
13.8,9,1.00171233066866,0.998832791417774,1.00499526135885
14,9,1.00162649646192,0.998843086872301,1.00480977377555
14.2,9,1.0015433066127,0.998870429079024,1.00460567277215
14.4,9,1.00146274141928,0.998881849618813,1.00439047739424
14.6,9,1.00138477135893,0.998885688637741,1.00421292407604
14.8,9,1.00130935762241,0.998902813835549,1.00404640267339
15,9,1.00123645270802,0.998926574290483,1.00383866520052
15.2,9,1.00116600106878,0.998943908633204,1.0036386024571
15.4,9,1.00109793980613,0.998970056813435,1.00344681570156
15.6,9,1.00103219940286,0.998976431798816,1.00328229283387
15.8,9,1.00096870448812,0.999005223604098,1.00309652430907
16,9,1.00090737462703,0.999028914157538,1.00290975151774
16.2,9,1.00084812512722,0.99904873735916,1.00273520216777
16.4,9,1.00079086785504,0.999063710950692,1.00257708729356
16.6,9,1.0007355120539,0.999091186475917,1.0024256502095
16.8,9,1.00068196515781,0.999128071001677,1.00225617537525
17,9,1.00063013359312,0.999153573558883,1.00210418252659
17.2,9,1.00057992356207,0.999191795803132,1.00195588579612
17.4,9,1.0005312418021,0.99923609676322,1.00179441828445
17.6,9,1.00048399631539,0.999286893972493,1.00166993737561
17.8,9,1.00043809706341,0.999334246031834,1.001535681059
18,9,1.0003934566222,0.999386187132808,1.00139879055628
18.2,9,1.00034999079423,0.999434499301929,1.00123320148326
18.4,9,1.00030761917371,0.999478218633671,1.00110364194186
18.6,9,1.0002662656623,0.999534680776955,1.0009699411454
18.8,9,1.00022585893327,0.999605703435336,1.00082854808061
19,9,1.00018633284242,0.999660770671957,1.00069132604214
19.2,9,1.00014762678457,0.999723327091609,1.00055331214673
19.4,9,1.00010968599521,0.999789558293396,1.00041752533334
19.6,9,1.00007246179711,0.999858163325098,1.00028022151033
19.8,9,1.00003591179226,0.999926093916539,1.00014096630605
20,9,1,1,1
20.2,9,0.999964696942238,0.999858445385811,1.00007518548883
20.4,9,0.999929979677396,0.999716820792977,1.00015023770087
20.6,9,0.999895831784618,0.999572899386328,1.00023095482477
20.8,9,0.999862243300215,0.999426920303494,1.00031346973101
21,9,0.999829210608402,0.999275377880471,1.00039586060844
21.2,9,0.999796736288561,0.999134410884114,1.00047638038214
21.4,9,0.999764828921357,0.998998381734105,1.00055800007946
21.6,9,0.999733502856096,0.998865803238875,1.00065157987881
21.8,9,0.999702777941782,0.998727797951833,1.00074741799191
22,9,0.999672679224336,0.998584830254337,1.00083455161424
22.2,9,0.999643236612442,0.998429182518114,1.00092584516184
22.4,9,0.999614484514503,0.998306158503957,1.0010127993019
22.6,9,0.999586461449163,0.998166682121267,1.00111045445847
22.8,9,0.999559209631821,0.998023177682474,1.00120982313694
23,9,0.999532774539591,0.997881799904919,1.0013186865401
23.2,9,0.999507204457122,0.997716917616866,1.00142252086382
23.4,9,0.999482550005702,0.997564511742827,1.0015172250973
23.6,9,0.999458863658104,0.997464847639795,1.00161091096271
23.8,9,0.999436199241637,0.997354218799319,1.00170287135317
24,9,0.999414611431917,0.997243353636785,1.00182067515158
24.2,9,0.999394155239938,0.997124879879522,1.00194204282703
24.4,9,0.999374885495068,0.996975690084081,1.00205973682085
24.6,9,0.999356856326714,0.996881401366321,1.00219475921642
24.8,9,0.999340120647455,0.996798935852498,1.00233050845058
25,9,0.999324729640557,0.996694138992647,1.00246622056901
25.2,9,0.999310732254873,0.996583848595711,1.00257444696803
25.4,9,0.999298174710254,0.996436313494499,1.0026752862776
25.6,9,0.999287100016631,0.996316964848185,1.00278051392713
25.8,9,0.999277547510075,0.996205360449285,1.00289970889863
26,9,0.999269552409139,0.99609998533793,1.00301798620717
26.2,9,0.999263145394866,0.99597757761205,1.00314210228261
26.4,9,0.999258352217837,0.995851642048586,1.00328822481447
26.6,9,0.999255193335607,0.995715308706497,1.00345370088882
26.8,9,0.999253683583836,0.995565815959513,1.00356355712692
27,9,0.999253831884294,0.995458232585976,1.00362965630545
27.2,9,0.999255640992796,0.995370091989251,1.00369345068054
27.4,9,0.999259107289923,0.995283554814539,1.00380596727962
27.6,9,0.999264220617142,0.995137220347347,1.00393744024409
27.8,9,0.999270964160661,0.994988340375455,1.00406340819448
28,9,0.999279314385006,0.994916519988877,1.00420687534706
28.2,9,0.999289241017947,0.994805108840721,1.00432421775111
28.4,9,0.999300707087953,0.994696242437116,1.00447525677354
28.6,9,0.999313669014917,0.994581550918851,1.00457135885403
28.8,9,0.999328076754378,0.994455009811626,1.00471106819083
29,9,0.999343873994954,0.994323140138556,1.00487651078222
29.2,9,0.99936099840816,0.994205368693717,1.00503078227661
29.4,9,0.999379381949207,0.994087976278942,1.00512857468083
29.6,9,0.999398951206833,0.99397074957082,1.00522842058859
29.8,9,0.999419627799657,0.993925626979047,1.00539293660323
30,9,0.99944132881599,0.99387778071668,1.00550508877964
30.2,9,0.999463967293506,0.993786735861915,1.00565828120773
30.4,9,0.999487452734713,0.993714525979382,1.00569763500144
30.6,9,0.999511691653662,0.993624306123166,1.00581637373277
30.8,9,0.99953658814896,0.99350822228911,1.00592298162336
31,9,0.999562044497786,0.99340971431145,1.00605917387171
31.2,9,0.999587961765322,0.993314132797564,1.00620674253113
31.4,9,0.999614240423777,0.993210139478862,1.00636758730192
31.6,9,0.99964078097506,0.993094328910439,1.00650274640302
31.8,9,0.999667484571055,0.993012613492467,1.00664185183716
32,9,0.999694253625474,0.992935243640768,1.00679302431844
32.2,9,0.999720992411352,0.992856087131705,1.00691974591137
32.4,9,0.999747607638405,0.992797820727835,1.00704768339827
32.6,9,0.999774009004715,0.992757193321283,1.00713226569228
32.8,9,0.999800109717536,0.992698804619532,1.00717733103213
33,9,0.99982582697838,0.992643254414127,1.00720691732853
33.2,9,0.999851082428012,0.992562938644187,1.00732669177026
33.4,9,0.999875802547476,0.992481861325606,1.00749498731726
33.6,9,0.999899919011837,0.992393161736881,1.0076719379292
33.8,9,0.999923368993914,0.992276849348284,1.00784628404461
34,9,0.999946095415903,0.99220326330601,1.00796675703202
34.2,9,0.999968047147433,0.992123515758377,1.00802876138094
34.4,9,0.999989179149274,0.992015557167508,1.00809192312876
34.6,9,1.00000945256253,0.991958479841508,1.00815051570525
34.8,9,1.00002883474381,0.991904396620485,1.00815025884958
35,9,1.0000472992476,0.991853106357369,1.00826708707959
35.2,9,1.00006482575734,0.991804411498981,1.00834816722532
35.4,9,1.00008139996777,0.991758478022497,1.00840272249789
35.6,9,1.00009701342109,0.991715224833669,1.00845102843554
35.8,9,1.00011166330034,0.991674566767524,1.00862092512174
36,9,1.00012535218354,0.991627191689205,1.00868434631468
36.2,9,1.0001380877627,0.991537436865097,1.00878724469301
36.4,9,1.00014988253182,0.99143153703197,1.00887688736655
36.6,9,1.00016075344854,0.991370555633164,1.00892723883854
36.8,9,1.00017072157378,0.991316117207991,1.00900117097657
37,9,1.00017981169434,0.991219566515332,1.00917401521222
37.2,9,1.00018805193288,0.991113929452847,1.00924570935749
37.4,9,1.00019547335006,0.991067059539515,1.00939442838427
37.6,9,1.00020210954322,0.99097491659008,1.00959433950042
37.8,9,1.000207996246,0.990924876571889,1.00965058657805
38,9,1.00021317093291,0.990928190183442,1.00973168564034
38.2,9,1.00021767243264,0.990931434228797,1.00977558738888
38.4,9,1.00022154055373,0.99093802176323,1.00991990517551
38.6,9,1.00022481572554,0.990899116035352,1.01007230127992
38.8,9,1.00022753865754,0.990866956781825,1.01023230916868
39,9,1.00022975001911,0.990755697588709,1.01037820212009
39.2,9,1.000231490142,0.990704028762055,1.01053542018663
39.4,9,1.0002327987469,0.990619075401035,1.01055551493698
39.6,9,1.00023371469554,0.990486526950492,1.01057889522835
39.8,9,1.00023427576891,0.99043153016523,1.01061216646913
40,9,1.0002345184722,0.990374705947256,1.01065210653723
0,10,1.00791310281707,0.999694030770007,1.01698601963314
0.2,10,1.00788213995856,0.999793069093109,1.01694071249547
0.4,10,1.0078492464893,0.999837013710197,1.01689035684418
0.6,10,1.0078143517255,0.99993149272932,1.01675426202797
0.8,10,1.00777738621215,1.00002719833841,1.01659854483732
1,10,1.00773828205364,1.00005455494023,1.01648378740476
1.2,10,1.00769697325487,1.00018096526281,1.01636969458486
1.4,10,1.0076533960716,1.00021531931943,1.01622876223805
1.6,10,1.00760748936897,1.00014692092209,1.01611649568449
1.8,10,1.00755919498664,1.00022188056313,1.01604660202458
2,10,1.0075084581093,1.00026070851479,1.01592574317883
2.2,10,1.00745522764084,1.00028053415748,1.01575896317499
2.4,10,1.00739945658055,1.00032362712905,1.0155860459433
2.6,10,1.00734110239974,1.00035922592951,1.01540542651758
2.8,10,1.00728012741655,1.00039617813396,1.0152033797527
3,10,1.00721649916734,1.00040643421018,1.01502107556031
3.2,10,1.00715019077217,1.00041675980585,1.01481470008975
3.4,10,1.0070811812923,1.0003698115155,1.01463227536271
3.6,10,1.00700945607729,1.00043565320763,1.01442453195594
3.8,10,1.00693500709911,1.00045796351892,1.0142238843035
4,10,1.00685783327065,1.00052912059436,1.01408586263116
4.2,10,1.00677794074599,1.00053606840069,1.01397641480756
4.4,10,1.00669534319932,1.00058205397788,1.0138624362485
4.6,10,1.00661006207982,1.00055949952781,1.01367466322973
4.8,10,1.00652212683937,1.00056072364965,1.01348923054446
5,10,1.00643157513002,1.00051994740734,1.01335670594584
5.2,10,1.00633845296816,1.00053785783137,1.01316085821469
5.4,10,1.00624281486238,1.00048923182863,1.01297383280286
5.6,10,1.0061447239019,1.00056897001237,1.01285186585406
5.8,10,1.00604425180281,1.000655165018,1.01266911442006
6,10,1.0059414789091,1.00060498864263,1.01240926383662
6.2,10,1.00583649414615,1.00061353011909,1.01223658864051
6.4,10,1.00572939492406,1.00058319165337,1.01210881542271
6.6,10,1.00562028698892,1.00051929983439,1.01181710559221
6.8,10,1.00550928422013,1.00044217825695,1.01157867438646
7,10,1.00539650837245,1.00041521258811,1.01138572769313
7.2,10,1.00528208876185,1.00036261045121,1.01111259201516
7.4,10,1.00516616189468,1.00027447826654,1.0108176258519
7.6,10,1.00504887104021,1.00017979546144,1.01053734543248
7.8,10,1.00493036574719,1.00008521822513,1.01027585414613
8,10,1.0048108013057,0.99997427834417,1.01010216399643
8.2,10,1.00469033815594,0.999871413372291,1.00996728559495
8.4,10,1.0045691412467,0.999865410786212,1.0098324075472
8.6,10,1.0044473793464,0.999861451830608,1.00960332731685
8.8,10,1.00432522431057,0.99988208334271,1.00936905013362
9,10,1.00420285031012,0.999875734517495,1.00917634801234
9.2,10,1.00408043302537,0.999812283334254,1.00905254391475
9.4,10,1.00395814881141,0.999758967348387,1.00891167878579
9.6,10,1.0038361738409,0.999724600705586,1.00866794288036
9.8,10,1.00371468323075,0.999734297622333,1.0084606527672
10,10,1.00359385015975,0.999707955694885,1.00825740206008
10.2,10,1.00347384498443,0.999657035054379,1.00811512454665
10.4,10,1.00335483436047,0.999613117223019,1.00793787526064
10.6,10,1.00323698037774,0.9995443774518,1.00780746387898
10.8,10,1.00312043971626,0.99943510885236,1.00761554060093
11,10,1.00300536283122,0.999385603702746,1.00738150431259
11.2,10,1.00289189317437,0.999306872158546,1.00715664549401
11.4,10,1.00278016645924,0.999249965601718,1.00694410550785
11.6,10,1.00267030997722,0.999157757457682,1.00673138351303
11.8,10,1.00256244197107,0.999073932514767,1.00651617928166
12,10,1.0024566710719,0.999023023358705,1.00627052343453
12.2,10,1.00235309580519,0.999017158701538,1.00609367169419
12.4,10,1.00225180417048,0.998990750549297,1.00589175362576
12.6,10,1.0021528732989,0.999005239322526,1.00563275926171
12.8,10,1.00205636919166,0.998972061304989,1.00541289349406
13,10,1.00196234654196,0.998945996042599,1.00525185480277
13.2,10,1.00187084864166,0.998941595644735,1.00508392589933
13.4,10,1.00178190737353,0.998942443475959,1.00492068353718
13.6,10,1.00169554328841,0.998949985308336,1.00473317400421
13.8,10,1.00161176576634,0.998970809334726,1.00453021385777
14,10,1.00153057325937,0.998943833697169,1.00432769262003
14.2,10,1.00145195361313,0.998920920415317,1.00416563633146
14.4,10,1.00137588446331,0.998919608134995,1.00402987127741
14.6,10,1.00130233370259,0.998908155820238,1.00388017965383
14.8,10,1.0012312600128,0.998902813835549,1.00373933317308
15,10,1.00116261345646,0.998926574290483,1.00358123268269
15.2,10,1.0010963361213,0.998936663755581,1.00342547980617
15.4,10,1.00103236281115,0.998962254286125,1.00324295086437
15.6,10,1.00097062177591,0.998983986470575,1.00310111465705
15.8,10,1.00091103547333,0.999007187220057,1.00294423213213
16,10,1.00085352135509,0.999019937768177,1.00280343663539
16.2,10,1.0007979926696,0.99904873735916,1.00263981281118
16.4,10,1.000744359274,0.999047929694828,1.00250256980193
16.6,10,1.00069252844807,0.999082539075069,1.00233559200171
16.8,10,1.0006424057027,0.999123579163743,1.00215918022855
17,10,1.00059389557631,0.99915000385519,1.00201890090601
17.2,10,1.00054690241249,0.999189937579719,1.00187876246565
17.4,10,1.00050133111292,0.999235163157681,1.001738996853
17.6,10,1.00045708786,0.999293414107921,1.00160366228083
17.8,10,1.00041408080403,0.999340131101557,1.00146334721881
18,10,1.00037222071052,0.999393961044537,1.00133631141232
18.2,10,1.00033142156368,0.999442211628331,1.00121174328169
18.4,10,1.00029160112278,0.999498730551725,1.00108000325196
18.6,10,1.00025268142862,0.999551142067947,1.00094370634143
18.8,10,1.00021458925802,0.999606823926325,1.00079922323476
19,10,1.00017725652471,0.999666165653955,1.00067444602223
19.2,10,1.00014062062564,0.999729215943661,1.00054260574777
19.4,10,1.00010462473232,0.99979337471626,1.00041142531184
19.6,10,1.00006921802703,0.999858379833219,1.00027616900495
19.8,10,1.00003435588452,0.999927127054805,1.0001384444533
20,10,1,1,1
20.2,10,0.999966118464707,0.999861331466477,1.00007580069622
20.4,10,0.999932685790569,0.999719188333732,1.00015214713949
20.6,10,0.99989968288584,0.999575525752484,1.0002334463181
20.8,10,0.999867096983741,0.999432738492007,1.00031592671868
21,10,0.999834921526372,0.999289218587077,1.00039727413958
21.2,10,0.999803156006255,0.999144496293422,1.00048651615736
21.4,10,0.999771805768032,0.999006220337521,1.00057547389573
21.6,10,0.999740881772843,0.998871227617324,1.00067424857227
21.8,10,0.999710400328015,0.998737432478204,1.00077261725251
22,10,0.999680382784665,0.998598339995014,1.00087438484124
22.2,10,0.99965085520584,0.998467486939136,1.00096981564623
22.4,10,0.999621848007792,0.998317764576667,1.00106846373428
22.6,10,0.999593395576977,0.998185294042389,1.00117170854808
22.8,10,0.999565535865303,0.998042465866483,1.00126544281947
23,10,0.999538309966177,0.997920139890569,1.00135785647668
23.2,10,0.999511761673816,0.997767552768239,1.00145892040087
23.4,10,0.999485937028327,0.997641995736555,1.00157502529937
23.6,10,0.999460883849003,0.997499130709677,1.00167570707955
23.8,10,0.999436651258329,0.997359716140975,1.00178922564767
24,10,0.999413289199174,0.997223256137846,1.00190887468331
24.2,10,0.999390847947707,0.997114080838706,1.00202496339191
24.4,10,0.999369377624592,0.996968840310479,1.00213148429468
24.6,10,0.999348927707085,0.996871667238088,1.00231551635064
24.8,10,0.999329546544709,0.996748263525676,1.00245258220297
25,10,0.999311280881272,0.996642224440136,1.00255117865505
25.2,10,0.999294175386029,0.996541506988699,1.00266805213126
25.4,10,0.999278272196897,0.996421642688923,1.00282565623432
25.6,10,0.999263610478658,0.996328874961657,1.00297283310324
25.8,10,0.999250225999176,0.996197708673546,1.0030984870334
26,10,0.999238150726652,0.996069233680529,1.00317136812985
26.2,10,0.999227412450982,0.995933938458645,1.00324763855899
26.4,10,0.99921803443227,0.995810154461408,1.00337065488756
26.6,10,0.999210035079496,0.995667629097976,1.00357276879506
26.8,10,0.999203427662272,0.995533927397056,1.00370540488068
27,10,0.999198220058516,0.995401549962993,1.00381246648527
27.2,10,0.9991944145407,0.995279472945864,1.003926683201
27.4,10,0.999192007603163,0.995154170067188,1.00406574759213
27.6,10,0.999190989832694,0.995002699365973,1.00420973571939
27.8,10,0.999191345824374,0.994860841366106,1.0042805963953
28,10,0.999193054144258,0.994745809692947,1.00439311948463
28.2,10,0.99919608734019,0.99462655240294,1.00448642441804
28.4,10,0.999200412001575,0.994490975897366,1.00456538843634
28.6,10,0.999205988868523,0.994349507630912,1.00470503507424
28.8,10,0.999212772990298,0.994235251296945,1.0048745605476
29,10,0.999220713932518,0.99410495860662,1.00504479485579
29.2,10,0.999229756032021,0.993979336617561,1.00521797084706
29.4,10,0.999239838697816,0.993866526182673,1.00536963259993
29.6,10,0.999250896755988,0.993875018715555,1.00546608322848
29.8,10,0.999262860835926,0.993739759750422,1.00558274340095
30,10,0.999275657794725,0.993609420913819,1.00567697070174
30.2,10,0.99928921117616,0.9935172375633,1.00572846850826
30.4,10,0.999303441700144,0.993435855126976,1.00590926603939
30.6,10,0.99931826777821,0.99329763030881,1.00603224172358
30.8,10,0.999333606050185,0.993201693610243,1.00618702988562
31,10,0.999349371936917,0.993113931151433,1.00643323547598
31.2,10,0.999365480203693,0.993040549356253,1.00655442972856
31.4,10,0.999381845528783,0.992925498414329,1.00664318367944
31.6,10,0.999398383071476,0.992804231886055,1.00679203701663
31.8,10,0.999415009033922,0.992744706723872,1.00686948470136
32,10,0.999431641211153,0.992645159897099,1.00690278281451
32.2,10,0.999448199523775,0.99258238768121,1.00704846104613
32.4,10,0.999464606528021,0.99246328091838,1.00710637854711
32.6,10,0.999480787898149,0.992330846925628,1.00720908710432
32.8,10,0.999496672876459,0.992198654391707,1.00729299103399
33,10,0.999512194686675,0.992067336621443,1.00739580753349
33.2,10,0.99952729090685,0.991951183387775,1.00749335269276
33.4,10,0.999541903798482,0.991879880081729,1.00758536861683
33.6,10,0.999555980589094,0.991819526308915,1.00770168253192
33.8,10,0.999569473706113,0.991799203215113,1.00786394859021
34,10,0.999582340960493,0.991779404111589,1.00798006978232
34.2,10,0.999594545679162,0.991664735106177,1.00797137311467
34.4,10,0.999606056786004,0.991582296298667,1.00812790828207
34.6,10,0.999616848831712,0.991535200820224,1.00821806689093
34.8,10,0.999626901973465,0.991433547664148,1.00826968794637
35,10,0.999636201905953,0.991325819101592,1.00832589480853
35.2,10,0.999644739745847,0.991276636750399,1.0083738976824
35.4,10,0.999652511872315,0.991168926573828,1.00850943616956
35.6,10,0.999659519726627,0.991130712861561,1.00862904918982
35.8,10,0.999665769574346,0.991096818610537,1.00865500042894
36,10,0.999671272233887,0.991058850428199,1.00864490832851
36.2,10,0.999676042775577,0.990945095142131,1.00866172494922
36.4,10,0.999680100195505,0.99085595032542,1.00876504426824
36.6,10,0.999683467068644,0.990794539351029,1.00886491583555
36.8,10,0.999686169185795,0.990760999980816,1.00892960498257
37,10,0.99968823517891,0.990726266247794,1.00898470849114
37.2,10,0.999689696139308,0.990652607951241,1.0090604898906
37.4,10,0.999690585233201,0.990539783087895,1.00911524098615
37.6,10,0.999690937318758,0.990471146978495,1.00921341779478
37.8,10,0.99969078856873,0.990346688619635,1.00927886780461
38,10,0.999690176102386,0.990279149927605,1.00927325955953
38.2,10,0.99968913763022,0.990238113529683,1.00936186844385
38.4,10,0.99968771111452,0.990125118229502,1.00946000708572
38.6,10,0.999685934448568,0.990019594319942,1.00946156540209
38.8,10,0.999683845156815,0.989980579005925,1.00946156059889
39,10,0.999681480118007,0.989952702578506,1.00949230601239
39.2,10,0.999678875312829,0.989926164961285,1.00953156573285
39.4,10,0.999676065597218,0.989898809157178,1.00961234000157
39.6,10,0.999673084502144,0.989825238813308,1.00975655190694
39.8,10,0.99966996406023,0.989764769807904,1.00983507338074
40,10,0.999666734659263,0.989745857066912,1.00989437558323
0,11,1.00778137183774,0.999950499777158,1.01597790893824
0.2,11,1.00775101953279,1.00002757496246,1.01590199233315
0.4,11,1.0077187880007,1.00010945670471,1.0157883722584
0.6,11,1.0076846095573,1.00016464590062,1.01567857481495
0.8,11,1.00764841778539,1.00018960610672,1.01556801724575
1,11,1.00761014785112,1.00025407404766,1.01546708282895
1.2,11,1.00756973682946,1.00025918625639,1.01538697549158
1.4,11,1.00752712403783,1.00027516445237,1.01526507114817
1.6,11,1.00748225137644,1.00029205532103,1.01514012062841
1.8,11,1.00743506367436,1.00030877800294,1.01504300834159
2,11,1.00738550903969,1.0003374757113,1.01495805560463
2.2,11,1.00733353921263,1.00038309998891,1.0148836280305
2.4,11,1.00727910991979,1.00041117751907,1.01480052549046
2.6,11,1.00722218122815,1.00035819554895,1.01466033964206
2.8,11,1.00716271789695,1.00035917707509,1.01455074896618
3,11,1.00710068972567,1.00035945406709,1.01438270543361
3.2,11,1.00703607189619,1.00035768837727,1.01418175029303
3.4,11,1.00696884530701,1.00030877127089,1.01399917587527
3.6,11,1.00689899689742,1.000353795741,1.01386110866091
3.8,11,1.00682651995933,1.00035166024919,1.01370207807211
4,11,1.00675141443426,1.00031594138934,1.01354186505838
4.2,11,1.0066736871931,1.00031081502853,1.01343127182085
4.4,11,1.00659335229595,1.00034445020788,1.01327467790255
4.6,11,1.00651043122931,1.00034176753405,1.01306478093466
4.8,11,1.00642495311789,1.00034159815344,1.01287945321785
5,11,1.00633695490814,1.00036577959224,1.01270824003648
5.2,11,1.00624648152064,1.00037822442513,1.01249778584399
5.4,11,1.00615358596851,1.00041199268514,1.01233569239222
5.6,11,1.0060583294389,1.00043083067172,1.01212473689153
5.8,11,1.00596078133488,1.00042699561162,1.01196586782711
6,11,1.00586101927495,1.00049918359232,1.01178464429313
6.2,11,1.00575912904776,1.00045626429599,1.01154926411055
6.4,11,1.00565520451956,1.00038862426083,1.01135582724662
6.6,11,1.0055493474925,1.00032882227084,1.01109102886876
6.8,11,1.00544166751185,1.00030450799544,1.01082677249129
7,11,1.00533228162073,1.00032572984563,1.01059937978727
7.2,11,1.00522131406141,1.00023747857107,1.010428353827
7.4,11,1.00510889592247,1.00019557344508,1.01026936001405
7.6,11,1.00499516473189,1.00008789219463,1.01017237373838
7.8,11,1.0048802639963,0.999982808297247,1.00996828389867
8,11,1.00476434268753,0.999901910231696,1.00972425472918
8.2,11,1.00464755467805,0.999839143031228,1.00958881575928
8.4,11,1.00453005812738,0.999818215749618,1.00940636757032
8.6,11,1.0044120148224,0.99975073937772,1.00920078615081
8.8,11,1.00429358947495,0.999743738422233,1.00901286712324
9,11,1.00417494898078,0.999747663711332,1.00883945824497
9.2,11,1.00405626164449,0.999680325395359,1.00861584288215
9.4,11,1.00393769637567,0.999705769020001,1.00844954884422
9.6,11,1.00381942186196,0.999661907369762,1.00827358468097
9.8,11,1.00370160572532,0.999680515529508,1.00814624937981
10,11,1.003584413668,0.999671033163425,1.00805891668672
10.2,11,1.00346800861532,0.999620376643638,1.0079151813622
10.4,11,1.0033525498624,0.999597369527583,1.00772869016322
10.6,11,1.00323819223232,0.999534239744884,1.00752827932551
10.8,11,1.00312508525325,0.999446421720288,1.00735117487063
11,11,1.00301337236193,0.999395306076642,1.00713978127932
11.2,11,1.00290319014116,0.999351200887624,1.00692524864019
11.4,11,1.00279466759828,0.999260822127037,1.00671316416964
11.6,11,1.00268792549177,0.999187760076047,1.00653114287501
11.8,11,1.00258307571237,0.999101680418511,1.00633998748886
12,11,1.00248022072492,0.999064679153177,1.00614631562683
12.2,11,1.0023794530763,0.999014309886514,1.00593970733998
12.4,11,1.00228085497439,0.998987669481313,1.00576623382104
12.6,11,1.00218449794225,0.998969841848358,1.00560666191068
12.8,11,1.0020904425508,0.998932717616688,1.00544590195688
13,11,1.00199873823264,0.998929730538546,1.00529134865149
13.2,11,1.00190942317864,0.998941595644735,1.00516208454979
13.4,11,1.00182252431827,0.998942443475959,1.00499028707352
13.6,11,1.00173805738343,0.998957157319278,1.00482975193062
13.8,11,1.001656027055,0.998961740420615,1.00469148687933
14,11,1.0015764271902,0.998954855974886,1.00452508648918
14.2,11,1.00149924112813,0.998955389115883,1.00435542130122
14.4,11,1.00142444207006,0.998946228293993,1.00419763571474
14.6,11,1.00135199353029,0.998942017361675,1.00404337133
14.8,11,1.00128184985259,0.998934561777512,1.00389608392399
15,11,1.00121395678684,0.998937895909235,1.00373694447871
15.2,11,1.00114825211977,0.99897315871741,1.00356797168857
15.4,11,1.00108466635331,0.998980846164097,1.00341535985016
15.6,11,1.00102312342373,0.998991701754218,1.00325002016019
15.8,11,1.00096354145439,0.998996928185977,1.00307028330371
16,11,1.00090583353492,0.999013544380975,1.00289716790152
16.2,11,1.00084990851926,0.999050716366105,1.00275058058339
16.4,11,1.00079567183545,0.999079453120739,1.00261306614702
16.6,11,1.00074302629961,0.999121161732127,1.00246565928688
16.8,11,1.00069187292732,0.999160369679165,1.00231522732249
17,11,1.00064211173531,0.99920063417448,1.00217133884586
17.2,11,1.00059364252718,0.999240351923524,1.00203511428463
17.4,11,1.00054636565688,0.999271989721286,1.00187941152535
17.6,11,1.00050018276444,0.999321995801333,1.00173720816743
17.8,11,1.00045499747871,0.99937489595713,1.00160610298189
18,11,1.00041071608247,0.999411813707297,1.00145734295648
18.2,11,1.00036724813593,0.999456820204495,1.0013119582932
18.4,11,1.00032450705501,0.999509130515745,1.00116123202676
18.6,11,1.00028241064153,0.999565882202087,1.00101675202121
18.8,11,1.00024088156293,0.999614001214493,1.00087207668481
19,11,1.0001998477798,0.999670253218054,1.00072724734009
19.2,11,1.00015924291984,0.999731466148536,1.00058497908924
19.4,11,1.00011900659765,0.99979337471626,1.00043845411761
19.6,11,1.00007908468005,0.999858163325098,1.00029733804704
19.8,11,1.0000394294972,0.999926650533006,1.00014993244908
20,11,1,1,1
20.2,11,0.999960761864982,0.999850516761972,1.00007595898337
20.4,11,0.99992168754784,0.999696837502028,1.00015318858569
20.6,11,0.999882756287273,0.999544606414277,1.00023473780284
20.8,11,0.999843954060975,0.9993871278472,1.00031764220843
21,11,0.999805273495802,0.99922878551277,1.00040169087901
21.2,11,0.999766713734308,0.999072430095733,1.00048912618209
21.4,11,0.999728280259956,0.998918898105638,1.00057829115873
21.6,11,0.999689984683411,0.998766559444374,1.00068093685916
21.8,11,0.999651844492347,0.998614031607165,1.00077939230448
22,11,0.999613882767276,0.998452030425295,1.00087438484124
22.2,11,0.99957612786588,0.998298149640337,1.00096981564623
22.4,11,0.999538613078347,0.998131330928487,1.00106846373428
22.6,11,0.999501376256208,0.997974662021855,1.00117170854808
22.8,11,0.999464459417129,0.997820947747851,1.00126544281947
23,11,0.999427908328134,0.997652114935563,1.00136293842296
23.2,11,0.999391772069682,0.997481404079637,1.00146982744103
23.4,11,0.999356102583051,0.997330860952401,1.00157754087208
23.6,11,0.999320954203459,0.997193504292186,1.00169930248013
23.8,11,0.999286383181384,0.997032992237042,1.00182249521901
24,11,0.999252447194545,0.996857051028054,1.00194710909409
24.2,11,0.99921920485309,0.996680397628624,1.00205742751393
24.4,11,0.99918671520053,0.996516217463756,1.00215242071314
24.6,11,0.999155037213068,0.996332987464249,1.00230127335655
24.8,11,0.999124229300014,0.99612801605554,1.00241053304869
25,11,0.999094348808062,0.995956635274155,1.00252181702806
25.2,11,0.999065451532276,0.995796756260384,1.00266048806179
25.4,11,0.999037591236731,0.995629574403798,1.00281941358435
25.6,11,0.999010819187783,0.995433930192869,1.00299263377002
25.8,11,0.998985183703052,0.995243327338471,1.00314654950032
26,11,0.998960729719215,0.995077881591088,1.00329832113304
26.2,11,0.998937498381736,0.994929333651579,1.00340969774827
26.4,11,0.99891552665967,0.994737771562012,1.00359062833651
26.6,11,0.998894846988648,0.99456817047392,1.00368235732459
26.8,11,0.998875486945068,0.994413459238864,1.00377697689189
27,11,0.998857468954453,0.994230814482144,1.00383092635928
27.2,11,0.998840810036756,0.994071255683429,1.003926683201
27.4,11,0.998825521591249,0.993931003758988,1.00405329245384
27.6,11,0.998811609223375,0.993769902349735,1.00419472192093
27.8,11,0.998799072615692,0.993612955149175,1.00429541175347
28,11,0.998787905444721,0.99349128507279,1.00439447711106
28.2,11,0.998778095345151,0.993369079786024,1.00458797992861
28.4,11,0.998769623922453,0.993185702003479,1.00466804714515
28.6,11,0.99876246681455,0.992940415932498,1.00483567731287
28.8,11,0.998756593802703,0.992763166037877,1.00500159859688
29,11,0.998751968971291,0.992529470878851,1.00516540633904
29.2,11,0.998748550915685,0.992356807649899,1.00530413540947
29.4,11,0.998746292996855,0.992195453214141,1.00539569110615
29.6,11,0.998745143640872,0.992091492620036,1.00551655221006
29.8,11,0.998745046680924,0.991998715952783,1.00567370490979
30,11,0.998745941738969,0.991838777581886,1.00581897127759
30.2,11,0.998747764643669,0.991722301060891,1.0059232466181
30.4,11,0.998750447880799,0.991625299243083,1.00602190852858
30.6,11,0.998753921071896,0.99160102081724,1.00614196328709
30.8,11,0.998758111476566,0.991483808628784,1.00627028138277
31,11,0.998762944513532,0.991418193877008,1.00646391641942
31.2,11,0.998768344295259,0.991270736025415,1.00656335943501
31.4,11,0.998774234170802,0.991171703780662,1.00664318367944
31.6,11,0.998780537271391,0.991030847431198,1.00679500420449
31.8,11,0.998787177053224,0.990887220384803,1.00688728914339
32,11,0.998794077831956,0.990743250619928,1.00690323468801
32.2,11,0.998801165303483,0.990551460187527,1.00704868489495
32.4,11,0.998808367045769,0.990435267507755,1.00711844382026
32.6,11,0.998815612996723,0.990347710073876,1.00723969116327
32.8,11,0.998822835903454,0.990265746563849,1.00735697461661
33,11,0.998829971738579,0.990167253001882,1.00756610619663
33.2,11,0.99883696007972,0.990089507518861,1.00769618013511
33.4,11,0.998843744448795,0.989987874914028,1.00780351659658
33.6,11,0.998850272608246,0.989906078615281,1.00785032408829
33.8,11,0.998856496811895,0.989864805299474,1.00795986531474
34,11,0.998862374008725,0.989803194710271,1.00803123767972
34.2,11,0.998867865998475,0.989735650084902,1.00809824593293
34.4,11,0.99887293953855,0.989692155786114,1.00816103069076
34.6,11,0.998877566402354,0.98966129829743,1.00821974088554
34.8,11,0.998881723389764,0.989634058583253,1.00827453226386
35,11,0.998885392290996,0.989586153932105,1.00835936987971
35.2,11,0.998888559805702,0.989497935306729,1.00840752846965
35.4,11,0.99889121741961,0.989382358803233,1.00848354531827
35.6,11,0.99889336124148,0.989289444708692,1.00862556840163
35.8,11,0.998894991803558,0.989213090547361,1.00865500042894
36,11,0.998896113829063,0.98910160432669,1.00864490832851
36.2,11,0.998896735970519,0.989003792676584,1.00865692024756
36.4,11,0.998896870522963,0.988870057411518,1.00876310740315
36.6,11,0.998896533116253,0.988834817134556,1.0088134792985
36.8,11,0.998895742390732,0.988802368642367,1.00886235139982
37,11,0.998894519660602,0.988745997903639,1.00890330693407
37.2,11,0.998892888569278,0.988666880887998,1.00896397962661
37.4,11,0.998890874740917,0.988565682761354,1.00907689928417
37.6,11,0.99888850543217,0.988497358237051,1.00921012927369
37.8,11,0.998885809188014,0.988419627667055,1.00927886780461
38,11,0.998882815505244,0.988368410613166,1.00933193772765
38.2,11,0.998879554506968,0.98832403212626,1.0094397051853
38.4,11,0.998876056631082,0.988264284972969,1.00954980588619
38.6,11,0.998872352335414,0.98819731333015,1.00962934694777
38.8,11,0.9988684718218,0.988119009804267,1.00968024919067
39,11,0.998864444781039,0.988044361281316,1.00964824917096
39.2,11,0.998860300160258,0.987994240994383,1.00965975664586
39.4,11,0.998856065953845,0.987974510199278,1.00973904286767
39.6,11,0.998851769018744,0.987952345439754,1.0097849348644
39.8,11,0.998847434914529,0.987879028775865,1.00992390890658
40,11,0.998843087768345,0.987764555325722,1.0100475506692
0,12,1.00767701608483,0.999128140713648,1.01766128684446
0.2,12,1.00764647997114,0.999152095565999,1.01754498183369
0.4,12,1.00761405876185,0.99916992871545,1.01742037016179
0.6,12,1.00757968542572,0.999189088159815,1.01727206810131
0.8,12,1.0075432943248,0.999209630330483,1.01706470949317
1,12,1.00750482153931,0.999271506277273,1.01684506617927
1.2,12,1.00746420520158,0.99935812653916,1.01661707050885
1.4,12,1.00742138583758,0.99940020346877,1.01638724282322
1.6,12,1.00737630671496,0.999492784190711,1.01620412694094
1.8,12,1.007328914196,0.999589006294744,1.01601452330111
2,12,1.00727915809428,0.999606541743463,1.0158185588041
2.2,12,1.00722699203324,0.999565868427735,1.01561871248011
2.4,12,1.00717237380519,0.999537617525931,1.01543513440786
2.6,12,1.00711526572898,0.999571867805036,1.01525709632945
2.8,12,1.00705563500441,0.999584530782767,1.01505771553159
3,12,1.00699345406163,0.999629942206851,1.01485355331123
3.2,12,1.00692870090322,0.999673989919652,1.01464511626264
3.4,12,1.0068613594371,0.999579178812273,1.01441306753702
3.6,12,1.0067914197978,0.999527002460587,1.01419830307949
3.8,12,1.00671887865377,0.999570664464547,1.01400543379003
4,12,1.00664373949828,0.9996433782882,1.01382364423526
4.2,12,1.00656601292142,0.999639765788623,1.01365474096494
4.4,12,1.00648571686034,0.999694236411072,1.01346317376874
4.6,12,1.00640287682517,0.999762754044012,1.01329047625386
4.8,12,1.0063175260978,0.999711964056127,1.01319959979572
5,12,1.00622970590055,0.999753107485528,1.01296961023838
5.2,12,1.00613946553212,0.999757767891813,1.01277056735563
5.4,12,1.00604686246768,0.999777838831589,1.01260803027383
5.6,12,1.00595196242057,0.999745786504106,1.01244036120074
5.8,12,1.00585483936278,0.999706748526056,1.01226873177812
6,12,1.00575557550163,0.9996655769986,1.01201405357791
6.2,12,1.0056542612102,0.999646029901841,1.0117887920599
6.4,12,1.00555099490941,0.999670308234096,1.01160656951354
6.6,12,1.00544588289972,0.999661716548428,1.01139815974822
6.8,12,1.00533903914081,0.99965081743347,1.01119297071502
7,12,1.00523058497801,0.999610698214637,1.01094728028657
7.2,12,1.00512064881458,0.999622931594478,1.01073877251182
7.4,12,1.0050093657294,0.99960497547744,1.01056319152441
7.6,12,1.00489687704018,0.999554078436206,1.01042648162706
7.8,12,1.00478332981275,0.999487432392156,1.01016651534485
8,12,1.0046688763176,0.999414128684984,1.00992529541174
8.2,12,1.00455367343542,0.999340664765195,1.00973484325046
8.4,12,1.00443788201396,0.999314690231817,1.00951917984049
8.6,12,1.00432166617916,0.999273680703232,1.00939763538354
8.8,12,1.00420519260423,0.999282953848508,1.0092419977962
9,12,1.00408862974059,0.999294280383967,1.00902567589884
9.2,12,1.00397214701572,0.999170845605807,1.00881987376526
9.4,12,1.00385591400299,0.999062288648516,1.00858679959435
9.6,12,1.0037400995694,0.998963144197737,1.00838332830732
9.8,12,1.00362487100741,0.998928499840718,1.00820269208197
10,12,1.00351039315755,0.998886653633106,1.00805626130735
10.2,12,1.00339682752887,0.998866631917818,1.00782770970743
10.4,12,1.00328433142434,0.998861527510217,1.00767277643017
10.6,12,1.00317305707871,0.998834389142236,1.0075160120203
10.8,12,1.00306315081631,0.9987740482918,1.00732280010743
11,12,1.00295475223618,0.998741709361804,1.00711690128098
11.2,12,1.00284799343212,0.998717070015259,1.00693806252148
11.4,12,1.00274299825448,0.998673473754791,1.00671316416964
11.6,12,1.00263988162098,0.998634142078953,1.00649590899177
11.8,12,1.00253874888269,0.998595348319021,1.00632860312526
12,12,1.00243969525137,0.998531425482982,1.00617316764856
12.2,12,1.00234280529358,0.998477018819243,1.00599615068717
12.4,12,1.00224815249627,0.998476923708708,1.0057987335547
12.6,12,1.00215579890814,0.998480767181532,1.00561618720534
12.8,12,1.00206579485994,0.998486360926426,1.00544825663741
13,12,1.0019781787664,0.998474355715978,1.00528569399489
13.2,12,1.00189297701137,0.998446527650683,1.00512305643534
13.4,12,1.00181020391714,0.99847831981035,1.00496767885127
13.6,12,1.00172986179789,0.998475497906917,1.00483346485428
13.8,12,1.00165194109635,0.998491686596378,1.00465311050877
14,12,1.00157642060209,0.998514279449442,1.00450409820104
14.2,12,1.00150326774868,0.998511420794514,1.00436612010279
14.4,12,1.00143243898675,0.998550550388488,1.00421072142327
14.6,12,1.00136388022859,0.998591770536477,1.00410648224105
14.8,12,1.00129752735985,0.998658332055116,1.00395309442016
15,12,1.00123330681297,0.998702724540175,1.00379605002819
15.2,12,1.00117113619658,0.998748867883793,1.00365091948371
15.4,12,1.00111092497468,0.998768269618092,1.00349422868477
15.6,12,1.00105257518901,0.998796752679485,1.00334891374711
15.8,12,1.00099598221789,0.998806901983436,1.00319533974503
16,12,1.00094103556448,0.998841699564415,1.00303892162946
16.2,12,1.00088761966748,0.998881840482891,1.00289716471018
16.4,12,1.00083561472733,0.998928524228238,1.00278385270856
16.6,12,1.00078489754086,0.998956397847166,1.00263241065147
16.8,12,1.00073534233776,0.998995348654274,1.00248762859135
17,12,1.00068682161245,0.999032126750018,1.0023345402107
17.2,12,1.00063920694508,0.999101190665027,1.00217316526527
17.4,12,1.00059236980596,0.999125354698505,1.00202095263766
17.6,12,1.00054618233819,0.999173595483222,1.00186810727929
17.8,12,1.00050051811338,0.999251992005527,1.00172952168524
18,12,1.00045525285629,0.999315380523338,1.00160374629523
18.2,12,1.00041026513452,0.999379084121788,1.00146344008808
18.4,12,1.00036543700977,0.999441939585872,1.00129298638796
18.6,12,1.00032065464812,0.999504327266337,1.00113858642716
18.8,12,1.00027580888676,0.999568591977954,1.0009922738553
19,12,1.00023079575575,0.999634816156821,1.00083444971967
19.2,12,1.00018551695315,0.999700624063815,1.00066981893962
19.4,12,1.00013988027302,0.999772235998415,1.0005072939806
19.6,12,1.0000937999857,0.999843744258181,1.00034280259153
19.8,12,1.00004719717033,0.999921050986638,1.00017435291837
20,12,1,1,1
20.2,12,0.999952143980096,0.99982123890789,1.00008211406749
20.4,12,0.999903572140632,0.999638008281091,1.00016708893895
20.6,12,0.999854235183681,0.999449354141476,1.00025491841459
20.8,12,0.99980409158707,0.999255263673934,1.00034737111745
21,12,0.999753107665665,0.999062865085927,1.00044333687377
21.2,12,0.999701257591646,0.998865349638354,1.00054485620323
21.4,12,0.999648523375211,0.998651535556001,1.0006465999592
21.6,12,0.999594894807172,0.998421985385533,1.00073837987464
21.8,12,0.999540369364884,0.998179824052895,1.00082811168153
22,12,0.999484952082938,0.997957307041112,1.00091839649806
22.2,12,0.999428655390001,0.997711401762652,1.00100817056006
22.4,12,0.999371498913138,0.997462760294424,1.00109425771246
22.6,12,0.999313509250923,0.997232368435757,1.00117923398786
22.8,12,0.999254719716581,0.996983576241861,1.00128407913412
23,12,0.999195170052387,0.996714530566732,1.00137122667981
23.2,12,0.999134906116547,0.996459533346299,1.00146112676268
23.4,12,0.999073979543743,0.996203306851987,1.00157032606389
23.6,12,0.999012447380616,0.995964480395509,1.00170757082812
23.8,12,0.998950371697444,0.99571722905576,1.0018497325835
24,12,0.998887819177394,0.995460749223196,1.00192633531687
24.2,12,0.998824860684809,0.995175290981462,1.00209678395993
24.4,12,0.998761570814109,0.994948160639952,1.00220815059712
24.6,12,0.998698027421064,0.99463674432888,1.00229355815762
24.8,12,0.99863431113833,0.994369046610711,1.00241462537652
25,12,0.998570504877366,0.994123053962739,1.00250054763402
25.2,12,0.998506693319019,0.99384914939567,1.00262612933284
25.4,12,0.998442962395305,0.993550429846669,1.00280599817057
25.6,12,0.998379398765106,0.993248424121595,1.00299186642871
25.8,12,0.998316089286725,0.992886465735676,1.00310818936112
26,12,0.998253120490454,0.992648476816962,1.00319546364804
26.2,12,0.99819057805446,0.992400823195032,1.00332375857763
26.4,12,0.998128546287514,0.992109735351773,1.00337841993397
26.6,12,0.998067107622165,0.99183225559584,1.0035124109622
26.8,12,0.998006342122105,0.991586214621486,1.00363204252952
27,12,0.997946327007507,0.991392436799454,1.00369549483721
27.2,12,0.997887136202145,0.991109495269766,1.0038006593564
27.4,12,0.997828839906063,0.990794589095215,1.00394208877888
27.6,12,0.997771504197474,0.990436412347249,1.00408680434874
27.8,12,0.997715190667424,0.990080022368647,1.0042520550955
28,12,0.997659956090578,0.989726232715693,1.00439447711106
28.2,12,0.997605852135189,0.989402898073378,1.00459803546198
28.4,12,0.997552925115051,0.989108514748779,1.00459801650486
28.6,12,0.997501215785835,0.988761991280747,1.00470842914777
28.8,12,0.997450759187822,0.988487943293704,1.00487930819443
29,12,0.997401584536585,0.98824730691896,1.00508663596148
29.2,12,0.997353715162688,0.987967818694519,1.00525504215671
29.4,12,0.997307168500925,0.98769386294062,1.00534333672197
29.6,12,0.997261956129123,0.987425806241497,1.00534642408996
29.8,12,0.997218083855927,0.987107813670896,1.00544114019717
30,12,0.997175551856446,0.986831169053033,1.0055463092857
30.2,12,0.997134354854076,0.986562501815251,1.00565563486876
30.4,12,0.997094482346271,0.986333923767055,1.00576155256716
30.6,12,0.997055918871489,0.986142942002577,1.00586809342134
30.8,12,0.997018644314075,0.985905044757408,1.00595110591823
31,12,0.99698263424337,0.98557732017382,1.00605382703485
31.2,12,0.996947860282939,0.985387747463305,1.00617965633964
31.4,12,0.996914290505462,0.985180263355712,1.00632834143745
31.6,12,0.996881889848545,0.98498755844331,1.00647480906591
31.8,12,0.996850620546489,0.984807991944331,1.00662363466611
32,12,0.996820442572908,0.984633336681041,1.00677313720893
32.2,12,0.996791314089012,0.984500550714654,1.00691961118304
32.4,12,0.996763191892375,0.984322964831928,1.00706319013116
32.6,12,0.996736031861078,0.984079146803966,1.00719344940828
32.8,12,0.996709789388278,0.983927273211987,1.00727483137819
33,12,0.996684419802466,0.983702558757385,1.00735439967487
33.2,12,0.996659878768956,0.983474302218648,1.0073716256614
33.4,12,0.996636122668525,0.983337408542137,1.0074772942302
33.6,12,0.996613108949481,0.983242512851906,1.00756506880521
33.8,12,0.996590796449934,0.983019143605977,1.00765147211892
34,12,0.996569145687496,0.9827730524764,1.00772508088883
34.2,12,0.996548119114176,0.982626347286884,1.00778079890602
34.4,12,0.996527681334764,0.982561994092143,1.00780775973777
34.6,12,0.996507799287564,0.982502212111267,1.00787417259963
34.8,12,0.996488442386867,0.982427522612534,1.00793768367016
35,12,0.996469582627118,0.982311474775707,1.00799723482717
35.2,12,0.996451194649268,0.982183152422287,1.00806505461514
35.4,12,0.996433255770273,0.982060849310969,1.00814054602769
35.6,12,0.99641574597721,0.981946352612685,1.00814733828283
35.8,12,0.996398647887906,0.981839444772309,1.00814151670987
36,12,0.996381946680335,0.981739892358525,1.00814246820911
36.2,12,0.996365629993421,0.981647448011674,1.00814041781174
36.4,12,0.996349687802126,0.981561852393792,1.0081957850599
36.6,12,0.996334112269962,0.981492071575674,1.00838324786078
36.8,12,0.996318897582207,0.981396071453556,1.00850326172601
37,12,0.996304039763231,0.981227754122917,1.00861347533969
37.2,12,0.996289536481386,0.981224692191316,1.00867180096748
37.4,12,0.996275386844897,0.981160962186351,1.00871446046142
37.6,12,0.996261591192156,0.981054511141821,1.00869132595801
37.8,12,0.996248150879678,0.980943852156871,1.00869313520497
38,12,0.996235068070859,0.980812812758167,1.00869544778881
38.2,12,0.996222345528452,0.980746389536595,1.00869730842738
38.4,12,0.996209986413461,0.980704364704843,1.00872181022615
38.6,12,0.996197994092896,0.980718464056062,1.00876148005913
38.8,12,0.996186371958523,0.980679137282628,1.00880015069154
39,12,0.996175123258485,0.980747713296721,1.00881997388559
39.2,12,0.996164250943315,0.980762627970227,1.00883815310475
39.4,12,0.996153757527584,0.980777324303311,1.00885479256475
39.6,12,0.996143644968073,0.980766117359704,1.00886999340128
39.8,12,0.99613391455909,0.980677452573958,1.00886902376562
40,12,0.99612456684522,0.98053841239146,1.00890834391748
0,13,1.00705710946418,0.994300030657876,1.01681686693738
0.2,13,1.00703461092859,0.994373170740643,1.01668821484081
0.4,13,1.00701064000492,0.994450065809316,1.01656879669987
0.6,13,1.00698513515939,0.994530754210235,1.01639581044549
0.8,13,1.00695803506236,0.994615261003634,1.0162343199306
1,13,1.00692927884297,0.994703597108931,1.01605589029289
1.2,13,1.00689880635922,0.994807640478581,1.01586392328274
1.4,13,1.00686655848344,0.994972195062871,1.01578413936825
1.6,13,1.00683247740232,0.995134106361257,1.01574779696858
1.8,13,1.00679650693112,0.995191753154429,1.0156553818621
2,13,1.00675859284126,0.995206247128431,1.01546252960063
2.2,13,1.0067186832001,0.995310320903618,1.01533997042874
2.4,13,1.00667672872201,0.995421173179772,1.0151930893981
2.6,13,1.00663268312918,0.995535258283578,1.01502639591173
2.8,13,1.00658650352068,0.995652440780637,1.01485330896301
3,13,1.0065381507478,0.995724118704669,1.01461442027895
3.2,13,1.00648758979377,0.995730858859858,1.01445337854361
3.4,13,1.00643479015547,0.995763976248144,1.01426629488435
3.6,13,1.00637972622454,0.995692965690806,1.01412227678227
3.8,13,1.00632237766516,0.995620555837984,1.01392675032645
4,13,1.00626272978537,0.995784900987843,1.01378746259292
4.2,13,1.0062007738987,0.996034670499745,1.01360212915635
4.4,13,1.00613650767274,0.996282170294153,1.01341249454781
4.6,13,1.00606993546063,0.996400188260344,1.01323633389057
4.8,13,1.00600106861209,0.996609754907267,1.0131256274056
5,13,1.0059299257596,0.996697132629821,1.01299858610161
5.2,13,1.00585653307589,0.996681119518684,1.01288794158585
5.4,13,1.00578092449857,0.996778889036498,1.01274808272398
5.6,13,1.00570314191773,0.996824222726768,1.01262397189455
5.8,13,1.00562323532248,0.996834532548194,1.01245247038287
6,13,1.00554126290249,0.996842300778918,1.01231298768476
6.2,13,1.00545729110063,0.997065466794163,1.01217042399467
6.4,13,1.00537139461334,0.99716838521612,1.01191225762644
6.6,13,1.00528365633521,0.997237995260254,1.01169611130495
6.8,13,1.00519416724515,0.997217514893206,1.01148529393609
7,13,1.00510302623148,0.997361288312154,1.01133921398716
7.2,13,1.00501033985399,0.997531775844691,1.01109811734372
7.4,13,1.00491622204162,0.997639214539985,1.01091378218877
7.6,13,1.00482079372478,0.997681858523744,1.01075555196006
7.8,13,1.0047241824022,0.997649032712973,1.01059449485261
8,13,1.00462652164277,0.997610390973303,1.01035241553487
8.2,13,1.0045279505235,0.997601257694379,1.01028258182029
8.4,13,1.00442861300559,0.997572841389634,1.01014259303855
8.6,13,1.00432865725128,0.997657782628799,1.00993602967125
8.8,13,1.00422823488476,0.997632781123633,1.00972565101079
9,13,1.0041275002015,0.997617910444312,1.0095510391939
9.2,13,1.00402660933054,0.997714329432679,1.00934361391919
9.4,13,1.00392571935556,0.997723463235368,1.00919505751396
9.6,13,1.00382498740065,0.997713660223921,1.00902406793729
9.8,13,1.00372456968751,0.997832015298256,1.00884413037815
10,13,1.00362462057135,0.997879661741903,1.00866405737681
10.2,13,1.00352529156306,0.997832835687166,1.00846557801454
10.4,13,1.00342673034554,0.99791501040613,1.0083084997494
10.6,13,1.00332907979246,0.998019596593845,1.00813525407657
10.8,13,1.0032324769977,0.997979083067051,1.00795963872232
11,13,1.00313705232389,0.997888760397887,1.00778487841873
11.2,13,1.00304292847836,0.997877308926065,1.00762883629593
11.4,13,1.00295021962448,0.997793049854755,1.00746546391401
11.6,13,1.00285903053654,0.997794617893988,1.0073037947723
11.8,13,1.0027694558054,0.997801315449657,1.00713732482581
12,13,1.00268157910203,0.997774204039757,1.00698564141895
12.2,13,1.00259547250557,0.997777746361553,1.00682824048541
12.4,13,1.00251119590147,0.997803680975394,1.00667516162192
12.6,13,1.00242879645521,0.997873304129849,1.0065207384183
12.8,13,1.00234830816579,0.997841837902625,1.00636743081848
13,13,1.00226975150266,0.997893218797412,1.00622378137888
13.2,13,1.00219313312897,0.997970438260157,1.00608763176137
13.4,13,1.00211844571292,0.998059714279734,1.00594021520116
13.6,13,1.0020456678285,0.998125335876006,1.00585306495196
13.8,13,1.00197476394561,0.9981500577562,1.00569134659557
14,13,1.00190568450916,0.998222308763964,1.00555645457679
14.2,13,1.00183836610569,0.998259023129108,1.00534839890549
14.4,13,1.00177273171525,0.998286709207521,1.00523857653447
14.6,13,1.00170869104591,0.99832104336149,1.00510202501243
14.8,13,1.00164614094707,0.998392295100618,1.00496388439739
15,13,1.00158496589783,0.998476633056579,1.00483799658262
15.2,13,1.00152503856556,0.99854112575591,1.00471332139175
15.4,13,1.00146622042988,0.998620992560174,1.00456145825608
15.6,13,1.00140836246652,0.998668348431505,1.00440108358113
15.8,13,1.00135130588568,0.998729995526349,1.00427597964724
16,13,1.00129488291897,0.998778494655845,1.00412753458342
16.2,13,1.00123891764911,0.998825978526048,1.00397158231927
16.4,13,1.00118322687667,0.998910397240532,1.00375359236003
16.6,13,1.00112762101788,0.999009869398972,1.00361388131149
16.8,13,1.00107190502793,0.999084998100155,1.00348061468299
17,13,1.00101587934431,0.999138325141909,1.00329427923545
17.2,13,1.00095934084484,0.999183856045586,1.0031334985667
17.4,13,1.00090208381559,0.999242711853152,1.00297571433791
17.6,13,1.00084390092382,0.99929664664214,1.00278809973436
17.8,13,1.00078458419176,0.999390896165326,1.00260497670656
18,13,1.00072392596719,0.999450126600523,1.0024143391156
18.2,13,1.00066171988714,0.999514591783507,1.00220484904217
18.4,13,1.00059776183131,0.999595704088684,1.001996169517
18.6,13,1.0005318508624,0.999640496550184,1.00178263768054
18.8,13,1.00046379015041,0.999688514896376,1.00155308463585
19,13,1.00039338787847,0.999745090922694,1.00130954603343
19.2,13,1.00032045812803,0.999808670366773,1.00106380681117
19.4,13,1.00024482174132,0.999865258605412,1.00081495236552
19.6,13,1.00016630715895,0.999911235356409,1.00055410766451
19.8,13,1.00008475123108,0.99995635469687,1.00028455693668
20,13,1,1,1
20.2,13,0.999911909452622,0.999701132441553,1.00004544619969
20.4,13,0.999820346240683,0.999389664493421,1.0000925214803
20.6,13,0.999725188366918,0.999066243753019,1.00013602365385
20.8,13,0.999626325834989,0.998744184874895,1.00017567488344
21,13,0.999523661260972,0.998404465770014,1.00022073378009
21.2,13,0.999417110443989,0.998057924973611,1.00026811908573
21.4,13,0.999306602893413,0.997706745310645,1.0003045670054
21.6,13,0.999192082309888,0.997354718606812,1.00033790635718
21.8,13,0.999073507017255,0.996982410225789,1.00036781476781
22,13,0.998950850342307,0.996568125357616,1.00041557556051
22.2,13,0.998824100939197,0.996179363510042,1.00046866571973
22.4,13,0.998693263055238,0.995807281473049,1.00053353897972
22.6,13,0.998558356734771,0.995399690986074,1.00059321523123
22.8,13,0.998419417957843,0.994986679065671,1.00064016742203
23,13,0.998276498710467,0.994572882614301,1.0007002094225
23.2,13,0.998129666983418,0.994148057341925,1.00074846443916
23.4,13,0.99797900669671,0.993724338336417,1.00080411546884
23.6,13,0.997824617547222,0.993304182355932,1.00085413969852
23.8,13,0.997666614777264,0.992884391174985,1.00090293243458
24,13,0.997505128862369,0.992427794178089,1.00093590405234
24.2,13,0.997340305117065,0.991913601699865,1.00098481967851
24.4,13,0.997172303218007,0.991461139081351,1.00106334098587
24.6,13,0.997001296644476,0.991067308963913,1.00111908759026
24.8,13,0.996827472036959,0.990632610378587,1.00117578607736
25,13,0.996651028475298,0.990085186721902,1.00125346652176
25.2,13,0.996472176678672,0.989569912908291,1.00132980779516
25.4,13,0.996291138130498,0.989059884121276,1.00139559671918
25.6,13,0.996108144132172,0.98852086868389,1.00140945149367
25.8,13,0.995923434790413,0.987967331846892,1.00144741286077
26,13,0.995737257943776,0.987451721764049,1.00151971758363
26.2,13,0.995549868034694,0.986982594635564,1.00157008241379
26.4,13,0.995361524934177,0.986473168196499,1.00162169271413
26.6,13,0.995172492726955,0.985982705879452,1.00163029078519
26.8,13,0.994983038465514,0.985529048959347,1.00159083077565
27,13,0.994793430901955,0.98489075177847,1.00156752647223
27.2,13,0.994603939207134,0.984206993631417,1.00151606043492
27.4,13,0.994414831686782,0.98361049879412,1.0015205681651
27.6,13,0.994226374504622,0.982995158297467,1.00157162930465
27.8,13,0.994038830422548,0.982317345939639,1.00162225433915
28,13,0.993852457567935,0.981748061080903,1.00164628262568
28.2,13,0.993667508238011,0.981349159045822,1.00172019221734
28.4,13,0.993484227750928,0.980740880030138,1.00179342797189
28.6,13,0.993302853352807,0.980180315711101,1.00186583892037
28.8,13,0.993123613189471,0.979743289147704,1.00193067229827
29,13,0.992946725350979,0.979224458112046,1.00198579504187
29.2,13,0.992772396996311,0.978662067316311,1.00199168705403
29.4,13,0.992600823564731,0.97825034488791,1.00199631431727
29.6,13,0.992432188079402,0.977992287883269,1.0020222670742
29.8,13,0.992266660547879,0.977430449153797,1.00204749325826
30,13,0.992104397462992,0.976852931884245,1.00210265070183
30.2,13,0.991945541406582,0.976276555679288,1.00217314499549
30.4,13,0.991790220757418,0.975848583388838,1.00225394805092
30.6,13,0.991638549503487,0.975472481740814,1.0022830910357
30.8,13,0.991490627157739,0.974958023010214,1.00231040810324
31,13,0.991346538775272,0.974419916729318,1.00234289343381
31.2,13,0.991206355068895,0.97391906505004,1.00236597967522
31.4,13,0.991070132619001,0.973491407998193,1.00237113655619
31.6,13,0.990937914172779,0.97301569215984,1.00238070941379
31.8,13,0.990809729026922,0.972629403739453,1.00234238921396
32,13,0.990685593487285,0.972249901602374,1.00235552285276
32.2,13,0.990565511398272,0.971927639285573,1.00234822559179
32.4,13,0.990449474734231,0.97164032112276,1.00241092953475
32.6,13,0.990337464244701,0.971359595640064,1.00245548327719
32.8,13,0.990229450145098,0.971036322521403,1.00247483604628
33,13,0.990125392844221,0.97062721695926,1.00245161846079
33.2,13,0.990025243699959,0.970243832721032,1.00242651706458
33.4,13,0.989928945794609,0.970012794104333,1.00241768068603
33.6,13,0.989836434721428,0.969850857047789,1.00241039519628
33.8,13,0.98974763937432,0.969688090093098,1.00246212788716
34,13,0.989662482732957,0.969457006380806,1.00241604581741
34.2,13,0.989580882636097,0.969334119421281,1.00235240219782
34.4,13,0.989502752536415,0.96919271456747,1.00231010200795
34.6,13,0.989428002230807,0.969092727407373,1.00240126884279
34.8,13,0.989356538560744,0.968925459026278,1.00242854841409
35,13,0.989288266078013,0.968620174610442,1.00246106771964
35.2,13,0.989223087671886,0.968303294484366,1.00249024458443
35.4,13,0.989160905154511,0.968084072613474,1.00242274066868
35.6,13,0.989101619802064,0.967841114184258,1.00239351089404
35.8,13,0.989045132849935,0.967695123718353,1.00241398606081
36,13,0.988991345940942,0.967603716753604,1.00244563393035
36.2,13,0.988940161526218,0.967517722293078,1.0025381094521
36.4,13,0.988891483219086,0.96743515243141,1.00258673155372
36.6,13,0.988845216102782,0.967266845827114,1.00266475586348
36.8,13,0.988801266993454,0.967182488478217,1.00276119652771
37,13,0.988759544660288,0.967121487015288,1.00285803701406
37.2,13,0.988719960005052,0.967065477415457,1.00294863926897
37.4,13,0.988682426203651,0.967014129516766,1.00292618489738
37.6,13,0.988646858812566,0.966967127046778,1.00289385594191
37.8,13,0.988613175843238,0.966924167842562,1.00291041912721
38,13,0.988581297807605,0.966884963968051,1.00293709288842
38.2,13,0.988551147738037,0.966805166777636,1.00297882114104
38.4,13,0.988522651184959,0.96663113995301,1.00305028264265
38.6,13,0.988495736195373,0.966625222848569,1.00311763732934
38.8,13,0.988470333275426,0.966559530414753,1.00318086165183
39,13,0.988446375340008,0.966513171226423,1.00324276802528
39.2,13,0.988423797652199,0.966489848956416,1.00329538172574
39.4,13,0.988402537755191,0.966468992664446,1.00335287635951
39.6,13,0.988382535399063,0.966450376162411,1.00342279553224
39.8,13,0.988363732464555,0.966433789697758,1.00349083600836
40,13,0.988346072885726,0.966418999089055,1.00355578013315
0,14,1.00629318445363,0.987376465474141,1.01834358334383
0.2,14,1.00627560234166,0.987389539759777,1.01838604308199
0.4,14,1.00625686195664,0.987403351716666,1.01844028883285
0.6,14,1.00623691261754,0.987419209205656,1.01849599242427
0.8,14,1.00621570343412,0.987431424029397,1.0184725603021
1,14,1.00619318348727,0.987378392976062,1.01844220955239
1.2,14,1.00616930202392,0.987322246866939,1.01839537930625
1.4,14,1.00614400866706,0.987317201114415,1.01820957256994
1.6,14,1.00611725364069,0.987410255826083,1.01807374304964
1.8,14,1.00608898800997,0.987505632679779,1.0179502947104
2,14,1.00605916393625,0.987646766740829,1.01785650419562
2.2,14,1.00602773494671,0.987575748729659,1.01780543214331
2.4,14,1.00599465621817,0.987749833694111,1.01775228841111
2.6,14,1.00595988487424,0.987745078253427,1.01769623367431
2.8,14,1.005923380295,0.987793928028575,1.01763593219231
3,14,1.00588510443785,0.987891777645036,1.01765636126893
3.2,14,1.00584502216829,0.988021935943281,1.01764041130105
3.4,14,1.00580310159867,0.988209364082238,1.01748920040703
3.6,14,1.00575931443299,0.988378244001117,1.01734845482762
3.8,14,1.00571363631545,0.988624858190271,1.01711656958972
4,14,1.00566604718004,0.988830664993599,1.01683432395444
4.2,14,1.00561653159835,0.988920727713163,1.01665438735188
4.4,14,1.00556507912231,0.989235099428764,1.01657646755028
4.6,14,1.00551168461848,0.989560161032137,1.01632097557034
4.8,14,1.00545634859013,0.989732189932797,1.01605577199273
5,14,1.0053990774832,0.989992034096566,1.01598494365814
5.2,14,1.00533988397204,0.990325699277171,1.01585926718
5.4,14,1.00527878722078,0.990555787420537,1.01569701692828
5.6,14,1.00521581311577,0.990845152046412,1.01552995020188
5.8,14,1.00515099446509,0.991212733456154,1.01535743390472
6,14,1.00508437116044,0.991383866677403,1.01525026014406
6.2,14,1.00501599029744,0.991495951877514,1.01516128938518
6.4,14,1.00494590625013,0.991484779881743,1.0148759278662
6.6,14,1.0048741806958,0.991934967469177,1.01461857630694
6.8,14,1.0048008825867,0.992259213589784,1.01457700897214
7,14,1.00472608806528,0.992230192648385,1.0143712390119
7.2,14,1.00464988032031,0.992205918623308,1.01412804524932
7.4,14,1.00457234938161,0.99237181504909,1.01392698653224
7.6,14,1.00449359185159,0.992633014939526,1.01371414150551
7.8,14,1.00441371057257,0.992981090917438,1.01353940282119
8,14,1.0043328142295,0.99312547554525,1.01338459938366
8.2,14,1.00425101688816,0.993164258976578,1.01317770231557
8.4,14,1.00416843747005,0.993286919638731,1.01287428244425
8.6,14,1.00408519916558,0.993566091109227,1.01265122207556
8.8,14,1.00400142878799,0.993633211876561,1.01251986522298
9,14,1.00391725607147,0.993605140387706,1.01239041368435
9.2,14,1.00383281291721,0.993830821317863,1.01229403834983
9.4,14,1.00374823259218,0.994022923811774,1.01216721010166
9.6,14,1.00366364888606,0.994299196678377,1.01208645054206
9.8,14,1.00357919523212,0.994249460491585,1.01196141366512
10,14,1.00349500379876,0.994385094069601,1.01181833905557
10.2,14,1.00341120455851,0.994516920775998,1.01158399553771
10.4,14,1.00332792434213,0.994706412261561,1.01134177441879
10.6,14,1.00324528588535,0.994789763375353,1.01118545526715
10.8,14,1.00316340687623,0.994852676982723,1.01107812419905
11,14,1.00308239901128,0.994789419826117,1.01097530662947
11.2,14,1.00300236706834,0.994857257652895,1.01076537467274
11.4,14,1.00292340800429,0.994929019394988,1.01046773382344
11.6,14,1.00284561008528,0.995133308715726,1.01024038564933
11.8,14,1.00276905205729,0.995117415931568,1.01006975624765
12,14,1.00269380236397,0.995046367497858,1.00988641470228
12.2,14,1.00261991841854,0.994968335561009,1.00962294064844
12.4,14,1.00254744593609,0.995057067416889,1.00944952751224
12.6,14,1.00247641833168,0.995240655221278,1.00929781691121
12.8,14,1.00240685618947,0.995367811575556,1.00914122725616
13,14,1.00233876680673,0.995499245633267,1.00898037287196
13.2,14,1.00227214381677,0.995542929325384,1.00880936880143
13.4,14,1.00220696689299,0.995580669474802,1.0086194681517
13.6,14,1.00214320153657,0.99573601607591,1.00842693954106
13.8,14,1.00208079894863,0.995897489563389,1.00827310723389
14,14,1.00201969598758,0.996025832668606,1.00805172737943
14.2,14,1.00195981521139,0.99610734324311,1.00783274795972
14.4,14,1.00190106500374,0.996205985885721,1.00758824049458
14.6,14,1.00184333978269,0.996290017588525,1.00729110638386
14.8,14,1.00178652028959,0.99637782751784,1.00700746769268
15,14,1.00173047395561,0.996529024883955,1.00681493320837
15.2,14,1.00167505534284,0.996742969274999,1.00661217405848
15.4,14,1.00162010665636,0.996908310681432,1.00635812756778
15.6,14,1.0015654583235,0.997081982538612,1.00616809903742
15.8,14,1.00151092963632,0.997310786964997,1.00596068137461
16,14,1.00145632945289,0.997449957090577,1.0057564638624
16.2,14,1.00140145695319,0.997640263670973,1.00552626257002
16.4,14,1.00134610244521,0.997824398413872,1.00527471572309
16.6,14,1.00129004821672,0.997976553389928,1.00505601300093
16.8,14,1.00123306942859,0.998128386832161,1.00480650887488
17,14,1.0011749350453,0.998284893683899,1.00454387614909
17.2,14,1.00111540879857,0.99845824346872,1.0043175152646
17.4,14,1.00105425018014,0.998596384986675,1.0040795554438
17.6,14,1.00099121545994,0.998725961606356,1.00382438106543
17.8,14,1.00092605872607,0.998843121647891,1.00352727599171
18,14,1.00085853294302,0.998965528152561,1.00324369089627
18.2,14,1.00078839102495,0.999091658336763,1.00299246690894
18.4,14,1.0007153869208,0.999212083800254,1.00270992914441
18.6,14,1.00063927670816,0.999344537252232,1.00241358893208
18.8,14,1.00055981969284,0.999450717938416,1.0021026476593
19,14,1.00047677951129,0.999542883471603,1.00179075613316
19.2,14,1.00038992523266,0.999644536735638,1.001462754187
19.4,14,1.00029903245764,0.999742771445962,1.00111389939795
19.6,14,1.00020388441074,0.999834819709428,1.0007529355029
19.8,14,1.00010427302278,0.999923763765392,1.00038100970476
20,14,1,1,1
20.2,14,0.99989087787615,0.999609940178192,1.00006714988726
20.4,14,0.999776731043422,0.999201772034103,1.00012984868909
20.6,14,0.999657396758055,0.998777917941498,1.00018808393097
20.8,14,0.999532726115996,0.998352330196729,1.0002382820356
21,14,0.999402584993752,0.997908646249936,1.00029470242155
21.2,14,0.999266854949292,0.997438957555708,1.00033784511254
21.4,14,0.999125434077552,0.996969302434182,1.00036191248552
21.6,14,0.998978237814878,0.996478085219793,1.00040759588537
21.8,14,0.998825199686536,0.995989338182898,1.00044375974797
22,14,0.998666271991236,0.995473124657863,1.00046368697442
22.2,14,0.998501426416563,0.99494437952413,1.00046998130363
22.4,14,0.998330654579156,0.994410110052471,1.00048369374512
22.6,14,0.998153968483545,0.993816254239726,1.00051493964583
22.8,14,0.9979714008937,0.993269762419771,1.0004744554386
23,14,0.997783005611587,0.992646293045602,1.00048896452211
23.2,14,0.99758885765735,0.992021494702902,1.00051319062323
23.4,14,0.997389053346194,0.991462758639295,1.00051735221626
23.6,14,0.997183710257558,0.99087549476863,1.00050092418476
23.8,14,0.996972967092829,0.990210580767074,1.0004239917294
24,14,0.996756983418569,0.989610071249257,1.00039933989284
24.2,14,0.996535939293038,0.988966165551767,1.00031374500602
24.4,14,0.996310034774743,0.988290325335688,1.00025259571448
24.6,14,0.996079489312676,0.987600973492644,1.00021459785807
24.8,14,0.995844541018986,0.986920033668585,1.00018847278402
25,14,0.995605445825903,0.986303088576499,1.00016208832791
25.2,14,0.995362476529862,0.985634241671041,1.00013491940052
25.4,14,0.995115921726926,0.984978670469144,1.00006092927864
25.6,14,0.994866084644738,0.984125534156296,1.00003717994688
25.8,14,0.994613281877397,0.983280712767089,0.999969443758844
26,14,0.994357842030705,0.982570397244458,0.999937565184483
26.2,14,0.99410010428632,0.981862656717658,0.999877276997424
26.4,14,0.993840416894311,0.981190546438377,0.999805538928286
26.6,14,0.993579135604495,0.980461230896662,0.999756962603849
26.8,14,0.993316622047758,0.97965082999896,0.999723816303387
27,14,0.993053242079201,0.978861313322604,0.999675594782637
27.2,14,0.992789364095545,0.978151821477913,0.999583389866772
27.4,14,0.992525357339594,0.977402160499247,0.999558881296979
27.6,14,0.992261590204866,0.976760212379879,0.999506803910775
27.8,14,0.991998428553573,0.976122867584692,0.999465575424512
28,14,0.991736234061098,0.97537550408011,0.999403471403447
28.2,14,0.991475362599934,0.974756095871173,0.999363648016313
28.4,14,0.991216162675638,0.974157803845103,0.999311085589549
28.6,14,0.990958973926871,0.973497406807182,0.999312235959704
28.8,14,0.990704125700935,0.972880932184856,0.999287280915682
29,14,0.990451935715376,0.972120092531886,0.999223548376616
29.2,14,0.990202708815334,0.971361198000475,0.99915023095123
29.4,14,0.989956735835247,0.970585946635188,0.99910251710906
29.6,14,0.989714292572389,0.96980656605675,0.999113967749547
29.8,14,0.989475638878493,0.969097754734531,0.998979762998458
30,14,0.989241017874398,0.968516497087967,0.998940633807365
30.2,14,0.989010655291378,0.967827221833205,0.998904255299187
30.4,14,0.988784758941372,0.967138037153445,0.998844393941613
30.6,14,0.988563518317056,0.966487845313149,0.998782555558789
30.8,14,0.988347104321253,0.965789246390437,0.998730983145551
31,14,0.98813566912395,0.965219522352484,0.998726731563996
31.2,14,0.987929346143835,0.964795504864811,0.998655158325317
31.4,14,0.987728250150138,0.96443666826615,0.998627112340166
31.6,14,0.987532477479403,0.964096774626106,0.998602376535758
31.8,14,0.987342106360816,0.96377528931489,0.998586065229762
32,14,0.987157197342806,0.963365725426247,0.998581847216147
32.2,14,0.986977793812861,0.962749654193015,0.998563676224625
32.4,14,0.986803922601831,0.962137279370024,0.998516225984617
32.6,14,0.986635594663481,0.961537211368237,0.998460958483192
32.8,14,0.98647280581968,0.96118581878509,0.998412857058244
33,14,0.986315537561348,0.960913040197457,0.998367073548498
33.2,14,0.986163757895202,0.960709920801939,0.998279152763148
33.4,14,0.986017422226355,0.960432499406364,0.998225756947764
33.6,14,0.985876474266988,0.960104258213276,0.998266632940242
33.8,14,0.985740846961568,0.959768706185326,0.99822904760575
34,14,0.985610463419515,0.959569532244078,0.998235789482148
34.2,14,0.985485237846643,0.95933504781397,0.998296745168502
34.4,14,0.985365076467344,0.959021292224118,0.998306383791182
34.6,14,0.985249878430068,0.958594664257381,0.998306575864453
34.8,14,0.985139536689397,0.958174376054895,0.998300409673709
35,14,0.985033938858748,0.957903406212902,0.998343282775372
35.2,14,0.984932968028521,0.957642713018889,0.998394295574395
35.4,14,0.984836503545328,0.957083451577438,0.998421671996348
35.6,14,0.984744421748713,0.956762273386753,0.998379143165623
35.8,14,0.984656596662595,0.956575133606317,0.998441522809885
36,14,0.984572900639426,0.956075180349872,0.998388962477503
36.2,14,0.984493204955806,0.955646609847054,0.998373769654171
36.4,14,0.984417380358981,0.955323771405211,0.998438685426866
36.6,14,0.984345297564322,0.955136110053498,0.998516289141097
36.8,14,0.984276827704447,0.954961894369772,0.998528866167845
37,14,0.984211842731204,0.954800454711876,0.998563740415135
37.2,14,0.984150215772166,0.954546967301586,0.998597097997753
37.4,14,0.984091821443716,0.954512743967429,0.998600637679101
37.6,14,0.984036536123082,0.954256116875014,0.998579365980068
37.8,14,0.983984238181966,0.953720186340407,0.998564213161867
38,14,0.983934808184596,0.953420075058971,0.998578627174425
38.2,14,0.983888129053116,0.953060810174151,0.998596985382195
38.4,14,0.983844086203345,0.952903925466245,0.998614553955355
38.6,14,0.98380256765387,0.952728410322355,0.998631328191773
38.8,14,0.98376346411147,0.952510287844787,0.998650235882055
39,14,0.983726669035689,0.95230193161458,0.998663165362106
39.2,14,0.983692078685328,0.952143784756117,0.998683287225837
39.4,14,0.983659592149396,0.952016493522225,0.998732718884474
39.6,14,0.983629111364912,0.951995631118868,0.998781757548582
39.8,14,0.983600541123734,0.951977083498796,0.998828635087106
40,14,0.983573789070352,0.95196062379987,0.998852967958461
