"value","lag","rr","lo","hi"
0,0,0.986820912661975,0.956675093152779,1.02052048721036
0.2,0,0.986447511981294,0.956760513976054,1.02007520444456
0.4,0,0.986075084026662,0.956723219956719,1.01942323366108
0.6,0,0.985705235282296,0.956611551575764,1.01869889803969
0.8,0,0.98533959926857,0.956681195716403,1.01788420274777
1,0,0.984979818807673,0.956745313069202,1.017378482157
1.2,0,0.984627527099779,0.957056594475055,1.01669063392312
1.4,0,0.98428432783403,0.957133849180619,1.0160031881897
1.6,0,0.983951774591133,0.957251561503395,1.01531829847798
1.8,0,0.983631349824412,0.957507339120536,1.0147630406553
2,0,0.983324443732786,0.957616557233506,1.01425624650662
2.2,0,0.983032333361876,0.957754142768439,1.01383134389469
2.4,0,0.982756162287383,0.957779630110176,1.01352707781293
2.6,0,0.982496921247504,0.957954839713766,1.0130090732408
2.8,0,0.98225543009788,0.958194856594539,1.01257048037241
3,0,0.982032321462828,0.958096841944833,1.01236609488768
3.2,0,0.981828026450067,0.958088629882142,1.01185860808257
3.4,0,0.981642762782484,0.958384338213284,1.01140692888318
3.6,0,0.981476525679455,0.958509326069057,1.01095509499435
3.8,0,0.981329081791812,0.958557750651465,1.01052132888914
4,0,0.981199966458787,0.958585694655156,1.01006450007884
4.2,0,0.981088484512372,0.958648580952007,1.00970498560201
4.4,0,0.980993714804832,0.958738350264494,1.00944593065941
4.6,0,0.980914518579163,0.958816486917784,1.00924445808624
4.8,0,0.980849551740752,0.958871796852172,1.00903846605677
5,0,0.980797281022205,0.958941493847972,1.0088209937685
5.2,0,0.980756003963305,0.958953944353915,1.00856282247944
5.4,0,0.980723872555434,0.958988271236975,1.00818940870811
5.6,0,0.980698920326003,0.959014732412568,1.00788020391925
5.8,0,0.980679092564704,0.959036128866602,1.00764023179426
6,0,0.980662279321508,0.959051374096474,1.00723720068861
6.2,0,0.980646350737743,0.95908922060488,1.00685337502586
6.4,0,0.980629194208027,0.959076908056507,1.00649894258785
6.6,0,0.980608752813979,0.959066967973708,1.00638736467199
6.8,0,0.98058306442207,0.959045213866267,1.00634772649215
7,0,0.980550300799204,0.959041684261563,1.00614854717386
7.2,0,0.980508806072109,0.959026785228186,1.00597097562633
7.4,0,0.980457133841301,0.959009633657975,1.00568065869236
7.6,0,0.980394082258445,0.959034832546264,1.00564672088845
7.8,0,0.980318726387664,0.959046479964944,1.00511095743924
8,0,0.980230447197262,0.959019662684562,1.00437524356338
8.2,0,0.980128956568112,0.959063218190187,1.0037899173852
8.4,0,0.980014317758256,0.958885350267543,1.00378336958337
8.6,0,0.979886960829101,0.958777688979585,1.00350785435889
8.8,0,0.979747692615824,0.958874216680547,1.00271142771196
9,0,0.97959770091152,0.95887523909676,1.00224004518481
9.2,0,0.979438552629563,0.958650460574747,1.00210047557796
9.4,0,0.979272185809266,0.958544714107206,1.00203955113064
9.6,0,0.979100895434175,0.958468263059451,1.00186829192237
9.8,0,0.978927313137743,0.958288176833114,1.00149808466495
10,0,0.978754380975369,0.958147145040695,1.0010742605634
10.2,0,0.978585319542596,0.958129951147838,1.00040122274631
10.4,0,0.978423590814497,0.958094409967824,1.00011631419031
10.6,0,0.978272856168978,0.958015285941415,0.999696366268579
10.8,0,0.978136930135388,0.958020240466053,0.999543559758495
11,0,0.978019730477945,0.958099813653896,0.999276865494064
11.2,0,0.977925225280335,0.958301996528243,0.998732612494403
11.4,0,0.977857377742662,0.958462300152776,0.998649385310085
11.6,0,0.977820089434608,0.958674846651919,0.998486230319196
11.8,0,0.977817142769347,0.959018568600996,0.998133037309134
12,0,0.97785214347185,0.959324100758308,0.998135120470948
12.2,0,0.977928463813569,0.959642404318886,0.997962562978914
12.4,0,0.978049187373933,0.960132633502372,0.997798966718028
12.6,0,0.978217056068906,0.960571643116495,0.997808006311523
12.8,0,0.978434420159091,0.96104059786306,0.997522744846924
13,0,0.978703191916025,0.961495102657963,0.997561001001728
13.2,0,0.979024803586296,0.962078746217727,0.997720864945691
13.4,0,0.979400170250454,0.962583994734242,0.997711204694828
13.6,0,0.979829658128022,0.96336481631505,0.997686694659233
13.8,0,0.980313058832381,0.964251963918433,0.997874632377105
14,0,0.980849570030287,0.965233955674993,0.998053346152406
14.2,0,0.981437782910864,0.966189699002597,0.997974762455961
14.4,0,0.982075676818148,0.96700000898363,0.998171343920937
14.6,0,0.982760621349579,0.968095063340023,0.998425814152833
14.8,0,0.983489386170038,0.969218415828183,0.998739379664206
15,0,0.984258158736512,0.970423707771677,0.999075282647724
15.2,0,0.985062570071694,0.971670204349103,0.99935078449809
15.4,0,0.985897728664949,0.97296293659999,0.999704920492813
15.6,0,0.986758262515406,0.974286842905449,0.999951908566635
15.8,0,0.987638369263445,0.975661536745092,1.00023753507834
16,0,0.988531874283013,0.977129706009862,1.00057639120264
16.2,0,0.989432296527144,0.978564033530392,1.00096138551223
16.4,0,0.990332921832489,0.979980286877496,1.00131626664831
16.6,0,0.991226883295277,0.981341691070709,1.00157546433471
16.8,0,0.992107248231066,0.982757806111937,1.00180595557144
17,0,0.992967111124433,0.984169417482216,1.00205907081407
17.2,0,0.993799691863218,0.98557520486713,1.00231503185966
17.4,0,0.994598438436498,0.986964328044264,1.00252467822336
17.6,0,0.995357133157938,0.988230951435663,1.0026793930582
17.8,0,0.996070001358828,0.989504325983547,1.00277986463987
18,0,0.996731821380683,0.99073610672114,1.00281753379756
18.2,0,0.997338034588963,0.991879751063869,1.00281555471843
18.4,0,0.997884854030568,0.992985814664559,1.00275520942784
18.6,0,0.998369370272018,0.994083981629259,1.00265049863213
18.8,0,0.998789652886374,0.995113769331509,1.00246479147708
19,0,0.999144846008495,0.996090365139323,1.00219407905309
19.2,0,0.999435256353759,0.996985906816509,1.00186938493495
19.4,0,0.999662432097718,0.997823264203121,1.00150114963856
19.6,0,0.999829231045784,0.998603601162861,1.00106659626996
19.8,0,0.999939876584505,0.999326431146617,1.00056205631623
20,0,1,1,1
20.2,0,1.00001666787436,0.999395993546267,1.00062372809713
20.4,0,0.999998393425714,0.998758875136902,1.00120927699138
20.6,0,0.999955130839652,0.998097920774139,1.00176991601891
20.8,0,0.999898251845283,0.997423413215514,1.00231219977458
21,0,0.999840504013173,0.996738359225724,1.00284052879591
21.2,0,0.999795950489879,0.996044316921562,1.00338263201606
21.4,0,0.999779891128157,0.995400552259225,1.00394733540427
21.6,0,0.999808765216913,0.994776300331246,1.00455056485238
21.8,0,0.999900036254205,0.994220428846922,1.00522292191796
22,0,1.0000720594339,0.993743649484435,1.00595190245625
22.2,0,1.00034393272659,0.993350186376297,1.00683663151144
22.4,0,1.00073533262377,0.993136278365453,1.00779841417621
22.6,0,1.00126633577804,0.993028352355264,1.00894501734254
22.8,0,1.00195722790951,0.993092091067547,1.01032454871163
23,0,1.00282830146059,0.993272709305015,1.01173761695384
23.2,0,1.00389964356888,0.99360211160345,1.01339250938136
23.4,0,1.00519091599575,0.994291651948569,1.01521559925115
23.6,0,1.00672112870132,0.99522844168647,1.01719685750616
23.8,0,1.0085084088012,0.996338408032573,1.01952384016106
24,0,1.01056976668497,0.997731973611124,1.02223598161258
24.2,0,1.01292086112822,0.999553161682467,1.025085385566
24.4,0,1.015575765298,1.00167452383395,1.02828023874171
24.6,0,1.01854673564156,1.00420312652328,1.03166306413166
24.8,0,1.02184398576888,1.00662489481115,1.0355341088832
25,0,1.02547546759139,1.00980731934462,1.03967721833178
25.2,0,1.0294466621676,1.01314728769531,1.04419630191975
25.4,0,1.03376038292604,1.01684367446298,1.04920101455718
25.6,0,1.03841659418405,1.02089476849726,1.05443165118144
25.8,0,1.04341224814647,1.02530436078916,1.06027842623641
26,0,1.04874114383839,1.03003307821566,1.06669616505941
26.2,0,1.05439381168228,1.03519774406607,1.0733336248167
26.4,0,1.0603574276506,1.04074000556613,1.08015625054699
26.6,0,1.06661576108496,1.04634433486052,1.08741198215117
26.8,0,1.07314916034442,1.05218956083198,1.09502347523689
27,0,1.07993458039982,1.05840833180343,1.10262851252052
27.2,0,1.08694565629987,1.06498490866743,1.11065907771623
27.4,0,1.09415282607137,1.07160812167896,1.11886327224539
27.6,0,1.10152350605947,1.07844118520531,1.12744619468775
27.8,0,1.10902232094851,1.08485991062436,1.13634343937883
28,0,1.11661138972352,1.0916502651186,1.14494538006548
28.2,0,1.1242506676422,1.09885779404564,1.15350480829037
28.4,0,1.13189834290321,1.10613884230742,1.16221314971821
28.6,0,1.13951128515087,1.11303314378024,1.17099205473175
28.8,0,1.14704554129284,1.11978053998399,1.17998921094607
29,0,1.15445687238496,1.12627513710969,1.18889029170026
29.2,0,1.16170132362455,1.13281565093028,1.19773788988256
29.4,0,1.1687358178705,1.13905679146091,1.2062891824941
29.6,0,1.17551876165643,1.1448376050072,1.21456536276322
29.8,0,1.18201065146773,1.15024287083264,1.22228944495079
30,0,1.18817466719121,1.15541011330779,1.22966634572482
30.2,0,1.19397723918596,1.16019737282554,1.23659178704106
30.4,0,1.19938857541752,1.16482741205459,1.24299546353362
30.6,0,1.20438313557507,1.16923116666001,1.24893154304433
30.8,0,1.20894004006111,1.17321697781102,1.2545125794433
31,0,1.21304340318529,1.17658710749074,1.25915554258319
31.2,0,1.21668258176353,1.17950325766151,1.26302071892296
31.4,0,1.21985233255132,1.18209027602202,1.26702854914699
31.6,0,1.22255287443473,1.1842991717989,1.27065076035626
31.8,0,1.22478985395898,1.18594180352369,1.27378449005245
32,0,1.22657421547619,1.18718127850443,1.27642589161111
32.2,0,1.22792197982521,1.18817509628342,1.27815766531909
32.4,0,1.22885393790355,1.18850932398725,1.27958589947695
32.6,0,1.22939526765596,1.18817744192411,1.28034024691353
32.8,0,1.22957508480289,1.18784238910478,1.28028244315674
33,0,1.22942593900566,1.18798447705609,1.28003402952859
33.2,0,1.22898326807762,1.18733582236834,1.27919727784556
33.4,0,1.22828482329246,1.1872162200125,1.27822678690785
33.6,0,1.22737007882669,1.18592802991164,1.27704537790953
33.8,0,1.22627963793829,1.18478301728324,1.27590521253491
34,0,1.22505464768224,1.18287829561378,1.27479815776452
34.2,0,1.22373623286267,1.18135833080806,1.2732739027257
34.4,0,1.22236495859414,1.17919402250256,1.27173964676595
34.6,0,1.22098032936994,1.17782119105927,1.27011492802765
34.8,0,1.21962033098627,1.17675135913585,1.26826677247978
35,0,1.21832102011871,1.1753717768372,1.26639517329236
35.2,0,1.21711616484972,1.17448879931075,1.26446820524706
35.4,0,1.2160369380525,1.17226480997834,1.26305250813725
35.6,0,1.21511166428381,1.1700310767727,1.26153687037268
35.8,0,1.21436561974882,1.16895524478816,1.25936289332642
36,0,1.21382088398855,1.16674852363251,1.25854520059394
36.2,0,1.21349624120424,1.16495693044192,1.25749423360824
36.4,0,1.21340712856724,1.16330427141866,1.25644991468331
36.6,0,1.2135656284519,1.16171447158659,1.2562389168004
36.8,0,1.21398050125408,1.16033715011665,1.25689324388256
37,0,1.21465725529655,1.15931977434181,1.25809606492513
37.2,0,1.21559825025164,1.15984728001338,1.25958978982321
37.4,0,1.21680283050822,1.15986232416784,1.26108782811165
37.6,0,1.21826748495426,1.15889821141886,1.26303580823356
37.8,0,1.21998602971845,1.1583253954029,1.26518793255416
38,0,1.22194981050192,1.15811112434734,1.26762259604117
38.2,0,1.22414792122153,1.15814538301025,1.2709520615837
38.4,0,1.22656743577363,1.1587690696793,1.27519437569208
38.6,0,1.22919364980762,1.15941382650365,1.27967744399542
38.8,0,1.2320103294727,1.16055280392004,1.28405736423357
39,0,1.23499996417032,1.16199397350355,1.28786144280874
39.2,0,1.23814402041502,1.16334671549535,1.29168767949182
39.4,0,1.24142319398215,1.16532711285212,1.29667137261199
39.6,0,1.24481765761008,1.16720145717529,1.3019873941365
39.8,0,1.24830730163217,1.16943813015082,1.30747417943491
40,0,1.25187196504721,1.17066963588793,1.31320072644241
0,1,1.01883552973624,0.991029380721996,1.03894371878534
0.2,1,1.01846006634084,0.990927531511469,1.03813841526078
0.4,1,1.01808650508499,0.99051472128853,1.03746481047088
0.6,1,1.01771656156537,0.99009640419007,1.03678182405184
0.8,1,1.01735198020982,0.989875551180769,1.03623566386448
1,1,1.01699451561883,0.989447323324666,1.03571368147419
1.2,1,1.01664591262552,0.989030119702594,1.0353523837564
1.4,1,1.01630788530152,0.988806292918452,1.03499190130526
1.6,1,1.01598209517016,0.988391391530586,1.03451634150054
1.8,1,1.01567012891908,0.988128380980816,1.03428138189795
2,1,1.01537347593205,0.987654749601069,1.03382475945003
2.2,1,1.01509350598338,0.987393572925013,1.03346389303251
2.4,1,1.01483144745687,0.987189748879034,1.03308408930924
2.6,1,1.0145883664648,0.986862255046254,1.03267694892981
2.8,1,1.01436514724935,0.986510545287645,1.03217046658761
3,1,1.01416247425006,0.986193362719356,1.03192406254735
3.2,1,1.01398081621421,0.985901433141763,1.03145528790804
3.4,1,1.01382041271401,0.985625151904207,1.03119532749195
3.6,1,1.01368126341337,0.985372663222434,1.03087343519078
3.8,1,1.01356312039854,0.985170532324059,1.03078907171637
4,1,1.01346548385141,0.985049938839894,1.03063587200945
4.2,1,1.01338760130069,0.984979182645006,1.03055395138035
4.4,1,1.01332847063672,0.98491731526262,1.03049113236058
4.6,1,1.01328684701906,0.984928444735378,1.03041098801509
4.8,1,1.0132612537441,0.984946703746891,1.03024988131769
5,1,1.01324999707337,0.984901865846709,1.03017522962259
5.2,1,1.01325118495232,0.984790595901919,1.03013698042454
5.4,1,1.01326274947662,0.984808554935193,1.03000309612704
5.6,1,1.01328247288815,0.984760423639485,1.02996127466736
5.8,1,1.0133080168089,0.984872449941024,1.02984082777381
6,1,1.01333695434821,0.984910780287889,1.02966905744522
6.2,1,1.01336680464969,0.984932836898916,1.02958125587804
6.4,1,1.01339506938003,0.985015027659363,1.02942637888008
6.6,1,1.01341927060433,0.985004464448218,1.02926052737306
6.8,1,1.01343698944368,0.985113294385774,1.02906663163214
7,1,1.01344590487133,0.985232884749175,1.02884438713013
7.2,1,1.01344383197608,0.985321742484816,1.02864592394116
7.4,1,1.01342875900587,0.985363543615984,1.0285579351761
7.6,1,1.0133988825025,0.985398238893941,1.02852310196346
7.8,1,1.01335263985016,0.985420160886639,1.02837374940184
8,1,1.01328873858673,0.985454385397791,1.02827628013908
8.2,1,1.01320618186689,0.985594737135943,1.0281544966057
8.4,1,1.01310428952002,0.98572040515182,1.02778753941083
8.6,1,1.01298271421274,0.985755975674634,1.02751587439277
8.8,1,1.01284145230403,0.985743311639545,1.02734250351395
9,1,1.01268084906958,0.985716113136916,1.02703195741115
9.2,1,1.01250159806804,0.985750277867347,1.02673997730313
9.4,1,1.01230473452474,0.985729900086769,1.02637870181854
9.6,1,1.01209162271451,0.98565108209493,1.02613349216573
9.8,1,1.0118639374328,0.985595944267125,1.02581212357616
10,1,1.011623639751,0.985512590122082,1.02542582495623
10.2,1,1.01137294735484,0.98539990336734,1.02494081484777
10.4,1,1.01111429986241,0.985306758992593,1.0245235145875
10.6,1,1.01085031960801,0.985201061662645,1.0241153223009
10.8,1,1.01058376845912,0.985079040501671,1.02365097041204
11,1,1.01031750130282,0.984978104938016,1.02308743536842
11.2,1,1.01005441689677,0.98496462203109,1.02266910598085
11.4,1,1.0097974068247,0.984976378663163,1.02228350958486
11.6,1,1.00954930332931,0.9849568153416,1.02196218472278
11.8,1,1.009312826815,0.984897386588393,1.02164683175101
12,1,1.00909053382053,0.984912525438973,1.02135390944355
12.2,1,1.00888476625649,0.984885426811309,1.0209927607501
12.4,1,1.00869760268785,0.98491000490876,1.02073472472089
12.6,1,1.00853081241557,0.984909846862951,1.02046740895454
12.8,1,1.00838581307779,0.985002393086963,1.020110709439
13,1,1.00826363244907,0.98513881933174,1.01980800169594
13.2,1,1.0081648750686,0.985303784836654,1.01948934217688
13.4,1,1.00808969427521,0.98554146929807,1.01926520122116
13.6,1,1.00803777017012,0.985758832467431,1.01905598718714
13.8,1,1.00800829396887,0.986192851226506,1.018796274723
14,1,1.00799995914123,0.986554067664215,1.0185684372728
14.2,1,1.00801095967487,0.98701617239016,1.01839340688473
14.4,1,1.00803899573323,0.987453999849281,1.01817396475603
14.6,1,1.00808128691267,0.987914975773814,1.01801067994589
14.8,1,1.008134593237,0.98839310108577,1.01786768354416
15,1,1.00819524395999,0.988938404597259,1.01759070362308
15.2,1,1.00825917417748,0.989513910672544,1.01748422663267
15.4,1,1.00832196918024,0.990131814099061,1.01725022363216
15.6,1,1.00837891640603,0.990785073695195,1.01704119871032
15.8,1,1.00842506477492,0.991487296972305,1.01685415155557
16,1,1.00845529111382,0.992200229629034,1.0165533844871
16.2,1,1.00846437329623,0.992870652534934,1.01627433526313
16.4,1,1.00844706963938,0.993567838956393,1.01593030340786
16.6,1,1.00839820401464,0.994220400083403,1.01557176307359
16.8,1,1.00831275603811,0.994918532272539,1.01515302853395
17,1,1.00818595561741,0.995593993788445,1.01469221477886
17.2,1,1.00801338103881,0.996201948387047,1.01414266215978
17.4,1,1.00779105968748,0.996757133994047,1.01358341198468
17.6,1,1.00751557040386,0.997306206257247,1.01290664421056
17.8,1,1.00718414639417,0.997824692284572,1.0121981349915
18,1,1.00679477753288,0.998296197461544,1.01139069376566
18.2,1,1.00634631082526,0.998696694144717,1.01051040409819
18.4,1,1.00583854773799,0.999074507104192,1.00958039740763
18.6,1,1.00527233706121,0.99933610253071,1.00857994492866
18.8,1,1.00464966193635,0.999581323555062,1.00751440652765
19,1,1.00397371967524,0.999788589723778,1.00637995670091
19.2,1,1.00324899300782,0.999915811552757,1.00518065700792
19.4,1,1.00248131143092,1.00000527252343,1.00393210201965
19.6,1,1.0016779013902,1.00003714058564,1.00263791876772
19.8,1,1.00084742411073,1.00003451932483,1.00133138931431
20,1,1,1,1
20.2,1,0.999147218677249,0.998657041910074,0.99993503588203
20.4,1,0.998302133833879,0.997322432141174,0.999856366097498
20.6,1,0.997479242297319,0.996004462209666,0.999758252659072
20.8,1,0.996694446851119,0.994714806555098,0.999650807934702
21,1,0.995965002552491,0.993489403043066,0.99960886183364
21.2,1,0.995309446479381,0.992327049486861,0.999579051776094
21.4,1,0.994747511026875,0.99123047450727,0.999655986021557
21.6,1,0.994300021051496,0.990261719565806,0.999809543658229
21.8,1,0.993988775326199,0.989427927926716,1.00005623729998
22,1,0.993836412913938,0.988687830913141,1.00041880371043
22.2,1,0.993866265189299,0.98813482342264,1.0009653834793
22.4,1,0.99410219433346,0.987754782574427,1.00168540215318
22.6,1,0.994568419196174,0.987586171017897,1.00268480239156
22.8,1,0.995289329460088,0.987669809696347,1.00384026165025
23,1,0.996289289059888,0.988021852208176,1.00526201515522
23.2,1,0.997592429805483,0.988672175201113,1.00694997149309
23.4,1,0.999222436140969,0.989666824877148,1.00900622235362
23.6,1,1.00120232194688,0.990977618701931,1.01130024623839
23.8,1,1.00355420027183,0.992613973896628,1.0140758229059
24,1,1.00629904687089,0.994662552456402,1.01729583320623
24.2,1,1.00945645844385,0.997097959237664,1.02098949852312
24.4,1,1.01304440651679,0.999794113199011,1.02502330298397
24.6,1,1.01707898800763,1.00310840558683,1.029623662206
24.8,1,1.02157417366895,1.00687197939401,1.03484918273055
25,1,1.02654155581791,1.0109053640313,1.04049469471002
25.2,1,1.03199009704932,1.01530497292859,1.04669460926931
25.4,1,1.03792588198538,1.02030112967024,1.05342693537314
25.6,1,1.04435187454297,1.02565468299158,1.06062995252686
25.8,1,1.05126768368992,1.03145089291115,1.06839108797773
26,1,1.05866934120321,1.03768746397479,1.07684393476774
26.2,1,1.06654909551778,1.04439911502714,1.08583770912558
26.4,1,1.07489522633999,1.05126006283321,1.09506346111274
26.6,1,1.08369188526572,1.05852435771393,1.10470306381053
26.8,1,1.09291896815463,1.06634527496683,1.11469850842967
27,1,1.10255202542962,1.07443431199158,1.12535477226643
27.2,1,1.11256221674979,1.08288289479384,1.13632437051875
27.4,1,1.12291631660349,1.09155376519294,1.14777152512868
27.6,1,1.13357677723915,1.10001724751845,1.15983752842494
27.8,1,1.14450185495681,1.10917638872873,1.17190181042183
28,1,1.15564580508778,1.11831453515888,1.18441239251396
28.2,1,1.16695914997044,1.12769351127456,1.19715175308332
28.4,1,1.17838902287652,1.13701773701936,1.20976283753064
28.6,1,1.18987958916061,1.14659597155577,1.22282947208142
28.8,1,1.2013725439214,1.15586960167348,1.23572056350859
29,1,1.21280768322323,1.16518054675804,1.24875883879936
29.2,1,1.22412354349667,1.17450794325381,1.26176787547556
29.4,1,1.23525810120681,1.18348449021117,1.2744149990116
29.6,1,1.24614952234985,1.19234454551124,1.28685515014022
29.8,1,1.25673694893272,1.20101792944181,1.29899830777524
30,1,1.26696130742932,1.20928298925175,1.31052991982898
30.2,1,1.27676612241686,1.21713883285289,1.32208745253309
30.4,1,1.28609831729105,1.22481114710283,1.33285592919346
30.6,1,1.29490898323992,1.23204292689051,1.34313573582769
30.8,1,1.30315409759694,1.23891056884168,1.35256072494723
31,1,1.31079517333788,1.24467101041965,1.36109820059047
31.2,1,1.31779982284003,1.2499294385617,1.36907309026128
31.4,1,1.32414222105407,1.25437867389163,1.37631883844597
31.6,1,1.32980345587944,1.25862021780364,1.38308658026089
31.8,1,1.33477175667623,1.26235878410674,1.38952831324067
32,1,1.33904259535658,1.26522478917852,1.39429378348267
32.2,1,1.34261865822038,1.26797288507478,1.39884767239092
32.4,1,1.34550969046523,1.26998416009793,1.40277089605992
32.6,1,1.34773221894228,1.27178237204958,1.40559970851566
32.8,1,1.34930916208846,1.27326904225974,1.40751495775281
33,1,1.35026933890327,1.27362835855726,1.40838757705534
33.2,1,1.35064689124394,1.27388290084034,1.40847139008246
33.4,1,1.35048063550623,1.2738592047293,1.40808826324214
33.6,1,1.34981336089935,1.27407585563949,1.40690470255437
33.8,1,1.34869109200424,1.27313911847129,1.40506347853022
34,1,1.34716233315339,1.27221961069753,1.40381098522244
34.2,1,1.34527731144492,1.2702319531714,1.4018331702635
34.4,1,1.34308723398431,1.26803960807597,1.39972597467227
34.6,1,1.34064357333047,1.26619173924874,1.39657364019112
34.8,1,1.33799739321638,1.26513307765255,1.39386553892222
35,1,1.33519872452501,1.26334520741115,1.39045780300651
35.2,1,1.33229599933269,1.2611043927932,1.38645181873011
35.4,1,1.32933554867872,1.25848396292949,1.38383171610774
35.6,1,1.32636116766153,1.25687110701327,1.37999436244274
35.8,1,1.32341374956245,1.25496417596021,1.37678913441044
36,1,1.32053098900528,1.25395038491552,1.37330288049463
36.2,1,1.31774715270297,1.25231893201217,1.37157011057104
36.4,1,1.31509291513701,1.25128063125778,1.37051108935676
36.6,1,1.31259525555927,1.25006826981253,1.36992187412869
36.8,1,1.31027741199122,1.24783924004681,1.36817826817894
37,1,1.30815888739981,1.24669192688547,1.36928242028033
37.2,1,1.30625550292858,1.24614468229645,1.36920756590954
37.4,1,1.30457949292638,1.24631595687586,1.36952108651253
37.6,1,1.30313963651523,1.24501174037056,1.3712893402445
37.8,1,1.30194142054208,1.24398446724581,1.3726732166139
38,1,1.3009872289402,1.24423543928295,1.37458613630305
38.2,1,1.30027655375988,1.24238837696162,1.37627724990073
38.4,1,1.29980622339414,1.24231149161451,1.37889735054681
38.6,1,1.29957064380801,1.2411233242448,1.3813845433573
38.8,1,1.29956204886653,1.24118912646103,1.384091545008
39,1,1.29977075613952,1.23947073270777,1.38717470547532
39.2,1,1.30018542483543,1.23801117801494,1.39057493396813
39.4,1,1.30079331278054,1.23717860010126,1.39444730138422
39.6,1,1.30158052961377,1.23588036952248,1.39803943665862
39.8,1,1.3025322836134,1.23385162407856,1.40158349006067
40,1,1.30363311981346,1.23328953524734,1.40533613563555
0,2,1.02512712439742,1.00244988888141,1.04120271014385
0.2,2,1.02475233335478,1.00269059756421,1.04054843127571
0.4,2,1.02437965930079,1.00255138900955,1.03976104289884
0.6,2,1.02401083670198,1.00281058155256,1.03917647675853
0.8,2,1.02364762884552,1.00271107609831,1.03864345025295
1,2,1.02329180899854,1.00270531052022,1.03810482321006
1.2,2,1.0229451402716,1.00246567407031,1.03742187116527
1.4,2,1.02260935441513,1.00262640928867,1.03688977364862
1.6,2,1.02228612981127,1.00263605585887,1.03629627719142
1.8,2,1.02197706895463,1.00258260163129,1.03558038863396
2,2,1.02168367574355,1.0029366947909,1.03520103070404
2.2,2,1.02140733292677,1.00304586028167,1.03473669331848
2.4,2,1.0211492800696,1.00315846194312,1.03423358444176
2.6,2,1.0209105924168,1.003300586407,1.03381878569093
2.8,2,1.02069216103705,1.0033821554814,1.03337131412644
3,2,1.02049467463431,1.00337632594593,1.03296076825636
3.2,2,1.02031860340565,1.00362859727846,1.03273624678889
3.4,2,1.02016418531126,1.00390967078721,1.03242869953026
3.6,2,1.02003141510178,1.00401529365258,1.03216955249742
3.8,2,1.01992003641938,1.00435367458739,1.03182966030724
4,2,1.01982953725328,1.00474196667069,1.03160403420558
4.2,2,1.0197591489871,1.00488193740147,1.03131708317514
4.4,2,1.01970784922536,1.00501765124723,1.03113067439402
4.6,2,1.01967436853003,1.00508271435811,1.03103294526664
4.8,2,1.01965720113581,1.00522890878736,1.03086618982628
5,2,1.01965461964601,1.00526157014622,1.03083201436159
5.2,2,1.01966469363976,1.00538114036171,1.03075895698707
5.4,2,1.01968531204841,1.0054216385641,1.03079550509281
5.6,2,1.01971420908369,1.00544005667137,1.03089386935433
5.8,2,1.01974899342608,1.00570343682663,1.03089636086034
6,2,1.01978718030873,1.0058927319196,1.0308100057647
6.2,2,1.01982622606298,1.00600191635265,1.03079234814579
6.4,2,1.01986356462695,1.00616437907315,1.03068303491177
6.6,2,1.01989664546102,1.00641468718265,1.03071784242218
6.8,2,1.01992297226487,1.00666304443742,1.03073013403459
7,2,1.01994014185111,1.00681602162525,1.03058815253325
7.2,2,1.01994588250252,1.00712818726854,1.0304309177798
7.4,2,1.0199380911245,1.00741668816923,1.03029773050565
7.6,2,1.01991486850173,1.00762226646748,1.02999921987317
7.8,2,1.01987455198025,1.00763469387359,1.02990737377633
8,2,1.01981574492196,1.00766200657331,1.02979342999657
8.2,2,1.01973734231915,1.00776630245016,1.02963986020851
8.4,2,1.01963855201045,1.00786157216801,1.02953750721897
8.6,2,1.01951891100671,1.00791220566761,1.02941881599634
8.8,2,1.01937829651388,1.00791831129207,1.02934638153351
9,2,1.01921693132837,1.00797486041311,1.02914916582296
9.2,2,1.01903538337753,1.00813803005055,1.02886020514153
9.4,2,1.01883455928042,1.00798122472198,1.02865629607412
9.6,2,1.01861569191075,1.00790238304233,1.02846205474821
9.8,2,1.01838032205207,1.00787020739797,1.02823859008317
10,2,1.01813027434166,1.00772262810988,1.02786886896442
10.2,2,1.0178676278036,1.00758747028456,1.02755389355771
10.4,2,1.01759468136881,1.00738291665884,1.02727123704458
10.6,2,1.0173139148703,1.00724268242709,1.02699708660991
10.8,2,1.01702794608203,1.00720338410059,1.02665457057089
11,2,1.01673948444017,1.0071789567551,1.02623076180453
11.2,2,1.01645128214271,1.00696411681991,1.02591206041345
11.4,2,1.01616608336871,1.00674309872293,1.02557092986514
11.6,2,1.01588657239074,1.00658617569121,1.02515453456381
11.8,2,1.01561532137245,1.00646447152383,1.02485958914431
12,2,1.01535473865037,1.00626721892974,1.0245519443632
12.2,2,1.01510701829238,1.00616189391735,1.02415013026409
12.4,2,1.01487409170927,1.00593182955379,1.02376373141593
12.6,2,1.014657582068,1.00573662872439,1.02345437392257
12.8,2,1.01445876221975,1.00564222225454,1.023181063714
13,2,1.01427851681213,1.005591782365,1.02295587427383
13.2,2,1.01411730920463,1.00551697565648,1.02265994955646
13.4,2,1.01397515375136,1.00547243093607,1.02223486462506
13.6,2,1.01385159395583,1.00545554360243,1.02195296199924
13.8,2,1.01374568693989,1.00540570713046,1.02159713480632
14,2,1.01365599460481,1.00538926846982,1.02121786581086
14.2,2,1.01358058179614,1.00547574167379,1.02096266334944
14.4,2,1.01351702171694,1.00555865725082,1.02087827885892
14.6,2,1.01346240876632,1.0056650516302,1.02066335746337
14.8,2,1.01341337891176,1.00580882862895,1.02037674702552
15,2,1.01336613763463,1.0059502796778,1.02016226458955
15.2,2,1.01331649541867,1.00600576586756,1.01998304483678
15.4,2,1.01325991068051,1.00611545961632,1.01974733036249
15.6,2,1.0131915399691,1.0062314433624,1.01950689695262
15.8,2,1.01310629518736,1.00639238078024,1.01928713788249
16,2,1.0129989075138,1.00647606003319,1.01894268939375
16.2,2,1.01286399762412,1.00658068494014,1.01849072672875
16.4,2,1.01269615173309,1.00669134820955,1.01811668970617
16.6,2,1.01249000289501,1.00679227432492,1.0176685775539
16.8,2,1.01224031691758,1.00681983854951,1.01715112645273
17,2,1.01194208215911,1.00679128887469,1.01661279492501
17.2,2,1.01159060239414,1.00671383964967,1.01603155330125
17.4,2,1.01118159184839,1.00661177708287,1.01536767271691
17.6,2,1.01071127142218,1.00641050230814,1.01464663625798
17.8,2,1.010176465044,1.00618230461368,1.01384720439936
18,2,1.0095746950245,1.00589643944742,1.01293415787472
18.2,2,1.0089042752182,1.00553963786924,1.01195631385681
18.4,2,1.0081644007484,1.00515039896498,1.01091907638922
18.6,2,1.0073552330118,1.00468905154345,1.00980697055524
18.8,2,1.00647797865675,1.00416450324672,1.008613296566
19,2,1.00553496122413,1.00358973601231,1.00734419628453
19.2,2,1.00452968415506,1.00295168334188,1.00598875981661
19.4,2,1.00346688390709,1.00225131278982,1.0045714133123
19.6,2,1.00235257197993,1.00153985888397,1.00309963696996
19.8,2,1.00119406473511,1.00078811184892,1.00157452472598
20,2,1,1,1
20.2,2,0.998780339574218,0.998395573044833,0.999192816392554
20.4,2,0.997546356904332,0.996762462357646,0.998378252943649
20.6,2,0.99631060935734,0.995116461845753,0.997570431106058
20.8,2,0.99508689470176,0.99349236703391,0.99678948778617
21,2,0.993890191592731,0.991871127497412,0.996006555710817
21.2,2,0.992736584049932,0.990327358070986,0.995269206518013
21.4,2,0.991643170109151,0.988854776397691,0.994618635334234
21.6,2,0.990627955015269,0.987388928013543,0.994067213705304
21.8,2,0.989709729501327,0.986052749533446,0.993592908907496
22,2,0.988907933861067,0.984812991966024,0.993285510270925
22.2,2,0.988242508667444,0.98370647428824,0.993126220267633
22.4,2,0.987733733114592,0.982757039989875,0.993163223434007
22.6,2,0.987402052064536,0.982032591986979,0.99338152568383
22.8,2,0.987267892962735,0.98142910004174,0.993810889688447
23,2,0.987351473850064,0.980999554182216,0.994483034239209
23.2,2,0.987672603746388,0.980863348966659,0.995310791730519
23.4,2,0.988250476717062,0.981029496796203,0.996350042922811
23.6,2,0.989103460964445,0.981484278204575,0.997517132876933
23.8,2,0.990248884318759,0.98223836695591,0.999064637676623
24,2,0.991702817543893,0.983120673713287,1.00114955304366
24.2,2,0.993479856931715,0.984365144691441,1.0034787639806
24.4,2,0.995592907740653,0.985928848394647,1.00632464948381
24.6,2,0.998052970147105,0.987993005023507,1.00942025738059
24.8,2,1.00086892952692,0.99035825842169,1.01280849998147
25,2,1.00404735307149,0.993007129273279,1.01652555754241
25.2,2,1.00759229496972,0.995984519406011,1.0208012978225
25.4,2,1.01150511264959,0.999306542501175,1.02537858847195
25.6,2,1.01578429686591,1.00307498665947,1.02998884571567
25.8,2,1.02042531873232,1.00727407634169,1.03509170679155
26,2,1.0254204971118,1.01171398378102,1.04059061185617
26.2,2,1.03075889008167,1.01640236310211,1.0463258171265
26.4,2,1.03642621445359,1.02134621581289,1.05244644409734
26.6,2,1.04240479753,1.02668443864377,1.05898045786989
26.8,2,1.04867356538795,1.03219206227685,1.06597202893261
27,2,1.05520807196871,1.0379480685273,1.07325064750857
27.2,2,1.06198057308867,1.04389814321655,1.08068294197554
27.4,2,1.06896014914567,1.0500023310547,1.08851275736084
27.6,2,1.07611287975386,1.05635574272766,1.09642010035895
27.8,2,1.08340207278204,1.0628398723523,1.10483522420337
28,2,1.09078854928963,1.06926371061799,1.11306540140968
28.2,2,1.09823098465465,1.07570119791027,1.12132307050153
28.4,2,1.10568630478595,1.08250619905959,1.12985808279436
28.6,2,1.11311013473937,1.08894896728543,1.13866161903334
28.8,2,1.12045729535939,1.09546955145425,1.14698495422144
29,2,1.12768234180306,1.1016740855317,1.15524221185235
29.2,2,1.13474013604351,1.10766764980019,1.16337096380713
29.4,2,1.14158644377578,1.11336404476412,1.17120527144468
29.6,2,1.14817854464384,1.11894889060644,1.17884999089595
29.8,2,1.15447584346145,1.12423629995347,1.18675423901551
30,2,1.16044046919033,1.12918259020047,1.19439753445884
30.2,2,1.16603784793948,1.13369593219803,1.20135805048594
30.4,2,1.17123723621175,1.13797626047845,1.20750717842684
30.6,2,1.17601220108213,1.14172569317878,1.21327051743407
30.8,2,1.18034103495524,1.14515258070057,1.21856761247567
31,2,1.18420709399766,1.1482753141234,1.2233265370317
31.2,2,1.18759905123065,1.15054993630371,1.2276095876882
31.4,2,1.19051105752782,1.15242290228122,1.23088629105389
31.6,2,1.19294280629965,1.15381516903488,1.23455966276866
31.8,2,1.19489950035294,1.15519837684817,1.23699312289055
32,2,1.19639172217026,1.15570414166034,1.2388690352271
32.2,2,1.19743521154228,1.15638251931851,1.24110604756949
32.4,2,1.19805055698731,1.15634491770304,1.24250457824938
32.6,2,1.19826280960709,1.15608081060887,1.24300717973816
32.8,2,1.19810102986785,1.15554370900466,1.24295173641715
33,2,1.19759777920101,1.15466952825924,1.24374295274988
33.2,2,1.19678856925097,1.1532221573581,1.24403164718508
33.4,2,1.19571128204687,1.15191670257941,1.24469520505268
33.6,2,1.19440557435734,1.15076910854724,1.2436441244296
33.8,2,1.19291227903668,1.14898129714462,1.24186236174267
34,2,1.1912728153449,1.14707129467563,1.24018855307637
34.2,2,1.18952861908937,1.14515702508012,1.24003539316806
34.4,2,1.18772060207068,1.14298027904669,1.23900679477791
34.6,2,1.18588864879754,1.14089999028709,1.23856336763007
34.8,2,1.18407115684422,1.1391451786718,1.23842282793682
35,2,1.18230462562852,1.13676768151373,1.23837579344518
35.2,2,1.18062329685189,1.13438068236491,1.23823495379325
35.4,2,1.179058848415,1.13264451143066,1.23810801508448
35.6,2,1.17764014233981,1.13120491144068,1.23847748650078
35.8,2,1.17639302611789,1.12904889582774,1.2388576440028
36,2,1.17534018597547,1.12779126544157,1.2395783229747
36.2,2,1.17450104980186,1.12670964471116,1.2396896914811
36.4,2,1.17389173691972,1.12527736130894,1.2408057037971
36.6,2,1.17352505146967,1.1244372945231,1.24226407184218
36.8,2,1.17341051591774,1.12394131445766,1.24473493170585
37,2,1.17355444104854,1.12357862553544,1.2470035164539
37.2,2,1.17396002875717,1.12414676888219,1.24937437013971
37.4,2,1.17462750397364,1.1239408464617,1.25102329719663
37.6,2,1.17555427212454,1.12372803534609,1.25331664943701
37.8,2,1.17673509863845,1.12420539426106,1.25654277662237
38,2,1.17816230711847,1.12490092640364,1.26087174589856
38.2,2,1.17982599292576,1.12487112085767,1.26526631192465
38.4,2,1.18171424903486,1.12489231683754,1.26903275724656
38.6,2,1.18381340112913,1.12467122970314,1.27429454844419
38.8,2,1.18610824900387,1.12505719303868,1.28005834001596
39,2,1.18858231143594,1.12611984439027,1.28416545619188
39.2,2,1.19121807176669,1.12719963689372,1.28830323561039
39.4,2,1.19399722153482,1.1286543980662,1.29289195008847
39.6,2,1.19690089959391,1.1294674695854,1.29742879653629
39.8,2,1.19990992426141,1.1304840799711,1.30320870241068
40,2,1.20300501617803,1.1317431982128,1.30864576561753
0,3,1.02849019844018,1.00320195505546,1.0453158342076
0.2,3,1.02810324224854,1.00304103196548,1.0446180573748
0.4,3,1.02771790212344,1.00273121676813,1.04387948425635
0.6,3,1.02733591830918,1.00244437044869,1.04321093238486
0.8,3,1.02695906199162,1.00202028094694,1.04255865314883
1,3,1.02658911646882,1.0015589407226,1.04190367579493
1.2,3,1.02622785700928,1.00148691461444,1.04119428166441
1.4,3,1.02587702962607,1.00150008104216,1.04056189371296
1.6,3,1.02553832902975,1.00115111906189,1.03997552699571
1.8,3,1.02521337605395,1.00086099694952,1.03943503374166
2,3,1.02490369487559,1.00061518993062,1.03893430944193
2.2,3,1.02461069037578,1.00022416074284,1.0385440888462
2.4,3,1.02433562600627,0.99996884369294,1.0378896418812
2.6,3,1.02407960254012,0.999734196928939,1.03739184657741
2.8,3,1.02384353809257,0.999611825290459,1.03702060392951
3,3,1.02362814979919,0.999617412872222,1.03663918495532
3.2,3,1.0234339375323,0.999455077339348,1.03637161313348
3.4,3,1.02326117002321,0.999175007812851,1.0360484317281
3.6,3,1.02310987373712,0.998987222233184,1.03587114040031
3.8,3,1.0229798248189,0.998948593848976,1.03561862747326
4,3,1.02287054439227,0.998612625726839,1.03542713834416
4.2,3,1.02278129745158,0.998486585949025,1.03518743502221
4.4,3,1.02271109553516,0.998559763006747,1.03497043489675
4.6,3,1.02265870331301,0.998662114838685,1.03469940052146
4.8,3,1.02262264915895,0.998774924442704,1.03458593078435
5,3,1.02260123971071,0.998895667679347,1.03463000703853
5.2,3,1.0225925783503,0.999012490688837,1.03459008760485
5.4,3,1.0225945874635,0.999050502398869,1.03440665435618
5.6,3,1.02260503426255,0.99906564337207,1.03421374387461
5.8,3,1.02262155988144,0.999085025649222,1.03410474185673
6,3,1.02264171138002,0.999089292976247,1.03413306555727
6.2,3,1.02266297622374,0.99898006819382,1.03427936229289
6.4,3,1.02268281874113,0.998944685109281,1.03441120457543
6.6,3,1.02269871800318,0.99896483820704,1.03448947515401
6.8,3,1.02270820651936,0.998961873924232,1.03440724578592
7,3,1.02270890910539,0.999030846486896,1.03442198924111
7.2,3,1.02269858124935,0.99912360795243,1.03450720437589
7.4,3,1.02267514628713,0.999096876046504,1.03435740605292
7.6,3,1.0226367306953,0.999076169227319,1.03439945892744
7.8,3,1.02258169682139,0.99909524701376,1.03437404092981
8,3,1.02250867239696,0.998983746297179,1.03418361182199
8.2,3,1.02241657621891,0.998799949241741,1.03397783111667
8.4,3,1.02230463943826,0.998604962230779,1.03377949008226
8.6,3,1.02217242196172,0.998563575734866,1.03366586683423
8.8,3,1.02201982354989,0.998484477915058,1.03348258492027
9,3,1.02184708928377,0.998231004768537,1.03328686660492
9.2,3,1.02165480916747,0.998055635385048,1.03303674150874
9.4,3,1.02144391173755,0.997839833628929,1.03271299849524
9.6,3,1.02121565165524,0.997560040737832,1.03249041455267
9.8,3,1.02097159136502,0.99729315875669,1.03230668379837
10,3,1.02071357700958,0.996993040693299,1.03201865635692
10.2,3,1.02044370889358,0.996631355388241,1.03160503048074
10.4,3,1.02016430688591,0.996494595641522,1.03121966930123
10.6,3,1.01987787123949,0.996344449739318,1.03089154018465
10.8,3,1.01958703938722,0.996127158611247,1.03045543496475
11,3,1.01929453934214,0.995927301419681,1.03006193703676
11.2,3,1.01900314038635,0.995690543982507,1.02958622323726
11.4,3,1.01871560177776,0.995452690878084,1.0291119336408
11.6,3,1.018434620235,0.995238881890624,1.0287003213835
11.8,3,1.018162776979,0.994922198834229,1.02831814151686
12,3,1.01790248511518,0.994760450708981,1.02788623295425
12.2,3,1.01765593813414,0.994655319191248,1.02744563997934
12.4,3,1.01742506029098,0.994624289364617,1.02711814541302
12.6,3,1.0172114595959,0.994631597596213,1.02676371937802
12.8,3,1.01701638411255,0.994677733668434,1.02642483671175
13,3,1.01684068221698,0.994764822693745,1.02619499993594
13.2,3,1.01668476741977,0.994893492841574,1.02591781210283
13.4,3,1.01654858829958,0.995096601293119,1.02572528551373
13.6,3,1.01643160403755,0.995286981906314,1.02550075980956
13.8,3,1.01633276598097,0.995518450429376,1.02526961332642
14,3,1.01625050560186,0.99585667691925,1.0249989603495
14.2,3,1.01618272915191,0.996198724728443,1.0248305562513
14.4,3,1.01612681925122,0.996509729706952,1.02476952198892
14.6,3,1.01607964358333,0.996901724137453,1.0246179874668
14.8,3,1.01603757080493,0.997322652114976,1.02446664144056
15,3,1.01599649371365,0.997767107190092,1.02425757596059
15.2,3,1.01595185965276,0.99818759017501,1.02408208863009
15.4,3,1.01589870806654,0.998536225796182,1.02385381283423
15.6,3,1.01583171505379,0.998917663929202,1.02363385905813
15.8,3,1.01574524469976,0.999349359891399,1.02338003899885
16,3,1.01563340689805,0.99966325908501,1.0230967534296
16.2,3,1.01549012130304,0.999964457945684,1.02279452973281
16.4,3,1.01530918698043,1.00025775138223,1.02252426116808
16.6,3,1.01508435724834,1.0006305565456,1.02214173001803
16.8,3,1.01480941912375,1.00111244061665,1.0216254985595
17,3,1.01447827670999,1.00169157226132,1.02108947685086
17.2,3,1.01408503778054,1.00216148590135,1.02042515669014
17.4,3,1.01362410273375,1.00239609249209,1.01965275834401
17.6,3,1.01309025501318,1.00255669848189,1.01879706105224
17.8,3,1.01247875201148,1.00270253361432,1.01785676096377
18,3,1.01178541540267,1.00279668820578,1.01682973776481
18.2,3,1.01100671978151,1.0027829689331,1.01567532650803
18.4,3,1.01013987843155,1.0026964698199,1.01439019123848
18.6,3,1.00918292499702,1.00258914295336,1.0129846681001
18.8,3,1.00813478980234,1.0024318151664,1.01145104612416
19,3,1.00699536954686,1.00220327894154,1.00982393862848
19.2,3,1.00576558910628,1.00191803778676,1.00808312032577
19.4,3,1.00444745419598,1.00155895080686,1.00622043840575
19.6,3,1.00304409369859,1.00111861404555,1.00424848352097
19.8,3,1.00155979052843,1.0005981967147,1.00217501237924
20,3,1,1,1
20.2,3,0.998371354786576,0.997736508177503,0.999338701662551
20.4,3,0.996681655696097,0.995380004747877,0.99861668184481
20.6,3,0.99493984765417,0.992948269322912,0.997877810596221
20.8,3,0.993155980464906,0.990448578097389,0.997091107213528
21,3,0.991341154116159,0.987897215849983,0.996245732051034
21.2,3,0.989507448602785,0.985293020956433,0.995388137794087
21.4,3,0.987667838455167,0.982664207614546,0.994539710369921
21.6,3,0.985836092375894,0.98002588315689,0.993692991354336
21.8,3,0.984026658600398,0.977394714342774,0.992850096254297
22,3,0.982254536803062,0.974776989785471,0.992023684525848
22.2,3,0.980535137564677,0.972214202277718,0.99122680735503
22.4,3,0.978884130596913,0.969699188411247,0.990514303931667
22.6,3,0.977317283081937,0.967230329247098,0.989872537942274
22.8,3,0.975850289629145,0.964910507434159,0.989299163637893
23,3,0.974498595475591,0.96270891008923,0.988780970332226
23.2,3,0.973277214662841,0.960627164251782,0.988323943916168
23.4,3,0.972200545012452,0.958704754191924,0.987927136424805
23.6,3,0.971282181797472,0.956957650880417,0.987683382427507
23.8,3,0.970534732071898,0.955429060498615,0.987560544967113
24,3,0.969969631677239,0.954105790471676,0.987567503736186
24.2,3,0.969596966999137,0.952842569590443,0.987544072413043
24.4,3,0.969425303600481,0.951819105541358,0.987580068882143
24.6,3,0.969461523913162,0.950954732524202,0.987908337940995
24.8,3,0.969710676229637,0.950471689927861,0.988253464714598
25,3,0.97017583729734,0.95012638192731,0.988950655561919
25.2,3,0.970857990881206,0.950013733454198,0.98977043176179
25.4,3,0.97175592471739,0.950039883945857,0.990690961233683
25.6,3,0.972866148327545,0.950085847357708,0.991777618041841
25.8,3,0.974182834188274,0.950368227869756,0.993586499521871
26,3,0.975697784742993,0.951082954622923,0.99572763100728
26.2,3,0.977400427689936,0.952180334907957,0.997698513992723
26.4,3,0.979277841865948,0.953448799498574,0.999843229370012
26.6,3,0.981314815856028,0.95480186879201,1.00262301682467
26.8,3,0.983493941179094,0.956365653418503,1.00585012964109
27,3,0.985795741518688,0.957866205885652,1.00849585431141
27.2,3,0.988198838973891,0.959475597955665,1.01135069267404
27.4,3,0.990680157695704,0.961231202399065,1.01438013709621
27.6,3,0.993215164548086,0.963161663793099,1.01791288327253
27.8,3,0.995778145598303,0.965100047538216,1.02104560020099
28,3,0.998342516313036,0.967069445196212,1.02446160364092
28.2,3,1.0008811623379,0.969055208473124,1.02759095980305
28.4,3,1.0033668066995,0.970980242967944,1.0305416430234
28.6,3,1.00577239822895,0.973084103944631,1.03389898215379
28.8,3,1.0080715150084,0.975044227570566,1.03658334582916
29,3,1.01023877573516,0.976610914540953,1.03951931121931
29.2,3,1.01225025113198,0.978313142454707,1.04210392703216
29.4,3,1.01408386695495,0.979775109267491,1.04487263426962
29.6,3,1.01571978980633,0.981298768988222,1.04727989536087
29.8,3,1.01714078688441,0.982569276675365,1.0488679092405
30,3,1.01833255102151,0.983550803871959,1.05038691673514
30.2,3,1.01928398288596,0.984037963822925,1.05213032728852
30.4,3,1.01998742305112,0.98470245472412,1.05295019382382
30.6,3,1.02043882774428,0.984964706557129,1.05362063879936
30.8,3,1.02063788344575,0.984589694012331,1.05443840064366
31,3,1.02058805706352,0.984340126306425,1.05520991923266
31.2,3,1.02029658010025,0.983451221287233,1.05533045357522
31.4,3,1.01977436698721,0.982604156769029,1.05489558921964
31.6,3,1.0190358695104,0.981644586449804,1.0542406409122
31.8,3,1.01809887092299,0.98019759376305,1.05367955172636
32,3,1.01698422485768,0.978539566860764,1.05293232284168
32.2,3,1.01571554546185,0.976868840202102,1.0520292604763
32.4,3,1.01431885623027,0.974769354657706,1.05103046993596
32.6,3,1.01282220577188,0.972776310486246,1.05030458540528
32.8,3,1.01125525920237,0.970627532195327,1.04912633357426
33,3,1.00964887400275,0.968536219704041,1.04750647374227
33.2,3,1.00803466904087,0.966386678427407,1.04588484171979
33.4,3,1.00644459504721,0.964169326342317,1.04488638664571
33.6,3,1.00491051420681,0.961848737928207,1.04359222419766
33.8,3,1.00346379572382,0.959470532956548,1.0424186892814
34,3,1.00213493328425,0.957560060249891,1.04154093017673
34.2,3,1.00095318933827,0.955507396029862,1.04078770715499
34.4,3,0.999946270095106,0.953413331859962,1.04025512706733
34.6,3,0.999140034116425,0.95196856649642,1.03975062071306
34.8,3,0.998558236444711,0.95048556285496,1.04019227174163
35,3,0.998222309342386,0.948637470346154,1.04005817278934
35.2,3,0.998151179965079,0.947113220255612,1.04033871641841
35.4,3,0.998361124660978,0.945500602802615,1.04146671162051
35.6,3,0.998865659080975,0.94422609444586,1.04256370075159
35.8,3,0.999675462897829,0.943028502025463,1.04409223309001
36,3,1.00079833765684,0.942546945662974,1.04506208989028
36.2,3,1.00223919610119,0.942224796603303,1.04689646925867
36.4,3,1.00400008121431,0.942280242807984,1.04898096567321
36.6,3,1.00608021318057,0.942442730328197,1.05210188625248
36.8,3,1.00847606246366,0.942562668116171,1.05568682128033
37,3,1.01118144722181,0.943299618778262,1.05974634111725
37.2,3,1.01418765330251,0.943231248101011,1.06415057737789
37.4,3,1.01748357507396,0.944621130221489,1.06880541024513
37.6,3,1.02105587534402,0.946254405954566,1.07430792730898
37.8,3,1.02488916258502,0.947259163440913,1.07964716096953
38,3,1.02896618361935,0.948779992407447,1.08505504866859
38.2,3,1.03326802982853,0.951035017105666,1.09111338844674
38.4,3,1.0377743548308,0.952757595109954,1.09746824131354
38.6,3,1.04246360143644,0.954687853972872,1.10426349148738
38.8,3,1.04731323554543,0.956607227755808,1.11133495630707
39,3,1.05229998450973,0.959028410982218,1.11904483047471
39.2,3,1.05740007735452,0.960853147977985,1.12680600494085
39.4,3,1.06258948415083,0.962866132869729,1.13472412225719
39.6,3,1.06784415176754,0.964940284738859,1.1427597751165
39.8,3,1.0731402332137,0.967140412376262,1.15067217923041
40,3,1.07845430781984,0.969464030803579,1.15919291647954
0,4,1.00051264861047,0.985228729098071,1.01695036826354
0.2,4,1.00013066373542,0.985299252004484,1.01632390248025
0.4,4,0.999750015526502,0.9853159415672,1.01590708809463
0.6,4,0.999372403448164,0.985484820874455,1.01561250194186
0.8,4,0.998999559007578,0.985423354903176,1.01502042381104
1,4,0.998633227525018,0.985374962924626,1.01454546470808
1.2,4,0.998275148614643,0.985325677871023,1.01409962511789
1.4,4,0.99792703559616,0.985368595898222,1.01382282384497
1.6,4,0.997590554090911,0.985325001890247,1.01340320229756
1.8,4,0.997267300086492,0.985218167805067,1.01312201466556
2,4,0.996958777781331,0.98519446946532,1.0128203292675
2.2,4,0.996666377543961,0.985190389060248,1.01250938109667
2.4,4,0.996391354340423,0.984994031651626,1.01220095379176
2.6,4,0.996134806996604,0.98473164738537,1.01200785537885
2.8,4,0.995897658669791,0.984698617948757,1.01176409929223
3,4,0.995680638904953,0.984640533027478,1.01158609965001
3.2,4,0.9954842676456,0.984497278100399,1.01122574419177
3.4,4,0.99530884155649,0.984409179033059,1.01104635260857
3.6,4,0.99515442299554,0.984284276538584,1.01083909855865
3.8,4,0.995020831945175,0.984158148874678,1.01058064203185
4,4,0.994907641178925,0.984069141094457,1.01039797659285
4.2,4,0.994814174897716,0.984015191927201,1.01016842001785
4.4,4,0.994739511022218,0.984123046241343,1.00994414519053
4.6,4,0.994682487273445,0.984129332523902,1.00978504920709
4.8,4,0.994641711114135,0.984255668511347,1.00968797739793
5,4,0.994615573559149,0.984480076578908,1.00958657347025
5.2,4,0.994602266795179,0.984475660861628,1.00947892183777
5.4,4,0.994599805479627,0.984528987493562,1.00936138037865
5.6,4,0.994606051516839,0.984641946210459,1.00923288956816
5.8,4,0.994618742038409,0.98475334185274,1.00900128771523
6,4,0.994635520244478,0.984873980884444,1.00844958021911
6.2,4,0.994653968696453,0.98505259028329,1.00844710848859
6.4,4,0.994671644589974,0.985210430881822,1.0083392493492
6.6,4,0.994686116481887,0.985414893727487,1.00816714971397
6.8,4,0.994695001897969,0.985518577950995,1.00806262717914
7,4,0.994696005210819,0.985647010399224,1.00809373947096
7.2,4,0.994686955150737,0.985708156728835,1.00800295655348
7.4,4,0.994665841298023,0.985833789946438,1.0078087438747
7.6,4,0.994630848903526,0.98592794977075,1.0075468206346
7.8,4,0.994580391396201,0.986011321477094,1.00735605701595
8,4,0.994513139962139,0.98599522130386,1.00742529727555
8.2,4,0.994428049618839,0.986016694082974,1.00733392942569
8.4,4,0.994324381260959,0.985980049262946,1.00711384516362
8.6,4,0.99420171921862,0.985962543984466,1.0071091273927
8.8,4,0.994059983945161,0.985996487624024,1.00709694355095
9,4,0.993899439536686,0.98588242727654,1.00679555928082
9.2,4,0.993720695878818,0.985797590879158,1.00662940263375
9.4,4,0.993524705314719,0.985691690063905,1.00639268443858
9.6,4,0.993312753830397,0.98549043920098,1.00619741537148
9.8,4,0.99308644685616,0.98522473800669,1.00592410617066
10,4,0.992847689884434,0.984998797577909,1.00561622002577
10.2,4,0.992598664201601,0.984851157772032,1.00535729198641
10.4,4,0.992341798122797,0.984543982555239,1.00501159447059
10.6,4,0.992079734201741,0.98425019683258,1.0046019533012
10.8,4,0.991815292960685,0.984018367427812,1.00426171268607
11,4,0.991551433747149,0.983822393811601,1.00394676425997
11.2,4,0.991291213372887,0.983645430035172,1.00352616834508
11.4,4,0.99103774322583,0.983352515963194,1.00309887895314
11.6,4,0.990794145567074,0.983238225731317,1.00263361133735
11.8,4,0.990563509732164,0.983037048206453,1.0022431914373
12,4,0.990348848949409,0.982833789049738,1.00176849434326
12.2,4,0.990153058468058,0.982703477694903,1.00126391084816
12.4,4,0.989978875656964,0.982592601453248,1.00086123755956
12.6,4,0.989828842690732,0.982467964270608,1.00061981216252
12.8,4,0.989705272386698,0.982455212439153,1.00021907372496
13,4,0.989610217693689,0.982389036881487,0.999826429775735
13.2,4,0.989545445263953,0.982431227747582,0.99961646453211
13.4,4,0.9895124134644,0.98249587358385,0.999414023647791
13.6,4,0.989512255103928,0.982548480459941,0.999163973278854
13.8,4,0.989545765071636,0.982649814082368,0.998826739981107
14,4,0.989613392997643,0.982844505307607,0.998596846677169
14.2,4,0.989715240965465,0.982986173477566,0.998303597873078
14.4,4,0.989851066223708,0.983191806556436,0.998270508274492
14.6,4,0.990020288766573,0.983513289275568,0.998199152010599
14.8,4,0.990222003578365,0.983750056237644,0.99818216170037
15,4,0.990454997267976,0.984132435223528,0.998180505998017
15.2,4,0.990717768756064,0.984526488432389,0.998218567650455
15.4,4,0.991008553621196,0.984970927181649,0.998148611331939
15.6,4,0.991325351662353,0.985453153877911,0.998200983543076
15.8,4,0.99166595719439,0.985953231115231,0.998315705045034
16,4,0.992027991560927,0.986553041231578,0.998433197060308
16.2,4,0.992408937325951,0.987083598799002,0.998462650910118
16.4,4,0.992806173591486,0.987653773277083,0.998686695467075
16.6,4,0.993217011883993,0.988286508406139,0.998813547067463
16.8,4,0.993638732056766,0.988935782916108,0.998964374344638
17,4,0.994068617669194,0.989612377728104,0.999028866732544
17.2,4,0.994503990326038,0.990294118021646,0.999200686310323
17.4,4,0.994942242490313,0.990979213253853,0.999375132440615
17.6,4,0.995380868321283,0.991650108864806,0.999431459324795
17.8,4,0.99581749213368,0.992308205548762,0.999536024495864
18,4,0.996249894124609,0.992995899201677,0.999650789222009
18.2,4,0.996676033069631,0.993691845414935,0.999714092269743
18.4,4,0.997094065748168,0.994415159557222,0.999828552806412
18.6,4,0.997502362919295,0.995125354524433,0.99991443951908
18.8,4,0.99789952173118,0.995834562193098,0.999972072991856
19,4,0.99828437450941,0.996526681460421,1.00001366304136
19.2,4,0.9986559939302,0.997235148261812,1.00005237157996
19.4,4,0.999013694642775,0.997934988530755,1.00007126277563
19.6,4,0.999357031460004,0.998626521201117,1.0000613873207
19.8,4,0.999685794286687,0.999314792456,1.0000343876562
20,4,1,1,1
20.2,4,1.00029988153574,0.999955162182427,1.00067922264049
20.4,4,1.00058587446675,0.999889969515608,1.00135055314523
20.6,4,1.00085860138585,0.999821384434092,1.00201480890744
20.8,4,1.00111885442485,0.999755266534773,1.00267234247381
21,4,1.00136757625306,0.999657780043491,1.00332146161064
21.2,4,1.0016058399046,0.999567711993282,1.00394669911145
21.4,4,1.0018348277825,0.999460672184867,1.00455526487302
21.6,4,1.00205581018077,0.99936177208711,1.00514763490722
21.8,4,1.00227012365316,0.999262796583452,1.00572116253364
22,4,1.00247914954015,0.999147830242191,1.00630846783845
22.2,4,1.00268429294409,0.999011606479756,1.00688793383966
22.4,4,1.00288696241784,0.998880193072414,1.00742186980462
22.6,4,1.00308855060444,0.998749477302162,1.00795970700559
22.8,4,1.00329041603603,0.998630088412609,1.00845290143863
23,4,1.00349386626931,0.998548398438085,1.00905168360339
23.2,4,1.00370014250348,0.998474513510912,1.00961539644953
23.4,4,1.00391040579551,0.998380582939756,1.01012709704257
23.6,4,1.00412572495642,0.998334087957609,1.01058330949597
23.8,4,1.00434706618324,0.998269323490842,1.0111188681352
24,4,1.00457528445279,0.998221931841637,1.01157564672236
24.2,4,1.0048111166775,0.998244483171592,1.01208046567672
24.4,4,1.00505517659957,0.99825571865488,1.01261098890169
24.6,4,1.00530795137802,0.998268433128713,1.01321487453997
24.8,4,1.00556979980422,0.998326834698865,1.01366119836934
25,4,1.00584095206517,0.99832945818533,1.01414307147011
25.2,4,1.00612151095979,0.998334387600812,1.01461609995052
25.4,4,1.0064114544623,0.998436802441914,1.01516225213932
25.6,4,1.00671063951841,0.998467108912506,1.01577774562166
25.8,4,1.00701880695317,0.998502681460362,1.01649454048545
26,4,1.00733558736586,0.998657419880865,1.01713619008282
26.2,4,1.00766050788509,0.998793188669848,1.01787264322688
26.4,4,1.00799299965717,0.998944208117037,1.01843769815739
26.6,4,1.00833240594273,0.999059932321854,1.01915428789215
26.8,4,1.00867799069936,0.999242113328729,1.01983879034154
27,4,1.00902894753273,0.99932699689334,1.02053920143028
27.2,4,1.00938440890398,0.999417887952099,1.02120556487871
27.4,4,1.00974345548737,0.999635071708004,1.02177910972127
27.6,4,1.01010512557941,0.99989642682286,1.02234451308665
27.8,4,1.01046842446783,1.00007288827228,1.02290085409367
28,4,1.01083233367681,1.00014002547181,1.0236585526978
28.2,4,1.01119582001253,1.00035127681423,1.02436406302503
28.4,4,1.0115578443411,1.00051435297893,1.02496517297718
28.6,4,1.01191737003894,1.00067167298012,1.02555629897269
28.8,4,1.01227337106297,1.00075804564952,1.02629127917088
29,4,1.01262483959554,1.0009159687855,1.02689316895473
29.2,4,1.01297079322609,1.00103333950396,1.02773419604186
29.4,4,1.0133102816378,1.00117099893924,1.02843098292711
29.6,4,1.01364239277405,1.00130611778415,1.02912621569997
29.8,4,1.01396625846511,1.00143654172932,1.02988911949593
30,4,1.01428105950057,1.00160947886876,1.0307112747535
30.2,4,1.01458603013832,1.00176184534534,1.03170456896058
30.4,4,1.01488046204489,1.00185903419031,1.03234848833058
30.6,4,1.01516370766632,1.00187316553044,1.03315527015227
30.8,4,1.01543518303222,1.0019068942828,1.03382264935846
31,4,1.01569436999915,1.00199519105273,1.03427154526572
31.2,4,1.01594081794239,1.00207726083677,1.03488634860171
31.4,4,1.01617414490805,1.00215281289397,1.03589748809158
31.6,4,1.01639403824002,1.00222161353518,1.03680512566383
31.8,4,1.01660025469848,1.00228571110427,1.03783228135323
32,4,1.01679262008916,1.00238047752629,1.03862476705576
32.2,4,1.01697102842421,1.00246665149176,1.03980807982948
32.4,4,1.01713544063785,1.00251235027027,1.04072295012544
32.6,4,1.0172858828814,1.00251772421504,1.04175233613195
32.8,4,1.01742244442433,1.00254899013973,1.04279660623032
33,4,1.01754527518921,1.0025061121993,1.04360987251473
33.2,4,1.01765458295014,1.00249995222007,1.04446189709478
33.4,4,1.01775063022551,1.00246161273098,1.0453420536977
33.6,4,1.01783373089707,1.00245569368712,1.04615697489157
33.8,4,1.01790424658849,1.00238041609134,1.04695634987009
34,4,1.01796258283728,1.00226030109411,1.04797680122503
34.2,4,1.01800918509486,1.0021024640985,1.04912109765627
34.4,4,1.01804453458971,1.00197076076457,1.05049214434015
34.6,4,1.01806914408921,1.00189030728115,1.05171485176009
34.8,4,1.01808355359536,1.00188073624843,1.05279566260462
35,4,1.0180883260095,1.00176262170547,1.05383945798122
35.2,4,1.01808404280065,1.00158963865353,1.05488802807718
35.4,4,1.0180712997111,1.00143643148742,1.05614416596119
35.6,4,1.01805070253191,1.00128181169767,1.05728532155201
35.8,4,1.01802286297943,1.00112639106163,1.05830853948539
36,4,1.01798839470247,1.00105201552642,1.0593263206822
36.2,4,1.01794790944758,1.00081586651603,1.06055250102607
36.4,4,1.0179020134079,1.00068997810189,1.06166756894907
36.6,4,1.01785130377858,1.00036293239512,1.06270572642272
36.8,4,1.017796365539,1.00019630801734,1.06354668345156
37,4,1.01773776847964,0.999910650042778,1.06429813397503
37.2,4,1.01767606448802,0.99979964716984,1.06526408288274
37.4,4,1.01761178510567,0.999816459846118,1.06613916429345
37.6,4,1.01754543936461,0.999687841418568,1.06682075572516
37.8,4,1.01747751190916,0.999431606812301,1.06744198627986
38,4,1.01740846140537,0.999199682176164,1.0680457382094
38.2,4,1.01733871923798,0.998854290700948,1.06865152687863
38.4,4,1.01726868849145,0.998598813033257,1.069282632047
38.6,4,1.0171987432092,0.998354080354031,1.06999550464764
38.8,4,1.01712922792243,0.998147403845879,1.07068496060171
39,4,1.01706045743779,0.997789136276974,1.07125818250641
39.2,4,1.01699271687074,0.997430969421472,1.07170421220309
39.4,4,1.01692626190983,0.997164967390903,1.07212584784528
39.6,4,1.01686131929538,0.996888061685085,1.07252372278301
39.8,4,1.01679808749472,0.99662308908278,1.07315901774432
40,4,1.01673673755516,0.996375902138886,1.07381492937331
0,5,1.00117082085714,0.985123902945039,1.02094609528629
0.2,5,1.0007879816978,0.985214938088779,1.0204288212899
0.4,5,1.00040645634162,0.985263363979827,1.02012040733032
0.6,5,1.00002794581455,0.985320056024656,1.01957973249757
0.8,5,0.999654183302371,0.985308744065892,1.01912980929135
1,5,0.999286915902504,0.985099901528803,1.01871622183144
1.2,5,0.998927885083196,0.985283668290488,1.01819208394477
1.4,5,0.998578806070657,0.985368595898222,1.01774196822974
1.6,5,0.998241346417751,0.985513866061681,1.01738341621719
1.8,5,0.997917104038478,0.985392070501018,1.0170726981218
2,5,0.99760758501982,0.985407274885163,1.01667908334432
2.2,5,0.997314181545919,0.985403083070099,1.01632134976947
2.4,5,0.997038150288218,0.985258297595401,1.01587145137381
2.6,5,0.996780591628675,0.985076596064157,1.01534873664238
2.8,5,0.99654243009064,0.984881961024967,1.01489709115798
3,5,0.996324396353229,0.984895871024033,1.01455096066096
3.2,5,0.99612701121944,0.98478825558022,1.01417645755073
3.4,5,0.995950571895663,0.984578645929674,1.01370117464904
3.6,5,0.995795140920379,0.984400807080003,1.01329650705189
3.8,5,0.995660538052707,0.984404280331312,1.01298443032968
4,5,0.995546335397084,0.984550392617985,1.0127964594752
4.2,5,0.995451855998968,0.984670748426754,1.01247035720064
4.4,5,0.995376176098439,0.984809590350125,1.01224970597013
4.6,5,0.995318131174332,0.984927700925192,1.0121461759789
4.8,5,0.995276325851942,0.984984414720588,1.01210124121954
5,5,0.995249147682967,0.985217725685321,1.01202542978437
5.2,5,0.995234784738477,0.985299276798701,1.01202071295866
5.4,5,0.995231246885163,0.985439516878538,1.01190062129594
5.6,5,0.995236390543479,0.985594247357245,1.01189413664648
5.8,5,0.995247946654771,0.985707185659158,1.01190770748369
6,5,0.995263551514633,0.985810102770222,1.0116905587485
6.2,5,0.995280780063237,0.98597561779722,1.01148694844697
6.4,5,0.995297181161684,0.986049468880989,1.01136500781448
6.6,5,0.995310314328335,0.98603767137244,1.01123667238867
6.8,5,0.995317787362009,0.986113605451982,1.01124531256996
7,5,0.995317294241494,0.986249691320354,1.0111038958374
7.2,5,0.995306652664243,0.986345646781125,1.0109597705128
7.4,5,0.995283840572587,0.986420586404797,1.01077969869032
7.6,5,0.995247031014177,0.986485830514346,1.01065462692232
7.8,5,0.995194624695229,0.986498177951193,1.01063744584635
8,5,0.99512527961078,0.986502916515254,1.01056816535049
8.2,5,0.995037937175401,0.986444040113851,1.01055754956664
8.4,5,0.994931844330281,0.986453605542187,1.01050996291549
8.6,5,0.994806571167332,0.986426704647948,1.01030259652156
8.8,5,0.994662023686806,0.986398062961222,1.01007953987379
9,5,0.994498451390324,0.986423660891625,1.00976290731659
9.2,5,0.994316449504259,0.986291733824491,1.00942909986638
9.4,5,0.99411695572712,0.986089439478362,1.00911602291395
9.6,5,0.993901241496481,0.985985358827491,1.00882620175967
9.8,5,0.993670897873943,0.985686501078945,1.00847778262265
10,5,0.993427816247936,0.985588206890672,1.0078595689908
10.2,5,0.993174164151679,0.985389600071545,1.00744308577841
10.4,5,0.992912356584959,0.985285985170645,1.00714778846984
10.6,5,0.992645023311505,0.985051252860094,1.00669850229853
10.8,5,0.992374972676865,0.984725428315075,1.00634058716318
11,5,0.992105152553248,0.984512132903605,1.00602370570118
11.2,5,0.991838609066636,0.984220138411025,1.00575149031829
11.4,5,0.991578443796791,0.983931467679908,1.00539798158581
11.6,5,0.991327770162075,0.983650252436948,1.00478576668881
11.8,5,0.991089669708233,0.983501232454189,1.00411351106825
12,5,0.990867149013698,0.983398884633463,1.0034436617175
12.2,5,0.990663097904039,0.983272088671977,1.00287151409226
12.4,5,0.990480249635935,0.98320903761208,1.00254486573126
12.6,5,0.990321143667304,0.983207577206119,1.00213979285892
12.8,5,0.9901880915765,0.983155609305424,1.00169204060457
13,5,0.990083146630979,0.983124409039568,1.00158529076608
13.2,5,0.99000807743613,0.98305008238374,1.00126336286726
13.4,5,0.989964346019613,0.983002758651224,1.00094098116631
13.6,5,0.989953090627017,0.983017982455822,1.00053384556675
13.8,5,0.989975113422574,0.983106231235304,1.00019670810192
14,5,0.990030873205415,0.983228016357145,1.0000821406389
14.2,5,0.990120483169007,0.98348518718926,0.999977787494596
14.4,5,0.990243713650082,0.983663697993121,0.999744840074579
14.6,5,0.99039999973505,0.983928474526852,0.999491056274879
14.8,5,0.990588453517529,0.984202172827256,0.999298020998575
15,5,0.99080788073137,0.984518497033164,0.999139322263283
15.2,5,0.991056801420346,0.984894002868512,0.999161847723539
15.4,5,0.991333474249267,0.98526375846763,0.99906457052625
15.6,5,0.991635924012493,0.985719170213262,0.998964674456531
15.8,5,0.9919619718552,0.986233241126422,0.99895318327488
16,5,0.992309267690749,0.986721864567492,0.998877329079585
16.2,5,0.992675324274619,0.98728864468249,0.998881835388246
16.4,5,0.993057552381608,0.987934862222854,0.999020438435037
16.6,5,0.993453296528694,0.98854782819909,0.999128023792579
16.8,5,0.993859870690793,0.98915128483949,0.999221815640524
17,5,0.99427459347066,0.989782013044427,0.999362252575048
17.2,5,0.99469482220676,0.990413462129946,0.999435153767782
17.4,5,0.995117985533772,0.991082770835832,0.999563144460054
17.6,5,0.995541613948656,0.991735861386267,0.999722188793541
17.8,5,0.995963367980138,0.992425221703086,0.999806881754193
18,5,0.99638106361019,0.993116284028915,0.99989474432263
18.2,5,0.996792694651369,0.993832190112682,0.999979162084973
18.4,5,0.997196451842815,0.99455194946646,1.00003616149084
18.6,5,0.99759073848886,0.995241376124831,1.000111027078
18.8,5,0.997974182526557,0.995923036278784,1.00010299685222
19,5,0.998345644970554,0.996605359619002,1.00012317712649
19.2,5,0.998704224744582,0.997286917060412,1.00012305572668
19.4,5,0.999049259967129,0.997967737240297,1.00011090855121
19.6,5,0.999380325813647,0.998645849603081,1.00008906633171
19.8,5,0.999697229127899,0.99932456895766,1.00005126698297
20,5,1,1,1
20.2,5,1.00028888056773,0.999934470068145,1.00066711735557
20.4,5,1.0005643113302,0.999858596786857,1.00132702472572
20.6,5,1.00082691528873,0.999773912238061,1.00197350195643
20.8,5,1.00107748024862,0.999681728741389,1.00259490641158
21,5,1.00131693962746,0.999571271917157,1.00320876640295
21.2,5,1.00154635212077,0.999445932724724,1.0038202041881
21.4,5,1.00176688057444,0.999327067544567,1.00441903632981
21.6,5,1.00197977040637,0.999206505070146,1.00498401904236
21.8,5,1.00218632790693,0.999067033738049,1.00554757573812
22,5,1.00238789873033,0.998935180824164,1.00608978000739
22.2,5,1.00258584686732,0.998827599178847,1.00665288928833
22.4,5,1.00278153436472,0.998749113392419,1.00717054849721
22.6,5,1.00297630202944,0.998634627665715,1.00773869472247
22.8,5,1.00317145132478,0.998498724445703,1.00833053878753
23,5,1.00336822763627,0.998387070878187,1.00888449171881
23.2,5,1.00356780505244,0.998307185292939,1.00939971745158
23.4,5,1.0037712727747,0.998220545902599,1.00983722087832
23.6,5,1.00397962323964,0.998156885000551,1.0103128547249
23.8,5,1.00419374200736,0.998034759973841,1.01086228824354
24,5,1.00441439944157,0.997975159444894,1.01139584597047
24.2,5,1.00464224418042,0.997871965111962,1.01192025900078
24.4,5,1.00487779837387,0.997902655348859,1.01255117441694
24.6,5,1.00512145464078,0.997917532072433,1.0131774661822
24.8,5,1.00537347468072,0.997920023113393,1.01373524769513
25,5,1.00563398945825,0.997932328864213,1.01425518749311
25.2,5,1.0059030008641,0.997980213376835,1.01474251181453
25.4,5,1.00618038474595,0.998075219993873,1.01520646400596
25.6,5,1.00646589519304,0.998139240287382,1.0156768724177
25.8,5,1.00675916995222,0.998228813773522,1.01635958445357
26,5,1.00705973684898,0.998269467635127,1.01699442764049
26.2,5,1.0073670210849,0.998426809315998,1.01759273532743
26.4,5,1.00768035328264,0.998522789373097,1.01816386724086
26.6,5,1.00799897815121,0.998614307560997,1.01863403248162
26.8,5,1.00832206364699,0.998729502655636,1.01930424004486
27,5,1.00864871051019,0.999003201278403,1.02001867585781
27.2,5,1.00897796206183,0.999163212106446,1.02069049671611
27.4,5,1.00930881415207,0.999300996119198,1.02131764082604
27.6,5,1.00964022515769,0.999385170574735,1.02190499236693
27.8,5,1.00997112593363,0.999623451592542,1.02253381650753
28,5,1.01030042963098,0.999818813168691,1.02311374499167
28.2,5,1.01062704130157,1.00003492013202,1.02362394556047
28.4,5,1.01094986721699,1.00009716268827,1.0240553857242
28.6,5,1.01126782383741,1.00013763025253,1.02462153950923
28.8,5,1.01157984637335,1.00024076096939,1.02506040427996
29,5,1.01188489689046,1.00048916048497,1.02553242316264
29.2,5,1.01218197191453,1.00073260086057,1.0259542431163
29.4,5,1.01247010950052,1.00087441270614,1.02634937637768
29.6,5,1.01274839573559,1.00099304008886,1.02672242194869
29.8,5,1.01301597065205,1.00112492920108,1.02698566470545
30,5,1.01327203353164,1.0012084628789,1.02731327596202
30.2,5,1.01351584758773,1.00128063814467,1.02751040138942
30.4,5,1.01374674401658,1.00132745064341,1.02778652659816
30.6,5,1.01396412541363,1.00141708636673,1.02798187766511
30.8,5,1.01416746855471,1.00152367736952,1.02818437478877
31,5,1.01435632654594,1.00163237171061,1.0285879594952
31.2,5,1.01453033034994,1.00177625416781,1.02884310197794
31.4,5,1.01468918969919,1.00188452244871,1.02888637362516
31.6,5,1.01483269341095,1.00190923274129,1.02918594771726
31.8,5,1.01496070912086,1.00192287037331,1.0294031541214
32,5,1.01507318245571,1.00197569213996,1.02952735973173
32.2,5,1.01517013566856,1.00202551931817,1.02966387866444
32.4,5,1.01525166576189,1.00196107384224,1.02996183561659
32.6,5,1.01531794212751,1.00189824198459,1.03011755961364
32.8,5,1.01536920373391,1.0018862497908,1.03016429395155
33,5,1.01540575589447,1.00185021649593,1.03016660211919
33.2,5,1.01542796665179,1.00174849231334,1.03022691770435
33.4,5,1.01543626281559,1.00164051469003,1.03033857851542
33.6,5,1.01543112569312,1.00152676608682,1.03031418990325
33.8,5,1.01541308655288,1.00146167958227,1.03040505707415
34,5,1.01538272186343,1.0014593854604,1.03079649935983
34.2,5,1.01534064835006,1.00147447084793,1.03100936720551
34.4,5,1.01528751791296,1.00140779884583,1.031335561004
34.6,5,1.01522401245055,1.00127528387412,1.031422683232
34.8,5,1.01515083863174,1.00124099107634,1.03161899099579
35,5,1.01506872266044,1.00105164427592,1.03179877540296
35.2,5,1.01497840507483,1.00087468642204,1.03180928540929
35.4,5,1.01488063562266,1.00070322058872,1.03190453055889
35.6,5,1.01477616825228,1.00053992718785,1.03201801138338
35.8,5,1.01466575625727,1.00049200635151,1.0322386053732
36,5,1.01455014760995,1.00022283510638,1.03261199126598
36.2,5,1.01443008051673,1.00003568561701,1.03285866975244
36.4,5,1.01430627922513,0.999817799207584,1.03291873610466
36.6,5,1.01417945010899,0.999484209777946,1.03288190280996
36.8,5,1.01405027805521,0.999432780198984,1.03296909975396
37,5,1.01391942317147,0.999097454812956,1.033065959921
37.2,5,1.0137875178308,0.998756172820067,1.03317584660738
37.4,5,1.01365516406484,0.998282666282385,1.03320292642877
37.6,5,1.01352293131391,0.998094700802671,1.03314902959613
37.8,5,1.01339135453799,0.997828107403067,1.0331792191142
38,5,1.013260932689,0.997471126804685,1.03320075514384
38.2,5,1.01313212754102,0.997422263850574,1.03325910623453
38.4,5,1.01300536287165,0.9972454446027,1.03331610035268
38.6,5,1.01288102398423,0.997115994109141,1.03344801449417
38.8,5,1.01275945755774,0.996938331809887,1.03347081367638
39,5,1.01264097180828,0.996772667152951,1.03339888918766
39.2,5,1.01252583694363,0.99643798212128,1.03335017915989
39.4,5,1.01241428589018,0.996295227827514,1.03339839417494
39.6,5,1.01230651526972,0.996096409652946,1.03344457395298
39.8,5,1.01220268660219,0.99586881562612,1.03348872571366
40,5,1.01210292770927,0.995803050462727,1.03353086123107
0,6,0.998921345181291,0.973046983904735,1.02027467080985
0.2,6,0.998547684266564,0.972929267015193,1.01970706415156
0.4,6,0.998175897471432,0.972534453519006,1.0190594357596
0.6,6,0.997807706508578,0.972013770392681,1.01845105832484
0.8,6,0.997444865181597,0.971746564096233,1.01786495267282
1,6,0.997089141090125,0.971772026680035,1.01728781896654
1.2,6,0.996742296040359,0.971820211441699,1.01672937279519
1.4,6,0.996406065380964,0.971880116359467,1.01618534329155
1.6,6,0.996082136517405,0.971792251946999,1.0156584211093
1.8,6,0.995772126888267,0.971535052321911,1.01513223564496
2,6,0.995477561714458,0.97115724107592,1.01458058990886
2.2,6,0.995199851855506,0.970969179415567,1.01410923443593
2.4,6,0.994940272125885,0.970921126743526,1.01369571792403
2.6,6,0.994699940437738,0.97089535144237,1.01323435047758
2.8,6,0.994479798143939,0.970652623789541,1.0127654949361
3,6,0.994280591956753,0.970441486719069,1.01241853715799
3.2,6,0.994102857811859,0.970342851037735,1.01196906519492
3.4,6,0.993946907035069,0.970438055479786,1.01154316850107
3.6,6,0.993812815149382,0.970401446565974,1.01121904583095
3.8,6,0.993700413633091,0.970312197010138,1.01101076861321
4,6,0.993609284905507,0.970342817903825,1.01085808475139
4.2,6,0.993538760775742,0.970478837206513,1.01076764731631
4.4,6,0.993487924542219,0.970658751061784,1.01071200410732
4.6,6,0.993455616876676,0.970911025724894,1.01067004296699
4.8,6,0.993440445567049,0.971302868990959,1.01064024039531
5,6,0.993440799129643,0.971705377556063,1.01062216159501
5.2,6,0.993454864233264,0.972125063938077,1.01061538395144
5.4,6,0.993480646807857,0.972559320862576,1.01061491831013
5.6,6,0.99351599663866,0.97300539282142,1.01057547890837
5.8,6,0.99355863517562,0.973415202881865,1.01052404223148
6,6,0.993606186218112,0.973981252531167,1.01050942486937
6.2,6,0.993656209068556,0.97462342514945,1.01036126812685
6.4,6,0.993706233686905,0.975173415463701,1.01032252162057
6.6,6,0.993753797322798,0.975616460284958,1.01027471207493
6.8,6,0.99379648205505,0.97587928999226,1.01020322088038
7,6,0.993831952630481,0.976350822726257,1.01010612887602
7.2,6,0.993857993967265,0.97685495294538,1.01007672512107
7.4,6,0.993872547673149,0.977347671493616,1.01000496075773
7.6,6,0.993873746926855,0.977737693250641,1.00984681136826
7.8,6,0.993859949082404,0.97810763611568,1.00972445858844
8,6,0.993829765381258,0.978610966679052,1.0096708977852
8.2,6,0.993782087195899,0.979087780580135,1.00959393104823
8.4,6,0.993716108280368,0.979299485770618,1.00936989237719
8.6,6,0.993631342567502,0.979688031425465,1.0090479958597
8.8,6,0.993527637127909,0.980071287395892,1.00892952660689
9,6,0.993405179990613,0.980408713442938,1.0088822535086
9.2,6,0.993264502617894,0.980683860199314,1.00864779253562
9.4,6,0.99310647692511,0.980917678607676,1.00836735401996
9.6,6,0.992932306837883,0.981132586582018,1.00796689061111
9.8,6,0.992743514481668,0.98134091066193,1.00756275197229
10,6,0.992541921199886,0.981570515032585,1.00733854404468
10.2,6,0.992329623694213,0.981533748010667,1.0071386261304
10.4,6,0.992108965671924,0.981439035081307,1.00692078736793
10.6,6,0.991882505468469,0.981510833606358,1.00659563580362
10.8,6,0.991652980186662,0.981554221590024,1.00614139553508
11,6,0.99142326695573,0.9816790702079,1.00568262919606
11.2,6,0.991196341962604,0.981655812839974,1.00516894479519
11.4,6,0.990975237943506,0.981523981490013,1.00463448993521
11.6,6,0.990763000845595,0.981497472152897,1.0040951629745
11.8,6,0.990562646376111,0.981364739990729,1.00357908555952
12,6,0.990377117150255,0.981237221418583,1.00309268853589
12.2,6,0.990209241129625,0.981532944901298,1.00261000724052
12.4,6,0.990061692011113,0.981748771327461,1.00218729919426
12.6,6,0.989936952182891,0.981928644500168,1.00176818925246
12.8,6,0.989837278810679,0.981949309213249,1.00140106340441
13,6,0.989764673555296,0.982115175917369,1.00104194801147
13.2,6,0.989720856353048,0.982183597304224,1.00067993014058
13.4,6,0.989707243615294,0.982304902668484,1.00042239066001
13.6,6,0.989724931124144,0.982424601002903,1.0001895907271
13.8,6,0.989774681819182,0.982589257084478,1.0000166171092
14,6,0.98985691858692,0.982900634964236,0.999794265970498
14.2,6,0.989971722081665,0.983070257929669,0.999574161084031
14.4,6,0.99011883352516,0.98329740776162,0.999329355017415
14.6,6,0.990297662353805,0.983562442134177,0.999132498357518
14.8,6,0.99050729850775,0.983975426041972,0.998943445791665
15,6,0.990746529086708,0.984447003389527,0.998837833399066
15.2,6,0.991013859033872,0.984825461097686,0.998712444305324
15.4,6,0.991307535452736,0.985239314548538,0.998609575860969
15.6,6,0.991625575112615,0.985699190845358,0.998595650236236
15.8,6,0.991965794657814,0.986205494276596,0.998580522904133
16,6,0.992325843003299,0.986692508082935,0.998559481552289
16.2,6,0.99270323537664,0.987255606172505,0.998744163072748
16.4,6,0.993095388452195,0.987913537003634,0.998804631865458
16.6,6,0.993499656019104,0.988507512049563,0.999027847975009
16.8,6,0.993913364629556,0.989147861793961,0.999148979453154
17,6,0.994333848687769,0.989778232595902,0.999292989661639
17.2,6,0.994758484462881,0.990399423330681,0.999369607630457
17.4,6,0.995184722539819,0.991101056825013,0.999521090258733
17.6,6,0.995610118260711,0.991737808734809,0.999655197594192
17.8,6,0.996032359754491,0.992418426453677,0.999788926859976
18,6,0.996449293203299,0.99310882546137,0.99989474432263
18.2,6,0.996858945049806,0.993827854605485,1.00002374969065
18.4,6,0.99725954090875,0.994504687052734,1.00012694725607
18.6,6,0.997649521007432,0.995178461065116,1.00018705240754
18.8,6,0.998027552042454,0.995894007075561,1.00023705632539
19,6,0.998392535402382,0.996585061401973,1.00025019345408
19.2,6,0.998743611767068,0.997273064415224,1.00023315411437
19.4,6,0.999080162152852,0.997957070320836,1.00020613898878
19.6,6,0.999401805527826,0.998644344314294,1.00016320358198
19.8,6,0.999708393171711,0.999324038044955,1.00009265051279
20,6,1,1,1
20.2,6,1.00027691311104,0.999887468018271,1.00066977740215
20.4,6,1.0005396178473,0.999755821219787,1.00132919643943
20.6,6,1.00078878168791,0.999608155553682,1.00197675609279
20.8,6,1.00102523630821,0.999453858182457,1.00261017681734
21,6,1.00124995815401,0.999279715394402,1.00320923739981
21.2,6,1.00146404788336,0.999094693883621,1.00380466364648
21.4,6,1.00166870902718,0.998904084385584,1.00436984853407
21.6,6,1.0018652262128,0.998711169416171,1.00494764291005
21.8,6,1.00205494328153,0.998506706815868,1.00548340170321
22,6,1.00223924161394,0.998286657036787,1.00600397833683
22.2,6,1.00241951895427,0.998066085747143,1.00654383093686
22.4,6,1.00259716900062,0.997860267127232,1.00707259783045
22.6,6,1.00277356199934,0.997688766415502,1.00759179943192
22.8,6,1.00295002655221,0.997553939612592,1.00808234423456
23,6,1.00312783281392,0.997382793178528,1.00857569877364
23.2,6,1.00330817722579,0.997245446512791,1.00905295450231
23.4,6,1.0034921688998,0.997079553410898,1.00956507889726
23.6,6,1.00368081773632,0.996961044981527,1.01008127900723
23.8,6,1.00387502432897,0.996876893278267,1.01055629611236
24,6,1.00407557168177,0.996803818674944,1.01117370272738
24.2,6,1.00428311873736,0.996666208563708,1.01176512419769
24.4,6,1.00449819569105,0.996630455833492,1.01234618934934
24.6,6,1.00472120104348,0.996627668605806,1.01288297460614
24.8,6,1.00495240032555,0.996644871629073,1.01334252621961
25,6,1.00519192641278,0.996614063522868,1.01380582335062
25.2,6,1.00543978133187,0.996593081353336,1.01430314721767
25.4,6,1.00569583945132,0.996667668044952,1.01473241116319
25.6,6,1.00595985193862,0.996756018582622,1.01517253891804
25.8,6,1.00623145236039,0.996784554265835,1.01556062582163
26,6,1.00651016329718,0.996908508251642,1.01598294753171
26.2,6,1.00679540384298,0.996899581698383,1.01649345373747
26.4,6,1.00708649785856,0.996930914579282,1.01689110242044
26.6,6,1.00738268284974,0.99706879493343,1.01730643382799
26.8,6,1.00768311934417,0.997062506431978,1.01782843243845
27,6,1.00798690064438,0.997076112664547,1.01827746842743
27.2,6,1.00829306284022,0.997102021926286,1.01870481177567
27.4,6,1.0086005949697,0.997135884993457,1.01918582489685
27.6,6,1.00890844922394,0.99717033289651,1.01970917637813
27.8,6,1.00921555109931,0.997286083094715,1.02017215368646
28,6,1.0095208094073,0.997335861988015,1.0205853565137
28.2,6,1.00982312606034,0.997378758140321,1.0209959991834
28.4,6,1.01012140555968,0.997457913436135,1.02142342103269
28.6,6,1.01041456411921,0.99754480747889,1.02186475239104
28.8,6,1.01070153836658,0.997634477329167,1.02224581066655
29,6,1.01098129357046,0.997672289044272,1.02258856863018
29.2,6,1.01125283134989,0.997706103773442,1.02292232716758
29.4,6,1.01151519682833,0.997735739555923,1.02322483424609
29.6,6,1.01176748520163,0.997809574925607,1.02347190358777
29.8,6,1.01200884769507,0.997804379848509,1.0238466816821
30,6,1.01223849689039,0.997924721112855,1.02415499913282
30.2,6,1.01245571140912,0.997979866844402,1.02442619466128
30.4,6,1.01265983994341,0.997973501706807,1.0246568303505
30.6,6,1.01285030463034,0.99802640983811,1.02497583508673
30.8,6,1.01302660377014,0.998058454042779,1.02535635884712
31,6,1.01318831389273,0.998105669449951,1.02550678951546
31.2,6,1.01333509118087,0.998158256812736,1.02562703431237
31.4,6,1.01346667226215,0.998205568974598,1.02572903084632
31.6,6,1.01358287438514,0.998220147394198,1.02583882577916
31.8,6,1.01368359499855,0.998213110019156,1.02595546711098
32,6,1.01376881075534,0.998201072916852,1.02598382420723
32.2,6,1.01383857596674,0.998184235995063,1.02623447557211
32.4,6,1.01389302053389,0.998148625301318,1.02635562484638
32.6,6,1.01393234738758,0.998117871291002,1.02635654765159
32.8,6,1.01395682946907,0.998106737721929,1.02646104993292
33,6,1.01396680628741,0.998034276184461,1.02658595132474
33.2,6,1.01396268009061,0.998013211080592,1.02670447614062
33.4,6,1.0139449116904,0.99799448056649,1.02683629625621
33.6,6,1.01391401598154,0.997951187484932,1.02693176568164
33.8,6,1.01387055719852,0.997905510765587,1.02703643074118
34,6,1.01381514395346,0.997857784179722,1.0271682421834
34.2,6,1.01374842409984,0.997839714116192,1.02716776576012
34.4,6,1.01367107946741,0.997876023211262,1.02730283822459
34.6,6,1.01358382051362,0.99791158537694,1.0272584426794
34.8,6,1.01348738093677,0.997814210518556,1.02723332402718
35,6,1.01338251229541,0.997722494674506,1.02722582433306
35.2,6,1.01326997867763,0.997703548398526,1.02743335435006
35.4,6,1.01315055146249,0.997567151348712,1.02735240616342
35.6,6,1.01302500421384,0.997439986897674,1.02732560274089
35.8,6,1.01289410774496,0.997371119166428,1.02733830627154
36,6,1.01275862538967,0.99728468109953,1.02737219848492
36.2,6,1.01261930851282,0.997295590682146,1.02718488364022
36.4,6,1.01247689228991,0.997297362170897,1.02712018582166
36.6,6,1.0123320917823,0.997280768855127,1.02706041046135
36.8,6,1.01218559833053,0.997210416200915,1.02717795448351
37,6,1.01203807628489,0.997125621715017,1.02722366687236
37.2,6,1.01189016008811,0.996979430599169,1.02714937322237
37.4,6,1.0117424517213,0.996638618686776,1.02711754261865
37.6,6,1.01159551852013,0.99634904694947,1.02716896733188
37.8,6,1.0114498913642,0.996201888125494,1.02722748197568
38,6,1.0113060632389,0.996007747997916,1.02734986201113
38.2,6,1.01116448816511,0.995767323769044,1.02742867258431
38.4,6,1.01102558048851,0.995557874809357,1.02734508948374
38.6,6,1.01088971451703,0.995469888693442,1.02726446569768
38.8,6,1.01075722449187,0.995277690419709,1.0272276111925
39,6,1.01062840487463,0.995009690524224,1.02723177669823
39.2,6,1.01050351093077,0.994709550083671,1.02723823163399
39.4,6,1.01038275958731,0.994446011747171,1.02724526208116
39.6,6,1.01026633054114,0.994133978315569,1.02725122803675
39.8,6,1.01015436759287,0.993858961754614,1.02721100381369
40,6,1.01004698017983,0.993662201215674,1.02716777300347
0,7,1.08483287965563,1.02334875566009,1.12575927013397
0.2,7,1.08494163935788,1.02353440764921,1.12544754498364
0.4,7,1.08508958501841,1.02387490145091,1.12529819772102
0.6,7,1.0852796262154,1.02434497150478,1.12512673877416
0.8,7,1.08551452441173,1.02473782829667,1.12482173235916
1,7,1.08579684258767,1.02514058782141,1.12441412058503
1.2,7,1.08612889219303,1.02543643593009,1.12406094145989
1.4,7,1.08651267790374,1.02573993632579,1.12415067412582
1.6,7,1.08694984074845,1.02623755737468,1.12429975250173
1.8,7,1.08744160025084,1.02702421986987,1.12431056293051
2,7,1.08798869631162,1.02779235939238,1.12418450760846
2.2,7,1.0885913316288,1.028659732308,1.12427088421877
2.4,7,1.08924911552518,1.02948921056101,1.12446278926639
2.6,7,1.08996101011594,1.03033043597167,1.12456633004661
2.8,7,1.09072527980518,1.0313314004193,1.12522932001067
3,7,1.0915394451467,1.03242557644674,1.12543757295513
3.2,7,1.09240024213915,1.03370962253699,1.12602228153453
3.4,7,1.09330358804647,1.03487114471087,1.12650355415555
3.6,7,1.09424455484009,1.03633856308192,1.1269965552685
3.8,7,1.09521735134596,1.03772227460931,1.12769887904035
4,7,1.09621531514663,1.03916056582102,1.12859104993447
4.2,7,1.09723091523221,1.04037904695561,1.12918201949725
4.4,7,1.0982557663139,1.04162611252801,1.12980369851837
4.6,7,1.09928065560651,1.0428702790774,1.13059055986203
4.8,7,1.10029558275201,1.04402121495679,1.1313050747393
5,7,1.10128981339229,1.04539316626616,1.13209227323597
5.2,7,1.10225194670784,1.04657380534794,1.132676476015
5.4,7,1.10316999701854,1.04762378778079,1.13308130750125
5.6,7,1.10403148929675,1.0487181923905,1.13358340456406
5.8,7,1.10482356817313,1.05000139823567,1.13396075542708
6,7,1.10553311972693,1.05124064627567,1.13429162347459
6.2,7,1.10614690504985,1.05205481620789,1.13466463039725
6.4,7,1.10665170426273,1.05308316916987,1.13479012229475
6.6,7,1.10703446935544,1.05412265502835,1.13498080586248
6.8,7,1.10728248392095,1.05467472378303,1.13500772128561
7,7,1.10738352757409,1.05495315778593,1.13487332499616
7.2,7,1.10732604259542,1.05514191263656,1.13440900224527
7.4,7,1.10709930012893,1.05535972884732,1.13380381733993
7.6,7,1.10669356310156,1.05567746731525,1.13301977727734
7.8,7,1.1061002429294,1.05573081223164,1.13198085966557
8,7,1.10531204703936,1.05528964000307,1.13082249390317
8.2,7,1.10432311427125,1.0546145928255,1.129503523259
8.4,7,1.10312913533729,1.05390430926579,1.12782228919466
8.6,7,1.10172745570585,1.05290992190598,1.12619964809627
8.8,7,1.10011715854073,1.05217900573609,1.12430344393307
9,7,1.09829912566343,1.05107264486505,1.12255249360779
9.2,7,1.09627607490476,1.04974037302157,1.12024333953137
9.4,7,1.09405257266387,1.04802158193365,1.1177410746234
9.6,7,1.0916350209853,1.046014586381,1.11497085707921
9.8,7,1.0890316189822,1.04384523819212,1.11209250579938
10,7,1.08625229896185,1.04155006738739,1.10887939299227
10.2,7,1.08330863813075,1.03927612016554,1.10563867914573
10.4,7,1.08021374725519,1.03672855543111,1.10254347349498
10.6,7,1.07698213811373,1.03481448404217,1.09975807179879
10.8,7,1.07362957198705,1.03255466550811,1.09609967404128
11,7,1.07017289177632,1.03008252337622,1.09237928202617
11.2,7,1.06662984061516,1.02763230562494,1.08907853981856
11.4,7,1.06301887003627,1.02507383902264,1.08572342927604
11.6,7,1.05935894086964,1.02224186709583,1.0824553805834
11.8,7,1.05566932008512,1.01929587754948,1.07929298896626
12,7,1.05196937675153,1.01636604680631,1.07572504887428
12.2,7,1.0482783801738,1.0134854014909,1.0725786769419
12.4,7,1.04461530309664,1.01067180463167,1.06896989285093
12.6,7,1.04099863263851,1.00823031761275,1.06570769459279
12.8,7,1.03744619135297,1.0057822248842,1.06249682271099
13,7,1.03397497051943,1.00343209933573,1.05897976996078
13.2,7,1.03060097744997,1.00112896977583,1.05535314294773
13.4,7,1.02733909827789,0.998894057596064,1.05181288971815
13.6,7,1.02420297737265,0.996841085817397,1.04859205934571
13.8,7,1.02120491421649,0.994931044060874,1.04545580778081
14,7,1.01835577828482,0.993402001347954,1.04240728242142
14.2,7,1.01566494220105,0.991869365286323,1.03945568053427
14.4,7,1.01314023319061,0.990532253131272,1.03660968940508
14.6,7,1.01078790263908,0.989395801295349,1.03417611593473
14.8,7,1.00861261336656,0.988469842310546,1.03189848662285
15,7,1.006617444063,0.987627947630325,1.02957168768887
15.2,7,1.00480391018535,0.986868437312945,1.02721490531498
15.4,7,1.00317200049428,0.986375530174154,1.02497516506967
15.6,7,1.00172022830211,0.985916547258484,1.02276659052448
15.8,7,1.00044569641273,0.985801934818375,1.02084594849209
16,7,0.999344174653442,0.985710450992424,1.01915958019478
16.2,7,0.998410188827416,0.985684734117967,1.01729156981192
16.4,7,0.997637119850336,0.985930523232816,1.01555541601955
16.6,7,0.997017311774843,0.98641042364605,1.0140286871154
16.8,7,0.996542187351495,0.986881700260808,1.01270210849815
17,7,0.996202369724798,0.987411584994171,1.01140356215615
17.2,7,0.995987808818821,0.988092017789785,1.01034897481884
17.4,7,0.995887910930503,0.988942596328935,1.00923501039365
17.6,7,0.995891670022198,0.98970553930741,1.00818451767517
17.8,7,0.995987799190713,0.99058727944118,1.00724737413249
18,7,0.996164860790747,0.991441533649095,1.00638339460909
18.2,7,0.996411393708703,0.992284738226395,1.00558102386976
18.4,7,0.996716036320567,0.993121691781752,1.00485192636098
18.6,7,0.997067643726713,0.994048827175506,1.00413917908197
18.8,7,0.997455397938106,0.99490448703698,1.00346602851087
19,7,0.997868909792847,0.995760105180038,1.00284321448615
19.2,7,0.998298311508727,0.996616893951263,1.00221684813745
19.4,7,0.998734338924973,0.997476022811495,1.00164648437935
19.6,7,0.99916840265243,0.998336651907982,1.00107450476435
19.8,7,0.99959264753275,0.999176742220693,1.00052748123605
20,7,1,1,1
20.2,7,1.00038420313807,0.999484633487393,1.00080154144204
20.4,7,1.00073983942944,0.998904830306567,1.00157358044027
20.6,7,1.00106234139059,0.998271893160906,1.00230083148258
20.8,7,1.00134799048125,0.997694431835083,1.00297111087309
21,7,1.00159390485487,0.997113110608835,1.00361036645508
21.2,7,1.00179801668103,0.996527010644357,1.00420771868859
21.4,7,1.00195903991389,0.995886397900855,1.00476971562151
21.6,7,1.00207642950172,0.995227201203658,1.00529548750357
21.8,7,1.00215033312732,0.994595694857001,1.00575202423339
22,7,1.00218153663873,0.993896979836248,1.00619297935249
22.2,7,1.00217140437165,0.993266152128192,1.00654982903712
22.4,7,1.0021218155807,0.992496725450428,1.00684670999048
22.6,7,1.0020350981876,0.991365944624616,1.00713140399094
22.8,7,1.00191396102132,0.990471856865422,1.00734237788915
23,7,1.00176142567155,0.989668628818551,1.00757358313807
23.2,7,1.00158075900482,0.988695254535852,1.00773086890031
23.4,7,1.00137540730528,0.987538884362545,1.00781653361282
23.6,7,1.00114893290334,0.986512487787977,1.00795759560221
23.8,7,1.00090495404722,0.985565448536215,1.008113971486
24,7,1.0006470886597,0.98441321597372,1.00818284770565
24.2,7,1.00037890250646,0.983113461029515,1.00823378457648
24.4,7,1.00010386218741,0.981773045620273,1.00827759588294
24.6,7,0.999825293249852,0.980622323422822,1.00831671661079
24.8,7,0.999546343614862,0.979648929670026,1.00837052864125
25,7,0.999269952407693,0.97851904290976,1.00840481818132
25.2,7,0.998998824190053,0.977248114795256,1.00837509119324
25.4,7,0.99873540850871,0.976235733136796,1.0083635423003
25.6,7,0.998481884600915,0.975285584270331,1.00830804919823
25.8,7,0.998240151033472,0.97432187441756,1.00822371457713
26,7,0.998011819998751,0.973705838444479,1.00809162429385
26.2,7,0.997798215947448,0.972806322329707,1.00803903597911
26.4,7,0.997600378204168,0.971990509994344,1.00800714255491
26.6,7,0.997419067187271,0.970977745442955,1.00803394853859
26.8,7,0.997254773838385,0.970162207628831,1.00803339150771
27,7,0.997107731858724,0.969491005675356,1.0080395788126
27.2,7,0.996977932348165,0.968595217317646,1.00805510070841
27.4,7,0.996865140447983,0.967997875571211,1.00803915999723
27.6,7,0.996768913598578,0.967327925933997,1.00807567559528
27.8,7,0.996688621038472,0.966578683085839,1.00811345599702
28,7,0.996623464189614,0.965952235707982,1.00814401984972
28.2,7,0.996572497595871,0.965666913280031,1.00818739395724
28.4,7,0.996534650105739,0.965236658930977,1.00821127720056
28.6,7,0.996508746016204,0.964964698095701,1.00832131406778
28.8,7,0.996493525921674,0.9645322076939,1.00835608103443
29,7,0.99648766703952,0.964007746122661,1.00833971387666
29.2,7,0.996489802811469,0.963511330973744,1.00842712083796
29.4,7,0.996498541607553,0.963041533762664,1.00849916141357
29.6,7,0.996512484386095,0.962596932329805,1.00860911241665
29.8,7,0.996530241189101,0.962172259788036,1.0086774723786
30,7,0.996550446377115,0.961807311872144,1.00872164374453
30.2,7,0.996571772530913,0.961470653156983,1.00884251375849
30.4,7,0.996592942969216,0.961149544043472,1.00897006862078
30.6,7,0.996612742851771,0.960842338316739,1.00898525152393
30.8,7,0.996630028855656,0.960547502151862,1.0090118515222
31,7,0.996643737429379,0.960263620270748,1.00909777389021
31.2,7,0.996652891644414,0.959989399902976,1.00912906251168
31.4,7,0.996656606677078,0.95972367272014,1.00911692325977
31.6,7,0.996654093965336,0.959447234919126,1.00910594487156
31.8,7,0.996644664095135,0.959141427245233,1.00914947656146
32,7,0.996627728479379,0.958837419554819,1.00921788807244
32.2,7,0.996602799899715,0.958534257293256,1.00926161221356
32.4,7,0.996569491986992,0.958231136008593,1.00920366167921
32.6,7,0.996527517720712,0.957930552831543,1.00918977324386
32.8,7,0.996476687031047,0.957684731404228,1.00922052886605
33,7,0.996416903589247,0.957433926344498,1.0092215805717
33.2,7,0.996348160873477,0.957265142406076,1.00919511183914
33.4,7,0.996270537597523,0.957153493467519,1.00916322707205
33.6,7,0.996184192589357,0.956944626368406,1.00913970622109
33.8,7,0.996089359205458,0.956778178920042,1.00917461525981
34,7,0.995986339364975,0.956638298392412,1.00920375511623
34.2,7,0.995875497285542,0.956505029893238,1.00912994946408
34.4,7,0.995757252999668,0.956378381728821,1.00909063627244
34.6,7,0.995632075727392,0.956258363728839,1.00904088808518
34.8,7,0.995500477177201,0.956144981679493,1.00898267680981
35,7,0.995363004843204,0.956038232508174,1.0089114914966
35.2,7,0.995220235362261,0.955936741927741,1.00878426783628
35.4,7,0.995072767990185,0.955839087353126,1.00872920397701
35.6,7,0.994921218251399,0.955747618172253,1.00869345108988
35.8,7,0.994766211811453,0.955662289364647,1.00862527019031
36,7,0.994608378616765,0.955458380609945,1.00861868002177
36.2,7,0.994448347340755,0.955301000450741,1.00860984901845
36.4,7,0.994286740170344,0.955218830883893,1.00855872801621
36.6,7,0.994124167961536,0.955141617308725,1.00849638312442
36.8,7,0.993961225787575,0.955069245258207,1.0085567455142
37,7,0.993798488898054,0.955001588995492,1.00851022391832
37.2,7,0.993636509102242,0.954938511964665,1.00843429952658
37.4,7,0.993475811585023,0.954775420995651,1.00841861839746
37.6,7,0.993316892159083,0.954519294120174,1.00845780793987
37.8,7,0.993160214952444,0.954331581441234,1.00848224905168
38,7,0.993006210526175,0.954266779498059,1.00846838617132
38.2,7,0.992855274413088,0.954205766868812,1.00845757079463
38.4,7,0.992707766064548,0.954148436412742,1.00843981417255
38.6,7,0.992564008189128,0.954094673406188,1.00841179764215
38.8,7,0.992424286463862,0.954042709051475,1.00838500048843
39,7,0.992288849596173,0.953993858663669,1.00835946124825
39.2,7,0.992157909712315,0.953948268498882,1.0083478012876
39.4,7,0.992031643046297,0.953905806297646,1.00833933791931
39.6,7,0.991910190901784,0.953866336573033,1.00833093470362
39.8,7,0.991793660858395,0.953694814493329,1.00832265244144
40,7,0.99168212819313,0.953619746959213,1.0083145429808
0,8,1.11420427469148,1.08777369065419,1.15210583345078
0.2,8,1.11428807594984,1.08824476815811,1.15192515553591
0.4,8,1.11440902479196,1.08850155109779,1.15174568874394
0.6,8,1.11456981648013,1.08879972488608,1.15167220035619
0.8,8,1.11477297378751,1.08901876051478,1.15161938441915
1,8,1.11502079482644,1.08922985863982,1.15166077029282
1.2,8,1.11531529825425,1.08950077141769,1.15175922962573
1.4,8,1.11565816637641,1.08988856893943,1.1518980879496
1.6,8,1.11605068675161,1.09043723559617,1.15191444729042
1.8,8,1.11649369298658,1.09088982477516,1.15197177902576
2,8,1.11698750548986,1.09194361772885,1.15208248641732
2.2,8,1.11753187303155,1.09250561606658,1.15241192320087
2.4,8,1.11812591602846,1.09329683405966,1.1527970900355
2.6,8,1.11876807253955,1.09415499491361,1.15320700115977
2.8,8,1.1194560480141,1.09566838836199,1.15363156377936
3,8,1.12018676988081,1.09666620862642,1.15420865181976
3.2,8,1.12095634810028,1.09753752758509,1.15463638740915
3.4,8,1.12176004282159,1.09826074950604,1.15514519744474
3.6,8,1.12259224028542,1.09929809150884,1.15574461497578
3.8,8,1.1234464380976,1.10028069610179,1.15642611550303
4,8,1.12431524095691,1.10125000102533,1.15706894728006
4.2,8,1.12519036785564,1.10221318289149,1.15770132108018
4.4,8,1.12606267168065,1.10314127177689,1.15823597164483
4.6,8,1.12692217202254,1.10422510186172,1.15870883054101
4.8,8,1.12775810185159,1.10536139065698,1.1589130525916
5,8,1.12855896853922,1.10636488327088,1.15944906722929
5.2,8,1.12931262949415,1.10719979436704,1.15967215185814
5.4,8,1.13000638244304,1.10836161394607,1.15973883574509
5.6,8,1.13062707011985,1.10927639268162,1.15972569542401
5.8,8,1.13116119883788,1.10997493772553,1.16007623538248
6,8,1.13159507011037,1.11052811898129,1.15997015209117
6.2,8,1.1319149241641,1.11124495327889,1.15961631767169
6.4,8,1.13210709386344,1.11177541085898,1.15944987915711
6.6,8,1.13215816723919,1.11197085895895,1.15943564588113
6.8,8,1.13205515650561,1.11194713801286,1.1587037843254
7,8,1.1317856711621,1.11160527165227,1.15767078621797
7.2,8,1.1313380925229,1.11131714315576,1.15701740429858
7.4,8,1.13070174680996,1.11094422743136,1.15610158884897
7.6,8,1.12986707379186,1.11042984365288,1.15484487349187
7.8,8,1.12882578786337,1.10970154092857,1.15348619120227
8,8,1.12757102844469,1.10869847250121,1.15164441696436
8.2,8,1.12609749664181,1.10745745784852,1.14961027038015
8.4,8,1.1244015752533,1.1060751302138,1.14737307224513
8.6,8,1.12248142943387,1.10452814650916,1.1451049164524
8.8,8,1.12033708562942,1.10239140458967,1.14240436849028
9,8,1.11797048677538,1.10020717297129,1.13917866637096
9.2,8,1.11538552219122,1.09790266564928,1.13587029664063
9.4,8,1.11258803109741,1.09526187757557,1.13257821964504
9.6,8,1.1095857792125,1.09241657847199,1.12907171422729
9.8,8,1.10638840844145,1.08947176341769,1.12529531892134
10,8,1.10300736022456,1.08644577034081,1.12136260977498
10.2,8,1.09945577366213,1.08321999001146,1.11734935006878
10.4,8,1.09574836004577,1.07988923597167,1.11302080239181
10.6,8,1.09190125589777,1.07642733977239,1.10888616852871
10.8,8,1.0879318570304,1.0729462663736,1.10460162609176
11,8,1.08385863647676,1.06905740306999,1.10023778346956
11.2,8,1.0797009494051,1.06530487293163,1.09574902789872
11.4,8,1.07547882830409,1.06158623944587,1.09113484280712
11.6,8,1.07121277181581,1.057621056276,1.08635469179373
11.8,8,1.06692353059853,1.05384118727689,1.08155249835291
12,8,1.06263189352583,1.04998407351021,1.07671524234006
12.2,8,1.05835847738174,1.0459493697094,1.07197993831519
12.4,8,1.05412352300125,1.04169250147712,1.06724318482671
12.6,8,1.04994670054425,1.03779701748346,1.062651755559
12.8,8,1.04584692628985,1.033699358382,1.05812839018121
13,8,1.04184219301047,1.02985053242003,1.05365531147062
13.2,8,1.03794941564268,1.02602658837028,1.04925657342222
13.4,8,1.03418429362578,1.02247501862958,1.04510390806683
13.6,8,1.03056119094032,1.01894283119601,1.04098662492566
13.8,8,1.0270930345546,1.0156170043553,1.03717055278897
14,8,1.02379123168525,1.01254254644436,1.0336217259543
14.2,8,1.02066560600264,1.00944583078412,1.03008592013181
14.4,8,1.0177243526657,1.00692703675579,1.02681135750204
14.6,8,1.01497401185537,1.00438107351283,1.02373525741614
14.8,8,1.01241946029111,1.00211055680815,1.02088206771005
15,8,1.01006392005744,0.99997683018111,1.01827383313328
15.2,8,1.00790898393702,0.998111096548055,1.01578927837311
15.4,8,1.00595465633744,0.996424849554687,1.01355812350988
15.6,8,1.00419940880878,0.994904439068122,1.01140511592566
15.8,8,1.00264024907317,0.993593723932807,1.00956988011755
16,8,1.00127280242283,0.992556048505487,1.00781781550393
16.2,8,1.00009140428662,0.991697339620962,1.00625228361942
16.4,8,0.999089202713999,0.991027346753151,1.0048412566418
16.6,8,0.99825826947789,0.990544288599033,1.00363181002817
16.8,8,0.99758971845438,0.990235637179256,1.00274564730011
17,8,0.997073829895988,0.990116221443359,1.00196528836084
17.2,8,0.996700179178772,0.990172473147828,1.00127118032358
17.4,8,0.996457768572577,0.990347653422575,1.00072614677886
17.6,8,0.996335160560615,0.990654633925928,1.00032668277803
17.8,8,0.996320611222038,0.991080869283737,0.999951123875657
18,8,0.99640220219169,0.9915861391998,0.999715461106095
18.2,8,0.996567969727705,0.99219688381737,0.99953271023978
18.4,8,0.996806029452316,0.992909408432824,0.999441558635111
18.6,8,0.997104695386289,0.99369527322882,0.999407329941527
18.8,8,0.997452591974008,0.994536495638648,0.999428136933079
19,8,0.997838757895075,0.995422656800578,0.999482416811293
19.2,8,0.998252740579045,0.996330905286594,0.999568365938792
19.4,8,0.998684680481368,0.997252421517041,0.999671222619714
19.6,8,0.999125384338757,0.998178767161574,0.9997844371176
19.8,8,0.999566386797984,0.999095396809057,0.999896059023912
20,8,1,1,1
20.2,8,1.00041935089693,1.00008231492929,1.00087814187694
20.4,8,1.00081840627832,1.00013874355178,1.0017225102883
20.6,8,1.00119198568015,1.00018061107616,1.0025355125439
20.8,8,1.00153576254054,1.00018748736876,1.00334604193489
21,8,1.00184625414556,1.0001658317794,1.00413010826295
21.2,8,1.00212080107214,1.00009999466314,1.00482157853782
21.4,8,1.00235753697968,1.00001973202846,1.00543854869404
21.6,8,1.00255534972434,0.999913295023729,1.0060501871111
21.8,8,1.00271383486772,0.999764389680956,1.00659702845533
22,8,1.0028332427234,0.999610007009388,1.00707665788498
22.2,8,1.00291442013058,0.999386474064748,1.00748646542625
22.4,8,1.00295874816287,0.999140902163053,1.00787439466145
22.6,8,1.00296807697471,0.998845692911248,1.00825598192391
22.8,8,1.00294465895814,0.998500441834047,1.00863628961082
23,8,1.00289108133244,0.998159296545648,1.00889594173814
23.2,8,1.00281019921954,0.997825782101191,1.00915517361608
23.4,8,1.002705070174,0.997480052328637,1.00932997797077
23.6,8,1.00257889103917,0.99708809701035,1.00944407146194
23.8,8,1.00243493789518,0.996647498900855,1.0094970839068
24,8,1.00227650975285,0.996237080386876,1.00956860424904
24.2,8,1.00210687653283,0.99585105566816,1.00954824802778
24.4,8,1.00192923175436,0.995392452250946,1.00950099595381
24.6,8,1.00174665024642,0.994983748027279,1.00942857084986
24.8,8,1.00156205108572,0.994569574959564,1.00936849025678
25,8,1.00137816586522,0.994218087838963,1.00928096542493
25.2,8,1.00119751230343,0.993812368665424,1.00925090058442
25.4,8,1.00102237312012,0.993470458041754,1.00918631506399
25.6,8,1.00085478002932,0.99315272975652,1.00917957750913
25.8,8,1.00069650263571,0.992816135815871,1.00926236789208
26,8,1.0005490419659,0.992544846650238,1.00922466339775
26.2,8,1.00041362832128,0.992315352261232,1.00912171450576
26.4,8,1.00029122310461,0.992018995429407,1.00902673061399
26.6,8,1.00018252424672,0.991835430088299,1.00901009793893
26.8,8,1.00008797484257,0.991633080253003,1.00904626957952
27,8,1.00000777459721,0.991457407375401,1.00903505405659
27.2,8,0.999941893679957,0.991283861308925,1.00899617526705
27.4,8,0.999890088589549,0.991132005449608,1.00899688513148
27.6,8,0.999851919643126,0.991002794310403,1.00900492104324
27.8,8,0.999826769716292,0.990971310807574,1.00901885627839
28,8,0.999813863880164,0.990878844680574,1.00903865661873
28.2,8,0.999812289602898,0.990785676747418,1.00906413611364
28.4,8,0.999821017207334,0.990694236137446,1.00912718922272
28.6,8,0.999838920302258,0.990722664777585,1.00922620803828
28.8,8,0.99986479593182,0.99074790642789,1.00932589972286
29,8,0.999897384215368,0.990752189752345,1.00949933006876
29.2,8,0.999935387277771,0.99078542362395,1.00968289665894
29.4,8,0.99997748729786,0.990833364946187,1.00985511913266
29.6,8,1.00002236352958,0.990857657925277,1.00998698709806
29.8,8,1.00006870817636,0.990882522156087,1.01008483379111
30,8,1.0001152410241,0.990929450776663,1.01018054399942
30.2,8,1.00016072276144,0.990961228900792,1.01027665240441
30.4,8,1.00020396693786,0.990999694087643,1.01037898832969
30.6,8,1.00024385053049,0.991049281443677,1.01050247351751
30.8,8,1.00027932310856,0.991078670319799,1.01061199626435
31,8,1.00030941460162,0.99108551388659,1.0106612983941
31.2,8,1.00033324169222,0.991092154688996,1.01073116428395
31.4,8,1.00035001286692,0.991010729101585,1.01078882524761
31.6,8,1.00035903217125,0.991043322328232,1.01077122868558
31.8,8,1.00035970172383,0.991063637821903,1.01080193119594
32,8,1.00035152305323,0.991069654225571,1.01085130813599
32.2,8,1.00033409732813,0.991122674081749,1.01086616519893
32.4,8,1.00030712455659,0.99103616710443,1.01085966430059
32.6,8,1.00027040183463,0.99092097514982,1.01083847043773
32.8,8,1.00022382072741,0.99059550437274,1.01073581784231
33,8,1.0001673638681,0.990278498332509,1.01067836747464
33.2,8,1.00010110086083,0.990112888301696,1.01059742771746
33.4,8,1.00002518357421,0.989963248993788,1.01054500150003
33.6,8,0.99993984091117,0.989870357079925,1.01042928303837
33.8,8,0.99984537313991,0.989656738137796,1.01037720793375
34,8,0.999742145868636,0.989359612734277,1.01041557173174
34.2,8,0.99963058374438,0.989038286946263,1.01033584872382
34.4,8,0.999511163953351,0.9887128527016,1.01008896034143
34.6,8,0.999384409596899,0.98849518594918,1.0099007389173
34.8,8,0.999250883013468,0.988264862873061,1.0097039759394
35,8,0.999111179112937,0.987994065559507,1.00961497517018
35.2,8,0.9989659187854,0.987677818775065,1.00954549343514
35.4,8,0.998815742441966,0.987418322292322,1.00942654607674
35.6,8,0.99866130374036,0.987123901966488,1.00926664790244
35.8,8,0.998503263543297,0.986807825898513,1.00910042644058
36,8,0.998342284152529,0.98648924193968,1.00903033366006
36.2,8,0.998179023856393,0.986206402781127,1.00896977598491
36.4,8,0.998014131823568,0.986001289527813,1.00878815676014
36.6,8,0.997848243370539,0.985758554546455,1.00866224593552
36.8,8,0.99768197562519,0.985399092379415,1.00855539584974
37,8,0.997515923603843,0.985198812562001,1.00844730364157
37.2,8,0.997350656714102,0.984936121418967,1.00830899900073
37.4,8,0.997186715691032,0.9845683808902,1.00823886728479
37.6,8,0.99702460996954,0.984206859371358,1.00815421262092
37.8,8,0.996864815491362,0.983852424461759,1.00811635985999
38,8,0.996707772940885,0.983513847547117,1.00804735283355
38.2,8,0.996553886400043,0.983205192849329,1.00798741488257
38.4,8,0.996403522408953,0.982883446817018,1.00794341960555
38.6,8,0.996257009415595,0.982565136502025,1.00789070924698
38.8,8,0.996114637594933,0.982287112345463,1.00778193958598
39,8,0.995976659015236,0.98196650951943,1.0076930675697
39.2,8,0.995843288127191,0.98172738262437,1.00765061700186
39.4,8,0.995714702549544,0.981460325675116,1.0075739927757
39.6,8,0.995591044123604,0.981166077398346,1.0075481958665
39.8,8,0.995472420207883,0.980891620032098,1.00753215020111
40,8,0.995358905183504,0.980721133480306,1.00753569774725
0,9,1.1173283931658,1.09515572603039,1.15629556498781
0.2,9,1.11740315503492,1.09556926313607,1.15621457119928
0.4,9,1.11751453227515,1.09597602652396,1.15618286410852
0.6,9,1.1176651962212,1.09645320602201,1.15622881968002
0.8,9,1.11785764455398,1.09701407932438,1.15631880812124
1,9,1.11809414904585,1.09749476185976,1.15622129020281
1.2,9,1.11837670068863,1.09823868834329,1.1560997608477
1.4,9,1.1187069527276,1.0989276650395,1.15601891770585
1.6,9,1.11908616220917,1.09968467257415,1.15598953083603
1.8,9,1.11951513073389,1.10058968545279,1.156105767261
2,9,1.11999414518795,1.10114183787115,1.15630491606507
2.2,9,1.12052291930417,1.10191218556587,1.15663764532555
2.4,9,1.12110053697598,1.1026739879486,1.15702507107368
2.6,9,1.12172539831374,1.10346375241149,1.15754174585072
2.8,9,1.12239516948953,1.10428339060342,1.15811037671466
3,9,1.12310673746287,1.1048382116672,1.15855506273012
3.2,9,1.12385617071314,1.10551416232211,1.15882715877344
3.4,9,1.12463868712264,1.1063604088918,1.15944226607948
3.6,9,1.12544863015529,1.10722225467932,1.16008328996005
3.8,9,1.12627945445676,1.10827235906886,1.16061031540084
4,9,1.12712372196051,1.10917515437777,1.1611343174684
4.2,9,1.1279731095187,1.11019106350494,1.16152836178073
4.4,9,1.12881842898403,1.11114548688015,1.16191717692925
4.6,9,1.12964966054791,1.11205062007218,1.16243792239141
4.8,9,1.13045599998969,1.11297308792427,1.1627642206957
5,9,1.13122592031047,1.11405842457229,1.16299318307139
5.2,9,1.13194724801374,1.11496389775871,1.16306218956922
5.4,9,1.13260725405444,1.1157384455786,1.16339065266263
5.6,9,1.13319275921068,1.11635214211976,1.16362684060561
5.8,9,1.13369025334118,1.11697987755909,1.163849469946
6,9,1.13408602768156,1.11747997141563,1.16375917105448
6.2,9,1.13436631901064,1.11806865051231,1.16360905321446
6.4,9,1.13451746418978,1.11834124374506,1.16326442061528
6.6,9,1.13452606325493,1.11829638346197,1.16277262289595
6.8,9,1.13437914892996,1.1181322053106,1.16210897892536
7,9,1.134064360143,1.11804968151201,1.16133502571047
7.2,9,1.13357011687545,1.11789549968202,1.16045996160626
7.4,9,1.13288579346625,1.11729727032508,1.15914562809484
7.6,9,1.13200188734313,1.11654249803326,1.15777892641692
7.8,9,1.13091018006673,1.11559733299316,1.15617374594543
8,9,1.12960388756,1.11465820308898,1.15435521927688
8.2,9,1.12807779646111,1.11331685514917,1.15180442230926
8.4,9,1.12632838368433,1.11163755876344,1.14918979294559
8.6,9,1.12435391650225,1.10984471907245,1.1465565949138
8.8,9,1.12215453077019,1.10793401457627,1.14407429021342
9,9,1.11973228529389,1.10558731671901,1.14139944266818
9.2,9,1.11709119078597,1.10310014273171,1.13832446257162
9.4,9,1.11423721235278,1.10045811212963,1.13496157763586
9.6,9,1.1111782449871,1.0976401722977,1.13134090932383
9.8,9,1.10792406209746,1.09458317506486,1.12757667687058
10,9,1.10448623766458,1.09117477353797,1.12355525780574
10.2,9,1.10087804316192,1.08778371748212,1.11939608748989
10.4,9,1.09711432089313,1.08433009968676,1.11515701629327
10.6,9,1.09321133586927,1.08059847154322,1.11079344317647
10.8,9,1.08918660875794,1.07674294793064,1.10617186631189
11,9,1.08505873277442,1.0729608129977,1.1014826304402
11.2,9,1.08084717764312,1.06886388752142,1.09675143231107
11.4,9,1.0765720839304,1.06491474645451,1.09197493124906
11.6,9,1.07225405113658,1.06059748377869,1.08720937193764
11.8,9,1.06791392293661,1.056145087211,1.08235828873117
12,9,1.06357257288096,1.05202133434681,1.07745833938896
12.2,9,1.05925069371745,1.04770436706014,1.07255953471734
12.4,9,1.05496859328247,1.04344602986408,1.06786165504535
12.6,9,1.0507459996451,1.03930029237457,1.06311238167201
12.8,9,1.04660187788497,1.03525595142995,1.05858389541955
13,9,1.0425542605546,1.03133546870054,1.0540475520603
13.2,9,1.03862009353321,1.02754988893975,1.04977044299162
13.4,9,1.03481509863188,1.02390609635646,1.04563037410622
13.6,9,1.03115365397025,1.02033962523578,1.04146950349159
13.8,9,1.02764869282053,1.0169894841072,1.03761836875896
14,9,1.02431162131284,1.01376840791953,1.03388876250519
14.2,9,1.02115225512069,1.01064712504931,1.0304070199684
14.4,9,1.01817877499995,1.00778570003506,1.027128358183
14.6,9,1.01539770084065,1.00513845859264,1.02400960666694
14.8,9,1.01281388370623,1.00266824406589,1.02109875332446
15,9,1.01043051517982,1.00051842115673,1.01845230168029
15.2,9,1.00824915320687,0.998615699775486,1.01610376729315
15.4,9,1.00626976351611,0.996877137175552,1.01374670344212
15.6,9,1.0044907756115,0.995359552548337,1.01173789217165
15.8,9,1.00290915225334,0.993967634955858,1.00985035558098
16,9,1.00152047128324,0.992772125400134,1.00814519549825
16.2,9,1.00031901859173,0.991868822562025,1.00663034624967
16.4,9,0.999297890977425,0.991180206888959,1.00529927680221
16.6,9,0.998449107599716,0.99069222797282,1.00412271665705
16.8,9,0.997763728684006,0.990386387141195,1.00309984588237
17,9,0.997231980097666,0.990247620891545,1.00225378696033
17.2,9,0.996843382378774,0.990253452452928,1.0015165982114
17.4,9,0.996586882768759,0.99039095491802,1.00089852645332
17.6,9,0.996450988777051,0.990673035657585,1.00044015697343
17.8,9,0.996423901793186,0.991087512093175,1.00011090142928
18,9,0.996493649262184,0.991621655337597,0.999852762442002
18.2,9,0.996648213955259,0.992247191170303,0.999662077651478
18.4,9,0.99687565890236,0.992952611112801,0.999540279098578
18.6,9,0.997164246607784,0.993750913470868,0.999507860126744
18.8,9,0.99750255124639,0.994584897312439,0.999539523984215
19,9,0.997879562636512,0.995444670159166,0.999574711064495
19.2,9,0.998284780906127,0.996344293037033,0.999642311358401
19.4,9,0.99870830091006,0.997263647820272,0.999736358294883
19.6,9,0.999140885615945,0.998184913188314,0.999833950678038
19.8,9,0.999574027852318,0.999100232586679,0.999920706046922
20,9,1,1,1
20.2,9,1.00041189140358,1.00006549995766,1.00087405903816
20.4,9,1.00080363347862,1.00011235754368,1.00171600915589
20.6,9,1.00117001268742,1.00013402260099,1.00252644086811
20.8,9,1.00150667174672,1.00010941647514,1.00330424217572
21,9,1.00181009961039,1.00008196025591,1.00403633119534
21.2,9,1.00207761093375,1.00001955831035,1.00474217761154
21.4,9,1.00230731587124,0.999928130677908,1.00540551693073
21.6,9,1.00249808118149,0.999811124869451,1.00600862624791
21.8,9,1.00264948371187,0.999630610426133,1.00657190671778
22,9,1.00276175740667,0.999431568470421,1.00706447026469
22.2,9,1.00283573502883,0.999205395081892,1.00748646542625
22.4,9,1.00287278580418,0.998972175472548,1.00783890194089
22.6,9,1.00287475019178,0.998694020746422,1.00813502218206
22.8,9,1.00284387295436,0.998368248024426,1.00845458456667
23,9,1.00278273565229,0.99803070578462,1.00881182008462
23.2,9,1.00269418961583,0.997589258959284,1.0089534993418
23.4,9,1.00258129036528,0.997203905058768,1.00914807728056
23.6,9,1.00244723435225,0.99679375338237,1.00926851367872
23.8,9,1.00229529878901,0.996367239226055,1.00929151447665
24,9,1.00212878522117,0.995964634797913,1.00927498460502
24.2,9,1.00195096738416,0.995541375052485,1.00925593398066
24.4,9,1.00176504376924,0.995154049360361,1.00923493900789
24.6,9,1.00157409521247,0.994732165911424,1.00919586723738
24.8,9,1.00138104771241,0.994356795268347,1.00914272916173
25,9,1.00118864058081,0.993944252306083,1.00910726297392
25.2,9,1.0009993999373,0.99361843474648,1.0090256403991
25.4,9,1.0008156174745,0.993341718843491,1.00895679136243
25.6,9,1.00063933434477,0.993038646979068,1.00884574600362
25.8,9,1.00047232995534,0.992722075295727,1.00878403468494
26,9,1.00031611540357,0.99242572051567,1.0087316038303
26.2,9,1.00017193123936,0.992093175576309,1.00871500786195
26.4,9,1.00004074920719,0.991864174694108,1.00868118879872
26.6,9,0.999923277594096,0.991554296233437,1.0086737004742
26.8,9,0.99981996979335,0.99136602453993,1.00865832722454
27,9,0.999731035684007,0.991141837169469,1.00862237094199
27.2,9,0.999656455424922,0.990967651289453,1.00862019780877
27.4,9,0.999595995265939,0.990877231320406,1.00865027094269
27.6,9,0.999549224988948,0.990818053837203,1.00863203369182
27.8,9,0.999515536606044,0.990749622121187,1.00865584154748
28,9,0.999494163960505,0.990644877671364,1.0087273983721
28.2,9,0.999484202897948,0.990611944299517,1.00877837283173
28.4,9,0.999484631699071,0.990568377423636,1.00879527761745
28.6,9,0.999494331491269,0.990504638287528,1.00881126650698
28.8,9,0.999512106383392,0.990424283999328,1.00884498065909
29,9,0.999536703095639,0.990410983728038,1.00889939807611
29.2,9,0.999566829884324,0.990448475178454,1.00893234368603
29.4,9,0.999601174588854,0.990475228905227,1.00896647161784
29.6,9,0.999638421655125,0.990485793949827,1.00902026069616
29.8,9,0.999677268015536,0.990496208850631,1.00904599424527
30,9,0.99971643773058,0.990493561348915,1.00907053367318
30.2,9,0.999754695320369,0.990499425428282,1.00916696339793
30.4,9,0.99979085773626,0.990549403220422,1.00927882793157
30.6,9,0.999823804942963,0.99059712625453,1.00937822509969
30.8,9,0.999852489099936,0.990545474376572,1.00947680841908
31,9,0.999875942347584,0.990362700348721,1.009524114134
31.2,9,0.999893283218718,0.990321666259564,1.00958604684908
31.4,9,0.999903721708905,0.990317552583562,1.00972516519041
31.6,9,0.999906563050862,0.99038880783744,1.00984017330136
31.8,9,0.999901210247936,0.990329059693855,1.00994693735911
32,9,0.999887165430005,0.990279631576354,1.01001688460769
32.2,9,0.999864030102057,0.990192012629382,1.01006812339206
32.4,9,0.999831504361181,0.990063511054375,1.01011131756587
32.6,9,0.999789385161975,0.989969799262303,1.01013160813898
32.8,9,0.999737563713482,0.989841978718202,1.01006708706439
33,9,0.999676022092776,0.989707582091402,1.00999279301337
33.2,9,0.99960482916145,0.989579817740727,1.00991058081335
33.4,9,0.999524135871437,0.98931185184889,1.00985181474983
33.6,9,0.999434170046076,0.989205179816417,1.00977331855586
33.8,9,0.999335230721066,0.989100011836109,1.00959243980446
34,9,0.999227682128119,0.988935918801576,1.00940497226196
34.2,9,0.999111947401686,0.988772113428144,1.00930272920182
34.4,9,0.998988502086266,0.988641227304392,1.00919058270663
34.6,9,0.998857867518487,0.98829914898884,1.00903545994679
34.8,9,0.998720604154461,0.987994441405266,1.00897313807813
35,9,0.998577304908902,0.987767071616633,1.00884834054306
35.2,9,0.998428588568204,0.987559326431605,1.0086079895668
35.4,9,0.998275093335161,0.987295847387609,1.00847637603193
35.6,9,0.998117470558245,0.987024531431849,1.00826067273082
35.8,9,0.997956378693516,0.986784105946424,1.00806396134581
36,9,0.997792477542169,0.986428995846249,1.00783476901538
36.2,9,0.997626422801661,0.986141545510734,1.0078278004135
36.4,9,0.997458860963178,0.985832632709345,1.00774176603937
36.6,9,0.997290424583059,0.985502712518714,1.0076338168892
36.8,9,0.99712172795062,0.985164065006479,1.00750089605114
37,9,0.996953363169765,0.984820949175372,1.00748383171481
37.2,9,0.996785896666782,0.984509162808776,1.00734507196201
37.4,9,0.99661986613186,0.984249434803268,1.00728017252053
37.6,9,0.996455777897209,0.983974028130628,1.00725141922117
37.8,9,0.996294104750199,0.98368488181763,1.00718357591858
38,9,0.996135284175697,0.983311318348768,1.00719838941396
38.2,9,0.995979717017857,0.982985164116165,1.00712280396766
38.4,9,0.995827766547953,0.982629259314865,1.00702460822149
38.6,9,0.995679757921554,0.982344251569703,1.00700766227083
38.8,9,0.995535978005351,0.982004770395897,1.00694579411785
39,9,0.99539667555136,0.981718823299325,1.00684381426413
39.2,9,0.995262061694033,0.981392067535682,1.00675868186401
39.4,9,0.995132310743938,0.981013524687953,1.0067182375059
39.6,9,0.995007561250283,0.980777115474139,1.00667123099375
39.8,9,0.994887917303493,0.980574229556599,1.00662537253165
40,9,0.994773450048406,0.980281619977206,1.00655425376614
0,10,1.11691204799442,1.09389964594674,1.15633498072583
0.2,10,1.11698727970402,1.09419002106536,1.15621457119928
0.4,10,1.11709914804052,1.09473253596723,1.15618286410852
0.6,10,1.11725032507666,1.09497264169532,1.15622881968002
0.8,10,1.11744330933577,1.09573313590563,1.15618087427741
1,10,1.1176803735549,1.09619908928447,1.15616108085724
1.2,10,1.11796350983151,1.09688663922638,1.15617602814875
1.4,10,1.11829437267651,1.09758403497057,1.15637457825785
1.6,10,1.11867422058118,1.09824488400027,1.15665683133895
1.8,10,1.11910385678934,1.09918572414535,1.15693994700814
2,10,1.11958357004737,1.09993001602313,1.15714877888279
2.2,10,1.12011307618283,1.1006893247695,1.15739572049207
2.4,10,1.12069146143477,1.10153759545299,1.15761540438796
2.6,10,1.12131712852447,1.10234995165296,1.15794921293512
2.8,10,1.12198774651251,1.10314360677684,1.15832556575406
3,10,1.1227002055339,1.10379609749524,1.15883735387987
3.2,10,1.12345057753666,1.1044906242446,1.15929028408209
3.4,10,1.1242340841674,1.10519411646021,1.15995888931414
3.6,10,1.1250450729483,1.10600374655584,1.16056155776237
3.8,10,1.12587700287081,1.1068305834073,1.16114490506439
4,10,1.12672244049043,1.10770338562714,1.16133978377567
4.2,10,1.12757306754075,1.10862535910271,1.16142322175668
4.4,10,1.12841970099297,1.10958287589155,1.16170373882774
4.6,10,1.12925232636582,1.11050262631083,1.16225412317713
4.8,10,1.13006014494065,1.11143723896519,1.16268950153431
5,10,1.13083163535512,1.11232910205871,1.16286530836844
5.2,10,1.13155462983801,1.11317103172923,1.16300826361358
5.4,10,1.13221640510692,1.11400668446297,1.16315218717414
5.6,10,1.1328037876835,1.11476405613372,1.16347869243011
5.8,10,1.13330327308984,1.11537076377218,1.16366136732941
6,10,1.13370115808001,1.11589135031251,1.16368234702581
6.2,10,1.13398368473844,1.11638006917088,1.16328973926983
6.4,10,1.13413719494956,1.11666302485688,1.162804969143
6.6,10,1.13414829341918,1.11700095760949,1.16221103037222
6.8,10,1.13400401711761,1.11690163867498,1.16166375648115
7,10,1.13369200872758,1.11678174133757,1.16098587916934
7.2,10,1.13320069142789,1.11640768981803,1.16002778424969
7.4,10,1.13251944213697,1.11592698512287,1.15882192141137
7.6,10,1.13163876018942,1.1153777884678,1.15750751347221
7.8,10,1.13055042833279,1.11446585427914,1.15595183792939
8,10,1.12924766291848,1.11319620540145,1.15392396612136
8.2,10,1.12772525022586,1.11182284950172,1.15151072363791
8.4,10,1.12597966600544,1.11023033457764,1.14889171502451
8.6,10,1.12400917555505,1.10844260225464,1.14595709055885
8.8,10,1.12181391195057,1.10638683652539,1.14311786857761
9,10,1.11939593043253,1.10428844665536,1.14016087054675
9.2,10,1.11675923739431,1.10191519683881,1.13677016506692
9.4,10,1.11390979291316,1.09926336277896,1.13321214631525
9.6,10,1.11085548629896,1.09640870516275,1.12963831633429
9.8,10,1.10760608469093,1.09336198413854,1.12588361911232
10,10,1.1041731552914,1.09003330562021,1.12184293890769
10.2,10,1.10056996237264,1.08680779831312,1.11791224394855
10.4,10,1.09681134070782,1.08325725598663,1.11390403921278
10.6,10,1.09291354754751,1.07964335147182,1.10972612361839
10.8,10,1.08889409567186,1.07599022672111,1.10538046035539
11,10,1.08477157038702,1.07197643096886,1.10072244633304
11.2,10,1.08056543359194,1.06787027554774,1.09607364604954
11.4,10,1.07629581821506,1.06373633830067,1.09116815446236
11.6,10,1.07198331640677,1.05954946272576,1.08631455507727
11.8,10,1.0676487648756,1.05531917773068,1.08149151149481
12,10,1.063313030678,1.05101378795515,1.07670911129104
12.2,10,1.05899680062147,1.04691282473663,1.07205462557608
12.4,10,1.05472037722798,1.04267342512149,1.06736387549798
12.6,10,1.05050348394052,1.03859106912807,1.06277721724224
12.8,10,1.04636508195276,1.03476820359841,1.05824790948519
13,10,1.04232320071215,1.0308974491364,1.05381123265207
13.2,10,1.03839478380311,1.02704657858999,1.04957310571396
13.4,10,1.03459555157001,1.02354518210105,1.04527122544843
13.6,10,1.03093988150025,1.01999696318485,1.04120641633487
13.8,10,1.02744070706341,1.01662843482023,1.03725685617585
14,10,1.02410943540083,1.01354852537897,1.03360659041577
14.2,10,1.02095588398482,1.01049751714678,1.03014753165583
14.4,10,1.01798823612157,1.00769584081138,1.02681985057706
14.6,10,1.01521301495749,1.00503395174171,1.02370985432694
14.8,10,1.01263507546465,1.00258938366598,1.02082898653342
15,10,1.01025761372536,1.00042380456462,1.01820712225795
15.2,10,1.00808219270625,0.99853552955236,1.01572394412445
15.4,10,1.00610878360452,0.996870588362894,1.01343499083822
15.6,10,1.00433582176012,0.99535704878938,1.01133601910109
15.8,10,1.00276027605282,0.994055156451673,1.00943817059603
16,10,1.00137773063991,0.992963748305166,1.00771460271249
16.2,10,1.00018247783432,0.992066745188176,1.00612356380831
16.4,10,0.999167620873096,0.991333036316158,1.00483858806844
16.6,10,0.998325185279329,0.990795457303464,1.00371911103522
16.8,10,0.997646237477487,0.990444000489018,1.00282767570445
17,10,0.997121009281637,0.990267335483165,1.00207185119905
17.2,10,0.996739026839562,0.990253452452928,1.00139450309276
17.4,10,0.996489242585051,0.99039095491802,1.00079279243736
17.6,10,0.996360168727532,0.990693253413769,1.00031945328812
17.8,10,0.996340010795487,0.991115556841953,0.999951123875657
18,10,0.996416799750465,0.991651636091214,0.999734444640053
18.2,10,0.996578521204607,0.992287228715307,0.999562125252026
18.4,10,0.996813240308955,0.993002547875143,0.999480782448396
18.6,10,0.997109220934439,0.993781942639426,0.999426714092037
18.8,10,0.997455037843558,0.994609444354508,0.999444478043228
19,10,0.99783968064921,0.995482674553124,0.999507544396175
19.2,10,0.998252648477371,0.996375755832075,0.999586511751231
19.4,10,0.998684034391392,0.997279947867613,0.999687179559881
19.6,10,0.999124598795429,0.998191659348108,0.999796274527192
19.8,10,0.999565831209961,0.999102421839793,0.999902712827488
20,10,1,1,1
20.2,10,1.00042018983202,1.00007637349019,1.00087282763774
20.4,10,1.00082032683435,1.00012625019094,1.00171146634548
20.6,10,1.00119519163279,1.00014973341826,1.00251945650316
20.8,10,1.00154042062373,1.00016637529989,1.00329156089612
21,10,1.00185249602654,1.00014329666515,1.00401999409281
21.2,10,1.0021287254206,1.00007474464982,1.00472120456333
21.4,10,1.00236721161741,0.999969865606518,1.00538438338322
21.6,10,1.00256681384058,0.999836216985373,1.00597950933676
21.8,10,1.00272710128438,0.999672693612029,1.00652299429404
22,10,1.00284830019399,0.99950633012305,1.00701647290784
22.2,10,1.00293123565612,0.9992994563684,1.00745938327165
22.4,10,1.00297726930812,0.99904481645571,1.00783456262743
22.6,10,1.0029882341682,0.998742697613624,1.00816970064406
22.8,10,1.00296636775999,0.998412430412094,1.00846387454276
23,10,1.00291424465458,0.998063067308843,1.0087338820598
23.2,10,1.0028347094839,0.997690802921789,1.00894444678975
23.4,10,1.00273081139527,0.997275233436811,1.00908433413314
23.6,10,1.00260574081981,0.99687595956094,1.00916613201005
23.8,10,1.0024627693219,0.996458297817342,1.00928353866372
24,10,1.00230519318504,0.99606559091531,1.00935288146928
24.2,10,1.00213628127463,0.995743646483344,1.00934531625802
24.4,10,1.00195922760406,0.995303721922299,1.0093120251933
24.6,10,1.00177710891769,0.994911442016141,1.00925703608529
24.8,10,1.00159284749704,0.994586597926816,1.00918432167287
25,10,1.00140917929511,0.994278903864858,1.00911700599649
25.2,10,1.00122862741035,0.993983558221064,1.00907843056317
25.4,10,1.00105348082724,0.99368453475201,1.00902940634731
25.6,10,1.0008857782755,0.993368287687727,1.00896023112888
25.8,10,1.00072729699512,0.993021938074664,1.00886380376053
26,10,1.00057954613971,0.992716259986766,1.00880603809175
26.2,10,1.00044376450579,0.99245786206407,1.00882149276151
26.4,10,1.00032092224099,0.992224977428466,1.00881594234304
26.6,10,1.00021172615815,0.991995259510978,1.00879479612838
26.8,10,1.00011662826552,0.99181315296515,1.00875975964901
27,10,1.00003583711373,0.991703730722203,1.0087276094552
27.2,10,0.999969331558631,0.991548313026388,1.00872459458151
27.4,10,0.999916876543047,0.991368165117613,1.008735801979
27.6,10,0.99987804051048,0.991243278445356,1.00877072061539
27.8,10,0.999852214078395,0.991137798742094,1.00879479092301
28,10,0.99983862961699,0.991052760088017,1.00885459141171
28.2,10,0.999836381401065,0.991038922329476,1.00888731495852
28.4,10,0.999844446026562,0.991005115724887,1.00894862199054
28.6,10,0.999861702809192,0.990986216402147,1.00901979795166
28.8,10,0.999886953909514,0.990973059650778,1.00910283303388
29,10,0.999918943956468,0.990929400382695,1.00916471485818
29.2,10,0.999956378969147,0.990934377912204,1.00926518026376
29.4,10,0.999997944404053,0.99095618668712,1.00939342848199
29.6,10,1.00004232218201,0.99098622025578,1.00951869637276
29.8,10,1.00008820657477,0.991014313338012,1.00963954265726
30,10,1.00013431885619,0.991052590102231,1.00975412563097
30.2,10,1.00017942064606,0.991114699306341,1.00984986606054
30.4,10,1.00022232589662,0.99113338152237,1.00990654864085
30.6,10,1.00026191149187,0.991122966625704,1.01003181493574
30.8,10,1.00029712644825,0.991100034147095,1.01017031116969
31,10,1.00032699972182,0.991063587591064,1.01028554458099
31.2,10,1.00035064664233,0.991030017106913,1.01037822044223
31.4,10,1.00036727400718,0.991007551886279,1.01043713350808
31.6,10,1.00037618388047,0.99100363727735,1.01048558779802
31.8,10,1.0003767761515,0.991039173815545,1.01054861962559
32,10,1.00036854991607,0.991064863023399,1.01053525971771
32.2,10,1.00035110375026,0.990954150872652,1.01050927174931
32.4,10,1.00032413495224,0.990845545439175,1.0104852942531
32.6,10,1.00028743783186,0.99074123334784,1.01044712127534
32.8,10,1.00024090113071,0.990531770291701,1.01040063022653
33,10,1.00018450465762,0.990299559599391,1.01035259952055
33.2,10,1.00011831522558,0.990193490249364,1.01029035124087
33.4,10,1.00004248197629,0.990121716888092,1.01019180512103
33.6,10,0.999957231178017,0.990010043826367,1.01007505772763
33.8,10,0.999862860581312,0.989815856342244,1.00992894438828
34,10,0.999759733415224,0.989700352072322,1.00982914040536
34.2,10,0.999648272104257,0.989459777693158,1.00972401531931
34.4,10,0.999528951783534,0.989191382484774,1.00958351969963
34.6,10,0.999402293686307,0.989000324756364,1.00945462213602
34.8,10,0.999268858474288,0.98878107993041,1.00921571188276
35,10,0.999129239577314,0.988581681017708,1.00905783175256
35.2,10,0.998984056604587,0.988375944652753,1.00891450129067
35.4,10,0.998833948885228,0.988111706075314,1.00871878054412
35.6,10,0.998679569191173,0.987898355907883,1.00857129202279
35.8,10,0.99852157769058,0.987636603528894,1.00849815485661
36,10,0.998360636174909,0.987318642814047,1.00829052296604
36.2,10,0.998197402597762,0.98697035242013,1.00812616593035
36.4,10,0.99803252595841,0.986610989721574,1.00798393736928
36.6,10,0.997866641557817,0.986180195058705,1.00795330568975
36.8,10,0.997700366649778,0.985963297962876,1.00788998187347
37,10,0.997534296504775,0.985642491882318,1.00781325511574
37.2,10,0.997369000899128,0.985304394772586,1.00775168520751
37.4,10,0.997205021037199,0.985020885224171,1.00765230397499
37.6,10,0.997042866909717,0.984739845007236,1.00757156648917
37.8,10,0.996883015086841,0.984354695258961,1.00752093029199
38,10,0.996725906940328,0.983994862619696,1.00747264973975
38.2,10,0.996571947285248,0.98363872458012,1.00735677003612
38.4,10,0.996421503427994,0.98325313962647,1.00731109783911
38.6,10,0.996274904604062,0.982987021963368,1.00725570664203
38.8,10,0.996132441786042,0.982707195457698,1.00722623818909
39,10,0.99599436783969,0.982405157359373,1.00713613172829
39.2,10,0.995860898003718,0.982146048395769,1.00708151714367
39.4,10,0.995732210667079,0.981880341437843,1.00703500394304
39.6,10,0.995608448416095,0.981640086053792,1.006963330079
39.8,10,0.995489719322725,0.98143440219027,1.00691135185648
40,10,0.995376098444572,0.981177808952095,1.00687900108019
0,11,1.08079284427675,1.0209172127526,1.11333949031728
0.2,11,1.08052198059211,1.02106142029493,1.11304155097159
0.4,11,1.08026608134754,1.02133833430291,1.11285515894021
0.6,11,1.08002752206229,1.02152845774021,1.11274171595912
0.8,11,1.07980862646911,1.02184694532222,1.11263983455915
1,11,1.07961162768167,1.02210859139704,1.11250848599494
1.2,11,1.0794386267169,1.02238895070066,1.11247418550815
1.4,11,1.07929154874942,1.02272743290426,1.11231714875901
1.6,11,1.07917209754746,1.02310034056812,1.11242296111185
1.8,11,1.07908170861134,1.02350704537223,1.11254323323208
2,11,1.07902150160485,1.02391406962729,1.11261132955535
2.2,11,1.07899223273621,1.02438478067733,1.11288359273568
2.4,11,1.07899424780683,1.02474818913049,1.11308000057901
2.6,11,1.07902743670154,1.02495970323285,1.11352073787943
2.8,11,1.07909119014234,1.02555549984466,1.1139244735558
3,11,1.07918435956644,1.02623851199542,1.11449738139231
3.2,11,1.07930522101858,1.02725532179381,1.11519842357434
3.4,11,1.07945144396356,1.02845857539184,1.11583849192861
3.6,11,1.07962006592837,1.02955322993204,1.11653705768773
3.8,11,1.0798074738705,1.03043916978273,1.11719376993151
4,11,1.08000939314008,1.03117747105664,1.11796679465137
4.2,11,1.0802208848559,1.03209340408075,1.11883937649155
4.4,11,1.08043635244853,1.03333008998745,1.11961591362965
4.6,11,1.08064955803594,1.03448950776676,1.12043010393586
4.8,11,1.08085364918844,1.03569227205727,1.12132193449057
5,11,1.08104119650863,1.0367962474923,1.12216475296798
5.2,11,1.08120424230052,1.03799736528093,1.122912652454
5.4,11,1.08133436042838,1.03929960802634,1.12360759474933
5.6,11,1.08142272727431,1.04060461347237,1.12416077395572
5.8,11,1.08146020349401,1.0417201616192,1.12480711485105
6,11,1.08143742604701,1.04256196054891,1.12540843708975
6.2,11,1.08134490974487,1.04349335981639,1.12584758489171
6.4,11,1.08117315732243,1.04394684765872,1.12600756365503
6.6,11,1.08091277679964,1.04430528285021,1.12631766466006
6.8,11,1.08055460467097,1.04477276424135,1.12640172081321
7,11,1.08008983324234,1.04517537052069,1.12637704980195
7.2,11,1.07951014024026,1.04571682044025,1.12608470649588
7.4,11,1.07880781865055,1.04556642902953,1.12564342509787
7.6,11,1.07797590461305,1.04524616832519,1.12502964912911
7.8,11,1.07700830110976,1.04498862454217,1.12418251985369
8,11,1.07589989514372,1.04428975082078,1.1231355672307
8.2,11,1.07464666611801,1.04336090788127,1.12186545066288
8.4,11,1.07324578319328,1.04256047454111,1.12026477509975
8.6,11,1.0716956895277,1.04128140259383,1.11848075513797
8.8,11,1.06999617148601,1.03965000657525,1.11649686849418
9,11,1.06814841114134,1.03813936346659,1.1142983395891
9.2,11,1.06615502067897,1.03625323276198,1.11178353530386
9.4,11,1.06402005764017,1.03404355805342,1.10915497974373
9.6,11,1.06174902030636,1.03183255438505,1.10624771340594
9.8,11,1.05934882291037,1.02958986405028,1.10313407444906
10,11,1.05682775076042,1.02719509179768,1.09984322882305
10.2,11,1.05419539576276,1.02467800478794,1.09629877401186
10.4,11,1.05146257321805,1.0222678718248,1.09266557171819
10.6,11,1.04864122113323,1.01966419562701,1.08886826219177
10.8,11,1.045744283625,1.01710185440111,1.08495196186071
11,11,1.04278558028272,1.01447203884932,1.08097569714085
11.2,11,1.03977966360087,1.01183700215629,1.07686041353849
11.4,11,1.03674166677877,1.00929173629474,1.07274731666666
11.6,11,1.03368714431421,1.00676170276414,1.06869706423643
11.8,11,1.0306319078876,1.00425039247679,1.06447239788564
12,11,1.02759186004525,1.00177028791861,1.06026833114436
12.2,11,1.02458282814699,0.999467555510266,1.05614816272281
12.4,11,1.02162040095075,0.996982996046089,1.05198848517289
12.6,11,1.01871977006992,0.994748529496081,1.04791306128391
12.8,11,1.01589557836619,0.992544840135439,1.04414901642643
13,11,1.01316177713957,0.990700841145178,1.04035073058237
13.2,11,1.01053149375514,0.988913463281249,1.03672031623337
13.4,11,1.00801691111199,0.987244282326541,1.03337985736729
13.6,11,1.00562916012035,0.985630341633754,1.03057582625258
13.8,11,1.00337822611447,0.98400901581816,1.0274822999294
14,11,1.00127286989736,0.982704754989219,1.02473692938195
14.2,11,0.99932056389265,0.981205491959279,1.02239904449323
14.4,11,0.997527443672328,0.979852929959822,1.02042880935277
14.6,11,0.995898274937824,0.97875662725741,1.01859872116129
14.8,11,0.994436435857941,0.977667222060457,1.01674739541845
15,11,0.99314391450889,0.976677860844653,1.01513085264527
15.2,11,0.992021321019253,0.975802823381731,1.01354483792345
15.4,11,0.991067913894027,0.975125325957074,1.01216572271593
15.6,11,0.990281639875297,0.974599247124287,1.01084986835656
15.8,11,0.989659186590692,0.974462150088058,1.00966078176612
16,11,0.989196047142573,0.974402459427925,1.00862510983047
16.2,11,0.988886595699538,0.974623265709716,1.00766429401401
16.4,11,0.988724173066051,0.974888730077406,1.00676177097077
16.6,11,0.988701181125364,0.975319863802686,1.00595736857222
16.8,11,0.988809184975371,0.976041293634774,1.00526326148899
17,11,0.989039021507323,0.976886181813439,1.00458558882486
17.2,11,0.989380913114733,0.977942903017996,1.004010400913
17.4,11,0.989824585165951,0.979064324713379,1.00347513516534
17.6,11,0.990359385831114,0.980298239739684,1.00303946383064
17.8,11,0.990974406824718,0.981650448651563,1.00263449223827
18,11,0.991658603611456,0.98308495398814,1.00228407228286
18.2,11,0.992400913627521,0.984629468235481,1.00195301885547
18.4,11,0.993190371094402,0.986238680723682,1.00168851958363
18.6,11,0.994016217048793,0.987913874015679,1.00142268427497
18.8,11,0.99486800328167,0.989624565130666,1.00120170834344
19,11,0.995735688972003,0.991342936573449,1.00099685890325
19.2,11,0.996609728915511,0.993066963801684,1.00080100383467
19.4,11,0.997481152384816,0.994818176353295,1.0006080889218
19.6,11,0.99834163181218,0.996569575085719,1.00041317314572
19.8,11,0.999183540656623,0.998303502536686,1.00021258487365
20,11,1,1,1
20.2,11,1.00078491360737,0.999772519312611,1.0016528302474
20.4,11,1.00153299138112,0.999527780457102,1.0032683014741
20.6,11,1.00223976133103,0.999265013702746,1.00482851253091
20.8,11,1.00290157036928,0.998989961806794,1.00632043123668
21,11,1.00351557441541,0.998702234653368,1.00775963246948
21.2,11,1.00407971845745,0.998391240068259,1.00914778053726
21.4,11,1.00459270735897,0.998056854988477,1.01045539073996
21.6,11,1.00505396832265,0.997704663375258,1.01170606918922
21.8,11,1.00546360602012,0.997340762639045,1.012888293522
22,11,1.00582235147022,0.996961312365186,1.01398382729189
22.2,11,1.00613150579632,0.996572748139639,1.0150493000508
22.4,11,1.00639288001537,0.996150285927338,1.01602343250538
22.6,11,1.00660873200955,0.995731463726886,1.01694136532719
22.8,11,1.00678170180677,0.995292112008745,1.01780755412762
23,11,1.00691474625073,0.994834909718991,1.01862506916452
23.2,11,1.00701107407767,0.994345424021616,1.01935686385366
23.4,11,1.0070740823382,0.993858118666227,1.01997962612492
23.6,11,1.00710729501142,0.993353911706336,1.02055328206396
23.8,11,1.00711430455833,0.992832695309357,1.0211010403408
24,11,1.00709871705516,0.992333681345546,1.02163221451961
24.2,11,1.00706410143782,0.991887977413374,1.02211934705005
24.4,11,1.00701394327854,0.991451845411223,1.02255093285075
24.6,11,1.00695160340802,0.991016631562636,1.02291703377999
24.8,11,1.00688028159221,0.990570822038959,1.02323507586115
25,11,1.0068029853749,0.990127289513566,1.02357843044894
25.2,11,1.00672250410656,0.989670446208338,1.02388410308128
25.4,11,1.00664138809727,0.989233574177979,1.02419107798244
25.6,11,1.00656193275833,0.988859833838645,1.02443467931112
25.8,11,1.00648616753339,0.988515904696569,1.02463027709192
26,11,1.00641584936585,0.988199519181798,1.02480711534715
26.2,11,1.00635246040474,0.987911775197198,1.02497684177811
26.4,11,1.00629720961662,0.987653490729041,1.02514116983101
26.6,11,1.00625103794448,0.987435335654062,1.02530443524479
26.8,11,1.00621462663742,0.98723704309565,1.02547400697662
27,11,1.00618840836468,0.987119644870171,1.0256416099952
27.2,11,1.00617258072453,0.9870273232213,1.02580797722864
27.4,11,1.00616712176216,0.986764207518174,1.02597355901422
27.6,11,1.00617180711897,0.986639358723018,1.02616188282963
27.8,11,1.00618622844938,0.986584218285181,1.02638732391097
28,11,1.00620981275835,0.986421895041202,1.02662094492199
28.2,11,1.00624184233321,0.986449033074933,1.02679567423645
28.4,11,1.00628147496651,0.986497263831784,1.02699931150756
28.6,11,1.00632776419096,0.986559719035876,1.02725725646946
28.8,11,1.00637967927386,0.986627765465117,1.02750028525012
29,11,1.00643612474488,0.986655807538013,1.02769087438867
29.2,11,1.00649595925798,0.986744085233907,1.02784777041354
29.4,11,1.00655801361505,0.986761128753038,1.02796880238193
29.6,11,1.00662110780495,0.986859321800856,1.02807426166652
29.8,11,1.00668406693706,0.986923589602325,1.0281820139955
30,11,1.00674573597245,0.987005427761303,1.02827074093245
30.2,11,1.00680499317903,0.987063005134625,1.02838367208255
30.4,11,1.00686076225813,0.98715582871024,1.02848890400983
30.6,11,1.00691202311018,0.987269303071496,1.02856004300701
30.8,11,1.00695782122507,0.987370915988861,1.02861439865734
31,11,1.00699727569968,0.987479904709708,1.02867606160287
31.2,11,1.0070295858995,0.987549616065214,1.0287539024956
31.4,11,1.00705403679488,0.987641231175973,1.02878782762503
31.6,11,1.00707000301356,0.987621605840251,1.02883262791184
31.8,11,1.00707695166147,0.987646678610467,1.02881920820864
32,11,1.00707444397206,0.987700058240987,1.02879907603244
32.2,11,1.00706213585127,0.987672128817428,1.0287943589975
32.4,11,1.0070397773915,0.987618674549528,1.02877413984059
32.6,11,1.00700721143173,0.987533701974068,1.02873580922939
32.8,11,1.00696437124483,0.987463373891016,1.02863505964678
33,11,1.00691127743502,0.987364087959113,1.02848369391889
33.2,11,1.00684803413,0.987289602545828,1.0284244695536
33.4,11,1.00677482455254,0.987167645775581,1.02830487320515
33.6,11,1.00669190605623,0.987060114367487,1.0282246329708
33.8,11,1.00659960470891,0.986906602338509,1.02814086160847
34,11,1.00649830950584,0.986749659002547,1.02807022941179
34.2,11,1.00638846629216,0.986619524604157,1.02794321889318
34.4,11,1.0062705714721,0.986426927084898,1.0277722731493
34.6,11,1.00614516557853,0.986173335478128,1.02759296604887
34.8,11,1.00601282677366,0.98599669698644,1.02736566773034
35,11,1.00587416434723,0.985650654347595,1.0272041109989
35.2,11,1.00572981227481,0.985272781245541,1.02708998399643
35.4,11,1.00558042289424,0.984921722878834,1.02700091359368
35.6,11,1.00542666075361,0.984603085516127,1.02687411193852
35.8,11,1.00526919667937,0.98423340288229,1.02671533857673
36,11,1.00510870210834,0.983818130470424,1.0264974700009
36.2,11,1.00494584372219,0.983435430730218,1.02630303823576
36.4,11,1.00478127841784,0.983055899125244,1.02618386689795
36.6,11,1.00461564864232,0.982632800269509,1.02604906953554
36.8,11,1.00444957811513,0.982161488561158,1.02594617927945
37,11,1.00428366795644,0.981689016912025,1.02585765163816
37.2,11,1.00411849323414,0.981256011044849,1.02580190816837
37.4,11,1.00395459993816,0.980897740567431,1.02567708568655
37.6,11,1.00379250238563,0.980543245506905,1.02568049076398
37.8,11,1.00363268105602,0.980166306943033,1.025524673735
38,11,1.00347558085105,0.979739967064964,1.02552534768459
38.2,11,1.0033216097703,0.979443184127876,1.02538800676071
38.4,11,1.00317113798975,0.979135294796218,1.02538723996716
38.6,11,1.00302449732695,0.978793353855357,1.02530661524739
38.8,11,1.00288198107378,0.978411074628228,1.02525459106322
39,11,1.00274384417486,0.978008609947292,1.0251973653067
39.2,11,1.00261030372757,0.977616372244754,1.02512798240869
39.4,11,1.00248153977779,0.977297277525177,1.02506270836073
39.6,11,1.00235769638376,0.977040361208901,1.02503752831934
39.8,11,1.00223888291975,0.976700018757366,1.02502653602323
40,11,1.00212517559016,0.976372062191614,1.02501625759683
0,12,1.03754461174949,1.01148967710062,1.06393543095286
0.2,12,1.03714807446552,1.01128269893242,1.06357566097953
0.4,12,1.03676181670186,1.01078328549499,1.0632512808418
0.6,12,1.03638887173106,1.01102587685765,1.06277846687159
0.8,12,1.03603236725834,1.01095399161764,1.06217416383576
1,12,1.03569549803674,1.01112759666662,1.06176170753567
1.2,12,1.03538149543726,1.01058430536315,1.06150143347768
1.4,12,1.03509359416202,1.01010225968907,1.06095443625861
1.6,12,1.03483499634563,1.00944143471596,1.06062597090356
1.8,12,1.03460883334788,1.00859402679305,1.06054576059445
2,12,1.03441812559755,1.00845185256972,1.0602624294461
2.2,12,1.034265740902,1.0079240896054,1.06005970811358
2.4,12,1.03415435168944,1.00706466936237,1.05974731745856
2.6,12,1.03408639169952,1.00652570323252,1.05959879611968
2.8,12,1.03406401268153,1.00587337522514,1.05940372502253
3,12,1.0340890416982,1.00531687016548,1.05938015728717
3.2,12,1.03416293966493,1.00467949317789,1.05949907696667
3.4,12,1.03428676177907,1.00419726755398,1.05959372482808
3.6,12,1.03446112051052,1.00357578442293,1.05946192901413
3.8,12,1.03468615183254,1.00283545635932,1.05939700784944
4,12,1.0349614853696,1.00217668835767,1.05972746308279
4.2,12,1.03528621912676,1.00151459212186,1.0602322757085
4.4,12,1.03565889944115,1.00119642752684,1.0608253689799
4.6,12,1.03607750676111,1.00082393571101,1.06140246689746
4.8,12,1.03653944781058,1.00038858842834,1.06182829999666
5,12,1.03704155463654,1.0001302357488,1.06223959317586
5.2,12,1.03758009096379,0.999946519105571,1.06335474269719
5.4,12,1.03815076619596,0.999738289705473,1.0639965027108
5.6,12,1.03874875730293,0.999539372316186,1.06463267571118
5.8,12,1.03936873872461,0.999375052688968,1.06524571976827
6,12,1.04000492029951,0.999228001117095,1.0659803704651
6.2,12,1.04065109309524,0.999233502872049,1.06671073010355
6.4,12,1.04130068287904,0.999218882368713,1.06774028633938
6.6,12,1.04194681082085,0.999262000423889,1.06880042011737
6.8,12,1.04258236087341,0.99951036249066,1.069775310637
7,12,1.04320005312505,0.999762413708158,1.07078378261912
7.2,12,1.04379252227531,1.00001871526836,1.07160406784429
7.4,12,1.04435240024506,1.00020522413832,1.07293478421002
7.6,12,1.04487240180506,1.00028162889127,1.07408678785624
7.8,12,1.04534541199413,1.00052004505933,1.07546496481562
8,12,1.04576457400425,1.00083020881803,1.07651334547161
8.2,12,1.04612337613878,1.00116880507154,1.07753610486825
8.4,12,1.046415736405,1.00144569064471,1.07851180892902
8.6,12,1.04663608328664,1.00172675385537,1.07935263783801
8.8,12,1.04677943125706,1.00197377320322,1.07997594639853
9,12,1.04684144964254,1.00228422297684,1.0804990828594
9.2,12,1.04681852352613,1.00263934218189,1.08089305029891
9.4,12,1.04670780549649,1.00269689465052,1.08122568157658
9.6,12,1.04650725719108,1.00278352805774,1.08128013958632
9.8,12,1.04621567975564,1.00300994518818,1.08106756349031
10,12,1.04583273253917,1.00320069471027,1.08074982094824
10.2,12,1.04535893956057,1.00328776123722,1.0801627082442
10.4,12,1.04479568351367,1.00329738129981,1.07929082070727
10.6,12,1.04414518731724,1.00329228184879,1.0782980032137
10.8,12,1.04341048345715,1.00324170636788,1.07712601515446
11,12,1.04259537160502,1.002983895998,1.07583552462549
11.2,12,1.04170436522346,1.00277921392019,1.07439588037108
11.4,12,1.04074262807741,1.00265590517585,1.07280835352637
11.6,12,1.03971590175882,1.00245140338606,1.07111995785248
11.8,12,1.03863042549301,1.00224773034368,1.06926168298017
12,12,1.03749284962667,1.00204368865638,1.06739060253887
12.2,12,1.03631014429641,1.00178542077681,1.06533875355458
12.4,12,1.03508950484226,1.00146395520861,1.06311490287881
12.6,12,1.03383825556172,1.00108393388918,1.06096193300218
12.8,12,1.03256375339738,1.00081393171289,1.05888895393186
13,12,1.03127329311725,1.00054935901555,1.05676733629708
13.2,12,1.0299740154826,1.00023681461254,1.0544354569402
13.4,12,1.02867281980781,0.999934913181496,1.05247616049941
13.6,12,1.02737628220238,0.999773558233957,1.0507517615572
13.8,12,1.02609058065247,0.999434238312991,1.04913122419878
14,12,1.0248214279495,0.999044359508631,1.047339769229
14.2,12,1.02357401331319,0.998617454787342,1.04573835931039
14.4,12,1.02235295338691,0.998182452988981,1.0441901866005
14.6,12,1.02116225311043,0.997719819979898,1.04247682332701
14.8,12,1.02000527680007,0.997267848709784,1.04089557017384
15,12,1.01888472959371,0.996612254850901,1.03933893710463
15.2,12,1.01780264924952,0.996047765962729,1.03773031860024
15.4,12,1.01676040812512,0.995446166719839,1.03616628907864
15.6,12,1.0157587250105,0.994736108821687,1.03465869200024
15.8,12,1.01479768634482,0.994211533138774,1.03317175929304
16,12,1.01387677621545,0.993693158220441,1.03169340680891
16.2,12,1.0129949144187,0.993349070870896,1.03017517134234
16.4,12,1.01215050175723,0.993162667950049,1.02865366923677
16.6,12,1.01134147165875,0.993039542405869,1.02707740537997
16.8,12,1.01056534712694,0.993029494503499,1.02551901033863
17,12,1.00981930197732,0.993110001135685,1.02394088846788
17.2,12,1.00910022527084,0.993286062347526,1.02235899767439
17.4,12,1.00840478783434,0.993581525978189,1.02080438585969
17.6,12,1.00772950975227,0.993903498422461,1.01922751240115
17.8,12,1.00707082772653,0.994298449566832,1.01765931012698
18,12,1.00642516123205,0.994740878599156,1.01611439058909
18.2,12,1.00578897644306,0.995195855215239,1.01453689765619
18.4,12,1.00515884696991,0.995687715240703,1.01294846641082
18.6,12,1.00453151052525,0.996221936677816,1.01133314897437
18.8,12,1.00390392073269,0.996756955212205,1.00971947382561
19,12,1.00327329339621,0.997336620260695,1.0081239870603
19.2,12,1.00263714666481,0.997901310717696,1.00651014920582
19.4,12,1.00199333465018,0.998455473445995,1.004893107383
19.6,12,1.00134007418352,0.998986383212235,1.00326970636191
19.8,12,1.00067596452881,0.999500881803846,1.00163762655367
20,12,1,1,1
20.2,12,0.999311575556766,0.99836165717468,1.000468510886
20.4,12,0.998610485574858,0.996723998925661,1.000901984276
20.6,12,0.997896916099891,0.995088541708101,1.00130374373555
20.8,12,0.997171430995761,0.993461933112992,1.00167512986965
21,12,0.996434952488827,0.991840448348459,1.00200638826008
21.2,12,0.995688736684917,0.99021766093894,1.00228636756255
21.4,12,0.99493434469725,0.988605255093143,1.00251877024603
21.6,12,0.994173610068733,0.987010360931608,1.00270693940534
21.8,12,0.993408603201678,0.985420228360851,1.00286417787612
22,12,0.992641593521996,0.98388572498201,1.00298353557857
22.2,12,0.991875010104004,0.982371549864516,1.00307353823032
22.4,12,0.991111401467081,0.980920058719,1.00313801335309
22.6,12,0.990353395227777,0.979515219668515,1.00313910718978
22.8,12,0.989603658252182,0.978104300657281,1.00310303405665
23,12,0.98886485790494,0.976765756441777,1.00303001547225
23.2,12,0.988139624935154,0.975452410216528,1.00293060405055
23.4,12,0.987430518477244,0.974144360001105,1.00280696229464
23.6,12,0.986739993578518,0.97291441680156,1.00269388064477
23.8,12,0.986070371596404,0.971727726822954,1.00259038941256
24,12,0.985423813738712,0.970532324856486,1.00245838553929
24.2,12,0.984802297951289,0.96943648109395,1.00227927794722
24.4,12,0.984207599290485,0.968352978184264,1.00207030388196
24.6,12,0.983641273853944,0.967390145491788,1.0019258484875
24.8,12,0.983104646283368,0.966481695219759,1.00178936532974
25,12,0.98259880079789,0.965664007570221,1.00169035107888
25.2,12,0.982124575666958,0.964862185694697,1.00154832967264
25.4,12,0.981682560987695,0.964063268915768,1.00140960746428
25.6,12,0.981273099593692,0.963289375013485,1.00124336429125
25.8,12,0.980896290890228,0.962609220896728,1.00112407921826
26,12,0.980551997384932,0.961925125103067,1.00099718323512
26.2,12,0.980239853662735,0.961292673852266,1.00084706824395
26.4,12,0.979959277539353,0.960766741509786,1.00070811054689
26.6,12,0.97970948311817,0.960249120138669,1.00058524009814
26.8,12,0.979489495470877,0.959828770226274,1.00052878056703
27,12,0.979298166662129,0.959487906786647,1.00048793393398
27.2,12,0.979134192842328,0.959161833049486,1.00048124856318
27.4,12,0.978996132140073,0.958821651875434,1.00050340050012
27.6,12,0.978882423096198,0.958581207926196,1.00053453006537
27.8,12,0.978791403394315,0.958319493936308,1.00053989790319
28,12,0.978721328657907,0.958079102276817,1.00056546540051
28.2,12,0.978670391100767,0.957852157935368,1.00058183403409
28.4,12,0.978636737835681,0.957657132616206,1.00055699795562
28.6,12,0.978618488665141,0.957545174343177,1.00054317443849
28.8,12,0.978613753197393,0.957413829290252,1.00055862562753
29,12,0.978620647150758,0.957274367680348,1.00060386795097
29.2,12,0.978637307728778,0.957153672650756,1.00059642517742
29.4,12,0.978661907967973,0.95708514730411,1.00058901311369
29.6,12,0.978692669978679,0.957062186601732,1.00058326525404
29.8,12,0.97872787701737,0.957057237100408,1.0006216402619
30,12,0.978765884345893,0.957104280243398,1.00067702677001
30.2,12,0.978805128849028,0.957154620204444,1.00072000832775
30.4,12,0.978844137396685,0.957180731345782,1.00079079070822
30.6,12,0.978881533950701,0.957225564811193,1.0008892073465
30.8,12,0.978916045428682,0.957208601354545,1.00101433538915
31,12,0.978946506348547,0.957200428175484,1.0011223567479
31.2,12,0.9789718622874,0.957208308556637,1.00120978039115
31.4,12,0.978991172197133,0.957200909609549,1.00129444530908
31.6,12,0.979003609626738,0.957190143731478,1.0013754411057
31.8,12,0.979008462907764,0.957220286298891,1.0014519152432
32,12,0.979005134364737,0.957258308146633,1.00148156122239
32.2,12,0.978993138616752,0.957317904217309,1.00149119036419
32.4,12,0.978972100039856,0.957312203541066,1.00152384504072
32.6,12,0.978941749462429,0.957330320425762,1.00150950139017
32.8,12,0.978901920167549,0.957303733379868,1.00148654300484
33,12,0.978852543277333,0.957261097223114,1.00149483008253
33.2,12,0.978793642594652,0.957212253972485,1.00151785260438
33.4,12,0.978725328977368,0.957156069200718,1.00144080831
33.6,12,0.978647794319453,0.95705605515201,1.00135568284834
33.8,12,0.9785613052121,0.956906399295133,1.00127732318296
34,12,0.978466196356187,0.956791009827304,1.00124637887349
34.2,12,0.978362863795321,0.956695584303664,1.00116530428679
34.4,12,0.978251758036207,0.956580977554024,1.00104577354655
34.6,12,0.978133377120225,0.956497907942506,1.0009709089215
34.8,12,0.978008259706987,0.956380940220732,1.00083472722162
35,12,0.977876978227212,0.956303163635562,1.00073504316141
35.2,12,0.977740132158606,0.956233247083539,1.00067552680349
35.4,12,0.977598341474572,0.956047671900236,1.00055617360546
35.6,12,0.977452240311498,0.955948653835897,1.00047731893768
35.8,12,0.977302470896138,0.955888519244878,1.00029640542502
36,12,0.977149677770251,0.955720259671734,1.00009888468495
36.2,12,0.976994502345194,0.955474340436988,0.999921416601019
36.4,12,0.976837577814607,0.955224999139138,0.999803197928683
36.6,12,0.976679524448769,0.954983928660847,0.999607269144253
36.8,12,0.976520945289584,0.954758463011148,0.999433707688179
37,12,0.97636242226064,0.954649471317227,0.999372712691704
37.2,12,0.97620451270222,0.954565879057622,0.999403980197473
37.4,12,0.976047746336824,0.954401328016314,0.999213385823536
37.6,12,0.975892622666426,0.954157013903447,0.999025412347365
37.8,12,0.97573960879866,0.953981722216222,0.998965019621503
38,12,0.975589137695216,0.953832191391673,0.998810205416751
38.2,12,0.975441606832091,0.953640471585682,0.998655667973374
38.4,12,0.975297377257969,0.953565742602543,0.998505995786082
38.6,12,0.975156773033934,0.953453345112223,0.998459069767661
38.8,12,0.97502008103494,0.953387763960351,0.99835498148399
39,12,0.97488755109107,0.953349774594396,0.99832545950274
39.2,12,0.974759396444521,0.953274450585387,0.998477709525824
39.4,12,0.974635794496574,0.953132726311876,0.998364569534212
39.6,12,0.974516887817448,0.95305779231184,0.998297105453416
39.8,12,0.974402785390994,0.952957533937806,0.998235918469752
40,12,0.974293564065562,0.95282275465279,0.998165171486051
0,13,1.01249644405033,0.979363810228461,1.04439065560123
0.2,13,1.01167353726905,0.979123362962893,1.04303425469128
0.4,13,1.01083545125849,0.978509953351661,1.04239318514987
0.6,13,1.0099849162456,0.978476208198256,1.04138348751464
0.8,13,1.00912488656966,0.978158210978776,1.03993751145442
1,13,1.00825852504211,0.978016882019993,1.03887570833027
1.2,13,1.00738918384794,0.977677121042406,1.03743755454358
1.4,13,1.00652038203366,0.977482524005294,1.0358653189843
1.6,13,1.0056557796832,0.976982814597741,1.03452409026926
1.8,13,1.00479914894051,0.976039118032881,1.03327911835267
2,13,1.00395434209634,0.975084781431325,1.03213143480805
2.2,13,1.00312525701435,0.974341644198501,1.03113569904642
2.4,13,1.00231580022784,0.973803303579195,1.03016539528341
2.6,13,1.0015298480924,0.973139014708541,1.02869952847598
2.8,13,1.00077120642958,0.972341757290566,1.02743358482037
3,13,1.00004356914253,0.971723789147525,1.02661665875041
3.2,13,0.999350476324458,0.97079402593834,1.02627093698961
3.4,13,0.998695272414467,0.96974745747493,1.02562354401325
3.6,13,0.998081064982386,0.969077964879392,1.02460660953569
3.8,13,0.997510684742687,0.968280266563003,1.02405021332919
4,13,0.996986647408554,0.967485379293777,1.02359800673108
4.2,13,0.996511117998729,0.966375554851369,1.02307517250575
4.4,13,0.996085878202377,0.965520300645449,1.02256634345569
4.6,13,0.995712297390078,0.965101924884797,1.0222186634845
4.8,13,0.995391307832213,0.965160894124161,1.02221887807933
5,13,0.995123384649189,0.964876255933976,1.02267438841565
5.2,13,0.994908530971157,0.964528315453567,1.02269752645858
5.4,13,0.994746268728189,0.964379486075631,1.02262430754855
5.6,13,0.994635635425553,0.964013731369168,1.02216080004195
5.8,13,0.994575187183013,0.964049510434194,1.02173668860843
6,13,0.99456300823268,0.964066009504184,1.02197663874772
6.2,13,0.994596726977395,0.964246728282953,1.0217536981359
6.4,13,0.994673538612039,0.964532373610687,1.02162069686774
6.6,13,0.994790234204621,0.964941547461835,1.02154184548072
6.8,13,0.994943236023978,0.965374755605138,1.02150016920436
7,13,0.995128638788102,0.965604712094212,1.02155444319855
7.2,13,0.995342256393524,0.9659191936313,1.02162363566184
7.4,13,0.995579673573921,0.966406504102482,1.02170950292068
7.6,13,0.995836301827717,0.966955131447026,1.02191154744668
7.8,13,0.996107438852496,0.967717552334398,1.02209823834462
8,13,0.996388330631155,0.968121681607273,1.0222372164509
8.2,13,0.996674235233798,0.968678224007765,1.02234532953491
8.4,13,0.996960487332968,0.968958996602788,1.02241942161294
8.6,13,0.997242562380526,0.969583594792416,1.02244548536641
8.8,13,0.997516139364574,0.96998239554888,1.0224987301863
9,13,0.99777716105615,0.970464946266501,1.02256423209811
9.2,13,0.998021890669461,0.970997615728832,1.02272247022719
9.4,13,0.998246963896924,0.971543719712205,1.02287300302358
9.6,13,0.998449435341579,0.972468438294357,1.02291901147517
9.8,13,0.998626818453882,0.973117552404594,1.02291064636056
10,13,0.998777118186377,0.973694941224526,1.02287067240392
10.2,13,0.998898855706279,0.97454774241274,1.02281480526572
10.4,13,0.998991084649961,0.975174130711629,1.02264557502342
10.6,13,0.99905339856156,0.975956345999342,1.02256650295119
10.8,13,0.999085929326535,0.976566837065606,1.02247175418973
11,13,0.999089336586057,0.977132869186149,1.02238173239758
11.2,13,0.999064788295095,0.977997609294777,1.02217807695601
11.4,13,0.999013932761559,0.978569305702427,1.02202973540484
11.6,13,0.99893886267154,0.979126780200358,1.02186667748566
11.8,13,0.998842071762286,0.979705728764984,1.02163265860138
12,13,0.998726404946414,0.980298865815699,1.0213866576687
12.2,13,0.998595002814537,0.980746365225596,1.02110987082729
12.4,13,0.99845124154641,0.981259794056308,1.02076863257413
12.6,13,0.998298669340736,0.981753111046311,1.0204701441011
12.8,13,0.998140940529607,0.982230040988286,1.02010903460794
13,13,0.997981748574536,0.982693126577933,1.01979000897161
13.2,13,0.997824759147198,0.983033879984802,1.01931498371568
13.4,13,0.997673544479974,0.983261353829456,1.01878034110248
13.6,13,0.997531520130511,0.983601302883977,1.01814621108634
13.8,13,0.997401885242293,0.983914696628073,1.01751965356688
14,13,0.997287567301972,0.984332001290486,1.01674722060142
14.2,13,0.99719117229612,0.984673508221523,1.01593668886179
14.4,13,0.997114941057798,0.985083520297762,1.01543401635209
14.6,13,0.997060712469548,0.985426331680441,1.0149198951058
14.8,13,0.9970298940568,0.985900694938939,1.01439712576993
15,13,0.997023440366901,0.986399311982217,1.01386822483392
15.2,13,0.997041839386684,0.986883763935895,1.0133353976027
15.4,13,0.997085107108078,0.987315128587107,1.01280051794581
15.6,13,0.997152790209236,0.987699719363266,1.01226511502692
15.8,13,0.99724397668007,0.988179407591769,1.01173036708141
16,13,0.997357314088183,0.988489287341623,1.01125747548501
16.2,13,0.997491035055776,0.988873826883571,1.01079847668729
16.4,13,0.997642989402123,0.989401626558243,1.01031716375762
16.6,13,0.997810682301183,0.989864442907532,1.00981633948539
16.8,13,0.9979913177115,0.990372976767735,1.00931830215698
17,13,0.998181846257028,0.991013677293428,1.00882098879217
17.2,13,0.998379016674119,0.991692799263869,1.00832492266502
17.4,13,0.998579429892686,0.992298320574872,1.00782727289346
17.6,13,0.998779594789187,0.992859577750439,1.00732268732695
17.8,13,0.998975984636202,0.993427840487086,1.00680877912456
18,13,0.999165093278149,0.994055400687434,1.00629138333189
18.2,13,0.999343490085038,0.994659372774238,1.00576972551348
18.4,13,0.999507872775698,0.995312727011815,1.00520250545819
18.6,13,0.999655117257795,0.99597239531631,1.0045801082278
18.8,13,0.999782323703031,0.996588432197914,1.00397112677583
19,13,0.999886858160724,0.997219157004647,1.0033542245403
19.2,13,0.999966389109526,0.997842603640538,1.00272121005215
19.4,13,1.00001891845336,0.998411409517262,1.00206891070524
19.6,13,1.00004280658122,0.998957834167074,1.0013905919295
19.8,13,1.00003679122877,0.999490965343625,1.00070506499045
20,13,1,1,1
20.2,13,0.999931956526821,0.99926893011604,1.00048051723649
20.4,13,0.999832580360788,0.998522682769757,1.00093153773814
20.6,13,0.999702180801645,0.997769031206006,1.00135395032315
20.8,13,0.999541444969619,0.996999350551441,1.00174368385916
21,13,0.999351420520556,0.99621493438725,1.0020985266253
21.2,13,0.99913349348326,0.995420620529153,1.00243636582162
21.4,13,0.998889361765487,0.994593591943558,1.00271699971883
21.6,13,0.998621004928086,0.993744470893144,1.00293930080665
21.8,13,0.998330650865235,0.992887761037694,1.00315863386346
22,13,0.998020740052564,0.991988199377298,1.0033481809968
22.2,13,0.997693888034447,0.991067979414511,1.00355751544412
22.4,13,0.997352846817579,0.990228976102706,1.00374605053302
22.6,13,0.997000465821041,0.989407097558891,1.00387108778626
22.8,13,0.996639653004755,0.988548189051425,1.00395620570149
23,13,0.996273336759761,0.987720400963735,1.00401327414874
23.2,13,0.995904429096916,0.986927674709273,1.00406669017595
23.4,13,0.99553579061684,0.986152789789126,1.00408605774466
23.6,13,0.995170197685118,0.985411838703747,1.00405048791579
23.8,13,0.994810312174325,0.984715293476348,1.00405290697472
24,13,0.994458654070191,0.984105713366396,1.00404961338044
24.2,13,0.99411757717444,0.983509332747819,1.00405118302989
24.4,13,0.99378924807301,0.982924201758581,1.00403347649803
24.6,13,0.993475628476554,0.982426321998285,1.00401175315549
24.8,13,0.993178460981479,0.981929321746655,1.00397865834033
25,13,0.992899258244971,0.981435098606247,1.00394098784124
25.2,13,0.992639295517323,0.980932774364922,1.003948820392
25.4,13,0.992399606429762,0.980469553845158,1.00392592781253
25.6,13,0.992180981896273,0.980102162858724,1.00390832342418
25.8,13,0.991983971953822,0.979731550560325,1.0040214198008
26,13,0.991808890336882,0.979396259082035,1.0040189608987
26.2,13,0.991655821559243,0.979099378711303,1.00402035630387
26.4,13,0.99152463025855,0.978770862337663,1.0040115821138
26.6,13,0.991414972546645,0.978479836216905,1.00401266206422
26.8,13,0.991326309101181,0.978228047102315,1.00405340786107
27,13,0.991257919730918,0.978063954224669,1.00412911247023
27.2,13,0.991208919148028,0.977949321361451,1.00425753523967
27.4,13,0.99117827368535,0.977862869678483,1.00439906224297
27.6,13,0.991164818704307,0.977781075647401,1.00449942912559
27.8,13,0.991167276449757,0.977658992902862,1.00460296707592
28,13,0.991184274120904,0.977530587773593,1.00470203607608
28.2,13,0.991214361942174,0.97745978088029,1.0047691983002
28.4,13,0.99125603103425,0.977407880059415,1.00479406445479
28.6,13,0.991307730902805,0.977373122332929,1.00500322984482
28.8,13,0.991367886380674,0.977353738612919,1.00512378992103
29,13,0.991434913877773,0.97736152914797,1.00521231230265
29.2,13,0.991507236811784,0.977378527724681,1.00532463729346
29.4,13,0.991583300111271,0.977401159894338,1.00547437492938
29.6,13,0.991661583701109,0.977427702644438,1.00564151403066
29.8,13,0.991740614897806,0.977456534068665,1.00576094285543
30,13,0.991818979659271,0.977326422729418,1.00606298711907
30.2,13,0.991895332649688,0.977373858222368,1.00608124874776
30.4,13,0.99196840609525,0.977419784427573,1.00605575122326
30.6,13,0.99203701742063,0.977462290937805,1.00612525935386
30.8,13,0.992100075668979,0.977499592354025,1.00623010820747
31,13,0.992156586720086,0.977539121431048,1.00632546904287
31.2,13,0.992205657331964,0.977563124459282,1.00641067339276
31.4,13,0.992246498040653,0.97758127736632,1.00648515100205
31.6,13,0.992278424961365,0.977550446956023,1.00654727719737
31.8,13,0.992300860541385,0.977590347551358,1.00657778716662
32,13,0.992313333321323,0.977636932379883,1.0066254857942
32.2,13,0.992315476766524,0.97766506167979,1.00669370598622
32.4,13,0.992307027234658,0.97763265320627,1.00673576285563
32.6,13,0.992287821148881,0.977588383712326,1.00674009028824
32.8,13,0.992257791448437,0.977545681971854,1.0067612924788
33,13,0.992216963390317,0.977512735976881,1.00682603642237
33.2,13,0.992165449776602,0.97747247813197,1.00674253124048
33.4,13,0.992103445682445,0.9774098104704,1.00676196466807
33.6,13,0.992031222759408,0.977290194938634,1.00678618841603
33.8,13,0.991949123188043,0.977029022159889,1.0068101604518
34,13,0.991857553352249,0.976919267975828,1.00679123845765
34.2,13,0.99175697730616,0.976889827242958,1.00670195518676
34.4,13,0.99164791010205,0.976831787152982,1.00658497900799
34.6,13,0.99153091104514,0.976614356917657,1.00648075949328
34.8,13,0.991406576938153,0.976334120086377,1.006335139568
35,13,0.991275535375198,0.976184809881909,1.00615483043053
35.2,13,0.99113843814089,0.976022312831113,1.00611325263395
35.4,13,0.990995954766791,0.975750237538044,1.00609231346652
35.6,13,0.990848766293117,0.975619743128584,1.00608926465898
35.8,13,0.990697559279356,0.975504738135603,1.00608444388506
36,13,0.990543020103001,0.975212869885835,1.00607259911548
36.2,13,0.990385829580969,0.97497788858204,1.00600429938986
36.4,13,0.990226657943623,0.974901510203939,1.00593852705186
36.6,13,0.990066160186558,0.974793716526225,1.00580959614292
36.8,13,0.989904971820542,0.97461608535943,1.00574128243973
37,13,0.989743705035304,0.974466156434651,1.00561012007476
37.2,13,0.989582945288131,0.974373593723177,1.00553713160027
37.4,13,0.989423248323732,0.974253810262123,1.00550784754414
37.6,13,0.989265137627324,0.974085095118239,1.00544110730059
37.8,13,0.989109102308711,0.973948333657711,1.00531928980431
38,13,0.988955595411039,0.973853138129597,1.00533171453173
38.2,13,0.988805032634156,0.973718208903391,1.00533638488677
38.4,13,0.98865779145898,0.973381302783918,1.00535095218092
38.6,13,0.988514210656099,0.973164642795714,1.00536414784753
38.8,13,0.988374590158931,0.972995341985517,1.00533904609548
39,13,0.988239191279308,0.972812995397162,1.00532255475956
39.2,13,0.988108237241147,0.972569122223809,1.00533050000852
39.4,13,0.987981914006135,0.972149492090717,1.00533560082954
39.6,13,0.987860371363964,0.97202977296669,1.00529636399964
39.8,13,0.987743724258624,0.971963422848052,1.00527939642884
40,13,0.987632054321664,0.971900526389912,1.00528436884699
0,14,1.01824045722495,0.98169577612894,1.06696573875459
0.2,14,1.01740155448461,0.981556683078209,1.06542840010411
0.4,14,1.01654641461237,0.981587338093476,1.06378456443776
0.6,14,1.0156777165862,0.981578767953906,1.06210071980228
0.8,14,1.01479836194089,0.981435474835905,1.06050514464547
1,14,1.01391145910681,0.981219420837094,1.05871439412581
1.2,14,1.01302030429574,0.980908695629341,1.05716396884326
1.4,14,1.01212835898104,0.980478465154367,1.05560266604213
1.6,14,1.01123922407579,0.980261173555086,1.05388269597636
1.8,14,1.01035661097083,0.980112129725751,1.05244627345625
2,14,1.00948430965307,0.979685007845786,1.05135512088397
2.2,14,1.00862615418261,0.97931748345716,1.04995018006465
2.4,14,1.00778598586374,0.979107694063273,1.04839403524743
2.6,14,1.00696761449866,0.978890153588878,1.04686891421864
2.8,14,1.00617477816318,0.978851818891283,1.04563356649151
3,14,1.00541110198914,0.978595741397224,1.04430732635998
3.2,14,1.0046800564784,0.978458278451051,1.0425908578595
3.4,14,1.00398491590695,0.978310336209336,1.04060272345716
3.6,14,1.00332871740404,0.978188863730607,1.03894668115063
3.8,14,1.00271422131006,0.977763084134868,1.03791993313515
4,14,1.00214387342676,0.977741660281301,1.03663218831264
4.2,14,1.0016197697749,0.977671250319913,1.03519672805138
4.4,14,1.00114362446588,0.977479961714791,1.03420124459505
4.6,14,1.00071674127619,0.977201858217205,1.03309053136618
4.8,14,1.00033998948569,0.977089410283738,1.03214088924154
5,14,1.00001378450238,0.977132666397988,1.03119699820845
5.2,14,0.999738073748899,0.97721638653585,1.03032524770213
5.4,14,0.99951232822745,0.977141245555341,1.0295621292978
5.6,14,0.999335540112263,0.977114059612406,1.02901004221134
5.8,14,0.999206226641611,0.977229650454537,1.02862563872355
6,14,0.999122440495311,0.977269979081202,1.02803295128651
6.2,14,0.999081786749732,0.977278983632538,1.02741739689239
6.4,14,0.999081446401262,0.977292734334545,1.02669150274036
6.6,14,0.999118206342362,0.977596786472018,1.02623250639979
6.8,14,0.999188495563117,0.978073130836447,1.02589470720939
7,14,0.999288427237472,0.978405203779344,1.02582130036666
7.2,14,0.99941384623903,0.978703881961221,1.02560416858762
7.4,14,0.999560381518631,0.979234394083119,1.02555938468671
7.6,14,0.999723502667547,0.979170401138422,1.02530020302404
7.8,14,0.999898579888426,0.979139878652089,1.02487746186813
8,14,1.00008094650405,0.979113200870623,1.02439715589086
8.2,14,1.00026596305414,0.979074619595947,1.02364510392313
8.4,14,1.00044908196566,0.979141234759984,1.02344269852976
8.6,14,1.00062591173462,0.979247274128192,1.02320413048617
8.8,14,1.00079227953006,0.97938726069651,1.02328810335814
9,14,1.00094429112454,0.979560052200212,1.02335794747651
9.2,14,1.0010783870726,0.979757688687726,1.02291834473023
9.4,14,1.00119139409928,0.980069717500768,1.02280950056263
9.6,14,1.00128057072508,0.980190085341429,1.02252528667221
9.8,14,1.00134364624149,0.980277828511343,1.02252008217662
10,14,1.00137885226076,0.9803686221854,1.02206626422541
10.2,14,1.00138494619296,0.980549244037552,1.02164180781734
10.4,14,1.00136122614995,0.980719232796123,1.02111891044445
10.6,14,1.00130753693629,0.981026785794196,1.02081723707431
10.8,14,1.0012242669576,0.981196787260708,1.0203379833969
11,14,1.00111233605302,0.981379937649645,1.01993165005835
11.2,14,1.00097317443629,0.981351372740519,1.01938438400946
11.4,14,1.00080869310448,0.981241195628404,1.01900078106311
11.6,14,1.00062124624081,0.981381815231238,1.01858469030736
11.8,14,1.00041358629355,0.981520114146271,1.01805723387216
12,14,1.00018881255353,0.981681286863627,1.01779755357866
12.2,14,0.999950314174485,0.981731384614237,1.01752115673807
12.4,14,0.999701708681343,0.981776205544677,1.01706364927754
12.6,14,0.999446777089055,0.981842440921329,1.01646307254384
12.8,14,0.999189396807749,0.982035847919532,1.01577408887899
13,14,0.998933473538367,0.982119688452246,1.01508439876866
13.2,14,0.998682873366357,0.982054516584337,1.01441510440165
13.4,14,0.998441356240515,0.982075767974575,1.01383648392773
13.6,14,0.998212511980757,0.982180381917216,1.01344562868952
13.8,14,0.997999699894421,0.98240850940637,1.0128973853727
14,14,0.99780599299763,0.982466363236941,1.01239079441452
14.2,14,0.997634127738854,0.982583331164715,1.01191638922188
14.4,14,0.997486460008517,0.982599239518645,1.01138025236073
14.6,14,0.997364928094168,0.982607710556878,1.01095237429946
14.8,14,0.997271023107862,0.982840292609992,1.01046404488014
15,14,0.997205767273828,0.983145786548437,1.01002891656313
15.2,14,0.99716970032261,0.983462043329056,1.00965256966566
15.4,14,0.997162874095261,0.983872672812995,1.00929753532329
15.6,14,0.997184855320025,0.984299844992556,1.00890726838762
15.8,14,0.997234736386478,0.984738542219553,1.0085223884267
16,14,0.997311153810326,0.985214056062771,1.00802249674328
16.2,14,0.997412313957848,0.985739249768927,1.00758752670927
16.4,14,0.997536025484059,0.986403036243864,1.00718389760243
16.6,14,0.997679737834652,0.987170052560385,1.00682141356327
16.8,14,0.99784058507019,0.987887841767431,1.00644761028173
17,14,0.998015434193081,0.988622288409011,1.00614620977927
17.2,14,0.998200937094886,0.989408117272791,1.00577467522339
17.4,14,0.998393585194318,0.990182281892356,1.00544096651758
17.6,14,0.998589765805839,0.990889060297851,1.00501265355389
17.8,14,0.998785819265361,0.991694390894656,1.00464821797665
18,14,0.998978095843698,0.992507731315044,1.00430862436024
18.2,14,0.999163011499844,0.993274564666531,1.00402012216884
18.4,14,0.999337101564571,0.9940246777602,1.00365514739664
18.6,14,0.99949707149948,0.994793759786749,1.00328267222362
18.8,14,0.999639843946411,0.995617432081717,1.0028839979785
19,14,0.999762601365473,0.996429010044884,1.00243328072474
19.2,14,0.999862823655242,0.997193267506553,1.00199823126589
19.4,14,0.999938320253648,0.99793604372753,1.001542564751
19.6,14,0.999987256330498,0.998657754673206,1.00105553237772
19.8,14,1.00000817279985,0.999341466543312,1.00054094535798
20,14,1,1,1
20.2,14,0.999962065007921,0.999435643850935,1.00062100123436
20.4,14,0.99989409267094,0.99884040052164,1.00121147525263
20.6,14,0.999796200548938,0.998216807907593,1.00176942095397
20.8,14,0.999668888062793,0.997581125496423,1.00229362629994
21,14,0.999513020237422,0.996943467170445,1.00275033508859
21.2,14,0.999329806508747,0.996268381352931,1.00315969294481
21.4,14,0.999120775131897,0.995598964769001,1.00355489979051
21.6,14,0.99888774378206,0.994926138095922,1.00393524809398
21.8,14,0.998632786979123,0.994253897505236,1.0042315399985
22,14,0.998358200992322,0.993586035011028,1.00448859526847
22.2,14,0.998066466892023,0.992866166675377,1.00470867880635
22.4,14,0.997760212412946,0.99220956704457,1.00492695555461
22.6,14,0.997442173277633,0.991581537460265,1.00509579254591
22.8,14,0.997115154601894,0.990914199131073,1.00521073932305
23,14,0.996781992966803,0.990181930943831,1.00533572751955
23.2,14,0.996445519696029,0.989463329350202,1.00550242989233
23.4,14,0.996108525824566,0.988814603741393,1.00560760285517
23.6,14,0.995773729186921,0.988249149938013,1.00569963223651
23.8,14,0.995443743991127,0.987704857626074,1.00577092414464
24,14,0.995121053181258,0.987157807732506,1.0058001504266
24.2,14,0.994807983826774,0.986497063957443,1.0058173291905
24.4,14,0.994506685713515,0.985927961483308,1.00582297985608
24.6,14,0.994219113249523,0.985460605492205,1.00581941079499
24.8,14,0.993947010740327,0.985022014033106,1.00588071359111
25,14,0.993691901033489,0.984578686070223,1.00588258128387
25.2,14,0.993455077481996,0.984144550246585,1.00592380060835
25.4,14,0.993237599130812,0.983746600346165,1.00591904375265
25.6,14,0.993040288991035,0.983379487130775,1.00602066757907
25.8,14,0.992863735231738,0.983016720018978,1.00598714748668
26,14,0.992708295090881,0.9826858651199,1.0060341310275
26.2,14,0.992574101283489,0.982392702203625,1.00614877665113
26.4,14,0.9924610706675,0.982052528284989,1.00627418012519
26.6,14,0.992368914915081,0.981765721693653,1.00640916946426
26.8,14,0.992297152929378,0.981558290367432,1.00650837108092
27,14,0.992245124743373,0.981428947331031,1.00665429479561
27.2,14,0.992212006638245,0.981308294262323,1.00681982248274
27.4,14,0.992196827223045,0.981134491018659,1.00698981999731
27.6,14,0.992198484225082,0.981015614630798,1.00718632627114
27.8,14,0.992215761750794,0.980940540540413,1.00745555474261
28,14,0.992247347789564,0.98087413902398,1.00772241707315
28.2,14,0.992291851747525,0.980850344723905,1.0078152000153
28.4,14,0.992347821814483,0.980832183752285,1.00782107439596
28.6,14,0.992413761984294,0.980790290223473,1.007932126088
28.8,14,0.992488148566914,0.980748898445786,1.00807230078463
29,14,0.992569446048742,0.980830770839283,1.00821706478067
29.2,14,0.992656122176309,0.98092459174733,1.00844801643832
29.4,14,0.992746662156703,0.980976777367294,1.00861803741851
29.6,14,0.99283958188602,0.981014391472023,1.0089168699652
29.8,14,0.992933440134544,0.981031090730862,1.00918533668424
30,14,0.993026849633891,0.980962671922563,1.00944418321792
30.2,14,0.993118487027134,0.981016305279993,1.00961425682064
30.4,14,0.993207101657608,0.981024891002553,1.00969207206112
30.6,14,0.99329152318577,0.981091709764532,1.00975267404025
30.8,14,0.99337066803605,0.981158980218472,1.00980228463235
31,14,0.993443544686965,0.981225391347092,1.00995280608368
31.2,14,0.993509257828071,0.981305078056388,1.00986736387147
31.4,14,0.993567011416367,0.98135081102034,1.01006981483645
31.6,14,0.99361611067278,0.981412378262124,1.01009048563344
31.8,14,0.993655963066236,0.981472435587737,1.01010029420826
32,14,0.993686078338707,0.981504722217608,1.01009930275635
32.2,14,0.993706067629506,0.981540285412101,1.01008966666042
32.4,14,0.993715641761116,0.981471789774742,1.01020564746917
32.6,14,0.993714608751937,0.981371408818601,1.01027229888636
32.8,14,0.993702870623719,0.981264189263847,1.01030769933445
33,14,0.993680419573054,0.98117587446534,1.01032100767887
33.2,14,0.993647333577274,0.981102948040147,1.0103151407922
33.4,14,0.993603771505451,0.981047639060441,1.01028956561166
33.6,14,0.993549967805,0.981011523757882,1.01030437480958
33.8,14,0.99348622683367,0.980823274389928,1.01016536295889
34,14,0.993412916905562,0.980648774209187,1.01007717450453
34.2,14,0.993330464118188,0.980513626184901,1.01006409673532
34.4,14,0.993239346025639,0.980378326801949,1.00998561105745
34.6,14,0.993140085220557,0.980261923829554,1.01001157187376
34.8,14,0.993033242884985,0.980031412739521,1.01008392880307
35,14,0.99291941236716,0.979813670582424,1.01014473545422
35.2,14,0.992799212838131,0.979645183552563,1.01019457456851
35.4,14,0.992673283078542,0.979413265361331,1.01020521992398
35.6,14,0.992542275442278,0.979174436235361,1.0101687787488
35.8,14,0.99240685003972,0.97891568408522,1.01012798881273
36,14,0.992267669179315,0.978674502778705,1.01006575654356
36.2,14,0.99212539210195,0.978486318572,1.01000276636637
36.4,14,0.991980670038308,0.978294818316305,1.00987904149076
36.6,14,0.991834141614983,0.977976899993217,1.00969479453515
36.8,14,0.991686428630696,0.977587331640657,1.00951385398521
37,14,0.991538132219531,0.977126642833859,1.00935650612853
37.2,14,0.991389829413661,0.976808113810484,1.00942202218239
37.4,14,0.991242070113728,0.976488675772314,1.00960867704848
37.6,14,0.991095374470768,0.976159028904685,1.00957055577875
37.8,14,0.990950230679502,0.975711712933711,1.00963312457127
38,14,0.990807093178865,0.975409658704644,1.00977285569146
38.2,14,0.990666381251953,0.975141756147217,1.00973745676039
38.4,14,0.990528478014111,0.974988567351185,1.00967407101045
38.6,14,0.99039372977467,0.974752018658414,1.00967144440277
38.8,14,0.990262445754981,0.97444393071825,1.00966679518471
39,14,0.990134898142802,0.974235942870036,1.00966033308131
39.2,14,0.990011322460892,0.973985158407373,1.00965226252284
39.4,14,0.989891918225756,0.97376085164422,1.00964278156626
39.6,14,0.989776849871009,0.973554723252098,1.0096320809324
39.8,14,0.989666247908664,0.973279493858782,1.0096203431621
40,14,0.989560210300833,0.973022850730216,1.00953456988966
